frame_ordinal,frame_slot,config_revision,display_width,display_height,render_width,render_height,dlss_quality,wait_gpu_ms,frame_setup_ms,scene_ms,build_ms,compile_ms,prepare_ms,execute_ms,present_ms,total_ms,cpu_work_ms,classified_ms,unclassified_ms,scene_begin_upload_ms,scene_raster_extract_ms,scene_tlas_extract_ms,scene_bridge_ms,tlas_texture_collection_ms,post_scene_ms,graph_prelude_ms,ui_collect_ms,node_loop_ms,raster_packets,rt_packets,tlas_packets,submit_batches,record_tasks,execute_executor_setup_ms,execute_completed_gpu_timing_readback_ms,execute_timing_setup_ms,execute_per_frame_lookup_ms,execute_swapchain_acquire_ms,execute_deferred_prepare_ms,execute_task_plan_launch_ms,execute_primary_record_before_collect_ms,execute_record_completion_wait_ms,execute_primary_replay_barrier_timestamp_ms,execute_primary_end_and_submit_build_ms,execute_queue_submit_ms,execute_initial_release_record_submit_ms,execute_synthetic_present_record_submit_ms,execute_finalization_ms,execute_accounted_main_thread_ms,execute_unclassified_ms,execute_compiled_batches,execute_acquire_batches,execute_record_tasks,execute_replayed_secondary_command_buffers,execute_queue_submits,node_build_0_ms,node_build_1_ms,node_build_2_ms,node_build_3_ms,node_build_4_ms,node_build_5_ms,as_recorded,as_available,as_cache_scan_ms,as_metadata_plan_ms,as_cpu_writes_ms,as_tlas_sizing_ms,as_graph_declare_ms,as_packets,as_instances,as_dirty_blas
600,0,1,1920,1080,640,360,ultra-performance,0.001700000,0.025200000,0.334900000,1.086600000,0.016700000,0.185100000,1.022700000,0.197500000,3.240300000,3.238600000,2.870400000,0.369900000,0.003400000,0.024100000,0.014600000,0.292400000,0.368300000,0.368400000,0.088000000,0.003100000,0.992700000,84,0,103,3,7,0.001800000,0.003200000,0.001800000,0.004400000,0.005700000,0.001100000,0.704400000,0.018900000,0.108000000,0.014800000,0.006000000,0.138800000,0.000100000,0.000000000,0.005400000,1.014400000,0.008300000,3,1,7,7,3,,0.208900000,0.004200000,0.657400000,0.055100000,0.015600000,0.051000000,true,true,0.022900000,0.160300000,0.008000000,0.004100000,0.009000000,103,103,0
601,1,1,1920,1080,640,360,ultra-performance,0.002000000,0.024300000,0.185900000,0.528000000,0.015900000,0.105100000,0.881400000,0.622600000,2.535600000,2.533600000,2.365200000,0.170400000,0.003900000,0.021200000,0.012800000,0.147400000,0.168200000,0.168300000,0.059400000,0.003000000,0.463400000,84,0,103,3,7,0.001300000,0.002500000,0.001200000,0.003400000,0.005400000,0.000900000,0.611000000,0.026300000,0.077700000,0.015300000,0.008000000,0.111200000,0.000000000,0.000000000,0.006200000,0.870400000,0.011000000,3,1,7,7,3,,0.154800000,0.003600000,0.207400000,0.050000000,0.011900000,0.035100000,true,true,0.018800000,0.113500000,0.008400000,0.003400000,0.007300000,103,103,0
602,2,1,1920,1080,640,360,ultra-performance,0.002500000,0.030500000,0.501400000,1.013500000,0.019900000,0.232100000,1.011100000,0.195100000,3.285900000,3.283400000,3.006100000,0.279800000,0.004900000,0.029000000,0.016800000,0.450100000,0.277800000,0.278100000,0.091800000,0.004200000,0.914800000,84,0,103,3,7,0.001600000,0.003200000,0.001700000,0.004200000,0.006400000,0.001200000,0.650900000,0.022500000,0.112700000,0.022000000,0.006800000,0.163600000,0.000000000,0.000000000,0.005200000,1.002000000,0.009100000,3,1,7,7,3,,0.352200000,0.004600000,0.425500000,0.063000000,0.015900000,0.053100000,true,true,0.035700000,0.227500000,0.069500000,0.004400000,0.010200000,103,103,0
603,0,1,1920,1080,640,360,ultra-performance,0.002600000,0.025200000,0.184100000,0.714400000,0.020800000,0.153900000,1.093500000,0.185800000,2.609600000,2.607000000,2.380300000,0.229300000,0.003600000,0.021300000,0.012100000,0.146400000,0.204100000,0.204200000,0.078400000,0.003200000,0.630000000,84,0,103,3,7,0.002200000,0.003400000,0.001800000,0.004800000,0.004400000,0.001300000,0.882900000,0.024100000,0.003300000,0.011000000,0.005900000,0.135200000,0.000100000,0.000000000,0.007000000,1.087400000,0.006100000,3,1,7,7,3,,0.165800000,0.003300000,0.318000000,0.068400000,0.017400000,0.056400000,true,true,0.019500000,0.113000000,0.014500000,0.005900000,0.009400000,103,103,0
604,1,1,1920,1080,640,360,ultra-performance,0.001900000,0.019400000,0.175400000,0.485400000,0.012800000,0.136700000,1.020500000,0.191500000,2.218400000,2.216500000,2.043600000,0.174800000,0.003100000,0.017600000,0.011500000,0.142700000,0.172600000,0.172700000,0.055700000,0.002200000,0.425600000,84,0,103,3,7,0.001500000,0.003300000,0.001700000,0.003800000,0.003100000,0.000800000,0.685600000,0.026200000,0.030900000,0.022600000,0.010100000,0.216500000,0.000000000,0.000000000,0.005600000,1.011700000,0.008800000,3,1,7,7,3,,0.140700000,0.003300000,0.191700000,0.043300000,0.011900000,0.034400000,true,true,0.017300000,0.103000000,0.007200000,0.003400000,0.006600000,103,103,0
605,2,1,1920,1080,640,360,ultra-performance,0.002200000,0.032200000,0.209700000,0.513900000,0.015200000,0.108500000,0.744200000,0.245800000,2.042700000,2.040500000,1.871700000,0.171000000,0.006300000,0.029200000,0.013300000,0.160500000,0.167900000,0.168100000,0.057000000,0.003100000,0.452100000,84,0,103,3,7,0.001500000,0.002700000,0.001400000,0.003400000,0.004300000,0.000900000,0.550100000,0.019400000,0.035600000,0.011900000,0.005900000,0.091400000,0.000000000,0.000000000,0.007000000,0.735500000,0.008700000,3,1,7,7,3,,0.149100000,0.004000000,0.198300000,0.053000000,0.012600000,0.034700000,true,true,0.026000000,0.100100000,0.008700000,0.003900000,0.007300000,103,103,0
606,0,1,1920,1080,640,360,ultra-performance,0.002100000,0.022500000,0.187700000,0.517500000,0.015100000,0.109300000,0.912100000,0.307500000,2.243400000,2.241300000,2.073800000,0.169600000,0.003600000,0.020100000,0.013000000,0.150200000,0.167100000,0.167200000,0.059100000,0.002600000,0.454100000,84,0,103,3,7,0.001300000,0.002600000,0.001100000,0.003800000,0.006300000,0.001300000,0.567600000,0.021900000,0.116200000,0.010200000,0.005900000,0.158900000,0.000000000,0.000000000,0.008100000,0.905200000,0.006900000,3,1,7,7,3,,0.147700000,0.003300000,0.205800000,0.049200000,0.012600000,0.035000000,true,true,0.018600000,0.106200000,0.008500000,0.003600000,0.007500000,103,103,0
607,1,1,1920,1080,640,360,ultra-performance,0.001800000,0.020000000,0.172900000,0.480300000,0.012000000,0.101600000,0.741600000,0.259000000,1.961300000,1.959500000,1.789200000,0.172100000,0.003100000,0.017200000,0.009800000,0.142500000,0.170300000,0.170400000,0.058900000,0.002100000,0.417500000,84,0,103,3,7,0.001200000,0.002500000,0.001300000,0.003500000,0.003600000,0.000600000,0.524400000,0.023400000,0.048100000,0.010600000,0.005400000,0.105200000,0.000000000,0.000000000,0.006200000,0.736000000,0.005600000,3,1,7,7,3,,0.141600000,0.003200000,0.184900000,0.042400000,0.011200000,0.033700000,true,true,0.017200000,0.105300000,0.006500000,0.002900000,0.006500000,103,103,0
608,2,1,1920,1080,640,360,ultra-performance,0.002200000,0.020300000,0.168600000,0.460500000,0.011600000,0.096100000,0.856800000,0.296000000,2.079700000,2.077500000,1.912100000,0.167600000,0.002800000,0.016600000,0.010700000,0.138000000,0.165500000,0.165700000,0.054400000,0.002000000,0.402300000,84,0,103,3,7,0.001100000,0.002200000,0.001100000,0.003000000,0.005900000,0.001300000,0.553400000,0.020900000,0.050800000,0.010900000,0.005600000,0.186600000,0.000000000,0.000000000,0.007600000,0.850400000,0.006400000,3,1,7,7,3,,0.138400000,0.002800000,0.180100000,0.038000000,0.010700000,0.031900000,true,true,0.022600000,0.097100000,0.007200000,0.002700000,0.006000000,103,103,0
609,0,1,1920,1080,640,360,ultra-performance,0.002100000,0.015200000,0.167800000,0.500100000,0.011400000,0.098200000,0.947600000,0.218100000,2.131300000,2.129200000,1.960500000,0.170800000,0.002800000,0.016500000,0.009600000,0.138500000,0.167900000,0.168000000,0.053600000,0.002000000,0.442600000,84,0,103,3,7,0.001200000,0.002300000,0.001000000,0.003200000,0.003600000,0.001200000,0.601500000,0.021700000,0.074800000,0.017600000,0.008900000,0.190600000,0.000000000,0.000000000,0.008800000,0.936400000,0.011200000,3,1,7,7,3,,0.129000000,0.002800000,0.225100000,0.040600000,0.011200000,0.033400000,true,true,0.016200000,0.094700000,0.005800000,0.003200000,0.006100000,103,103,0
610,1,1,1920,1080,640,360,ultra-performance,0.001900000,0.027200000,0.172400000,0.599600000,0.014400000,0.106100000,0.860500000,0.163300000,2.107700000,2.105800000,1.945400000,0.162300000,0.004600000,0.021300000,0.011100000,0.134700000,0.160500000,0.160600000,0.080500000,0.004000000,0.512800000,84,0,103,3,7,0.001400000,0.002700000,0.001100000,0.003800000,0.004700000,0.001200000,0.587500000,0.025400000,0.048200000,0.019600000,0.008600000,0.141900000,0.000100000,0.000000000,0.006000000,0.852200000,0.008300000,3,1,7,7,3,,0.194600000,0.004800000,0.211400000,0.053700000,0.012600000,0.035100000,true,true,0.028000000,0.104700000,0.008500000,0.021200000,0.017600000,103,103,0
611,2,1,1920,1080,640,360,ultra-performance,0.001700000,0.026100000,0.165900000,0.560000000,0.017000000,0.109600000,0.812800000,0.166700000,2.017600000,2.015900000,1.859800000,0.157800000,0.003200000,0.018300000,0.010800000,0.133100000,0.155900000,0.156000000,0.054200000,0.002700000,0.495900000,84,0,103,3,7,0.001800000,0.003000000,0.001500000,0.003800000,0.004300000,0.000900000,0.581500000,0.019100000,0.073300000,0.010700000,0.004900000,0.093900000,0.000000000,0.000000000,0.006000000,0.804700000,0.008100000,3,1,7,7,3,,0.138500000,0.003900000,0.251500000,0.049800000,0.014700000,0.036900000,true,true,0.018300000,0.097900000,0.008800000,0.003300000,0.007200000,103,103,0
612,0,1,1920,1080,640,360,ultra-performance,0.002100000,0.032900000,0.208500000,0.554700000,0.015100000,0.102300000,0.679400000,0.186100000,1.940300000,1.938200000,1.781100000,0.159200000,0.003900000,0.024500000,0.012600000,0.167000000,0.153400000,0.153600000,0.055900000,0.002700000,0.494300000,84,0,103,3,7,0.001100000,0.002700000,0.001000000,0.003400000,0.002500000,0.000400000,0.523000000,0.012000000,0.033100000,0.006600000,0.003700000,0.082600000,0.000000000,0.000000000,0.003400000,0.675500000,0.003900000,3,1,7,7,3,,0.184100000,0.003700000,0.213200000,0.046900000,0.011500000,0.034000000,true,true,0.016700000,0.133500000,0.011200000,0.004100000,0.011700000,103,103,0
613,1,1,1920,1080,640,360,ultra-performance,0.002100000,0.021400000,0.174300000,0.460800000,0.011500000,0.097100000,0.604500000,0.158100000,1.709800000,1.707700000,1.529800000,0.180000000,0.003500000,0.018300000,0.011700000,0.140200000,0.178700000,0.178800000,0.054500000,0.002600000,0.402000000,84,0,103,3,7,0.001100000,0.002500000,0.001200000,0.003400000,0.002200000,0.000300000,0.485200000,0.015600000,0.005200000,0.006800000,0.003500000,0.070200000,0.000000000,0.000000000,0.003600000,0.600800000,0.003700000,3,1,7,7,3,,0.133800000,0.002800000,0.180800000,0.040600000,0.010600000,0.032700000,true,true,0.017200000,0.097500000,0.006300000,0.003400000,0.006400000,103,103,0
614,2,1,1920,1080,640,360,ultra-performance,0.001800000,0.019600000,0.168600000,0.454400000,0.011700000,0.099900000,0.833800000,0.237000000,2.004400000,2.002600000,1.826800000,0.177600000,0.002800000,0.016100000,0.011000000,0.138200000,0.175600000,0.175700000,0.052900000,0.002000000,0.397600000,84,0,103,3,7,0.001100000,0.002500000,0.001000000,0.003200000,0.004900000,0.001100000,0.466000000,0.019100000,0.117900000,0.011900000,0.005700000,0.183900000,0.000000000,0.000000000,0.008300000,0.826600000,0.007200000,3,1,7,7,3,,0.132000000,0.002900000,0.178600000,0.039700000,0.010400000,0.033400000,true,true,0.016500000,0.096300000,0.007100000,0.003100000,0.006100000,103,103,0
615,0,1,1920,1080,640,360,ultra-performance,0.001600000,0.020100000,0.193300000,0.469300000,0.012500000,0.094900000,0.811200000,0.178400000,1.957700000,1.956100000,1.781300000,0.176400000,0.003200000,0.017500000,0.010400000,0.161700000,0.174300000,0.174500000,0.055600000,0.001800000,0.408400000,84,0,103,3,7,0.001500000,0.003800000,0.001400000,0.005100000,0.003600000,0.001100000,0.577700000,0.021600000,0.038900000,0.013200000,0.005500000,0.123500000,0.000000000,0.000000000,0.007800000,0.804700000,0.006500000,3,1,7,7,3,,0.142100000,0.002700000,0.179000000,0.038800000,0.010200000,0.035000000,true,true,0.017000000,0.107500000,0.006500000,0.002400000,0.006000000,103,103,0
616,1,1,1920,1080,640,360,ultra-performance,0.001800000,0.017600000,0.189100000,0.516700000,0.011400000,0.099400000,0.921700000,0.263200000,2.192300000,2.190500000,2.020900000,0.171400000,0.003100000,0.017000000,0.010700000,0.157800000,0.167800000,0.167900000,0.061900000,0.002100000,0.450700000,84,0,103,3,7,0.001100000,0.002500000,0.001100000,0.003700000,0.004600000,0.001300000,0.651700000,0.025000000,0.034500000,0.015300000,0.006700000,0.150100000,0.000000000,0.000000000,0.011500000,0.909100000,0.012600000,3,1,7,7,3,,0.179000000,0.003400000,0.180700000,0.044200000,0.010900000,0.032100000,true,true,0.016900000,0.137100000,0.008000000,0.004200000,0.009100000,103,103,0
617,2,1,1920,1080,640,360,ultra-performance,0.002200000,0.017000000,0.180200000,0.460500000,0.011600000,0.098700000,0.754500000,0.149700000,1.850000000,1.847800000,1.674400000,0.175600000,0.003100000,0.019100000,0.014200000,0.143500000,0.174000000,0.174200000,0.055000000,0.002100000,0.401700000,84,0,103,3,7,0.001100000,0.002400000,0.000900000,0.003100000,0.002700000,0.000400000,0.529500000,0.013900000,0.079100000,0.009900000,0.004300000,0.099300000,0.000100000,0.000000000,0.003500000,0.750200000,0.004300000,3,1,7,7,3,,0.133500000,0.003000000,0.182500000,0.039900000,0.010300000,0.032200000,true,true,0.016600000,0.098800000,0.006500000,0.002600000,0.006000000,103,103,0
618,0,1,1920,1080,640,360,ultra-performance,0.001600000,0.013900000,0.166500000,0.488200000,0.012400000,0.102000000,0.772500000,0.234600000,1.969400000,1.967800000,1.791700000,0.177700000,0.002700000,0.016000000,0.009300000,0.138200000,0.176700000,0.176800000,0.054900000,0.002100000,0.429300000,84,0,103,3,7,0.001100000,0.002400000,0.001100000,0.003700000,0.003700000,0.000900000,0.575200000,0.017800000,0.041000000,0.010900000,0.005100000,0.100200000,0.000100000,0.000000000,0.003900000,0.767100000,0.005400000,3,1,7,7,3,,0.131600000,0.003100000,0.200600000,0.049500000,0.010800000,0.033100000,true,true,0.016600000,0.096200000,0.006200000,0.002900000,0.006500000,103,103,0
619,1,1,1920,1080,640,360,ultra-performance,0.001700000,0.023200000,0.241800000,0.492700000,0.011900000,0.110300000,0.686200000,0.160400000,1.898100000,1.896400000,1.728200000,0.169900000,0.003200000,0.016100000,0.009400000,0.212600000,0.167900000,0.168100000,0.057100000,0.002500000,0.431200000,84,0,103,3,7,0.001200000,0.002600000,0.001000000,0.003400000,0.003100000,0.000600000,0.516700000,0.017200000,0.021500000,0.009500000,0.004400000,0.094100000,0.000000000,0.000000000,0.005100000,0.680400000,0.005800000,3,1,7,7,3,,0.153600000,0.003400000,0.184800000,0.045100000,0.010700000,0.032800000,true,true,0.017200000,0.095800000,0.020000000,0.004700000,0.009000000,103,103,0
620,2,1,1920,1080,640,360,ultra-performance,0.001900000,0.024900000,0.213900000,0.497900000,0.012800000,0.134000000,0.914100000,0.289100000,2.259600000,2.257700000,2.088600000,0.171000000,0.004200000,0.022600000,0.012400000,0.174000000,0.168600000,0.168900000,0.062800000,0.002600000,0.430600000,84,0,103,3,7,0.001200000,0.002800000,0.001100000,0.003800000,0.002900000,0.000700000,0.636200000,0.021500000,0.055200000,0.022500000,0.008400000,0.140500000,0.000100000,0.000000000,0.007900000,0.904800000,0.009300000,3,1,7,7,3,,0.139800000,0.003000000,0.199700000,0.043100000,0.012000000,0.032700000,true,true,0.018300000,0.102100000,0.007700000,0.002500000,0.006100000,103,103,0
621,0,1,1920,1080,640,360,ultra-performance,0.002400000,0.021900000,0.175700000,0.467500000,0.012100000,0.102300000,0.781300000,0.165100000,1.906300000,1.903900000,1.728300000,0.178000000,0.003600000,0.020200000,0.011400000,0.140100000,0.173200000,0.173300000,0.056400000,0.002100000,0.407200000,84,0,103,3,7,0.001400000,0.002500000,0.001000000,0.003400000,0.002200000,0.000600000,0.622400000,0.011000000,0.022500000,0.006000000,0.003300000,0.097000000,0.000100000,0.000000000,0.003900000,0.777300000,0.004000000,3,1,7,7,3,,0.133100000,0.003100000,0.185000000,0.041200000,0.011500000,0.032900000,true,true,0.017100000,0.096800000,0.006100000,0.003500000,0.006600000,103,103,0
622,1,1,1920,1080,640,360,ultra-performance,0.001800000,0.018700000,0.179300000,0.451100000,0.011500000,0.097800000,0.670700000,0.165500000,1.766100000,1.764300000,1.596400000,0.169700000,0.003000000,0.016800000,0.009900000,0.149200000,0.168100000,0.168200000,0.053700000,0.002200000,0.393400000,84,0,103,3,7,0.001200000,0.002400000,0.001100000,0.003400000,0.002100000,0.000500000,0.453900000,0.015900000,0.060400000,0.011400000,0.004300000,0.105100000,0.000000000,0.000000000,0.004200000,0.665900000,0.004800000,3,1,7,7,3,,0.128900000,0.003000000,0.178300000,0.040100000,0.010400000,0.032000000,true,true,0.016500000,0.093800000,0.006200000,0.003100000,0.006300000,103,103,0
623,2,1,1920,1080,640,360,ultra-performance,0.001800000,0.022900000,0.169600000,0.458800000,0.011200000,0.100300000,0.938500000,0.168100000,2.107800000,2.106000000,1.871200000,0.236600000,0.003200000,0.017000000,0.009900000,0.139200000,0.234400000,0.234600000,0.056400000,0.002100000,0.398500000,84,0,103,3,7,0.001200000,0.002600000,0.001200000,0.003700000,0.003700000,0.000800000,0.582500000,0.020400000,0.050300000,0.018000000,0.005700000,0.234200000,0.000100000,0.000000000,0.005700000,0.930100000,0.008400000,3,1,7,7,3,,0.131000000,0.003000000,0.178000000,0.043600000,0.010600000,0.031900000,true,true,0.016600000,0.095400000,0.006100000,0.003700000,0.006200000,103,103,0
624,0,1,1920,1080,640,360,ultra-performance,0.002900000,0.019700000,0.182900000,0.478500000,0.011900000,0.094400000,0.751100000,0.171800000,1.887300000,1.884400000,1.713200000,0.174100000,0.003400000,0.023000000,0.012200000,0.143600000,0.171900000,0.172000000,0.056800000,0.002100000,0.417700000,84,0,103,3,7,0.001000000,0.002200000,0.001100000,0.003000000,0.002800000,0.000500000,0.534200000,0.013500000,0.071900000,0.007900000,0.004200000,0.099000000,0.000000000,0.000000000,0.004300000,0.745600000,0.005500000,3,1,7,7,3,,0.136400000,0.002700000,0.198000000,0.036900000,0.010800000,0.032400000,true,true,0.016200000,0.102700000,0.006700000,0.002500000,0.005500000,103,103,0
625,1,1,1920,1080,640,360,ultra-performance,0.001900000,0.016400000,0.171100000,0.615100000,0.012400000,0.100500000,0.780400000,0.157100000,2.094800000,2.092900000,1.854900000,0.239900000,0.003000000,0.017100000,0.009700000,0.140900000,0.238100000,0.238300000,0.086200000,0.002900000,0.523200000,84,0,103,3,7,0.001100000,0.002800000,0.001000000,0.003700000,0.002900000,0.000700000,0.530400000,0.016300000,0.090900000,0.012200000,0.004200000,0.101200000,0.000000000,0.000000000,0.005900000,0.773300000,0.007100000,3,1,7,7,3,,0.182000000,0.003800000,0.247100000,0.045200000,0.011200000,0.033400000,true,true,0.022500000,0.135300000,0.007500000,0.004500000,0.008100000,103,103,0
626,2,1,1920,1080,640,360,ultra-performance,0.001800000,0.024400000,0.214700000,0.485100000,0.011900000,0.098500000,0.799400000,0.173700000,1.978400000,1.976600000,1.809500000,0.168900000,0.004400000,0.020800000,0.010900000,0.178100000,0.167200000,0.167600000,0.061000000,0.002600000,0.419400000,84,0,103,3,7,0.001000000,0.002400000,0.001100000,0.003400000,0.003100000,0.000500000,0.549000000,0.017800000,0.078300000,0.016100000,0.005500000,0.108500000,0.000100000,0.000000000,0.005300000,0.792100000,0.007300000,3,1,7,7,3,,0.140400000,0.003000000,0.193400000,0.039600000,0.010500000,0.032200000,true,true,0.018100000,0.102100000,0.007600000,0.003200000,0.006100000,103,103,0
627,0,1,1920,1080,640,360,ultra-performance,0.002600000,0.022800000,0.259300000,0.557400000,0.012100000,0.105300000,0.668300000,0.157100000,2.012600000,2.010000000,1.784900000,0.227700000,0.004200000,0.023800000,0.012800000,0.218000000,0.226300000,0.226400000,0.081200000,0.002900000,0.471300000,84,0,103,3,7,0.001100000,0.002600000,0.001200000,0.003800000,0.002800000,0.000700000,0.498700000,0.015900000,0.029100000,0.009300000,0.004900000,0.088400000,0.000000000,0.000000000,0.005200000,0.663700000,0.004600000,3,1,7,7,3,,0.188400000,0.003300000,0.190900000,0.044700000,0.011200000,0.032500000,true,true,0.021600000,0.142400000,0.008100000,0.003800000,0.009100000,103,103,0
628,1,1,1920,1080,640,360,ultra-performance,0.001800000,0.018500000,0.169900000,0.570600000,0.012100000,0.104800000,0.957400000,0.403200000,2.435100000,2.433300000,2.238300000,0.196800000,0.003100000,0.016900000,0.009400000,0.140000000,0.193500000,0.193600000,0.055500000,0.002200000,0.511000000,84,0,103,3,7,0.001400000,0.002600000,0.001000000,0.003900000,0.008200000,0.001500000,0.655900000,0.031400000,0.065800000,0.015700000,0.006800000,0.140900000,0.000000000,0.000000000,0.011800000,0.946900000,0.010500000,3,1,7,7,3,,0.130100000,0.002800000,0.286900000,0.045600000,0.011400000,0.033800000,true,true,0.017000000,0.095500000,0.005900000,0.002900000,0.006100000,103,103,0
629,2,1,1920,1080,640,360,ultra-performance,0.002200000,0.022800000,0.173900000,0.471600000,0.011700000,0.110000000,0.845000000,0.149200000,2.012200000,2.010000000,1.786400000,0.225800000,0.003000000,0.019100000,0.011100000,0.140200000,0.224000000,0.224100000,0.055100000,0.002400000,0.412200000,84,0,103,3,7,0.001300000,0.002500000,0.001000000,0.003400000,0.003200000,0.000700000,0.603700000,0.018500000,0.095000000,0.011800000,0.004500000,0.086500000,0.000000000,0.000000000,0.006900000,0.839000000,0.006000000,3,1,7,7,3,,0.136800000,0.003100000,0.186900000,0.041300000,0.010900000,0.032700000,true,true,0.016800000,0.100900000,0.006200000,0.003500000,0.006400000,103,103,0
630,0,1,1920,1080,640,360,ultra-performance,0.002700000,0.020300000,0.184500000,0.489700000,0.012400000,0.104300000,1.023400000,0.297000000,2.310400000,2.307700000,2.134300000,0.176100000,0.003700000,0.022900000,0.012800000,0.144400000,0.167900000,0.168000000,0.057100000,0.002500000,0.428200000,84,0,103,3,7,0.001100000,0.002400000,0.001100000,0.003100000,0.002700000,0.000700000,0.596100000,0.013700000,0.082100000,0.015900000,0.006200000,0.281600000,0.000000000,0.000000000,0.009300000,1.016000000,0.007400000,3,1,7,7,3,,0.143200000,0.003000000,0.193900000,0.042500000,0.011300000,0.033900000,true,true,0.016400000,0.102500000,0.006300000,0.008500000,0.006400000,103,103,0
631,1,1,1920,1080,640,360,ultra-performance,0.003200000,0.032800000,0.268700000,0.446300000,0.010700000,0.094000000,0.895400000,0.270400000,2.192500000,2.189300000,2.021500000,0.171000000,0.005500000,0.110000000,0.012200000,0.140300000,0.168100000,0.168300000,0.052900000,0.002000000,0.389700000,84,0,103,3,7,0.001100000,0.002600000,0.001000000,0.003300000,0.004800000,0.001100000,0.611300000,0.022900000,0.047400000,0.014600000,0.006100000,0.159200000,0.000000000,0.000000000,0.011000000,0.886400000,0.009000000,3,1,7,7,3,,0.128700000,0.002800000,0.176800000,0.039000000,0.010500000,0.031500000,true,true,0.016300000,0.094500000,0.006100000,0.003000000,0.005900000,103,103,0
632,2,1,1920,1080,640,360,ultra-performance,0.002400000,0.027400000,0.255200000,0.501000000,0.012300000,0.107100000,0.815600000,0.154000000,2.055000000,2.052600000,1.875000000,0.180000000,0.005200000,0.084900000,0.012400000,0.151800000,0.178000000,0.178400000,0.060500000,0.002500000,0.436000000,84,0,103,3,7,0.001300000,0.003100000,0.001000000,0.003700000,0.004000000,0.000900000,0.569100000,0.017400000,0.069100000,0.010400000,0.004600000,0.122000000,0.000100000,0.000000000,0.004200000,0.810900000,0.004700000,3,1,7,7,3,,0.138200000,0.003100000,0.196100000,0.053600000,0.011700000,0.032800000,true,true,0.017300000,0.099700000,0.007300000,0.004000000,0.006900000,103,103,0
633,0,1,1920,1080,640,360,ultra-performance,0.001700000,0.013700000,0.200600000,0.463800000,0.011200000,0.096000000,0.854600000,0.171600000,1.984000000,1.982300000,1.813200000,0.170800000,0.002600000,0.016100000,0.010000000,0.171300000,0.169200000,0.169400000,0.063400000,0.002000000,0.396600000,84,0,103,3,7,0.001000000,0.002500000,0.001000000,0.003300000,0.003900000,0.001000000,0.545400000,0.020800000,0.120500000,0.013200000,0.005900000,0.125400000,0.000000000,0.000000000,0.004700000,0.848600000,0.006000000,3,1,7,7,3,,0.128700000,0.002800000,0.183500000,0.039400000,0.010200000,0.031500000,true,true,0.016300000,0.095100000,0.005700000,0.003000000,0.005700000,103,103,0
634,1,1,1920,1080,640,360,ultra-performance,0.001900000,0.020700000,0.250300000,0.490400000,0.012900000,0.110500000,0.938100000,0.204100000,2.229800000,2.227900000,2.028900000,0.200900000,0.003100000,0.016400000,0.009400000,0.220900000,0.197900000,0.198100000,0.055800000,0.002400000,0.430200000,84,0,103,3,7,0.001200000,0.002700000,0.001100000,0.003500000,0.004700000,0.000700000,0.602200000,0.031100000,0.089500000,0.016100000,0.007300000,0.160400000,0.000100000,0.000000000,0.008100000,0.928700000,0.009400000,3,1,7,7,3,,0.132500000,0.003200000,0.200300000,0.047700000,0.012200000,0.033700000,true,true,0.017100000,0.095500000,0.006500000,0.003600000,0.006600000,103,103,0
635,2,1,1920,1080,640,360,ultra-performance,0.002500000,0.039400000,0.280500000,0.788600000,0.024000000,0.176800000,0.783500000,0.182700000,2.518800000,2.516300000,2.278000000,0.240800000,0.006800000,0.038000000,0.018200000,0.216800000,0.238300000,0.238700000,0.085300000,0.006500000,0.694500000,84,0,103,3,7,0.001800000,0.004400000,0.001400000,0.004200000,0.004900000,0.001300000,0.525400000,0.024700000,0.034200000,0.011900000,0.006900000,0.147000000,0.000100000,0.000000000,0.007600000,0.775800000,0.007700000,3,1,7,7,3,,0.249900000,0.006400000,0.278200000,0.088300000,0.018700000,0.052100000,true,true,0.050000000,0.165500000,0.011800000,0.006300000,0.011000000,103,103,0
636,0,1,1920,1080,640,360,ultra-performance,0.001900000,0.019400000,0.190000000,0.556300000,0.015000000,0.105100000,0.806300000,0.173200000,2.033800000,2.031900000,1.867200000,0.166600000,0.003400000,0.019800000,0.015500000,0.150400000,0.165300000,0.165500000,0.059300000,0.003100000,0.492100000,84,0,103,3,7,0.001400000,0.002800000,0.001200000,0.003600000,0.003400000,0.000500000,0.597800000,0.013900000,0.021700000,0.007300000,0.004100000,0.138400000,0.000100000,0.000000000,0.004900000,0.801100000,0.005200000,3,1,7,7,3,,0.190700000,0.003500000,0.202900000,0.048000000,0.012000000,0.034500000,true,true,0.018500000,0.144000000,0.012300000,0.003900000,0.008400000,103,103,0
637,1,1,1920,1080,640,360,ultra-performance,0.001900000,0.017900000,0.183900000,0.519700000,0.012100000,0.104900000,0.834300000,0.170800000,2.012200000,2.010300000,1.845500000,0.166700000,0.003000000,0.017000000,0.010800000,0.152800000,0.165400000,0.165500000,0.054400000,0.002200000,0.461200000,84,0,103,3,7,0.001200000,0.002900000,0.001100000,0.003800000,0.005400000,0.001100000,0.566000000,0.021900000,0.059900000,0.017700000,0.007700000,0.130500000,0.000100000,0.000000000,0.005500000,0.824800000,0.009500000,3,1,7,7,3,,0.137900000,0.003200000,0.230100000,0.045000000,0.011500000,0.032900000,true,true,0.016800000,0.100900000,0.007200000,0.003400000,0.006500000,103,103,0
638,2,1,1920,1080,640,360,ultra-performance,0.001700000,0.031300000,0.184500000,0.530800000,0.012000000,0.103000000,0.833300000,0.199700000,2.065500000,2.063800000,1.896300000,0.169200000,0.003000000,0.018000000,0.010100000,0.152900000,0.166700000,0.166800000,0.055600000,0.002400000,0.470900000,84,0,103,3,7,0.001200000,0.002700000,0.001000000,0.003600000,0.003300000,0.000700000,0.532800000,0.022500000,0.103500000,0.013200000,0.006300000,0.127500000,0.000000000,0.000000000,0.007300000,0.825600000,0.007700000,3,1,7,7,3,,0.133200000,0.003200000,0.242800000,0.045600000,0.011400000,0.034100000,true,true,0.016700000,0.096600000,0.006900000,0.003500000,0.006500000,103,103,0
639,0,1,1920,1080,640,360,ultra-performance,0.002500000,0.032100000,0.262400000,0.797500000,0.023800000,0.166200000,0.894600000,0.334700000,2.764000000,2.761500000,2.513800000,0.250200000,0.005700000,0.031200000,0.014000000,0.210900000,0.244500000,0.244900000,0.088600000,0.005700000,0.700800000,84,0,103,3,7,0.002100000,0.005100000,0.001700000,0.004200000,0.002800000,0.000700000,0.550000000,0.021600000,0.183000000,0.010400000,0.005200000,0.092700000,0.000300000,0.000000000,0.007300000,0.887100000,0.007500000,3,1,7,7,3,,0.255100000,0.006600000,0.277600000,0.088400000,0.019000000,0.053200000,true,true,0.059600000,0.162400000,0.012900000,0.005400000,0.010200000,103,103,0
640,1,1,1920,1080,640,360,ultra-performance,0.002000000,0.022000000,0.184000000,0.527300000,0.013700000,0.103600000,0.956600000,0.193800000,2.172300000,2.170300000,2.003000000,0.169300000,0.004000000,0.019700000,0.011800000,0.147600000,0.166900000,0.167100000,0.072000000,0.003000000,0.450400000,84,0,103,3,7,0.001500000,0.002700000,0.001200000,0.003700000,0.007400000,0.001100000,0.563500000,0.029200000,0.133500000,0.016300000,0.008300000,0.172300000,0.000000000,0.000000000,0.006600000,0.947300000,0.009300000,3,1,7,7,3,,0.146900000,0.003300000,0.203800000,0.050700000,0.011400000,0.033900000,true,true,0.018600000,0.106100000,0.008200000,0.003700000,0.006900000,103,103,0
641,2,1,1920,1080,640,360,ultra-performance,0.002100000,0.031100000,0.275100000,0.703600000,0.024400000,0.174200000,1.098300000,0.334200000,2.819500000,2.817400000,2.643000000,0.176500000,0.005400000,0.024800000,0.014600000,0.229300000,0.173100000,0.173500000,0.059600000,0.003600000,0.637000000,84,0,103,3,7,0.001700000,0.004600000,0.001600000,0.004800000,0.005000000,0.001200000,0.717900000,0.027400000,0.104500000,0.017000000,0.010000000,0.180600000,0.000100000,0.000000000,0.011600000,1.088000000,0.010300000,3,1,7,7,3,,0.168800000,0.004100000,0.301700000,0.086200000,0.019100000,0.056100000,true,true,0.034500000,0.109100000,0.008500000,0.005300000,0.007700000,103,103,0
642,0,1,1920,1080,640,360,ultra-performance,0.002200000,0.021400000,0.185300000,0.508400000,0.014400000,0.105500000,0.599900000,0.167600000,1.772800000,1.770600000,1.604700000,0.168100000,0.003600000,0.020700000,0.012400000,0.148000000,0.166600000,0.166700000,0.059800000,0.002800000,0.443900000,84,0,103,3,7,0.001100000,0.002800000,0.001200000,0.003500000,0.004000000,0.000600000,0.408900000,0.019000000,0.049700000,0.007900000,0.004800000,0.087100000,0.000000000,0.000000000,0.004700000,0.595300000,0.004600000,3,1,7,7,3,,0.141900000,0.003300000,0.200700000,0.050100000,0.011200000,0.036000000,true,true,0.018400000,0.101300000,0.008500000,0.003500000,0.007100000,103,103,0
643,1,1,1920,1080,640,360,ultra-performance,0.001800000,0.018200000,0.171800000,0.468100000,0.012200000,0.102900000,0.750500000,0.269300000,1.975800000,1.974000000,1.794800000,0.181000000,0.003000000,0.017800000,0.010100000,0.140500000,0.178600000,0.178800000,0.055000000,0.002400000,0.408800000,84,0,103,3,7,0.001300000,0.002600000,0.000900000,0.003600000,0.004200000,0.001100000,0.475300000,0.031300000,0.063200000,0.010800000,0.005500000,0.133600000,0.000000000,0.000000000,0.009400000,0.742800000,0.007700000,3,1,7,7,3,,0.133300000,0.003100000,0.185200000,0.042000000,0.011100000,0.033400000,true,true,0.016700000,0.097500000,0.006500000,0.003400000,0.006400000,103,103,0
644,2,1,1920,1080,640,360,ultra-performance,0.001800000,0.021500000,0.170000000,0.476600000,0.011700000,0.102400000,1.038600000,0.228900000,2.239600000,2.237800000,2.051500000,0.188100000,0.003100000,0.017100000,0.010400000,0.139000000,0.185900000,0.186000000,0.058000000,0.002100000,0.414600000,84,0,103,3,7,0.001200000,0.002600000,0.001500000,0.003700000,0.006000000,0.001400000,0.753000000,0.030500000,0.046800000,0.018200000,0.007700000,0.150100000,0.000100000,0.000000000,0.006500000,1.029300000,0.009300000,3,1,7,7,3,,0.133600000,0.003000000,0.188300000,0.044500000,0.010700000,0.033800000,true,true,0.017200000,0.096000000,0.006900000,0.004100000,0.006400000,103,103,0
645,0,1,1920,1080,640,360,ultra-performance,0.002600000,0.035700000,0.185900000,0.763900000,0.024100000,0.162700000,0.919100000,0.204600000,2.681800000,2.679200000,2.298600000,0.383200000,0.004700000,0.028900000,0.013200000,0.138400000,0.380400000,0.380800000,0.092400000,0.004800000,0.663800000,84,0,103,3,7,0.002000000,0.004600000,0.001800000,0.005000000,0.005300000,0.001100000,0.620700000,0.026200000,0.100600000,0.013400000,0.006700000,0.112500000,0.000200000,0.000000000,0.010700000,0.910800000,0.008300000,3,1,7,7,3,,0.214700000,0.005000000,0.289000000,0.082900000,0.017600000,0.053900000,true,true,0.031400000,0.153100000,0.011200000,0.005100000,0.009000000,103,103,0
646,1,1,1920,1080,640,360,ultra-performance,0.002000000,0.019200000,0.204500000,0.554200000,0.014700000,0.106300000,0.848100000,0.173900000,2.091100000,2.089100000,1.922900000,0.168200000,0.003600000,0.020500000,0.028700000,0.151000000,0.166100000,0.166300000,0.060300000,0.002800000,0.488800000,84,0,103,3,7,0.001300000,0.003000000,0.001200000,0.003700000,0.005100000,0.001200000,0.582300000,0.026400000,0.071800000,0.016600000,0.006000000,0.115200000,0.000100000,0.000000000,0.005800000,0.839700000,0.008400000,3,1,7,7,3,,0.142200000,0.003300000,0.212800000,0.070200000,0.017400000,0.042200000,true,true,0.019100000,0.101600000,0.007500000,0.003900000,0.007000000,103,103,0
647,2,1,1920,1080,640,360,ultra-performance,0.001800000,0.026600000,0.178100000,0.543200000,0.014000000,0.106700000,0.850800000,0.242300000,2.238200000,2.236400000,1.963500000,0.274700000,0.004000000,0.022300000,0.010800000,0.140300000,0.272600000,0.272800000,0.069200000,0.002500000,0.469400000,84,0,103,3,7,0.001400000,0.003100000,0.001200000,0.003700000,0.002700000,0.000500000,0.595400000,0.024500000,0.097000000,0.010000000,0.004600000,0.096600000,0.000000000,0.000000000,0.004600000,0.845300000,0.005500000,3,1,7,7,3,,0.141700000,0.003100000,0.229000000,0.047600000,0.012600000,0.034800000,true,true,0.017700000,0.102600000,0.007900000,0.004100000,0.006200000,103,103,0
648,0,1,1920,1080,640,360,ultra-performance,0.002100000,0.022800000,0.171600000,0.476800000,0.012700000,0.103000000,0.623800000,0.201700000,1.795900000,1.793800000,1.614500000,0.181400000,0.003400000,0.019100000,0.010200000,0.138500000,0.174700000,0.174800000,0.054400000,0.002400000,0.418100000,84,0,103,3,7,0.001200000,0.002800000,0.001100000,0.003600000,0.003500000,0.000700000,0.448700000,0.019200000,0.013900000,0.009100000,0.005000000,0.101300000,0.000000000,0.000000000,0.006000000,0.616100000,0.007700000,3,1,7,7,3,,0.133300000,0.003100000,0.192800000,0.043200000,0.011100000,0.033900000,true,true,0.016800000,0.097300000,0.006400000,0.003300000,0.006600000,103,103,0
649,1,1,1920,1080,640,360,ultra-performance,0.001800000,0.028200000,0.202100000,0.533000000,0.013000000,0.110300000,0.678000000,0.179600000,1.972600000,1.970800000,1.746000000,0.226600000,0.004100000,0.022500000,0.012100000,0.162500000,0.225000000,0.225400000,0.090100000,0.002600000,0.438300000,84,0,103,3,7,0.001400000,0.002800000,0.001000000,0.004100000,0.002400000,0.000400000,0.519200000,0.021800000,0.018000000,0.009800000,0.004500000,0.085100000,0.000100000,0.000000000,0.003100000,0.673700000,0.004300000,3,1,7,7,3,,0.146500000,0.003200000,0.195200000,0.046900000,0.012300000,0.033700000,true,true,0.017800000,0.106900000,0.007500000,0.004400000,0.006600000,103,103,0
650,2,1,1920,1080,640,360,ultra-performance,0.001800000,0.021300000,0.170100000,0.482900000,0.012600000,0.102000000,0.801000000,0.163400000,1.944000000,1.942200000,1.755100000,0.188900000,0.002900000,0.016900000,0.010500000,0.139200000,0.186700000,0.186800000,0.062600000,0.002300000,0.416200000,84,0,103,3,7,0.001100000,0.002500000,0.001100000,0.003800000,0.002700000,0.000700000,0.557000000,0.020300000,0.066600000,0.013000000,0.004800000,0.115200000,0.000100000,0.000000000,0.003800000,0.792700000,0.008300000,3,1,7,7,3,,0.134700000,0.003100000,0.189600000,0.044000000,0.010500000,0.033900000,true,true,0.017500000,0.097500000,0.006500000,0.003800000,0.006300000,103,103,0
651,0,1,1920,1080,640,360,ultra-performance,0.001900000,0.024800000,0.174500000,0.541400000,0.013800000,0.100800000,0.896800000,0.159700000,2.126500000,2.124600000,1.913700000,0.212800000,0.003600000,0.020700000,0.010700000,0.138800000,0.210600000,0.210900000,0.093800000,0.003100000,0.442500000,84,0,103,3,7,0.001300000,0.002800000,0.001000000,0.003700000,0.002700000,0.000800000,0.637900000,0.019500000,0.062100000,0.011500000,0.005200000,0.137900000,0.000100000,0.000000000,0.005000000,0.891500000,0.005300000,3,1,7,7,3,,0.149000000,0.003100000,0.198300000,0.046300000,0.012100000,0.033200000,true,true,0.024900000,0.102300000,0.007800000,0.004300000,0.006500000,103,103,0
652,1,1,1920,1080,640,360,ultra-performance,0.001800000,0.024600000,0.173800000,0.555600000,0.014400000,0.103600000,0.640500000,0.171100000,1.840800000,1.839000000,1.685400000,0.155400000,0.003700000,0.018300000,0.012400000,0.138800000,0.153800000,0.154100000,0.055100000,0.004000000,0.494600000,84,0,103,3,7,0.001400000,0.002900000,0.001100000,0.003600000,0.002400000,0.000400000,0.523900000,0.011000000,0.005500000,0.008100000,0.004100000,0.068600000,0.000100000,0.000000000,0.003300000,0.636400000,0.004100000,3,1,7,7,3,,0.192900000,0.003400000,0.204900000,0.046600000,0.012000000,0.034000000,true,true,0.032900000,0.136200000,0.008000000,0.002700000,0.008900000,103,103,0
653,2,1,1920,1080,640,360,ultra-performance,0.002000000,0.020200000,0.178000000,0.515500000,0.012300000,0.098500000,0.664400000,0.175700000,1.838600000,1.836600000,1.666600000,0.172000000,0.003100000,0.018600000,0.010400000,0.145200000,0.170400000,0.170500000,0.054300000,0.002800000,0.456600000,84,0,103,3,7,0.001200000,0.002600000,0.001200000,0.003500000,0.003000000,0.000500000,0.473600000,0.019200000,0.053400000,0.009000000,0.004400000,0.085300000,0.000000000,0.000000000,0.003300000,0.660200000,0.004200000,3,1,7,7,3,,0.133500000,0.002900000,0.228600000,0.041400000,0.010500000,0.039200000,true,true,0.017100000,0.097300000,0.006400000,0.003200000,0.006300000,103,103,0
654,0,1,1920,1080,640,360,ultra-performance,0.001800000,0.022100000,0.168800000,0.498000000,0.011700000,0.099400000,0.854700000,0.155500000,1.981500000,1.979700000,1.812000000,0.169500000,0.003100000,0.016700000,0.009900000,0.138700000,0.167700000,0.167900000,0.076700000,0.002300000,0.417100000,84,0,103,3,7,0.001200000,0.002500000,0.001000000,0.003700000,0.002600000,0.000700000,0.617500000,0.020100000,0.073400000,0.013400000,0.004800000,0.101900000,0.000100000,0.000000000,0.004900000,0.847800000,0.006900000,3,1,7,7,3,,0.134500000,0.003100000,0.180800000,0.054800000,0.010500000,0.032900000,true,true,0.017300000,0.097800000,0.006800000,0.002700000,0.006700000,103,103,0
655,1,1,1920,1080,640,360,ultra-performance,0.001700000,0.021800000,0.208500000,0.541000000,0.015200000,0.125500000,0.812100000,0.228300000,2.123400000,2.121700000,1.954100000,0.169300000,0.003900000,0.019500000,0.012300000,0.172100000,0.167200000,0.167500000,0.076100000,0.002500000,0.459300000,84,0,103,3,7,0.001600000,0.003500000,0.001400000,0.003900000,0.003400000,0.000700000,0.605200000,0.018300000,0.044800000,0.007900000,0.004800000,0.107500000,0.000000000,0.000000000,0.003900000,0.806900000,0.005200000,3,1,7,7,3,,0.143300000,0.003100000,0.192500000,0.052000000,0.016500000,0.051500000,true,true,0.016900000,0.105200000,0.007600000,0.003900000,0.006500000,103,103,0
656,2,1,1920,1080,640,360,ultra-performance,0.002000000,0.019100000,0.197200000,0.456300000,0.011500000,0.108700000,0.722700000,0.158000000,1.842400000,1.840400000,1.675500000,0.166900000,0.003500000,0.018700000,0.012600000,0.162100000,0.165200000,0.165300000,0.053500000,0.002000000,0.399000000,84,0,103,3,7,0.001200000,0.002500000,0.001100000,0.003400000,0.002900000,0.000700000,0.518500000,0.018000000,0.044400000,0.012900000,0.004800000,0.100500000,0.000000000,0.000000000,0.004800000,0.715700000,0.007000000,3,1,7,7,3,,0.130500000,0.003100000,0.180100000,0.041500000,0.010800000,0.032600000,true,true,0.016200000,0.095100000,0.006500000,0.003300000,0.006400000,103,103,0
657,0,1,1920,1080,640,360,ultra-performance,0.002100000,0.021300000,0.176600000,0.479700000,0.012400000,0.088500000,0.704400000,0.184200000,1.861800000,1.859700000,1.669200000,0.192600000,0.003900000,0.018900000,0.011100000,0.142100000,0.188200000,0.188300000,0.063500000,0.002300000,0.412100000,84,0,103,3,7,0.001000000,0.002500000,0.001400000,0.004400000,0.002000000,0.000500000,0.523900000,0.018800000,0.019200000,0.012000000,0.004300000,0.107300000,0.000100000,0.000000000,0.003200000,0.700600000,0.003800000,3,1,7,7,3,,0.141200000,0.002800000,0.187400000,0.037200000,0.010900000,0.032300000,true,true,0.017100000,0.105100000,0.007500000,0.003000000,0.005600000,103,103,0
658,1,1,1920,1080,640,360,ultra-performance,0.002000000,0.020700000,0.191800000,0.536500000,0.012100000,0.103100000,0.835300000,0.160700000,2.039800000,2.037800000,1.862200000,0.177600000,0.003200000,0.017700000,0.010500000,0.159900000,0.175900000,0.176100000,0.055500000,0.002000000,0.476900000,84,0,103,3,7,0.001100000,0.002600000,0.001000000,0.003700000,0.004100000,0.000700000,0.554100000,0.016700000,0.068500000,0.010400000,0.005200000,0.155900000,0.000100000,0.000000000,0.004600000,0.828700000,0.006600000,3,1,7,7,3,,0.136600000,0.003100000,0.201600000,0.088700000,0.011700000,0.034700000,true,true,0.016400000,0.100700000,0.006200000,0.003700000,0.006500000,103,103,0
659,2,1,1920,1080,640,360,ultra-performance,0.001700000,0.024400000,0.211100000,0.523400000,0.013900000,0.103800000,0.661900000,0.147900000,1.858200000,1.856500000,1.688100000,0.170100000,0.003500000,0.042400000,0.018700000,0.145700000,0.166900000,0.167200000,0.057600000,0.002300000,0.461500000,84,0,103,3,7,0.001200000,0.002800000,0.001000000,0.003700000,0.002900000,0.000700000,0.524100000,0.017600000,0.017600000,0.008900000,0.004100000,0.065300000,0.000000000,0.000000000,0.004500000,0.654400000,0.007500000,3,1,7,7,3,,0.140600000,0.003100000,0.218600000,0.048600000,0.012700000,0.037600000,true,true,0.017100000,0.102400000,0.007600000,0.004100000,0.006400000,103,103,0
660,0,1,1920,1080,640,360,ultra-performance,0.001700000,0.023800000,0.166200000,0.537600000,0.014200000,0.091000000,0.593200000,0.183800000,1.777600000,1.775900000,1.611500000,0.166100000,0.003200000,0.018800000,0.011600000,0.132100000,0.164400000,0.164600000,0.056300000,0.003600000,0.476000000,84,0,103,3,7,0.001100000,0.001900000,0.001100000,0.003100000,0.002100000,0.000500000,0.420600000,0.011300000,0.044700000,0.006700000,0.003800000,0.089800000,0.000000000,0.000000000,0.003100000,0.589800000,0.003400000,3,1,7,7,3,,0.194100000,0.003900000,0.197200000,0.035700000,0.011500000,0.033000000,true,true,0.028900000,0.139500000,0.008100000,0.003700000,0.009600000,103,103,0
661,1,1,1920,1080,640,360,ultra-performance,0.002300000,0.019500000,0.169800000,0.449900000,0.011900000,0.097500000,0.775500000,0.593000000,2.298500000,2.296200000,2.119400000,0.179100000,0.003300000,0.017300000,0.010000000,0.138800000,0.177700000,0.177800000,0.054000000,0.003000000,0.391200000,84,0,103,3,7,0.001000000,0.002400000,0.001000000,0.003200000,0.002400000,0.000800000,0.580500000,0.017200000,0.002100000,0.008400000,0.004400000,0.144200000,0.000000000,0.000000000,0.003700000,0.771300000,0.004200000,3,1,7,7,3,,0.129900000,0.003000000,0.176800000,0.037900000,0.010800000,0.032500000,true,true,0.016900000,0.094800000,0.006000000,0.003000000,0.006200000,103,103,0
662,2,1,1920,1080,640,360,ultra-performance,0.002000000,0.024000000,0.170000000,0.469900000,0.012600000,0.100500000,0.606000000,0.155000000,1.709900000,1.707900000,1.540000000,0.169900000,0.003300000,0.016800000,0.009900000,0.139500000,0.168600000,0.168800000,0.054100000,0.002300000,0.411500000,84,0,103,3,7,0.001400000,0.002500000,0.001300000,0.003400000,0.002300000,0.000700000,0.432100000,0.017400000,0.037800000,0.007700000,0.004300000,0.086900000,0.000100000,0.000000000,0.003300000,0.601200000,0.004800000,3,1,7,7,3,,0.142800000,0.003200000,0.182000000,0.039600000,0.010600000,0.032700000,true,true,0.016700000,0.105800000,0.006600000,0.003700000,0.006900000,103,103,0
663,0,1,1920,1080,640,360,ultra-performance,0.001700000,0.019100000,0.168700000,0.510200000,0.012200000,0.104900000,0.779500000,0.244600000,2.024500000,2.022800000,1.840900000,0.183600000,0.003000000,0.016600000,0.009500000,0.139300000,0.182100000,0.182200000,0.056200000,0.002200000,0.450000000,84,0,103,3,7,0.001400000,0.002900000,0.001800000,0.004500000,0.003400000,0.000600000,0.304400000,0.018800000,0.280100000,0.011000000,0.005600000,0.135100000,0.000000000,0.000000000,0.003800000,0.773400000,0.006100000,3,1,7,7,3,,0.129500000,0.003100000,0.211200000,0.051600000,0.014800000,0.039100000,true,true,0.016500000,0.094600000,0.005800000,0.003400000,0.006300000,103,103,0
664,1,1,1920,1080,640,360,ultra-performance,1.579800000,0.040200000,0.445400000,0.774900000,0.011800000,0.107000000,0.832300000,0.163000000,4.287500000,2.707700000,3.954400000,0.333100000,0.006500000,0.044700000,0.029900000,0.363300000,0.331600000,0.331900000,0.107200000,0.004400000,0.661300000,84,0,103,3,7,0.001100000,0.002800000,0.001100000,0.003800000,0.003200000,0.000600000,0.330300000,0.020600000,0.179700000,0.026200000,0.007400000,0.244600000,0.000000000,0.000000000,0.003600000,0.825000000,0.007300000,3,1,7,7,3,,0.323200000,0.007600000,0.244000000,0.042200000,0.011000000,0.032500000,true,true,0.045800000,0.231700000,0.012700000,0.008300000,0.016500000,103,103,0
665,2,1,1920,1080,640,360,ultra-performance,0.001800000,0.018800000,0.166900000,0.455100000,0.011900000,0.097500000,0.765800000,0.170000000,1.863700000,1.861900000,1.687800000,0.175900000,0.003100000,0.016100000,0.009500000,0.137900000,0.173800000,0.173900000,0.052700000,0.002100000,0.398500000,84,0,103,3,7,0.001100000,0.002500000,0.001000000,0.003200000,0.003500000,0.000700000,0.510300000,0.018900000,0.070900000,0.015400000,0.005600000,0.120100000,0.000000000,0.000000000,0.004800000,0.758000000,0.007800000,3,1,7,7,3,,0.128500000,0.002900000,0.176400000,0.045500000,0.011900000,0.032700000,true,true,0.016100000,0.093900000,0.006200000,0.003200000,0.006300000,103,103,0
666,0,1,1920,1080,640,360,ultra-performance,0.002200000,0.026300000,0.207400000,0.481100000,0.011700000,0.091500000,0.844400000,0.182900000,2.021300000,2.019100000,1.847500000,0.173800000,0.004700000,0.020300000,0.011500000,0.170300000,0.168700000,0.168900000,0.065300000,0.002800000,0.411100000,84,0,103,3,7,0.001000000,0.002100000,0.000900000,0.003100000,0.002900000,0.000500000,0.504100000,0.015900000,0.053500000,0.012900000,0.005100000,0.232800000,0.000000000,0.000000000,0.003500000,0.838300000,0.006100000,3,1,7,7,3,,0.136400000,0.002800000,0.190000000,0.037300000,0.011200000,0.032900000,true,true,0.017600000,0.100700000,0.007200000,0.002500000,0.005600000,103,103,0
667,1,1,1920,1080,640,360,ultra-performance,0.001900000,0.017600000,0.170900000,0.471400000,0.012400000,0.100800000,0.667400000,0.158700000,1.816200000,1.814300000,1.601100000,0.215100000,0.003200000,0.017700000,0.010000000,0.139500000,0.213800000,0.214000000,0.055000000,0.002400000,0.412100000,84,0,103,3,7,0.001200000,0.002600000,0.001200000,0.003600000,0.002200000,0.000600000,0.419700000,0.018900000,0.068200000,0.008300000,0.004700000,0.129300000,0.000000000,0.000000000,0.003200000,0.663700000,0.003700000,3,1,7,7,3,,0.131600000,0.003100000,0.191000000,0.042400000,0.011000000,0.032500000,true,true,0.016800000,0.095500000,0.006300000,0.003500000,0.006400000,103,103,0
668,2,1,1920,1080,640,360,ultra-performance,0.002000000,0.018500000,0.168700000,0.458700000,0.011700000,0.091300000,0.860500000,0.437000000,2.238800000,2.236800000,2.048400000,0.190400000,0.003000000,0.017100000,0.009300000,0.138900000,0.188800000,0.189100000,0.056500000,0.001900000,0.398700000,84,0,103,3,7,0.001000000,0.002300000,0.001000000,0.003100000,0.002900000,0.000700000,0.602300000,0.019300000,0.051800000,0.015900000,0.006700000,0.140200000,0.000000000,0.000000000,0.003800000,0.851000000,0.009500000,3,1,7,7,3,,0.133500000,0.002800000,0.183200000,0.036900000,0.010200000,0.031500000,true,true,0.017000000,0.097800000,0.006900000,0.003100000,0.005800000,103,103,0
669,0,1,1920,1080,640,360,ultra-performance,0.003800000,0.038900000,0.305100000,0.569900000,0.020900000,0.132700000,1.045300000,0.308800000,2.583900000,2.580100000,2.425400000,0.158500000,0.008200000,0.036900000,0.021000000,0.238300000,0.154800000,0.155100000,0.055700000,0.003900000,0.508500000,84,0,103,3,7,0.001600000,0.003600000,0.001300000,0.003600000,0.004600000,0.001200000,0.812500000,0.022500000,0.003000000,0.011100000,0.006100000,0.155700000,0.000100000,0.000000000,0.008500000,1.035400000,0.009900000,3,1,7,7,3,,0.176500000,0.004600000,0.206100000,0.067900000,0.015100000,0.037200000,true,true,0.030600000,0.118900000,0.010100000,0.004900000,0.008700000,103,103,0
670,1,1,1920,1080,640,360,ultra-performance,0.002300000,0.025700000,0.264900000,0.539500000,0.013900000,0.138600000,0.538200000,0.177400000,1.910100000,1.907800000,1.700500000,0.209600000,0.005500000,0.027000000,0.014900000,0.216700000,0.207900000,0.208100000,0.082200000,0.003600000,0.452000000,84,0,103,3,7,0.001600000,0.003100000,0.001100000,0.003400000,0.002600000,0.000500000,0.360100000,0.014400000,0.036700000,0.008400000,0.004000000,0.094800000,0.000000000,0.000000000,0.003200000,0.533900000,0.004300000,3,1,7,7,3,,0.158200000,0.003100000,0.199800000,0.045000000,0.011800000,0.033700000,true,true,0.025100000,0.110700000,0.008200000,0.003500000,0.007300000,103,103,0
671,2,1,1920,1080,640,360,ultra-performance,0.001700000,0.021200000,0.168300000,0.484100000,0.011500000,0.092400000,0.847900000,0.181900000,1.978000000,1.976300000,1.809000000,0.169000000,0.003100000,0.016500000,0.009600000,0.138600000,0.167200000,0.167300000,0.073600000,0.002300000,0.406500000,84,0,103,3,7,0.001000000,0.002500000,0.000900000,0.003000000,0.003000000,0.000800000,0.569100000,0.022700000,0.079200000,0.013400000,0.004800000,0.134600000,0.000000000,0.000000000,0.004700000,0.839700000,0.008200000,3,1,7,7,3,,0.136300000,0.003100000,0.185800000,0.038300000,0.010200000,0.032300000,true,true,0.017200000,0.099300000,0.006800000,0.003600000,0.006400000,103,103,0
672,0,1,1920,1080,640,360,ultra-performance,0.002000000,0.025100000,0.204400000,0.486600000,0.012800000,0.090000000,0.871800000,0.162400000,2.029600000,2.027600000,1.855100000,0.174500000,0.004900000,0.022600000,0.011100000,0.165000000,0.172200000,0.172600000,0.062600000,0.002400000,0.419800000,84,0,103,3,7,0.001200000,0.002400000,0.000900000,0.003100000,0.005900000,0.001100000,0.550200000,0.015900000,0.105500000,0.013300000,0.005800000,0.154100000,0.000100000,0.000000000,0.005500000,0.865000000,0.006800000,3,1,7,7,3,,0.139100000,0.002400000,0.198400000,0.036700000,0.010900000,0.031800000,true,true,0.018600000,0.101000000,0.008600000,0.002800000,0.005300000,103,103,0
673,1,1,1920,1080,640,360,ultra-performance,0.001700000,0.026000000,0.169500000,0.523400000,0.012900000,0.097900000,0.715200000,0.159900000,1.863800000,1.862100000,1.706500000,0.157300000,0.003500000,0.018000000,0.011000000,0.136200000,0.154500000,0.154800000,0.088700000,0.002400000,0.430600000,84,0,103,3,7,0.001300000,0.002500000,0.001200000,0.003700000,0.005000000,0.000700000,0.520200000,0.016400000,0.037400000,0.010500000,0.006000000,0.096700000,0.000100000,0.000000000,0.005400000,0.707100000,0.008100000,3,1,7,7,3,,0.142300000,0.003100000,0.201200000,0.039700000,0.011100000,0.032500000,true,true,0.018800000,0.102500000,0.008200000,0.003200000,0.006600000,103,103,0
674,2,1,1920,1080,640,360,ultra-performance,0.001600000,0.024900000,0.211800000,0.506700000,0.013200000,0.101800000,0.781300000,0.142600000,1.951800000,1.950200000,1.783900000,0.167900000,0.003300000,0.017000000,0.011500000,0.179600000,0.165700000,0.166100000,0.062500000,0.002400000,0.439700000,84,0,103,3,7,0.001300000,0.003200000,0.001100000,0.003700000,0.003200000,0.000700000,0.489500000,0.020000000,0.051800000,0.009800000,0.004400000,0.182100000,0.000100000,0.000000000,0.004300000,0.775200000,0.006100000,3,1,7,7,3,,0.139800000,0.003200000,0.207000000,0.043400000,0.012500000,0.033200000,true,true,0.017900000,0.100600000,0.008000000,0.003800000,0.006400000,103,103,0
675,0,1,1920,1080,640,360,ultra-performance,0.001500000,0.020600000,0.202300000,0.496800000,0.013600000,0.096200000,0.711500000,0.202300000,1.917100000,1.915600000,1.744800000,0.172300000,0.003300000,0.017400000,0.011400000,0.169600000,0.170500000,0.170900000,0.061100000,0.002200000,0.431700000,84,0,103,3,7,0.001200000,0.002400000,0.001100000,0.003500000,0.002300000,0.000700000,0.573800000,0.014600000,0.001600000,0.008000000,0.004200000,0.090200000,0.000100000,0.000000000,0.003100000,0.706800000,0.004700000,3,1,7,7,3,,0.146100000,0.003000000,0.197100000,0.040000000,0.011900000,0.033300000,true,true,0.017500000,0.108500000,0.007500000,0.003600000,0.006000000,103,103,0
676,1,1,1920,1080,640,360,ultra-performance,0.002100000,0.023100000,0.182500000,0.461100000,0.012000000,0.097900000,0.836500000,0.183400000,1.981200000,1.979100000,1.798600000,0.182600000,0.003000000,0.017500000,0.009900000,0.151500000,0.177900000,0.178000000,0.053400000,0.002000000,0.403700000,84,0,103,3,7,0.001300000,0.002300000,0.001100000,0.002900000,0.003700000,0.000700000,0.484200000,0.018600000,0.121000000,0.013400000,0.005400000,0.171400000,0.000000000,0.000000000,0.004000000,0.830000000,0.006500000,3,1,7,7,3,,0.129700000,0.003000000,0.181600000,0.045200000,0.010800000,0.033000000,true,true,0.016300000,0.095200000,0.005800000,0.003100000,0.006300000,103,103,0
677,2,1,1920,1080,640,360,ultra-performance,0.156200000,0.021800000,0.169400000,0.525800000,0.011800000,0.117400000,0.643600000,0.162900000,1.976200000,1.820000000,1.808900000,0.167300000,0.002700000,0.017500000,0.010000000,0.138900000,0.166200000,0.166400000,0.053000000,0.002100000,0.468900000,84,0,103,3,7,0.001500000,0.003400000,0.001500000,0.003700000,0.002400000,0.000500000,0.504400000,0.014300000,0.002000000,0.006800000,0.003100000,0.093000000,0.000100000,0.000000000,0.003000000,0.639700000,0.003900000,3,1,7,7,3,,0.129700000,0.002800000,0.235500000,0.049000000,0.013300000,0.038100000,true,true,0.015900000,0.096200000,0.006600000,0.002500000,0.005800000,103,103,0
678,0,1,1920,1080,640,360,ultra-performance,0.003500000,0.035000000,0.268800000,0.635100000,0.013200000,0.102100000,0.937800000,0.322500000,2.551300000,2.547800000,2.318000000,0.233300000,0.005000000,0.035300000,0.019400000,0.208300000,0.231000000,0.231200000,0.088100000,0.005100000,0.539700000,84,0,103,3,7,0.001300000,0.002800000,0.001100000,0.003500000,0.004400000,0.001000000,0.551500000,0.017300000,0.119100000,0.013300000,0.006300000,0.202100000,0.000000000,0.000000000,0.007200000,0.930900000,0.006900000,3,1,7,7,3,,0.249700000,0.003500000,0.198000000,0.043200000,0.011200000,0.033300000,true,true,0.043300000,0.173500000,0.011500000,0.003900000,0.010500000,103,103,0
679,1,1,1920,1080,640,360,ultra-performance,0.001900000,0.020200000,0.178700000,0.469100000,0.011500000,0.100800000,0.670000000,0.302900000,1.954600000,1.952700000,1.755100000,0.199500000,0.003400000,0.018700000,0.010800000,0.145300000,0.196600000,0.196700000,0.059500000,0.002700000,0.405000000,84,0,103,3,7,0.001100000,0.002500000,0.001000000,0.003400000,0.001700000,0.000400000,0.433000000,0.009800000,0.030000000,0.009700000,0.008300000,0.147700000,0.000000000,0.000000000,0.009500000,0.658100000,0.011900000,3,1,7,7,3,,0.139000000,0.002800000,0.181000000,0.039200000,0.010600000,0.031900000,true,true,0.018000000,0.102900000,0.006000000,0.003000000,0.006200000,103,103,0
680,2,1,1920,1080,640,360,ultra-performance,0.001800000,0.044200000,0.190300000,0.544900000,0.013500000,0.105300000,0.955000000,0.188300000,2.214300000,2.212500000,2.043300000,0.171000000,0.003500000,0.028400000,0.013400000,0.144400000,0.169000000,0.169200000,0.057100000,0.002200000,0.483500000,84,0,103,3,7,0.001200000,0.002700000,0.001100000,0.003700000,0.002200000,0.000500000,0.515400000,0.027100000,0.187700000,0.016900000,0.007500000,0.179300000,0.000000000,0.000000000,0.003800000,0.949100000,0.005900000,3,1,7,7,3,,0.134900000,0.002800000,0.252200000,0.045700000,0.012800000,0.034500000,true,true,0.016700000,0.099300000,0.006700000,0.003200000,0.006100000,103,103,0
681,0,1,1920,1080,640,360,ultra-performance,0.002300000,0.019600000,0.169400000,0.463800000,0.012100000,0.097900000,0.827900000,0.152400000,1.922600000,1.920300000,1.745400000,0.177200000,0.003000000,0.016500000,0.009700000,0.139900000,0.175800000,0.175900000,0.053900000,0.002100000,0.406100000,84,0,103,3,7,0.001200000,0.002400000,0.001100000,0.003400000,0.002100000,0.000300000,0.574000000,0.012600000,0.005800000,0.008400000,0.004600000,0.204100000,0.000000000,0.000000000,0.003300000,0.823300000,0.004600000,3,1,7,7,3,,0.140500000,0.003000000,0.180300000,0.038500000,0.010800000,0.032500000,true,true,0.019200000,0.102600000,0.006300000,0.003100000,0.006400000,103,103,0
682,1,1,1920,1080,640,360,ultra-performance,0.001900000,0.016500000,0.178700000,0.457800000,0.011800000,0.097300000,0.841900000,0.165700000,1.940900000,1.939000000,1.771600000,0.169300000,0.003000000,0.016700000,0.009200000,0.149400000,0.167800000,0.167900000,0.059500000,0.002300000,0.394200000,84,0,103,3,7,0.001200000,0.002300000,0.001300000,0.003100000,0.004300000,0.001200000,0.558700000,0.014700000,0.110700000,0.010700000,0.005700000,0.119000000,0.000100000,0.000000000,0.004000000,0.837000000,0.004900000,3,1,7,7,3,,0.131000000,0.003000000,0.179300000,0.037400000,0.010600000,0.032300000,true,true,0.016500000,0.096400000,0.005800000,0.003200000,0.006300000,103,103,0
683,2,1,1920,1080,640,360,ultra-performance,0.001800000,0.019000000,0.169000000,0.481200000,0.011400000,0.092300000,0.630700000,0.158500000,1.732700000,1.730900000,1.563900000,0.168800000,0.003000000,0.016500000,0.009300000,0.139600000,0.167800000,0.167900000,0.076600000,0.002100000,0.400800000,84,0,103,3,7,0.001000000,0.002200000,0.000900000,0.003100000,0.002100000,0.000400000,0.479900000,0.010300000,0.032200000,0.005500000,0.003600000,0.081000000,0.000000000,0.000000000,0.003700000,0.625900000,0.004800000,3,1,7,7,3,,0.136700000,0.002900000,0.182200000,0.036500000,0.010100000,0.031900000,true,true,0.017500000,0.100600000,0.006500000,0.003100000,0.006200000,103,103,0
684,0,1,1920,1080,640,360,ultra-performance,0.259600000,0.021300000,0.169300000,0.449700000,0.011800000,0.096200000,1.251000000,0.205800000,2.634600000,2.375000000,2.464700000,0.169900000,0.002900000,0.017100000,0.009700000,0.139100000,0.167800000,0.167900000,0.053400000,0.002300000,0.392100000,84,0,103,3,7,0.001200000,0.002400000,0.001000000,0.003500000,0.004800000,0.000900000,0.686500000,0.027100000,0.322900000,0.021000000,0.011400000,0.150700000,0.000000000,0.000000000,0.007000000,1.240400000,0.010600000,3,1,7,7,3,,0.129200000,0.003000000,0.178900000,0.038200000,0.010600000,0.031900000,true,true,0.016300000,0.094900000,0.005600000,0.003200000,0.006300000,103,103,0
685,1,1,1920,1080,640,360,ultra-performance,0.002200000,0.035000000,0.276900000,0.506600000,0.013900000,0.103700000,0.934000000,0.272900000,2.376800000,2.374600000,2.145200000,0.231600000,0.005400000,0.028400000,0.017300000,0.225200000,0.223800000,0.224100000,0.070400000,0.002400000,0.431900000,84,0,103,3,7,0.001200000,0.002800000,0.001100000,0.003900000,0.004800000,0.001100000,0.506000000,0.019800000,0.141000000,0.019000000,0.102700000,0.116600000,0.000000000,0.000000000,0.006000000,0.926000000,0.008000000,3,1,7,7,3,,0.142300000,0.003200000,0.194800000,0.044800000,0.012400000,0.034000000,true,true,0.018400000,0.101900000,0.007100000,0.004400000,0.007300000,103,103,0
686,2,1,1920,1080,640,360,ultra-performance,0.002100000,0.018700000,0.196200000,0.498500000,0.011900000,0.099200000,0.796400000,0.292700000,2.087500000,2.085400000,1.915700000,0.171800000,0.003000000,0.018700000,0.009800000,0.164300000,0.169600000,0.169800000,0.053900000,0.002100000,0.440500000,84,0,103,3,7,0.001100000,0.002700000,0.001000000,0.003300000,0.004400000,0.001100000,0.525900000,0.021000000,0.090200000,0.012100000,0.006600000,0.113500000,0.000000000,0.000000000,0.007400000,0.790300000,0.006100000,3,1,7,7,3,,0.130900000,0.003000000,0.222800000,0.039900000,0.010800000,0.032700000,true,true,0.016800000,0.095800000,0.006300000,0.003100000,0.006100000,103,103,0
687,0,1,1920,1080,640,360,ultra-performance,0.021600000,0.018600000,0.170400000,0.476400000,0.011600000,0.099000000,0.827200000,0.175600000,1.971800000,1.950200000,1.800400000,0.171400000,0.003400000,0.017000000,0.009400000,0.140100000,0.170100000,0.170300000,0.062600000,0.002100000,0.409900000,84,0,103,3,7,0.001200000,0.002600000,0.001000000,0.003400000,0.005400000,0.001000000,0.565000000,0.018700000,0.097300000,0.012200000,0.005600000,0.104000000,0.000000000,0.000000000,0.003600000,0.821000000,0.006200000,3,1,7,7,3,,0.138300000,0.003000000,0.185100000,0.039800000,0.010800000,0.032500000,true,true,0.016500000,0.102600000,0.006400000,0.003600000,0.006300000,103,103,0
688,1,1,1920,1080,640,360,ultra-performance,0.629300000,0.019300000,0.213100000,0.448500000,0.011400000,0.093800000,1.068200000,0.246700000,2.906500000,2.277200000,2.730300000,0.176200000,0.002700000,0.016300000,0.014700000,0.179000000,0.173400000,0.173600000,0.053500000,0.002300000,0.390800000,84,0,103,3,7,0.001100000,0.002400000,0.000900000,0.003600000,0.005300000,0.001200000,0.648100000,0.027500000,0.142800000,0.018700000,0.007200000,0.190000000,0.000100000,0.000000000,0.008900000,1.057800000,0.010400000,3,1,7,7,3,,0.128300000,0.002900000,0.178600000,0.038200000,0.010400000,0.031900000,true,true,0.016000000,0.094700000,0.005900000,0.002900000,0.006000000,103,103,0
689,2,1,1920,1080,640,360,ultra-performance,0.002000000,0.017700000,0.176800000,0.461700000,0.013300000,0.102000000,0.876600000,0.297000000,2.115300000,2.113300000,1.947100000,0.168200000,0.003200000,0.019200000,0.009600000,0.144400000,0.166500000,0.166700000,0.054300000,0.002100000,0.403500000,84,0,103,3,7,0.001400000,0.002500000,0.001100000,0.003200000,0.004100000,0.001000000,0.562700000,0.017100000,0.105400000,0.010500000,0.006000000,0.148600000,0.000000000,0.000000000,0.006700000,0.870300000,0.006300000,3,1,7,7,3,,0.133900000,0.003000000,0.183500000,0.039100000,0.011200000,0.032200000,true,true,0.016700000,0.097900000,0.006800000,0.003000000,0.006400000,103,103,0
690,0,1,1920,1080,640,360,ultra-performance,0.001800000,0.016200000,0.168200000,0.447100000,0.011100000,0.094200000,1.024300000,0.216700000,2.149600000,2.147800000,1.979600000,0.170000000,0.002900000,0.015900000,0.009300000,0.139700000,0.168300000,0.168400000,0.053200000,0.001900000,0.390300000,84,0,103,3,7,0.001000000,0.002400000,0.001000000,0.003300000,0.003000000,0.000700000,0.653100000,0.015600000,0.099900000,0.011600000,0.004500000,0.215200000,0.000000000,0.000000000,0.005300000,1.016600000,0.007700000,3,1,7,7,3,,0.134000000,0.003000000,0.174700000,0.036400000,0.010200000,0.031700000,true,true,0.015900000,0.094100000,0.005800000,0.009100000,0.006300000,103,103,0
691,1,1,1920,1080,640,360,ultra-performance,0.002000000,0.019500000,0.170000000,0.528700000,0.013900000,0.129400000,0.861400000,0.172300000,2.071900000,2.069900000,1.897200000,0.174700000,0.003200000,0.017700000,0.009800000,0.138900000,0.172900000,0.173000000,0.055000000,0.002200000,0.469300000,84,0,103,3,7,0.001400000,0.002900000,0.001000000,0.003600000,0.004000000,0.000900000,0.527000000,0.028000000,0.065200000,0.027100000,0.012600000,0.175600000,0.000000000,0.000000000,0.003800000,0.853100000,0.008300000,3,1,7,7,3,,0.132900000,0.003200000,0.216200000,0.049200000,0.014400000,0.052900000,true,true,0.016600000,0.097600000,0.006200000,0.002900000,0.006800000,103,103,0
692,2,1,1920,1080,640,360,ultra-performance,0.001800000,0.016700000,0.169100000,0.503400000,0.012500000,0.100500000,0.708200000,0.190900000,1.873300000,1.871500000,1.703100000,0.170200000,0.003000000,0.016800000,0.009800000,0.139100000,0.168100000,0.168200000,0.054700000,0.002200000,0.444600000,84,0,103,3,7,0.001200000,0.002500000,0.001100000,0.003300000,0.003800000,0.000800000,0.541400000,0.019700000,0.032000000,0.011600000,0.005700000,0.072800000,0.000000000,0.000000000,0.004800000,0.700700000,0.007500000,3,1,7,7,3,,0.139800000,0.003200000,0.216200000,0.041000000,0.010900000,0.033100000,true,true,0.024100000,0.096500000,0.006400000,0.003500000,0.006400000,103,103,0
693,0,1,1920,1080,640,360,ultra-performance,0.002100000,0.032900000,0.265100000,0.789000000,0.022900000,0.163300000,0.953800000,0.164700000,2.629500000,2.627400000,2.393800000,0.235700000,0.007300000,0.030700000,0.016200000,0.210100000,0.233700000,0.234300000,0.084700000,0.005500000,0.696400000,84,0,103,3,7,0.001900000,0.005000000,0.001600000,0.004200000,0.005300000,0.001200000,0.669700000,0.026900000,0.089900000,0.011700000,0.007800000,0.118400000,0.000100000,0.000000000,0.003600000,0.947300000,0.006500000,3,1,7,7,3,,0.242100000,0.005600000,0.284000000,0.093300000,0.019000000,0.051600000,true,true,0.042500000,0.165600000,0.011500000,0.006900000,0.011100000,103,103,0
694,1,1,1920,1080,640,360,ultra-performance,0.001800000,0.028600000,0.164600000,0.710000000,0.023400000,0.166400000,0.692800000,0.170900000,2.142500000,2.140700000,1.958500000,0.184000000,0.005500000,0.020700000,0.009600000,0.127900000,0.177900000,0.178300000,0.079200000,0.004100000,0.624700000,84,0,103,3,7,0.001800000,0.004100000,0.001400000,0.004000000,0.002800000,0.000500000,0.560100000,0.019700000,0.005400000,0.009000000,0.004900000,0.069100000,0.000200000,0.000000000,0.003700000,0.686700000,0.006100000,3,1,7,7,3,,0.211000000,0.005500000,0.270500000,0.073100000,0.016600000,0.047100000,true,true,0.035900000,0.145900000,0.009500000,0.006300000,0.008900000,103,103,0
695,2,1,1920,1080,640,360,ultra-performance,0.002000000,0.035700000,0.235700000,0.658900000,0.020100000,0.146000000,0.821100000,0.206000000,2.373000000,2.371000000,2.125500000,0.247500000,0.003700000,0.021700000,0.011600000,0.198300000,0.245400000,0.245700000,0.088100000,0.004000000,0.564400000,84,0,103,3,7,0.001900000,0.003900000,0.001500000,0.003900000,0.003000000,0.000700000,0.564300000,0.024600000,0.052100000,0.012700000,0.004500000,0.133600000,0.000100000,0.000000000,0.006900000,0.813700000,0.007400000,3,1,7,7,3,,0.191300000,0.005100000,0.243000000,0.061900000,0.015200000,0.047300000,true,true,0.026800000,0.137000000,0.008700000,0.005700000,0.008600000,103,103,0
696,0,1,1920,1080,640,360,ultra-performance,0.002200000,0.024300000,0.198900000,0.519900000,0.014800000,0.101800000,0.933500000,0.201600000,2.166100000,2.163900000,1.997000000,0.169100000,0.003700000,0.020100000,0.011400000,0.163100000,0.166600000,0.166700000,0.058400000,0.002900000,0.456700000,84,0,103,3,7,0.001300000,0.002700000,0.001400000,0.003200000,0.004600000,0.000900000,0.581100000,0.035100000,0.100300000,0.022000000,0.009300000,0.154500000,0.000100000,0.000000000,0.005600000,0.922100000,0.011400000,3,1,7,7,3,,0.148000000,0.003200000,0.202300000,0.056600000,0.011600000,0.034700000,true,true,0.023500000,0.103000000,0.007800000,0.003300000,0.007300000,103,103,0
697,1,1,1920,1080,640,360,ultra-performance,0.002000000,0.035000000,0.419100000,0.859400000,0.023100000,0.217700000,1.142000000,0.183700000,3.331300000,3.329300000,2.882000000,0.449300000,0.005400000,0.024800000,0.012800000,0.375300000,0.447600000,0.447900000,0.083700000,0.005000000,0.768000000,84,0,103,3,7,0.002000000,0.004300000,0.001400000,0.004400000,0.003100000,0.000400000,0.825800000,0.023200000,0.160600000,0.009200000,0.005100000,0.092200000,0.000100000,0.000000000,0.004000000,1.135800000,0.006200000,3,1,7,7,3,,0.211900000,0.005000000,0.323500000,0.074000000,0.017000000,0.135700000,true,true,0.033200000,0.146800000,0.011100000,0.007400000,0.009600000,103,103,0
698,2,1,1920,1080,640,360,ultra-performance,0.002000000,0.036900000,0.256800000,0.992600000,0.021200000,0.161700000,1.015200000,0.172700000,2.936500000,2.934500000,2.659100000,0.277400000,0.004300000,0.038900000,0.012600000,0.200100000,0.243100000,0.243500000,0.103600000,0.003600000,0.882900000,84,0,103,3,7,0.001800000,0.003900000,0.001700000,0.004200000,0.001900000,0.000500000,0.756400000,0.024200000,0.069000000,0.013900000,0.005100000,0.122100000,0.000400000,0.000000000,0.003400000,1.008500000,0.006700000,3,1,7,7,3,,0.210000000,0.005300000,0.271700000,0.296100000,0.042600000,0.056500000,true,true,0.026000000,0.153500000,0.009700000,0.006800000,0.009600000,103,103,0
699,0,1,1920,1080,640,360,ultra-performance,0.002500000,0.034400000,0.270900000,0.730500000,0.020600000,0.165900000,1.020400000,0.378600000,2.913800000,2.911300000,2.623800000,0.290000000,0.004000000,0.023300000,0.014200000,0.228600000,0.287100000,0.287300000,0.085500000,0.004200000,0.638100000,84,0,103,3,7,0.002000000,0.003800000,0.002100000,0.003900000,0.005400000,0.001100000,0.687900000,0.033800000,0.084100000,0.019300000,0.008400000,0.149000000,0.000000000,0.000000000,0.008800000,1.009600000,0.010800000,3,1,7,7,3,,0.210800000,0.005100000,0.292700000,0.061100000,0.017200000,0.050700000,true,true,0.024200000,0.157700000,0.009000000,0.006100000,0.009400000,103,103,0
700,1,1,1920,1080,640,360,ultra-performance,0.002200000,0.027100000,0.194700000,0.511200000,0.015300000,0.104300000,0.749200000,0.170100000,1.940900000,1.938700000,1.774100000,0.166800000,0.004100000,0.020200000,0.010600000,0.159200000,0.165400000,0.165500000,0.059000000,0.003000000,0.447200000,84,0,103,3,7,0.001200000,0.002700000,0.001200000,0.003800000,0.002500000,0.000400000,0.591900000,0.018900000,0.001800000,0.008200000,0.005100000,0.102700000,0.000000000,0.000000000,0.003600000,0.744000000,0.005200000,3,1,7,7,3,,0.143900000,0.003300000,0.205100000,0.048700000,0.011400000,0.034300000,true,true,0.018400000,0.103300000,0.008100000,0.003800000,0.006900000,103,103,0
701,2,1,1920,1080,640,360,ultra-performance,0.001900000,0.023700000,0.178600000,0.464700000,0.012600000,0.101200000,0.768300000,0.307400000,2.023200000,2.021300000,1.858400000,0.164800000,0.002900000,0.016900000,0.010600000,0.147800000,0.163600000,0.163700000,0.054300000,0.002300000,0.406100000,84,0,103,3,7,0.001300000,0.002600000,0.001100000,0.003100000,0.005200000,0.001300000,0.531800000,0.017600000,0.077500000,0.009900000,0.004800000,0.103600000,0.000100000,0.000000000,0.003600000,0.763500000,0.004800000,3,1,7,7,3,,0.134600000,0.003100000,0.184200000,0.039400000,0.010700000,0.033600000,true,true,0.016300000,0.097500000,0.007400000,0.003500000,0.007000000,103,103,0
702,0,1,1920,1080,640,360,ultra-performance,0.001600000,0.021100000,0.169800000,0.452700000,0.011200000,0.091800000,0.692900000,0.165700000,1.791000000,1.789400000,1.606800000,0.184200000,0.003200000,0.016700000,0.011300000,0.138200000,0.182900000,0.183100000,0.056400000,0.002100000,0.392500000,84,0,103,3,7,0.001000000,0.002100000,0.001000000,0.003300000,0.004100000,0.000600000,0.551900000,0.022300000,0.004000000,0.009700000,0.005200000,0.078500000,0.000000000,0.000000000,0.003900000,0.687600000,0.005300000,3,1,7,7,3,,0.130900000,0.002600000,0.179800000,0.037100000,0.010200000,0.031500000,true,true,0.016700000,0.096700000,0.006000000,0.002900000,0.005800000,103,103,0
703,1,1,1920,1080,640,360,ultra-performance,0.001700000,0.020100000,0.171800000,0.469600000,0.012700000,0.100300000,0.847800000,0.175800000,1.979300000,1.977600000,1.799800000,0.179500000,0.003000000,0.017300000,0.009700000,0.141300000,0.174200000,0.174300000,0.055300000,0.002400000,0.410000000,84,0,103,3,7,0.001300000,0.002700000,0.001000000,0.003600000,0.004600000,0.001100000,0.587700000,0.015600000,0.091000000,0.011300000,0.005100000,0.110200000,0.000100000,0.000000000,0.005200000,0.840500000,0.007300000,3,1,7,7,3,,0.134300000,0.003000000,0.180400000,0.048700000,0.010700000,0.032300000,true,true,0.016700000,0.098100000,0.006500000,0.003500000,0.006400000,103,103,0
704,2,1,1920,1080,640,360,ultra-performance,0.001700000,0.034000000,0.238200000,0.634800000,0.016400000,0.146200000,0.637800000,0.199400000,2.097000000,2.095300000,1.908500000,0.188500000,0.019300000,0.021800000,0.012000000,0.184200000,0.186700000,0.187000000,0.089400000,0.002900000,0.539900000,84,0,103,3,7,0.001300000,0.002800000,0.001200000,0.004000000,0.002500000,0.000400000,0.465900000,0.014600000,0.020400000,0.009900000,0.006800000,0.097200000,0.000000000,0.000000000,0.004600000,0.631600000,0.006200000,3,1,7,7,3,,0.230600000,0.003500000,0.198100000,0.044800000,0.014600000,0.048000000,true,true,0.029600000,0.173800000,0.009200000,0.005300000,0.009100000,103,103,0
705,0,1,1920,1080,640,360,ultra-performance,0.002200000,0.026700000,0.255000000,0.678600000,0.016200000,0.138000000,0.812700000,0.391300000,2.588400000,2.586200000,2.320700000,0.267700000,0.004000000,0.022000000,0.013000000,0.215600000,0.264600000,0.264700000,0.088400000,0.002700000,0.585000000,84,0,103,3,7,0.001500000,0.003500000,0.001500000,0.004000000,0.005400000,0.001200000,0.505300000,0.023600000,0.104100000,0.013200000,0.007400000,0.121300000,0.000100000,0.000000000,0.010500000,0.802600000,0.010100000,3,1,7,7,3,,0.198600000,0.004100000,0.262000000,0.050000000,0.014500000,0.055000000,true,true,0.022200000,0.152200000,0.007500000,0.004200000,0.008700000,103,103,0
706,1,1,1920,1080,640,360,ultra-performance,0.002100000,0.029100000,0.255200000,0.670700000,0.016500000,0.134000000,0.782500000,0.180500000,2.334100000,2.332000000,2.070600000,0.263500000,0.003800000,0.023000000,0.012900000,0.215100000,0.261700000,0.262000000,0.101200000,0.003100000,0.564400000,84,0,103,3,7,0.001700000,0.003000000,0.001300000,0.004000000,0.002000000,0.000400000,0.436700000,0.020400000,0.137100000,0.010900000,0.004700000,0.149200000,0.000100000,0.000000000,0.004400000,0.775900000,0.006600000,3,1,7,7,3,,0.189000000,0.004400000,0.258300000,0.050100000,0.014600000,0.047300000,true,true,0.022900000,0.140200000,0.008900000,0.004100000,0.008900000,103,103,0
707,2,1,1920,1080,640,360,ultra-performance,0.001700000,0.024700000,0.248200000,0.468800000,0.013300000,0.102100000,0.753900000,0.178600000,1.958100000,1.956400000,1.791300000,0.166800000,0.003000000,0.016600000,0.013200000,0.215100000,0.165100000,0.165300000,0.055500000,0.002300000,0.409100000,84,0,103,3,7,0.001300000,0.002700000,0.001100000,0.003700000,0.002900000,0.000700000,0.512900000,0.024300000,0.075500000,0.009600000,0.005100000,0.102400000,0.000100000,0.000000000,0.004800000,0.747100000,0.006800000,3,1,7,7,3,,0.131200000,0.003100000,0.187800000,0.042900000,0.011000000,0.032700000,true,true,0.017100000,0.094800000,0.006700000,0.003300000,0.006300000,103,103,0
708,0,1,1920,1080,640,360,ultra-performance,0.001800000,0.027300000,0.188100000,0.554000000,0.017000000,0.118100000,0.798100000,0.154700000,2.014600000,2.012800000,1.859100000,0.155500000,0.005100000,0.024200000,0.010000000,0.147800000,0.154200000,0.154400000,0.069700000,0.004000000,0.478100000,84,0,103,3,7,0.001400000,0.003100000,0.001000000,0.003600000,0.002500000,0.000400000,0.559200000,0.024700000,0.020200000,0.008100000,0.004600000,0.157400000,0.000100000,0.000000000,0.003800000,0.790100000,0.008000000,3,1,7,7,3,,0.160800000,0.004200000,0.193700000,0.060700000,0.013200000,0.044800000,true,true,0.029700000,0.106800000,0.008700000,0.005000000,0.007400000,103,103,0
709,1,1,1920,1080,640,360,ultra-performance,0.001700000,0.022700000,0.170100000,1.001900000,0.040300000,0.288300000,1.009500000,0.168900000,2.864700000,2.863000000,2.703400000,0.161300000,0.003300000,0.017100000,0.009200000,0.139100000,0.159700000,0.159800000,0.048900000,0.002400000,0.940700000,84,0,103,3,7,0.003300000,0.006600000,0.003400000,0.008900000,0.006900000,0.001500000,0.661300000,0.036700000,0.088000000,0.020100000,0.006900000,0.150000000,0.000000000,0.000000000,0.004900000,0.998500000,0.011000000,3,1,7,7,3,,0.127000000,0.003000000,0.548800000,0.129500000,0.034200000,0.097000000,true,true,0.017200000,0.091300000,0.006700000,0.003100000,0.006100000,103,103,0
710,2,1,1920,1080,640,360,ultra-performance,0.002300000,0.035700000,0.273600000,0.757200000,0.020700000,0.165100000,0.746400000,0.167700000,2.449600000,2.447300000,2.168700000,0.280900000,0.004300000,0.027100000,0.015200000,0.226400000,0.279400000,0.279600000,0.091500000,0.003500000,0.659700000,84,0,103,3,7,0.002000000,0.003800000,0.001700000,0.004100000,0.002700000,0.000400000,0.617900000,0.017500000,0.002400000,0.009100000,0.005100000,0.069500000,0.000000000,0.000000000,0.004000000,0.740200000,0.006200000,3,1,7,7,3,,0.209000000,0.004100000,0.307800000,0.067600000,0.017500000,0.052800000,true,true,0.025300000,0.155400000,0.010000000,0.004300000,0.009300000,103,103,0
711,0,1,1920,1080,640,360,ultra-performance,0.001700000,0.025100000,0.216600000,0.710700000,0.026100000,0.171400000,0.824400000,0.181500000,2.408600000,2.406900000,2.157500000,0.251100000,0.003600000,0.024200000,0.016600000,0.171900000,0.249200000,0.249500000,0.083900000,0.003400000,0.615500000,84,0,103,3,7,0.002400000,0.003700000,0.002000000,0.004800000,0.008100000,0.001600000,0.522600000,0.027200000,0.070500000,0.014900000,0.007900000,0.144500000,0.000100000,0.000000000,0.004900000,0.815200000,0.009200000,3,1,7,7,3,,0.197000000,0.003900000,0.246500000,0.072300000,0.022500000,0.072500000,true,true,0.022600000,0.146600000,0.009400000,0.004900000,0.008900000,103,103,0
712,1,1,1920,1080,640,360,ultra-performance,0.001900000,0.031100000,0.225600000,0.810000000,0.018900000,0.143200000,0.877100000,0.339300000,2.772800000,2.770900000,2.447100000,0.325700000,0.003900000,0.022700000,0.017300000,0.180800000,0.316200000,0.316600000,0.103200000,0.004100000,0.699900000,84,0,103,3,7,0.001700000,0.003300000,0.001500000,0.004100000,0.004900000,0.001100000,0.530100000,0.023700000,0.118000000,0.011900000,0.006200000,0.156900000,0.000000000,0.000000000,0.007000000,0.870400000,0.006700000,3,1,7,7,3,,0.239700000,0.004300000,0.322400000,0.052300000,0.016300000,0.064300000,true,true,0.029900000,0.178500000,0.012200000,0.004400000,0.010100000,103,103,0
713,2,1,1920,1080,640,360,ultra-performance,0.002300000,0.026000000,0.173900000,0.724200000,0.016500000,0.134600000,0.746100000,0.157600000,2.295100000,2.292800000,1.981200000,0.313900000,0.003600000,0.018500000,0.011900000,0.139500000,0.311800000,0.311900000,0.092200000,0.002600000,0.626700000,84,0,103,3,7,0.001500000,0.003100000,0.001500000,0.004000000,0.002700000,0.000700000,0.547500000,0.017300000,0.035200000,0.014800000,0.004700000,0.100400000,0.000100000,0.000000000,0.005500000,0.739000000,0.007100000,3,1,7,7,3,,0.207000000,0.003900000,0.301100000,0.047400000,0.014800000,0.052000000,true,true,0.023900000,0.158200000,0.008800000,0.003300000,0.008300000,103,103,0
714,0,1,1920,1080,640,360,ultra-performance,0.002200000,0.029500000,0.244200000,0.744000000,0.015700000,0.129300000,0.778200000,0.183600000,2.436700000,2.434500000,2.126700000,0.310000000,0.003700000,0.019000000,0.011800000,0.209000000,0.307500000,0.307800000,0.097400000,0.002500000,0.641600000,84,0,103,3,7,0.001700000,0.002400000,0.001500000,0.003600000,0.004600000,0.000600000,0.549000000,0.019400000,0.052000000,0.009200000,0.004900000,0.119300000,0.000000000,0.000000000,0.003800000,0.772000000,0.006200000,3,1,7,7,3,,0.213400000,0.003700000,0.312100000,0.045800000,0.015000000,0.051000000,true,true,0.024400000,0.165400000,0.008600000,0.002800000,0.008000000,103,103,0
715,1,1,1920,1080,640,360,ultra-performance,0.002000000,0.020100000,0.192800000,0.477100000,0.012600000,0.103300000,1.124800000,0.398100000,2.498200000,2.496200000,2.330800000,0.167400000,0.003200000,0.018200000,0.017500000,0.153700000,0.164100000,0.164200000,0.054500000,0.002100000,0.418600000,84,0,103,3,7,0.001500000,0.002600000,0.001000000,0.003400000,0.006100000,0.001500000,0.704000000,0.029800000,0.137100000,0.021800000,0.011100000,0.178600000,0.000000000,0.000000000,0.010900000,1.109400000,0.015400000,3,1,7,7,3,,0.135400000,0.003200000,0.193000000,0.042500000,0.011300000,0.032700000,true,true,0.016800000,0.099000000,0.006500000,0.003300000,0.006500000,103,103,0
716,2,1,1920,1080,640,360,ultra-performance,0.002000000,0.033300000,0.284300000,0.763400000,0.021300000,0.156100000,1.267000000,0.198400000,3.002600000,3.000600000,2.725800000,0.276800000,0.004500000,0.027600000,0.016500000,0.234800000,0.275400000,0.275500000,0.091100000,0.004100000,0.665600000,84,0,103,3,7,0.002300000,0.003400000,0.001600000,0.003900000,0.003600000,0.000900000,0.760400000,0.024800000,0.107800000,0.024600000,0.011700000,0.307000000,0.000000000,0.000000000,0.005300000,1.257300000,0.009700000,3,1,7,7,3,,0.221600000,0.004600000,0.299800000,0.066600000,0.017600000,0.054700000,true,true,0.030400000,0.162500000,0.010200000,0.004300000,0.009500000,103,103,0
717,0,1,1920,1080,640,360,ultra-performance,0.001900000,0.023000000,0.221000000,0.472100000,0.023800000,0.111900000,0.760900000,0.187200000,1.969500000,1.967600000,1.801800000,0.167700000,0.004300000,0.023100000,0.016500000,0.176500000,0.165700000,0.165800000,0.053600000,0.003100000,0.413500000,84,0,103,3,7,0.001400000,0.002900000,0.001000000,0.003400000,0.002900000,0.000900000,0.543900000,0.021200000,0.063000000,0.010500000,0.004600000,0.093200000,0.000100000,0.000000000,0.005400000,0.754400000,0.006500000,3,1,7,7,3,,0.136700000,0.003400000,0.178500000,0.048400000,0.012000000,0.034200000,true,true,0.020300000,0.096000000,0.006900000,0.004100000,0.006400000,103,103,0
718,1,1,1920,1080,640,360,ultra-performance,0.002000000,0.020200000,0.189100000,0.501300000,0.014600000,0.104700000,0.629400000,0.155000000,1.787900000,1.785900000,1.616300000,0.171600000,0.003700000,0.019500000,0.011300000,0.153900000,0.170500000,0.170600000,0.059600000,0.002800000,0.437000000,84,0,103,3,7,0.001200000,0.002600000,0.001300000,0.003300000,0.002400000,0.000500000,0.510100000,0.015200000,0.002100000,0.006500000,0.003300000,0.073000000,0.000100000,0.000000000,0.003500000,0.625100000,0.004300000,3,1,7,7,3,,0.143400000,0.003400000,0.200200000,0.044000000,0.011500000,0.033900000,true,true,0.018700000,0.103400000,0.007700000,0.003500000,0.007000000,103,103,0
719,2,1,1920,1080,640,360,ultra-performance,0.001800000,0.022400000,0.170000000,0.468000000,0.012800000,0.099600000,0.918300000,0.199200000,2.074300000,2.072500000,1.892100000,0.182200000,0.002900000,0.016300000,0.009700000,0.140700000,0.179700000,0.179800000,0.059900000,0.001900000,0.404300000,84,0,103,3,7,0.001100000,0.002500000,0.001100000,0.003300000,0.003900000,0.001000000,0.510800000,0.025600000,0.093700000,0.010000000,0.005900000,0.243100000,0.000000000,0.000000000,0.006700000,0.908700000,0.009600000,3,1,7,7,3,,0.134800000,0.003100000,0.183800000,0.038100000,0.010900000,0.033200000,true,true,0.016800000,0.099000000,0.006800000,0.003000000,0.006300000,103,103,0
720,0,1,1920,1080,640,360,ultra-performance,0.001900000,0.028900000,0.278100000,0.762800000,0.020100000,0.159400000,0.988700000,0.245300000,2.781400000,2.779500000,2.485200000,0.296200000,0.004700000,0.027000000,0.016900000,0.229000000,0.293400000,0.293500000,0.093300000,0.003800000,0.663100000,84,0,103,3,7,0.002500000,0.003700000,0.001600000,0.003800000,0.005300000,0.001200000,0.711000000,0.025100000,0.047500000,0.018400000,0.006900000,0.143000000,0.000000000,0.000000000,0.009000000,0.979000000,0.009700000,3,1,7,7,3,,0.216300000,0.004400000,0.307000000,0.064400000,0.017200000,0.053200000,true,true,0.028900000,0.159400000,0.009700000,0.004000000,0.009800000,103,103,0
721,1,1,1920,1080,640,360,ultra-performance,0.002100000,0.019900000,0.179000000,0.527700000,0.015400000,0.107100000,0.779300000,0.163800000,1.966200000,1.964100000,1.794300000,0.171900000,0.003500000,0.019700000,0.011800000,0.143400000,0.167100000,0.167200000,0.058300000,0.002600000,0.464800000,84,0,103,3,7,0.001300000,0.002700000,0.001100000,0.003600000,0.002500000,0.000500000,0.552800000,0.018500000,0.042200000,0.013200000,0.005400000,0.126100000,0.000000000,0.000000000,0.003600000,0.773500000,0.005800000,3,1,7,7,3,,0.144300000,0.005600000,0.217900000,0.050400000,0.011700000,0.034300000,true,true,0.018500000,0.102000000,0.007100000,0.003500000,0.008600000,103,103,0
722,2,1,1920,1080,640,360,ultra-performance,0.001800000,0.019200000,0.232000000,0.798600000,0.020900000,0.150000000,0.936100000,0.463700000,2.906400000,2.904600000,2.622300000,0.284100000,0.003100000,0.017200000,0.009600000,0.201500000,0.281100000,0.281600000,0.101400000,0.003900000,0.690600000,84,0,103,3,7,0.001600000,0.003600000,0.001500000,0.004200000,0.004800000,0.001100000,0.648000000,0.024600000,0.083400000,0.014000000,0.007700000,0.124300000,0.000100000,0.000000000,0.008600000,0.927500000,0.008600000,3,1,7,7,3,,0.232400000,0.004500000,0.306600000,0.067400000,0.016700000,0.062400000,true,true,0.029200000,0.172400000,0.011100000,0.004800000,0.010400000,103,103,0
723,0,1,1920,1080,640,360,ultra-performance,0.002200000,0.027400000,0.314200000,1.201900000,0.018800000,0.137100000,0.615500000,0.171100000,2.838100000,2.835900000,2.488200000,0.349900000,0.004500000,0.028400000,0.018100000,0.262700000,0.347900000,0.348300000,0.180000000,0.006100000,1.012700000,84,0,103,3,7,0.001500000,0.003100000,0.001400000,0.004400000,0.003200000,0.000700000,0.427700000,0.019500000,0.018700000,0.009600000,0.004900000,0.111500000,0.000100000,0.000000000,0.004200000,0.610500000,0.005000000,3,1,7,7,3,,0.387700000,0.009100000,0.485200000,0.063100000,0.015700000,0.051100000,true,true,0.043400000,0.289300000,0.015800000,0.008700000,0.020300000,103,103,0
724,1,1,1920,1080,640,360,ultra-performance,0.001800000,0.019900000,0.299800000,0.769800000,0.019000000,0.157400000,0.782000000,0.191200000,2.539000000,2.537200000,2.240900000,0.298100000,0.003600000,0.024500000,0.016600000,0.254500000,0.296700000,0.296800000,0.092800000,0.003300000,0.670900000,84,0,103,3,7,0.002000000,0.003500000,0.001500000,0.004100000,0.003500000,0.000800000,0.515500000,0.019200000,0.113800000,0.010300000,0.005400000,0.091600000,0.000100000,0.000000000,0.004300000,0.775600000,0.006400000,3,1,7,7,3,,0.222700000,0.004500000,0.305400000,0.064800000,0.016700000,0.056200000,true,true,0.025200000,0.170700000,0.008500000,0.003800000,0.009600000,103,103,0
725,2,1,1920,1080,640,360,ultra-performance,0.001900000,0.026100000,0.264200000,0.648900000,0.016900000,0.136700000,0.654200000,0.187000000,2.201600000,2.199700000,1.935900000,0.265700000,0.003500000,0.022300000,0.023500000,0.214400000,0.264500000,0.264600000,0.083500000,0.002800000,0.559900000,84,0,103,3,7,0.001800000,0.002900000,0.001400000,0.003900000,0.002600000,0.000400000,0.360200000,0.017800000,0.167800000,0.007200000,0.004500000,0.075900000,0.000000000,0.000000000,0.003800000,0.650200000,0.004000000,3,1,7,7,3,,0.189100000,0.003900000,0.258500000,0.048400000,0.014100000,0.045500000,true,true,0.020800000,0.142800000,0.008800000,0.004000000,0.008600000,103,103,0
726,0,1,1920,1080,640,360,ultra-performance,0.001900000,0.024000000,0.252000000,0.647200000,0.015200000,0.129300000,0.760700000,0.171100000,2.268500000,2.266600000,2.001400000,0.267100000,0.003400000,0.020800000,0.013200000,0.214200000,0.265800000,0.266000000,0.085100000,0.006800000,0.553100000,84,0,103,3,7,0.001400000,0.003000000,0.001400000,0.003900000,0.002800000,0.000600000,0.621300000,0.016100000,0.006400000,0.007700000,0.005000000,0.082500000,0.000100000,0.000000000,0.003800000,0.756000000,0.004700000,3,1,7,7,3,,0.184700000,0.003800000,0.257000000,0.047500000,0.013800000,0.045700000,true,true,0.022100000,0.138900000,0.007900000,0.003800000,0.008200000,103,103,0
727,1,1,1920,1080,640,360,ultra-performance,0.001700000,0.023500000,0.255300000,0.644800000,0.015600000,0.128200000,0.906700000,0.194700000,2.439500000,2.437800000,2.170500000,0.269000000,0.003400000,0.021600000,0.013600000,0.216200000,0.267700000,0.267900000,0.080400000,0.002300000,0.559900000,84,0,103,3,7,0.001400000,0.002800000,0.001300000,0.003500000,0.003100000,0.000600000,0.575400000,0.013600000,0.186600000,0.007800000,0.005300000,0.096500000,0.000100000,0.000000000,0.003900000,0.901900000,0.004800000,3,1,7,7,3,,0.186100000,0.003800000,0.254800000,0.054900000,0.013600000,0.046000000,true,true,0.022200000,0.140800000,0.007900000,0.003400000,0.007800000,103,103,0
728,2,1,1920,1080,640,360,ultra-performance,0.001700000,0.021900000,0.253700000,0.642700000,0.014100000,0.129500000,0.764700000,0.195100000,2.292800000,2.291100000,2.023400000,0.269400000,0.003500000,0.021700000,0.012400000,0.215600000,0.267900000,0.268000000,0.080600000,0.002300000,0.557600000,84,0,103,3,7,0.001500000,0.003200000,0.001500000,0.004000000,0.003100000,0.000600000,0.555300000,0.023000000,0.049800000,0.009600000,0.005700000,0.097300000,0.000100000,0.000000000,0.004500000,0.759200000,0.005500000,3,1,7,7,3,,0.188200000,0.003700000,0.255000000,0.051600000,0.013300000,0.045200000,true,true,0.021000000,0.143600000,0.007800000,0.003500000,0.008100000,103,103,0
729,0,1,1920,1080,640,360,ultra-performance,0.002000000,0.025500000,0.287100000,0.793300000,0.016800000,0.144100000,0.753300000,0.207800000,2.530300000,2.528300000,2.229900000,0.300400000,0.003900000,0.024800000,0.015100000,0.242700000,0.299200000,0.299300000,0.090300000,0.002700000,0.697600000,84,0,103,3,7,0.001900000,0.003200000,0.001600000,0.004500000,0.003300000,0.000600000,0.566900000,0.013900000,0.043500000,0.008700000,0.005300000,0.089200000,0.000000000,0.000000000,0.004300000,0.746900000,0.006400000,3,1,7,7,3,,0.206600000,0.004500000,0.298300000,0.112900000,0.015400000,0.059300000,true,true,0.024000000,0.156800000,0.007900000,0.004100000,0.009200000,103,103,0
730,1,1,1920,1080,640,360,ultra-performance,0.001800000,0.024900000,0.286000000,0.723900000,0.016700000,0.157200000,0.844200000,0.180800000,2.537800000,2.536000000,2.235500000,0.302300000,0.003800000,0.025100000,0.015200000,0.241500000,0.296300000,0.296600000,0.090700000,0.002700000,0.627800000,84,0,103,3,7,0.001900000,0.003200000,0.001600000,0.004400000,0.003300000,0.000500000,0.533100000,0.013200000,0.115800000,0.009800000,0.005100000,0.141700000,0.000100000,0.000000000,0.004300000,0.838000000,0.006200000,3,1,7,7,3,,0.208400000,0.004200000,0.297100000,0.050300000,0.015400000,0.051900000,true,true,0.023700000,0.159800000,0.007700000,0.003600000,0.009000000,103,103,0
731,2,1,1920,1080,640,360,ultra-performance,0.001800000,0.021900000,0.289100000,0.737000000,0.016400000,0.141600000,0.725300000,0.222100000,2.457700000,2.455900000,2.155200000,0.302500000,0.003700000,0.025300000,0.015400000,0.244200000,0.300800000,0.301000000,0.090900000,0.002600000,0.640900000,84,0,103,3,7,0.001700000,0.003000000,0.001500000,0.004300000,0.002800000,0.000600000,0.514400000,0.018600000,0.029900000,0.008300000,0.005900000,0.125800000,0.000100000,0.000000000,0.003700000,0.720600000,0.004700000,3,1,7,7,3,,0.209900000,0.004200000,0.308000000,0.050500000,0.015500000,0.052200000,true,true,0.024000000,0.160400000,0.008300000,0.003800000,0.008900000,103,103,0
732,0,1,1920,1080,640,360,ultra-performance,0.002100000,0.023500000,0.290300000,0.757900000,0.017000000,0.148600000,0.818300000,0.188500000,2.549100000,2.547000000,2.246200000,0.302900000,0.004200000,0.025500000,0.015100000,0.245000000,0.301200000,0.301400000,0.091800000,0.003100000,0.660200000,84,0,103,3,7,0.001900000,0.003200000,0.001600000,0.004200000,0.003100000,0.000700000,0.360300000,0.014400000,0.238000000,0.010400000,0.006100000,0.164500000,0.000000000,0.000000000,0.004400000,0.812800000,0.005500000,3,1,7,7,3,,0.213300000,0.004500000,0.303400000,0.052900000,0.029700000,0.055700000,true,true,0.024000000,0.163700000,0.007900000,0.003800000,0.009300000,103,103,0
733,1,1,1920,1080,640,360,ultra-performance,0.002000000,0.023400000,0.297300000,0.729000000,0.015800000,0.142700000,0.985600000,0.183300000,2.681400000,2.679400000,2.379100000,0.302300000,0.003700000,0.025000000,0.015100000,0.253100000,0.300300000,0.300500000,0.091500000,0.002800000,0.631900000,84,0,103,3,7,0.001700000,0.003100000,0.001500000,0.004100000,0.003100000,0.000500000,0.489700000,0.013600000,0.356100000,0.009000000,0.005300000,0.087500000,0.000100000,0.000000000,0.004600000,0.979900000,0.005700000,3,1,7,7,3,,0.210100000,0.004200000,0.298300000,0.051000000,0.015000000,0.052700000,true,true,0.024600000,0.159900000,0.008500000,0.003500000,0.009000000,103,103,0
734,2,1,1920,1080,640,360,ultra-performance,0.001800000,0.021100000,0.288000000,0.726400000,0.015400000,0.140000000,0.751600000,0.176100000,2.429100000,2.427300000,2.120400000,0.308700000,0.003700000,0.025300000,0.015200000,0.243500000,0.307300000,0.307400000,0.091000000,0.002700000,0.629900000,84,0,103,3,7,0.001900000,0.003200000,0.001500000,0.004200000,0.003300000,0.000400000,0.546800000,0.013100000,0.064000000,0.009300000,0.004900000,0.088500000,0.000100000,0.000000000,0.004300000,0.745500000,0.006100000,3,1,7,7,3,,0.210100000,0.004100000,0.296900000,0.050300000,0.015500000,0.052400000,true,true,0.023600000,0.161500000,0.008000000,0.003600000,0.009000000,103,103,0
735,0,1,1920,1080,640,360,ultra-performance,0.001800000,0.022100000,0.290700000,0.740100000,0.016000000,0.142500000,0.758000000,0.195600000,2.480900000,2.479100000,2.166800000,0.314100000,0.003500000,0.025200000,0.015200000,0.246300000,0.312200000,0.312300000,0.091300000,0.002700000,0.643300000,84,0,103,3,7,0.001900000,0.015500000,0.001700000,0.003900000,0.003300000,0.000900000,0.547900000,0.018000000,0.027300000,0.012500000,0.006100000,0.106800000,0.000000000,0.000000000,0.005500000,0.751300000,0.006700000,3,1,7,7,3,,0.213100000,0.004300000,0.306200000,0.050500000,0.015500000,0.053200000,true,true,0.024000000,0.164100000,0.007700000,0.003900000,0.008900000,103,103,0
736,1,1,1920,1080,640,360,ultra-performance,0.002100000,0.031300000,0.184600000,0.573800000,0.018100000,0.122400000,0.638300000,0.161500000,1.909900000,1.907800000,1.732100000,0.177800000,0.008600000,0.025500000,0.012100000,0.137400000,0.176300000,0.176500000,0.091000000,0.003600000,0.477200000,84,0,103,3,7,0.001400000,0.002900000,0.001200000,0.003700000,0.002100000,0.000300000,0.519700000,0.018200000,0.001500000,0.005900000,0.003700000,0.070400000,0.000000000,0.000000000,0.003200000,0.634200000,0.004100000,3,1,7,7,3,,0.160200000,0.003700000,0.201800000,0.061100000,0.013300000,0.036400000,true,true,0.031100000,0.104600000,0.008600000,0.004000000,0.008500000,103,103,0
737,2,1,1920,1080,640,360,ultra-performance,0.001900000,0.025300000,0.162400000,0.482300000,0.015200000,0.111400000,0.715600000,0.197300000,1.869500000,1.867600000,1.711400000,0.158100000,0.003700000,0.017400000,0.011000000,0.129700000,0.156500000,0.156700000,0.051300000,0.002500000,0.426800000,84,0,103,3,7,0.001300000,0.003000000,0.001000000,0.003100000,0.003400000,0.000400000,0.599700000,0.019000000,0.001100000,0.005100000,0.003400000,0.068000000,0.000000000,0.000000000,0.003300000,0.711800000,0.003800000,3,1,7,7,3,,0.143500000,0.003800000,0.179900000,0.053300000,0.012200000,0.033400000,true,true,0.018400000,0.104700000,0.007000000,0.004000000,0.006600000,103,103,0
738,0,1,1920,1080,640,360,ultra-performance,0.002000000,0.025700000,0.170500000,0.697800000,0.024400000,0.156100000,0.824200000,0.321800000,2.379100000,2.377100000,2.222500000,0.156600000,0.004000000,0.017300000,0.009500000,0.139300000,0.154400000,0.154600000,0.050800000,0.002600000,0.637600000,84,0,103,3,7,0.001800000,0.004000000,0.001600000,0.004900000,0.003300000,0.000500000,0.559300000,0.016300000,0.115200000,0.008700000,0.004900000,0.093600000,0.000000000,0.000000000,0.004600000,0.818700000,0.005500000,3,1,7,7,3,,0.129500000,0.003400000,0.358500000,0.068600000,0.019600000,0.057200000,true,true,0.016600000,0.093600000,0.006400000,0.003700000,0.006300000,103,103,0
739,1,1,1920,1080,640,360,ultra-performance,0.003900000,0.046200000,0.567200000,0.758400000,0.018300000,0.151900000,0.921800000,0.189500000,3.017300000,3.013400000,2.657200000,0.360100000,0.007400000,0.048600000,0.029800000,0.480300000,0.358200000,0.358400000,0.093000000,0.003700000,0.659000000,84,0,103,3,7,0.001800000,0.003300000,0.001500000,0.004200000,0.003400000,0.000400000,0.589000000,0.018200000,0.083400000,0.009400000,0.005100000,0.191400000,0.000100000,0.000000000,0.004400000,0.915600000,0.006200000,3,1,7,7,3,,0.227600000,0.004500000,0.305900000,0.051500000,0.015500000,0.053400000,true,true,0.026500000,0.173600000,0.008700000,0.004200000,0.009800000,103,103,0
740,2,1,1920,1080,640,360,ultra-performance,0.001900000,0.033800000,0.289800000,0.738700000,0.017300000,0.144300000,1.059900000,0.189500000,2.780700000,2.778800000,2.475200000,0.305500000,0.003700000,0.025700000,0.015400000,0.244600000,0.300100000,0.300300000,0.090900000,0.002800000,0.632600000,84,0,103,3,7,0.001800000,0.003200000,0.001500000,0.004000000,0.003400000,0.000500000,0.603400000,0.018500000,0.176300000,0.009800000,0.005600000,0.220700000,0.000000000,0.000000000,0.004300000,1.053000000,0.006900000,3,1,7,7,3,,0.209800000,0.004200000,0.297900000,0.050400000,0.015400000,0.054400000,true,true,0.023500000,0.160600000,0.008800000,0.003500000,0.008900000,103,103,0
741,0,1,1920,1080,640,360,ultra-performance,0.001800000,0.025100000,0.293900000,0.749100000,0.016800000,0.195800000,0.706900000,0.176700000,2.475300000,2.473500000,2.166100000,0.309200000,0.003700000,0.025100000,0.015700000,0.248900000,0.307700000,0.308000000,0.091600000,0.002700000,0.652000000,84,0,103,3,7,0.001800000,0.003400000,0.001600000,0.004100000,0.002500000,0.000400000,0.552400000,0.018000000,0.002200000,0.008500000,0.005900000,0.096200000,0.000000000,0.000000000,0.003600000,0.700600000,0.006300000,3,1,7,7,3,,0.221400000,0.004300000,0.300700000,0.050800000,0.015500000,0.058800000,true,true,0.024100000,0.171200000,0.008500000,0.003800000,0.009100000,103,103,0
742,1,1,1920,1080,640,360,ultra-performance,0.001800000,0.021100000,0.173800000,0.477700000,0.012300000,0.102300000,0.709500000,0.162400000,1.831300000,1.829500000,1.660900000,0.170400000,0.003000000,0.017400000,0.011200000,0.141600000,0.169400000,0.169500000,0.054700000,0.002300000,0.409600000,84,0,103,3,7,0.001100000,0.002500000,0.001100000,0.003300000,0.002700000,0.000400000,0.564100000,0.011300000,0.023400000,0.006100000,0.004000000,0.082200000,0.000000000,0.000000000,0.003500000,0.705700000,0.003800000,3,1,7,7,3,,0.134400000,0.003200000,0.185700000,0.040700000,0.011500000,0.033600000,true,true,0.016900000,0.098000000,0.006600000,0.003300000,0.006600000,103,103,0
743,2,1,1920,1080,640,360,ultra-performance,0.001700000,0.018800000,0.178400000,0.518700000,0.014100000,0.106200000,0.783700000,0.241500000,2.066400000,2.064700000,1.863100000,0.203300000,0.003000000,0.016600000,0.009500000,0.148900000,0.201200000,0.201300000,0.065900000,0.002800000,0.447900000,84,0,103,3,7,0.001300000,0.002600000,0.001100000,0.003900000,0.002800000,0.000700000,0.609900000,0.017000000,0.041200000,0.011300000,0.003400000,0.076000000,0.000100000,0.000000000,0.005600000,0.776900000,0.006800000,3,1,7,7,3,,0.155800000,0.003300000,0.185400000,0.042800000,0.011300000,0.048700000,true,true,0.021900000,0.112300000,0.007700000,0.003500000,0.007000000,103,103,0
744,0,1,1920,1080,640,360,ultra-performance,0.002500000,0.035200000,0.305100000,0.812200000,0.024000000,0.167200000,0.701000000,0.276800000,2.603000000,2.600500000,2.324000000,0.279000000,0.006600000,0.031900000,0.017400000,0.248300000,0.277400000,0.277500000,0.098700000,0.004900000,0.706000000,84,0,103,3,7,0.002100000,0.004200000,0.001800000,0.004300000,0.003100000,0.000500000,0.570300000,0.019100000,0.003500000,0.007600000,0.004300000,0.072000000,0.000000000,0.000000000,0.004000000,0.696800000,0.004200000,3,1,7,7,3,,0.234200000,0.005300000,0.318300000,0.073200000,0.017200000,0.056800000,true,true,0.038500000,0.164800000,0.010200000,0.005000000,0.010900000,103,103,0
745,1,1,1920,1080,640,360,ultra-performance,0.002300000,0.030000000,0.273000000,0.708600000,0.019100000,0.146600000,1.072900000,0.368300000,2.904200000,2.901900000,2.620800000,0.283400000,0.004300000,0.026100000,0.014700000,0.227500000,0.280200000,0.280400000,0.085400000,0.003300000,0.617400000,84,0,103,3,7,0.001900000,0.003600000,0.001400000,0.003800000,0.006200000,0.001400000,0.756600000,0.026300000,0.054600000,0.018400000,0.008700000,0.156800000,0.000100000,0.000000000,0.010700000,1.050500000,0.022400000,3,1,7,7,3,,0.207300000,0.004200000,0.281800000,0.056100000,0.015800000,0.051500000,true,true,0.027100000,0.154300000,0.008900000,0.003800000,0.008700000,103,103,0
746,2,1,1920,1080,640,360,ultra-performance,0.002100000,0.029000000,0.297900000,0.787400000,0.020000000,0.167100000,0.692400000,0.182400000,2.479700000,2.477600000,2.178300000,0.301400000,0.004300000,0.028600000,0.016700000,0.247400000,0.299800000,0.299900000,0.096600000,0.003500000,0.684600000,84,0,103,3,7,0.002300000,0.004300000,0.001700000,0.004500000,0.002800000,0.000500000,0.544200000,0.019000000,0.005100000,0.008200000,0.005500000,0.084100000,0.000000000,0.000000000,0.004300000,0.686500000,0.005900000,3,1,7,7,3,,0.224100000,0.004600000,0.322400000,0.060900000,0.016500000,0.055300000,true,true,0.027300000,0.168000000,0.010100000,0.003700000,0.010200000,103,103,0
747,0,1,1920,1080,640,360,ultra-performance,0.001900000,0.028800000,0.290500000,0.787000000,0.018000000,0.145900000,0.790100000,0.246300000,2.613100000,2.611200000,2.308500000,0.304600000,0.003700000,0.025200000,0.015400000,0.245600000,0.302800000,0.302900000,0.090900000,0.002600000,0.690700000,84,0,103,3,7,0.001800000,0.003400000,0.001900000,0.004100000,0.003800000,0.000600000,0.480600000,0.022400000,0.117700000,0.011300000,0.006200000,0.127000000,0.000100000,0.000000000,0.004400000,0.785300000,0.004800000,3,1,7,7,3,,0.211200000,0.004200000,0.353700000,0.051100000,0.015400000,0.054200000,true,true,0.023700000,0.162100000,0.008400000,0.003500000,0.009100000,103,103,0
748,1,1,1920,1080,640,360,ultra-performance,0.001900000,0.028200000,0.181300000,0.484800000,0.013000000,0.104900000,0.674000000,0.193400000,1.854500000,1.852600000,1.681500000,0.173000000,0.004100000,0.022900000,0.010600000,0.143400000,0.171700000,0.171800000,0.055800000,0.002100000,0.424900000,84,0,103,3,7,0.001300000,0.002800000,0.001100000,0.003300000,0.003300000,0.000700000,0.499100000,0.018100000,0.037300000,0.009800000,0.005300000,0.081700000,0.000100000,0.000000000,0.005000000,0.668900000,0.005100000,3,1,7,7,3,,0.145700000,0.003200000,0.188500000,0.041300000,0.011800000,0.034000000,true,true,0.016800000,0.109000000,0.006700000,0.003300000,0.006700000,103,103,0
749,2,1,1920,1080,640,360,ultra-performance,0.002000000,0.023100000,0.296900000,0.745300000,0.017200000,0.147200000,0.884200000,0.195400000,2.615200000,2.613200000,2.311300000,0.303900000,0.003900000,0.025500000,0.015800000,0.251100000,0.298900000,0.299000000,0.092700000,0.002800000,0.647000000,84,0,103,3,7,0.001900000,0.003300000,0.001900000,0.004200000,0.002900000,0.000400000,0.492500000,0.015500000,0.051900000,0.008800000,0.005100000,0.286400000,0.000100000,0.000000000,0.004200000,0.879100000,0.005100000,3,1,7,7,3,,0.212400000,0.004500000,0.305800000,0.054100000,0.015800000,0.053600000,true,true,0.024000000,0.161800000,0.008500000,0.004000000,0.009400000,103,103,0
750,0,1,1920,1080,640,360,ultra-performance,0.002600000,0.025000000,0.286900000,0.736300000,0.016500000,0.143300000,0.701900000,0.180700000,2.394200000,2.391600000,2.093200000,0.301000000,0.003600000,0.024900000,0.015000000,0.242900000,0.299600000,0.299700000,0.091000000,0.002600000,0.639900000,84,0,103,3,7,0.001900000,0.003200000,0.001500000,0.004100000,0.002800000,0.000600000,0.557900000,0.015600000,0.001800000,0.007700000,0.004400000,0.091300000,0.000000000,0.000000000,0.004000000,0.696800000,0.005100000,3,1,7,7,3,,0.216100000,0.004400000,0.299700000,0.050800000,0.015200000,0.053000000,true,true,0.024000000,0.159500000,0.008200000,0.003600000,0.016100000,103,103,0
751,1,1,1920,1080,640,360,ultra-performance,0.002100000,0.024400000,0.287500000,0.733900000,0.016600000,0.145600000,0.834000000,0.201700000,2.566400000,2.564300000,2.245800000,0.320600000,0.003600000,0.024700000,0.015200000,0.243500000,0.319100000,0.319400000,0.094000000,0.002600000,0.634500000,84,0,103,3,7,0.001900000,0.003300000,0.001700000,0.004100000,0.003000000,0.000500000,0.521200000,0.014500000,0.132100000,0.008000000,0.004600000,0.129100000,0.000100000,0.000000000,0.004400000,0.828500000,0.005500000,3,1,7,7,3,,0.211900000,0.004300000,0.298500000,0.050200000,0.015400000,0.053400000,true,true,0.024100000,0.162400000,0.008000000,0.004000000,0.009000000,103,103,0
752,2,1,1920,1080,640,360,ultra-performance,0.001600000,0.024600000,0.288900000,0.740900000,0.016200000,0.148000000,0.671500000,0.180900000,2.375200000,2.373600000,2.072600000,0.302600000,0.003500000,0.024800000,0.015000000,0.245100000,0.301200000,0.301400000,0.091700000,0.002800000,0.643500000,84,0,103,3,7,0.001800000,0.003300000,0.001600000,0.003900000,0.002900000,0.000600000,0.462900000,0.015400000,0.056100000,0.008500000,0.005300000,0.099700000,0.000100000,0.000000000,0.004200000,0.666300000,0.005200000,3,1,7,7,3,,0.210400000,0.004300000,0.308400000,0.050800000,0.015500000,0.053600000,true,true,0.023800000,0.160800000,0.008600000,0.003500000,0.009200000,103,103,0
753,0,1,1920,1080,640,360,ultra-performance,0.001800000,0.025600000,0.289300000,0.748600000,0.017100000,0.143800000,0.640500000,0.209600000,2.378600000,2.376800000,2.076300000,0.302300000,0.003600000,0.025200000,0.015500000,0.244600000,0.300600000,0.300900000,0.102700000,0.002500000,0.640800000,84,0,103,3,7,0.001800000,0.003100000,0.002000000,0.004100000,0.002900000,0.000500000,0.495700000,0.015500000,0.001700000,0.007900000,0.004500000,0.091300000,0.000100000,0.000000000,0.004300000,0.635400000,0.005100000,3,1,7,7,3,,0.212200000,0.004300000,0.304300000,0.050700000,0.015500000,0.053100000,true,true,0.024300000,0.162000000,0.008200000,0.003900000,0.009200000,103,103,0
754,1,1,1920,1080,640,360,ultra-performance,0.002000000,0.024200000,0.288600000,0.735000000,0.016400000,0.150900000,0.741200000,0.188000000,2.449100000,2.447100000,2.146300000,0.302800000,0.003600000,0.024100000,0.015400000,0.244900000,0.301300000,0.301600000,0.091700000,0.002700000,0.637800000,84,0,103,3,7,0.001800000,0.003500000,0.001500000,0.004100000,0.002700000,0.000400000,0.488000000,0.013900000,0.029000000,0.007800000,0.004900000,0.174200000,0.000000000,0.000000000,0.004200000,0.736000000,0.005200000,3,1,7,7,3,,0.214500000,0.004300000,0.300500000,0.050200000,0.015200000,0.052700000,true,true,0.029400000,0.160200000,0.007800000,0.003600000,0.009100000,103,103,0
755,2,1,1920,1080,640,360,ultra-performance,0.001900000,0.022900000,0.289000000,0.744700000,0.016200000,0.144100000,0.751900000,0.181200000,2.454500000,2.452600000,2.151900000,0.302600000,0.003600000,0.025300000,0.015300000,0.244400000,0.301100000,0.301400000,0.091300000,0.002600000,0.647900000,84,0,103,3,7,0.001800000,0.003200000,0.001600000,0.004200000,0.003100000,0.000600000,0.542700000,0.014600000,0.063800000,0.008900000,0.005300000,0.092100000,0.000100000,0.000000000,0.004300000,0.746300000,0.005600000,3,1,7,7,3,,0.208800000,0.004300000,0.298500000,0.050000000,0.015300000,0.070600000,true,true,0.024300000,0.159800000,0.007800000,0.003500000,0.009000000,103,103,0
756,0,1,1920,1080,640,360,ultra-performance,0.001700000,0.022400000,0.288500000,0.735800000,0.016100000,0.143200000,0.760200000,0.218100000,2.489400000,2.487700000,2.186000000,0.303400000,0.003600000,0.024900000,0.014900000,0.244800000,0.302000000,0.302100000,0.091600000,0.002600000,0.638900000,84,0,103,3,7,0.001900000,0.003100000,0.001600000,0.004400000,0.002600000,0.000500000,0.502100000,0.012600000,0.066500000,0.007900000,0.005000000,0.142300000,0.000100000,0.000000000,0.004500000,0.755100000,0.005100000,3,1,7,7,3,,0.210900000,0.004200000,0.304400000,0.050300000,0.015200000,0.053100000,true,true,0.024000000,0.162200000,0.007700000,0.003500000,0.008900000,103,103,0
757,1,1,1920,1080,640,360,ultra-performance,0.001800000,0.019800000,0.287800000,0.728000000,0.027700000,0.144300000,0.834900000,0.179500000,2.526500000,2.524700000,2.223800000,0.302700000,0.003500000,0.024800000,0.015100000,0.243900000,0.301200000,0.301300000,0.090800000,0.002600000,0.631900000,84,0,103,3,7,0.001700000,0.003200000,0.001600000,0.004100000,0.003200000,0.000400000,0.571500000,0.013200000,0.090000000,0.008900000,0.005000000,0.121300000,0.000000000,0.000000000,0.004600000,0.828700000,0.006200000,3,1,7,7,3,,0.208900000,0.004200000,0.299300000,0.050000000,0.015100000,0.053900000,true,true,0.024000000,0.160500000,0.007800000,0.003600000,0.008700000,103,103,0
758,2,1,1920,1080,640,360,ultra-performance,0.001900000,0.023300000,0.288600000,0.726500000,0.015400000,0.148700000,0.692200000,0.175900000,2.379800000,2.377900000,2.072500000,0.307300000,0.003600000,0.025100000,0.014900000,0.244400000,0.301900000,0.302100000,0.091700000,0.002700000,0.629500000,84,0,103,3,7,0.001700000,0.002900000,0.001500000,0.004100000,0.003000000,0.000500000,0.562500000,0.012800000,0.002100000,0.008600000,0.004800000,0.078000000,0.000100000,0.000000000,0.004100000,0.686700000,0.005500000,3,1,7,7,3,,0.208300000,0.004200000,0.298800000,0.049800000,0.015000000,0.052800000,true,true,0.023500000,0.159900000,0.008200000,0.003600000,0.008700000,103,103,0
759,0,1,1920,1080,640,360,ultra-performance,0.001800000,0.022400000,0.288300000,0.742700000,0.016000000,0.142500000,0.940000000,0.195000000,2.650400000,2.648600000,2.348700000,0.301700000,0.003600000,0.025400000,0.015000000,0.243800000,0.300400000,0.300500000,0.090600000,0.002700000,0.646500000,84,0,103,3,7,0.001700000,0.003100000,0.001600000,0.004400000,0.003400000,0.000600000,0.627100000,0.013700000,0.048400000,0.009600000,0.005400000,0.209500000,0.000100000,0.000000000,0.004700000,0.933300000,0.006700000,3,1,7,7,3,,0.208800000,0.004200000,0.313700000,0.050900000,0.015400000,0.052900000,true,true,0.023700000,0.160700000,0.007500000,0.003400000,0.009000000,103,103,0
760,1,1,1920,1080,640,360,ultra-performance,0.001900000,0.025300000,0.291000000,0.740800000,0.015400000,0.140900000,0.874600000,0.187800000,2.583200000,2.581300000,2.277700000,0.305500000,0.003800000,0.025400000,0.015800000,0.245600000,0.303900000,0.304100000,0.092500000,0.002700000,0.642900000,84,0,103,3,7,0.002000000,0.003200000,0.001600000,0.004300000,0.004000000,0.000600000,0.569000000,0.018500000,0.134700000,0.010700000,0.006700000,0.107900000,0.000000000,0.000000000,0.004500000,0.867700000,0.006900000,3,1,7,7,3,,0.211900000,0.004300000,0.306900000,0.050300000,0.015500000,0.053500000,true,true,0.023900000,0.162300000,0.008300000,0.003700000,0.009000000,103,103,0
761,2,1,1920,1080,640,360,ultra-performance,0.002000000,0.026800000,0.291900000,0.755500000,0.016800000,0.146900000,0.766300000,0.189600000,2.496400000,2.494400000,2.195800000,0.300600000,0.003800000,0.026100000,0.015200000,0.246300000,0.299200000,0.299400000,0.091900000,0.002700000,0.658000000,84,0,103,3,7,0.001700000,0.003400000,0.001600000,0.004500000,0.003000000,0.000500000,0.532700000,0.013400000,0.005600000,0.009000000,0.004900000,0.176400000,0.000100000,0.000000000,0.004100000,0.760900000,0.005400000,3,1,7,7,3,,0.213700000,0.004300000,0.315900000,0.053600000,0.016000000,0.053800000,true,true,0.023900000,0.164300000,0.007700000,0.003800000,0.009300000,103,103,0
762,0,1,1920,1080,640,360,ultra-performance,0.001800000,0.025200000,0.290900000,0.731500000,0.016200000,0.142400000,0.819900000,0.179200000,2.519400000,2.517600000,2.207100000,0.312300000,0.003600000,0.025500000,0.015100000,0.246100000,0.310700000,0.311000000,0.091300000,0.002800000,0.634600000,84,0,103,3,7,0.001800000,0.003200000,0.001500000,0.004500000,0.003200000,0.000500000,0.627400000,0.013300000,0.056100000,0.008900000,0.004900000,0.083800000,0.000000000,0.000000000,0.004500000,0.813600000,0.006300000,3,1,7,7,3,,0.209900000,0.004300000,0.300700000,0.050700000,0.015500000,0.053000000,true,true,0.023900000,0.161400000,0.007700000,0.003400000,0.008900000,103,103,0
763,1,1,1920,1080,640,360,ultra-performance,0.001900000,0.023800000,0.287700000,0.750200000,0.016200000,0.144800000,0.820100000,0.201900000,2.548700000,2.546800000,2.246600000,0.302100000,0.003600000,0.024900000,0.015200000,0.243400000,0.300600000,0.300900000,0.091300000,0.002800000,0.653500000,84,0,103,3,7,0.002000000,0.003200000,0.001500000,0.004600000,0.002900000,0.000500000,0.452400000,0.013700000,0.047400000,0.008800000,0.004900000,0.266800000,0.000100000,0.000000000,0.004400000,0.813200000,0.006900000,3,1,7,7,3,,0.209200000,0.004300000,0.318000000,0.052100000,0.015700000,0.053600000,true,true,0.023800000,0.160900000,0.007600000,0.003400000,0.009000000,103,103,0
764,2,1,1920,1080,640,360,ultra-performance,0.001700000,0.024100000,0.296900000,0.739300000,0.015400000,0.146600000,0.890900000,0.196800000,2.621000000,2.619300000,2.311700000,0.309300000,0.003600000,0.025200000,0.014800000,0.252900000,0.308100000,0.308200000,0.092600000,0.002800000,0.641100000,84,0,103,3,7,0.001800000,0.003000000,0.001600000,0.003800000,0.003100000,0.000400000,0.629700000,0.013500000,0.075800000,0.010300000,0.005400000,0.131600000,0.000100000,0.000000000,0.004400000,0.884500000,0.006400000,3,1,7,7,3,,0.210800000,0.004300000,0.306900000,0.049900000,0.015500000,0.053100000,true,true,0.023900000,0.161500000,0.008400000,0.003500000,0.009000000,103,103,0
765,0,1,1920,1080,640,360,ultra-performance,0.001800000,0.025000000,0.289000000,0.749000000,0.017900000,0.150900000,0.640000000,0.175600000,2.352700000,2.350900000,2.049200000,0.303500000,0.003500000,0.025500000,0.015200000,0.244200000,0.302100000,0.302400000,0.091300000,0.002800000,0.652300000,84,0,103,3,7,0.001700000,0.003000000,0.001600000,0.004000000,0.003100000,0.000500000,0.337700000,0.013800000,0.159900000,0.008900000,0.005200000,0.090100000,0.000100000,0.000000000,0.004600000,0.634200000,0.005800000,3,1,7,7,3,,0.207800000,0.004300000,0.319300000,0.051400000,0.015600000,0.053400000,true,true,0.023900000,0.159200000,0.007400000,0.003800000,0.009000000,103,103,0
766,1,1,1920,1080,640,360,ultra-performance,0.001800000,0.021600000,0.296800000,0.726900000,0.015400000,0.141000000,0.795200000,0.253600000,2.556500000,2.554700000,2.252300000,0.304200000,0.003500000,0.024700000,0.015500000,0.252600000,0.301600000,0.301700000,0.091100000,0.002500000,0.630600000,84,0,103,3,7,0.001800000,0.003200000,0.001500000,0.004600000,0.005200000,0.001100000,0.542800000,0.020700000,0.055200000,0.012400000,0.006300000,0.124600000,0.000000000,0.000000000,0.007500000,0.786900000,0.008300000,3,1,7,7,3,,0.209200000,0.004300000,0.298600000,0.049900000,0.015300000,0.052700000,true,true,0.024000000,0.160400000,0.007500000,0.003600000,0.009200000,103,103,0
767,2,1,1920,1080,640,360,ultra-performance,0.002600000,0.023800000,0.185800000,0.504600000,0.013700000,0.102500000,0.857200000,0.204400000,2.075900000,2.073300000,1.894600000,0.181300000,0.003600000,0.022600000,0.012200000,0.146900000,0.171000000,0.171100000,0.059900000,0.002400000,0.440100000,84,0,103,3,7,0.001300000,0.002600000,0.001100000,0.003500000,0.004900000,0.001200000,0.637600000,0.025900000,0.026800000,0.013100000,0.005400000,0.113800000,0.000000000,0.000000000,0.009500000,0.846700000,0.010500000,3,1,7,7,3,,0.146700000,0.003200000,0.199400000,0.044000000,0.012100000,0.034200000,true,true,0.017200000,0.109600000,0.007000000,0.003000000,0.006900000,103,103,0
768,0,1,1920,1080,640,360,ultra-performance,0.002900000,0.021600000,0.175600000,0.504900000,0.013200000,0.104100000,0.826500000,0.193900000,2.039300000,2.036400000,1.842700000,0.196600000,0.004000000,0.018000000,0.010000000,0.143000000,0.194100000,0.194200000,0.057700000,0.002500000,0.442700000,84,0,103,3,7,0.001200000,0.002600000,0.001100000,0.003700000,0.007700000,0.001500000,0.562100000,0.031800000,0.022800000,0.014900000,0.009300000,0.144800000,0.000100000,0.000000000,0.011200000,0.814800000,0.011700000,3,1,7,7,3,,0.136400000,0.003200000,0.211800000,0.043500000,0.012600000,0.034800000,true,true,0.017400000,0.099000000,0.006600000,0.003900000,0.006600000,103,103,0
769,1,1,1920,1080,640,360,ultra-performance,0.002600000,0.038700000,0.298700000,0.585200000,0.019500000,0.135400000,0.749600000,0.263900000,2.262400000,2.259800000,2.093600000,0.168800000,0.008300000,0.042600000,0.017400000,0.229500000,0.167200000,0.167600000,0.062500000,0.004200000,0.516600000,84,0,103,3,7,0.001700000,0.003100000,0.001400000,0.003400000,0.003000000,0.000400000,0.586600000,0.019500000,0.030900000,0.009100000,0.004100000,0.077600000,0.000200000,0.000000000,0.003700000,0.744700000,0.004900000,3,1,7,7,3,,0.181800000,0.004600000,0.212000000,0.064300000,0.014400000,0.038700000,true,true,0.038200000,0.117200000,0.009100000,0.004600000,0.009500000,103,103,0
770,2,1,1920,1080,640,360,ultra-performance,0.001700000,0.031600000,0.182100000,0.474600000,0.015100000,0.113200000,0.611300000,0.157500000,1.745900000,1.744200000,1.587100000,0.158800000,0.005200000,0.020700000,0.010600000,0.144900000,0.156900000,0.157500000,0.052900000,0.003000000,0.417000000,84,0,103,3,7,0.001500000,0.002600000,0.001300000,0.003200000,0.002500000,0.000500000,0.430900000,0.019600000,0.053800000,0.008100000,0.004600000,0.075400000,0.000000000,0.000000000,0.003300000,0.607300000,0.004000000,3,1,7,7,3,,0.138900000,0.003500000,0.179500000,0.048700000,0.012600000,0.033300000,true,true,0.019000000,0.098200000,0.007300000,0.004100000,0.007400000,103,103,0
771,0,1,1920,1080,640,360,ultra-performance,0.001800000,0.025200000,0.166200000,0.455700000,0.015400000,0.109900000,0.744200000,0.218000000,1.913700000,1.911900000,1.736400000,0.177300000,0.004000000,0.017700000,0.010500000,0.133300000,0.175300000,0.175600000,0.051600000,0.002400000,0.399800000,84,0,103,3,7,0.001200000,0.002500000,0.001100000,0.003200000,0.003500000,0.000700000,0.568900000,0.017000000,0.038800000,0.009600000,0.004600000,0.080800000,0.000100000,0.000000000,0.005900000,0.737900000,0.006300000,3,1,7,7,3,,0.130100000,0.003200000,0.175900000,0.045100000,0.012300000,0.033000000,true,true,0.017000000,0.092800000,0.007200000,0.003400000,0.006600000,103,103,0
772,1,1,1920,1080,640,360,ultra-performance,0.002100000,0.032200000,0.179600000,0.537300000,0.014900000,0.115900000,0.786200000,0.173000000,2.038100000,2.036000000,1.841200000,0.196900000,0.004000000,0.019200000,0.011700000,0.144100000,0.195100000,0.195200000,0.068200000,0.003300000,0.463600000,84,0,103,3,7,0.001300000,0.002600000,0.001100000,0.003500000,0.002900000,0.001000000,0.551400000,0.021000000,0.041400000,0.012000000,0.005100000,0.130100000,0.000000000,0.000000000,0.005100000,0.778500000,0.007700000,3,1,7,7,3,,0.144800000,0.003200000,0.204000000,0.048900000,0.012100000,0.049900000,true,true,0.019000000,0.103500000,0.008300000,0.003700000,0.006900000,103,103,0
773,2,1,1920,1080,640,360,ultra-performance,0.001900000,0.025000000,0.178800000,0.538300000,0.015100000,0.103400000,0.838400000,0.217100000,2.086700000,2.084800000,1.918000000,0.168700000,0.004500000,0.019600000,0.011200000,0.142900000,0.166900000,0.167000000,0.062200000,0.003800000,0.470400000,84,0,103,3,7,0.001000000,0.002700000,0.001000000,0.003200000,0.003600000,0.000700000,0.572300000,0.023700000,0.067700000,0.015000000,0.005200000,0.127800000,0.000000000,0.000000000,0.005500000,0.829400000,0.009000000,3,1,7,7,3,,0.177200000,0.003100000,0.192100000,0.052400000,0.012300000,0.033000000,true,true,0.025000000,0.125300000,0.011000000,0.004200000,0.008200000,103,103,0
774,0,1,1920,1080,640,360,ultra-performance,0.002100000,0.023600000,0.192500000,0.521900000,0.015100000,0.106700000,0.836000000,0.333600000,2.282500000,2.280400000,2.031500000,0.251000000,0.003900000,0.019000000,0.011800000,0.157300000,0.248300000,0.248400000,0.063400000,0.003400000,0.453200000,84,0,103,3,7,0.001400000,0.002800000,0.001100000,0.003300000,0.007100000,0.001300000,0.585000000,0.026500000,0.041500000,0.013800000,0.009300000,0.121000000,0.000000000,0.000000000,0.010900000,0.825000000,0.011000000,3,1,7,7,3,,0.148200000,0.003400000,0.205500000,0.046700000,0.012100000,0.037000000,true,true,0.019100000,0.106200000,0.008100000,0.003600000,0.008000000,103,103,0
775,1,1,1920,1080,640,360,ultra-performance,0.002000000,0.027300000,0.288300000,0.747000000,0.017000000,0.143900000,0.953800000,0.195100000,2.672800000,2.670800000,2.374400000,0.298400000,0.003800000,0.025400000,0.016500000,0.242100000,0.296900000,0.297100000,0.091200000,0.002500000,0.650500000,84,0,103,3,7,0.002000000,0.003200000,0.001700000,0.004100000,0.003000000,0.000800000,0.541200000,0.017500000,0.039900000,0.009300000,0.004600000,0.316100000,0.000000000,0.000000000,0.004600000,0.948000000,0.005800000,3,1,7,7,3,,0.211600000,0.004400000,0.311100000,0.053200000,0.015500000,0.054000000,true,true,0.023800000,0.162200000,0.008000000,0.003800000,0.009300000,103,103,0
776,2,1,1920,1080,640,360,ultra-performance,0.001800000,0.030000000,0.286600000,0.748400000,0.016400000,0.142800000,0.726600000,0.180500000,2.438400000,2.436600000,2.133100000,0.305300000,0.003700000,0.024900000,0.015300000,0.242400000,0.299800000,0.299900000,0.091200000,0.002700000,0.651700000,84,0,103,3,7,0.001800000,0.002900000,0.001500000,0.004200000,0.003000000,0.000400000,0.514600000,0.013800000,0.077900000,0.007700000,0.005200000,0.083000000,0.000100000,0.000000000,0.004600000,0.720700000,0.005900000,3,1,7,7,3,,0.226200000,0.004400000,0.300500000,0.051200000,0.015700000,0.053300000,true,true,0.023600000,0.175100000,0.009300000,0.004100000,0.009300000,103,103,0
777,0,1,1920,1080,640,360,ultra-performance,0.001900000,0.022700000,0.288100000,0.728000000,0.016600000,0.151300000,0.730400000,0.204400000,2.444500000,2.442600000,2.143400000,0.301100000,0.003600000,0.025200000,0.014800000,0.244000000,0.299800000,0.299900000,0.091100000,0.002700000,0.631400000,84,0,103,3,7,0.001900000,0.003400000,0.001500000,0.004200000,0.003000000,0.000400000,0.505700000,0.013600000,0.067400000,0.008600000,0.004800000,0.104700000,0.000000000,0.000000000,0.004400000,0.723600000,0.006800000,3,1,7,7,3,,0.209100000,0.004300000,0.299000000,0.050400000,0.015300000,0.052800000,true,true,0.023700000,0.160100000,0.007900000,0.003800000,0.008900000,103,103,0
778,1,1,1920,1080,640,360,ultra-performance,0.001800000,0.022500000,0.290900000,0.745900000,0.016800000,0.145400000,0.770900000,0.182400000,2.483300000,2.481500000,2.176600000,0.306700000,0.003500000,0.025400000,0.015200000,0.246400000,0.305400000,0.305500000,0.092200000,0.002700000,0.648100000,84,0,103,3,7,0.001700000,0.003000000,0.001700000,0.004000000,0.003200000,0.000400000,0.583300000,0.013800000,0.027300000,0.009600000,0.005400000,0.106600000,0.000100000,0.000000000,0.004300000,0.764400000,0.006500000,3,1,7,7,3,,0.211500000,0.004300000,0.300700000,0.050200000,0.015400000,0.065400000,true,true,0.024100000,0.162200000,0.007900000,0.003600000,0.009200000,103,103,0
779,2,1,1920,1080,640,360,ultra-performance,0.001800000,0.024800000,0.289700000,0.756200000,0.015900000,0.142100000,1.175700000,0.245200000,2.955800000,2.954000000,2.651400000,0.304400000,0.003600000,0.025100000,0.015500000,0.245100000,0.301300000,0.301500000,0.090200000,0.002800000,0.660200000,84,0,103,3,7,0.001900000,0.003100000,0.001500000,0.004000000,0.004100000,0.000900000,0.773000000,0.026500000,0.111300000,0.011300000,0.006000000,0.214100000,0.000000000,0.000000000,0.009000000,1.166700000,0.009000000,3,1,7,7,3,,0.216900000,0.004200000,0.318900000,0.050700000,0.015600000,0.053500000,true,true,0.024600000,0.163200000,0.009300000,0.005800000,0.009400000,103,103,0
780,0,1,1920,1080,640,360,ultra-performance,0.002100000,0.021000000,0.174200000,0.475800000,0.013300000,0.103600000,0.908600000,0.205700000,2.076900000,2.074800000,1.904300000,0.172600000,0.003300000,0.018100000,0.010400000,0.141900000,0.170600000,0.170700000,0.056800000,0.002200000,0.414900000,84,0,103,3,7,0.001200000,0.002400000,0.001100000,0.003600000,0.003600000,0.000800000,0.524400000,0.017800000,0.102100000,0.008400000,0.004600000,0.227700000,0.000000000,0.000000000,0.005200000,0.902900000,0.005700000,3,1,7,7,3,,0.137000000,0.003300000,0.188600000,0.040500000,0.011200000,0.033800000,true,true,0.017100000,0.100400000,0.006100000,0.003500000,0.006800000,103,103,0
781,1,1,1920,1080,640,360,ultra-performance,0.002000000,0.026200000,0.290900000,0.760400000,0.017100000,0.149400000,0.664100000,0.207500000,2.426500000,2.424500000,2.117600000,0.308900000,0.003800000,0.026100000,0.015300000,0.245200000,0.307400000,0.307600000,0.093600000,0.002600000,0.661400000,84,0,103,3,7,0.001900000,0.003300000,0.001700000,0.004600000,0.002900000,0.000600000,0.469500000,0.012900000,0.039400000,0.008200000,0.005000000,0.104600000,0.000100000,0.000000000,0.004100000,0.658800000,0.005300000,3,1,7,7,3,,0.215500000,0.004400000,0.302900000,0.052300000,0.015900000,0.069900000,true,true,0.024000000,0.165600000,0.007800000,0.004000000,0.009400000,103,103,0
782,2,1,1920,1080,640,360,ultra-performance,0.001900000,0.024700000,0.292500000,0.750200000,0.015500000,0.143900000,0.813200000,0.183300000,2.532100000,2.530200000,2.225200000,0.306900000,0.003700000,0.024800000,0.015000000,0.248400000,0.305500000,0.305600000,0.092500000,0.002700000,0.640900000,84,0,103,3,7,0.001700000,0.003200000,0.001500000,0.004000000,0.002900000,0.000400000,0.485100000,0.017300000,0.169500000,0.009800000,0.004900000,0.103200000,0.000100000,0.000000000,0.004200000,0.807800000,0.005400000,3,1,7,7,3,,0.214600000,0.004300000,0.301600000,0.050300000,0.015700000,0.053800000,true,true,0.023900000,0.165400000,0.007900000,0.003700000,0.009100000,103,103,0
783,0,1,1920,1080,640,360,ultra-performance,0.002000000,0.023000000,0.294100000,0.736100000,0.015700000,0.143600000,0.759000000,0.299300000,2.591500000,2.589500000,2.272800000,0.318700000,0.003600000,0.025300000,0.015200000,0.249400000,0.316800000,0.317100000,0.093700000,0.002600000,0.637100000,84,0,103,3,7,0.001600000,0.003400000,0.001600000,0.003800000,0.003100000,0.000600000,0.516200000,0.013000000,0.110500000,0.008900000,0.004600000,0.081000000,0.000100000,0.000000000,0.004600000,0.753000000,0.006000000,3,1,7,7,3,,0.212400000,0.004300000,0.300600000,0.050400000,0.015400000,0.053400000,true,true,0.023800000,0.163300000,0.008000000,0.003500000,0.009300000,103,103,0
784,1,1,1920,1080,640,360,ultra-performance,0.001800000,0.022600000,0.298100000,0.745800000,0.015700000,0.150100000,0.834700000,0.306300000,2.690500000,2.688700000,2.375100000,0.315400000,0.003700000,0.025200000,0.014800000,0.253800000,0.313300000,0.313600000,0.094200000,0.002700000,0.646200000,84,0,103,3,7,0.001700000,0.003100000,0.001500000,0.004000000,0.005000000,0.000700000,0.490000000,0.028000000,0.071300000,0.017900000,0.008400000,0.186300000,0.000000000,0.000000000,0.008500000,0.826400000,0.008300000,3,1,7,7,3,,0.212700000,0.004300000,0.309100000,0.050200000,0.015400000,0.053600000,true,true,0.024100000,0.163500000,0.008200000,0.003500000,0.009000000,103,103,0
785,2,1,1920,1080,640,360,ultra-performance,0.003100000,0.035700000,0.435600000,0.732800000,0.015100000,0.142200000,0.798500000,0.192500000,2.668600000,2.665500000,2.355500000,0.313100000,0.006600000,0.046700000,0.028700000,0.352900000,0.307300000,0.307500000,0.093100000,0.002500000,0.634300000,84,0,103,3,7,0.001700000,0.003200000,0.001600000,0.004400000,0.003500000,0.000600000,0.498700000,0.018800000,0.120300000,0.009000000,0.004300000,0.121900000,0.000100000,0.000000000,0.004900000,0.793000000,0.005500000,3,1,7,7,3,,0.211600000,0.004200000,0.299400000,0.049900000,0.015200000,0.053300000,true,true,0.023800000,0.162600000,0.008000000,0.003500000,0.009200000,103,103,0
786,0,1,1920,1080,640,360,ultra-performance,0.002000000,0.022800000,0.296100000,0.743800000,0.016500000,0.147700000,0.802900000,0.184400000,2.534100000,2.532100000,2.216200000,0.317900000,0.003700000,0.025400000,0.015100000,0.251300000,0.316400000,0.316500000,0.094300000,0.003100000,0.643500000,84,0,103,3,7,0.002000000,0.003600000,0.001700000,0.004200000,0.003300000,0.000600000,0.523100000,0.014100000,0.129700000,0.009100000,0.004800000,0.097500000,0.000100000,0.000000000,0.004300000,0.798100000,0.004800000,3,1,7,7,3,,0.213500000,0.004600000,0.302500000,0.052800000,0.015900000,0.053500000,true,true,0.024300000,0.163900000,0.007500000,0.003700000,0.009400000,103,103,0
787,1,1,1920,1080,640,360,ultra-performance,0.001900000,0.019600000,0.287800000,0.734100000,0.016100000,0.141700000,0.727200000,0.180400000,2.411200000,2.409300000,2.108800000,0.302400000,0.003600000,0.024800000,0.015100000,0.243800000,0.301100000,0.301300000,0.091400000,0.002600000,0.637400000,84,0,103,3,7,0.001700000,0.003100000,0.001500000,0.004200000,0.002700000,0.000500000,0.471800000,0.012900000,0.111900000,0.008200000,0.004800000,0.093400000,0.000000000,0.000000000,0.004500000,0.721200000,0.006000000,3,1,7,7,3,,0.208700000,0.004200000,0.305400000,0.050300000,0.015200000,0.052800000,true,true,0.023500000,0.160400000,0.007700000,0.003500000,0.009100000,103,103,0
788,2,1,1920,1080,640,360,ultra-performance,0.001800000,0.021900000,0.288300000,0.727800000,0.015600000,0.143000000,0.872200000,0.196900000,2.578200000,2.576400000,2.267500000,0.310700000,0.003600000,0.024500000,0.015000000,0.244800000,0.309300000,0.309400000,0.090800000,0.002700000,0.631600000,84,0,103,3,7,0.001800000,0.003100000,0.001500000,0.004100000,0.002700000,0.000400000,0.564400000,0.014800000,0.094400000,0.010600000,0.005000000,0.159600000,0.000000000,0.000000000,0.004600000,0.867000000,0.005200000,3,1,7,7,3,,0.209800000,0.004300000,0.298500000,0.049500000,0.015700000,0.053400000,true,true,0.023700000,0.161500000,0.007700000,0.003500000,0.008900000,103,103,0
789,0,1,1920,1080,640,360,ultra-performance,0.002600000,0.028500000,0.295200000,0.770800000,0.024400000,0.151300000,0.756200000,0.210100000,2.543700000,2.541100000,2.239100000,0.304600000,0.004800000,0.027200000,0.016000000,0.246700000,0.302900000,0.303000000,0.092900000,0.002700000,0.672300000,84,0,103,3,7,0.001700000,0.003600000,0.001500000,0.004100000,0.003400000,0.000600000,0.541400000,0.020500000,0.059800000,0.009800000,0.004700000,0.093400000,0.000100000,0.000000000,0.004700000,0.749300000,0.006900000,3,1,7,7,3,,0.221500000,0.004300000,0.320000000,0.055500000,0.015600000,0.054800000,true,true,0.026300000,0.167000000,0.009000000,0.004700000,0.009900000,103,103,0
790,1,1,1920,1080,640,360,ultra-performance,0.002000000,0.037800000,0.365400000,0.776000000,0.022300000,0.156300000,0.783000000,0.214500000,2.662000000,2.660000000,2.357300000,0.304700000,0.003800000,0.025900000,0.016300000,0.319200000,0.303300000,0.303400000,0.093500000,0.003700000,0.675900000,84,0,103,3,7,0.001700000,0.004600000,0.001500000,0.004400000,0.002800000,0.000500000,0.595100000,0.025800000,0.008600000,0.007800000,0.004900000,0.115400000,0.000100000,0.000000000,0.004300000,0.777500000,0.005500000,3,1,7,7,3,,0.225100000,0.004200000,0.315000000,0.059100000,0.015800000,0.056000000,true,true,0.026400000,0.169800000,0.009300000,0.005100000,0.009400000,103,103,0
791,2,1,1920,1080,640,360,ultra-performance,0.002100000,0.039000000,0.289100000,0.830300000,0.019100000,0.150100000,0.780800000,0.227600000,2.655700000,2.653600000,2.338100000,0.317600000,0.003700000,0.025100000,0.015300000,0.244500000,0.315400000,0.315500000,0.092000000,0.002700000,0.732800000,84,0,103,3,7,0.001700000,0.003300000,0.001600000,0.004600000,0.005200000,0.000700000,0.532000000,0.032800000,0.025900000,0.014200000,0.007400000,0.137400000,0.000000000,0.000000000,0.005700000,0.772500000,0.008300000,3,1,7,7,3,,0.304500000,0.004100000,0.301100000,0.053400000,0.015500000,0.053600000,true,true,0.024000000,0.254600000,0.008200000,0.004100000,0.009000000,103,103,0
792,0,1,1920,1080,640,360,ultra-performance,0.002400000,0.034500000,0.197300000,0.556800000,0.015400000,0.110900000,0.929100000,0.195300000,2.203000000,2.200600000,2.041700000,0.161300000,0.007900000,0.034400000,0.012100000,0.141600000,0.159100000,0.159600000,0.096100000,0.002800000,0.455800000,84,0,103,3,7,0.001300000,0.002700000,0.001100000,0.003800000,0.005100000,0.001100000,0.596300000,0.018900000,0.123600000,0.011500000,0.005000000,0.149400000,0.000100000,0.000000000,0.004000000,0.923900000,0.005200000,3,1,7,7,3,,0.156100000,0.003600000,0.201500000,0.047000000,0.012200000,0.034900000,true,true,0.019700000,0.113300000,0.007100000,0.004300000,0.008200000,103,103,0
793,1,1,1920,1080,640,360,ultra-performance,0.002000000,0.020900000,0.325200000,0.850200000,0.020200000,0.165000000,0.762900000,0.211900000,2.713300000,2.711300000,2.358300000,0.355000000,0.003300000,0.036000000,0.010700000,0.274500000,0.353500000,0.353800000,0.108100000,0.002900000,0.735800000,84,0,103,3,7,0.002000000,0.004000000,0.001900000,0.005700000,0.003500000,0.000500000,0.572000000,0.022400000,0.028800000,0.009100000,0.005600000,0.095700000,0.000000000,0.000000000,0.005500000,0.756700000,0.006200000,3,1,7,7,3,,0.257300000,0.004900000,0.334400000,0.062400000,0.016800000,0.059200000,true,true,0.028700000,0.197700000,0.009600000,0.004800000,0.010500000,103,103,0
794,2,1,1920,1080,640,360,ultra-performance,0.002400000,0.035500000,0.280900000,0.754900000,0.018000000,0.150300000,0.743400000,0.211700000,2.500300000,2.497900000,2.197100000,0.303200000,0.003900000,0.025800000,0.012600000,0.238100000,0.295600000,0.295700000,0.089200000,0.002900000,0.659800000,84,0,103,3,7,0.001800000,0.003500000,0.001800000,0.004400000,0.003500000,0.000500000,0.561900000,0.018500000,0.034700000,0.010000000,0.005200000,0.087800000,0.000100000,0.000000000,0.004600000,0.738300000,0.005100000,3,1,7,7,3,,0.214400000,0.004600000,0.302300000,0.056700000,0.016000000,0.065000000,true,true,0.023800000,0.164300000,0.007800000,0.004200000,0.009500000,103,103,0
795,0,1,1920,1080,640,360,ultra-performance,0.002500000,0.029200000,0.294500000,0.761500000,0.018800000,0.151700000,0.761300000,0.187100000,2.521400000,2.518900000,2.206600000,0.314800000,0.003800000,0.025000000,0.015000000,0.250300000,0.313200000,0.313400000,0.093000000,0.002800000,0.662900000,84,0,103,3,7,0.001800000,0.003400000,0.001700000,0.004200000,0.003300000,0.000500000,0.491400000,0.015500000,0.134800000,0.008400000,0.004900000,0.081500000,0.000100000,0.000000000,0.004500000,0.756000000,0.005300000,3,1,7,7,3,,0.216400000,0.004500000,0.299900000,0.053700000,0.016000000,0.071800000,true,true,0.023700000,0.167400000,0.007700000,0.003700000,0.009300000,103,103,0
796,1,1,1920,1080,640,360,ultra-performance,0.002000000,0.023400000,0.282100000,0.748800000,0.026400000,0.147500000,0.860200000,0.185400000,2.591400000,2.589400000,2.275800000,0.315600000,0.003700000,0.023800000,0.012000000,0.242100000,0.313900000,0.314100000,0.095500000,0.002700000,0.648100000,84,0,103,3,7,0.001800000,0.003500000,0.001600000,0.003900000,0.003100000,0.000600000,0.528500000,0.015800000,0.040100000,0.009600000,0.005900000,0.235400000,0.000100000,0.000000000,0.004700000,0.854600000,0.005600000,3,1,7,7,3,,0.214400000,0.004400000,0.304600000,0.053700000,0.015900000,0.054400000,true,true,0.023700000,0.166000000,0.007600000,0.003600000,0.009300000,103,103,0
797,2,1,1920,1080,640,360,ultra-performance,0.001900000,0.028500000,0.298900000,0.760300000,0.017500000,0.147700000,0.597200000,0.190600000,2.363900000,2.362000000,2.042600000,0.321300000,0.003700000,0.024000000,0.014700000,0.256000000,0.319500000,0.319600000,0.094800000,0.002800000,0.659400000,84,0,103,3,7,0.001800000,0.003400000,0.001600000,0.003900000,0.003100000,0.000600000,0.404800000,0.016600000,0.050400000,0.009600000,0.004800000,0.085000000,0.000000000,0.000000000,0.005600000,0.591200000,0.006000000,3,1,7,7,3,,0.214600000,0.004400000,0.304900000,0.054100000,0.015700000,0.065100000,true,true,0.023600000,0.166000000,0.007500000,0.003600000,0.009200000,103,103,0
798,0,1,1920,1080,640,360,ultra-performance,0.002400000,0.028400000,0.296500000,0.854200000,0.016600000,0.152200000,0.687700000,0.191500000,2.553300000,2.550900000,2.229500000,0.323800000,0.003600000,0.024300000,0.014700000,0.253400000,0.322100000,0.322200000,0.095600000,0.002800000,0.753300000,84,0,103,3,7,0.001700000,0.003300000,0.001700000,0.003900000,0.003000000,0.000500000,0.460100000,0.015400000,0.068000000,0.010200000,0.005200000,0.102800000,0.000000000,0.000000000,0.005700000,0.681500000,0.006200000,3,1,7,7,3,,0.216900000,0.004300000,0.408300000,0.053300000,0.015500000,0.054200000,true,true,0.024000000,0.166400000,0.008100000,0.003700000,0.010000000,103,103,0
799,1,1,1920,1080,640,360,ultra-performance,0.001600000,0.021100000,0.171200000,0.534600000,0.016900000,0.157700000,0.660500000,0.193700000,1.929900000,1.928300000,1.757300000,0.172600000,0.003000000,0.016600000,0.009800000,0.141400000,0.170500000,0.170600000,0.053200000,0.002100000,0.476300000,84,0,103,3,7,0.002000000,0.003000000,0.001600000,0.003800000,0.002800000,0.000500000,0.430700000,0.014300000,0.093400000,0.008900000,0.004600000,0.085300000,0.000000000,0.000000000,0.005400000,0.656300000,0.004200000,3,1,7,7,3,,0.134300000,0.003100000,0.215600000,0.052400000,0.015800000,0.054500000,true,true,0.016800000,0.098800000,0.006200000,0.003200000,0.006300000,103,103,0
800,2,1,1920,1080,640,360,ultra-performance,0.001900000,0.027100000,0.305200000,0.514700000,0.013600000,0.104400000,0.928800000,0.176700000,2.400300000,2.398400000,2.072400000,0.327900000,0.003500000,0.025100000,0.015500000,0.260500000,0.326400000,0.326600000,0.080000000,0.002500000,0.430400000,84,0,103,3,7,0.001200000,0.002500000,0.001000000,0.003700000,0.005500000,0.001100000,0.654000000,0.026400000,0.050800000,0.016600000,0.007200000,0.143500000,0.000000000,0.000000000,0.005900000,0.919400000,0.009400000,3,1,7,7,3,,0.155200000,0.003300000,0.183700000,0.042900000,0.011200000,0.033500000,true,true,0.021600000,0.112100000,0.007800000,0.003500000,0.006800000,103,103,0
801,0,1,1920,1080,640,360,ultra-performance,0.001900000,0.019900000,0.171900000,0.762700000,0.017300000,0.150700000,0.837100000,0.321900000,2.495400000,2.493500000,2.283400000,0.212000000,0.003200000,0.017700000,0.009800000,0.140800000,0.209200000,0.209400000,0.095700000,0.003000000,0.661200000,84,0,103,3,7,0.001700000,0.003500000,0.001900000,0.004700000,0.004200000,0.000800000,0.510600000,0.025500000,0.105500000,0.018100000,0.007500000,0.134700000,0.000000000,0.000000000,0.008300000,0.827000000,0.010100000,3,1,7,7,3,,0.219100000,0.004700000,0.308000000,0.057800000,0.015900000,0.054800000,true,true,0.024600000,0.167300000,0.008700000,0.004200000,0.009600000,103,103,0
802,1,1,1920,1080,640,360,ultra-performance,0.003200000,0.045900000,0.306900000,0.852200000,0.024800000,0.172600000,0.876900000,0.192500000,2.723200000,2.720000000,2.475000000,0.248200000,0.010700000,0.044900000,0.018600000,0.231800000,0.245200000,0.245800000,0.100300000,0.006700000,0.742700000,84,0,103,3,7,0.001800000,0.004700000,0.001700000,0.005300000,0.002600000,0.000800000,0.619400000,0.021600000,0.068000000,0.013800000,0.005300000,0.117600000,0.000200000,0.000000000,0.006600000,0.869400000,0.007500000,3,1,7,7,3,,0.268900000,0.006600000,0.300500000,0.094000000,0.018800000,0.052900000,true,true,0.066400000,0.167500000,0.011100000,0.007500000,0.012000000,103,103,0
803,2,1,1920,1080,640,360,ultra-performance,0.002400000,0.024900000,0.185100000,0.810100000,0.020200000,0.151200000,0.667500000,0.198500000,2.337800000,2.335400000,2.059900000,0.277900000,0.004100000,0.019600000,0.011400000,0.149200000,0.276400000,0.276500000,0.098900000,0.003700000,0.704600000,84,0,103,3,7,0.001900000,0.003600000,0.001700000,0.004800000,0.002700000,0.000500000,0.503500000,0.020100000,0.001700000,0.008000000,0.005100000,0.101400000,0.000100000,0.000000000,0.006000000,0.661100000,0.006400000,3,1,7,7,3,,0.222300000,0.004900000,0.330900000,0.075300000,0.016300000,0.054300000,true,true,0.027600000,0.165600000,0.010400000,0.004000000,0.010000000,103,103,0
804,0,1,1920,1080,640,360,ultra-performance,0.002200000,0.029400000,0.294800000,0.740600000,0.017300000,0.148100000,0.893900000,0.182900000,2.612500000,2.610300000,2.309200000,0.303300000,0.003800000,0.025100000,0.015500000,0.250000000,0.301300000,0.301400000,0.091700000,0.003100000,0.642900000,84,0,103,3,7,0.001800000,0.003400000,0.001600000,0.004300000,0.003400000,0.000500000,0.639900000,0.018300000,0.096300000,0.009400000,0.005600000,0.096800000,0.000000000,0.000000000,0.005900000,0.887200000,0.006700000,3,1,7,7,3,,0.211400000,0.004300000,0.303300000,0.053300000,0.015500000,0.054400000,true,true,0.024700000,0.160800000,0.008200000,0.003800000,0.009000000,103,103,0
805,1,1,1920,1080,640,360,ultra-performance,0.002000000,0.028100000,0.289600000,0.736800000,0.030600000,0.148500000,0.773100000,0.181100000,2.494100000,2.492100000,2.189800000,0.304300000,0.003600000,0.024700000,0.015300000,0.245500000,0.302400000,0.302500000,0.091600000,0.002900000,0.639400000,84,0,103,3,7,0.001800000,0.003300000,0.001600000,0.004300000,0.003300000,0.000600000,0.586900000,0.014900000,0.047300000,0.008900000,0.005000000,0.083500000,0.000100000,0.000000000,0.005800000,0.767300000,0.005800000,3,1,7,7,3,,0.213400000,0.004400000,0.300900000,0.050800000,0.016000000,0.053200000,true,true,0.024000000,0.163200000,0.008200000,0.003700000,0.009500000,103,103,0
806,2,1,1920,1080,640,360,ultra-performance,0.001800000,0.024200000,0.289100000,0.737500000,0.027800000,0.147000000,0.812300000,0.212200000,2.565000000,2.563200000,2.251900000,0.313100000,0.003600000,0.024700000,0.014700000,0.245700000,0.311600000,0.311700000,0.094300000,0.002700000,0.637600000,84,0,103,3,7,0.001700000,0.003300000,0.001600000,0.004400000,0.003300000,0.000500000,0.548600000,0.013800000,0.032700000,0.009000000,0.004900000,0.177200000,0.000100000,0.000000000,0.005500000,0.806600000,0.005700000,3,1,7,7,3,,0.211500000,0.004100000,0.300900000,0.050400000,0.015900000,0.054000000,true,true,0.024100000,0.161800000,0.008400000,0.003600000,0.009400000,103,103,0
807,0,1,1920,1080,640,360,ultra-performance,0.001700000,0.026800000,0.347700000,0.942500000,0.019400000,0.174300000,0.841800000,0.232600000,2.985300000,2.983600000,2.586800000,0.398500000,0.003800000,0.024100000,0.017300000,0.301900000,0.396600000,0.396800000,0.115400000,0.003800000,0.820000000,84,0,103,3,7,0.002200000,0.004300000,0.002000000,0.005700000,0.003500000,0.000500000,0.599600000,0.021400000,0.060500000,0.011400000,0.006200000,0.111800000,0.000000000,0.000000000,0.006300000,0.835400000,0.006400000,3,1,7,7,3,,0.276600000,0.005100000,0.390300000,0.063300000,0.019500000,0.064400000,true,true,0.029300000,0.214800000,0.009700000,0.005400000,0.011400000,103,103,0
808,1,1,1920,1080,640,360,ultra-performance,0.002200000,0.042200000,0.353800000,0.927000000,0.018700000,0.169700000,0.829300000,0.213900000,2.949400000,2.947200000,2.556800000,0.392600000,0.004100000,0.028300000,0.017300000,0.303500000,0.390800000,0.390900000,0.118300000,0.002900000,0.802400000,84,0,103,3,7,0.002100000,0.004300000,0.001700000,0.005300000,0.003300000,0.000500000,0.652000000,0.018600000,0.002600000,0.011300000,0.007000000,0.106800000,0.000100000,0.000000000,0.006100000,0.821700000,0.007600000,3,1,7,7,3,,0.281300000,0.004900000,0.371200000,0.062300000,0.018000000,0.064000000,true,true,0.029000000,0.218800000,0.011000000,0.006100000,0.010900000,103,103,0
809,2,1,1920,1080,640,360,ultra-performance,0.002000000,0.035500000,0.356700000,1.003900000,0.019000000,0.168100000,0.810900000,0.211800000,3.012000000,3.010000000,2.607900000,0.404100000,0.004400000,0.028200000,0.017700000,0.306000000,0.402200000,0.402400000,0.111900000,0.004300000,0.884800000,84,0,103,3,7,0.002200000,0.004100000,0.002300000,0.004800000,0.003900000,0.000800000,0.574400000,0.021300000,0.051900000,0.010400000,0.006100000,0.116900000,0.000000000,0.000000000,0.005600000,0.804700000,0.006200000,3,1,7,7,3,,0.269900000,0.004800000,0.470300000,0.059000000,0.017800000,0.062200000,true,true,0.028300000,0.209100000,0.010700000,0.005700000,0.011000000,103,103,0
810,0,1,1920,1080,640,360,ultra-performance,0.002300000,0.029700000,0.338900000,0.834600000,0.020400000,0.164500000,0.825000000,0.278500000,2.859900000,2.857600000,2.493900000,0.366000000,0.004300000,0.028600000,0.017500000,0.287900000,0.364400000,0.364600000,0.107000000,0.003200000,0.721200000,84,0,103,3,7,0.002200000,0.003600000,0.001900000,0.004800000,0.003700000,0.000500000,0.558700000,0.017400000,0.090400000,0.011400000,0.005500000,0.111300000,0.000100000,0.000000000,0.006500000,0.818000000,0.007000000,3,1,7,7,3,,0.245700000,0.004800000,0.333300000,0.058300000,0.017700000,0.060600000,true,true,0.028000000,0.189400000,0.008100000,0.004100000,0.010600000,103,103,0
811,1,1,1920,1080,640,360,ultra-performance,0.002200000,0.031600000,0.341700000,0.848300000,0.018200000,0.176200000,0.805800000,0.189800000,2.776500000,2.774300000,2.413800000,0.362700000,0.004300000,0.027700000,0.018000000,0.291200000,0.360800000,0.361000000,0.107900000,0.003200000,0.734000000,84,0,103,3,7,0.002100000,0.004000000,0.001900000,0.005400000,0.002600000,0.000500000,0.527500000,0.016700000,0.003500000,0.008400000,0.005300000,0.217000000,0.000100000,0.000000000,0.006100000,0.801100000,0.004700000,3,1,7,7,3,,0.251300000,0.004700000,0.342200000,0.057500000,0.017000000,0.060600000,true,true,0.026900000,0.196300000,0.008300000,0.004100000,0.010300000,103,103,0
812,2,1,1920,1080,640,360,ultra-performance,0.002000000,0.029000000,0.350400000,0.737600000,0.017800000,0.151000000,0.867700000,0.197900000,2.649900000,2.647900000,2.353400000,0.296500000,0.003900000,0.027200000,0.016900000,0.301900000,0.295000000,0.295200000,0.087700000,0.002700000,0.644400000,84,0,103,3,7,0.001800000,0.003600000,0.001700000,0.005000000,0.002800000,0.000500000,0.593900000,0.017600000,0.100100000,0.009500000,0.005600000,0.113300000,0.000000000,0.000000000,0.005600000,0.861000000,0.006700000,3,1,7,7,3,,0.207500000,0.004500000,0.301800000,0.056700000,0.017100000,0.056100000,true,true,0.022800000,0.157300000,0.008800000,0.004000000,0.009900000,103,103,0
813,0,1,1920,1080,640,360,ultra-performance,0.002100000,0.026000000,0.297900000,0.744300000,0.015400000,0.146700000,0.816100000,0.176100000,2.542800000,2.540700000,2.224600000,0.318200000,0.003700000,0.025100000,0.015300000,0.253100000,0.316400000,0.316600000,0.093600000,0.002900000,0.645300000,84,0,103,3,7,0.001700000,0.003600000,0.001600000,0.004200000,0.002900000,0.000500000,0.550200000,0.015700000,0.059100000,0.008500000,0.005300000,0.152500000,0.000000000,0.000000000,0.005000000,0.810800000,0.005300000,3,1,7,7,3,,0.214500000,0.004300000,0.303200000,0.052200000,0.015500000,0.054900000,true,true,0.023500000,0.166500000,0.007400000,0.003400000,0.009300000,103,103,0
814,1,1,1920,1080,640,360,ultra-performance,0.001800000,0.027000000,0.290800000,0.686800000,0.015600000,0.161600000,0.841200000,0.242200000,2.553100000,2.551300000,2.267000000,0.286100000,0.003900000,0.025600000,0.014700000,0.246100000,0.284100000,0.284200000,0.085300000,0.002800000,0.596100000,84,0,103,3,7,0.001600000,0.003400000,0.001600000,0.003900000,0.004600000,0.001000000,0.577800000,0.021100000,0.069000000,0.012400000,0.006300000,0.124500000,0.000100000,0.000000000,0.006400000,0.833700000,0.007500000,3,1,7,7,3,,0.198200000,0.004000000,0.277800000,0.050900000,0.014700000,0.050000000,true,true,0.022400000,0.152100000,0.007100000,0.003600000,0.008800000,103,103,0
815,2,1,1920,1080,640,360,ultra-performance,0.003900000,0.040900000,0.204000000,0.648600000,0.025800000,0.150300000,0.909300000,0.272100000,2.420400000,2.416500000,2.254900000,0.165500000,0.009300000,0.036300000,0.013600000,0.143800000,0.163000000,0.163300000,0.061000000,0.005300000,0.579800000,84,0,103,3,7,0.001600000,0.004600000,0.001600000,0.005300000,0.004800000,0.000800000,0.514200000,0.036700000,0.058000000,0.017800000,0.008000000,0.240800000,0.000100000,0.000000000,0.006000000,0.900300000,0.009000000,3,1,7,7,3,,0.190700000,0.005000000,0.216200000,0.094300000,0.019300000,0.052800000,true,true,0.046700000,0.115600000,0.008900000,0.006300000,0.009700000,103,103,0
816,0,1,1920,1080,640,360,ultra-performance,0.003100000,0.043800000,0.364900000,0.811300000,0.020000000,0.133400000,0.739100000,0.214700000,2.651500000,2.648400000,2.330300000,0.321200000,0.009200000,0.043800000,0.021800000,0.289200000,0.318500000,0.318800000,0.086900000,0.005400000,0.716600000,84,0,103,3,7,0.001200000,0.005000000,0.001200000,0.004000000,0.004000000,0.000900000,0.429800000,0.019900000,0.065500000,0.009700000,0.005400000,0.176900000,0.000100000,0.000000000,0.007700000,0.731300000,0.007800000,3,1,7,7,3,,0.250300000,0.006000000,0.302800000,0.081000000,0.018300000,0.057500000,true,true,0.050200000,0.167100000,0.010100000,0.006800000,0.010700000,103,103,0
817,1,1,1920,1080,640,360,ultra-performance,0.002600000,0.035100000,0.325600000,0.781000000,0.020100000,0.116400000,0.755100000,0.174200000,2.537100000,2.534500000,2.210100000,0.327000000,0.004700000,0.029300000,0.026600000,0.264400000,0.325600000,0.325800000,0.103300000,0.004200000,0.670700000,84,0,103,3,7,0.001600000,0.004200000,0.001100000,0.003700000,0.002900000,0.000400000,0.510900000,0.020300000,0.076700000,0.013000000,0.005400000,0.102400000,0.000000000,0.000000000,0.004800000,0.747400000,0.007700000,3,1,7,7,3,,0.234800000,0.004800000,0.325600000,0.051400000,0.013800000,0.039900000,true,true,0.027700000,0.177300000,0.010000000,0.004400000,0.010600000,103,103,0
818,2,1,1920,1080,640,360,ultra-performance,0.001900000,0.026400000,0.186400000,0.483900000,0.012900000,0.102700000,0.723900000,0.261900000,1.976900000,1.975000000,1.800000000,0.176900000,0.003100000,0.016900000,0.010000000,0.156100000,0.174200000,0.174300000,0.055400000,0.003000000,0.423600000,84,0,103,3,7,0.001100000,0.002500000,0.001100000,0.003400000,0.004700000,0.000900000,0.473300000,0.023100000,0.081000000,0.012000000,0.006000000,0.098000000,0.000100000,0.000000000,0.008200000,0.715400000,0.008500000,3,1,7,7,3,,0.144200000,0.003200000,0.190200000,0.039800000,0.011200000,0.034500000,true,true,0.017700000,0.107700000,0.006000000,0.003300000,0.006600000,103,103,0
819,0,1,1920,1080,640,360,ultra-performance,0.003000000,0.040900000,0.307400000,0.874200000,0.026500000,0.176200000,0.966300000,0.255200000,2.950100000,2.947100000,2.649700000,0.300400000,0.007900000,0.037900000,0.017200000,0.243000000,0.296800000,0.297100000,0.098400000,0.005200000,0.767700000,84,0,103,3,7,0.001900000,0.005300000,0.001500000,0.004400000,0.006500000,0.001500000,0.667800000,0.038600000,0.035300000,0.016400000,0.009300000,0.156500000,0.000100000,0.000000000,0.010200000,0.955300000,0.011000000,3,1,7,7,3,,0.270800000,0.006000000,0.317200000,0.084400000,0.020000000,0.068300000,true,true,0.047500000,0.189500000,0.010900000,0.007200000,0.010800000,103,103,0
820,1,1,1920,1080,640,360,ultra-performance,0.002200000,0.038800000,0.295600000,0.674500000,0.018000000,0.124200000,0.774400000,0.183300000,2.411500000,2.409300000,2.111000000,0.300500000,0.006300000,0.030000000,0.016700000,0.241800000,0.298500000,0.298800000,0.090900000,0.004100000,0.577500000,84,0,103,3,7,0.001400000,0.003500000,0.001000000,0.003700000,0.003200000,0.000600000,0.540400000,0.018100000,0.056200000,0.011700000,0.005300000,0.117300000,0.000100000,0.000000000,0.004300000,0.766800000,0.007600000,3,1,7,7,3,,0.208500000,0.005100000,0.255100000,0.060100000,0.013900000,0.033900000,true,true,0.028200000,0.152000000,0.009200000,0.005600000,0.009000000,103,103,0
821,2,1,1920,1080,640,360,ultra-performance,0.002100000,0.022500000,0.277200000,0.794400000,0.023000000,0.178700000,0.821300000,0.205400000,2.631300000,2.629200000,2.324600000,0.306700000,0.003600000,0.019600000,0.012000000,0.241400000,0.304100000,0.304800000,0.097400000,0.004300000,0.690000000,84,0,103,3,7,0.001900000,0.004800000,0.001500000,0.004800000,0.006500000,0.001500000,0.563500000,0.026400000,0.045400000,0.015200000,0.008100000,0.127500000,0.000100000,0.000000000,0.005600000,0.812800000,0.008500000,3,1,7,7,3,,0.223900000,0.005200000,0.310100000,0.075800000,0.019400000,0.055000000,true,true,0.026900000,0.166500000,0.010100000,0.006000000,0.009500000,103,103,0
822,0,1,1920,1080,640,360,ultra-performance,0.002500000,0.030700000,0.283700000,0.597400000,0.015200000,0.117900000,0.698000000,0.229200000,2.259200000,2.256700000,1.974600000,0.284600000,0.004200000,0.026700000,0.013900000,0.238300000,0.282000000,0.282100000,0.096400000,0.004200000,0.494600000,84,0,103,3,7,0.001500000,0.002800000,0.001000000,0.003800000,0.004400000,0.000800000,0.474200000,0.022700000,0.030600000,0.012900000,0.006700000,0.120700000,0.000000000,0.000000000,0.005800000,0.687900000,0.010100000,3,1,7,7,3,,0.174600000,0.005300000,0.212400000,0.052100000,0.013000000,0.036600000,true,true,0.026000000,0.117700000,0.010800000,0.004200000,0.010400000,103,103,0
823,1,1,1920,1080,640,360,ultra-performance,0.002200000,0.054900000,0.304000000,0.788000000,0.023600000,0.161000000,1.196700000,0.333700000,3.161200000,3.159000000,2.864100000,0.297100000,0.006800000,0.032900000,0.016000000,0.247000000,0.294400000,0.294700000,0.094400000,0.004600000,0.686200000,84,0,103,3,7,0.002700000,0.003900000,0.001700000,0.003800000,0.005700000,0.001200000,0.640000000,0.027500000,0.225600000,0.018500000,0.010900000,0.240700000,0.000300000,0.000000000,0.006500000,1.189000000,0.007700000,3,1,7,7,3,,0.224400000,0.005300000,0.306900000,0.075300000,0.018200000,0.055400000,true,true,0.029400000,0.165400000,0.009300000,0.005600000,0.010200000,103,103,0
824,2,1,1920,1080,640,360,ultra-performance,0.003200000,0.035700000,0.195900000,0.670100000,0.015400000,0.113000000,0.883100000,0.217300000,2.425000000,2.421800000,2.133700000,0.291300000,0.004600000,0.020600000,0.010100000,0.159800000,0.288300000,0.288700000,0.088800000,0.003800000,0.575800000,84,0,103,3,7,0.001200000,0.003200000,0.001000000,0.003800000,0.005900000,0.001300000,0.626100000,0.023600000,0.074800000,0.013000000,0.006300000,0.106300000,0.000100000,0.000000000,0.007800000,0.874400000,0.008700000,3,1,7,7,3,,0.209000000,0.004800000,0.261200000,0.053600000,0.012800000,0.033800000,true,true,0.026700000,0.154300000,0.008800000,0.005500000,0.009500000,103,103,0
825,0,1,1920,1080,640,360,ultra-performance,0.002100000,0.022500000,0.184700000,0.560900000,0.015200000,0.106300000,0.722300000,0.176800000,1.960800000,1.958700000,1.790800000,0.170000000,0.003600000,0.019200000,0.012000000,0.149500000,0.168900000,0.169000000,0.057800000,0.002700000,0.498500000,84,0,103,3,7,0.001300000,0.003000000,0.001600000,0.003600000,0.002400000,0.000600000,0.522300000,0.020200000,0.031700000,0.011900000,0.004400000,0.109700000,0.000000000,0.000000000,0.003800000,0.716500000,0.005800000,3,1,7,7,3,,0.196700000,0.003300000,0.202800000,0.047700000,0.012800000,0.034900000,true,true,0.018700000,0.155200000,0.008200000,0.003600000,0.007500000,103,103,0
826,1,1,1920,1080,640,360,ultra-performance,0.001800000,0.022800000,0.196400000,0.583300000,0.012000000,0.092400000,0.701000000,0.203800000,1.996300000,1.994500000,1.813500000,0.182800000,0.003200000,0.017400000,0.011400000,0.164000000,0.181000000,0.181200000,0.058600000,0.002300000,0.520200000,84,0,103,3,7,0.001000000,0.002400000,0.001000000,0.003400000,0.002700000,0.000500000,0.514700000,0.024500000,0.036900000,0.009100000,0.004200000,0.092700000,0.000000000,0.000000000,0.003400000,0.696500000,0.004500000,3,1,7,7,3,,0.143300000,0.002700000,0.292000000,0.038000000,0.010400000,0.033300000,true,true,0.016800000,0.108500000,0.005800000,0.003400000,0.005900000,103,103,0
827,2,1,1920,1080,640,360,ultra-performance,0.001900000,0.023200000,0.170300000,0.520100000,0.018000000,0.138700000,0.873000000,0.314900000,2.230900000,2.229000000,2.060100000,0.170800000,0.003500000,0.016800000,0.009900000,0.139800000,0.168400000,0.168600000,0.053800000,0.002100000,0.461800000,84,0,103,3,7,0.001700000,0.003700000,0.001500000,0.004400000,0.006400000,0.001300000,0.538500000,0.027900000,0.124600000,0.013600000,0.008500000,0.125400000,0.000000000,0.000000000,0.006900000,0.864400000,0.008600000,3,1,7,7,3,,0.141600000,0.003200000,0.226400000,0.041600000,0.011400000,0.037200000,true,true,0.018200000,0.102800000,0.007300000,0.003500000,0.006700000,103,103,0
828,0,1,1920,1080,640,360,ultra-performance,0.003000000,0.033700000,0.336800000,0.477200000,0.012500000,0.101900000,1.088400000,0.320400000,2.560500000,2.557500000,2.373900000,0.186600000,0.005900000,0.032000000,0.018200000,0.279900000,0.182600000,0.182800000,0.058200000,0.002500000,0.414500000,84,0,103,3,7,0.001200000,0.002700000,0.001100000,0.003800000,0.007400000,0.001500000,0.600800000,0.025000000,0.254900000,0.017400000,0.008400000,0.143200000,0.000000000,0.000000000,0.010400000,1.077800000,0.010600000,3,1,7,7,3,,0.139300000,0.003100000,0.183500000,0.043400000,0.011300000,0.033300000,true,true,0.017300000,0.098700000,0.007500000,0.005600000,0.007100000,103,103,0
829,1,1,1920,1080,640,360,ultra-performance,0.002100000,0.020800000,0.179100000,0.468500000,0.011400000,0.105800000,0.870000000,0.403300000,2.233500000,2.231400000,2.061000000,0.172500000,0.003100000,0.020300000,0.014300000,0.140700000,0.168900000,0.169100000,0.060500000,0.002200000,0.403800000,84,0,103,3,7,0.001100000,0.002400000,0.001000000,0.003000000,0.005300000,0.000800000,0.534300000,0.029300000,0.107400000,0.011300000,0.007700000,0.146000000,0.000100000,0.000000000,0.009200000,0.858900000,0.011100000,3,1,7,7,3,,0.132700000,0.003000000,0.183900000,0.038500000,0.011300000,0.034000000,true,true,0.015900000,0.098300000,0.006400000,0.003100000,0.006100000,103,103,0
830,2,1,1920,1080,640,360,ultra-performance,0.006000000,0.063700000,0.352600000,0.647900000,0.016700000,0.114000000,0.952500000,0.360700000,2.690800000,2.684800000,2.514100000,0.176700000,0.012800000,0.064100000,0.032200000,0.242500000,0.174600000,0.175000000,0.061100000,0.005200000,0.576600000,84,0,103,3,7,0.001500000,0.003100000,0.001300000,0.003800000,0.005700000,0.001800000,0.594000000,0.034100000,0.036700000,0.014700000,0.007800000,0.236300000,0.000000000,0.000000000,0.003500000,0.944300000,0.008200000,3,1,7,7,3,,0.187200000,0.004900000,0.281300000,0.051000000,0.015000000,0.036200000,true,true,0.044100000,0.113200000,0.009700000,0.007500000,0.009100000,103,103,0
831,0,1,1920,1080,640,360,ultra-performance,0.002600000,0.040900000,0.185900000,0.864500000,0.027300000,0.193900000,1.050400000,0.242800000,2.877700000,2.875100000,2.608300000,0.269400000,0.007400000,0.029000000,0.012600000,0.135800000,0.266900000,0.267200000,0.089500000,0.006800000,0.765200000,84,0,103,3,7,0.002300000,0.006000000,0.001700000,0.005200000,0.002700000,0.000500000,0.756500000,0.025900000,0.069900000,0.017300000,0.005100000,0.147400000,0.000100000,0.000000000,0.003200000,1.043800000,0.006600000,3,1,7,7,3,,0.259900000,0.006000000,0.326000000,0.091700000,0.019500000,0.061000000,true,true,0.043800000,0.179300000,0.011900000,0.008500000,0.011300000,103,103,0
832,1,1,1920,1080,640,360,ultra-performance,0.002300000,0.044400000,0.281100000,0.793200000,0.023200000,0.171900000,1.027800000,0.221300000,2.864100000,2.861800000,2.565200000,0.298900000,0.004700000,0.026800000,0.014700000,0.234300000,0.296600000,0.296700000,0.090600000,0.004900000,0.695000000,84,0,103,3,7,0.001600000,0.004800000,0.002000000,0.003900000,0.007500000,0.001500000,0.603300000,0.027700000,0.192700000,0.016000000,0.009800000,0.140400000,0.000100000,0.000000000,0.006400000,1.017700000,0.010100000,3,1,7,7,3,,0.235500000,0.005100000,0.300600000,0.076800000,0.019400000,0.056700000,true,true,0.036100000,0.167300000,0.010500000,0.007200000,0.009900000,103,103,0
833,2,1,1920,1080,640,360,ultra-performance,0.002200000,0.032800000,0.208700000,0.606200000,0.018900000,0.123300000,0.944500000,0.222700000,2.353100000,2.350900000,2.159300000,0.193800000,0.004700000,0.025100000,0.014200000,0.164100000,0.192300000,0.192400000,0.063200000,0.002900000,0.537800000,84,0,103,3,7,0.001100000,0.003000000,0.001100000,0.003300000,0.002700000,0.000700000,0.589200000,0.021000000,0.061700000,0.021900000,0.008400000,0.220300000,0.000000000,0.000000000,0.003400000,0.937800000,0.006700000,3,1,7,7,3,,0.149500000,0.003300000,0.255700000,0.059200000,0.016700000,0.053000000,true,true,0.019000000,0.107900000,0.008700000,0.003600000,0.007100000,103,103,0
834,0,1,1920,1080,640,360,ultra-performance,0.001900000,0.024300000,0.173800000,0.489300000,0.013100000,0.102800000,0.751100000,0.200700000,1.926600000,1.924700000,1.757000000,0.169600000,0.003500000,0.018400000,0.009900000,0.141400000,0.168300000,0.168500000,0.054700000,0.002400000,0.430300000,84,0,103,3,7,0.001200000,0.002600000,0.001100000,0.003500000,0.004000000,0.000800000,0.411900000,0.021000000,0.160400000,0.009700000,0.004700000,0.119600000,0.000000000,0.000000000,0.004000000,0.744500000,0.006600000,3,1,7,7,3,,0.149000000,0.003300000,0.189700000,0.042000000,0.011600000,0.034300000,true,true,0.017900000,0.111200000,0.006600000,0.003400000,0.006700000,103,103,0
835,1,1,1920,1080,640,360,ultra-performance,0.002200000,0.031800000,0.304100000,0.760700000,0.017700000,0.149700000,0.854600000,0.202500000,2.633200000,2.631000000,2.323300000,0.309900000,0.003900000,0.033000000,0.015800000,0.251000000,0.308300000,0.308400000,0.093500000,0.002800000,0.661400000,84,0,103,3,7,0.001900000,0.003400000,0.001700000,0.004300000,0.003800000,0.000700000,0.550000000,0.023400000,0.116900000,0.011300000,0.006400000,0.120100000,0.000000000,0.000000000,0.004000000,0.847900000,0.006700000,3,1,7,7,3,,0.221400000,0.004600000,0.309000000,0.055000000,0.016400000,0.054500000,true,true,0.024200000,0.171300000,0.008300000,0.003300000,0.009400000,103,103,0
836,2,1,1920,1080,640,360,ultra-performance,0.001900000,0.030700000,0.291300000,0.765300000,0.017100000,0.149500000,0.821600000,0.188700000,2.578000000,2.576100000,2.266100000,0.311900000,0.003900000,0.025500000,0.015400000,0.245900000,0.310100000,0.310200000,0.094400000,0.003000000,0.664800000,84,0,103,3,7,0.001600000,0.003400000,0.001500000,0.004200000,0.003100000,0.000500000,0.561000000,0.017100000,0.101900000,0.009200000,0.004800000,0.103500000,0.000100000,0.000000000,0.004200000,0.816100000,0.005500000,3,1,7,7,3,,0.221400000,0.004600000,0.314400000,0.053600000,0.015700000,0.054400000,true,true,0.024400000,0.169400000,0.009200000,0.004100000,0.009400000,103,103,0
837,0,1,1920,1080,640,360,ultra-performance,0.002000000,0.024800000,0.296600000,0.747600000,0.016700000,0.144000000,0.813200000,0.180800000,2.535300000,2.533300000,2.225700000,0.309600000,0.003700000,0.024500000,0.016000000,0.251800000,0.308100000,0.308300000,0.094500000,0.002600000,0.647800000,84,0,103,3,7,0.001900000,0.003300000,0.001600000,0.004000000,0.003400000,0.000400000,0.600800000,0.015000000,0.069000000,0.009000000,0.004900000,0.089500000,0.000100000,0.000000000,0.004100000,0.807000000,0.006200000,3,1,7,7,3,,0.214600000,0.004400000,0.306600000,0.052500000,0.015800000,0.053200000,true,true,0.023900000,0.164700000,0.008500000,0.003800000,0.009100000,103,103,0
838,1,1,1920,1080,640,360,ultra-performance,0.001900000,0.025800000,0.296100000,0.756500000,0.017600000,0.146500000,0.757100000,0.188600000,2.500600000,2.498700000,2.190100000,0.310500000,0.003600000,0.025500000,0.015800000,0.250700000,0.309100000,0.309300000,0.094400000,0.002700000,0.644300000,84,0,103,3,7,0.001900000,0.003200000,0.001600000,0.003900000,0.002800000,0.000400000,0.478100000,0.014900000,0.140800000,0.008500000,0.004600000,0.087300000,0.000000000,0.000000000,0.004000000,0.752000000,0.005100000,3,1,7,7,3,,0.216200000,0.004500000,0.301900000,0.051600000,0.016000000,0.053400000,true,true,0.024600000,0.166400000,0.007800000,0.003500000,0.009200000,103,103,0
839,2,1,1920,1080,640,360,ultra-performance,0.001900000,0.022900000,0.295700000,0.736600000,0.015700000,0.144500000,0.668600000,0.200400000,2.404700000,2.402800000,2.086300000,0.318400000,0.003700000,0.024800000,0.016400000,0.250300000,0.317100000,0.317200000,0.092500000,0.002700000,0.638700000,84,0,103,3,7,0.001800000,0.003300000,0.001600000,0.004400000,0.002700000,0.000500000,0.500100000,0.014400000,0.031200000,0.008400000,0.005300000,0.084600000,0.000100000,0.000000000,0.004100000,0.662500000,0.006100000,3,1,7,7,3,,0.212600000,0.004500000,0.299700000,0.052000000,0.015200000,0.054000000,true,true,0.024500000,0.162400000,0.007900000,0.003700000,0.009300000,103,103,0
840,0,1,1920,1080,640,360,ultra-performance,0.001900000,0.024300000,0.298400000,0.755300000,0.016600000,0.145800000,0.694400000,0.189800000,2.440100000,2.438200000,2.126500000,0.313600000,0.003700000,0.025300000,0.016000000,0.253000000,0.312100000,0.312200000,0.094300000,0.002900000,0.655000000,84,0,103,3,7,0.001700000,0.003100000,0.001600000,0.004400000,0.002900000,0.000400000,0.467700000,0.012800000,0.081800000,0.008100000,0.004800000,0.096600000,0.000000000,0.000000000,0.004000000,0.689900000,0.004500000,3,1,7,7,3,,0.215200000,0.004400000,0.313900000,0.051600000,0.015900000,0.053500000,true,true,0.024800000,0.165100000,0.007600000,0.003800000,0.009300000,103,103,0
841,1,1,1920,1080,640,360,ultra-performance,0.001900000,0.024700000,0.295400000,0.741200000,0.027800000,0.147100000,0.724400000,0.182500000,2.456500000,2.454600000,2.145000000,0.311500000,0.003900000,0.025000000,0.015300000,0.250800000,0.310100000,0.310300000,0.092900000,0.002600000,0.642600000,84,0,103,3,7,0.001800000,0.003300000,0.001600000,0.004500000,0.003200000,0.000500000,0.499500000,0.013600000,0.087000000,0.008000000,0.004900000,0.086400000,0.000100000,0.000000000,0.004200000,0.718600000,0.005800000,3,1,7,7,3,,0.215500000,0.004300000,0.300800000,0.051700000,0.015900000,0.053700000,true,true,0.025600000,0.164100000,0.008500000,0.003600000,0.008800000,103,103,0
842,2,1,1920,1080,640,360,ultra-performance,0.001800000,0.024500000,0.297000000,0.745500000,0.023300000,0.145500000,0.836000000,0.182200000,2.567900000,2.566100000,2.255800000,0.312100000,0.003600000,0.025500000,0.016600000,0.250900000,0.310400000,0.310500000,0.095900000,0.002800000,0.644000000,84,0,103,3,7,0.010500000,0.003200000,0.001500000,0.004000000,0.003400000,0.000500000,0.538300000,0.013300000,0.152900000,0.007700000,0.004900000,0.086000000,0.000100000,0.000000000,0.004100000,0.830400000,0.005600000,3,1,7,7,3,,0.216600000,0.004400000,0.301900000,0.051000000,0.015700000,0.053900000,true,true,0.024800000,0.165300000,0.008600000,0.003800000,0.009000000,103,103,0
843,0,1,1920,1080,640,360,ultra-performance,0.001800000,0.020900000,0.297400000,0.769200000,0.016800000,0.146500000,0.829600000,0.190900000,2.585500000,2.583700000,2.273100000,0.312400000,0.003600000,0.025300000,0.016600000,0.251500000,0.310900000,0.311200000,0.094600000,0.002600000,0.668800000,84,0,103,3,7,0.001900000,0.003400000,0.001800000,0.004300000,0.003100000,0.000400000,0.495500000,0.014500000,0.150000000,0.009100000,0.004900000,0.130300000,0.000100000,0.000000000,0.004200000,0.823500000,0.006100000,3,1,7,7,3,,0.220100000,0.004300000,0.306100000,0.051900000,0.015600000,0.070200000,true,true,0.024800000,0.169900000,0.007900000,0.003600000,0.009200000,103,103,0
844,1,1,1920,1080,640,360,ultra-performance,0.001900000,0.022700000,0.297500000,0.756000000,0.016100000,0.164000000,1.115100000,0.234000000,2.922800000,2.920900000,2.607300000,0.315500000,0.003600000,0.025200000,0.016000000,0.252300000,0.313100000,0.313300000,0.094500000,0.002600000,0.656100000,84,0,103,3,7,0.002000000,0.003400000,0.001800000,0.004400000,0.004300000,0.001300000,0.631300000,0.026800000,0.235400000,0.020500000,0.006500000,0.163200000,0.000100000,0.000000000,0.004900000,1.105900000,0.009200000,3,1,7,7,3,,0.217700000,0.004200000,0.311000000,0.052300000,0.015900000,0.054400000,true,true,0.025000000,0.167300000,0.007700000,0.003500000,0.009500000,103,103,0
845,2,1,1920,1080,640,360,ultra-performance,0.002800000,0.038900000,0.251500000,0.615800000,0.020700000,0.136800000,1.027600000,0.262500000,2.514800000,2.512000000,2.356600000,0.158200000,0.008500000,0.033900000,0.013100000,0.195200000,0.155000000,0.155600000,0.062400000,0.004900000,0.546500000,84,0,103,3,7,0.001300000,0.004100000,0.001100000,0.004000000,0.005800000,0.001200000,0.714400000,0.025900000,0.116400000,0.012100000,0.005900000,0.118100000,0.000100000,0.000000000,0.007800000,1.018200000,0.009400000,3,1,7,7,3,,0.197500000,0.004500000,0.213200000,0.075900000,0.014800000,0.039800000,true,true,0.043900000,0.122600000,0.009800000,0.006800000,0.011000000,103,103,0
846,0,1,1920,1080,640,360,ultra-performance,0.002300000,0.027100000,0.188700000,0.519200000,0.015600000,0.107600000,0.953400000,0.217100000,2.203000000,2.200700000,2.031000000,0.172000000,0.005300000,0.022000000,0.011000000,0.149600000,0.169600000,0.169700000,0.061600000,0.003200000,0.452300000,84,0,103,3,7,0.001200000,0.002600000,0.001100000,0.003400000,0.003700000,0.000700000,0.629900000,0.030100000,0.051900000,0.015300000,0.006900000,0.193300000,0.000000000,0.000000000,0.004300000,0.944400000,0.009000000,3,1,7,7,3,,0.145400000,0.003200000,0.206300000,0.048200000,0.012600000,0.036000000,true,true,0.019700000,0.102800000,0.008500000,0.003800000,0.007300000,103,103,0
847,1,1,1920,1080,640,360,ultra-performance,0.002500000,0.034800000,0.182800000,0.552600000,0.019500000,0.132400000,0.678000000,0.222700000,1.983600000,1.981100000,1.825300000,0.158300000,0.006600000,0.027000000,0.011000000,0.136900000,0.156100000,0.156500000,0.057300000,0.003900000,0.489500000,84,0,103,3,7,0.001400000,0.003600000,0.001100000,0.003300000,0.003500000,0.000600000,0.507700000,0.018000000,0.024700000,0.008500000,0.004500000,0.090200000,0.000200000,0.000000000,0.004600000,0.671900000,0.006100000,3,1,7,7,3,,0.165300000,0.004700000,0.202300000,0.064000000,0.014100000,0.038400000,true,true,0.032600000,0.107100000,0.008300000,0.005700000,0.008100000,103,103,0
848,2,1,1920,1080,640,360,ultra-performance,0.002000000,0.027300000,0.196200000,0.523100000,0.016000000,0.112000000,0.908200000,0.202900000,2.158900000,2.156900000,1.987700000,0.171200000,0.003800000,0.019700000,0.010900000,0.160900000,0.169000000,0.169100000,0.060700000,0.003000000,0.457300000,84,0,103,3,7,0.001400000,0.002700000,0.001200000,0.003300000,0.003800000,0.000700000,0.579000000,0.025100000,0.029100000,0.010500000,0.006000000,0.235000000,0.000000000,0.000000000,0.004100000,0.901900000,0.006300000,3,1,7,7,3,,0.147400000,0.003200000,0.208900000,0.048100000,0.012600000,0.036500000,true,true,0.019000000,0.105100000,0.008500000,0.003400000,0.008100000,103,103,0
849,0,1,1920,1080,640,360,ultra-performance,0.002100000,0.030000000,0.175700000,0.526300000,0.019300000,0.121700000,0.880100000,0.293000000,2.207600000,2.205500000,2.048200000,0.159400000,0.005600000,0.023800000,0.010700000,0.134800000,0.156900000,0.157200000,0.056400000,0.004100000,0.463900000,84,0,103,3,7,0.001500000,0.003300000,0.001300000,0.003100000,0.004200000,0.001000000,0.576600000,0.023800000,0.113600000,0.013700000,0.006600000,0.117300000,0.000100000,0.000000000,0.006600000,0.872700000,0.007400000,3,1,7,7,3,,0.155400000,0.003900000,0.196700000,0.057500000,0.014000000,0.035600000,true,true,0.023100000,0.106400000,0.008300000,0.005700000,0.008500000,103,103,0
850,1,1,1920,1080,640,360,ultra-performance,0.001800000,0.022700000,0.166100000,0.459400000,0.014200000,0.104200000,0.876400000,0.334800000,2.139000000,2.137200000,1.979600000,0.159400000,0.004500000,0.020000000,0.009300000,0.131200000,0.156400000,0.156700000,0.051100000,0.002700000,0.403800000,84,0,103,3,7,0.001100000,0.002900000,0.001000000,0.003000000,0.005500000,0.001100000,0.560600000,0.029600000,0.091500000,0.013200000,0.006600000,0.145000000,0.000100000,0.000000000,0.007100000,0.868300000,0.008100000,3,1,7,7,3,,0.130900000,0.003400000,0.176300000,0.048100000,0.011900000,0.032500000,true,true,0.017000000,0.093600000,0.006200000,0.004100000,0.006900000,103,103,0
851,2,1,1920,1080,640,360,ultra-performance,0.002400000,0.028400000,0.183400000,0.540900000,0.018000000,0.117800000,0.820300000,0.200200000,2.090100000,2.087700000,1.911400000,0.178700000,0.004900000,0.021700000,0.011100000,0.145100000,0.177200000,0.177300000,0.059200000,0.003200000,0.476400000,84,0,103,3,7,0.001300000,0.002800000,0.001100000,0.003400000,0.002500000,0.000600000,0.583700000,0.026300000,0.048400000,0.013100000,0.005500000,0.122400000,0.000000000,0.000000000,0.003500000,0.814600000,0.005700000,3,1,7,7,3,,0.152300000,0.003400000,0.207800000,0.062700000,0.012700000,0.036700000,true,true,0.022600000,0.105300000,0.009000000,0.004000000,0.007700000,103,103,0
852,0,1,1920,1080,640,360,ultra-performance,0.002300000,0.027300000,0.181200000,0.623100000,0.021900000,0.151000000,0.666300000,0.259200000,2.101700000,2.099400000,1.932300000,0.169400000,0.004100000,0.019300000,0.010900000,0.146500000,0.167800000,0.168000000,0.056000000,0.003000000,0.561300000,84,0,103,3,7,0.001500000,0.003900000,0.001600000,0.004500000,0.002900000,0.000700000,0.426900000,0.029600000,0.029000000,0.013100000,0.005700000,0.135800000,0.000100000,0.000000000,0.004400000,0.659700000,0.006600000,3,1,7,7,3,,0.177900000,0.005500000,0.245500000,0.053300000,0.016200000,0.062300000,true,true,0.021300000,0.130500000,0.007500000,0.004000000,0.010000000,103,103,0
853,1,1,1920,1080,640,360,ultra-performance,0.002600000,0.038600000,0.285400000,0.487800000,0.016100000,0.112600000,0.813300000,0.231900000,2.156500000,2.153900000,1.988300000,0.168200000,0.005300000,0.027100000,0.015800000,0.236700000,0.166000000,0.166500000,0.057500000,0.003100000,0.425300000,84,0,103,3,7,0.001300000,0.002900000,0.001200000,0.003400000,0.004700000,0.000900000,0.558000000,0.024900000,0.063800000,0.017800000,0.008300000,0.111700000,0.000100000,0.000000000,0.004700000,0.803700000,0.009600000,3,1,7,7,3,,0.137700000,0.003300000,0.188400000,0.049800000,0.011700000,0.034100000,true,true,0.017600000,0.098300000,0.007800000,0.003400000,0.007300000,103,103,0
854,2,1,1920,1080,640,360,ultra-performance,0.001900000,0.025000000,0.172900000,0.485000000,0.015700000,0.122900000,1.209000000,0.284200000,2.487500000,2.485600000,2.316600000,0.170900000,0.003500000,0.018300000,0.009900000,0.140800000,0.167200000,0.167400000,0.055000000,0.002700000,0.425300000,84,0,103,3,7,0.001500000,0.003300000,0.001700000,0.003800000,0.007000000,0.001500000,0.759700000,0.035400000,0.160600000,0.025100000,0.012300000,0.175500000,0.000000000,0.000000000,0.009600000,1.197000000,0.012000000,3,1,7,7,3,,0.137900000,0.003200000,0.189000000,0.046800000,0.012600000,0.035300000,true,true,0.017600000,0.099600000,0.006700000,0.003700000,0.007000000,103,103,0
855,0,1,1920,1080,640,360,ultra-performance,0.002400000,0.034900000,0.200900000,0.590100000,0.019400000,0.130700000,0.753400000,0.269500000,2.190600000,2.188200000,2.001300000,0.189300000,0.007700000,0.028600000,0.011300000,0.152400000,0.187100000,0.187300000,0.064200000,0.005800000,0.518200000,84,0,103,3,7,0.001500000,0.003600000,0.001100000,0.003900000,0.003700000,0.001000000,0.524300000,0.022100000,0.082000000,0.010100000,0.004400000,0.083600000,0.000200000,0.000000000,0.005000000,0.746500000,0.006900000,3,1,7,7,3,,0.179700000,0.004600000,0.206600000,0.067700000,0.014600000,0.044500000,true,true,0.042600000,0.111200000,0.008400000,0.005400000,0.008500000,103,103,0
856,1,1,1920,1080,640,360,ultra-performance,0.002200000,0.026100000,0.210500000,0.530300000,0.016900000,0.111700000,0.631300000,0.209700000,1.946800000,1.944600000,1.738700000,0.208100000,0.004300000,0.018900000,0.011600000,0.175000000,0.206900000,0.207000000,0.060400000,0.003500000,0.464300000,84,0,103,3,7,0.001300000,0.002800000,0.001100000,0.003500000,0.002300000,0.000500000,0.494500000,0.018600000,0.001800000,0.007000000,0.004300000,0.086500000,0.000100000,0.000000000,0.003100000,0.627400000,0.003900000,3,1,7,7,3,,0.157800000,0.003700000,0.203900000,0.050600000,0.012300000,0.035500000,true,true,0.019400000,0.114900000,0.008400000,0.004000000,0.007900000,103,103,0
857,2,1,1920,1080,640,360,ultra-performance,0.001900000,0.025100000,0.190300000,0.472800000,0.013800000,0.103400000,0.618300000,0.170200000,1.764200000,1.762300000,1.595800000,0.168400000,0.003300000,0.017200000,0.009700000,0.159300000,0.167000000,0.167200000,0.053400000,0.002700000,0.414800000,84,0,103,3,7,0.001200000,0.002600000,0.001100000,0.003100000,0.002000000,0.000300000,0.500100000,0.015900000,0.001700000,0.005800000,0.003000000,0.075100000,0.000100000,0.000000000,0.002900000,0.614900000,0.003400000,3,1,7,7,3,,0.135200000,0.003000000,0.186000000,0.044900000,0.011300000,0.033800000,true,true,0.017900000,0.097200000,0.006700000,0.003800000,0.006400000,103,103,0
858,0,1,1920,1080,640,360,ultra-performance,0.001900000,0.023800000,0.168500000,0.520100000,0.014200000,0.107400000,0.843200000,0.226800000,2.097200000,2.095300000,1.905900000,0.191300000,0.003100000,0.016200000,0.009800000,0.138800000,0.188800000,0.188900000,0.056700000,0.002200000,0.459300000,84,0,103,3,7,0.001200000,0.002700000,0.001100000,0.003800000,0.004000000,0.000700000,0.547500000,0.023400000,0.131200000,0.010000000,0.005000000,0.101500000,0.000100000,0.000000000,0.004300000,0.836500000,0.006700000,3,1,7,7,3,,0.156600000,0.004200000,0.208700000,0.044400000,0.011600000,0.033300000,true,true,0.017100000,0.107500000,0.012400000,0.006400000,0.008600000,103,103,0
859,1,1,1920,1080,640,360,ultra-performance,0.002600000,0.034400000,0.183700000,0.613700000,0.022800000,0.154900000,1.128800000,0.343000000,2.641800000,2.639200000,2.483900000,0.157900000,0.007300000,0.029900000,0.011100000,0.134200000,0.155000000,0.155400000,0.056900000,0.004900000,0.549500000,84,0,103,3,7,0.001600000,0.003800000,0.001500000,0.003900000,0.004100000,0.000900000,0.652300000,0.030900000,0.256900000,0.013400000,0.006600000,0.136900000,0.000100000,0.000000000,0.007600000,1.120500000,0.008300000,3,1,7,7,3,,0.175000000,0.004300000,0.222500000,0.083900000,0.016900000,0.046200000,true,true,0.039400000,0.110500000,0.008000000,0.005500000,0.008000000,103,103,0
860,2,1,1920,1080,640,360,ultra-performance,0.002500000,0.037700000,0.178300000,0.540100000,0.017700000,0.126100000,0.792800000,0.202800000,2.057900000,2.055400000,1.898000000,0.159900000,0.007000000,0.024200000,0.010500000,0.135500000,0.157200000,0.158300000,0.070900000,0.003800000,0.463600000,84,0,103,3,7,0.001300000,0.003700000,0.001100000,0.003100000,0.002600000,0.000600000,0.581700000,0.018300000,0.036200000,0.012300000,0.005100000,0.114900000,0.000200000,0.000000000,0.004400000,0.785500000,0.007300000,3,1,7,7,3,,0.164300000,0.004000000,0.186900000,0.059800000,0.013800000,0.034200000,true,true,0.034100000,0.106900000,0.007900000,0.004300000,0.007800000,103,103,0
861,0,1,1920,1080,640,360,ultra-performance,0.002300000,0.035500000,0.180300000,0.519100000,0.015800000,0.109700000,0.761600000,0.283200000,2.075900000,2.073600000,1.907500000,0.168400000,0.004300000,0.020200000,0.011000000,0.144300000,0.167100000,0.167300000,0.059200000,0.002900000,0.455000000,84,0,103,3,7,0.001100000,0.002900000,0.001100000,0.003300000,0.002400000,0.000700000,0.546300000,0.018700000,0.047700000,0.010700000,0.004100000,0.113900000,0.000100000,0.000000000,0.003300000,0.756300000,0.005300000,3,1,7,7,3,,0.144400000,0.003300000,0.207000000,0.050800000,0.012700000,0.036100000,true,true,0.019200000,0.103300000,0.007600000,0.003800000,0.007200000,103,103,0
862,1,1,1920,1080,640,360,ultra-performance,0.002000000,0.033300000,0.173200000,0.496100000,0.014500000,0.107100000,0.641900000,0.167600000,1.814200000,1.812200000,1.635700000,0.178500000,0.004500000,0.017200000,0.010300000,0.140700000,0.177300000,0.177400000,0.055900000,0.002700000,0.435500000,84,0,103,3,7,0.001200000,0.002800000,0.001000000,0.003200000,0.002500000,0.000400000,0.485200000,0.018400000,0.032900000,0.007900000,0.004400000,0.074900000,0.000000000,0.000000000,0.003100000,0.637900000,0.004000000,3,1,7,7,3,,0.149300000,0.003900000,0.189300000,0.045300000,0.012300000,0.035000000,true,true,0.020600000,0.101900000,0.006500000,0.007200000,0.009400000,103,103,0
863,2,1,1920,1080,640,360,ultra-performance,0.001700000,0.021500000,0.171500000,0.467900000,0.013400000,0.103200000,0.651500000,0.196100000,1.807000000,1.805300000,1.626800000,0.180200000,0.003600000,0.016800000,0.009500000,0.141200000,0.178300000,0.178400000,0.053400000,0.002400000,0.410300000,84,0,103,3,7,0.001100000,0.002800000,0.001100000,0.003400000,0.003300000,0.000800000,0.471000000,0.018200000,0.044300000,0.009000000,0.004800000,0.080100000,0.000000000,0.000000000,0.005600000,0.645500000,0.006000000,3,1,7,7,3,,0.134500000,0.002900000,0.183300000,0.042800000,0.011700000,0.034400000,true,true,0.017400000,0.097800000,0.006800000,0.003200000,0.006300000,103,103,0
864,0,1,1920,1080,640,360,ultra-performance,0.001800000,0.028000000,0.166400000,0.521300000,0.016500000,0.120900000,0.764500000,0.218200000,2.037500000,2.035700000,1.837600000,0.199900000,0.005300000,0.022700000,0.009700000,0.128200000,0.197000000,0.197200000,0.070100000,0.003400000,0.446000000,84,0,103,3,7,0.001300000,0.002900000,0.001000000,0.003200000,0.003900000,0.001000000,0.550400000,0.021100000,0.028600000,0.009900000,0.005100000,0.122400000,0.000000000,0.000000000,0.005600000,0.756400000,0.008100000,3,1,7,7,3,,0.153100000,0.004200000,0.189300000,0.052100000,0.012700000,0.034000000,true,true,0.023000000,0.107100000,0.008100000,0.003900000,0.007700000,103,103,0
865,1,1,1920,1080,640,360,ultra-performance,0.002200000,0.027600000,0.277300000,0.815200000,0.020600000,0.156000000,1.034600000,0.215900000,2.876400000,2.874200000,2.549400000,0.327000000,0.004900000,0.024300000,0.013000000,0.234500000,0.323400000,0.323600000,0.099800000,0.003900000,0.708600000,84,0,103,3,7,0.002000000,0.003700000,0.001800000,0.005000000,0.006800000,0.001600000,0.698000000,0.032800000,0.045200000,0.020200000,0.010900000,0.184200000,0.000000000,0.000000000,0.009000000,1.021200000,0.013400000,3,1,7,7,3,,0.232300000,0.004700000,0.329100000,0.067500000,0.017100000,0.057300000,true,true,0.029800000,0.173400000,0.010200000,0.003700000,0.009900000,103,103,0
866,2,1,1920,1080,640,360,ultra-performance,0.001800000,0.027400000,0.178200000,0.542000000,0.018100000,0.150800000,0.917400000,0.326600000,2.329000000,2.327200000,2.162300000,0.166700000,0.004400000,0.021200000,0.011300000,0.140600000,0.164000000,0.164200000,0.057400000,0.003400000,0.479100000,84,0,103,3,7,0.002300000,0.003600000,0.001800000,0.004400000,0.007000000,0.001600000,0.653900000,0.027100000,0.043100000,0.015900000,0.008900000,0.133100000,0.000000000,0.000000000,0.005600000,0.908300000,0.009100000,3,1,7,7,3,,0.146700000,0.003800000,0.195500000,0.073500000,0.017900000,0.041300000,true,true,0.020300000,0.104100000,0.008100000,0.003700000,0.007200000,103,103,0
867,0,1,1920,1080,640,360,ultra-performance,0.002900000,0.031500000,0.314000000,0.829700000,0.021100000,0.159600000,0.664200000,0.174700000,2.509800000,2.506900000,2.197700000,0.312100000,0.005800000,0.032900000,0.017500000,0.257100000,0.309900000,0.310200000,0.100900000,0.003900000,0.721700000,84,0,103,3,7,0.002000000,0.003800000,0.001600000,0.004500000,0.004800000,0.001000000,0.472400000,0.022600000,0.018600000,0.011100000,0.006400000,0.102100000,0.000000000,0.000000000,0.005300000,0.656200000,0.008000000,3,1,7,7,3,,0.237700000,0.005700000,0.332400000,0.070100000,0.017900000,0.057300000,true,true,0.031900000,0.175500000,0.011100000,0.003800000,0.010300000,103,103,0
868,1,1,1920,1080,640,360,ultra-performance,0.001700000,0.028400000,0.249900000,0.587700000,0.015300000,0.114300000,0.771300000,0.219200000,2.265000000,2.263300000,1.987800000,0.277200000,0.004400000,0.021700000,0.010400000,0.212600000,0.274900000,0.275300000,0.101200000,0.003700000,0.480800000,84,0,103,3,7,0.001700000,0.002900000,0.001500000,0.004100000,0.003100000,0.000600000,0.568700000,0.023100000,0.042100000,0.009600000,0.004900000,0.097700000,0.000000000,0.000000000,0.003400000,0.763400000,0.007900000,3,1,7,7,3,,0.167600000,0.003600000,0.207400000,0.052300000,0.013700000,0.035500000,true,true,0.029400000,0.114800000,0.008500000,0.004300000,0.007400000,103,103,0
869,2,1,1920,1080,640,360,ultra-performance,0.002000000,0.028000000,0.202800000,0.550000000,0.017900000,0.112200000,0.713300000,0.194500000,1.991900000,1.989900000,1.820700000,0.171200000,0.004200000,0.028000000,0.010600000,0.159600000,0.169600000,0.169800000,0.075500000,0.003300000,0.468700000,84,0,103,3,7,0.001300000,0.002800000,0.001100000,0.003400000,0.002800000,0.000700000,0.579600000,0.019200000,0.005500000,0.008400000,0.004400000,0.076700000,0.000100000,0.000000000,0.003200000,0.709200000,0.004100000,3,1,7,7,3,,0.169200000,0.003600000,0.192000000,0.047400000,0.012000000,0.044000000,true,true,0.025000000,0.122400000,0.007800000,0.003900000,0.006800000,103,103,0
870,0,1,1920,1080,640,360,ultra-performance,0.002000000,0.032500000,0.173900000,0.488700000,0.013700000,0.105900000,0.707600000,0.167200000,1.862700000,1.860700000,1.691500000,0.171200000,0.003400000,0.017900000,0.010400000,0.141600000,0.169200000,0.169300000,0.055200000,0.002500000,0.429000000,84,0,103,3,7,0.001200000,0.002800000,0.001200000,0.003400000,0.003500000,0.000600000,0.466400000,0.017800000,0.101500000,0.011100000,0.004200000,0.082800000,0.000100000,0.000000000,0.004800000,0.701400000,0.006200000,3,1,7,7,3,,0.145900000,0.003300000,0.188800000,0.045100000,0.011800000,0.033500000,true,true,0.017300000,0.109400000,0.006300000,0.003300000,0.006400000,103,103,0
871,1,1,1920,1080,640,360,ultra-performance,0.001800000,0.024300000,0.205100000,0.559100000,0.017000000,0.112300000,0.645500000,0.164500000,1.893200000,1.891400000,1.729600000,0.163600000,0.004300000,0.019700000,0.011200000,0.169400000,0.162200000,0.162400000,0.057400000,0.003200000,0.496400000,84,0,103,3,7,0.001400000,0.003300000,0.001500000,0.003500000,0.002500000,0.000500000,0.504700000,0.017400000,0.018400000,0.008600000,0.004000000,0.072500000,0.000100000,0.000000000,0.003500000,0.641900000,0.003600000,3,1,7,7,3,,0.143900000,0.003600000,0.248100000,0.052300000,0.013300000,0.034700000,true,true,0.022200000,0.099600000,0.007900000,0.004000000,0.006900000,103,103,0
872,2,1,1920,1080,640,360,ultra-performance,0.001800000,0.022300000,0.157800000,0.457500000,0.013100000,0.109400000,0.859200000,0.198800000,1.985900000,1.984100000,1.819900000,0.166000000,0.003300000,0.016400000,0.009100000,0.128500000,0.163800000,0.164000000,0.050300000,0.002500000,0.402900000,84,0,103,3,7,0.001100000,0.002600000,0.001000000,0.002900000,0.003100000,0.000700000,0.592700000,0.025800000,0.092500000,0.014200000,0.005000000,0.105400000,0.000000000,0.000000000,0.004500000,0.851500000,0.007700000,3,1,7,7,3,,0.141900000,0.003300000,0.172900000,0.040800000,0.011100000,0.032400000,true,true,0.018300000,0.103500000,0.007500000,0.003600000,0.006200000,103,103,0
873,0,1,1920,1080,640,360,ultra-performance,0.002100000,0.022600000,0.198100000,0.565600000,0.021800000,0.141500000,0.750900000,0.229500000,2.100600000,2.098500000,1.932100000,0.168500000,0.004500000,0.020300000,0.011800000,0.161000000,0.166900000,0.167000000,0.060100000,0.002700000,0.500400000,84,0,103,3,7,0.001900000,0.004200000,0.001600000,0.004200000,0.002100000,0.000600000,0.489500000,0.023100000,0.040100000,0.015300000,0.007000000,0.151400000,0.000000000,0.000000000,0.004700000,0.745700000,0.005200000,3,1,7,7,3,,0.144600000,0.003800000,0.215200000,0.068200000,0.016000000,0.052000000,true,true,0.019800000,0.102400000,0.008000000,0.003700000,0.007600000,103,103,0
874,1,1,1920,1080,640,360,ultra-performance,0.001800000,0.027100000,0.183600000,0.480100000,0.013800000,0.115000000,0.545100000,0.165200000,1.700600000,1.698800000,1.531700000,0.168900000,0.005700000,0.027800000,0.010400000,0.139000000,0.167200000,0.167400000,0.054000000,0.002900000,0.421300000,84,0,103,3,7,0.001100000,0.002600000,0.001000000,0.003100000,0.002400000,0.000300000,0.427500000,0.017200000,0.002000000,0.006900000,0.003700000,0.070700000,0.000000000,0.000000000,0.002900000,0.541400000,0.003700000,3,1,7,7,3,,0.136600000,0.003500000,0.189400000,0.045000000,0.011600000,0.034600000,true,true,0.018800000,0.097200000,0.007200000,0.003300000,0.007100000,103,103,0
875,2,1,1920,1080,640,360,ultra-performance,0.001700000,0.024300000,0.185900000,0.465800000,0.013900000,0.103800000,0.754700000,0.179200000,1.912500000,1.910800000,1.729300000,0.183200000,0.003300000,0.016600000,0.009300000,0.156200000,0.181600000,0.181800000,0.055400000,0.002100000,0.406600000,84,0,103,3,7,0.001400000,0.003100000,0.001400000,0.003200000,0.002200000,0.000600000,0.556600000,0.017200000,0.025100000,0.006400000,0.003600000,0.127100000,0.000000000,0.000000000,0.003600000,0.751500000,0.003200000,3,1,7,7,3,,0.135000000,0.003200000,0.181200000,0.042200000,0.011000000,0.033400000,true,true,0.017100000,0.098300000,0.007100000,0.003400000,0.006200000,103,103,0
876,0,1,1920,1080,640,360,ultra-performance,0.002000000,0.019500000,0.169600000,0.540500000,0.013800000,0.105500000,0.618900000,0.166400000,1.815700000,1.813700000,1.636200000,0.179500000,0.003400000,0.017100000,0.009400000,0.139200000,0.178200000,0.178300000,0.053700000,0.002200000,0.482700000,84,0,103,3,7,0.001100000,0.002600000,0.001100000,0.003500000,0.002100000,0.000400000,0.424700000,0.015400000,0.009100000,0.006000000,0.003100000,0.143300000,0.000000000,0.000000000,0.003000000,0.615400000,0.003500000,3,1,7,7,3,,0.184300000,0.004400000,0.202300000,0.045600000,0.011600000,0.033800000,true,true,0.016400000,0.141200000,0.009300000,0.003800000,0.009300000,103,103,0
877,1,1,1920,1080,640,360,ultra-performance,0.001700000,0.019800000,0.176000000,0.474300000,0.013400000,0.103800000,1.168200000,0.207000000,2.338400000,2.336700000,2.164200000,0.174200000,0.003400000,0.016500000,0.009700000,0.146100000,0.172800000,0.172900000,0.055000000,0.002200000,0.415300000,84,0,103,3,7,0.001300000,0.002500000,0.001100000,0.003100000,0.004800000,0.001100000,0.665700000,0.027800000,0.110600000,0.017300000,0.006700000,0.315400000,0.000100000,0.000000000,0.003300000,1.160800000,0.007400000,3,1,7,7,3,,0.133000000,0.003300000,0.191800000,0.042400000,0.011200000,0.033300000,true,true,0.016900000,0.097100000,0.006400000,0.003400000,0.006300000,103,103,0
878,2,1,1920,1080,640,360,ultra-performance,0.001700000,0.022600000,0.169000000,0.479500000,0.013700000,0.106500000,0.787300000,0.175200000,1.924100000,1.922400000,1.755500000,0.168600000,0.003400000,0.016800000,0.010200000,0.138200000,0.166900000,0.167000000,0.053600000,0.002500000,0.421500000,84,0,103,3,7,0.001400000,0.002600000,0.001100000,0.003300000,0.003300000,0.000700000,0.570600000,0.018800000,0.050100000,0.015400000,0.005800000,0.102600000,0.000000000,0.000000000,0.004600000,0.780300000,0.007000000,3,1,7,7,3,,0.133900000,0.003300000,0.194800000,0.043600000,0.011800000,0.033700000,true,true,0.017200000,0.096700000,0.007000000,0.003400000,0.006500000,103,103,0
879,0,1,1920,1080,640,360,ultra-performance,0.001900000,0.026200000,0.248300000,0.506100000,0.016300000,0.107200000,0.667600000,0.178800000,1.917100000,1.915200000,1.752400000,0.164700000,0.004700000,0.020500000,0.010600000,0.211900000,0.163100000,0.163300000,0.056100000,0.003400000,0.444800000,84,0,103,3,7,0.001200000,0.003000000,0.001000000,0.003200000,0.002200000,0.000500000,0.486200000,0.021600000,0.046000000,0.008100000,0.004000000,0.082300000,0.000100000,0.000000000,0.003600000,0.663000000,0.004600000,3,1,7,7,3,,0.145600000,0.003500000,0.200800000,0.047600000,0.012200000,0.034600000,true,true,0.022200000,0.100800000,0.007900000,0.004500000,0.007100000,103,103,0
880,1,1,1920,1080,640,360,ultra-performance,0.496800000,0.039200000,0.249900000,0.668300000,0.020000000,0.144600000,1.020800000,0.228400000,3.123300000,2.626500000,2.868000000,0.255300000,0.005100000,0.024400000,0.014500000,0.205400000,0.252400000,0.252600000,0.078100000,0.003500000,0.584100000,84,0,103,3,7,0.001300000,0.003800000,0.001500000,0.003900000,0.006100000,0.001400000,0.680300000,0.030400000,0.038900000,0.018700000,0.007600000,0.210600000,0.000000000,0.000000000,0.005400000,1.009900000,0.010900000,3,1,7,7,3,,0.193500000,0.004800000,0.258800000,0.058800000,0.015900000,0.051700000,true,true,0.026300000,0.140000000,0.008900000,0.005100000,0.009400000,103,103,0
881,2,1,1920,1080,640,360,ultra-performance,0.002300000,0.034600000,0.281400000,0.780000000,0.026600000,0.148200000,0.732600000,0.217100000,2.481600000,2.479300000,2.222800000,0.258800000,0.005500000,0.030200000,0.014900000,0.230000000,0.256800000,0.257000000,0.085800000,0.004600000,0.687000000,84,0,103,3,7,0.001600000,0.003700000,0.001800000,0.004100000,0.002700000,0.000500000,0.512200000,0.019000000,0.072200000,0.008400000,0.004700000,0.093700000,0.000000000,0.000000000,0.003700000,0.728300000,0.004300000,3,1,7,7,3,,0.235000000,0.005100000,0.305300000,0.066800000,0.016700000,0.057500000,true,true,0.030000000,0.174800000,0.010900000,0.004300000,0.010200000,103,103,0
882,0,1,1920,1080,640,360,ultra-performance,0.002500000,0.030400000,0.265800000,0.692100000,0.018700000,0.156300000,1.020300000,0.219400000,2.680700000,2.678200000,2.405500000,0.275200000,0.004700000,0.024900000,0.017400000,0.218100000,0.273400000,0.273500000,0.084100000,0.003700000,0.601700000,84,0,103,3,7,0.001400000,0.003800000,0.001600000,0.004100000,0.003200000,0.000900000,0.644300000,0.023600000,0.111300000,0.009400000,0.005600000,0.200600000,0.000100000,0.000000000,0.003900000,1.013800000,0.006500000,3,1,7,7,3,,0.203300000,0.004700000,0.272300000,0.054800000,0.015700000,0.050200000,true,true,0.027400000,0.148900000,0.009200000,0.004900000,0.008600000,103,103,0
883,1,1,1920,1080,640,360,ultra-performance,0.002300000,0.035600000,0.271600000,0.709700000,0.025900000,0.143400000,0.814500000,0.233800000,2.511000000,2.508700000,2.236800000,0.274200000,0.005700000,0.025200000,0.018400000,0.221700000,0.272500000,0.272700000,0.082000000,0.004000000,0.620800000,84,0,103,3,7,0.001900000,0.003700000,0.001700000,0.004100000,0.003200000,0.000600000,0.478100000,0.018900000,0.155800000,0.009000000,0.004600000,0.123900000,0.000000000,0.000000000,0.004100000,0.809600000,0.004900000,3,1,7,7,3,,0.213500000,0.004500000,0.278600000,0.057100000,0.015500000,0.050900000,true,true,0.027700000,0.158300000,0.009600000,0.004800000,0.008800000,103,103,0
884,2,1,1920,1080,640,360,ultra-performance,0.002000000,0.033100000,0.284900000,0.720000000,0.019600000,0.151400000,0.830800000,0.258600000,2.585000000,2.583000000,2.300400000,0.284600000,0.005400000,0.026000000,0.015000000,0.238100000,0.283100000,0.283400000,0.086500000,0.003500000,0.627600000,84,0,103,3,7,0.001600000,0.003600000,0.001800000,0.004000000,0.003400000,0.000600000,0.473400000,0.019200000,0.194500000,0.009200000,0.005000000,0.104000000,0.000000000,0.000000000,0.003600000,0.823900000,0.006900000,3,1,7,7,3,,0.209800000,0.007600000,0.284400000,0.060100000,0.015900000,0.049300000,true,true,0.027100000,0.155200000,0.009400000,0.004500000,0.009200000,103,103,0
885,0,1,1920,1080,640,360,ultra-performance,0.002300000,0.030700000,0.250900000,0.711400000,0.018900000,0.148900000,0.687400000,0.322800000,2.446100000,2.443800000,2.173300000,0.272800000,0.004300000,0.025200000,0.012900000,0.207900000,0.271100000,0.271300000,0.085300000,0.003300000,0.620300000,84,0,103,3,7,0.001600000,0.003600000,0.001700000,0.004000000,0.002700000,0.000500000,0.426300000,0.018500000,0.112500000,0.008800000,0.004900000,0.094600000,0.000000000,0.000000000,0.003400000,0.683100000,0.004300000,3,1,7,7,3,,0.207200000,0.004900000,0.281400000,0.061500000,0.014000000,0.050600000,true,true,0.027400000,0.153200000,0.009300000,0.004600000,0.008600000,103,103,0
886,1,1,1920,1080,640,360,ultra-performance,0.002100000,0.028900000,0.262000000,0.695800000,0.018400000,0.137200000,1.020000000,0.227700000,2.678900000,2.676800000,2.392100000,0.286800000,0.004500000,0.024600000,0.014300000,0.217800000,0.284700000,0.284900000,0.086700000,0.003600000,0.603300000,84,0,103,3,7,0.001500000,0.003500000,0.001400000,0.004100000,0.003100000,0.000600000,0.538800000,0.021500000,0.142200000,0.010000000,0.005400000,0.279100000,0.000000000,0.000000000,0.003900000,1.015100000,0.004900000,3,1,7,7,3,,0.205500000,0.004700000,0.271300000,0.058000000,0.015300000,0.048000000,true,true,0.028400000,0.149600000,0.009800000,0.004600000,0.008800000,103,103,0
887,2,1,1920,1080,640,360,ultra-performance,0.002000000,0.032200000,0.270900000,0.707800000,0.020400000,0.150200000,0.706800000,0.248300000,2.417800000,2.415800000,2.138600000,0.279200000,0.004500000,0.025200000,0.014200000,0.226400000,0.277100000,0.277700000,0.086900000,0.003400000,0.615100000,84,0,103,3,7,0.001700000,0.003600000,0.001400000,0.004100000,0.002800000,0.000500000,0.497100000,0.019400000,0.042500000,0.007800000,0.004700000,0.111800000,0.000000000,0.000000000,0.004000000,0.701400000,0.005400000,3,1,7,7,3,,0.216400000,0.004800000,0.265000000,0.056900000,0.015800000,0.055500000,true,true,0.026700000,0.163100000,0.009400000,0.004200000,0.008800000,103,103,0
888,0,1,1920,1080,640,360,ultra-performance,0.002400000,0.030000000,0.255300000,0.704900000,0.018400000,0.162300000,0.775500000,0.203700000,2.413100000,2.410700000,2.152500000,0.260600000,0.004900000,0.026300000,0.013900000,0.209200000,0.258200000,0.258500000,0.080800000,0.003600000,0.617900000,84,0,103,3,7,0.001700000,0.003800000,0.001700000,0.004200000,0.003600000,0.000600000,0.495700000,0.027400000,0.045000000,0.011400000,0.007000000,0.161200000,0.000100000,0.000000000,0.004900000,0.768300000,0.007200000,3,1,7,7,3,,0.207700000,0.004800000,0.284000000,0.055700000,0.015300000,0.049900000,true,true,0.028600000,0.152100000,0.008900000,0.004600000,0.008900000,103,103,0
889,1,1,1920,1080,640,360,ultra-performance,0.002100000,0.036900000,0.284500000,0.773400000,0.023600000,0.159400000,0.807800000,0.196100000,2.530500000,2.528400000,2.283800000,0.246700000,0.007300000,0.046800000,0.017900000,0.211600000,0.244400000,0.244700000,0.092200000,0.005400000,0.673500000,84,0,103,3,7,0.001800000,0.003700000,0.001500000,0.004400000,0.003500000,0.000800000,0.620100000,0.020700000,0.036800000,0.010000000,0.005100000,0.089400000,0.000000000,0.000000000,0.003400000,0.801200000,0.006600000,3,1,7,7,3,,0.231900000,0.005200000,0.281300000,0.086200000,0.017500000,0.050700000,true,true,0.045000000,0.153900000,0.011100000,0.006900000,0.010500000,103,103,0
890,2,1,1920,1080,640,360,ultra-performance,0.001800000,0.038200000,0.235800000,0.501900000,0.020600000,0.111800000,0.826800000,0.524000000,2.504200000,2.502400000,2.260900000,0.243300000,0.005300000,0.025600000,0.013400000,0.190800000,0.240200000,0.240400000,0.076100000,0.003600000,0.417400000,84,0,103,3,7,0.001300000,0.003000000,0.001000000,0.003300000,0.005400000,0.001200000,0.543400000,0.023400000,0.099500000,0.012400000,0.006300000,0.110000000,0.000000000,0.000000000,0.007700000,0.817900000,0.008900000,3,1,7,7,3,,0.144000000,0.003600000,0.177800000,0.046500000,0.012100000,0.033000000,true,true,0.024300000,0.097500000,0.007900000,0.005300000,0.006300000,103,103,0
891,0,1,1920,1080,640,360,ultra-performance,0.002500000,0.028400000,0.196600000,0.541900000,0.017200000,0.125200000,0.776200000,0.170200000,2.028100000,2.025600000,1.858200000,0.169900000,0.007700000,0.029000000,0.010700000,0.148500000,0.167800000,0.168100000,0.060500000,0.003000000,0.476300000,84,0,103,3,7,0.001400000,0.002900000,0.001200000,0.003700000,0.002900000,0.000700000,0.603500000,0.020200000,0.026000000,0.012100000,0.004500000,0.085100000,0.000000000,0.000000000,0.005000000,0.769200000,0.007000000,3,1,7,7,3,,0.154000000,0.004000000,0.209500000,0.056600000,0.013500000,0.038200000,true,true,0.023900000,0.106800000,0.007600000,0.004400000,0.008000000,103,103,0
892,1,1,1920,1080,640,360,ultra-performance,0.001800000,0.024600000,0.188600000,0.492400000,0.016400000,0.104700000,0.861200000,0.324300000,2.203200000,2.201400000,2.014000000,0.189200000,0.004800000,0.019200000,0.022900000,0.140900000,0.187900000,0.188000000,0.058800000,0.003100000,0.428800000,84,0,103,3,7,0.001100000,0.002800000,0.001200000,0.003400000,0.002900000,0.000500000,0.574100000,0.026600000,0.037100000,0.013500000,0.006800000,0.182800000,0.000000000,0.000000000,0.003000000,0.855800000,0.005400000,3,1,7,7,3,,0.142400000,0.003700000,0.187500000,0.049100000,0.012300000,0.033400000,true,true,0.019900000,0.100100000,0.008000000,0.004500000,0.006900000,103,103,0
893,2,1,1920,1080,640,360,ultra-performance,0.006800000,0.069700000,0.261000000,0.587800000,0.018500000,0.134300000,0.750100000,0.165400000,2.219000000,2.212200000,1.993600000,0.225400000,0.010300000,0.050800000,0.018300000,0.179700000,0.223500000,0.223800000,0.074100000,0.003800000,0.507800000,84,0,103,3,7,0.001600000,0.003100000,0.001100000,0.003800000,0.003300000,0.000700000,0.576000000,0.022500000,0.018000000,0.010800000,0.004300000,0.094400000,0.000000000,0.000000000,0.004400000,0.744000000,0.006100000,3,1,7,7,3,,0.164500000,0.004300000,0.227200000,0.059100000,0.014000000,0.038100000,true,true,0.026800000,0.112300000,0.009100000,0.004900000,0.008000000,103,103,0
894,0,1,1920,1080,640,360,ultra-performance,0.001900000,0.024700000,0.173100000,0.504100000,0.017100000,0.120500000,0.620100000,0.151700000,1.786500000,1.784600000,1.613200000,0.173300000,0.004800000,0.019400000,0.011200000,0.137100000,0.171900000,0.172000000,0.055900000,0.003200000,0.443100000,84,0,103,3,7,0.001400000,0.004100000,0.001400000,0.003600000,0.002500000,0.000400000,0.511400000,0.015200000,0.001500000,0.006800000,0.003000000,0.061600000,0.000100000,0.000000000,0.002800000,0.615800000,0.004300000,3,1,7,7,3,,0.139800000,0.003500000,0.189700000,0.059700000,0.014200000,0.035700000,true,true,0.020900000,0.096900000,0.008600000,0.003800000,0.006800000,103,103,0
895,1,1,1920,1080,640,360,ultra-performance,0.001600000,0.021300000,0.161100000,0.458800000,0.012900000,0.096900000,1.149400000,0.358700000,2.435000000,2.433400000,2.260700000,0.174300000,0.003800000,0.017200000,0.010300000,0.129400000,0.170000000,0.170100000,0.049500000,0.002600000,0.404900000,84,0,103,3,7,0.001100000,0.002500000,0.000900000,0.003100000,0.006500000,0.001600000,0.708500000,0.031800000,0.145700000,0.016600000,0.007900000,0.200200000,0.000000000,0.000000000,0.010400000,1.136800000,0.012600000,3,1,7,7,3,,0.139900000,0.004000000,0.176700000,0.040900000,0.011400000,0.031600000,true,true,0.017700000,0.098900000,0.006100000,0.003400000,0.009700000,103,103,0
896,2,1,1920,1080,640,360,ultra-performance,0.002500000,0.038900000,0.285500000,0.754800000,0.021800000,0.154000000,0.873300000,0.256700000,2.652600000,2.650100000,2.387500000,0.265100000,0.007000000,0.032600000,0.017400000,0.227500000,0.263000000,0.263300000,0.089700000,0.004900000,0.657800000,84,0,103,3,7,0.001600000,0.003900000,0.001700000,0.004700000,0.003300000,0.000400000,0.661100000,0.021800000,0.056300000,0.009600000,0.005100000,0.093600000,0.000100000,0.000000000,0.003700000,0.866900000,0.006400000,3,1,7,7,3,,0.225000000,0.005100000,0.287500000,0.071500000,0.017400000,0.050600000,true,true,0.033400000,0.160800000,0.010700000,0.004900000,0.010500000,103,103,0
897,0,1,1920,1080,640,360,ultra-performance,0.002000000,0.034500000,0.261800000,0.672300000,0.019900000,0.159000000,0.838700000,0.233400000,2.485700000,2.483700000,2.221600000,0.264100000,0.004700000,0.026300000,0.014300000,0.215400000,0.260900000,0.261300000,0.080400000,0.003400000,0.586100000,84,0,103,3,7,0.001500000,0.003900000,0.001900000,0.003400000,0.003500000,0.000800000,0.568900000,0.024500000,0.026700000,0.011600000,0.006000000,0.172800000,0.000000000,0.000000000,0.004900000,0.830400000,0.008300000,3,1,7,7,3,,0.198900000,0.004200000,0.264200000,0.055800000,0.015000000,0.047500000,true,true,0.026600000,0.146500000,0.009300000,0.004200000,0.008400000,103,103,0
898,1,1,1920,1080,640,360,ultra-performance,0.002400000,0.042300000,0.272400000,0.779400000,0.027800000,0.156400000,0.830400000,0.185400000,2.555700000,2.553300000,2.296500000,0.259200000,0.008800000,0.036200000,0.017300000,0.209400000,0.256700000,0.257100000,0.086700000,0.005000000,0.684900000,84,0,103,3,7,0.002200000,0.004000000,0.001700000,0.004400000,0.002900000,0.000500000,0.487700000,0.020900000,0.199800000,0.009400000,0.004900000,0.083200000,0.000100000,0.000000000,0.003500000,0.825200000,0.005200000,3,1,7,7,3,,0.227800000,0.005300000,0.283200000,0.095700000,0.018500000,0.053900000,true,true,0.039800000,0.157200000,0.011000000,0.005300000,0.010400000,103,103,0
899,2,1,1920,1080,640,360,ultra-performance,0.002100000,0.037600000,0.244200000,0.702200000,0.022400000,0.155300000,0.813900000,0.251700000,2.489200000,2.487100000,2.229400000,0.259800000,0.006500000,0.029300000,0.013500000,0.194100000,0.256600000,0.256900000,0.079000000,0.004800000,0.615800000,84,0,103,3,7,0.001600000,0.004400000,0.001400000,0.004200000,0.003600000,0.000700000,0.580500000,0.025800000,0.037400000,0.011900000,0.006200000,0.122700000,0.000000000,0.000000000,0.006400000,0.806800000,0.007100000,3,1,7,7,3,,0.215600000,0.005100000,0.262000000,0.069500000,0.016300000,0.046600000,true,true,0.037600000,0.149900000,0.010200000,0.004900000,0.008800000,103,103,0
900,0,1,1920,1080,640,360,ultra-performance,0.002200000,0.027000000,0.188200000,0.548800000,0.017400000,0.113100000,1.245600000,0.208900000,2.532200000,2.530000000,2.351200000,0.181000000,0.004600000,0.021800000,0.011200000,0.149900000,0.178600000,0.178800000,0.059900000,0.003300000,0.483700000,84,0,103,3,7,0.001300000,0.003300000,0.001500000,0.003400000,0.003400000,0.000600000,0.651300000,0.030000000,0.350400000,0.015600000,0.007000000,0.164500000,0.000000000,0.000000000,0.004500000,1.236800000,0.008800000,3,1,7,7,3,,0.154400000,0.003500000,0.214200000,0.062900000,0.012400000,0.035600000,true,true,0.027800000,0.103700000,0.008200000,0.004100000,0.007300000,103,103,0
901,1,1,1920,1080,640,360,ultra-performance,0.002800000,0.041700000,0.285000000,0.780400000,0.023800000,0.158300000,0.752600000,0.242800000,2.534500000,2.531700000,2.287400000,0.247100000,0.007700000,0.052800000,0.015100000,0.208500000,0.245100000,0.245400000,0.095600000,0.005500000,0.676900000,84,0,103,3,7,0.001500000,0.005100000,0.001600000,0.004900000,0.004300000,0.000600000,0.559900000,0.026700000,0.027600000,0.011400000,0.006400000,0.092100000,0.000100000,0.000000000,0.003200000,0.745400000,0.007200000,3,1,7,7,3,,0.236700000,0.006200000,0.281400000,0.083200000,0.018100000,0.050400000,true,true,0.045600000,0.157000000,0.012400000,0.006600000,0.010900000,103,103,0
902,2,1,1920,1080,640,360,ultra-performance,0.002500000,0.045400000,0.276100000,0.777600000,0.023000000,0.145000000,0.765300000,0.217500000,2.564400000,2.561900000,2.252400000,0.312000000,0.005700000,0.024300000,0.016800000,0.228300000,0.310300000,0.310500000,0.094100000,0.004200000,0.676900000,84,0,103,3,7,0.001700000,0.004000000,0.001500000,0.004600000,0.002500000,0.000500000,0.585200000,0.018200000,0.002400000,0.007400000,0.004000000,0.125800000,0.000100000,0.000000000,0.003300000,0.761200000,0.004100000,3,1,7,7,3,,0.222300000,0.004300000,0.306200000,0.077500000,0.016500000,0.049600000,true,true,0.028400000,0.163200000,0.011700000,0.004800000,0.009600000,103,103,0
903,0,1,1920,1080,640,360,ultra-performance,0.002500000,0.024600000,0.180700000,0.535200000,0.014000000,0.104800000,0.915600000,0.353900000,2.310800000,2.308300000,2.131300000,0.179500000,0.003700000,0.021400000,0.010600000,0.144300000,0.175800000,0.175900000,0.053400000,0.002400000,0.477500000,84,0,103,3,7,0.001400000,0.003000000,0.001100000,0.003500000,0.005400000,0.001200000,0.658400000,0.028500000,0.037400000,0.014400000,0.006600000,0.134600000,0.000100000,0.000000000,0.008500000,0.904100000,0.011500000,3,1,7,7,3,,0.163800000,0.004200000,0.215200000,0.048000000,0.011900000,0.033700000,true,true,0.017500000,0.120300000,0.009500000,0.004000000,0.008600000,103,103,0
904,1,1,1920,1080,640,360,ultra-performance,0.002400000,0.036500000,0.258900000,0.762000000,0.021900000,0.165800000,0.837600000,0.190500000,2.521400000,2.519000000,2.275600000,0.245800000,0.006400000,0.025300000,0.014800000,0.211400000,0.243700000,0.243900000,0.082200000,0.004800000,0.671700000,84,0,103,3,7,0.001800000,0.004200000,0.001500000,0.004300000,0.003300000,0.000500000,0.633000000,0.019400000,0.072200000,0.010100000,0.005200000,0.072200000,0.000100000,0.000000000,0.003700000,0.831500000,0.006100000,3,1,7,7,3,,0.231900000,0.005700000,0.276300000,0.088900000,0.017700000,0.050500000,true,true,0.043900000,0.157100000,0.010800000,0.005800000,0.010100000,103,103,0
905,2,1,1920,1080,640,360,ultra-performance,0.001900000,0.036300000,0.244300000,0.684700000,0.020200000,0.164600000,0.673000000,0.261500000,2.353800000,2.351900000,2.086500000,0.267300000,0.004900000,0.022600000,0.013600000,0.202500000,0.264400000,0.264900000,0.075800000,0.005000000,0.601900000,84,0,103,3,7,0.001700000,0.004300000,0.001500000,0.003500000,0.003900000,0.000800000,0.490400000,0.020000000,0.017800000,0.009800000,0.004200000,0.102400000,0.000000000,0.000000000,0.005100000,0.665400000,0.007600000,3,1,7,7,3,,0.212100000,0.005300000,0.253500000,0.067100000,0.015100000,0.048100000,true,true,0.036900000,0.147700000,0.009400000,0.004900000,0.009600000,103,103,0
906,0,1,1920,1080,640,360,ultra-performance,0.002400000,0.030200000,0.291700000,0.747800000,0.022000000,0.154700000,0.834400000,0.227400000,2.581600000,2.579200000,2.310600000,0.271000000,0.005000000,0.028100000,0.015000000,0.242900000,0.268900000,0.269200000,0.090000000,0.004200000,0.651000000,84,0,103,3,7,0.001800000,0.003400000,0.001600000,0.004000000,0.003500000,0.000400000,0.551100000,0.020500000,0.110700000,0.008700000,0.004900000,0.114800000,0.000100000,0.000000000,0.003800000,0.829300000,0.005100000,3,1,7,7,3,,0.213200000,0.004300000,0.292900000,0.074000000,0.015900000,0.050300000,true,true,0.029000000,0.155600000,0.010200000,0.004800000,0.009500000,103,103,0
907,1,1,1920,1080,640,360,ultra-performance,0.002500000,0.031200000,0.265900000,0.662800000,0.019500000,0.156600000,0.886500000,0.233300000,2.527200000,2.524700000,2.258300000,0.268900000,0.004200000,0.024000000,0.016100000,0.221000000,0.267100000,0.267300000,0.084400000,0.003000000,0.573000000,84,0,103,3,7,0.001800000,0.003700000,0.001500000,0.004100000,0.005200000,0.001400000,0.480300000,0.027400000,0.178800000,0.016800000,0.005900000,0.146200000,0.000100000,0.000000000,0.004900000,0.878100000,0.008400000,3,1,7,7,3,,0.192200000,0.004000000,0.260100000,0.054000000,0.014100000,0.047900000,true,true,0.024400000,0.143200000,0.008500000,0.004100000,0.008000000,103,103,0
908,2,1,1920,1080,640,360,ultra-performance,0.003600000,0.041900000,0.215000000,0.602300000,0.020200000,0.132700000,0.717600000,0.237800000,2.127300000,2.123700000,1.971100000,0.156200000,0.015700000,0.033800000,0.012800000,0.151900000,0.153600000,0.154100000,0.061000000,0.004500000,0.534800000,84,0,103,3,7,0.001200000,0.003700000,0.001300000,0.004000000,0.004800000,0.001000000,0.443700000,0.024200000,0.104200000,0.011400000,0.007500000,0.096500000,0.000100000,0.000000000,0.005200000,0.708800000,0.008800000,3,1,7,7,3,,0.188700000,0.004500000,0.208100000,0.080600000,0.013600000,0.038400000,true,true,0.044500000,0.116300000,0.008500000,0.007200000,0.009000000,103,103,0
909,0,1,1920,1080,640,360,ultra-performance,0.002500000,0.030000000,0.281900000,0.714300000,0.020200000,0.139200000,0.851600000,0.251200000,2.555700000,2.553200000,2.290900000,0.264800000,0.005400000,0.037100000,0.014300000,0.224200000,0.262900000,0.263000000,0.089900000,0.003700000,0.618100000,84,0,103,3,7,0.001900000,0.003800000,0.001500000,0.004200000,0.004000000,0.000800000,0.530500000,0.027700000,0.109100000,0.010300000,0.005900000,0.143300000,0.000100000,0.000000000,0.003600000,0.846700000,0.004900000,3,1,7,7,3,,0.203900000,0.004400000,0.283400000,0.060600000,0.015700000,0.049500000,true,true,0.027000000,0.149700000,0.010000000,0.004600000,0.008700000,103,103,0
910,1,1,1920,1080,640,360,ultra-performance,0.002200000,0.029900000,0.266100000,0.693000000,0.020800000,0.139000000,0.731900000,0.212500000,2.374800000,2.372600000,2.095400000,0.279400000,0.004100000,0.023800000,0.013000000,0.224400000,0.277400000,0.277600000,0.081600000,0.003500000,0.605400000,84,0,103,3,7,0.001800000,0.003300000,0.001400000,0.003900000,0.003200000,0.000600000,0.465000000,0.021100000,0.099500000,0.009200000,0.004900000,0.109100000,0.000000000,0.000000000,0.003400000,0.726400000,0.005500000,3,1,7,7,3,,0.204700000,0.004400000,0.273600000,0.056100000,0.015600000,0.050300000,true,true,0.025600000,0.153400000,0.008500000,0.004400000,0.008500000,103,103,0
911,2,1,1920,1080,640,360,ultra-performance,0.002500000,0.035600000,0.269300000,0.683700000,0.018500000,0.138400000,0.622100000,0.242200000,2.296400000,2.293900000,2.012300000,0.284100000,0.004200000,0.022600000,0.013900000,0.227900000,0.282700000,0.282800000,0.083800000,0.003200000,0.594500000,84,0,103,3,7,0.001500000,0.003700000,0.001500000,0.003800000,0.002900000,0.000500000,0.362000000,0.018700000,0.113000000,0.008900000,0.004400000,0.092400000,0.000100000,0.000000000,0.003900000,0.617300000,0.004800000,3,1,7,7,3,,0.199600000,0.004100000,0.272600000,0.053400000,0.015500000,0.048800000,true,true,0.022900000,0.152800000,0.008300000,0.004100000,0.007900000,103,103,0
912,0,1,1920,1080,640,360,ultra-performance,0.002200000,0.027900000,0.370000000,0.750600000,0.020600000,0.182300000,0.807100000,0.201800000,2.644700000,2.642500000,2.362500000,0.282200000,0.004100000,0.023300000,0.014000000,0.328000000,0.280800000,0.281000000,0.099300000,0.004700000,0.642000000,84,0,103,3,7,0.001800000,0.003600000,0.001500000,0.004500000,0.003100000,0.000400000,0.516300000,0.019100000,0.089700000,0.009500000,0.005300000,0.142900000,0.000100000,0.000000000,0.003700000,0.801500000,0.005600000,3,1,7,7,3,,0.198900000,0.004300000,0.278600000,0.069800000,0.021000000,0.068900000,true,true,0.028500000,0.146400000,0.007400000,0.003900000,0.008700000,103,103,0
913,1,1,1920,1080,640,360,ultra-performance,0.001900000,0.032700000,0.251000000,0.661600000,0.018000000,0.137400000,0.931200000,0.190700000,2.498500000,2.496600000,2.224500000,0.274000000,0.003400000,0.021800000,0.014300000,0.210800000,0.272200000,0.272400000,0.080200000,0.002900000,0.576300000,84,0,103,3,7,0.001600000,0.003000000,0.001400000,0.004000000,0.003400000,0.000600000,0.519700000,0.018800000,0.123500000,0.009900000,0.005400000,0.229000000,0.000000000,0.000000000,0.003900000,0.924200000,0.007000000,3,1,7,7,3,,0.191600000,0.003900000,0.267800000,0.051700000,0.014100000,0.046400000,true,true,0.024000000,0.143500000,0.007900000,0.004100000,0.008300000,103,103,0
914,2,1,1920,1080,640,360,ultra-performance,0.001900000,0.030100000,0.259300000,0.657800000,0.016900000,0.134000000,0.736000000,0.200200000,2.301700000,2.299800000,2.036200000,0.265500000,0.003700000,0.023600000,0.013700000,0.217600000,0.264200000,0.264300000,0.080500000,0.002600000,0.572300000,84,0,103,3,7,0.001700000,0.003600000,0.001500000,0.003900000,0.002600000,0.000400000,0.569600000,0.017500000,0.005800000,0.007700000,0.004300000,0.108700000,0.000100000,0.000000000,0.003700000,0.731100000,0.004900000,3,1,7,7,3,,0.192600000,0.004200000,0.262400000,0.050800000,0.013800000,0.048000000,true,true,0.021500000,0.146600000,0.008100000,0.003600000,0.008800000,103,103,0
915,0,1,1920,1080,640,360,ultra-performance,0.001700000,0.026600000,0.255600000,0.660600000,0.016300000,0.130800000,0.786500000,0.192600000,2.342300000,2.340600000,2.070700000,0.271600000,0.003400000,0.021800000,0.012700000,0.217200000,0.270200000,0.270400000,0.089800000,0.002900000,0.565600000,84,0,103,3,7,0.001900000,0.003400000,0.001700000,0.003900000,0.003500000,0.000400000,0.523200000,0.017500000,0.118600000,0.009900000,0.005000000,0.086400000,0.000000000,0.000000000,0.004000000,0.779400000,0.007100000,3,1,7,7,3,,0.189700000,0.004000000,0.259900000,0.050400000,0.013900000,0.047100000,true,true,0.022500000,0.143800000,0.007600000,0.003600000,0.008400000,103,103,0
916,1,1,1920,1080,640,360,ultra-performance,0.001700000,0.027300000,0.254400000,0.672200000,0.016700000,0.132200000,1.012400000,0.256400000,2.644400000,2.642700000,2.373300000,0.271100000,0.003500000,0.023200000,0.013200000,0.214000000,0.268100000,0.268300000,0.081300000,0.002700000,0.585700000,84,0,103,3,7,0.001500000,0.003100000,0.001300000,0.003800000,0.005400000,0.000900000,0.618400000,0.031400000,0.078500000,0.016800000,0.007200000,0.226400000,0.000000000,0.000000000,0.007200000,1.001900000,0.010500000,3,1,7,7,3,,0.191700000,0.003700000,0.277200000,0.051100000,0.014300000,0.047000000,true,true,0.022600000,0.146100000,0.007200000,0.003500000,0.008200000,103,103,0
917,2,1,1920,1080,640,360,ultra-performance,0.003500000,0.044200000,0.218100000,0.621500000,0.024400000,0.164600000,0.924300000,0.367100000,2.527000000,2.523500000,2.367700000,0.159300000,0.009800000,0.038600000,0.015000000,0.153600000,0.155900000,0.156200000,0.062700000,0.007400000,0.549300000,84,0,103,3,7,0.002100000,0.004800000,0.001600000,0.004000000,0.007900000,0.001300000,0.586000000,0.027800000,0.052900000,0.015400000,0.009300000,0.189900000,0.000100000,0.000000000,0.010300000,0.913400000,0.010900000,3,1,7,7,3,,0.189600000,0.004600000,0.222000000,0.078100000,0.014300000,0.040100000,true,true,0.046300000,0.114000000,0.007800000,0.008000000,0.009900000,103,103,0
918,0,1,1920,1080,640,360,ultra-performance,0.002500000,0.033500000,0.275200000,0.802800000,0.020100000,0.144700000,1.021100000,0.477400000,3.052200000,3.049700000,2.777300000,0.274900000,0.005400000,0.027800000,0.016300000,0.225100000,0.271000000,0.271300000,0.089000000,0.003800000,0.707300000,84,0,103,3,7,0.002000000,0.003800000,0.001500000,0.004500000,0.006900000,0.001500000,0.699300000,0.033400000,0.058200000,0.029500000,0.010900000,0.147100000,0.000100000,0.000000000,0.010200000,1.008900000,0.012200000,3,1,7,7,3,,0.208800000,0.004800000,0.297800000,0.066400000,0.076600000,0.052200000,true,true,0.028900000,0.152700000,0.008600000,0.004600000,0.009800000,103,103,0
919,1,1,1920,1080,640,360,ultra-performance,0.003200000,0.042900000,0.289600000,0.838900000,0.024700000,0.174600000,0.949700000,0.245700000,2.810300000,2.807100000,2.569300000,0.241000000,0.009300000,0.041900000,0.017400000,0.220200000,0.238500000,0.239000000,0.095200000,0.010000000,0.731000000,84,0,103,3,7,0.002000000,0.004600000,0.001500000,0.004500000,0.004800000,0.000800000,0.587300000,0.031800000,0.127800000,0.013200000,0.007400000,0.148900000,0.000200000,0.000000000,0.005800000,0.940600000,0.009100000,3,1,7,7,3,,0.268600000,0.005300000,0.284900000,0.099900000,0.018700000,0.052600000,true,true,0.065700000,0.169200000,0.011100000,0.007400000,0.011000000,103,103,0
920,2,1,1920,1080,640,360,ultra-performance,0.002300000,0.035600000,0.278800000,0.736000000,0.022100000,0.145900000,0.788300000,0.199400000,2.488200000,2.485900000,2.208400000,0.279800000,0.004800000,0.027000000,0.017300000,0.228700000,0.278000000,0.278100000,0.091300000,0.003900000,0.638000000,84,0,103,3,7,0.001500000,0.003300000,0.001700000,0.004100000,0.002700000,0.000600000,0.494800000,0.018600000,0.118800000,0.010400000,0.005200000,0.116000000,0.000000000,0.000000000,0.004000000,0.781700000,0.006600000,3,1,7,7,3,,0.213000000,0.004700000,0.287400000,0.066100000,0.016100000,0.050100000,true,true,0.027500000,0.157500000,0.009200000,0.004500000,0.009500000,103,103,0
921,0,1,1920,1080,640,360,ultra-performance,0.002000000,0.028800000,0.267300000,0.693300000,0.017900000,0.133300000,0.917900000,0.186300000,2.528100000,2.526100000,2.246800000,0.281300000,0.004000000,0.024300000,0.013600000,0.224700000,0.279600000,0.280000000,0.085200000,0.002900000,0.602700000,84,0,103,3,7,0.001600000,0.003800000,0.001600000,0.004000000,0.003100000,0.000500000,0.583100000,0.021800000,0.155100000,0.010500000,0.005300000,0.116500000,0.000000000,0.000000000,0.004200000,0.911100000,0.006800000,3,1,7,7,3,,0.205900000,0.004400000,0.277500000,0.051800000,0.014700000,0.047800000,true,true,0.024600000,0.156700000,0.008000000,0.004000000,0.008500000,103,103,0
922,1,1,1920,1080,640,360,ultra-performance,0.001800000,0.028900000,0.259600000,0.680400000,0.017400000,0.140800000,0.981200000,0.341900000,2.724600000,2.722800000,2.452000000,0.272600000,0.004000000,0.023000000,0.013900000,0.218200000,0.270000000,0.270200000,0.080400000,0.002600000,0.594900000,84,0,103,3,7,0.001600000,0.003400000,0.001400000,0.003700000,0.006500000,0.001000000,0.572900000,0.029600000,0.025400000,0.011200000,0.005900000,0.303700000,0.000000000,0.000000000,0.007100000,0.973400000,0.007800000,3,1,7,7,3,,0.196000000,0.004500000,0.275100000,0.056600000,0.014300000,0.047600000,true,true,0.021500000,0.150600000,0.007600000,0.003600000,0.008600000,103,103,0
923,2,1,1920,1080,640,360,ultra-performance,0.002300000,0.032700000,0.276700000,0.556100000,0.013800000,0.111500000,0.807300000,0.264300000,2.341700000,2.339400000,2.064700000,0.277000000,0.004400000,0.023500000,0.013500000,0.234600000,0.274000000,0.274300000,0.070600000,0.003700000,0.479900000,84,0,103,3,7,0.001300000,0.002900000,0.001100000,0.003500000,0.005600000,0.001300000,0.512100000,0.024400000,0.033700000,0.013300000,0.006400000,0.186500000,0.000100000,0.000000000,0.006800000,0.799000000,0.008300000,3,1,7,7,3,,0.172900000,0.003900000,0.212700000,0.045100000,0.011500000,0.033300000,true,true,0.021300000,0.127400000,0.008200000,0.003900000,0.008300000,103,103,0
924,0,1,1920,1080,640,360,ultra-performance,0.003500000,0.046200000,0.243300000,0.580700000,0.017800000,0.139300000,0.864100000,0.226300000,2.291700000,2.288200000,2.121200000,0.170500000,0.008800000,0.038300000,0.013600000,0.181800000,0.167700000,0.168200000,0.061900000,0.002700000,0.513700000,84,0,103,3,7,0.001600000,0.003300000,0.001600000,0.004400000,0.003500000,0.000500000,0.567200000,0.018500000,0.035000000,0.009800000,0.005400000,0.202600000,0.000100000,0.000000000,0.004700000,0.858200000,0.005900000,3,1,7,7,3,,0.141700000,0.002900000,0.244500000,0.057800000,0.017000000,0.049000000,true,true,0.023000000,0.099900000,0.006700000,0.003500000,0.005800000,103,103,0
925,1,1,1920,1080,640,360,ultra-performance,0.002200000,0.029200000,0.274200000,0.678900000,0.017900000,0.134800000,0.789100000,0.186200000,2.394600000,2.392400000,2.112500000,0.282100000,0.004000000,0.024600000,0.014300000,0.230600000,0.280300000,0.280600000,0.083100000,0.002700000,0.590600000,84,0,103,3,7,0.001700000,0.003300000,0.001400000,0.004300000,0.002800000,0.000700000,0.523400000,0.016800000,0.115400000,0.008800000,0.004500000,0.096300000,0.000000000,0.000000000,0.004400000,0.783800000,0.005300000,3,1,7,7,3,,0.194400000,0.004100000,0.262500000,0.048600000,0.014100000,0.066500000,true,true,0.021900000,0.149200000,0.006900000,0.003900000,0.008500000,103,103,0
926,2,1,1920,1080,640,360,ultra-performance,0.002000000,0.029600000,0.261600000,0.683900000,0.017500000,0.135500000,0.782500000,0.177500000,2.368200000,2.366200000,2.090100000,0.278100000,0.003700000,0.023100000,0.013400000,0.220600000,0.276300000,0.276600000,0.099000000,0.002500000,0.579800000,84,0,103,3,7,0.001600000,0.003600000,0.001700000,0.003800000,0.003100000,0.000600000,0.608300000,0.019000000,0.028600000,0.009400000,0.005200000,0.087200000,0.000000000,0.000000000,0.004100000,0.776200000,0.006300000,3,1,7,7,3,,0.187800000,0.003800000,0.276200000,0.049700000,0.014000000,0.047800000,true,true,0.021100000,0.143200000,0.007000000,0.003800000,0.008500000,103,103,0
927,0,1,1920,1080,640,360,ultra-performance,0.002000000,0.029700000,0.258000000,0.645800000,0.015800000,0.130500000,0.870000000,0.208700000,2.429700000,2.427700000,2.160500000,0.269200000,0.003600000,0.022800000,0.016200000,0.214900000,0.267500000,0.267700000,0.080000000,0.002900000,0.560300000,84,0,103,3,7,0.001500000,0.003100000,0.001500000,0.004100000,0.004000000,0.000800000,0.586700000,0.022400000,0.118500000,0.010100000,0.006500000,0.099900000,0.000000000,0.000000000,0.004200000,0.863300000,0.006700000,3,1,7,7,3,,0.189500000,0.003900000,0.257500000,0.048000000,0.013700000,0.047100000,true,true,0.022400000,0.144400000,0.007000000,0.003600000,0.007800000,103,103,0
928,1,1,1920,1080,640,360,ultra-performance,0.002000000,0.030300000,0.258700000,0.661400000,0.016400000,0.134800000,0.764100000,0.235400000,2.381100000,2.379100000,2.103100000,0.278000000,0.003800000,0.023800000,0.012800000,0.218000000,0.276600000,0.276800000,0.082300000,0.002600000,0.574000000,84,0,103,3,7,0.001700000,0.003200000,0.001300000,0.004200000,0.002900000,0.000500000,0.612500000,0.015700000,0.002000000,0.009000000,0.004800000,0.095600000,0.000100000,0.000000000,0.003900000,0.757400000,0.006700000,3,1,7,7,3,,0.192600000,0.004100000,0.264600000,0.050200000,0.014700000,0.047200000,true,true,0.021900000,0.146600000,0.007600000,0.003900000,0.008500000,103,103,0
929,2,1,1920,1080,640,360,ultra-performance,0.001900000,0.039900000,0.265800000,0.643400000,0.016200000,0.137100000,0.811500000,0.210700000,2.392800000,2.390900000,2.126500000,0.266300000,0.003500000,0.022800000,0.012400000,0.226700000,0.264800000,0.264900000,0.079500000,0.002700000,0.558700000,84,0,103,3,7,0.001600000,0.003300000,0.001400000,0.003600000,0.004700000,0.000600000,0.561100000,0.027600000,0.045100000,0.014100000,0.007400000,0.126200000,0.000000000,0.000000000,0.005400000,0.802100000,0.009400000,3,1,7,7,3,,0.187500000,0.003800000,0.256300000,0.049100000,0.014100000,0.047200000,true,true,0.021700000,0.142700000,0.007600000,0.003800000,0.007800000,103,103,0
930,0,1,1920,1080,640,360,ultra-performance,0.002000000,0.028600000,0.257600000,0.725800000,0.016000000,0.136100000,0.785200000,0.296000000,2.525700000,2.523700000,2.247300000,0.278400000,0.003600000,0.022500000,0.013400000,0.217500000,0.276700000,0.276900000,0.085900000,0.002900000,0.634500000,84,0,103,3,7,0.001700000,0.003300000,0.001400000,0.003800000,0.002700000,0.000400000,0.513800000,0.017000000,0.127200000,0.009600000,0.005100000,0.089100000,0.000000000,0.000000000,0.004000000,0.779100000,0.006100000,3,1,7,7,3,,0.194100000,0.004400000,0.323800000,0.049900000,0.013800000,0.047800000,true,true,0.021600000,0.148800000,0.006900000,0.004000000,0.008800000,103,103,0
931,1,1,1920,1080,640,360,ultra-performance,0.002000000,0.028600000,0.258800000,0.662700000,0.015700000,0.131800000,1.035300000,0.176600000,2.595200000,2.593200000,2.311500000,0.283700000,0.003600000,0.022500000,0.013700000,0.218400000,0.282100000,0.282300000,0.080600000,0.002600000,0.577100000,84,0,103,3,7,0.001500000,0.003200000,0.001500000,0.003600000,0.003200000,0.000400000,0.590300000,0.016100000,0.303100000,0.009000000,0.005100000,0.088000000,0.000000000,0.000000000,0.004500000,1.029500000,0.005800000,3,1,7,7,3,,0.196200000,0.004100000,0.265900000,0.048800000,0.013900000,0.047800000,true,true,0.023200000,0.150000000,0.007100000,0.003900000,0.008200000,103,103,0
932,2,1,1920,1080,640,360,ultra-performance,0.001700000,0.027800000,0.260300000,0.650100000,0.015000000,0.134300000,0.764000000,0.182800000,2.306800000,2.305100000,2.036000000,0.270800000,0.003700000,0.021700000,0.012900000,0.221500000,0.269300000,0.269500000,0.080400000,0.002500000,0.564900000,84,0,103,3,7,0.001500000,0.003200000,0.001400000,0.003900000,0.003100000,0.000400000,0.562300000,0.016900000,0.038400000,0.009400000,0.004800000,0.109400000,0.000100000,0.000000000,0.004300000,0.759100000,0.004900000,3,1,7,7,3,,0.187900000,0.003800000,0.265500000,0.047800000,0.013700000,0.045800000,true,true,0.021500000,0.143700000,0.007100000,0.003600000,0.008100000,103,103,0
933,0,1,1920,1080,640,360,ultra-performance,0.001900000,0.026200000,0.256300000,0.643200000,0.017400000,0.130100000,1.114900000,0.399600000,2.859300000,2.857400000,2.589600000,0.269700000,0.003700000,0.022600000,0.013300000,0.216300000,0.265500000,0.265600000,0.080500000,0.002700000,0.557400000,84,0,103,3,7,0.001800000,0.002900000,0.001400000,0.003900000,0.007600000,0.002000000,0.603300000,0.035100000,0.187000000,0.017200000,0.008400000,0.217900000,0.000000000,0.000000000,0.013500000,1.102000000,0.012900000,3,1,7,7,3,,0.185100000,0.003700000,0.261400000,0.048100000,0.013900000,0.044800000,true,true,0.022800000,0.139700000,0.006900000,0.003700000,0.008200000,103,103,0
934,1,1,1920,1080,640,360,ultra-performance,0.003400000,0.057000000,0.410700000,1.087600000,0.034300000,0.267800000,0.853300000,0.269400000,3.309100000,3.305700000,2.983500000,0.325600000,0.010000000,0.050500000,0.020000000,0.328800000,0.322400000,0.323000000,0.101500000,0.007400000,0.969400000,84,0,103,3,7,0.004000000,0.006800000,0.003000000,0.008300000,0.003400000,0.000400000,0.641200000,0.020200000,0.054700000,0.009000000,0.005000000,0.087800000,0.000100000,0.000000000,0.004500000,0.848400000,0.004900000,3,1,7,7,3,,0.307500000,0.006600000,0.338000000,0.143600000,0.019700000,0.153200000,true,true,0.059900000,0.206800000,0.013500000,0.008400000,0.013400000,103,103,0
935,2,1,1920,1080,640,360,ultra-performance,0.002600000,0.036700000,0.280400000,0.810500000,0.030800000,0.181600000,0.745200000,0.263700000,2.626600000,2.624000000,2.351500000,0.275100000,0.006100000,0.031300000,0.015500000,0.226800000,0.272400000,0.272600000,0.087000000,0.004400000,0.711100000,84,0,103,3,7,0.002400000,0.004600000,0.001100000,0.005200000,0.003700000,0.000800000,0.462800000,0.024200000,0.083100000,0.009400000,0.004300000,0.122600000,0.000200000,0.000000000,0.006700000,0.731100000,0.014100000,3,1,7,7,3,,0.223600000,0.004700000,0.285600000,0.108300000,0.018100000,0.069900000,true,true,0.033200000,0.161000000,0.009200000,0.005800000,0.009800000,103,103,0
936,0,1,1920,1080,640,360,ultra-performance,0.002800000,0.033200000,0.274700000,0.752600000,0.020500000,0.147600000,0.771300000,0.242500000,2.513600000,2.510800000,2.245200000,0.268400000,0.005700000,0.028400000,0.016300000,0.223600000,0.266100000,0.266400000,0.090500000,0.004400000,0.655100000,84,0,103,3,7,0.002000000,0.004200000,0.001800000,0.003700000,0.002900000,0.000400000,0.523200000,0.019800000,0.094500000,0.008600000,0.004700000,0.097000000,0.000200000,0.000000000,0.004000000,0.767000000,0.004300000,3,1,7,7,3,,0.213700000,0.004800000,0.282800000,0.085500000,0.016500000,0.051200000,true,true,0.032200000,0.152900000,0.009800000,0.005000000,0.009400000,103,103,0
937,1,1,1920,1080,640,360,ultra-performance,0.002600000,0.033500000,0.267100000,0.710300000,0.020700000,0.144200000,0.793400000,0.225600000,2.473200000,2.470600000,2.197400000,0.275800000,0.004500000,0.026900000,0.014800000,0.220200000,0.274200000,0.274400000,0.083800000,0.003400000,0.620300000,84,0,103,3,7,0.001800000,0.004000000,0.001400000,0.004200000,0.002700000,0.000500000,0.587000000,0.019900000,0.066700000,0.008700000,0.004700000,0.081700000,0.000100000,0.000000000,0.004000000,0.787400000,0.006000000,3,1,7,7,3,,0.207000000,0.004700000,0.281000000,0.061600000,0.016500000,0.049100000,true,true,0.029300000,0.151300000,0.008600000,0.004700000,0.009200000,103,103,0
938,2,1,1920,1080,640,360,ultra-performance,0.002200000,0.033700000,0.270000000,0.710600000,0.018600000,0.143800000,0.796100000,0.219400000,2.467100000,2.464900000,2.194400000,0.272700000,0.004500000,0.026500000,0.017500000,0.220900000,0.270700000,0.271000000,0.085700000,0.003700000,0.618600000,84,0,103,3,7,0.001700000,0.003300000,0.001500000,0.004100000,0.003100000,0.000600000,0.490600000,0.021700000,0.130900000,0.008800000,0.004800000,0.114400000,0.000000000,0.000000000,0.004100000,0.789600000,0.006500000,3,1,7,7,3,,0.206500000,0.004200000,0.282900000,0.058800000,0.016600000,0.049200000,true,true,0.026800000,0.155700000,0.008200000,0.003900000,0.008100000,103,103,0
939,0,1,1920,1080,640,360,ultra-performance,0.002200000,0.027700000,0.260400000,0.701000000,0.018800000,0.142000000,0.802400000,0.260800000,2.483800000,2.481600000,2.215300000,0.268500000,0.003900000,0.023200000,0.012700000,0.219700000,0.266700000,0.267000000,0.082400000,0.003200000,0.613000000,84,0,103,3,7,0.001700000,0.003400000,0.001500000,0.004300000,0.003000000,0.000600000,0.518300000,0.019400000,0.053600000,0.008400000,0.004600000,0.175000000,0.000000000,0.000000000,0.004000000,0.797800000,0.004600000,3,1,7,7,3,,0.198300000,0.004900000,0.284300000,0.060500000,0.015700000,0.048700000,true,true,0.026200000,0.147200000,0.008700000,0.004000000,0.008300000,103,103,0
940,1,1,1920,1080,640,360,ultra-performance,0.001900000,0.031500000,0.261600000,0.684400000,0.019100000,0.148500000,0.873000000,0.228900000,2.516400000,2.514500000,2.248900000,0.267500000,0.004100000,0.024100000,0.013800000,0.219000000,0.265800000,0.265900000,0.081200000,0.003100000,0.597700000,84,0,103,3,7,0.001400000,0.003200000,0.001400000,0.004000000,0.003200000,0.000500000,0.526800000,0.019500000,0.198900000,0.009500000,0.005400000,0.088400000,0.000100000,0.000000000,0.004200000,0.866500000,0.006500000,3,1,7,7,3,,0.196600000,0.004200000,0.274200000,0.058800000,0.015700000,0.047600000,true,true,0.025800000,0.145500000,0.008200000,0.004200000,0.008700000,103,103,0
941,2,1,1920,1080,640,360,ultra-performance,0.002000000,0.033800000,0.257700000,0.681800000,0.021100000,0.153100000,0.852300000,0.215600000,2.485900000,2.483900000,2.217400000,0.268500000,0.003900000,0.023700000,0.012900000,0.216600000,0.259100000,0.259300000,0.079500000,0.003000000,0.597000000,84,0,103,3,7,0.001500000,0.003700000,0.001300000,0.003900000,0.003800000,0.000800000,0.616500000,0.031800000,0.034600000,0.012300000,0.006500000,0.123400000,0.000100000,0.000000000,0.005500000,0.845700000,0.006600000,3,1,7,7,3,,0.195800000,0.004200000,0.275800000,0.058100000,0.015600000,0.046900000,true,true,0.025100000,0.146200000,0.008200000,0.004100000,0.008100000,103,103,0
942,0,1,1920,1080,640,360,ultra-performance,0.002600000,0.035500000,0.190700000,0.581800000,0.018700000,0.130000000,0.807000000,0.254700000,2.193900000,2.191300000,2.021000000,0.172900000,0.007300000,0.027400000,0.012400000,0.142700000,0.169900000,0.170200000,0.065300000,0.003900000,0.510300000,84,0,103,3,7,0.001400000,0.003700000,0.001100000,0.003700000,0.003900000,0.000800000,0.537100000,0.022300000,0.111400000,0.010500000,0.005800000,0.090500000,0.000100000,0.000000000,0.006900000,0.799200000,0.007800000,3,1,7,7,3,,0.175900000,0.004500000,0.199500000,0.078400000,0.014000000,0.037500000,true,true,0.038000000,0.112300000,0.007800000,0.005800000,0.008300000,103,103,0
943,1,1,1920,1080,640,360,ultra-performance,0.002400000,0.033300000,0.271900000,0.732100000,0.022600000,0.146400000,0.970600000,0.390900000,2.839100000,2.836700000,2.570200000,0.268900000,0.005500000,0.027900000,0.015800000,0.221800000,0.266100000,0.266300000,0.092000000,0.004000000,0.633600000,84,0,103,3,7,0.002100000,0.003400000,0.001700000,0.004700000,0.005800000,0.001400000,0.611100000,0.033400000,0.156100000,0.012500000,0.007400000,0.115500000,0.000000000,0.000000000,0.008300000,0.963400000,0.007200000,3,1,7,7,3,,0.209400000,0.004800000,0.285500000,0.066000000,0.015900000,0.051200000,true,true,0.028400000,0.152700000,0.009700000,0.003900000,0.010000000,103,103,0
944,2,1,1920,1080,640,360,ultra-performance,0.004000000,0.049100000,0.275500000,0.699500000,0.020500000,0.142800000,0.818500000,0.215200000,2.497900000,2.493900000,2.225100000,0.272800000,0.006800000,0.024300000,0.014600000,0.228900000,0.271100000,0.271200000,0.084100000,0.003900000,0.609100000,84,0,103,3,7,0.001800000,0.003700000,0.001900000,0.004200000,0.003000000,0.000400000,0.586800000,0.020900000,0.044000000,0.009600000,0.004900000,0.127400000,0.000100000,0.000000000,0.004100000,0.812800000,0.005700000,3,1,7,7,3,,0.206900000,0.004600000,0.272200000,0.060400000,0.016300000,0.048000000,true,true,0.027800000,0.151800000,0.008800000,0.004600000,0.009600000,103,103,0
945,0,1,1920,1080,640,360,ultra-performance,0.002100000,0.031900000,0.258200000,0.653500000,0.019600000,0.163300000,0.949400000,0.216700000,2.566700000,2.564600000,2.294700000,0.272000000,0.004000000,0.024600000,0.013700000,0.215200000,0.270200000,0.270400000,0.080000000,0.003600000,0.567500000,84,0,103,3,7,0.001700000,0.004100000,0.001600000,0.003900000,0.003400000,0.000800000,0.514500000,0.027800000,0.118800000,0.012100000,0.007200000,0.242800000,0.000000000,0.000000000,0.003900000,0.942600000,0.006800000,3,1,7,7,3,,0.187000000,0.004000000,0.257500000,0.054300000,0.014500000,0.049500000,true,true,0.022800000,0.139800000,0.008000000,0.004300000,0.008200000,103,103,0
946,1,1,1920,1080,640,360,ultra-performance,0.002200000,0.029300000,0.255800000,0.688100000,0.018500000,0.143200000,0.709400000,0.201400000,2.314300000,2.312100000,2.047900000,0.266400000,0.003900000,0.024100000,0.013600000,0.213500000,0.264600000,0.264800000,0.083600000,0.003600000,0.598500000,84,0,103,3,7,0.001900000,0.003600000,0.001500000,0.004200000,0.003300000,0.000500000,0.490000000,0.016800000,0.061100000,0.009700000,0.005200000,0.101700000,0.000100000,0.000000000,0.004100000,0.703700000,0.005700000,3,1,7,7,3,,0.195300000,0.004100000,0.278100000,0.056200000,0.015600000,0.048700000,true,true,0.022600000,0.146800000,0.008200000,0.004400000,0.009100000,103,103,0
947,2,1,1920,1080,640,360,ultra-performance,0.001900000,0.030000000,0.256200000,0.678900000,0.017500000,0.156700000,0.797700000,0.189500000,2.398000000,2.396100000,2.128400000,0.269600000,0.003600000,0.023900000,0.013100000,0.214900000,0.267900000,0.268000000,0.081800000,0.003000000,0.591700000,84,0,103,3,7,0.001800000,0.003400000,0.001500000,0.004000000,0.002900000,0.000500000,0.551600000,0.019000000,0.106000000,0.008100000,0.004500000,0.084500000,0.000000000,0.000000000,0.003900000,0.791700000,0.006000000,3,1,7,7,3,,0.190700000,0.003900000,0.263200000,0.069000000,0.014800000,0.049400000,true,true,0.021800000,0.144900000,0.007900000,0.003800000,0.008200000,103,103,0
948,0,1,1920,1080,640,360,ultra-performance,0.001900000,0.027700000,0.253900000,0.671000000,0.016900000,0.146900000,0.772300000,0.198000000,2.353500000,2.351600000,2.088600000,0.264900000,0.003700000,0.023700000,0.013600000,0.212400000,0.263100000,0.263300000,0.083900000,0.003100000,0.581900000,84,0,103,3,7,0.001800000,0.003300000,0.001500000,0.003900000,0.002900000,0.000500000,0.544800000,0.017500000,0.089300000,0.009400000,0.005200000,0.082300000,0.000000000,0.000000000,0.004100000,0.766500000,0.005800000,3,1,7,7,3,,0.194000000,0.004000000,0.264600000,0.055900000,0.014900000,0.047800000,true,true,0.022600000,0.146900000,0.008000000,0.004100000,0.008500000,103,103,0
949,1,1,1920,1080,640,360,ultra-performance,0.001900000,0.028500000,0.254000000,0.661100000,0.017800000,0.142800000,0.775800000,0.294400000,2.445100000,2.443200000,2.176300000,0.268800000,0.004000000,0.023300000,0.015300000,0.210900000,0.266100000,0.266200000,0.088500000,0.002600000,0.567600000,84,0,103,3,7,0.001600000,0.003100000,0.001800000,0.003600000,0.004800000,0.000900000,0.550800000,0.025100000,0.044600000,0.013900000,0.005200000,0.106100000,0.000100000,0.000000000,0.006500000,0.768100000,0.007700000,3,1,7,7,3,,0.189200000,0.004000000,0.260200000,0.052100000,0.014000000,0.047400000,true,true,0.022500000,0.144000000,0.007000000,0.003900000,0.007900000,103,103,0
950,2,1,1920,1080,640,360,ultra-performance,0.003700000,0.050300000,0.288900000,0.815500000,0.024900000,0.167100000,0.669400000,0.206800000,2.473600000,2.469900000,2.226600000,0.247000000,0.010200000,0.046700000,0.017400000,0.213400000,0.244500000,0.244900000,0.088500000,0.006300000,0.718000000,84,0,103,3,7,0.001700000,0.004900000,0.001600000,0.004900000,0.003400000,0.000600000,0.470200000,0.022700000,0.054400000,0.009900000,0.004600000,0.078900000,0.000100000,0.000000000,0.005000000,0.662900000,0.006500000,3,1,7,7,3,,0.249400000,0.006400000,0.287500000,0.102700000,0.017500000,0.053300000,true,true,0.052600000,0.162800000,0.010600000,0.007100000,0.011700000,103,103,0
951,0,1,1920,1080,640,360,ultra-performance,0.002300000,0.036400000,0.251100000,0.687600000,0.021000000,0.163100000,0.960800000,0.258400000,2.628100000,2.625800000,2.380700000,0.247400000,0.006300000,0.028400000,0.015700000,0.199500000,0.244900000,0.245300000,0.076300000,0.004300000,0.604300000,84,0,103,3,7,0.001800000,0.004800000,0.001700000,0.004200000,0.003900000,0.000800000,0.573200000,0.021300000,0.219900000,0.010400000,0.006000000,0.097400000,0.000200000,0.000000000,0.006700000,0.952300000,0.008500000,3,1,7,7,3,,0.209200000,0.005100000,0.253400000,0.072100000,0.015200000,0.048300000,true,true,0.032600000,0.148600000,0.009200000,0.005700000,0.009300000,103,103,0
952,1,1,1920,1080,640,360,ultra-performance,0.002200000,0.032500000,0.285100000,0.750400000,0.020400000,0.143400000,0.786300000,0.209800000,2.492300000,2.490100000,2.230100000,0.262200000,0.005600000,0.029200000,0.016100000,0.233600000,0.260300000,0.260500000,0.086200000,0.004500000,0.657200000,84,0,103,3,7,0.002000000,0.003800000,0.001400000,0.004200000,0.002900000,0.000400000,0.618500000,0.021200000,0.002300000,0.009500000,0.005700000,0.103000000,0.000100000,0.000000000,0.004400000,0.779400000,0.006900000,3,1,7,7,3,,0.220200000,0.004500000,0.281800000,0.079100000,0.016000000,0.054800000,true,true,0.027500000,0.163200000,0.010000000,0.004500000,0.010300000,103,103,0
953,2,1,1920,1080,640,360,ultra-performance,0.002500000,0.038200000,0.258100000,0.682800000,0.018300000,0.140200000,0.679000000,0.196200000,2.283200000,2.280700000,2.015300000,0.267900000,0.004500000,0.023000000,0.014000000,0.216100000,0.266200000,0.266400000,0.082300000,0.003200000,0.594100000,84,0,103,3,7,0.001800000,0.003600000,0.001700000,0.004100000,0.002600000,0.000400000,0.532300000,0.018900000,0.002100000,0.008900000,0.004700000,0.089000000,0.000100000,0.000000000,0.003800000,0.674000000,0.005000000,3,1,7,7,3,,0.197600000,0.004100000,0.268000000,0.061900000,0.015000000,0.046800000,true,true,0.023800000,0.148300000,0.008900000,0.003800000,0.008600000,103,103,0
954,0,1,1920,1080,640,360,ultra-performance,0.002000000,0.032200000,0.254900000,0.664600000,0.018700000,0.152400000,1.029800000,0.219000000,2.640700000,2.638700000,2.373600000,0.267100000,0.004300000,0.022900000,0.013000000,0.214200000,0.265100000,0.265300000,0.082100000,0.002700000,0.577500000,84,0,103,3,7,0.001700000,0.003400000,0.001300000,0.004000000,0.004400000,0.000800000,0.503600000,0.025400000,0.354900000,0.012800000,0.007300000,0.096900000,0.000100000,0.000000000,0.005900000,1.022500000,0.007300000,3,1,7,7,3,,0.193300000,0.004200000,0.263400000,0.052200000,0.015100000,0.048500000,true,true,0.022500000,0.146900000,0.008000000,0.003900000,0.008300000,103,103,0
955,1,1,1920,1080,640,360,ultra-performance,0.002800000,0.036000000,0.197000000,0.671000000,0.025900000,0.152300000,0.962200000,0.284000000,2.517200000,2.514400000,2.331200000,0.186000000,0.007100000,0.032300000,0.012500000,0.143800000,0.183100000,0.183500000,0.085100000,0.005700000,0.578300000,84,0,103,3,7,0.001600000,0.004500000,0.001300000,0.003700000,0.006800000,0.001300000,0.556100000,0.032000000,0.196400000,0.012200000,0.008000000,0.120500000,0.000200000,0.000000000,0.009100000,0.953700000,0.008500000,3,1,7,7,3,,0.232100000,0.005100000,0.207200000,0.080800000,0.014600000,0.037400000,true,true,0.043300000,0.161100000,0.008500000,0.006100000,0.009600000,103,103,0
956,2,1,1920,1080,640,360,ultra-performance,0.002300000,0.038000000,0.249500000,0.478500000,0.015900000,0.151400000,0.850500000,0.176700000,2.139700000,2.137400000,1.962800000,0.176900000,0.005500000,0.028100000,0.015500000,0.199600000,0.175100000,0.175600000,0.051800000,0.003200000,0.421900000,84,0,103,3,7,0.001600000,0.004200000,0.001500000,0.004700000,0.007400000,0.001500000,0.562200000,0.025500000,0.059000000,0.013900000,0.008800000,0.149600000,0.000000000,0.000000000,0.003800000,0.843700000,0.006800000,3,1,7,7,3,,0.138500000,0.004400000,0.178000000,0.055300000,0.012100000,0.032900000,true,true,0.021400000,0.095900000,0.006700000,0.004100000,0.007100000,103,103,0
957,0,1,1920,1080,640,360,ultra-performance,0.001900000,0.029300000,0.165900000,0.483700000,0.015600000,0.112100000,0.735300000,0.175500000,1.877500000,1.875600000,1.719300000,0.158200000,0.004300000,0.020100000,0.009600000,0.131000000,0.156600000,0.156900000,0.052000000,0.003000000,0.426900000,84,0,103,3,7,0.001300000,0.003600000,0.001000000,0.003300000,0.004100000,0.001100000,0.533600000,0.026700000,0.028500000,0.013400000,0.005100000,0.102900000,0.000100000,0.000000000,0.003700000,0.728400000,0.006900000,3,1,7,7,3,,0.139600000,0.004200000,0.185400000,0.050800000,0.012800000,0.033500000,true,true,0.017400000,0.094300000,0.006200000,0.004100000,0.014400000,103,103,0
958,1,1,1920,1080,640,360,ultra-performance,0.001900000,0.022500000,0.162300000,0.458100000,0.013600000,0.103400000,0.681400000,0.331700000,1.960500000,1.958600000,1.774900000,0.185600000,0.003200000,0.018300000,0.010300000,0.129800000,0.182700000,0.182900000,0.051100000,0.002800000,0.402400000,84,0,103,3,7,0.001100000,0.002600000,0.001100000,0.003200000,0.005400000,0.001000000,0.445900000,0.020500000,0.059400000,0.010600000,0.007200000,0.106600000,0.000000000,0.000000000,0.007300000,0.671900000,0.009500000,3,1,7,7,3,,0.129000000,0.003200000,0.180300000,0.045100000,0.012000000,0.032300000,true,true,0.016700000,0.092800000,0.006500000,0.003400000,0.006400000,103,103,0
959,2,1,1920,1080,640,360,ultra-performance,0.003300000,0.046100000,0.339500000,0.885000000,0.024100000,0.179000000,0.945900000,0.276900000,3.002000000,2.998700000,2.699800000,0.302200000,0.008500000,0.043800000,0.019000000,0.267200000,0.299300000,0.299700000,0.104700000,0.005800000,0.771600000,84,0,103,3,7,0.001800000,0.004500000,0.001700000,0.005200000,0.005300000,0.001600000,0.580600000,0.028900000,0.131400000,0.012900000,0.007300000,0.146800000,0.000200000,0.000000000,0.009200000,0.937400000,0.008500000,3,1,7,7,3,,0.266100000,0.006200000,0.333300000,0.087100000,0.019200000,0.059100000,true,true,0.046100000,0.184300000,0.010600000,0.008000000,0.011800000,103,103,0
960,0,1,1920,1080,640,360,ultra-performance,0.002500000,0.037400000,0.267200000,0.700300000,0.020900000,0.155200000,0.745200000,0.227800000,2.426600000,2.424100000,2.156500000,0.270100000,0.005800000,0.036900000,0.014000000,0.209700000,0.267800000,0.268100000,0.075400000,0.004100000,0.618100000,84,0,103,3,7,0.002200000,0.005200000,0.001900000,0.004200000,0.003500000,0.000400000,0.560700000,0.019800000,0.034200000,0.009500000,0.004600000,0.088400000,0.000100000,0.000000000,0.004200000,0.738900000,0.006300000,3,1,7,7,3,,0.194700000,0.005100000,0.279800000,0.071700000,0.016900000,0.049000000,true,true,0.027300000,0.137900000,0.009300000,0.006300000,0.009900000,103,103,0
961,1,1,1920,1080,640,360,ultra-performance,0.001900000,0.034300000,0.250500000,0.678800000,0.019900000,0.157700000,0.874900000,0.224200000,2.501400000,2.499500000,2.242200000,0.259200000,0.004600000,0.024500000,0.016200000,0.204400000,0.257000000,0.257400000,0.079400000,0.003500000,0.593500000,84,0,103,3,7,0.001700000,0.004500000,0.001600000,0.003700000,0.003300000,0.000400000,0.588100000,0.019800000,0.098200000,0.009400000,0.006000000,0.127100000,0.000100000,0.000000000,0.004400000,0.868300000,0.006600000,3,1,7,7,3,,0.194700000,0.004700000,0.264100000,0.064600000,0.016400000,0.048200000,true,true,0.022900000,0.146100000,0.007900000,0.004800000,0.008700000,103,103,0
962,2,1,1920,1080,640,360,ultra-performance,0.001700000,0.031100000,0.252200000,0.665400000,0.018400000,0.165200000,0.825400000,0.211000000,2.429900000,2.428200000,2.170400000,0.259500000,0.004600000,0.025500000,0.012800000,0.208600000,0.257500000,0.257900000,0.079100000,0.003200000,0.580600000,84,0,103,3,7,0.001800000,0.004900000,0.001600000,0.003800000,0.003000000,0.000500000,0.521500000,0.018400000,0.139700000,0.008400000,0.004900000,0.107300000,0.000100000,0.000000000,0.004300000,0.820200000,0.005200000,3,1,7,7,3,,0.192400000,0.004200000,0.259900000,0.060500000,0.015900000,0.046900000,true,true,0.022500000,0.142900000,0.008300000,0.005400000,0.009000000,103,103,0
963,0,1,1920,1080,640,360,ultra-performance,0.002100000,0.028100000,0.250300000,0.651100000,0.018400000,0.139000000,0.849700000,0.222900000,2.429000000,2.426900000,2.161600000,0.267400000,0.004500000,0.023900000,0.013500000,0.207700000,0.265300000,0.265600000,0.080200000,0.003100000,0.565500000,84,0,103,3,7,0.001700000,0.004200000,0.001600000,0.004000000,0.003600000,0.000400000,0.590900000,0.018700000,0.094800000,0.008300000,0.005500000,0.104000000,0.000200000,0.000000000,0.004300000,0.842200000,0.007500000,3,1,7,7,3,,0.187900000,0.004100000,0.252800000,0.056500000,0.015100000,0.048400000,true,true,0.021900000,0.141200000,0.007600000,0.005100000,0.008200000,103,103,0
964,1,1,1920,1080,640,360,ultra-performance,0.001800000,0.030200000,0.262900000,0.651500000,0.017900000,0.161400000,0.811100000,0.202000000,2.420500000,2.418700000,2.138800000,0.281700000,0.004400000,0.023300000,0.013100000,0.221300000,0.280200000,0.280300000,0.079700000,0.003100000,0.566200000,84,0,103,3,7,0.001500000,0.003700000,0.001500000,0.003700000,0.003200000,0.000500000,0.564400000,0.019800000,0.095200000,0.009300000,0.005200000,0.092300000,0.000100000,0.000000000,0.004900000,0.805300000,0.005800000,3,1,7,7,3,,0.185900000,0.004000000,0.257100000,0.054800000,0.015400000,0.048300000,true,true,0.022100000,0.140100000,0.007100000,0.004000000,0.008600000,103,103,0
965,2,1,1920,1080,640,360,ultra-performance,0.001700000,0.028400000,0.253700000,0.663300000,0.017100000,0.159500000,0.654700000,0.203600000,2.245500000,2.243800000,1.982000000,0.263500000,0.004200000,0.024600000,0.014100000,0.209900000,0.261400000,0.261500000,0.080500000,0.003400000,0.577100000,84,0,103,3,7,0.001600000,0.004100000,0.001800000,0.004200000,0.002900000,0.000600000,0.472800000,0.018700000,0.039300000,0.007800000,0.004900000,0.085000000,0.000100000,0.000000000,0.006000000,0.649800000,0.004900000,3,1,7,7,3,,0.190700000,0.004500000,0.260400000,0.055900000,0.017400000,0.047800000,true,true,0.022400000,0.144000000,0.007000000,0.004300000,0.008600000,103,103,0
966,0,1,1920,1080,640,360,ultra-performance,0.002000000,0.030500000,0.252200000,0.665500000,0.017700000,0.151800000,0.819700000,0.209500000,2.409300000,2.407300000,2.148900000,0.260400000,0.004000000,0.022200000,0.013100000,0.212200000,0.258700000,0.258900000,0.081700000,0.002800000,0.578600000,84,0,103,3,7,0.001500000,0.003900000,0.001500000,0.004200000,0.002900000,0.000600000,0.534100000,0.019100000,0.065500000,0.008900000,0.005200000,0.159900000,0.000100000,0.000000000,0.005500000,0.812900000,0.006800000,3,1,7,7,3,,0.195600000,0.004600000,0.259700000,0.056600000,0.015200000,0.046400000,true,true,0.022600000,0.148300000,0.008100000,0.004100000,0.008200000,103,103,0
967,1,1,1920,1080,640,360,ultra-performance,0.002000000,0.029900000,0.257500000,0.680000000,0.018700000,0.139100000,0.860400000,0.220500000,2.472500000,2.470500000,2.208100000,0.264400000,0.004000000,0.023600000,0.012600000,0.216700000,0.262600000,0.262700000,0.078800000,0.003000000,0.595900000,84,0,103,3,7,0.001600000,0.003300000,0.001300000,0.003800000,0.003100000,0.000400000,0.601800000,0.019500000,0.072300000,0.008200000,0.005000000,0.128800000,0.000100000,0.000000000,0.005300000,0.854500000,0.005900000,3,1,7,7,3,,0.196400000,0.004300000,0.276600000,0.056500000,0.016000000,0.045400000,true,true,0.026300000,0.145800000,0.008000000,0.004200000,0.008300000,103,103,0
968,2,1,1920,1080,640,360,ultra-performance,0.002400000,0.032700000,0.256200000,0.643100000,0.019400000,0.149900000,0.702400000,0.206800000,2.286100000,2.283700000,2.012900000,0.273200000,0.003900000,0.023700000,0.013700000,0.214200000,0.271500000,0.271600000,0.074900000,0.002800000,0.563100000,84,0,103,3,7,0.001400000,0.003400000,0.001600000,0.004000000,0.002700000,0.000400000,0.430700000,0.019200000,0.047700000,0.007800000,0.004700000,0.169400000,0.000200000,0.000000000,0.004800000,0.698000000,0.004400000,3,1,7,7,3,,0.180100000,0.004000000,0.264000000,0.053300000,0.015100000,0.046000000,true,true,0.022400000,0.133500000,0.007800000,0.004200000,0.008300000,103,103,0
969,0,1,1920,1080,640,360,ultra-performance,0.002000000,0.030500000,0.240800000,0.633600000,0.018800000,0.136100000,0.747000000,0.193600000,2.262400000,2.260400000,2.002400000,0.260000000,0.003900000,0.021400000,0.013300000,0.201600000,0.258300000,0.258500000,0.077400000,0.003000000,0.550800000,84,0,103,3,7,0.001500000,0.003600000,0.001500000,0.003900000,0.003200000,0.000400000,0.527200000,0.020400000,0.076800000,0.008300000,0.005200000,0.083300000,0.000100000,0.000000000,0.005200000,0.740600000,0.006400000,3,1,7,7,3,,0.180900000,0.004100000,0.252900000,0.051700000,0.015100000,0.045400000,true,true,0.021000000,0.137200000,0.007100000,0.003900000,0.007700000,103,103,0
970,1,1,1920,1080,640,360,ultra-performance,0.001800000,0.030000000,0.251700000,0.650300000,0.017600000,0.136900000,0.804600000,0.194600000,2.343700000,2.341900000,2.087500000,0.256200000,0.003900000,0.023500000,0.015300000,0.208400000,0.254500000,0.254700000,0.084700000,0.002800000,0.560600000,84,0,103,3,7,0.001500000,0.003300000,0.001500000,0.004000000,0.002900000,0.000500000,0.588200000,0.017800000,0.068900000,0.008800000,0.005000000,0.091900000,0.000100000,0.000000000,0.005000000,0.799400000,0.005200000,3,1,7,7,3,,0.187900000,0.004200000,0.257000000,0.050000000,0.014700000,0.046100000,true,true,0.022000000,0.141700000,0.008000000,0.004300000,0.008000000,103,103,0
971,2,1,1920,1080,640,360,ultra-performance,0.001700000,0.028000000,0.251600000,0.646000000,0.016600000,0.134200000,0.864100000,0.186600000,2.393000000,2.391300000,2.128800000,0.264200000,0.003700000,0.022600000,0.013300000,0.211300000,0.262600000,0.262800000,0.079100000,0.002800000,0.561800000,84,0,103,3,7,0.001500000,0.002900000,0.001400000,0.012800000,0.003200000,0.000600000,0.616600000,0.018500000,0.080500000,0.008800000,0.005500000,0.101000000,0.000100000,0.000000000,0.005000000,0.858400000,0.005700000,3,1,7,7,3,,0.185200000,0.004200000,0.260400000,0.050000000,0.014400000,0.047100000,true,true,0.021600000,0.138500000,0.007900000,0.003900000,0.008600000,103,103,0
972,0,1,1920,1080,640,360,ultra-performance,0.001800000,0.028200000,0.248600000,0.667100000,0.015700000,0.135700000,1.006600000,0.186300000,2.554700000,2.552900000,2.290000000,0.264700000,0.004000000,0.022700000,0.012900000,0.208600000,0.263200000,0.263300000,0.082800000,0.002800000,0.579100000,84,0,103,3,7,0.001500000,0.003200000,0.001400000,0.004400000,0.002700000,0.000600000,0.447500000,0.016900000,0.410000000,0.008400000,0.005100000,0.094500000,0.000000000,0.000000000,0.005200000,1.001400000,0.005200000,3,1,7,7,3,,0.182000000,0.003800000,0.285500000,0.049700000,0.014100000,0.043400000,true,true,0.021500000,0.137500000,0.007300000,0.003700000,0.008000000,103,103,0
973,1,1,1920,1080,640,360,ultra-performance,0.001800000,0.026700000,0.249700000,0.631600000,0.018100000,0.134900000,0.889400000,0.237600000,2.458000000,2.456200000,2.189800000,0.268200000,0.004100000,0.021300000,0.011700000,0.212300000,0.265300000,0.265500000,0.078200000,0.003000000,0.548200000,84,0,103,3,7,0.001500000,0.003200000,0.001500000,0.004300000,0.004300000,0.001000000,0.579300000,0.026600000,0.084500000,0.015600000,0.008200000,0.143000000,0.000100000,0.000000000,0.007900000,0.881000000,0.008400000,3,1,7,7,3,,0.181600000,0.004200000,0.253400000,0.048000000,0.014400000,0.046100000,true,true,0.021000000,0.138400000,0.006900000,0.003500000,0.007900000,103,103,0
974,2,1,1920,1080,640,360,ultra-performance,0.003100000,0.036700000,0.195700000,0.604100000,0.018900000,0.132000000,0.642600000,0.182800000,1.979700000,1.976600000,1.815900000,0.163800000,0.007400000,0.033100000,0.012400000,0.142100000,0.162100000,0.162400000,0.059600000,0.004900000,0.537100000,84,0,103,3,7,0.001300000,0.003700000,0.001600000,0.003700000,0.002800000,0.000300000,0.481600000,0.020900000,0.006200000,0.007100000,0.004100000,0.100500000,0.000100000,0.000000000,0.004400000,0.638300000,0.004300000,3,1,7,7,3,,0.177700000,0.004500000,0.218000000,0.083200000,0.015000000,0.037900000,true,true,0.041000000,0.111500000,0.008200000,0.004800000,0.008800000,103,103,0
975,0,1,1920,1080,640,360,ultra-performance,0.002200000,0.027600000,0.176600000,0.504300000,0.016600000,0.120700000,0.747700000,0.253100000,2.016400000,2.014200000,1.848800000,0.167600000,0.006000000,0.024200000,0.011500000,0.134300000,0.164900000,0.165300000,0.053000000,0.003300000,0.446200000,84,0,103,3,7,0.001200000,0.004000000,0.001000000,0.003300000,0.003700000,0.000800000,0.527900000,0.025000000,0.037500000,0.011900000,0.006600000,0.109000000,0.000100000,0.000000000,0.008100000,0.740100000,0.007600000,3,1,7,7,3,,0.149900000,0.004500000,0.181800000,0.061100000,0.013200000,0.035200000,true,true,0.026600000,0.101500000,0.006400000,0.004400000,0.007900000,103,103,0
976,1,1,1920,1080,640,360,ultra-performance,0.002200000,0.031600000,0.269800000,0.721500000,0.022500000,0.149700000,0.824900000,0.191600000,2.479200000,2.477000000,2.213800000,0.265400000,0.005200000,0.027800000,0.015600000,0.220500000,0.263800000,0.264000000,0.084900000,0.004100000,0.630000000,84,0,103,3,7,0.001600000,0.003500000,0.001500000,0.003600000,0.003000000,0.000400000,0.540600000,0.018700000,0.107700000,0.009000000,0.005300000,0.119600000,0.000000000,0.000000000,0.005200000,0.819700000,0.005200000,3,1,7,7,3,,0.203800000,0.004700000,0.284300000,0.063100000,0.017300000,0.056200000,true,true,0.027000000,0.149500000,0.009800000,0.004100000,0.009000000,103,103,0
977,2,1,1920,1080,640,360,ultra-performance,0.002100000,0.031300000,0.254300000,0.651100000,0.017600000,0.141100000,0.754700000,0.192800000,2.305600000,2.303500000,2.045000000,0.260600000,0.003700000,0.022900000,0.014600000,0.212600000,0.259300000,0.259400000,0.078200000,0.002900000,0.567500000,84,0,103,3,7,0.001500000,0.003200000,0.001400000,0.003700000,0.002500000,0.000400000,0.504400000,0.018500000,0.085000000,0.009200000,0.004800000,0.109100000,0.000000000,0.000000000,0.005000000,0.748700000,0.006000000,3,1,7,7,3,,0.188300000,0.004100000,0.263500000,0.049900000,0.014400000,0.046700000,true,true,0.024100000,0.141100000,0.007300000,0.003800000,0.008100000,103,103,0
978,0,1,1920,1080,640,360,ultra-performance,0.001900000,0.030100000,0.254400000,0.710800000,0.016700000,0.134700000,0.885000000,0.184700000,2.483400000,2.481500000,2.218300000,0.265100000,0.003600000,0.021900000,0.013300000,0.215200000,0.263500000,0.263600000,0.139300000,0.002500000,0.566600000,84,0,103,3,7,0.001600000,0.003300000,0.001400000,0.004000000,0.003300000,0.000500000,0.631800000,0.018200000,0.094400000,0.009800000,0.005700000,0.098500000,0.000000000,0.000000000,0.005000000,0.877500000,0.007500000,3,1,7,7,3,,0.189200000,0.003900000,0.264100000,0.049600000,0.014700000,0.044600000,true,true,0.021200000,0.144800000,0.007400000,0.003600000,0.008400000,103,103,0
979,1,1,1920,1080,640,360,ultra-performance,0.002100000,0.026700000,0.254900000,0.663400000,0.016700000,0.141400000,0.818500000,0.184300000,2.382200000,2.380100000,2.108000000,0.274200000,0.003700000,0.022300000,0.012400000,0.216000000,0.272800000,0.272900000,0.079700000,0.002600000,0.578800000,84,0,103,3,7,0.001600000,0.003100000,0.001500000,0.003800000,0.002800000,0.000500000,0.628700000,0.016500000,0.045700000,0.008800000,0.005000000,0.089200000,0.000000000,0.000000000,0.004900000,0.812100000,0.006400000,3,1,7,7,3,,0.196600000,0.004000000,0.268000000,0.047700000,0.014300000,0.047500000,true,true,0.022500000,0.151100000,0.007200000,0.003700000,0.008300000,103,103,0
980,2,1,1920,1080,640,360,ultra-performance,0.002000000,0.029700000,0.255300000,0.641200000,0.016500000,0.129900000,0.960500000,0.185800000,2.488500000,2.486500000,2.220900000,0.267600000,0.004100000,0.022400000,0.013100000,0.215400000,0.266000000,0.266300000,0.079500000,0.002800000,0.556600000,84,0,103,3,7,0.001800000,0.002700000,0.001300000,0.003800000,0.002900000,0.000500000,0.614000000,0.017800000,0.078700000,0.010000000,0.005800000,0.210100000,0.000000000,0.000000000,0.005000000,0.954400000,0.006100000,3,1,7,7,3,,0.184700000,0.003800000,0.258900000,0.048600000,0.013500000,0.046300000,true,true,0.021500000,0.140800000,0.006900000,0.003500000,0.008000000,103,103,0
981,0,1,1920,1080,640,360,ultra-performance,0.001700000,0.028200000,0.255100000,0.651900000,0.017200000,0.133500000,0.769700000,0.181200000,2.306900000,2.305200000,2.038500000,0.268400000,0.003700000,0.022300000,0.013000000,0.215500000,0.266700000,0.266800000,0.080600000,0.002600000,0.565700000,84,0,103,3,7,0.001500000,0.003100000,0.001400000,0.004100000,0.003200000,0.000400000,0.575900000,0.016400000,0.038100000,0.009200000,0.005200000,0.100700000,0.000100000,0.000000000,0.004600000,0.763900000,0.005800000,3,1,7,7,3,,0.186200000,0.003900000,0.266800000,0.048000000,0.014100000,0.046300000,true,true,0.021000000,0.142300000,0.007100000,0.003600000,0.008200000,103,103,0
982,1,1,1920,1080,640,360,ultra-performance,0.001700000,0.028000000,0.255800000,0.641500000,0.016300000,0.130300000,0.817700000,0.198900000,2.357400000,2.355700000,2.090200000,0.267200000,0.003400000,0.022500000,0.012400000,0.217100000,0.265600000,0.265700000,0.080100000,0.002700000,0.556400000,84,0,103,3,7,0.001500000,0.003300000,0.001500000,0.004000000,0.003100000,0.000400000,0.603400000,0.017900000,0.069700000,0.008600000,0.005500000,0.086800000,0.000100000,0.000000000,0.005000000,0.810800000,0.006900000,3,1,7,7,3,,0.186800000,0.004500000,0.258200000,0.047200000,0.013900000,0.045300000,true,true,0.022400000,0.140600000,0.007200000,0.003800000,0.008500000,103,103,0
983,2,1,1920,1080,640,360,ultra-performance,0.002300000,0.042100000,0.257300000,0.656700000,0.015500000,0.131500000,0.877500000,0.218900000,2.473900000,2.471600000,2.201800000,0.272100000,0.004600000,0.023700000,0.014400000,0.214100000,0.270300000,0.270600000,0.081000000,0.002700000,0.570800000,84,0,103,3,7,0.001800000,0.003300000,0.001400000,0.004000000,0.003500000,0.000500000,0.611500000,0.017200000,0.088300000,0.009400000,0.005400000,0.119900000,0.000000000,0.000000000,0.005000000,0.871200000,0.006300000,3,1,7,7,3,,0.188400000,0.003900000,0.268200000,0.048000000,0.014300000,0.047400000,true,true,0.022900000,0.142200000,0.007300000,0.004000000,0.007900000,103,103,0
984,0,1,1920,1080,640,360,ultra-performance,0.001700000,0.027000000,0.256700000,0.643200000,0.015800000,0.149700000,0.674800000,0.191700000,2.225800000,2.224100000,1.960600000,0.265200000,0.003700000,0.023600000,0.012500000,0.216500000,0.263500000,0.263600000,0.080200000,0.002600000,0.557900000,84,0,103,3,7,0.001500000,0.003400000,0.001500000,0.003800000,0.003800000,0.000500000,0.490900000,0.017800000,0.002500000,0.009900000,0.004500000,0.123200000,0.000100000,0.000000000,0.005200000,0.668600000,0.006200000,3,1,7,7,3,,0.188400000,0.003900000,0.257100000,0.048000000,0.013600000,0.046300000,true,true,0.021500000,0.143800000,0.007600000,0.003400000,0.008000000,103,103,0
985,1,1,1920,1080,640,360,ultra-performance,0.001900000,0.027900000,0.255600000,0.667100000,0.016500000,0.133800000,1.239300000,0.260000000,2.879100000,2.877200000,2.602100000,0.277000000,0.003900000,0.023000000,0.013500000,0.214700000,0.273500000,0.273800000,0.081200000,0.002700000,0.580900000,84,0,103,3,7,0.001800000,0.003100000,0.001400000,0.004200000,0.008300000,0.001700000,0.718700000,0.041800000,0.117700000,0.021100000,0.009200000,0.287500000,0.000100000,0.000000000,0.010700000,1.227300000,0.012000000,3,1,7,7,3,,0.196600000,0.004500000,0.267100000,0.051500000,0.014500000,0.045900000,true,true,0.020900000,0.148300000,0.008400000,0.004200000,0.009200000,103,103,0
986,2,1,1920,1080,640,360,ultra-performance,0.003500000,0.050400000,0.224200000,0.603100000,0.018500000,0.139700000,0.660100000,0.175600000,2.034000000,2.030500000,1.875100000,0.158900000,0.010400000,0.052100000,0.015200000,0.145600000,0.156800000,0.157200000,0.060600000,0.005700000,0.535000000,84,0,103,3,7,0.001400000,0.004000000,0.001000000,0.003600000,0.002500000,0.000500000,0.467700000,0.022300000,0.036800000,0.008100000,0.004300000,0.099700000,0.000200000,0.000000000,0.004400000,0.656500000,0.003600000,3,1,7,7,3,,0.185300000,0.004400000,0.210800000,0.080900000,0.013900000,0.038900000,true,true,0.045600000,0.114300000,0.008000000,0.004600000,0.009200000,103,103,0
987,0,1,1920,1080,640,360,ultra-performance,0.002500000,0.027400000,0.177200000,0.470900000,0.015900000,0.113800000,0.802100000,0.204400000,1.984000000,1.981500000,1.814200000,0.169800000,0.004400000,0.019500000,0.011900000,0.140700000,0.167200000,0.167500000,0.051100000,0.002900000,0.415400000,84,0,103,3,7,0.001300000,0.003600000,0.001400000,0.003300000,0.004300000,0.001000000,0.439800000,0.019700000,0.156200000,0.009000000,0.005800000,0.143200000,0.000100000,0.000000000,0.006000000,0.794700000,0.007400000,3,1,7,7,3,,0.136200000,0.003400000,0.176700000,0.052300000,0.012800000,0.033400000,true,true,0.019800000,0.095300000,0.006500000,0.003800000,0.007400000,103,103,0
988,1,1,1920,1080,640,360,ultra-performance,0.002000000,0.024400000,0.182900000,0.534400000,0.014500000,0.108600000,0.704400000,0.190400000,1.932500000,1.930500000,1.761600000,0.170900000,0.004300000,0.020400000,0.011600000,0.146100000,0.168300000,0.168600000,0.067300000,0.002900000,0.462200000,84,0,103,3,7,0.001300000,0.002600000,0.001200000,0.003500000,0.003500000,0.000600000,0.525200000,0.018300000,0.032900000,0.010900000,0.004700000,0.088500000,0.000000000,0.000000000,0.004500000,0.697700000,0.006700000,3,1,7,7,3,,0.143200000,0.003400000,0.210200000,0.057400000,0.012900000,0.034600000,true,true,0.020100000,0.101300000,0.007300000,0.003700000,0.007500000,103,103,0
989,2,1,1920,1080,640,360,ultra-performance,0.002100000,0.023900000,0.170100000,0.509600000,0.016100000,0.114700000,0.705000000,0.207800000,1.907200000,1.905100000,1.749300000,0.157900000,0.004400000,0.021300000,0.010300000,0.133200000,0.155200000,0.155300000,0.054000000,0.003000000,0.450800000,84,0,103,3,7,0.001200000,0.003000000,0.001000000,0.003100000,0.003900000,0.000900000,0.489000000,0.020800000,0.058000000,0.012500000,0.005600000,0.091900000,0.000100000,0.000000000,0.005100000,0.696100000,0.008900000,3,1,7,7,3,,0.147100000,0.003300000,0.197600000,0.055000000,0.013400000,0.033800000,true,true,0.018600000,0.106400000,0.007100000,0.003800000,0.007800000,103,103,0
990,0,1,1920,1080,640,360,ultra-performance,0.002200000,0.031900000,0.288200000,0.736500000,0.019400000,0.137000000,0.759500000,0.195000000,2.438800000,2.436600000,2.169700000,0.269100000,0.004900000,0.028700000,0.016200000,0.237700000,0.267500000,0.267800000,0.087400000,0.003900000,0.642600000,84,0,103,3,7,0.001900000,0.003500000,0.001400000,0.004200000,0.002900000,0.000500000,0.508600000,0.018900000,0.109000000,0.009900000,0.005100000,0.083600000,0.000100000,0.000000000,0.003900000,0.753500000,0.006000000,3,1,7,7,3,,0.203000000,0.004300000,0.292600000,0.077900000,0.016200000,0.047900000,true,true,0.026200000,0.149900000,0.009600000,0.003800000,0.009100000,103,103,0
991,1,1,1920,1080,640,360,ultra-performance,0.002100000,0.024800000,0.254400000,0.664800000,0.016600000,0.132100000,0.720200000,0.226800000,2.328600000,2.326500000,2.041800000,0.286800000,0.004400000,0.023600000,0.013700000,0.212300000,0.285300000,0.285500000,0.076400000,0.003500000,0.582300000,84,0,103,3,7,0.001500000,0.003000000,0.001600000,0.004100000,0.003800000,0.000800000,0.458500000,0.023100000,0.099600000,0.009800000,0.006100000,0.098300000,0.000100000,0.000000000,0.004000000,0.714300000,0.005900000,3,1,7,7,3,,0.196300000,0.004100000,0.267800000,0.050900000,0.014600000,0.048200000,true,true,0.022300000,0.149700000,0.007700000,0.003800000,0.008600000,103,103,0
992,2,1,1920,1080,640,360,ultra-performance,0.001900000,0.033300000,0.262500000,0.663900000,0.017700000,0.138100000,0.667100000,0.186500000,2.248100000,2.246200000,1.971000000,0.277100000,0.004200000,0.022900000,0.012900000,0.222100000,0.275400000,0.275900000,0.078700000,0.003300000,0.579300000,84,0,103,3,7,0.001700000,0.003300000,0.001600000,0.004400000,0.002700000,0.000400000,0.446300000,0.019100000,0.074400000,0.009400000,0.004800000,0.088300000,0.000000000,0.000000000,0.004000000,0.660400000,0.006700000,3,1,7,7,3,,0.195100000,0.004200000,0.266300000,0.051400000,0.014400000,0.047200000,true,true,0.022700000,0.147600000,0.008300000,0.003900000,0.008400000,103,103,0
993,0,1,1920,1080,640,360,ultra-performance,0.001800000,0.028100000,0.256600000,0.654400000,0.017000000,0.129500000,0.848300000,0.187500000,2.393200000,2.391400000,2.123200000,0.270000000,0.003800000,0.022900000,0.013000000,0.216500000,0.267400000,0.268000000,0.087200000,0.002900000,0.561500000,84,0,103,3,7,0.001500000,0.002800000,0.001400000,0.003800000,0.004300000,0.001100000,0.564500000,0.027300000,0.096500000,0.012700000,0.006600000,0.113100000,0.000100000,0.000000000,0.006400000,0.842100000,0.006200000,3,1,7,7,3,,0.188700000,0.003900000,0.259000000,0.049300000,0.013600000,0.046500000,true,true,0.022300000,0.142400000,0.007800000,0.004100000,0.008100000,103,103,0
994,1,1,1920,1080,640,360,ultra-performance,0.001700000,0.020100000,0.180700000,0.559200000,0.015000000,0.138100000,0.900100000,0.178700000,2.179800000,2.178100000,1.993600000,0.186200000,0.003100000,0.017200000,0.009800000,0.150000000,0.184900000,0.185000000,0.056300000,0.002300000,0.498300000,84,0,103,3,7,0.001600000,0.003400000,0.001400000,0.004000000,0.003300000,0.000600000,0.561600000,0.018500000,0.173500000,0.010200000,0.005200000,0.105900000,0.000000000,0.000000000,0.003900000,0.893100000,0.007000000,3,1,7,7,3,,0.139100000,0.003100000,0.243000000,0.052900000,0.013900000,0.045600000,true,true,0.017400000,0.102200000,0.005400000,0.004200000,0.006400000,103,103,0
995,2,1,1920,1080,640,360,ultra-performance,0.002200000,0.028900000,0.251900000,0.658300000,0.017600000,0.134100000,0.743700000,0.175100000,2.280600000,2.278400000,2.011800000,0.268800000,0.003700000,0.022900000,0.012600000,0.212300000,0.267400000,0.267600000,0.080600000,0.002900000,0.572100000,84,0,103,3,7,0.001500000,0.003200000,0.001800000,0.004000000,0.003600000,0.000600000,0.503900000,0.016400000,0.097200000,0.010100000,0.005300000,0.085800000,0.000000000,0.000000000,0.004000000,0.737400000,0.006300000,3,1,7,7,3,,0.189000000,0.004000000,0.265500000,0.049500000,0.014400000,0.049200000,true,true,0.021600000,0.143800000,0.007400000,0.003900000,0.008100000,103,103,0
996,0,1,1920,1080,640,360,ultra-performance,0.001700000,0.024900000,0.255400000,0.638600000,0.015100000,0.132400000,0.940000000,0.190300000,2.467500000,2.465800000,2.198400000,0.269100000,0.003400000,0.020700000,0.013400000,0.217500000,0.267600000,0.267700000,0.080300000,0.002900000,0.552900000,84,0,103,3,7,0.001700000,0.003000000,0.001500000,0.003800000,0.002900000,0.000400000,0.451200000,0.016500000,0.252100000,0.009000000,0.005600000,0.183300000,0.000000000,0.000000000,0.003800000,0.934800000,0.005200000,3,1,7,7,3,,0.187800000,0.003800000,0.255000000,0.047300000,0.014000000,0.044400000,true,true,0.020800000,0.144300000,0.007100000,0.003700000,0.007900000,103,103,0
997,1,1,1920,1080,640,360,ultra-performance,0.001800000,0.025600000,0.254600000,0.656600000,0.015100000,0.128700000,0.741400000,0.261400000,2.363700000,2.361900000,2.085200000,0.278500000,0.003600000,0.021100000,0.013300000,0.216000000,0.275600000,0.275700000,0.080500000,0.002600000,0.571100000,84,0,103,3,7,0.001400000,0.003000000,0.001400000,0.003900000,0.005500000,0.001000000,0.482500000,0.022500000,0.073600000,0.013000000,0.007000000,0.109400000,0.000000000,0.000000000,0.006900000,0.731100000,0.010300000,3,1,7,7,3,,0.199100000,0.003900000,0.257800000,0.049800000,0.013700000,0.046200000,true,true,0.022200000,0.153600000,0.007400000,0.003700000,0.008100000,103,103,0
998,2,1,1920,1080,640,360,ultra-performance,0.003200000,0.044700000,0.341500000,0.783400000,0.020100000,0.149400000,0.886700000,0.211400000,2.736900000,2.733700000,2.440400000,0.296500000,0.009000000,0.048100000,0.021300000,0.262100000,0.293500000,0.293800000,0.095800000,0.005900000,0.678800000,84,0,103,3,7,0.001400000,0.004000000,0.001100000,0.004000000,0.005800000,0.001200000,0.603400000,0.026800000,0.064800000,0.016300000,0.007900000,0.132800000,0.000100000,0.000000000,0.008200000,0.877800000,0.008900000,3,1,7,7,3,,0.273700000,0.006500000,0.219600000,0.117300000,0.018700000,0.041900000,true,true,0.052500000,0.187400000,0.011600000,0.004400000,0.012600000,103,103,0
999,0,1,1920,1080,640,360,ultra-performance,0.002500000,0.029800000,0.224000000,0.571500000,0.016100000,0.143500000,0.697900000,0.218800000,2.074200000,2.071700000,1.904100000,0.170100000,0.004300000,0.020900000,0.014500000,0.183800000,0.168100000,0.168200000,0.061000000,0.002900000,0.505600000,84,0,103,3,7,0.001400000,0.003000000,0.001200000,0.003800000,0.004500000,0.001000000,0.518600000,0.017900000,0.033700000,0.009800000,0.004300000,0.087700000,0.000000000,0.000000000,0.004800000,0.691700000,0.006200000,3,1,7,7,3,,0.188200000,0.004200000,0.210700000,0.054100000,0.012600000,0.035100000,true,true,0.019400000,0.139400000,0.009700000,0.004100000,0.011000000,103,103,0
1000,1,1,1920,1080,640,360,ultra-performance,0.002200000,0.031100000,0.197200000,0.559400000,0.018800000,0.124100000,0.793400000,0.229100000,2.112300000,2.110100000,1.955300000,0.157000000,0.006000000,0.026500000,0.012900000,0.150700000,0.154400000,0.154700000,0.054600000,0.003700000,0.499200000,84,0,103,3,7,0.001700000,0.003500000,0.001200000,0.003700000,0.003700000,0.000900000,0.525400000,0.024100000,0.106400000,0.012000000,0.005800000,0.091100000,0.000100000,0.000000000,0.005600000,0.785200000,0.008200000,3,1,7,7,3,,0.179900000,0.005000000,0.196200000,0.067400000,0.013700000,0.036600000,true,true,0.028300000,0.122600000,0.012200000,0.004100000,0.008500000,103,103,0
1001,2,1,1920,1080,640,360,ultra-performance,0.002500000,0.041500000,0.312900000,0.804900000,0.022500000,0.156800000,0.721000000,0.247300000,2.626200000,2.623700000,2.309400000,0.316800000,0.004800000,0.029700000,0.018000000,0.259700000,0.315200000,0.315400000,0.100900000,0.004000000,0.697100000,84,0,103,3,7,0.001800000,0.003800000,0.001800000,0.004400000,0.002900000,0.000500000,0.510500000,0.016400000,0.071500000,0.008000000,0.004400000,0.085500000,0.000100000,0.000000000,0.004000000,0.715600000,0.005400000,3,1,7,7,3,,0.227600000,0.004900000,0.328000000,0.061700000,0.017900000,0.056300000,true,true,0.026300000,0.171900000,0.010000000,0.004100000,0.010300000,103,103,0
1002,0,1,1920,1080,640,360,ultra-performance,0.001900000,0.026500000,0.306200000,0.766700000,0.018000000,0.150200000,0.819700000,0.196400000,2.604900000,2.603000000,2.285600000,0.319300000,0.004200000,0.025900000,0.016300000,0.259200000,0.317600000,0.317800000,0.096000000,0.003200000,0.664900000,84,0,103,3,7,0.001700000,0.003600000,0.001600000,0.004200000,0.003800000,0.000700000,0.513200000,0.024700000,0.141200000,0.010800000,0.005900000,0.097500000,0.000000000,0.000000000,0.004100000,0.813000000,0.006700000,3,1,7,7,3,,0.219500000,0.004500000,0.312700000,0.063000000,0.014900000,0.049700000,true,true,0.025100000,0.168600000,0.008600000,0.003500000,0.009300000,103,103,0
1003,1,1,1920,1080,640,360,ultra-performance,0.002100000,0.030400000,0.307200000,0.778600000,0.020300000,0.162400000,0.824800000,0.195900000,2.641600000,2.639500000,2.321700000,0.319900000,0.004200000,0.026800000,0.016300000,0.259500000,0.318100000,0.318300000,0.095700000,0.002900000,0.677300000,84,0,103,3,7,0.001800000,0.003800000,0.001900000,0.004400000,0.003200000,0.000500000,0.639700000,0.018300000,0.027500000,0.008700000,0.004600000,0.101700000,0.000100000,0.000000000,0.004000000,0.820200000,0.004600000,3,1,7,7,3,,0.221900000,0.004700000,0.320200000,0.057400000,0.016700000,0.055600000,true,true,0.025000000,0.170300000,0.008100000,0.004000000,0.009800000,103,103,0
1004,2,1,1920,1080,640,360,ultra-performance,0.002000000,0.027800000,0.304300000,0.777700000,0.018800000,0.151300000,0.925700000,0.197600000,2.725600000,2.723600000,2.405200000,0.320400000,0.004000000,0.025900000,0.015200000,0.258700000,0.318800000,0.319100000,0.095500000,0.002800000,0.676800000,84,0,103,3,7,0.001800000,0.003400000,0.001700000,0.004100000,0.003800000,0.000700000,0.448500000,0.022200000,0.294300000,0.010300000,0.006200000,0.119200000,0.000100000,0.000000000,0.004200000,0.920500000,0.005200000,3,1,7,7,3,,0.218700000,0.004400000,0.326600000,0.055500000,0.016300000,0.054800000,true,true,0.024100000,0.168700000,0.008300000,0.003500000,0.009500000,103,103,0
1005,0,1,1920,1080,640,360,ultra-performance,0.002000000,0.026600000,0.280600000,0.787300000,0.018400000,0.152000000,0.680300000,0.198800000,2.467300000,2.465300000,2.146000000,0.321300000,0.003900000,0.025500000,0.014000000,0.236800000,0.319400000,0.319600000,0.107900000,0.002900000,0.673800000,84,0,103,3,7,0.001800000,0.003600000,0.001700000,0.004600000,0.003100000,0.000500000,0.503300000,0.019100000,0.032900000,0.009900000,0.005200000,0.085700000,0.000100000,0.000000000,0.004100000,0.675600000,0.004700000,3,1,7,7,3,,0.227200000,0.004700000,0.310500000,0.058900000,0.016500000,0.055400000,true,true,0.025300000,0.174400000,0.007700000,0.004300000,0.009800000,103,103,0
1006,1,1,1920,1080,640,360,ultra-performance,0.002000000,0.028100000,0.304900000,0.775300000,0.018500000,0.150500000,0.732100000,0.191800000,2.522500000,2.520500000,2.203200000,0.319300000,0.003700000,0.025800000,0.015700000,0.259000000,0.317700000,0.318000000,0.095200000,0.003000000,0.674400000,84,0,103,3,7,0.001700000,0.003700000,0.001700000,0.004300000,0.003200000,0.000600000,0.512000000,0.018300000,0.084500000,0.008600000,0.004800000,0.079000000,0.000000000,0.000000000,0.003900000,0.726300000,0.005800000,3,1,7,7,3,,0.219500000,0.004500000,0.323500000,0.055400000,0.016100000,0.054700000,true,true,0.024700000,0.169500000,0.007800000,0.003400000,0.009400000,103,103,0
1007,2,1,1920,1080,640,360,ultra-performance,0.001800000,0.028100000,0.304600000,0.722900000,0.017700000,0.161200000,0.822100000,0.186400000,2.573100000,2.571300000,2.244800000,0.328300000,0.003800000,0.025800000,0.015100000,0.259400000,0.326700000,0.326900000,0.095000000,0.002700000,0.622500000,84,0,103,3,7,0.001600000,0.003200000,0.001600000,0.004300000,0.003900000,0.000700000,0.474400000,0.023700000,0.175300000,0.012000000,0.007200000,0.102300000,0.000100000,0.000000000,0.004500000,0.814800000,0.007300000,3,1,7,7,3,,0.197300000,0.003800000,0.297600000,0.054400000,0.015600000,0.053000000,true,true,0.023700000,0.149600000,0.007600000,0.003600000,0.008300000,103,103,0
1008,0,1,1920,1080,640,360,ultra-performance,0.001800000,0.037900000,0.175600000,0.605300000,0.017000000,0.138400000,0.815600000,0.193200000,2.155500000,2.153700000,1.984800000,0.170700000,0.003700000,0.018800000,0.011500000,0.141100000,0.169500000,0.169600000,0.055500000,0.002400000,0.544800000,84,0,103,3,7,0.001700000,0.003300000,0.001500000,0.003800000,0.002900000,0.000400000,0.509900000,0.017300000,0.116400000,0.008600000,0.005200000,0.134400000,0.000100000,0.000000000,0.004200000,0.809700000,0.005900000,3,1,7,7,3,,0.151300000,0.004000000,0.270900000,0.054200000,0.014400000,0.049500000,true,true,0.017000000,0.109500000,0.007900000,0.004300000,0.008700000,103,103,0
1009,1,1,1920,1080,640,360,ultra-performance,0.002100000,0.025900000,0.263700000,0.664300000,0.016600000,0.156200000,0.753500000,0.203300000,2.359100000,2.357000000,2.085600000,0.273500000,0.003300000,0.022000000,0.013200000,0.224800000,0.272200000,0.272400000,0.081100000,0.002700000,0.578100000,84,0,103,3,7,0.001500000,0.003600000,0.001600000,0.003900000,0.002800000,0.000500000,0.541700000,0.017500000,0.072400000,0.009600000,0.005300000,0.083200000,0.000000000,0.000000000,0.003800000,0.747400000,0.006100000,3,1,7,7,3,,0.190000000,0.004000000,0.262500000,0.059900000,0.013900000,0.047000000,true,true,0.022000000,0.145000000,0.007300000,0.003800000,0.008300000,103,103,0
1010,2,1,1920,1080,640,360,ultra-performance,0.001900000,0.028400000,0.260200000,0.658300000,0.016700000,0.133900000,0.822800000,0.172900000,2.363700000,2.361800000,2.095100000,0.268600000,0.003700000,0.023100000,0.013000000,0.219800000,0.267200000,0.267400000,0.088300000,0.002800000,0.565000000,84,0,103,3,7,0.001900000,0.003200000,0.001300000,0.004000000,0.002700000,0.000500000,0.548200000,0.016200000,0.134500000,0.008500000,0.004900000,0.087600000,0.000000000,0.000000000,0.003800000,0.817300000,0.005500000,3,1,7,7,3,,0.188000000,0.004000000,0.261800000,0.048600000,0.014200000,0.048100000,true,true,0.021800000,0.142200000,0.007100000,0.003600000,0.009000000,103,103,0
1011,0,1,1920,1080,640,360,ultra-performance,0.001600000,0.025300000,0.257300000,0.672300000,0.016700000,0.136300000,0.796400000,0.184100000,2.363100000,2.361500000,2.090000000,0.273100000,0.003800000,0.022500000,0.013000000,0.217600000,0.271500000,0.271800000,0.090500000,0.003100000,0.576100000,84,0,103,3,7,0.001600000,0.003700000,0.001500000,0.004300000,0.002800000,0.000400000,0.542700000,0.017200000,0.071500000,0.009600000,0.005700000,0.125400000,0.000000000,0.000000000,0.003600000,0.790000000,0.006400000,3,1,7,7,3,,0.196400000,0.004300000,0.260800000,0.052300000,0.014300000,0.047600000,true,true,0.023200000,0.148500000,0.007400000,0.003900000,0.008800000,103,103,0
1012,1,1,1920,1080,640,360,ultra-performance,0.002000000,0.030600000,0.255800000,0.642800000,0.015800000,0.131300000,1.036000000,0.181800000,2.562600000,2.560600000,2.296100000,0.266500000,0.003800000,0.022800000,0.013200000,0.215400000,0.265000000,0.265200000,0.080600000,0.002700000,0.557100000,84,0,103,3,7,0.001600000,0.003200000,0.001500000,0.004000000,0.006300000,0.001100000,0.606700000,0.028300000,0.199700000,0.019500000,0.009300000,0.143000000,0.000100000,0.000000000,0.003700000,1.028000000,0.008000000,3,1,7,7,3,,0.188200000,0.003700000,0.255700000,0.048400000,0.013800000,0.046900000,true,true,0.021000000,0.142500000,0.007500000,0.003700000,0.008900000,103,103,0
1013,2,1,1920,1080,640,360,ultra-performance,0.001700000,0.023000000,0.175000000,0.480700000,0.015200000,0.103800000,1.087700000,0.302000000,2.361400000,2.359700000,2.189100000,0.172300000,0.003200000,0.017300000,0.010000000,0.144000000,0.170500000,0.170600000,0.054100000,0.002500000,0.422100000,84,0,103,3,7,0.001200000,0.002600000,0.001100000,0.003400000,0.004400000,0.001000000,0.707000000,0.041900000,0.142700000,0.020600000,0.008200000,0.139000000,0.000000000,0.000000000,0.006000000,1.079100000,0.008600000,3,1,7,7,3,,0.133900000,0.003200000,0.197600000,0.041100000,0.011900000,0.033800000,true,true,0.017100000,0.097300000,0.005700000,0.003900000,0.006700000,103,103,0
1014,0,1,1920,1080,640,360,ultra-performance,0.003900000,0.043300000,0.228100000,0.611600000,0.021400000,0.135300000,0.838600000,0.312300000,2.370300000,2.366400000,2.194500000,0.175800000,0.011500000,0.052100000,0.014100000,0.149300000,0.172600000,0.173200000,0.063200000,0.004800000,0.541700000,84,0,103,3,7,0.001400000,0.004100000,0.001200000,0.004100000,0.004300000,0.001200000,0.561900000,0.028400000,0.083500000,0.013300000,0.006000000,0.116000000,0.000200000,0.000000000,0.006300000,0.831900000,0.006700000,3,1,7,7,3,,0.187900000,0.004300000,0.211400000,0.082900000,0.014600000,0.039600000,true,true,0.043600000,0.116800000,0.008300000,0.005900000,0.009500000,103,103,0
1015,1,1,1920,1080,640,360,ultra-performance,0.003700000,0.039500000,0.166900000,0.528700000,0.017100000,0.118000000,0.707700000,0.209400000,1.948800000,1.945100000,1.791000000,0.157800000,0.005100000,0.019300000,0.010000000,0.131500000,0.155800000,0.156100000,0.051800000,0.002900000,0.472100000,84,0,103,3,7,0.001300000,0.003500000,0.001100000,0.003400000,0.003100000,0.000500000,0.516700000,0.024000000,0.058200000,0.009200000,0.004800000,0.073400000,0.000100000,0.000000000,0.003400000,0.702700000,0.005000000,3,1,7,7,3,,0.150700000,0.004800000,0.209700000,0.059700000,0.013100000,0.033700000,true,true,0.020100000,0.103900000,0.008100000,0.004600000,0.009400000,103,103,0
1016,2,1,1920,1080,640,360,ultra-performance,0.002000000,0.025300000,0.161100000,0.464500000,0.014300000,0.108200000,0.629000000,0.141800000,1.700800000,1.698800000,1.546200000,0.154600000,0.004300000,0.017900000,0.009700000,0.128200000,0.153300000,0.153500000,0.050400000,0.002500000,0.409800000,84,0,103,3,7,0.001300000,0.002900000,0.001000000,0.002900000,0.002100000,0.000300000,0.522100000,0.015900000,0.003500000,0.006700000,0.003900000,0.059200000,0.000100000,0.000000000,0.002800000,0.624700000,0.004300000,3,1,7,7,3,,0.136300000,0.003200000,0.176700000,0.049100000,0.012100000,0.032000000,true,true,0.016500000,0.101100000,0.006300000,0.003100000,0.006300000,103,103,0
1017,0,1,1920,1080,640,360,ultra-performance,0.001700000,0.017400000,0.168400000,0.433500000,0.012300000,0.101800000,0.805800000,0.217700000,1.925900000,1.924200000,1.758600000,0.167300000,0.003100000,0.016500000,0.008900000,0.139300000,0.165500000,0.165600000,0.049400000,0.002400000,0.379800000,84,0,103,3,7,0.001000000,0.002400000,0.001000000,0.002700000,0.005100000,0.000900000,0.585600000,0.025500000,0.034100000,0.013100000,0.007100000,0.114400000,0.000000000,0.000000000,0.004900000,0.797800000,0.008000000,3,1,7,7,3,,0.124800000,0.002900000,0.169100000,0.041300000,0.010700000,0.030600000,true,true,0.015400000,0.092000000,0.005500000,0.003000000,0.006000000,103,103,0
1018,1,1,1920,1080,640,360,ultra-performance,0.002000000,0.024400000,0.197200000,0.514500000,0.015700000,0.110400000,1.037100000,0.305200000,2.377000000,2.375000000,2.206500000,0.170500000,0.004200000,0.036600000,0.011500000,0.144200000,0.167200000,0.167300000,0.059300000,0.003300000,0.449900000,84,0,103,3,7,0.001700000,0.003200000,0.001300000,0.003300000,0.011900000,0.002500000,0.568600000,0.033300000,0.162000000,0.017400000,0.012800000,0.195800000,0.000000000,0.000000000,0.009800000,1.023600000,0.013500000,3,1,7,7,3,,0.145900000,0.003400000,0.203100000,0.049500000,0.012300000,0.035100000,true,true,0.019500000,0.104800000,0.007500000,0.003700000,0.007100000,103,103,0
1019,2,1,1920,1080,640,360,ultra-performance,0.001900000,0.023400000,0.168800000,0.499600000,0.016300000,0.102800000,0.739200000,0.156400000,1.876900000,1.875000000,1.708400000,0.168500000,0.004200000,0.020000000,0.011600000,0.132500000,0.167500000,0.167600000,0.054600000,0.003700000,0.439200000,84,0,103,3,7,0.001300000,0.002800000,0.001000000,0.003200000,0.002700000,0.000400000,0.585000000,0.019600000,0.007000000,0.008900000,0.004600000,0.093900000,0.000000000,0.000000000,0.003000000,0.733400000,0.005800000,3,1,7,7,3,,0.134600000,0.003000000,0.206100000,0.048400000,0.012400000,0.034100000,true,true,0.017800000,0.096500000,0.006800000,0.003700000,0.006700000,103,103,0
1020,0,1,1920,1080,640,360,ultra-performance,0.001800000,0.022700000,0.159700000,0.448400000,0.012900000,0.096600000,0.842300000,0.218100000,1.967800000,1.966000000,1.802500000,0.165300000,0.003300000,0.017700000,0.009200000,0.129100000,0.163300000,0.163500000,0.049700000,0.002500000,0.394300000,84,0,103,3,7,0.001200000,0.002400000,0.001000000,0.003000000,0.004200000,0.001000000,0.590800000,0.020700000,0.092700000,0.009900000,0.005300000,0.097600000,0.000000000,0.000000000,0.006500000,0.836300000,0.006000000,3,1,7,7,3,,0.128000000,0.002900000,0.177600000,0.042400000,0.011000000,0.031800000,true,true,0.016500000,0.093000000,0.005500000,0.003600000,0.006400000,103,103,0
1021,1,1,1920,1080,640,360,ultra-performance,0.001800000,0.024400000,0.158600000,0.444400000,0.013500000,0.110500000,1.108300000,0.156000000,2.183200000,2.181400000,2.017500000,0.165700000,0.003100000,0.016200000,0.009100000,0.129800000,0.164200000,0.164300000,0.049300000,0.002200000,0.391200000,84,0,103,3,7,0.001600000,0.003100000,0.001600000,0.003600000,0.007300000,0.001600000,0.679200000,0.030000000,0.181200000,0.019800000,0.006900000,0.158900000,0.000100000,0.000000000,0.003500000,1.098400000,0.009900000,3,1,7,7,3,,0.123900000,0.002900000,0.181200000,0.040300000,0.011100000,0.031100000,true,true,0.016100000,0.089900000,0.005200000,0.003300000,0.006400000,103,103,0
1022,2,1,1920,1080,640,360,ultra-performance,0.001600000,0.028900000,0.173500000,0.450500000,0.013100000,0.104100000,0.525900000,0.145900000,1.608200000,1.606600000,1.443500000,0.164700000,0.004300000,0.021800000,0.013000000,0.133900000,0.163500000,0.163600000,0.051400000,0.002500000,0.394800000,84,0,103,3,7,0.001300000,0.002500000,0.001000000,0.003000000,0.002700000,0.000500000,0.398600000,0.014500000,0.014100000,0.007200000,0.003600000,0.070600000,0.000000000,0.000000000,0.003000000,0.522600000,0.003300000,3,1,7,7,3,,0.126500000,0.003200000,0.178300000,0.043100000,0.011200000,0.032000000,true,true,0.016100000,0.091100000,0.006200000,0.003300000,0.006500000,103,103,0
1023,0,1,1920,1080,640,360,ultra-performance,0.001600000,0.022700000,0.161000000,0.449100000,0.012200000,0.095800000,0.987200000,0.266700000,2.154000000,2.152400000,1.996300000,0.157700000,0.003700000,0.019300000,0.008800000,0.128800000,0.155600000,0.155700000,0.049900000,0.002400000,0.394900000,84,0,103,3,7,0.001100000,0.002300000,0.001000000,0.003000000,0.005000000,0.001100000,0.558000000,0.027400000,0.125600000,0.017900000,0.009000000,0.221500000,0.000100000,0.000000000,0.006100000,0.979100000,0.008100000,3,1,7,7,3,,0.123400000,0.003000000,0.182100000,0.043300000,0.010900000,0.031800000,true,true,0.016000000,0.090000000,0.005000000,0.003200000,0.006300000,103,103,0
1024,1,1,1920,1080,640,360,ultra-performance,0.001600000,0.019900000,0.156300000,0.439700000,0.011900000,0.106100000,0.702100000,0.136900000,1.775700000,1.774100000,1.574500000,0.201200000,0.002900000,0.015800000,0.008700000,0.128700000,0.199800000,0.200000000,0.051300000,0.002200000,0.384300000,84,0,103,3,7,0.001100000,0.002400000,0.000900000,0.003200000,0.002500000,0.000400000,0.460300000,0.014300000,0.127500000,0.005800000,0.003700000,0.073500000,0.000000000,0.000000000,0.003100000,0.698700000,0.003400000,3,1,7,7,3,,0.122400000,0.003000000,0.170300000,0.045900000,0.010900000,0.031400000,true,true,0.016300000,0.088300000,0.005300000,0.003200000,0.006100000,103,103,0
1025,2,1,1920,1080,640,360,ultra-performance,0.001600000,0.016200000,0.155000000,0.442100000,0.012100000,0.092600000,1.102200000,0.215300000,2.193500000,2.191900000,2.037100000,0.156400000,0.002800000,0.015500000,0.008700000,0.127600000,0.154400000,0.154600000,0.049200000,0.002200000,0.389100000,84,0,103,3,7,0.001100000,0.002200000,0.001000000,0.002900000,0.004600000,0.001100000,0.689400000,0.028600000,0.048600000,0.014100000,0.007800000,0.287300000,0.000100000,0.000000000,0.006400000,1.095200000,0.007000000,3,1,7,7,3,,0.123500000,0.002900000,0.175600000,0.036700000,0.010200000,0.039700000,true,true,0.015400000,0.090500000,0.005500000,0.003200000,0.006100000,103,103,0
1026,0,1,1920,1080,640,360,ultra-performance,0.001900000,0.021800000,0.235000000,0.577600000,0.014000000,0.108200000,0.621500000,0.142800000,1.981100000,1.979200000,1.722800000,0.258300000,0.003900000,0.022000000,0.012800000,0.195800000,0.257200000,0.257300000,0.052900000,0.002700000,0.519800000,84,0,103,3,7,0.001100000,0.002800000,0.001000000,0.003300000,0.002100000,0.000500000,0.458900000,0.015800000,0.044200000,0.008600000,0.004300000,0.071700000,0.000000000,0.000000000,0.003000000,0.617300000,0.004200000,3,1,7,7,3,,0.139500000,0.003900000,0.262400000,0.052100000,0.015300000,0.046000000,true,true,0.021300000,0.096500000,0.006500000,0.005200000,0.006700000,103,103,0
1027,1,1,1920,1080,640,360,ultra-performance,0.001500000,0.019600000,0.156700000,0.429400000,0.012100000,0.093000000,1.190300000,0.168300000,2.239400000,2.237900000,2.070900000,0.168500000,0.003200000,0.015600000,0.009100000,0.128400000,0.167200000,0.167200000,0.050000000,0.002000000,0.375800000,84,0,103,3,7,0.001100000,0.002400000,0.001000000,0.003000000,0.007600000,0.001800000,0.752800000,0.040200000,0.065200000,0.019600000,0.009500000,0.273800000,0.000000000,0.000000000,0.003600000,1.181600000,0.008700000,3,1,7,7,3,,0.127300000,0.003000000,0.167000000,0.037400000,0.010200000,0.030400000,true,true,0.015800000,0.094200000,0.005100000,0.003200000,0.006000000,103,103,0
1028,2,1,1920,1080,640,360,ultra-performance,0.001700000,0.025400000,0.274400000,0.665600000,0.015200000,0.134700000,0.919700000,0.438800000,2.758000000,2.756300000,2.475500000,0.282500000,0.003800000,0.023400000,0.013500000,0.233200000,0.278700000,0.278800000,0.082900000,0.002400000,0.577800000,84,0,103,3,7,0.001700000,0.003200000,0.001500000,0.003600000,0.006500000,0.001600000,0.533300000,0.031600000,0.107100000,0.023200000,0.010200000,0.173900000,0.000000000,0.000000000,0.008700000,0.906100000,0.013600000,3,1,7,7,3,,0.189800000,0.004100000,0.270000000,0.050200000,0.014600000,0.048400000,true,true,0.022000000,0.143900000,0.007700000,0.003500000,0.008400000,103,103,0
1029,0,1,1920,1080,640,360,ultra-performance,0.002700000,0.035900000,0.315100000,0.811800000,0.023200000,0.159300000,0.848300000,0.199000000,2.662800000,2.660100000,2.395300000,0.267500000,0.006700000,0.034200000,0.018800000,0.254700000,0.265900000,0.266200000,0.091300000,0.003800000,0.714000000,84,0,103,3,7,0.002100000,0.004200000,0.001800000,0.010900000,0.003100000,0.000500000,0.652700000,0.020000000,0.039400000,0.010500000,0.005700000,0.087100000,0.000200000,0.000000000,0.003900000,0.842100000,0.006200000,3,1,7,7,3,,0.234200000,0.005000000,0.319800000,0.080000000,0.017900000,0.056000000,true,true,0.031300000,0.171600000,0.011600000,0.004700000,0.010000000,103,103,0
1030,1,1,1920,1080,640,360,ultra-performance,0.002200000,0.031100000,0.283400000,0.724500000,0.031200000,0.145200000,0.804200000,0.195700000,2.512000000,2.509800000,2.217500000,0.294500000,0.004000000,0.025400000,0.015700000,0.237800000,0.293000000,0.293100000,0.088900000,0.003300000,0.629800000,84,0,103,3,7,0.001700000,0.003500000,0.001500000,0.004000000,0.002800000,0.000500000,0.556000000,0.019500000,0.103000000,0.008300000,0.005100000,0.089300000,0.000000000,0.000000000,0.004000000,0.799200000,0.005000000,3,1,7,7,3,,0.208400000,0.004500000,0.294000000,0.054400000,0.015800000,0.052000000,true,true,0.023600000,0.159500000,0.007800000,0.003900000,0.009100000,103,103,0
1031,2,1,1920,1080,640,360,ultra-performance,0.001800000,0.029100000,0.283000000,0.734200000,0.018600000,0.152500000,0.859100000,0.189200000,2.568300000,2.566500000,2.267500000,0.300800000,0.003600000,0.024400000,0.015300000,0.239000000,0.299400000,0.299600000,0.094200000,0.002800000,0.634700000,84,0,103,3,7,0.001700000,0.003600000,0.001700000,0.003900000,0.003100000,0.000600000,0.628900000,0.015100000,0.084700000,0.009700000,0.005500000,0.090100000,0.000000000,0.000000000,0.004100000,0.852700000,0.006400000,3,1,7,7,3,,0.214700000,0.004400000,0.297000000,0.051900000,0.015100000,0.051100000,true,true,0.023800000,0.164800000,0.008100000,0.003800000,0.009600000,103,103,0
1032,0,1,1920,1080,640,360,ultra-performance,0.002000000,0.026700000,0.283700000,0.713900000,0.016500000,0.175300000,0.899100000,0.203600000,2.618300000,2.616300000,2.320800000,0.297500000,0.003600000,0.024100000,0.014600000,0.241000000,0.295700000,0.295800000,0.088700000,0.002800000,0.620300000,84,0,103,3,7,0.002400000,0.004800000,0.001500000,0.004600000,0.003900000,0.000700000,0.587900000,0.028600000,0.085100000,0.027400000,0.011800000,0.126600000,0.000100000,0.000000000,0.004700000,0.890100000,0.009000000,3,1,7,7,3,,0.205700000,0.005300000,0.286000000,0.056800000,0.015700000,0.050300000,true,true,0.022800000,0.157600000,0.008000000,0.003800000,0.009100000,103,103,0
1033,1,1,1920,1080,640,360,ultra-performance,0.002100000,0.028400000,0.269400000,0.732700000,0.017100000,0.150500000,0.766300000,0.261000000,2.517200000,2.515100000,2.227500000,0.289700000,0.004000000,0.024500000,0.014100000,0.226200000,0.288300000,0.288400000,0.087700000,0.002900000,0.639300000,84,0,103,3,7,0.001900000,0.003600000,0.001800000,0.004600000,0.002500000,0.000500000,0.567500000,0.016400000,0.005600000,0.008600000,0.005300000,0.137800000,0.000000000,0.000000000,0.003900000,0.760000000,0.006300000,3,1,7,7,3,,0.210500000,0.004200000,0.291900000,0.058300000,0.016600000,0.057000000,true,true,0.024700000,0.157800000,0.008400000,0.004300000,0.010000000,103,103,0
1034,2,1,1920,1080,640,360,ultra-performance,0.002200000,0.030800000,0.285300000,0.712500000,0.017100000,0.141000000,0.856500000,0.182200000,2.524500000,2.522300000,2.227600000,0.296900000,0.003900000,0.024600000,0.015500000,0.240700000,0.295200000,0.295400000,0.088400000,0.002800000,0.618700000,84,0,103,3,7,0.001600000,0.003200000,0.001500000,0.004100000,0.002900000,0.000500000,0.501400000,0.014500000,0.208300000,0.009700000,0.005700000,0.092900000,0.000000000,0.000000000,0.003900000,0.850200000,0.006300000,3,1,7,7,3,,0.205700000,0.004300000,0.288500000,0.051500000,0.016000000,0.052100000,true,true,0.023400000,0.157300000,0.007800000,0.003700000,0.008900000,103,103,0
1035,0,1,1920,1080,640,360,ultra-performance,0.001800000,0.023400000,0.280600000,0.721900000,0.016100000,0.136800000,0.830100000,0.201600000,2.508300000,2.506500000,2.212300000,0.296000000,0.003400000,0.024500000,0.014300000,0.237800000,0.294800000,0.294900000,0.087600000,0.002500000,0.629200000,84,0,103,3,7,0.001600000,0.003400000,0.001400000,0.003800000,0.003800000,0.000600000,0.529000000,0.019400000,0.143700000,0.011300000,0.006400000,0.095100000,0.000000000,0.000000000,0.004000000,0.823500000,0.006600000,3,1,7,7,3,,0.204800000,0.004200000,0.302600000,0.050500000,0.015000000,0.051300000,true,true,0.023500000,0.157400000,0.007500000,0.003500000,0.008800000,103,103,0
1036,1,1,1920,1080,640,360,ultra-performance,0.001900000,0.025500000,0.288400000,0.750500000,0.016200000,0.154000000,1.087200000,0.260500000,2.892900000,2.891000000,2.584200000,0.308700000,0.003900000,0.024700000,0.014200000,0.245100000,0.306600000,0.306700000,0.094600000,0.002900000,0.649500000,84,0,103,3,7,0.001700000,0.003700000,0.001600000,0.004500000,0.005900000,0.001100000,0.659700000,0.034300000,0.149200000,0.016400000,0.007600000,0.187200000,0.000000000,0.000000000,0.005200000,1.078100000,0.009100000,3,1,7,7,3,,0.217500000,0.004700000,0.292000000,0.057500000,0.018000000,0.059200000,true,true,0.024600000,0.167600000,0.007200000,0.003900000,0.009600000,103,103,0
1037,2,1,1920,1080,640,360,ultra-performance,0.002900000,0.040800000,0.310600000,0.819300000,0.023500000,0.157200000,0.818600000,0.205500000,2.677200000,2.674300000,2.378400000,0.298800000,0.007100000,0.036400000,0.018000000,0.248000000,0.296300000,0.296500000,0.100900000,0.004900000,0.711000000,84,0,103,3,7,0.001800000,0.003700000,0.001600000,0.004300000,0.004300000,0.001100000,0.519900000,0.019600000,0.134700000,0.012600000,0.006600000,0.092400000,0.000000000,0.000000000,0.006600000,0.809200000,0.009400000,3,1,7,7,3,,0.247200000,0.005200000,0.308900000,0.077200000,0.017800000,0.053700000,true,true,0.042200000,0.173700000,0.010200000,0.004500000,0.011800000,103,103,0
1038,0,1,1920,1080,640,360,ultra-performance,0.002100000,0.025200000,0.302300000,0.796500000,0.018600000,0.151100000,0.620100000,0.181600000,2.392800000,2.390700000,2.097500000,0.295300000,0.004400000,0.029200000,0.016200000,0.251800000,0.293700000,0.293800000,0.094000000,0.003500000,0.696100000,84,0,103,3,7,0.001800000,0.003600000,0.001800000,0.004300000,0.003100000,0.000500000,0.427200000,0.015400000,0.041900000,0.009500000,0.005900000,0.097100000,0.000000000,0.000000000,0.003700000,0.615800000,0.004300000,3,1,7,7,3,,0.225300000,0.004800000,0.329800000,0.061600000,0.017300000,0.056600000,true,true,0.026300000,0.170900000,0.008700000,0.004000000,0.010500000,103,103,0
1039,1,1,1920,1080,640,360,ultra-performance,0.001900000,0.019500000,0.172900000,0.483800000,0.013400000,0.110200000,0.767200000,0.168800000,1.918600000,1.916700000,1.737700000,0.180900000,0.003500000,0.018000000,0.009700000,0.141200000,0.179800000,0.179900000,0.056700000,0.002400000,0.422700000,84,0,103,3,7,0.001200000,0.002500000,0.001200000,0.003100000,0.002300000,0.000600000,0.538900000,0.017500000,0.032000000,0.012400000,0.004300000,0.142200000,0.000100000,0.000000000,0.004000000,0.762300000,0.004900000,3,1,7,7,3,,0.135000000,0.003400000,0.195600000,0.042300000,0.011900000,0.034100000,true,true,0.017400000,0.098100000,0.005800000,0.003400000,0.007100000,103,103,0
1040,2,1,1920,1080,640,360,ultra-performance,0.001900000,0.022700000,0.184500000,0.472300000,0.013500000,0.104800000,0.835100000,0.330400000,2.134500000,2.132600000,1.965200000,0.169300000,0.003200000,0.017400000,0.009600000,0.153900000,0.166800000,0.166900000,0.054800000,0.002500000,0.412900000,84,0,103,3,7,0.001500000,0.002700000,0.001100000,0.003400000,0.007000000,0.001300000,0.560900000,0.028500000,0.065000000,0.011800000,0.008500000,0.126500000,0.000000000,0.000000000,0.008900000,0.827100000,0.008000000,3,1,7,7,3,,0.132400000,0.003300000,0.190400000,0.041000000,0.011700000,0.033700000,true,true,0.016800000,0.096100000,0.006000000,0.003600000,0.006700000,103,103,0
1041,0,1,1920,1080,640,360,ultra-performance,0.003500000,0.037100000,0.373000000,0.791700000,0.013800000,0.157500000,0.792700000,0.205700000,2.694600000,2.691100000,2.375000000,0.319600000,0.007400000,0.046900000,0.024900000,0.293200000,0.316900000,0.317100000,0.102300000,0.002800000,0.684500000,84,0,103,3,7,0.002400000,0.003900000,0.001800000,0.004500000,0.005200000,0.000800000,0.548800000,0.019100000,0.052700000,0.015400000,0.008400000,0.113800000,0.000100000,0.000000000,0.005900000,0.782800000,0.009900000,3,1,7,7,3,,0.222000000,0.005200000,0.325300000,0.055400000,0.017800000,0.058300000,true,true,0.024800000,0.170300000,0.008000000,0.004000000,0.009700000,103,103,0
1042,1,1,1920,1080,640,360,ultra-performance,0.002200000,0.031900000,0.260600000,0.582000000,0.016200000,0.113800000,0.776200000,0.180700000,2.118400000,2.116200000,1.963600000,0.154800000,0.006200000,0.035000000,0.017800000,0.200700000,0.153400000,0.153500000,0.079700000,0.004700000,0.495600000,84,0,103,3,7,0.001100000,0.002800000,0.001200000,0.003600000,0.002200000,0.000400000,0.508300000,0.018300000,0.069800000,0.015400000,0.005200000,0.139800000,0.000000000,0.000000000,0.003400000,0.771500000,0.004700000,3,1,7,7,3,,0.182500000,0.003800000,0.197900000,0.061300000,0.013400000,0.036100000,true,true,0.036300000,0.122500000,0.008200000,0.004000000,0.007800000,103,103,0
1043,2,1,1920,1080,640,360,ultra-performance,0.001700000,0.024300000,0.173300000,0.452500000,0.014500000,0.102600000,0.597200000,0.149400000,1.672500000,1.670800000,1.515500000,0.157000000,0.003300000,0.017700000,0.010000000,0.141600000,0.155600000,0.155700000,0.051300000,0.002400000,0.397200000,84,0,103,3,7,0.001100000,0.002600000,0.001000000,0.003200000,0.002000000,0.000500000,0.424700000,0.018900000,0.026100000,0.011800000,0.004000000,0.093100000,0.000000000,0.000000000,0.003200000,0.592200000,0.005000000,3,1,7,7,3,,0.130000000,0.003100000,0.176000000,0.042800000,0.012100000,0.032600000,true,true,0.018200000,0.093700000,0.005700000,0.003500000,0.006100000,103,103,0
1044,0,1,1920,1080,640,360,ultra-performance,0.001800000,0.024000000,0.158300000,0.563100000,0.015600000,0.104300000,0.943000000,0.174000000,2.153500000,2.151700000,1.984100000,0.169400000,0.002900000,0.016700000,0.009200000,0.129100000,0.167400000,0.167500000,0.051400000,0.002300000,0.506600000,84,0,103,3,7,0.001000000,0.002600000,0.001000000,0.003400000,0.006000000,0.001200000,0.559900000,0.023000000,0.111700000,0.022700000,0.007700000,0.189000000,0.000000000,0.000000000,0.004800000,0.934000000,0.009000000,3,1,7,7,3,,0.147000000,0.003300000,0.241300000,0.050000000,0.015800000,0.049000000,true,true,0.016700000,0.109100000,0.007800000,0.003600000,0.006500000,103,103,0
1045,1,1,1920,1080,640,360,ultra-performance,0.002100000,0.023400000,0.186700000,0.514000000,0.014500000,0.125500000,0.890400000,0.198200000,2.125500000,2.123400000,1.954800000,0.170700000,0.003500000,0.028200000,0.012100000,0.142400000,0.168300000,0.168400000,0.058700000,0.002700000,0.450600000,84,0,103,3,7,0.001200000,0.002900000,0.001100000,0.003500000,0.003600000,0.000700000,0.649100000,0.025500000,0.060000000,0.012900000,0.007900000,0.110600000,0.000000000,0.000000000,0.004900000,0.883900000,0.006500000,3,1,7,7,3,,0.144200000,0.003400000,0.205100000,0.049400000,0.012300000,0.035800000,true,true,0.018300000,0.104500000,0.007200000,0.003600000,0.007200000,103,103,0
1046,2,1,1920,1080,640,360,ultra-performance,0.002300000,0.031400000,0.228500000,0.493500000,0.014500000,0.105700000,0.971800000,0.364100000,2.448800000,2.446500000,2.211800000,0.237000000,0.005500000,0.031200000,0.014700000,0.176300000,0.234600000,0.234900000,0.058800000,0.004000000,0.428900000,84,0,103,3,7,0.001100000,0.002900000,0.001100000,0.003400000,0.004300000,0.001100000,0.638200000,0.023800000,0.096300000,0.013700000,0.006300000,0.166200000,0.000000000,0.000000000,0.006400000,0.964800000,0.007000000,3,1,7,7,3,,0.138100000,0.003500000,0.192400000,0.048400000,0.012500000,0.033500000,true,true,0.020300000,0.096500000,0.007100000,0.003700000,0.007100000,103,103,0
1047,0,1,1920,1080,640,360,ultra-performance,0.002400000,0.066200000,0.373300000,0.445500000,0.013000000,0.098300000,0.773600000,0.392800000,2.319300000,2.316900000,2.165100000,0.154200000,0.004000000,0.024300000,0.014800000,0.329600000,0.152800000,0.152900000,0.050900000,0.002400000,0.390500000,84,0,103,3,7,0.001000000,0.002700000,0.001000000,0.003300000,0.002200000,0.000500000,0.667500000,0.017300000,0.001400000,0.006300000,0.003500000,0.059600000,0.000000000,0.000000000,0.003100000,0.769400000,0.004200000,3,1,7,7,3,,0.125900000,0.003400000,0.174900000,0.041700000,0.011800000,0.032300000,true,true,0.017000000,0.090800000,0.005500000,0.003600000,0.006100000,103,103,0
1048,1,1,1920,1080,640,360,ultra-performance,0.001600000,0.022100000,0.216200000,0.445500000,0.012700000,0.097500000,0.889400000,0.138300000,1.979300000,1.977700000,1.823300000,0.156000000,0.039500000,0.017000000,0.008900000,0.150500000,0.155000000,0.155100000,0.060000000,0.002600000,0.381200000,84,0,103,3,7,0.001200000,0.002500000,0.001000000,0.003300000,0.002100000,0.000600000,0.755300000,0.047300000,0.001100000,0.005900000,0.003000000,0.059000000,0.000000000,0.000000000,0.003000000,0.885300000,0.004100000,3,1,7,7,3,,0.124600000,0.003100000,0.169700000,0.041400000,0.011100000,0.030900000,true,true,0.016500000,0.089600000,0.005800000,0.003300000,0.006100000,103,103,0
1049,2,1,1920,1080,640,360,ultra-performance,0.001800000,0.023000000,0.253500000,0.449400000,0.012100000,0.094700000,0.975200000,0.469300000,2.466600000,2.464800000,2.279000000,0.187600000,0.002900000,0.015900000,0.009000000,0.225400000,0.183600000,0.183700000,0.069400000,0.002400000,0.375700000,84,0,103,3,7,0.001200000,0.002500000,0.000900000,0.003000000,0.001700000,0.000400000,0.709800000,0.013400000,0.025100000,0.010900000,0.006800000,0.173800000,0.000000000,0.000000000,0.013900000,0.963400000,0.011800000,3,1,7,7,3,,0.124000000,0.002900000,0.168100000,0.038600000,0.010900000,0.030800000,true,true,0.015500000,0.091100000,0.005600000,0.003100000,0.005800000,103,103,0
1050,0,1,1920,1080,640,360,ultra-performance,0.002300000,0.034200000,0.179500000,0.501100000,0.015100000,0.102900000,0.705200000,0.184700000,1.897200000,1.894900000,1.725000000,0.172200000,0.004000000,0.021500000,0.011200000,0.142300000,0.169800000,0.169900000,0.058300000,0.002900000,0.438000000,84,0,103,3,7,0.001500000,0.002900000,0.001400000,0.003200000,0.003700000,0.000800000,0.539100000,0.019000000,0.020400000,0.012400000,0.006300000,0.080300000,0.000100000,0.000000000,0.005400000,0.696500000,0.008700000,3,1,7,7,3,,0.142300000,0.003100000,0.198200000,0.046600000,0.012200000,0.035100000,true,true,0.018900000,0.102300000,0.007200000,0.003700000,0.007100000,103,103,0
1051,1,1,1920,1080,640,360,ultra-performance,0.001700000,0.026100000,0.277100000,0.489400000,0.015200000,0.100900000,0.772100000,0.155400000,2.078500000,2.076800000,1.837900000,0.240600000,0.004500000,0.026700000,0.014600000,0.230700000,0.239500000,0.239600000,0.055600000,0.003000000,0.428800000,84,0,103,3,7,0.001300000,0.002500000,0.001300000,0.003300000,0.002500000,0.000500000,0.506800000,0.013000000,0.105700000,0.005900000,0.003100000,0.119600000,0.000000000,0.000000000,0.003000000,0.768500000,0.003600000,3,1,7,7,3,,0.143000000,0.003100000,0.193100000,0.043600000,0.011900000,0.033400000,true,true,0.021600000,0.100100000,0.007500000,0.003600000,0.007100000,103,103,0
1052,2,1,1920,1080,640,360,ultra-performance,0.001600000,0.018700000,0.158600000,0.446100000,0.012000000,0.097300000,0.655100000,0.274400000,1.823600000,1.822000000,1.663800000,0.159800000,0.003100000,0.016300000,0.009300000,0.129600000,0.156800000,0.157000000,0.050000000,0.002100000,0.392200000,84,0,103,3,7,0.001500000,0.002600000,0.001500000,0.003100000,0.001700000,0.000300000,0.488000000,0.023600000,0.002100000,0.008400000,0.005700000,0.099400000,0.000000000,0.000000000,0.008700000,0.646600000,0.008500000,3,1,7,7,3,,0.133100000,0.003200000,0.174100000,0.038700000,0.011000000,0.031700000,true,true,0.016500000,0.097700000,0.006300000,0.003400000,0.006200000,103,103,0
1053,0,1,1920,1080,640,360,ultra-performance,0.002200000,0.020400000,0.179800000,0.524800000,0.016100000,0.111100000,0.961500000,0.203000000,2.190800000,2.188600000,2.018900000,0.171900000,0.003600000,0.019600000,0.012700000,0.143100000,0.169400000,0.169600000,0.058400000,0.002900000,0.461500000,84,0,103,3,7,0.001300000,0.002900000,0.001200000,0.003300000,0.006200000,0.001400000,0.660800000,0.033700000,0.058800000,0.019600000,0.009600000,0.145100000,0.000100000,0.000000000,0.008600000,0.952600000,0.008900000,3,1,7,7,3,,0.157600000,0.003500000,0.204800000,0.047200000,0.012300000,0.035500000,true,true,0.018200000,0.112100000,0.009900000,0.005300000,0.008700000,103,103,0
1054,1,1,1920,1080,640,360,ultra-performance,0.002300000,0.038100000,0.284900000,0.728900000,0.017500000,0.152700000,0.903700000,0.312300000,2.737800000,2.735500000,2.440400000,0.297400000,0.004000000,0.025300000,0.014700000,0.240400000,0.294700000,0.294800000,0.089800000,0.003400000,0.633000000,84,0,103,3,7,0.001800000,0.003600000,0.001800000,0.003900000,0.006500000,0.001200000,0.522200000,0.028100000,0.174000000,0.013000000,0.008500000,0.123500000,0.000000000,0.000000000,0.007600000,0.895700000,0.008000000,3,1,7,7,3,,0.208700000,0.004400000,0.295500000,0.054600000,0.016800000,0.052300000,true,true,0.024900000,0.158500000,0.007400000,0.004300000,0.009100000,103,103,0
1055,2,1,1920,1080,640,360,ultra-performance,0.001900000,0.033500000,0.261000000,0.664000000,0.017000000,0.139200000,0.926300000,0.362400000,2.681300000,2.679400000,2.405300000,0.276000000,0.004100000,0.025400000,0.015300000,0.215800000,0.273700000,0.273900000,0.082200000,0.002900000,0.576300000,84,0,103,3,7,0.001700000,0.003200000,0.001500000,0.004000000,0.005500000,0.001000000,0.548400000,0.026300000,0.175000000,0.014800000,0.007700000,0.121900000,0.000100000,0.000000000,0.007000000,0.918100000,0.008200000,3,1,7,7,3,,0.192700000,0.004200000,0.263500000,0.050900000,0.015400000,0.049100000,true,true,0.022100000,0.145700000,0.007700000,0.004100000,0.008600000,103,103,0
1056,0,1,1920,1080,640,360,ultra-performance,0.003400000,0.037300000,0.379400000,0.762200000,0.021000000,0.150400000,0.863100000,0.189200000,2.679900000,2.676500000,2.406000000,0.273900000,0.048400000,0.061800000,0.029700000,0.238300000,0.272100000,0.272300000,0.091600000,0.004300000,0.663500000,84,0,103,3,7,0.001700000,0.003600000,0.001700000,0.004800000,0.003400000,0.000900000,0.576900000,0.024500000,0.108100000,0.009800000,0.005000000,0.114500000,0.000000000,0.000000000,0.003500000,0.858400000,0.004700000,3,1,7,7,3,,0.226400000,0.004700000,0.292500000,0.067800000,0.018000000,0.053600000,true,true,0.031500000,0.157200000,0.017600000,0.005100000,0.010500000,103,103,0
1057,1,1,1920,1080,640,360,ultra-performance,0.002200000,0.027700000,0.162900000,0.733200000,0.018400000,0.141700000,1.018700000,0.333300000,2.664200000,2.662000000,2.438100000,0.226100000,0.004500000,0.018100000,0.009300000,0.130600000,0.223300000,0.223400000,0.099800000,0.003300000,0.627700000,84,0,103,3,7,0.001600000,0.003600000,0.001500000,0.003900000,0.005500000,0.001200000,0.635700000,0.032200000,0.117700000,0.019000000,0.007200000,0.170400000,0.000100000,0.000000000,0.008700000,1.008300000,0.010400000,3,1,7,7,3,,0.208100000,0.004500000,0.288900000,0.055400000,0.015800000,0.054200000,true,true,0.027400000,0.153600000,0.008600000,0.005100000,0.009000000,103,103,0
1058,2,1,1920,1080,640,360,ultra-performance,0.002000000,0.022100000,0.188000000,0.504500000,0.015500000,0.118600000,0.941400000,0.196000000,2.156700000,2.154700000,1.988100000,0.168600000,0.004300000,0.021000000,0.010800000,0.151500000,0.166500000,0.166600000,0.056400000,0.002700000,0.443500000,84,0,103,3,7,0.001100000,0.002600000,0.001000000,0.003200000,0.004400000,0.000800000,0.590200000,0.022000000,0.123800000,0.012600000,0.007200000,0.158100000,0.000100000,0.000000000,0.006100000,0.933200000,0.008200000,3,1,7,7,3,,0.142800000,0.003500000,0.200700000,0.048400000,0.012400000,0.035300000,true,true,0.019300000,0.101200000,0.007600000,0.004000000,0.007400000,103,103,0
1059,0,1,1920,1080,640,360,ultra-performance,0.001700000,0.025500000,0.242000000,0.525900000,0.015000000,0.130100000,0.630900000,0.177500000,1.903100000,1.901400000,1.748600000,0.154500000,0.004400000,0.022300000,0.013700000,0.200900000,0.152700000,0.152900000,0.056800000,0.002900000,0.464400000,84,0,103,3,7,0.001200000,0.002800000,0.001200000,0.003400000,0.004000000,0.000600000,0.414000000,0.021000000,0.075800000,0.010900000,0.006000000,0.079900000,0.000100000,0.000000000,0.003800000,0.624700000,0.006200000,3,1,7,7,3,,0.167600000,0.003500000,0.195500000,0.051300000,0.012100000,0.034000000,true,true,0.021000000,0.122500000,0.008500000,0.004300000,0.007700000,103,103,0
1060,1,1,1920,1080,640,360,ultra-performance,0.001900000,0.031500000,0.237900000,0.460400000,0.012900000,0.104100000,0.833800000,0.215100000,2.125100000,2.123200000,1.897600000,0.227500000,0.004200000,0.022500000,0.014400000,0.196300000,0.225700000,0.225800000,0.051800000,0.002900000,0.403800000,84,0,103,3,7,0.001500000,0.003100000,0.001700000,0.003500000,0.005200000,0.001100000,0.560600000,0.017800000,0.091900000,0.013100000,0.006200000,0.115800000,0.000000000,0.000000000,0.004900000,0.826400000,0.007400000,3,1,7,7,3,,0.131900000,0.003200000,0.176900000,0.046300000,0.011900000,0.033000000,true,true,0.017300000,0.095600000,0.006200000,0.003500000,0.006300000,103,103,0
1061,2,1,1920,1080,640,360,ultra-performance,0.002200000,0.025700000,0.239400000,0.546000000,0.016300000,0.117200000,0.801100000,0.319500000,2.306100000,2.303900000,2.067400000,0.238700000,0.004700000,0.029100000,0.011300000,0.193700000,0.236100000,0.236400000,0.071200000,0.003300000,0.469400000,84,0,103,3,7,0.001500000,0.003300000,0.001300000,0.003500000,0.004600000,0.001000000,0.569600000,0.021500000,0.043300000,0.012300000,0.006200000,0.117800000,0.000100000,0.000000000,0.007400000,0.793400000,0.007700000,3,1,7,7,3,,0.153400000,0.003600000,0.206700000,0.056200000,0.013100000,0.035700000,true,true,0.022700000,0.107300000,0.008000000,0.003800000,0.007800000,103,103,0
1062,0,1,1920,1080,640,360,ultra-performance,0.003400000,0.027300000,0.175400000,0.561700000,0.015900000,0.110100000,0.863700000,0.238700000,2.173700000,2.170300000,1.996200000,0.177500000,0.003600000,0.018800000,0.011800000,0.140500000,0.175400000,0.175500000,0.055000000,0.002800000,0.501900000,84,0,103,3,7,0.001200000,0.002800000,0.001200000,0.003300000,0.005000000,0.001000000,0.571100000,0.025700000,0.092100000,0.013600000,0.006300000,0.127200000,0.000000000,0.000000000,0.006500000,0.857000000,0.006700000,3,1,7,7,3,,0.143000000,0.003900000,0.236200000,0.060300000,0.016000000,0.041900000,true,true,0.020300000,0.102900000,0.006300000,0.003500000,0.006900000,103,103,0
1063,1,1,1920,1080,640,360,ultra-performance,0.001900000,0.024800000,0.171700000,0.504400000,0.015200000,0.110500000,0.925800000,0.184100000,2.108600000,2.106700000,1.938400000,0.170200000,0.003700000,0.018000000,0.010400000,0.139200000,0.168500000,0.168600000,0.054100000,0.002800000,0.445500000,84,0,103,3,7,0.001600000,0.003000000,0.001100000,0.003400000,0.006800000,0.001100000,0.570400000,0.029500000,0.158000000,0.016000000,0.009200000,0.112900000,0.000000000,0.000000000,0.004800000,0.917800000,0.008000000,3,1,7,7,3,,0.146700000,0.003500000,0.194800000,0.047900000,0.012000000,0.040100000,true,true,0.019800000,0.107400000,0.006000000,0.003600000,0.006800000,103,103,0
1064,2,1,1920,1080,640,360,ultra-performance,0.001800000,0.026800000,0.178000000,0.539400000,0.015600000,0.107500000,0.777500000,0.172800000,1.977200000,1.975400000,1.819400000,0.157800000,0.004100000,0.019900000,0.010300000,0.143100000,0.156400000,0.156500000,0.053800000,0.002900000,0.481000000,84,0,103,3,7,0.001200000,0.002700000,0.001200000,0.003200000,0.002400000,0.000500000,0.522700000,0.026300000,0.066700000,0.016100000,0.006600000,0.118900000,0.000000000,0.000000000,0.003200000,0.771700000,0.005800000,3,1,7,7,3,,0.183300000,0.003300000,0.199100000,0.048800000,0.012200000,0.033600000,true,true,0.020000000,0.141000000,0.007400000,0.004400000,0.007100000,103,103,0
1065,0,1,1920,1080,640,360,ultra-performance,0.001700000,0.023800000,0.158800000,0.455400000,0.013000000,0.098400000,0.818600000,0.170700000,1.897000000,1.895300000,1.740400000,0.156600000,0.003700000,0.016100000,0.009700000,0.128900000,0.155300000,0.155400000,0.050400000,0.002600000,0.400600000,84,0,103,3,7,0.001100000,0.002600000,0.001000000,0.003000000,0.004800000,0.000900000,0.530200000,0.029100000,0.081500000,0.017400000,0.006400000,0.131100000,0.000100000,0.000000000,0.003900000,0.813100000,0.005500000,3,1,7,7,3,,0.126500000,0.003200000,0.179800000,0.044000000,0.014600000,0.031900000,true,true,0.017700000,0.090600000,0.005500000,0.003500000,0.006100000,103,103,0
1066,1,1,1920,1080,640,360,ultra-performance,0.001700000,0.022800000,0.182900000,0.603800000,0.016700000,0.107000000,0.672100000,0.160800000,1.937900000,1.936200000,1.767800000,0.170100000,0.009500000,0.016000000,0.009400000,0.147700000,0.168200000,0.168400000,0.064900000,0.002800000,0.533600000,84,0,103,3,7,0.001200000,0.002800000,0.001100000,0.003700000,0.003500000,0.000500000,0.493300000,0.022200000,0.031900000,0.010300000,0.006700000,0.084700000,0.000000000,0.000000000,0.003900000,0.665800000,0.006300000,3,1,7,7,3,,0.166700000,0.003800000,0.243300000,0.051300000,0.016700000,0.051300000,true,true,0.020100000,0.122700000,0.007700000,0.003700000,0.007900000,103,103,0
1067,2,1,1920,1080,640,360,ultra-performance,0.001700000,0.028300000,0.159200000,0.491500000,0.018700000,0.152200000,0.850300000,0.149600000,2.008800000,2.007100000,1.851500000,0.157300000,0.003400000,0.016200000,0.009300000,0.129900000,0.155900000,0.156000000,0.051300000,0.002200000,0.435300000,84,0,103,3,7,0.001700000,0.003400000,0.001600000,0.004200000,0.004800000,0.001000000,0.511100000,0.022800000,0.140800000,0.014800000,0.005700000,0.127400000,0.000000000,0.000000000,0.003400000,0.842700000,0.007600000,3,1,7,7,3,,0.127200000,0.003400000,0.205100000,0.042800000,0.011300000,0.045000000,true,true,0.016500000,0.092200000,0.005900000,0.003300000,0.006200000,103,103,0
1068,0,1,1920,1080,640,360,ultra-performance,0.001900000,0.019500000,0.174800000,0.438000000,0.012100000,0.100600000,1.038900000,0.454900000,2.410300000,2.408400000,2.240700000,0.169600000,0.002700000,0.015900000,0.009300000,0.146500000,0.165600000,0.165700000,0.052400000,0.002300000,0.381600000,84,0,103,3,7,0.001100000,0.002300000,0.001200000,0.004000000,0.008500000,0.001400000,0.624500000,0.042700000,0.100200000,0.026400000,0.012700000,0.191700000,0.000000000,0.000000000,0.009300000,1.026000000,0.012900000,3,1,7,7,3,,0.125000000,0.003100000,0.172800000,0.038500000,0.010700000,0.031200000,true,true,0.015600000,0.092000000,0.005300000,0.003100000,0.006200000,103,103,0
1069,1,1,1920,1080,640,360,ultra-performance,0.006700000,0.058400000,0.364200000,0.831400000,0.023400000,0.190500000,0.753200000,0.269000000,2.794900000,2.788200000,2.496800000,0.298100000,0.011600000,0.059700000,0.030800000,0.261200000,0.295600000,0.295700000,0.096300000,0.005100000,0.727000000,84,0,103,3,7,0.001800000,0.004700000,0.001800000,0.004400000,0.003300000,0.000500000,0.537200000,0.019900000,0.001700000,0.008500000,0.005200000,0.155300000,0.000100000,0.000000000,0.004100000,0.748500000,0.004700000,3,1,7,7,3,,0.245100000,0.005600000,0.322300000,0.076300000,0.019000000,0.057900000,true,true,0.038300000,0.175200000,0.009200000,0.006200000,0.011100000,103,103,0
1070,2,1,1920,1080,640,360,ultra-performance,0.002400000,0.039100000,0.312700000,0.806800000,0.020900000,0.162100000,0.834900000,0.268700000,2.762900000,2.760500000,2.447600000,0.315300000,0.006300000,0.030200000,0.016300000,0.259200000,0.312800000,0.313000000,0.095600000,0.004100000,0.704500000,84,0,103,3,7,0.001800000,0.003900000,0.001700000,0.004500000,0.004600000,0.000700000,0.566500000,0.025200000,0.093100000,0.012200000,0.006200000,0.104000000,0.000100000,0.000000000,0.004300000,0.828800000,0.006100000,3,1,7,7,3,,0.242200000,0.005100000,0.314100000,0.066200000,0.017600000,0.058400000,true,true,0.031500000,0.179900000,0.009500000,0.006100000,0.010100000,103,103,0
1071,0,1,1920,1080,640,360,ultra-performance,0.002500000,0.027400000,0.255200000,0.808700000,0.021000000,0.168800000,0.718600000,0.260100000,2.591600000,2.589100000,2.262300000,0.329300000,0.003600000,0.019500000,0.010500000,0.220900000,0.327200000,0.327500000,0.097900000,0.003800000,0.703800000,84,0,103,3,7,0.002200000,0.004200000,0.001800000,0.004300000,0.003300000,0.000700000,0.410000000,0.021800000,0.141800000,0.010200000,0.005200000,0.104100000,0.000100000,0.000000000,0.004200000,0.713900000,0.004700000,3,1,7,7,3,,0.235600000,0.005100000,0.318700000,0.068300000,0.018000000,0.057200000,true,true,0.027700000,0.172600000,0.008900000,0.005700000,0.010800000,103,103,0
1072,1,1,1920,1080,640,360,ultra-performance,0.003700000,0.038000000,0.220900000,0.519700000,0.016200000,0.108700000,0.781200000,0.178400000,2.025400000,2.021700000,1.866800000,0.158600000,0.005100000,0.024900000,0.013400000,0.176800000,0.156800000,0.156900000,0.058500000,0.003400000,0.455900000,84,0,103,3,7,0.001300000,0.002800000,0.001000000,0.003300000,0.003800000,0.000600000,0.548200000,0.024300000,0.070200000,0.010600000,0.006000000,0.100100000,0.000100000,0.000000000,0.003300000,0.775600000,0.005600000,3,1,7,7,3,,0.148800000,0.003800000,0.204300000,0.050800000,0.012400000,0.035200000,true,true,0.023400000,0.103200000,0.007700000,0.003900000,0.007400000,103,103,0
1073,2,1,1920,1080,640,360,ultra-performance,0.001700000,0.024700000,0.171400000,0.541500000,0.015600000,0.106600000,0.738300000,0.175100000,1.960600000,1.958900000,1.774900000,0.185700000,0.003000000,0.017100000,0.010700000,0.140400000,0.184200000,0.184300000,0.058500000,0.003800000,0.476500000,84,0,103,3,7,0.001300000,0.002700000,0.001000000,0.003500000,0.004600000,0.000600000,0.556900000,0.021800000,0.032100000,0.010500000,0.005400000,0.087000000,0.000000000,0.000000000,0.003700000,0.731100000,0.007200000,3,1,7,7,3,,0.136400000,0.003600000,0.229900000,0.047800000,0.015100000,0.043200000,true,true,0.020600000,0.095500000,0.006500000,0.003600000,0.006500000,103,103,0
1074,0,1,1920,1080,640,360,ultra-performance,0.001800000,0.027200000,0.277200000,0.708900000,0.017300000,0.140400000,0.804600000,0.265700000,2.529100000,2.527300000,2.243100000,0.286000000,0.003300000,0.016000000,0.009200000,0.248200000,0.284600000,0.284700000,0.079500000,0.003400000,0.623400000,84,0,103,3,7,0.001500000,0.003600000,0.001600000,0.004200000,0.002900000,0.000400000,0.564200000,0.035300000,0.051800000,0.013800000,0.005800000,0.108000000,0.000000000,0.000000000,0.003600000,0.796700000,0.007900000,3,1,7,7,3,,0.206100000,0.004300000,0.281200000,0.063200000,0.016500000,0.051400000,true,true,0.022500000,0.158000000,0.007500000,0.004300000,0.008800000,103,103,0
1075,1,1,1920,1080,640,360,ultra-performance,0.001700000,0.029600000,0.266700000,0.690700000,0.016600000,0.147900000,0.925900000,0.257500000,2.629300000,2.627600000,2.336600000,0.292700000,0.003500000,0.022500000,0.015100000,0.225200000,0.290500000,0.290800000,0.083500000,0.002900000,0.601700000,84,0,103,3,7,0.001600000,0.003200000,0.001700000,0.003500000,0.005700000,0.001600000,0.625600000,0.020800000,0.085600000,0.018200000,0.006100000,0.138700000,0.000000000,0.000000000,0.005000000,0.917300000,0.008600000,3,1,7,7,3,,0.207200000,0.004200000,0.274900000,0.050300000,0.015000000,0.049600000,true,true,0.026300000,0.155700000,0.008500000,0.004000000,0.008400000,103,103,0
1076,2,1,1920,1080,640,360,ultra-performance,0.002400000,0.031800000,0.194300000,0.606300000,0.023600000,0.171200000,0.932300000,0.273600000,2.406600000,2.404200000,2.235500000,0.171100000,0.006800000,0.028900000,0.012500000,0.145400000,0.168800000,0.169100000,0.059800000,0.003700000,0.539800000,84,0,103,3,7,0.001700000,0.004300000,0.001700000,0.005300000,0.003700000,0.000600000,0.574000000,0.022900000,0.177600000,0.011000000,0.005200000,0.113600000,0.000000000,0.000000000,0.004400000,0.926000000,0.006300000,3,1,7,7,3,,0.163200000,0.004100000,0.209500000,0.080300000,0.018900000,0.062900000,true,true,0.028600000,0.109400000,0.008700000,0.004200000,0.008700000,103,103,0
1077,0,1,1920,1080,640,360,ultra-performance,0.003000000,0.037800000,0.293300000,0.782100000,0.017100000,0.117800000,0.779300000,0.209800000,2.555900000,2.552900000,2.240200000,0.315700000,0.005400000,0.032400000,0.017500000,0.237400000,0.313900000,0.314000000,0.095600000,0.003900000,0.680500000,84,0,103,3,7,0.001400000,0.003500000,0.001000000,0.003700000,0.002300000,0.000500000,0.425700000,0.019100000,0.209300000,0.005900000,0.002900000,0.096200000,0.000100000,0.000000000,0.003800000,0.775400000,0.003900000,3,1,7,7,3,,0.217600000,0.005100000,0.303800000,0.076500000,0.018500000,0.058100000,true,true,0.031700000,0.156200000,0.010000000,0.005000000,0.010000000,103,103,0
1078,1,1,1920,1080,640,360,ultra-performance,0.002200000,0.025500000,0.300300000,0.795000000,0.021000000,0.164200000,0.730900000,0.231300000,2.589900000,2.587700000,2.270400000,0.319500000,0.004400000,0.019500000,0.010800000,0.264900000,0.317500000,0.317600000,0.097300000,0.003700000,0.691300000,84,0,103,3,7,0.001800000,0.004400000,0.001900000,0.004400000,0.003200000,0.000500000,0.499100000,0.021200000,0.072200000,0.008500000,0.005100000,0.098900000,0.000100000,0.000000000,0.004200000,0.725500000,0.005400000,3,1,7,7,3,,0.230100000,0.005400000,0.312200000,0.068400000,0.018000000,0.056500000,true,true,0.029100000,0.172600000,0.008400000,0.004200000,0.010500000,103,103,0
1079,2,1,1920,1080,640,360,ultra-performance,0.002200000,0.035800000,0.311100000,0.800900000,0.020000000,0.150900000,1.105400000,0.191700000,2.940800000,2.938600000,2.618000000,0.322800000,0.004800000,0.028400000,0.016000000,0.261100000,0.319700000,0.319800000,0.095600000,0.003500000,0.699100000,84,0,103,3,7,0.001700000,0.004300000,0.001700000,0.004600000,0.007400000,0.001600000,0.592000000,0.030000000,0.166500000,0.015400000,0.009200000,0.257400000,0.000000000,0.000000000,0.004800000,1.096600000,0.008800000,3,1,7,7,3,,0.224300000,0.004800000,0.314800000,0.079600000,0.017300000,0.057600000,true,true,0.026100000,0.171000000,0.008800000,0.004000000,0.009600000,103,103,0
1080,0,1,1920,1080,640,360,ultra-performance,0.001900000,0.027000000,0.177400000,0.706100000,0.017800000,0.117400000,0.857700000,0.179100000,2.360600000,2.358700000,2.084400000,0.276200000,0.004900000,0.021900000,0.010600000,0.139300000,0.273600000,0.273800000,0.098600000,0.003800000,0.601600000,84,0,103,3,7,0.001200000,0.003200000,0.001200000,0.004300000,0.005600000,0.000900000,0.492600000,0.024900000,0.153900000,0.015600000,0.008400000,0.129000000,0.000000000,0.000000000,0.005700000,0.846500000,0.011200000,3,1,7,7,3,,0.214100000,0.004900000,0.278900000,0.053600000,0.013300000,0.036300000,true,true,0.025700000,0.158200000,0.010000000,0.005200000,0.010000000,103,103,0
1081,1,1,1920,1080,640,360,ultra-performance,0.002000000,0.033800000,0.290800000,0.797900000,0.022300000,0.155900000,0.803900000,0.183800000,2.582000000,2.580000000,2.290400000,0.291600000,0.004500000,0.026200000,0.017000000,0.242400000,0.290000000,0.290100000,0.092000000,0.004700000,0.698500000,84,0,103,3,7,0.001600000,0.003900000,0.001700000,0.004100000,0.005100000,0.001100000,0.549200000,0.033200000,0.036300000,0.015600000,0.009300000,0.130700000,0.000000000,0.000000000,0.004000000,0.795800000,0.008100000,3,1,7,7,3,,0.236600000,0.005800000,0.305100000,0.079200000,0.017000000,0.054200000,true,true,0.035200000,0.170500000,0.010500000,0.005500000,0.010300000,103,103,0
1082,2,1,1920,1080,640,360,ultra-performance,0.001800000,0.033700000,0.294100000,0.758100000,0.021000000,0.154900000,0.968100000,0.218700000,2.749900000,2.748100000,2.450400000,0.299500000,0.004500000,0.034600000,0.015900000,0.238600000,0.297200000,0.297300000,0.091100000,0.004000000,0.660400000,84,0,103,3,7,0.001600000,0.004200000,0.002100000,0.003900000,0.005600000,0.001300000,0.596500000,0.034500000,0.066600000,0.016000000,0.007100000,0.214400000,0.000000000,0.000000000,0.006700000,0.960500000,0.007600000,3,1,7,7,3,,0.222800000,0.005200000,0.298300000,0.061200000,0.017300000,0.055000000,true,true,0.030800000,0.162900000,0.008800000,0.005200000,0.010700000,103,103,0
1083,0,1,1920,1080,640,360,ultra-performance,0.001800000,0.025700000,0.285400000,0.726100000,0.019900000,0.147900000,0.840400000,0.265500000,2.603200000,2.601400000,2.312700000,0.290500000,0.003600000,0.032200000,0.018300000,0.230600000,0.288600000,0.288800000,0.092600000,0.003700000,0.627000000,84,0,103,3,7,0.001900000,0.004200000,0.001400000,0.004000000,0.003200000,0.000800000,0.640000000,0.025500000,0.031500000,0.012500000,0.005100000,0.098900000,0.000100000,0.000000000,0.004800000,0.833900000,0.006500000,3,1,7,7,3,,0.208900000,0.005000000,0.282200000,0.061600000,0.015600000,0.053000000,true,true,0.028500000,0.152200000,0.009500000,0.004900000,0.009100000,103,103,0
1084,1,1,1920,1080,640,360,ultra-performance,0.002500000,0.028100000,0.188300000,0.656400000,0.022400000,0.153100000,0.695300000,0.210900000,2.174200000,2.171700000,1.957000000,0.217200000,0.004900000,0.023900000,0.011300000,0.147700000,0.215000000,0.215200000,0.062300000,0.003400000,0.587900000,84,0,103,3,7,0.001600000,0.003300000,0.001400000,0.003800000,0.004300000,0.001100000,0.468800000,0.021700000,0.042900000,0.011200000,0.005400000,0.117200000,0.000100000,0.000000000,0.005500000,0.688300000,0.007000000,3,1,7,7,3,,0.157300000,0.003900000,0.291100000,0.068000000,0.016700000,0.050300000,true,true,0.022400000,0.109900000,0.010000000,0.004100000,0.007400000,103,103,0
1085,2,1,1920,1080,640,360,ultra-performance,0.002000000,0.037300000,0.310200000,0.821700000,0.023500000,0.170500000,0.788700000,0.208200000,2.662300000,2.660300000,2.362100000,0.300200000,0.005100000,0.042400000,0.015800000,0.246000000,0.298100000,0.298400000,0.094400000,0.004600000,0.720100000,84,0,103,3,7,0.002000000,0.004300000,0.001500000,0.004000000,0.003500000,0.000500000,0.541100000,0.022400000,0.069500000,0.013200000,0.004500000,0.109900000,0.000000000,0.000000000,0.004800000,0.781200000,0.007500000,3,1,7,7,3,,0.235100000,0.005700000,0.315300000,0.087300000,0.018500000,0.057400000,true,true,0.034500000,0.168500000,0.011000000,0.005700000,0.010700000,103,103,0
1086,0,1,1920,1080,640,360,ultra-performance,0.002600000,0.030200000,0.241900000,0.689900000,0.016600000,0.111300000,0.730800000,0.208300000,2.333900000,2.331300000,2.031600000,0.302300000,0.004600000,0.021500000,0.011500000,0.203700000,0.300100000,0.300200000,0.096000000,0.005000000,0.586900000,84,0,103,3,7,0.001600000,0.002800000,0.001100000,0.003900000,0.003700000,0.001100000,0.512600000,0.024100000,0.068600000,0.010600000,0.004700000,0.083200000,0.000000000,0.000000000,0.006100000,0.724100000,0.006700000,3,1,7,7,3,,0.235800000,0.003600000,0.243800000,0.054800000,0.012700000,0.035500000,true,true,0.030400000,0.179000000,0.010800000,0.004100000,0.007400000,103,103,0
1087,1,1,1920,1080,640,360,ultra-performance,0.002300000,0.047400000,0.302200000,0.736700000,0.022400000,0.144400000,0.968900000,0.367500000,2.909000000,2.906700000,2.591800000,0.317200000,0.006000000,0.030000000,0.016200000,0.249300000,0.300700000,0.300800000,0.095400000,0.004400000,0.633500000,84,0,103,3,7,0.001500000,0.003800000,0.001500000,0.004100000,0.005100000,0.001300000,0.678500000,0.026400000,0.048000000,0.014300000,0.006500000,0.161700000,0.000100000,0.000000000,0.007900000,0.960700000,0.008200000,3,1,7,7,3,,0.205100000,0.004200000,0.276800000,0.082800000,0.016500000,0.047600000,true,true,0.034500000,0.147100000,0.008400000,0.004600000,0.007100000,103,103,0
1088,2,1,1920,1080,640,360,ultra-performance,0.003700000,0.039900000,0.186000000,0.513300000,0.016200000,0.111900000,0.885600000,0.180200000,2.106900000,2.103200000,1.936800000,0.170100000,0.006800000,0.024200000,0.010500000,0.144000000,0.168100000,0.168200000,0.058900000,0.002800000,0.449600000,84,0,103,3,7,0.001300000,0.002800000,0.001100000,0.003700000,0.004500000,0.001200000,0.595800000,0.027100000,0.061200000,0.015600000,0.006600000,0.151700000,0.000000000,0.000000000,0.004400000,0.877000000,0.008600000,3,1,7,7,3,,0.141500000,0.003400000,0.202900000,0.053500000,0.012500000,0.035300000,true,true,0.018900000,0.101300000,0.007300000,0.003700000,0.007000000,103,103,0
1089,0,1,1920,1080,640,360,ultra-performance,0.003100000,0.030000000,0.251900000,0.689800000,0.020800000,0.135600000,0.713400000,0.190500000,2.280000000,2.276900000,2.035100000,0.244900000,0.005900000,0.026700000,0.014600000,0.204000000,0.243200000,0.243400000,0.081300000,0.004000000,0.602200000,84,0,103,3,7,0.002000000,0.003600000,0.001600000,0.003800000,0.002600000,0.000600000,0.560200000,0.020900000,0.023400000,0.007800000,0.004100000,0.074700000,0.000000000,0.000000000,0.003500000,0.708800000,0.004600000,3,1,7,7,3,,0.204100000,0.004900000,0.257100000,0.073300000,0.015500000,0.046600000,true,true,0.032900000,0.143200000,0.010500000,0.004900000,0.008600000,103,103,0
1090,1,1,1920,1080,640,360,ultra-performance,0.002200000,0.032700000,0.168700000,0.553000000,0.016900000,0.126800000,0.718100000,0.213900000,2.001900000,1.999700000,1.832300000,0.169600000,0.004500000,0.019400000,0.011100000,0.133400000,0.166900000,0.167100000,0.051800000,0.002800000,0.496400000,84,0,103,3,7,0.001700000,0.015100000,0.001500000,0.003900000,0.004600000,0.000900000,0.515700000,0.023100000,0.019800000,0.011300000,0.007800000,0.097800000,0.000000000,0.000000000,0.005800000,0.709000000,0.009100000,3,1,7,7,3,,0.150700000,0.004500000,0.234300000,0.051800000,0.013100000,0.041500000,true,true,0.020400000,0.095600000,0.009100000,0.004500000,0.008600000,103,103,0
1091,2,1,1920,1080,640,360,ultra-performance,0.002600000,0.033000000,0.288900000,0.772700000,0.021500000,0.150000000,0.767500000,0.197900000,2.538600000,2.536000000,2.234100000,0.304500000,0.004500000,0.027900000,0.014900000,0.240900000,0.302900000,0.303100000,0.093300000,0.004400000,0.672100000,84,0,103,3,7,0.001700000,0.003700000,0.001700000,0.004200000,0.003300000,0.000400000,0.584700000,0.018900000,0.038300000,0.009700000,0.005700000,0.084600000,0.000000000,0.000000000,0.004000000,0.760900000,0.006600000,3,1,7,7,3,,0.218800000,0.004600000,0.313300000,0.064300000,0.016300000,0.054100000,true,true,0.026200000,0.163600000,0.009700000,0.004500000,0.009800000,103,103,0
1092,0,1,1920,1080,640,360,ultra-performance,0.001900000,0.030300000,0.302500000,0.773400000,0.017900000,0.144900000,0.924600000,0.184600000,2.698500000,2.696600000,2.380100000,0.318400000,0.003700000,0.026000000,0.015000000,0.257100000,0.317300000,0.317400000,0.095000000,0.003100000,0.672400000,84,0,103,3,7,0.001800000,0.003500000,0.001900000,0.004100000,0.003400000,0.000500000,0.651600000,0.017600000,0.101800000,0.009700000,0.005600000,0.112700000,0.000100000,0.000000000,0.004800000,0.919100000,0.005500000,3,1,7,7,3,,0.217700000,0.004400000,0.310800000,0.053600000,0.028400000,0.056900000,true,true,0.024600000,0.167800000,0.007700000,0.003600000,0.009400000,103,103,0
1093,1,1,1920,1080,640,360,ultra-performance,0.002100000,0.032300000,0.283700000,0.708700000,0.018900000,0.149900000,0.758700000,0.199200000,2.450900000,2.448800000,2.153500000,0.297400000,0.003500000,0.025800000,0.014400000,0.239500000,0.295800000,0.295900000,0.087900000,0.002900000,0.615300000,84,0,103,3,7,0.001600000,0.003300000,0.001800000,0.003700000,0.003300000,0.000600000,0.484800000,0.018600000,0.074100000,0.008700000,0.005500000,0.141900000,0.000000000,0.000000000,0.004200000,0.752100000,0.006600000,3,1,7,7,3,,0.201600000,0.004200000,0.290200000,0.051800000,0.015200000,0.051700000,true,true,0.022500000,0.155300000,0.006900000,0.003700000,0.008900000,103,103,0
1094,2,1,1920,1080,640,360,ultra-performance,0.002300000,0.029100000,0.301500000,0.785100000,0.017400000,0.147600000,0.691100000,0.197400000,2.471700000,2.469400000,2.171500000,0.300200000,0.004400000,0.026600000,0.016100000,0.254000000,0.298200000,0.298300000,0.092800000,0.003700000,0.685600000,84,0,103,3,7,0.001900000,0.003600000,0.001700000,0.004500000,0.002800000,0.000800000,0.414800000,0.016400000,0.125300000,0.009100000,0.005500000,0.095300000,0.000000000,0.000000000,0.004100000,0.685800000,0.005300000,3,1,7,7,3,,0.220700000,0.004400000,0.307600000,0.057600000,0.016700000,0.077700000,true,true,0.024500000,0.169300000,0.008200000,0.004100000,0.009900000,103,103,0
1095,0,1,1920,1080,640,360,ultra-performance,0.002000000,0.028300000,0.300800000,0.713800000,0.016000000,0.138800000,0.758100000,0.191900000,2.455500000,2.453500000,2.149700000,0.305800000,0.003600000,0.026000000,0.015500000,0.255200000,0.304400000,0.304500000,0.089000000,0.002900000,0.619400000,84,0,103,3,7,0.001500000,0.003100000,0.001600000,0.004100000,0.003100000,0.000500000,0.541800000,0.013800000,0.087300000,0.009100000,0.005300000,0.076800000,0.000000000,0.000000000,0.004100000,0.752100000,0.006000000,3,1,7,7,3,,0.204900000,0.004400000,0.288700000,0.053500000,0.015400000,0.051800000,true,true,0.023100000,0.156500000,0.007400000,0.004300000,0.009100000,103,103,0
1096,1,1,1920,1080,640,360,ultra-performance,0.001900000,0.024500000,0.282300000,0.724200000,0.015800000,0.149700000,0.681400000,0.175800000,2.354900000,2.353000000,2.055600000,0.299300000,0.003700000,0.024600000,0.014100000,0.239400000,0.297800000,0.297900000,0.091200000,0.002800000,0.627700000,84,0,103,3,7,0.001500000,0.003500000,0.001500000,0.003700000,0.003000000,0.000500000,0.500400000,0.014600000,0.047000000,0.008000000,0.005000000,0.083300000,0.000100000,0.000000000,0.003900000,0.676000000,0.005400000,3,1,7,7,3,,0.203700000,0.004200000,0.299800000,0.051900000,0.015100000,0.052500000,true,true,0.023100000,0.156700000,0.007000000,0.003800000,0.008800000,103,103,0
1097,2,1,1920,1080,640,360,ultra-performance,0.001600000,0.021400000,0.283100000,0.709200000,0.016600000,0.148700000,0.801300000,0.205100000,2.482500000,2.480900000,2.187000000,0.295500000,0.003600000,0.023600000,0.014300000,0.241100000,0.293900000,0.294000000,0.089300000,0.002500000,0.615000000,84,0,103,3,7,0.001400000,0.003000000,0.001600000,0.003700000,0.004100000,0.000700000,0.531800000,0.020400000,0.078000000,0.011000000,0.006800000,0.127400000,0.000000000,0.000000000,0.004600000,0.794500000,0.006800000,3,1,7,7,3,,0.204000000,0.004200000,0.288500000,0.050800000,0.015100000,0.051800000,true,true,0.023100000,0.156600000,0.007500000,0.003600000,0.009000000,103,103,0
1098,0,1,1920,1080,640,360,ultra-performance,0.002100000,0.030500000,0.290100000,0.758500000,0.017400000,0.143000000,0.850300000,0.190700000,2.584900000,2.582800000,2.282600000,0.302300000,0.004200000,0.026700000,0.016000000,0.242600000,0.300500000,0.300700000,0.092800000,0.002800000,0.659900000,84,0,103,3,7,0.001800000,0.003500000,0.001600000,0.004200000,0.003300000,0.000500000,0.581600000,0.016000000,0.118200000,0.010100000,0.005600000,0.093400000,0.000100000,0.000000000,0.004100000,0.844000000,0.006300000,3,1,7,7,3,,0.210600000,0.004900000,0.301800000,0.057100000,0.016700000,0.068100000,true,true,0.024200000,0.160700000,0.006900000,0.004100000,0.009200000,103,103,0
1099,1,1,1920,1080,640,360,ultra-performance,0.002000000,0.024200000,0.283300000,0.729500000,0.017000000,0.146300000,0.685900000,0.185700000,2.368500000,2.366500000,2.073900000,0.294600000,0.003900000,0.023600000,0.014100000,0.241200000,0.293100000,0.293200000,0.088400000,0.002900000,0.635400000,84,0,103,3,7,0.001700000,0.003300000,0.001600000,0.004000000,0.002600000,0.000500000,0.553000000,0.013300000,0.001700000,0.007500000,0.004600000,0.083300000,0.000000000,0.000000000,0.004100000,0.681200000,0.004700000,3,1,7,7,3,,0.204500000,0.004400000,0.305400000,0.053300000,0.015400000,0.051900000,true,true,0.023600000,0.156300000,0.007000000,0.004100000,0.009000000,103,103,0
1100,2,1,1920,1080,640,360,ultra-performance,0.001700000,0.024000000,0.282900000,0.713200000,0.015200000,0.138200000,0.746600000,0.184900000,2.404900000,2.403200000,2.106700000,0.298200000,0.003500000,0.023900000,0.013800000,0.241400000,0.296900000,0.297000000,0.088700000,0.002800000,0.619100000,84,0,103,3,7,0.001600000,0.003000000,0.001600000,0.004100000,0.003400000,0.000500000,0.554300000,0.013500000,0.058600000,0.008300000,0.005100000,0.082100000,0.000000000,0.000000000,0.004100000,0.740200000,0.006400000,3,1,7,7,3,,0.202200000,0.004300000,0.296000000,0.049900000,0.015200000,0.050800000,true,true,0.022800000,0.154600000,0.007700000,0.003600000,0.008900000,103,103,0
1101,0,1,1920,1080,640,360,ultra-performance,0.001900000,0.025500000,0.291400000,0.737900000,0.020400000,0.153000000,1.082000000,0.190200000,2.791500000,2.789600000,2.502300000,0.289200000,0.003700000,0.022700000,0.014200000,0.250300000,0.287700000,0.287900000,0.094300000,0.003700000,0.636300000,84,0,103,3,7,0.001600000,0.003100000,0.001500000,0.004400000,0.003400000,0.000800000,0.572500000,0.021300000,0.229200000,0.010400000,0.006400000,0.216000000,0.000000000,0.000000000,0.004600000,1.075200000,0.006800000,3,1,7,7,3,,0.208600000,0.004500000,0.296500000,0.052500000,0.016500000,0.056900000,true,true,0.025500000,0.158700000,0.007200000,0.003800000,0.008800000,103,103,0
1102,1,1,1920,1080,640,360,ultra-performance,0.002000000,0.026600000,0.287100000,0.719200000,0.016200000,0.160300000,0.860300000,0.181000000,2.549200000,2.547200000,2.252700000,0.296500000,0.003900000,0.025700000,0.016400000,0.240500000,0.295300000,0.295500000,0.089500000,0.002800000,0.624200000,84,0,103,3,7,0.001800000,0.003500000,0.001800000,0.004100000,0.002900000,0.000500000,0.463700000,0.014500000,0.218900000,0.009100000,0.004500000,0.125900000,0.000000000,0.000000000,0.004300000,0.855500000,0.004800000,3,1,7,7,3,,0.205900000,0.004300000,0.291900000,0.053300000,0.015700000,0.052400000,true,true,0.023100000,0.158100000,0.007200000,0.003800000,0.009200000,103,103,0
1103,2,1,1920,1080,640,360,ultra-performance,0.001900000,0.024000000,0.283900000,0.757200000,0.016600000,0.145600000,0.793600000,0.190000000,2.511700000,2.509800000,2.212800000,0.298900000,0.003700000,0.024100000,0.014300000,0.241300000,0.297500000,0.297600000,0.093900000,0.002700000,0.657800000,84,0,103,3,7,0.001600000,0.003400000,0.001700000,0.003900000,0.003000000,0.000500000,0.619900000,0.013500000,0.034500000,0.009400000,0.005100000,0.087300000,0.000000000,0.000000000,0.004200000,0.788000000,0.005600000,3,1,7,7,3,,0.213800000,0.004500000,0.314600000,0.054000000,0.015900000,0.054500000,true,true,0.023800000,0.164800000,0.007600000,0.003500000,0.009600000,103,103,0
1104,0,1,1920,1080,640,360,ultra-performance,0.001700000,0.025100000,0.286400000,0.715700000,0.016200000,0.158100000,0.794400000,0.188000000,2.484200000,2.482500000,2.185600000,0.298600000,0.003700000,0.025200000,0.014600000,0.242400000,0.297300000,0.297400000,0.089200000,0.002700000,0.621100000,84,0,103,3,7,0.002200000,0.004000000,0.001800000,0.004200000,0.002900000,0.000700000,0.453900000,0.016500000,0.138400000,0.008700000,0.005400000,0.146300000,0.000000000,0.000000000,0.004200000,0.789200000,0.005200000,3,1,7,7,3,,0.203000000,0.004100000,0.289000000,0.052400000,0.016300000,0.055500000,true,true,0.022900000,0.156400000,0.006700000,0.003600000,0.008900000,103,103,0
1105,1,1,1920,1080,640,360,ultra-performance,0.002000000,0.023300000,0.289900000,0.735000000,0.016900000,0.143400000,0.948900000,0.274500000,2.731400000,2.729400000,2.433900000,0.297500000,0.003900000,0.023300000,0.015800000,0.246400000,0.294900000,0.295100000,0.090900000,0.002900000,0.638400000,84,0,103,3,7,0.001700000,0.003400000,0.001500000,0.004200000,0.006000000,0.001300000,0.539300000,0.023300000,0.147900000,0.014700000,0.007800000,0.179800000,0.000000000,0.000000000,0.008200000,0.939100000,0.009800000,3,1,7,7,3,,0.207700000,0.004300000,0.301400000,0.055500000,0.016200000,0.052700000,true,true,0.023800000,0.157800000,0.007800000,0.004000000,0.009300000,103,103,0
1106,2,1,1920,1080,640,360,ultra-performance,0.001900000,0.027200000,0.263300000,0.661400000,0.015700000,0.135800000,0.790200000,0.258200000,2.430000000,2.428100000,2.153700000,0.276300000,0.003600000,0.021800000,0.012600000,0.224900000,0.272800000,0.273000000,0.082600000,0.002700000,0.573800000,84,0,103,3,7,0.001600000,0.003100000,0.001500000,0.004300000,0.005200000,0.001100000,0.573300000,0.024500000,0.029700000,0.014100000,0.006700000,0.109900000,0.000000000,0.000000000,0.006500000,0.781500000,0.008700000,3,1,7,7,3,,0.190000000,0.004100000,0.265400000,0.050800000,0.016700000,0.046400000,true,true,0.022600000,0.142700000,0.007800000,0.003900000,0.008400000,103,103,0
1107,0,1,1920,1080,640,360,ultra-performance,0.003200000,0.045500000,0.304700000,0.839400000,0.026100000,0.173500000,0.950500000,0.189000000,2.805100000,2.801900000,2.531900000,0.273200000,0.010100000,0.045300000,0.017600000,0.230900000,0.270600000,0.271200000,0.094900000,0.005900000,0.735600000,84,0,103,3,7,0.002000000,0.005000000,0.001700000,0.005200000,0.005700000,0.001100000,0.644100000,0.024400000,0.108000000,0.013200000,0.006600000,0.120500000,0.000200000,0.000000000,0.005500000,0.943200000,0.007300000,3,1,7,7,3,,0.261800000,0.006000000,0.304000000,0.086900000,0.018500000,0.057400000,true,true,0.052500000,0.176500000,0.010400000,0.005200000,0.012300000,103,103,0
1108,1,1,1920,1080,640,360,ultra-performance,0.002200000,0.023600000,0.199800000,0.542900000,0.022800000,0.115900000,0.763800000,0.239800000,2.081400000,2.079200000,1.910800000,0.170600000,0.004200000,0.019300000,0.010900000,0.164900000,0.168100000,0.168300000,0.060200000,0.003300000,0.476800000,84,0,103,3,7,0.001400000,0.002700000,0.001200000,0.003500000,0.005700000,0.001100000,0.509400000,0.022500000,0.046300000,0.018000000,0.008000000,0.128000000,0.000000000,0.000000000,0.006300000,0.754100000,0.009700000,3,1,7,7,3,,0.145500000,0.003400000,0.205900000,0.059700000,0.012800000,0.048900000,true,true,0.019300000,0.104700000,0.007100000,0.003500000,0.007200000,103,103,0
1109,2,1,1920,1080,640,360,ultra-performance,0.004200000,0.048100000,0.245800000,0.645900000,0.019900000,0.130400000,0.585000000,0.187000000,2.060000000,2.055800000,1.866300000,0.193700000,0.009400000,0.039600000,0.013900000,0.181300000,0.192000000,0.192300000,0.057900000,0.003700000,0.582400000,84,0,103,3,7,0.001400000,0.003900000,0.001100000,0.003900000,0.004000000,0.000500000,0.380400000,0.021500000,0.050800000,0.007800000,0.004900000,0.096200000,0.000100000,0.000000000,0.003500000,0.580000000,0.005000000,3,1,7,7,3,,0.176400000,0.006500000,0.272800000,0.066100000,0.014400000,0.045600000,true,true,0.035500000,0.110600000,0.010900000,0.005200000,0.009900000,103,103,0
1110,0,1,1920,1080,640,360,ultra-performance,0.002000000,0.027000000,0.166700000,0.494000000,0.015800000,0.115400000,0.705900000,0.334100000,2.042300000,2.040300000,1.860900000,0.181400000,0.004600000,0.020900000,0.009600000,0.130700000,0.178600000,0.178900000,0.055500000,0.003300000,0.433200000,84,0,103,3,7,0.001300000,0.003100000,0.001000000,0.003200000,0.006700000,0.001300000,0.470600000,0.031700000,0.028600000,0.012400000,0.007900000,0.120800000,0.000100000,0.000000000,0.009200000,0.697900000,0.008000000,3,1,7,7,3,,0.136100000,0.003900000,0.190100000,0.056300000,0.013100000,0.033400000,true,true,0.021500000,0.094700000,0.006200000,0.004000000,0.006400000,103,103,0
1111,1,1,1920,1080,640,360,ultra-performance,0.002000000,0.033600000,0.248900000,0.686000000,0.020300000,0.159200000,0.683800000,0.211700000,2.329300000,2.327300000,2.045500000,0.283800000,0.004600000,0.026100000,0.014400000,0.202900000,0.282100000,0.282400000,0.087800000,0.003000000,0.592800000,84,0,103,3,7,0.001800000,0.003800000,0.001900000,0.004400000,0.002900000,0.000500000,0.480100000,0.023200000,0.025900000,0.008500000,0.004500000,0.118500000,0.000000000,0.000000000,0.003500000,0.679500000,0.004300000,3,1,7,7,3,,0.195100000,0.005300000,0.267600000,0.060700000,0.016400000,0.047000000,true,true,0.025800000,0.145100000,0.007800000,0.003700000,0.008500000,103,103,0
1112,2,1,1920,1080,640,360,ultra-performance,0.002100000,0.043200000,0.267800000,0.627500000,0.018500000,0.141700000,1.114000000,0.270500000,2.737000000,2.734900000,2.485300000,0.251700000,0.008500000,0.026200000,0.013800000,0.218200000,0.248300000,0.248500000,0.075300000,0.003000000,0.546800000,84,0,103,3,7,0.001600000,0.003600000,0.001500000,0.004000000,0.009600000,0.001800000,0.715400000,0.045400000,0.049700000,0.023600000,0.014800000,0.222100000,0.000100000,0.000000000,0.010100000,1.103300000,0.010700000,3,1,7,7,3,,0.181200000,0.005000000,0.243500000,0.054600000,0.015800000,0.046100000,true,true,0.023800000,0.132800000,0.007600000,0.004100000,0.008400000,103,103,0
1113,0,1,1920,1080,640,360,ultra-performance,0.002000000,0.023600000,0.160500000,0.451900000,0.014300000,0.114300000,1.084800000,0.159800000,2.166000000,2.164000000,2.011200000,0.154800000,0.004500000,0.017700000,0.009400000,0.128300000,0.153300000,0.153500000,0.050500000,0.002800000,0.396900000,84,0,103,3,7,0.001400000,0.003200000,0.001500000,0.003100000,0.004400000,0.001000000,0.464900000,0.028700000,0.247600000,0.012000000,0.005600000,0.301600000,0.000000000,0.000000000,0.003800000,1.078800000,0.006000000,3,1,7,7,3,,0.129000000,0.003600000,0.174500000,0.044400000,0.012000000,0.033000000,true,true,0.017400000,0.091800000,0.006200000,0.004200000,0.006300000,103,103,0
1114,1,1,1920,1080,640,360,ultra-performance,0.001600000,0.135000000,0.237500000,0.447500000,0.014200000,0.289800000,1.048000000,0.520100000,2.861000000,2.859400000,2.693700000,0.167300000,0.003600000,0.017500000,0.009800000,0.206000000,0.163800000,0.164000000,0.052500000,0.002500000,0.390800000,84,0,103,3,7,0.001400000,0.003100000,0.001000000,0.003200000,0.007200000,0.001700000,0.816300000,0.029000000,0.003500000,0.015900000,0.007300000,0.125900000,0.000100000,0.000000000,0.023100000,1.038700000,0.009300000,3,1,7,7,3,,0.128500000,0.003400000,0.172000000,0.043400000,0.011600000,0.031400000,true,true,0.016800000,0.092900000,0.005800000,0.003200000,0.006100000,103,103,0
1115,2,1,1920,1080,640,360,ultra-performance,0.003400000,0.036600000,0.201100000,0.594200000,0.019700000,0.129700000,0.782300000,0.169100000,2.106600000,2.103200000,1.936100000,0.170500000,0.006900000,0.030800000,0.012700000,0.149600000,0.168400000,0.168700000,0.061400000,0.004400000,0.526300000,84,0,103,3,7,0.001300000,0.003500000,0.001200000,0.003800000,0.003100000,0.000700000,0.521500000,0.017100000,0.087500000,0.013400000,0.004800000,0.111700000,0.000100000,0.000000000,0.005100000,0.774800000,0.007500000,3,1,7,7,3,,0.174900000,0.004100000,0.217400000,0.076200000,0.014000000,0.038900000,true,true,0.035200000,0.115300000,0.008100000,0.004100000,0.008600000,103,103,0
1116,0,1,1920,1080,640,360,ultra-performance,0.001700000,0.022500000,0.186900000,0.508300000,0.015400000,0.123400000,0.587400000,0.156700000,1.800100000,1.798400000,1.602300000,0.197800000,0.004400000,0.019900000,0.009800000,0.152100000,0.196200000,0.196300000,0.063400000,0.003000000,0.439900000,84,0,103,3,7,0.001200000,0.002700000,0.001100000,0.003200000,0.006400000,0.001400000,0.386900000,0.016400000,0.030700000,0.013100000,0.005300000,0.109700000,0.000000000,0.000000000,0.003400000,0.581500000,0.005900000,3,1,7,7,3,,0.140600000,0.003400000,0.196600000,0.052200000,0.012500000,0.034000000,true,true,0.020000000,0.099300000,0.006900000,0.004100000,0.007100000,103,103,0
1117,1,1,1920,1080,640,360,ultra-performance,0.001700000,0.021500000,0.160500000,0.461600000,0.013900000,0.100900000,0.775600000,0.306900000,2.001100000,1.999400000,1.842600000,0.158500000,0.003200000,0.017100000,0.010200000,0.129500000,0.155900000,0.156000000,0.058200000,0.002200000,0.399600000,84,0,103,3,7,0.001100000,0.002700000,0.001100000,0.003200000,0.005500000,0.001000000,0.494000000,0.022400000,0.123000000,0.010900000,0.007200000,0.088300000,0.000000000,0.000000000,0.006700000,0.767100000,0.008500000,3,1,7,7,3,,0.134400000,0.003400000,0.176200000,0.041300000,0.012000000,0.031900000,true,true,0.016600000,0.099400000,0.005700000,0.003400000,0.006300000,103,103,0
1118,2,1,1920,1080,640,360,ultra-performance,0.003400000,0.040100000,0.331900000,0.898500000,0.026100000,0.179600000,0.722000000,0.158500000,2.675400000,2.672000000,2.360100000,0.315300000,0.007800000,0.043800000,0.017800000,0.261600000,0.313500000,0.313900000,0.103000000,0.005100000,0.787700000,84,0,103,3,7,0.001800000,0.004700000,0.001900000,0.004600000,0.003200000,0.000600000,0.518300000,0.021900000,0.038400000,0.011600000,0.006200000,0.096800000,0.000000000,0.000000000,0.005200000,0.715200000,0.006800000,3,1,7,7,3,,0.269700000,0.005700000,0.342500000,0.087100000,0.019500000,0.062200000,true,true,0.044800000,0.190200000,0.010900000,0.004700000,0.013500000,103,103,0
1119,0,1,1920,1080,640,360,ultra-performance,0.001800000,0.018900000,0.175700000,0.508000000,0.014600000,0.101400000,0.826700000,0.247600000,2.052300000,2.050500000,1.894700000,0.157600000,0.003600000,0.018600000,0.009600000,0.143300000,0.155600000,0.155700000,0.055700000,0.004300000,0.446200000,84,0,103,3,7,0.001100000,0.002700000,0.001100000,0.003300000,0.004200000,0.001000000,0.508500000,0.021100000,0.138500000,0.012400000,0.006500000,0.111700000,0.000000000,0.000000000,0.007200000,0.819300000,0.007400000,3,1,7,7,3,,0.141800000,0.003400000,0.197900000,0.057100000,0.012600000,0.032900000,true,true,0.022300000,0.099000000,0.006700000,0.003400000,0.006800000,103,103,0
1120,1,1,1920,1080,640,360,ultra-performance,0.001500000,0.021500000,0.167900000,0.448900000,0.012900000,0.099800000,0.717300000,0.290300000,1.919500000,1.918000000,1.760100000,0.159400000,0.003200000,0.016500000,0.009600000,0.138000000,0.156900000,0.157100000,0.050100000,0.002200000,0.394800000,84,0,103,3,7,0.001400000,0.002400000,0.001200000,0.003000000,0.005400000,0.001000000,0.533200000,0.020800000,0.027700000,0.009900000,0.006600000,0.090000000,0.000100000,0.000000000,0.006700000,0.709400000,0.007900000,3,1,7,7,3,,0.128400000,0.003300000,0.177000000,0.041100000,0.011600000,0.032700000,true,true,0.016800000,0.093600000,0.005600000,0.003100000,0.006400000,103,103,0
1121,2,1,1920,1080,640,360,ultra-performance,0.003100000,0.038100000,0.325700000,0.882700000,0.026000000,0.177400000,1.073100000,0.184900000,3.031700000,3.028600000,2.711000000,0.320700000,0.007800000,0.041500000,0.018200000,0.257000000,0.318000000,0.318700000,0.101700000,0.005200000,0.773200000,84,0,103,3,7,0.002400000,0.004400000,0.001900000,0.004800000,0.003000000,0.000700000,0.730600000,0.025000000,0.077200000,0.018400000,0.007300000,0.182000000,0.000000000,0.000000000,0.005600000,1.063300000,0.009800000,3,1,7,7,3,,0.263200000,0.005900000,0.338500000,0.084200000,0.019300000,0.061100000,true,true,0.042200000,0.188300000,0.010800000,0.004400000,0.012300000,103,103,0
1122,0,1,1920,1080,640,360,ultra-performance,0.002300000,0.031600000,0.269700000,0.500800000,0.013900000,0.103100000,0.742300000,0.156200000,1.976500000,1.974200000,1.819900000,0.156600000,0.004800000,0.087800000,0.014700000,0.161900000,0.155000000,0.155100000,0.056000000,0.003400000,0.439500000,84,0,103,3,7,0.001100000,0.002800000,0.001100000,0.003500000,0.003300000,0.000600000,0.447800000,0.016700000,0.167300000,0.011000000,0.004200000,0.073700000,0.000000000,0.000000000,0.003500000,0.736600000,0.005700000,3,1,7,7,3,,0.144600000,0.003300000,0.190400000,0.055900000,0.012200000,0.032600000,true,true,0.020100000,0.103800000,0.007200000,0.003800000,0.006600000,103,103,0
1123,1,1,1920,1080,640,360,ultra-performance,0.001600000,0.021800000,0.205600000,0.822400000,0.014000000,0.168100000,0.926000000,0.303700000,2.669500000,2.667900000,2.463200000,0.206300000,0.003300000,0.016200000,0.009700000,0.176000000,0.204300000,0.204400000,0.116100000,0.002900000,0.701200000,84,0,103,3,7,0.001600000,0.003200000,0.001400000,0.004400000,0.005400000,0.001200000,0.634700000,0.029000000,0.115800000,0.013300000,0.006900000,0.094500000,0.000100000,0.000000000,0.006800000,0.918300000,0.007700000,3,1,7,7,3,,0.221600000,0.003200000,0.390500000,0.042700000,0.011300000,0.031400000,true,true,0.035600000,0.113800000,0.005400000,0.003700000,0.060000000,103,103,0
1124,2,1,1920,1080,640,360,ultra-performance,0.001600000,0.025600000,0.157700000,0.448500000,0.014600000,0.102600000,1.052200000,0.365400000,2.372800000,2.371200000,2.168200000,0.204600000,0.003100000,0.016600000,0.009300000,0.128200000,0.201200000,0.201400000,0.054500000,0.002500000,0.389700000,84,0,103,3,7,0.001300000,0.002700000,0.001100000,0.003300000,0.008800000,0.001700000,0.689700000,0.041900000,0.060800000,0.024700000,0.013700000,0.179000000,0.000100000,0.000000000,0.010800000,1.039600000,0.012600000,3,1,7,7,3,,0.128200000,0.003300000,0.172900000,0.041700000,0.011500000,0.031700000,true,true,0.017600000,0.091700000,0.006000000,0.003400000,0.006100000,103,103,0
1125,0,1,1920,1080,640,360,ultra-performance,0.002800000,0.038500000,0.327900000,0.875100000,0.032700000,0.177200000,0.794500000,0.158300000,2.722800000,2.720000000,2.407000000,0.315800000,0.007500000,0.039400000,0.016500000,0.263700000,0.314000000,0.314300000,0.102100000,0.005900000,0.764200000,84,0,103,3,7,0.001700000,0.005100000,0.001600000,0.004200000,0.003400000,0.000700000,0.574500000,0.021200000,0.048400000,0.011900000,0.005200000,0.105200000,0.000100000,0.000000000,0.004700000,0.787900000,0.006600000,3,1,7,7,3,,0.259700000,0.006100000,0.334100000,0.083300000,0.019800000,0.060500000,true,true,0.042400000,0.183900000,0.011100000,0.004700000,0.012400000,103,103,0
1126,1,1,1920,1080,640,360,ultra-performance,0.001800000,0.021200000,0.175500000,0.490400000,0.016200000,0.100000000,0.851500000,0.313400000,2.135100000,2.133300000,1.970000000,0.165100000,0.003300000,0.018500000,0.009600000,0.143200000,0.162100000,0.162300000,0.055500000,0.002700000,0.430300000,84,0,103,3,7,0.001300000,0.002500000,0.001100000,0.003400000,0.005300000,0.000800000,0.438000000,0.024600000,0.069200000,0.010700000,0.006600000,0.273100000,0.000000000,0.000000000,0.006800000,0.843400000,0.008100000,3,1,7,7,3,,0.131400000,0.003200000,0.186700000,0.045600000,0.011800000,0.051000000,true,true,0.017900000,0.094100000,0.006300000,0.003600000,0.006600000,103,103,0
1127,2,1,1920,1080,640,360,ultra-performance,0.002500000,0.038400000,0.319000000,0.849300000,0.023900000,0.174300000,0.943900000,0.203300000,2.867400000,2.864900000,2.554600000,0.312800000,0.006800000,0.033100000,0.016500000,0.261700000,0.310500000,0.310900000,0.101400000,0.004800000,0.739700000,84,0,103,3,7,0.001900000,0.004900000,0.002000000,0.004600000,0.004200000,0.000900000,0.573600000,0.029300000,0.127300000,0.019400000,0.010000000,0.149600000,0.000100000,0.000000000,0.006300000,0.934100000,0.009800000,3,1,7,7,3,,0.246200000,0.005500000,0.327000000,0.082600000,0.019600000,0.058100000,true,true,0.036000000,0.178800000,0.010900000,0.004700000,0.010600000,103,103,0
1128,0,1,1920,1080,640,360,ultra-performance,0.002100000,0.029700000,0.240200000,0.503000000,0.015200000,0.100400000,0.817600000,0.416900000,2.335600000,2.333500000,2.125100000,0.210500000,0.005100000,0.024100000,0.013100000,0.197300000,0.207000000,0.207200000,0.074100000,0.002900000,0.424300000,84,0,103,3,7,0.001200000,0.002400000,0.001000000,0.003500000,0.006300000,0.001500000,0.584700000,0.026000000,0.031300000,0.014400000,0.007700000,0.119200000,0.000000000,0.000000000,0.009600000,0.808800000,0.008800000,3,1,7,7,3,,0.138100000,0.003800000,0.188900000,0.047700000,0.012100000,0.033300000,true,true,0.019300000,0.097200000,0.007200000,0.004000000,0.006900000,103,103,0
1129,1,1,1920,1080,640,360,ultra-performance,0.004000000,0.049700000,0.287100000,0.749200000,0.022900000,0.168600000,0.796300000,0.259800000,2.607900000,2.603900000,2.337600000,0.270300000,0.009800000,0.034200000,0.015900000,0.226200000,0.267900000,0.268300000,0.086800000,0.004200000,0.655400000,84,0,103,3,7,0.001900000,0.004300000,0.001700000,0.004300000,0.003300000,0.000400000,0.559100000,0.022100000,0.038900000,0.009700000,0.005000000,0.135600000,0.000100000,0.000000000,0.004100000,0.790500000,0.005800000,3,1,7,7,3,,0.214600000,0.005000000,0.290200000,0.074000000,0.018100000,0.052800000,true,true,0.032400000,0.152800000,0.010100000,0.004600000,0.009600000,103,103,0
1130,2,1,1920,1080,640,360,ultra-performance,0.002000000,0.036100000,0.261100000,0.718500000,0.022700000,0.153100000,0.801300000,0.233700000,2.498000000,2.496000000,2.228500000,0.269500000,0.004800000,0.025500000,0.013500000,0.216600000,0.267700000,0.268100000,0.082600000,0.003500000,0.629400000,84,0,103,3,7,0.001700000,0.003800000,0.001500000,0.004500000,0.003400000,0.000400000,0.593700000,0.022600000,0.052700000,0.009400000,0.004900000,0.093400000,0.000100000,0.000000000,0.004200000,0.796300000,0.005000000,3,1,7,7,3,,0.202100000,0.005100000,0.291500000,0.063500000,0.016200000,0.050500000,true,true,0.026000000,0.148900000,0.009300000,0.004000000,0.009400000,103,103,0
1131,0,1,1920,1080,640,360,ultra-performance,0.002300000,0.034000000,0.255300000,0.672200000,0.020200000,0.156500000,0.799900000,0.233000000,2.442100000,2.439800000,2.173400000,0.268700000,0.004500000,0.025700000,0.012500000,0.211600000,0.267000000,0.267300000,0.080300000,0.003500000,0.586000000,84,0,103,3,7,0.001900000,0.004300000,0.001500000,0.004300000,0.002700000,0.000500000,0.529900000,0.019600000,0.045200000,0.009600000,0.005100000,0.165200000,0.000100000,0.000000000,0.004100000,0.794000000,0.005900000,3,1,7,7,3,,0.191100000,0.004900000,0.265300000,0.059700000,0.016200000,0.048300000,true,true,0.022800000,0.144500000,0.008100000,0.003800000,0.007900000,103,103,0
1132,1,1,1920,1080,640,360,ultra-performance,0.001800000,0.031400000,0.255400000,0.677700000,0.018900000,0.141100000,0.879400000,0.207800000,2.479100000,2.477300000,2.213500000,0.265600000,0.004200000,0.024900000,0.013200000,0.212200000,0.263700000,0.264000000,0.080300000,0.003300000,0.591600000,84,0,103,3,7,0.001700000,0.003600000,0.001400000,0.004300000,0.003200000,0.000400000,0.521800000,0.017800000,0.209900000,0.009900000,0.005400000,0.089300000,0.000100000,0.000000000,0.004900000,0.873700000,0.005700000,3,1,7,7,3,,0.190200000,0.004100000,0.276200000,0.056800000,0.015800000,0.047900000,true,true,0.022700000,0.143700000,0.007100000,0.004000000,0.008600000,103,103,0
1133,2,1,1920,1080,640,360,ultra-performance,0.001800000,0.030700000,0.257900000,0.658200000,0.017300000,0.135100000,0.835000000,0.215200000,2.419400000,2.417600000,2.151200000,0.268200000,0.004000000,0.023100000,0.013200000,0.216900000,0.266400000,0.266700000,0.081100000,0.002900000,0.572000000,84,0,103,3,7,0.001500000,0.003600000,0.001300000,0.003900000,0.003100000,0.000500000,0.569200000,0.021600000,0.074500000,0.011200000,0.005500000,0.128300000,0.000000000,0.000000000,0.005600000,0.829800000,0.005200000,3,1,7,7,3,,0.189400000,0.004000000,0.262100000,0.054600000,0.015600000,0.045700000,true,true,0.021300000,0.143900000,0.008100000,0.003900000,0.008000000,103,103,0
1134,0,1,1920,1080,640,360,ultra-performance,0.002200000,0.028600000,0.341500000,0.652300000,0.017400000,0.159500000,0.779200000,0.195300000,2.443600000,2.441400000,2.176000000,0.267600000,0.003900000,0.023900000,0.012800000,0.300000000,0.266100000,0.266300000,0.080800000,0.002700000,0.566500000,84,0,103,3,7,0.001700000,0.003700000,0.001700000,0.004000000,0.002600000,0.000400000,0.470100000,0.019400000,0.111000000,0.009200000,0.004800000,0.140600000,0.000100000,0.000000000,0.004700000,0.774000000,0.005200000,3,1,7,7,3,,0.190300000,0.003900000,0.254600000,0.055500000,0.014800000,0.046900000,true,true,0.022200000,0.144900000,0.007700000,0.003700000,0.008000000,103,103,0
1135,1,1,1920,1080,640,360,ultra-performance,0.002000000,0.029000000,0.261000000,0.658300000,0.017400000,0.136200000,0.722300000,0.222300000,2.314900000,2.312900000,2.048500000,0.266400000,0.003800000,0.024500000,0.014900000,0.217100000,0.264900000,0.265100000,0.081400000,0.002900000,0.571700000,84,0,103,3,7,0.001500000,0.003200000,0.001500000,0.003800000,0.003000000,0.000400000,0.477600000,0.017900000,0.077100000,0.009900000,0.005100000,0.110100000,0.000000000,0.000000000,0.005000000,0.716100000,0.006200000,3,1,7,7,3,,0.188500000,0.003800000,0.262700000,0.053000000,0.015300000,0.047800000,true,true,0.021900000,0.143600000,0.007100000,0.003700000,0.008300000,103,103,0
1136,2,1,1920,1080,640,360,ultra-performance,0.001900000,0.030700000,0.258200000,0.672100000,0.017300000,0.139200000,0.750500000,0.190400000,2.329600000,2.327700000,2.060300000,0.269300000,0.003900000,0.022800000,0.013800000,0.217100000,0.267800000,0.268000000,0.082200000,0.003000000,0.584400000,84,0,103,3,7,0.001500000,0.003500000,0.001600000,0.004200000,0.002500000,0.000400000,0.509400000,0.017200000,0.101600000,0.007500000,0.004500000,0.086600000,0.000000000,0.000000000,0.004900000,0.745400000,0.005100000,3,1,7,7,3,,0.191300000,0.004100000,0.273200000,0.054000000,0.014900000,0.046300000,true,true,0.022500000,0.144200000,0.007800000,0.003900000,0.008100000,103,103,0
1137,0,1,1920,1080,640,360,ultra-performance,0.001900000,0.026200000,0.254700000,0.663600000,0.017600000,0.132400000,0.776300000,0.192300000,2.337800000,2.335900000,2.065000000,0.272800000,0.003600000,0.022700000,0.012500000,0.215400000,0.271300000,0.271600000,0.084500000,0.002800000,0.574100000,84,0,103,3,7,0.001500000,0.003300000,0.001400000,0.004200000,0.003000000,0.000500000,0.525500000,0.016700000,0.113500000,0.008600000,0.005200000,0.081300000,0.000000000,0.000000000,0.004900000,0.769600000,0.006700000,3,1,7,7,3,,0.197900000,0.004000000,0.259100000,0.051800000,0.014300000,0.046200000,true,true,0.023000000,0.151000000,0.007200000,0.003800000,0.008700000,103,103,0
1138,1,1,1920,1080,640,360,ultra-performance,0.001900000,0.028900000,0.253500000,0.647500000,0.018100000,0.135600000,0.755700000,0.200100000,2.307500000,2.305600000,2.041300000,0.266200000,0.003700000,0.022600000,0.012900000,0.213600000,0.264700000,0.265000000,0.081200000,0.002900000,0.561200000,84,0,103,3,7,0.001600000,0.003400000,0.001700000,0.004300000,0.002400000,0.000300000,0.500500000,0.017600000,0.103600000,0.008500000,0.004700000,0.097200000,0.000100000,0.000000000,0.004700000,0.750600000,0.005100000,3,1,7,7,3,,0.188200000,0.003900000,0.258100000,0.050900000,0.014100000,0.045400000,true,true,0.022600000,0.143400000,0.006900000,0.003500000,0.007900000,103,103,0
1139,2,1,1920,1080,640,360,ultra-performance,0.001800000,0.024500000,0.253300000,0.659200000,0.017000000,0.132300000,0.856400000,0.267300000,2.479600000,2.477800000,2.211800000,0.267800000,0.003600000,0.023900000,0.012500000,0.212600000,0.266300000,0.266500000,0.090400000,0.003200000,0.563200000,84,0,103,3,7,0.001600000,0.003600000,0.001500000,0.004000000,0.003300000,0.000500000,0.506400000,0.016700000,0.205100000,0.009700000,0.005000000,0.088300000,0.000100000,0.000000000,0.004800000,0.850600000,0.005800000,3,1,7,7,3,,0.188100000,0.003900000,0.258300000,0.051600000,0.014200000,0.046500000,true,true,0.021900000,0.143100000,0.007400000,0.003900000,0.007900000,103,103,0
1140,0,1,1920,1080,640,360,ultra-performance,0.002300000,0.027900000,0.251400000,0.642500000,0.016400000,0.132100000,0.649200000,0.179400000,2.177400000,2.175100000,1.901200000,0.276200000,0.003400000,0.021300000,0.012000000,0.214200000,0.274900000,0.275100000,0.080300000,0.002700000,0.557100000,84,0,103,3,7,0.001800000,0.003300000,0.001400000,0.004200000,0.002400000,0.000300000,0.469600000,0.016300000,0.034400000,0.007800000,0.005000000,0.092900000,0.000100000,0.000000000,0.004700000,0.644200000,0.005000000,3,1,7,7,3,,0.190800000,0.003900000,0.252000000,0.050200000,0.013900000,0.045700000,true,true,0.030400000,0.138100000,0.006800000,0.003600000,0.008000000,103,103,0
1141,1,1,1920,1080,640,360,ultra-performance,0.002000000,0.026000000,0.254000000,0.644000000,0.016100000,0.134500000,0.652900000,0.176800000,2.173100000,2.171100000,1.906300000,0.266800000,0.003600000,0.022700000,0.012500000,0.214300000,0.265200000,0.265400000,0.080800000,0.002700000,0.558300000,84,0,103,3,7,0.001900000,0.003500000,0.001700000,0.003900000,0.002600000,0.000400000,0.428600000,0.016200000,0.029900000,0.007500000,0.004700000,0.143200000,0.000100000,0.000000000,0.004500000,0.648700000,0.004200000,3,1,7,7,3,,0.187500000,0.003900000,0.254100000,0.050400000,0.014400000,0.047400000,true,true,0.022000000,0.140800000,0.008500000,0.003900000,0.008400000,103,103,0
1142,2,1,1920,1080,640,360,ultra-performance,0.002100000,0.028700000,0.250900000,0.646500000,0.016300000,0.132300000,0.801200000,0.228500000,2.375200000,2.373100000,2.106500000,0.268700000,0.003600000,0.023400000,0.012100000,0.211400000,0.267100000,0.267200000,0.081200000,0.002600000,0.560600000,84,0,103,3,7,0.001400000,0.003000000,0.001300000,0.004000000,0.002700000,0.000400000,0.517100000,0.018300000,0.101900000,0.007700000,0.004300000,0.130500000,0.000000000,0.000000000,0.004500000,0.797100000,0.004100000,3,1,7,7,3,,0.188400000,0.004000000,0.257700000,0.049600000,0.014500000,0.046000000,true,true,0.025300000,0.140200000,0.007600000,0.003600000,0.007700000,103,103,0
1143,0,1,1920,1080,640,360,ultra-performance,0.001900000,0.022200000,0.253100000,0.645400000,0.016200000,0.133000000,0.778900000,0.200200000,2.319500000,2.317600000,2.050900000,0.268600000,0.003400000,0.021700000,0.012700000,0.214600000,0.267100000,0.267200000,0.080400000,0.002400000,0.560300000,84,0,103,3,7,0.001600000,0.002800000,0.001300000,0.003800000,0.002900000,0.000500000,0.457400000,0.015700000,0.164000000,0.008700000,0.005000000,0.105900000,0.000000000,0.000000000,0.004600000,0.774200000,0.004700000,3,1,7,7,3,,0.186400000,0.004300000,0.258800000,0.049200000,0.014000000,0.047000000,true,true,0.022200000,0.141200000,0.006900000,0.003900000,0.008100000,103,103,0
1144,1,1,1920,1080,640,360,ultra-performance,0.001800000,0.023700000,0.254800000,0.632000000,0.017600000,0.142200000,0.918600000,0.177600000,2.444400000,2.442600000,2.168300000,0.276100000,0.003600000,0.022700000,0.012700000,0.215300000,0.274600000,0.274800000,0.079400000,0.002400000,0.547800000,84,0,103,3,7,0.001600000,0.004000000,0.001800000,0.004000000,0.003400000,0.000400000,0.652300000,0.017000000,0.103300000,0.009200000,0.005100000,0.105300000,0.000000000,0.000000000,0.005100000,0.912500000,0.006100000,3,1,7,7,3,,0.182800000,0.004100000,0.252500000,0.048500000,0.014000000,0.045400000,true,true,0.021600000,0.138000000,0.007300000,0.003500000,0.008100000,103,103,0
1145,2,1,1920,1080,640,360,ultra-performance,0.001900000,0.026000000,0.256100000,0.643400000,0.015800000,0.131300000,0.821400000,0.254700000,2.420700000,2.418800000,2.150600000,0.270100000,0.003500000,0.023200000,0.013100000,0.215800000,0.268700000,0.268900000,0.080000000,0.002600000,0.558000000,84,0,103,3,7,0.001700000,0.003000000,0.001300000,0.004300000,0.002800000,0.000600000,0.543000000,0.017200000,0.103000000,0.008200000,0.005100000,0.120600000,0.000100000,0.000000000,0.004800000,0.815700000,0.005700000,3,1,7,7,3,,0.188300000,0.003800000,0.256300000,0.049600000,0.014300000,0.045100000,true,true,0.021000000,0.143500000,0.007700000,0.003700000,0.008100000,103,103,0
1146,0,1,1920,1080,640,360,ultra-performance,0.001700000,0.024200000,0.254300000,0.712000000,0.016300000,0.131400000,0.678400000,0.276500000,2.363300000,2.361600000,2.094800000,0.268500000,0.003500000,0.021700000,0.012400000,0.216200000,0.267000000,0.267300000,0.081500000,0.002600000,0.625600000,84,0,103,3,7,0.001600000,0.003200000,0.001400000,0.004000000,0.002200000,0.000400000,0.549000000,0.014900000,0.001300000,0.007400000,0.004400000,0.079800000,0.000000000,0.000000000,0.004600000,0.674200000,0.004200000,3,1,7,7,3,,0.184200000,0.004100000,0.326200000,0.049300000,0.015200000,0.046000000,true,true,0.021300000,0.139800000,0.007400000,0.003600000,0.008000000,103,103,0
1147,1,1,1920,1080,640,360,ultra-performance,0.005300000,0.048500000,0.225600000,0.623400000,0.020200000,0.134500000,0.955800000,0.283100000,2.459600000,2.454300000,2.296400000,0.163200000,0.009800000,0.042400000,0.020900000,0.151100000,0.160400000,0.160700000,0.062900000,0.005000000,0.553400000,84,0,103,3,7,0.001500000,0.004300000,0.001100000,0.004000000,0.006400000,0.001200000,0.567400000,0.029400000,0.145800000,0.013800000,0.005800000,0.158600000,0.000100000,0.000000000,0.008800000,0.948200000,0.007600000,3,1,7,7,3,,0.188700000,0.004400000,0.224900000,0.081400000,0.014300000,0.038800000,true,true,0.042700000,0.116600000,0.008800000,0.007400000,0.009200000,103,103,0
1148,2,1,1920,1080,640,360,ultra-performance,0.002300000,0.033000000,0.182900000,0.512300000,0.017500000,0.121900000,0.986500000,0.188400000,2.211300000,2.209000000,2.044800000,0.166500000,0.005800000,0.023300000,0.011100000,0.141800000,0.163900000,0.164600000,0.052400000,0.003200000,0.455000000,84,0,103,3,7,0.002000000,0.004000000,0.001000000,0.003500000,0.004400000,0.000700000,0.652900000,0.031900000,0.114900000,0.017100000,0.007200000,0.132900000,0.000200000,0.000000000,0.004700000,0.977400000,0.009100000,3,1,7,7,3,,0.154500000,0.004200000,0.190100000,0.058300000,0.013300000,0.033900000,true,true,0.022400000,0.109700000,0.006500000,0.004700000,0.007900000,103,103,0
1149,0,1,1920,1080,640,360,ultra-performance,0.001900000,0.031100000,0.168700000,0.717900000,0.023800000,0.148500000,0.684600000,0.191100000,2.125900000,2.124000000,1.967600000,0.158300000,0.005200000,0.021100000,0.009800000,0.131700000,0.156200000,0.156500000,0.051800000,0.003400000,0.659800000,84,0,103,3,7,0.001600000,0.003700000,0.001400000,0.004400000,0.003400000,0.000600000,0.490800000,0.022800000,0.018400000,0.009700000,0.003700000,0.110500000,0.000000000,0.000000000,0.006100000,0.677100000,0.007500000,3,1,7,7,3,,0.221500000,0.005300000,0.298800000,0.065300000,0.018200000,0.050200000,true,true,0.020400000,0.158200000,0.014500000,0.004800000,0.014300000,103,103,0
1150,1,1,1920,1080,640,360,ultra-performance,0.001700000,0.027800000,0.275500000,0.710000000,0.020700000,0.133100000,0.906600000,0.304300000,2.657700000,2.656000000,2.379700000,0.278000000,0.004200000,0.020600000,0.010900000,0.239200000,0.275000000,0.275400000,0.094400000,0.003900000,0.609100000,84,0,103,3,7,0.001400000,0.002600000,0.001400000,0.004000000,0.006900000,0.001100000,0.592300000,0.035800000,0.029600000,0.014400000,0.007300000,0.193200000,0.000000000,0.000000000,0.008600000,0.898600000,0.008000000,3,1,7,7,3,,0.208100000,0.004000000,0.282100000,0.051400000,0.017100000,0.045800000,true,true,0.030500000,0.151600000,0.010000000,0.003400000,0.008200000,103,103,0
1151,2,1,1920,1080,640,360,ultra-performance,0.002400000,0.030900000,0.179400000,0.486300000,0.015900000,0.109500000,0.748100000,0.218000000,1.967200000,1.964800000,1.790500000,0.176700000,0.005100000,0.022100000,0.011100000,0.140200000,0.175100000,0.175200000,0.055400000,0.002900000,0.426100000,84,0,103,3,7,0.001200000,0.002800000,0.001200000,0.003500000,0.004900000,0.001000000,0.452700000,0.026300000,0.114400000,0.011400000,0.005500000,0.112800000,0.000000000,0.000000000,0.004700000,0.742400000,0.005700000,3,1,7,7,3,,0.139100000,0.003100000,0.193800000,0.044100000,0.011700000,0.033800000,true,true,0.018500000,0.100700000,0.006700000,0.003400000,0.006700000,103,103,0
1152,0,1,1920,1080,640,360,ultra-performance,0.002600000,0.026000000,0.175500000,0.510900000,0.016700000,0.143300000,0.827700000,0.234300000,2.120500000,2.117900000,1.937000000,0.183500000,0.004200000,0.020100000,0.009900000,0.140400000,0.181500000,0.181700000,0.080000000,0.002900000,0.425700000,84,0,103,3,7,0.001600000,0.003400000,0.001500000,0.003800000,0.003100000,0.000600000,0.467700000,0.021100000,0.217900000,0.008300000,0.004000000,0.083200000,0.000000000,0.000000000,0.005500000,0.821700000,0.006000000,3,1,7,7,3,,0.134900000,0.003300000,0.184800000,0.043000000,0.012300000,0.046800000,true,true,0.017500000,0.097200000,0.006700000,0.003500000,0.006800000,103,103,0
1153,1,1,1920,1080,640,360,ultra-performance,0.002300000,0.035200000,0.274000000,0.658700000,0.018400000,0.139100000,0.690600000,0.205400000,2.295200000,2.292900000,2.023700000,0.271500000,0.004400000,0.024400000,0.012200000,0.231900000,0.269900000,0.270000000,0.081900000,0.003100000,0.571500000,84,0,103,3,7,0.001700000,0.003200000,0.001600000,0.004500000,0.002800000,0.000500000,0.531500000,0.020500000,0.004800000,0.009200000,0.005500000,0.095600000,0.000000000,0.000000000,0.004500000,0.685900000,0.004700000,3,1,7,7,3,,0.192400000,0.004000000,0.260100000,0.051600000,0.014200000,0.048700000,true,true,0.021800000,0.146000000,0.007600000,0.003800000,0.009300000,103,103,0
1154,2,1,1920,1080,640,360,ultra-performance,0.001800000,0.027300000,0.258300000,0.642200000,0.016700000,0.134600000,0.982200000,0.177400000,2.511200000,2.509400000,2.240500000,0.270700000,0.004400000,0.024000000,0.011800000,0.217400000,0.269100000,0.269300000,0.081000000,0.003100000,0.555900000,84,0,103,3,7,0.001400000,0.002900000,0.001300000,0.003700000,0.006900000,0.001400000,0.668900000,0.035500000,0.038500000,0.025000000,0.010500000,0.172600000,0.000100000,0.000000000,0.004700000,0.973400000,0.008800000,3,1,7,7,3,,0.185300000,0.004200000,0.255400000,0.049100000,0.013600000,0.047700000,true,true,0.021800000,0.140000000,0.007300000,0.003400000,0.008500000,103,103,0
1155,0,1,1920,1080,640,360,ultra-performance,0.001800000,0.021500000,0.181500000,0.462600000,0.012600000,0.102100000,0.795300000,0.246800000,2.006000000,2.004200000,1.824200000,0.181800000,0.003600000,0.018200000,0.009700000,0.149200000,0.179000000,0.179200000,0.054000000,0.002100000,0.404700000,84,0,103,3,7,0.001100000,0.002400000,0.001300000,0.003200000,0.005800000,0.000900000,0.582800000,0.018600000,0.048100000,0.012600000,0.005500000,0.098400000,0.000000000,0.000000000,0.006300000,0.787000000,0.008300000,3,1,7,7,3,,0.135000000,0.003000000,0.182300000,0.039200000,0.011100000,0.033600000,true,true,0.016900000,0.098800000,0.006600000,0.003200000,0.006300000,103,103,0
1156,1,1,1920,1080,640,360,ultra-performance,0.003700000,0.044100000,0.279200000,0.820900000,0.024100000,0.180200000,0.914800000,0.213000000,2.736100000,2.732400000,2.480000000,0.256100000,0.009700000,0.041000000,0.015300000,0.212200000,0.253300000,0.253600000,0.089500000,0.006300000,0.721900000,84,0,103,3,7,0.001900000,0.006600000,0.001600000,0.005200000,0.004300000,0.001000000,0.686900000,0.031100000,0.025900000,0.012600000,0.005700000,0.117600000,0.000200000,0.000000000,0.006300000,0.906900000,0.007900000,3,1,7,7,3,,0.254200000,0.005800000,0.292400000,0.097800000,0.018600000,0.052000000,true,true,0.052600000,0.165000000,0.011700000,0.009000000,0.011100000,103,103,0
1157,2,1,1920,1080,640,360,ultra-performance,0.003200000,0.028100000,0.216100000,0.528300000,0.016800000,0.104100000,0.899100000,0.188200000,2.153300000,2.150100000,1.983900000,0.169400000,0.004700000,0.023900000,0.013400000,0.173300000,0.167400000,0.167500000,0.061700000,0.004000000,0.460500000,84,0,103,3,7,0.001200000,0.002600000,0.001100000,0.003400000,0.004000000,0.000600000,0.653600000,0.023600000,0.036900000,0.021500000,0.008900000,0.129000000,0.000000000,0.000000000,0.004000000,0.890400000,0.008700000,3,1,7,7,3,,0.152200000,0.003500000,0.209700000,0.046900000,0.012900000,0.034700000,true,true,0.019500000,0.111500000,0.007400000,0.002700000,0.007700000,103,103,0
1158,0,1,1920,1080,640,360,ultra-performance,0.004200000,0.044900000,0.274300000,0.796000000,0.024800000,0.170200000,1.188000000,0.521900000,3.275900000,3.271700000,3.024300000,0.251600000,0.008000000,0.033400000,0.017700000,0.214100000,0.249100000,0.249500000,0.084400000,0.005600000,0.703500000,84,0,103,3,7,0.002100000,0.005200000,0.001700000,0.004700000,0.005000000,0.001100000,0.884300000,0.036500000,0.028800000,0.016700000,0.006100000,0.180300000,0.000100000,0.000000000,0.005200000,1.177800000,0.010200000,3,1,7,7,3,,0.249900000,0.006200000,0.278300000,0.096300000,0.017800000,0.054300000,true,true,0.051000000,0.162500000,0.010900000,0.008900000,0.010300000,103,103,0
1159,1,1,1920,1080,640,360,ultra-performance,0.003000000,0.046200000,0.261100000,0.746000000,0.023600000,0.174400000,0.693100000,0.230100000,2.439800000,2.436800000,2.177500000,0.262300000,0.008000000,0.032500000,0.012800000,0.207100000,0.259700000,0.260200000,0.081600000,0.004800000,0.657200000,84,0,103,3,7,0.001700000,0.004700000,0.001800000,0.004300000,0.003200000,0.000700000,0.546100000,0.022600000,0.002500000,0.008900000,0.004900000,0.082600000,0.000200000,0.000000000,0.003500000,0.687700000,0.005400000,3,1,7,7,3,,0.227900000,0.005400000,0.276500000,0.078400000,0.018600000,0.049800000,true,true,0.042600000,0.154500000,0.008800000,0.008400000,0.009400000,103,103,0
1160,2,1,1920,1080,640,360,ultra-performance,0.002200000,0.041800000,0.253700000,0.707400000,0.021400000,0.156600000,0.927400000,0.366800000,2.748400000,2.746200000,2.477300000,0.271100000,0.006200000,0.027600000,0.015500000,0.203500000,0.268200000,0.268700000,0.080300000,0.004800000,0.620000000,84,0,103,3,7,0.001800000,0.004000000,0.001400000,0.004300000,0.004600000,0.001100000,0.648200000,0.029600000,0.064500000,0.013700000,0.006200000,0.133200000,0.000100000,0.000000000,0.006400000,0.919100000,0.008300000,3,1,7,7,3,,0.220200000,0.005200000,0.258500000,0.070700000,0.017300000,0.047500000,true,true,0.037800000,0.150300000,0.009100000,0.008600000,0.010400000,103,103,0
1161,0,1,1920,1080,640,360,ultra-performance,0.002100000,0.028400000,0.192900000,0.528300000,0.016900000,0.207200000,0.812900000,0.248100000,2.215100000,2.213000000,2.036800000,0.178300000,0.004900000,0.021800000,0.012000000,0.153800000,0.176100000,0.176200000,0.058900000,0.003200000,0.464300000,84,0,103,3,7,0.001400000,0.003100000,0.001200000,0.003500000,0.004700000,0.000800000,0.597900000,0.023000000,0.038100000,0.012600000,0.006200000,0.106200000,0.000100000,0.000000000,0.005400000,0.804200000,0.008700000,3,1,7,7,3,,0.147700000,0.003400000,0.203800000,0.060800000,0.012000000,0.035900000,true,true,0.020900000,0.104600000,0.008000000,0.003500000,0.007500000,103,103,0
1162,1,1,1920,1080,640,360,ultra-performance,0.003100000,0.042600000,0.272500000,0.807800000,0.024000000,0.179800000,0.693400000,0.234700000,2.516600000,2.513500000,2.257900000,0.258700000,0.008600000,0.038700000,0.016100000,0.208100000,0.256400000,0.257000000,0.088700000,0.005500000,0.711200000,84,0,103,3,7,0.001700000,0.004500000,0.001400000,0.004300000,0.003000000,0.000500000,0.548700000,0.022700000,0.002100000,0.008800000,0.005100000,0.081800000,0.000100000,0.000000000,0.003500000,0.688200000,0.005200000,3,1,7,7,3,,0.251600000,0.006800000,0.286000000,0.093200000,0.018100000,0.054800000,true,true,0.049000000,0.160100000,0.011000000,0.007600000,0.018400000,103,103,0
1163,2,1,1920,1080,640,360,ultra-performance,0.002300000,0.044400000,0.264300000,0.738300000,0.018700000,0.135100000,0.863900000,0.239500000,2.564600000,2.562300000,2.306500000,0.258100000,0.006900000,0.033000000,0.015500000,0.208100000,0.254600000,0.255100000,0.091400000,0.004700000,0.640300000,84,0,103,3,7,0.001500000,0.004000000,0.001100000,0.004000000,0.003600000,0.000600000,0.498200000,0.027000000,0.104700000,0.009800000,0.004900000,0.194100000,0.000300000,0.000000000,0.004000000,0.857800000,0.006100000,3,1,7,7,3,,0.240500000,0.005600000,0.271200000,0.068500000,0.014100000,0.039300000,true,true,0.044900000,0.161400000,0.010200000,0.008200000,0.010900000,103,103,0
1164,0,1,1920,1080,640,360,ultra-performance,0.002400000,0.035200000,0.176500000,0.530700000,0.018900000,0.138000000,0.930200000,0.343000000,2.345600000,2.343200000,2.174900000,0.170700000,0.006000000,0.025300000,0.011000000,0.133300000,0.167900000,0.168300000,0.053500000,0.003500000,0.471800000,84,0,103,3,7,0.002000000,0.006800000,0.001100000,0.004000000,0.004200000,0.000800000,0.605500000,0.026500000,0.118900000,0.012300000,0.005300000,0.127800000,0.000200000,0.000000000,0.005300000,0.920700000,0.009500000,3,1,7,7,3,,0.159800000,0.004700000,0.187300000,0.068800000,0.014000000,0.036300000,true,true,0.032300000,0.102100000,0.006800000,0.007300000,0.008200000,103,103,0
1165,1,1,1920,1080,640,360,ultra-performance,0.003200000,0.037900000,0.278800000,0.754300000,0.024500000,0.154200000,0.700100000,0.250600000,2.473400000,2.470200000,2.203600000,0.269800000,0.006800000,0.033800000,0.015700000,0.221700000,0.267700000,0.267800000,0.084500000,0.005100000,0.661700000,84,0,103,3,7,0.002100000,0.004400000,0.001500000,0.004300000,0.002600000,0.000500000,0.469100000,0.022200000,0.033100000,0.007800000,0.004300000,0.140100000,0.000000000,0.000000000,0.003800000,0.695800000,0.004300000,3,1,7,7,3,,0.220500000,0.004900000,0.284800000,0.082200000,0.017600000,0.051000000,true,true,0.035000000,0.156000000,0.010600000,0.004500000,0.010200000,103,103,0
1166,2,1,1920,1080,640,360,ultra-performance,0.002200000,0.036200000,0.257100000,0.690700000,0.019900000,0.144700000,0.873400000,0.205400000,2.494300000,2.492100000,2.229600000,0.264700000,0.004400000,0.025300000,0.014100000,0.212700000,0.263200000,0.263400000,0.080600000,0.003900000,0.603200000,84,0,103,3,7,0.001400000,0.003700000,0.001500000,0.003800000,0.003300000,0.000500000,0.516700000,0.022500000,0.214400000,0.009700000,0.004900000,0.082000000,0.000000000,0.000000000,0.003700000,0.868100000,0.005300000,3,1,7,7,3,,0.199300000,0.004300000,0.276800000,0.060300000,0.014800000,0.047200000,true,true,0.028200000,0.146500000,0.008400000,0.003900000,0.008300000,103,103,0
1167,0,1,1920,1080,640,360,ultra-performance,0.002900000,0.030500000,0.264200000,0.668100000,0.019600000,0.142100000,0.692700000,0.219200000,2.305200000,2.302300000,2.039300000,0.265900000,0.004100000,0.022800000,0.013100000,0.223500000,0.264500000,0.264700000,0.079400000,0.003800000,0.582400000,84,0,103,3,7,0.001500000,0.003500000,0.001600000,0.004100000,0.003100000,0.000400000,0.525300000,0.018100000,0.034800000,0.007700000,0.004500000,0.079600000,0.000000000,0.000000000,0.003500000,0.687700000,0.005000000,3,1,7,7,3,,0.198100000,0.004400000,0.262400000,0.056500000,0.014500000,0.046000000,true,true,0.023700000,0.148100000,0.009000000,0.004000000,0.009200000,103,103,0
1168,1,1,1920,1080,640,360,ultra-performance,0.001700000,0.026500000,0.253600000,0.652300000,0.018200000,0.153000000,0.814800000,0.270500000,2.458500000,2.456800000,2.190600000,0.267900000,0.004100000,0.021400000,0.013800000,0.213600000,0.266200000,0.266400000,0.079900000,0.003300000,0.566800000,84,0,103,3,7,0.001500000,0.004400000,0.001600000,0.003800000,0.002800000,0.000500000,0.522500000,0.019700000,0.102100000,0.008000000,0.004500000,0.134500000,0.000100000,0.000000000,0.003900000,0.809900000,0.004900000,3,1,7,7,3,,0.185400000,0.004200000,0.260100000,0.054200000,0.014700000,0.047500000,true,true,0.022400000,0.140300000,0.006900000,0.003500000,0.008300000,103,103,0
1169,2,1,1920,1080,640,360,ultra-performance,0.001900000,0.031200000,0.253800000,0.647000000,0.016900000,0.147800000,0.800900000,0.177100000,2.345100000,2.343200000,2.076600000,0.268500000,0.003900000,0.021400000,0.012600000,0.215500000,0.266900000,0.267100000,0.080700000,0.002900000,0.561100000,84,0,103,3,7,0.001500000,0.003600000,0.001500000,0.004000000,0.002600000,0.000600000,0.605000000,0.024200000,0.002200000,0.009900000,0.005400000,0.131000000,0.000100000,0.000000000,0.003200000,0.794800000,0.006100000,3,1,7,7,3,,0.187300000,0.003900000,0.254100000,0.053900000,0.014000000,0.047400000,true,true,0.023100000,0.140100000,0.007900000,0.003900000,0.008400000,103,103,0
1170,0,1,1920,1080,640,360,ultra-performance,0.001900000,0.021900000,0.171900000,0.477200000,0.014200000,0.105400000,0.949500000,0.284300000,2.204900000,2.203000000,2.026300000,0.178600000,0.003300000,0.018500000,0.010100000,0.139700000,0.175700000,0.175800000,0.054400000,0.002500000,0.418300000,84,0,103,3,7,0.001100000,0.003000000,0.001100000,0.003400000,0.004700000,0.000800000,0.560100000,0.021900000,0.048400000,0.019100000,0.006900000,0.262300000,0.000100000,0.000000000,0.005700000,0.938600000,0.010900000,3,1,7,7,3,,0.134100000,0.003200000,0.191700000,0.044400000,0.011200000,0.033200000,true,true,0.017300000,0.097200000,0.006200000,0.003600000,0.006700000,103,103,0
1171,1,1,1920,1080,640,360,ultra-performance,0.003700000,0.047700000,0.277800000,0.832600000,0.024800000,0.175200000,0.936000000,0.225100000,2.783900000,2.780200000,2.522900000,0.261000000,0.008900000,0.044200000,0.015500000,0.208100000,0.258400000,0.259100000,0.089000000,0.006600000,0.734200000,84,0,103,3,7,0.001900000,0.004800000,0.001600000,0.005100000,0.003800000,0.000500000,0.674200000,0.026800000,0.053000000,0.015800000,0.006400000,0.129500000,0.000200000,0.000000000,0.004000000,0.927600000,0.008400000,3,1,7,7,3,,0.256200000,0.005400000,0.285900000,0.102000000,0.028000000,0.055800000,true,true,0.051000000,0.170600000,0.010500000,0.008000000,0.011600000,103,103,0
1172,2,1,1920,1080,640,360,ultra-performance,0.002400000,0.042000000,0.281600000,0.636600000,0.023400000,0.155100000,0.605700000,0.201200000,2.201900000,2.199500000,1.948000000,0.253900000,0.006900000,0.033100000,0.016400000,0.223800000,0.252000000,0.252600000,0.058900000,0.004200000,0.570900000,84,0,103,3,7,0.001600000,0.004800000,0.001700000,0.005400000,0.002300000,0.000300000,0.469900000,0.018600000,0.001700000,0.005600000,0.003100000,0.083700000,0.000100000,0.000000000,0.002900000,0.601700000,0.004000000,3,1,7,7,3,,0.181400000,0.004700000,0.228300000,0.085600000,0.018200000,0.052000000,true,true,0.038600000,0.114800000,0.008200000,0.007900000,0.008000000,103,103,0
1173,0,1,1920,1080,640,360,ultra-performance,0.002700000,0.031300000,0.170400000,0.505700000,0.017200000,0.127700000,0.836500000,0.225000000,2.076100000,2.073400000,1.916500000,0.159600000,0.005300000,0.021700000,0.010800000,0.131300000,0.157300000,0.157900000,0.052900000,0.003200000,0.448100000,84,0,103,3,7,0.001200000,0.003800000,0.001100000,0.003600000,0.003300000,0.000600000,0.579400000,0.025700000,0.088300000,0.008600000,0.005200000,0.106700000,0.000100000,0.000000000,0.003700000,0.831300000,0.005200000,3,1,7,7,3,,0.153000000,0.004600000,0.182200000,0.058700000,0.013500000,0.035500000,true,true,0.026100000,0.103700000,0.006600000,0.006400000,0.007000000,103,103,0
1174,1,1,1920,1080,640,360,ultra-performance,0.002400000,0.039700000,0.245200000,0.676300000,0.022300000,0.154800000,0.818400000,0.192700000,2.409100000,2.406700000,2.151800000,0.257300000,0.005400000,0.027200000,0.012800000,0.198800000,0.255000000,0.255500000,0.077300000,0.004500000,0.592000000,84,0,103,3,7,0.001500000,0.004000000,0.001400000,0.004000000,0.005000000,0.001100000,0.559700000,0.021800000,0.086500000,0.012600000,0.005900000,0.102800000,0.000000000,0.000000000,0.004600000,0.810900000,0.007500000,3,1,7,7,3,,0.203200000,0.004700000,0.254100000,0.068500000,0.015400000,0.045400000,true,true,0.032000000,0.143300000,0.008600000,0.006200000,0.008900000,103,103,0
1175,2,1,1920,1080,640,360,ultra-performance,0.002400000,0.028300000,0.183300000,0.518300000,0.015700000,0.106400000,0.714400000,0.304300000,2.041400000,2.039000000,1.873100000,0.168300000,0.004100000,0.020800000,0.011000000,0.146800000,0.166800000,0.167000000,0.058500000,0.003300000,0.454600000,84,0,103,3,7,0.001400000,0.003500000,0.001100000,0.003400000,0.002600000,0.000500000,0.521100000,0.016000000,0.065900000,0.006800000,0.002800000,0.081300000,0.000000000,0.000000000,0.003400000,0.709800000,0.004600000,3,1,7,7,3,,0.143000000,0.003300000,0.201700000,0.058500000,0.012200000,0.035300000,true,true,0.018700000,0.102600000,0.007900000,0.003500000,0.007000000,103,103,0
1176,0,1,1920,1080,640,360,ultra-performance,0.002100000,0.033400000,0.182200000,0.481700000,0.012900000,0.102400000,0.870600000,0.225700000,2.080500000,2.078400000,1.911000000,0.169500000,0.004200000,0.026500000,0.010800000,0.140100000,0.167000000,0.167200000,0.054900000,0.002800000,0.422300000,84,0,103,3,7,0.001300000,0.002800000,0.001100000,0.003800000,0.003900000,0.000600000,0.551800000,0.017400000,0.063300000,0.011700000,0.004900000,0.194000000,0.000000000,0.000000000,0.005300000,0.861900000,0.008700000,3,1,7,7,3,,0.138200000,0.003200000,0.191400000,0.044100000,0.011400000,0.033500000,true,true,0.017100000,0.101700000,0.006100000,0.003500000,0.006700000,103,103,0
1177,1,1,1920,1080,640,360,ultra-performance,0.002300000,0.033500000,0.261200000,0.735100000,0.021800000,0.159400000,1.123500000,0.204900000,2.797000000,2.794700000,2.541700000,0.255300000,0.006400000,0.028600000,0.016500000,0.208600000,0.252500000,0.252800000,0.082000000,0.004400000,0.646400000,84,0,103,3,7,0.001800000,0.004300000,0.001600000,0.004100000,0.005100000,0.001200000,0.609600000,0.022400000,0.131500000,0.013100000,0.007100000,0.305700000,0.000000000,0.000000000,0.007300000,1.114800000,0.008700000,3,1,7,7,3,,0.205600000,0.013700000,0.273700000,0.087200000,0.017000000,0.048600000,true,true,0.031200000,0.144600000,0.010200000,0.005900000,0.009200000,103,103,0
1178,2,1,1920,1080,640,360,ultra-performance,0.002200000,0.023800000,0.183000000,0.527900000,0.014700000,0.102900000,0.721300000,0.199100000,1.944800000,1.942600000,1.774900000,0.169900000,0.004100000,0.019800000,0.010600000,0.147900000,0.167100000,0.167300000,0.062200000,0.003300000,0.460600000,84,0,103,3,7,0.001300000,0.003000000,0.001100000,0.003300000,0.003900000,0.000600000,0.494400000,0.016200000,0.074600000,0.009300000,0.004900000,0.095400000,0.000100000,0.000000000,0.005500000,0.713600000,0.007700000,3,1,7,7,3,,0.148100000,0.003200000,0.208100000,0.053000000,0.011900000,0.035900000,true,true,0.024300000,0.102800000,0.007000000,0.003600000,0.007200000,103,103,0
1179,0,1,1920,1080,640,360,ultra-performance,0.002200000,0.031800000,0.271200000,0.739000000,0.022200000,0.148200000,0.756800000,0.183500000,2.401900000,2.399700000,2.154900000,0.247000000,0.005800000,0.028800000,0.028600000,0.207000000,0.244500000,0.244900000,0.105000000,0.004800000,0.626500000,84,0,103,3,7,0.001500000,0.004000000,0.001400000,0.004500000,0.003200000,0.000400000,0.605900000,0.017200000,0.003400000,0.009100000,0.005000000,0.091400000,0.000000000,0.000000000,0.003400000,0.750400000,0.006400000,3,1,7,7,3,,0.202900000,0.004600000,0.274800000,0.078700000,0.016900000,0.048200000,true,true,0.027900000,0.146500000,0.009900000,0.005300000,0.008600000,103,103,0
1180,1,1,1920,1080,640,360,ultra-performance,0.001800000,0.030100000,0.245500000,0.654500000,0.019100000,0.140000000,0.895700000,0.188000000,2.427200000,2.425400000,2.174700000,0.252500000,0.005000000,0.025600000,0.012800000,0.201300000,0.250400000,0.250700000,0.077500000,0.003800000,0.570700000,84,0,103,3,7,0.002000000,0.003400000,0.001500000,0.003900000,0.005000000,0.001100000,0.608600000,0.024000000,0.076300000,0.013000000,0.006900000,0.137500000,0.000000000,0.000000000,0.004800000,0.888000000,0.007700000,3,1,7,7,3,,0.185400000,0.004400000,0.248000000,0.059400000,0.016100000,0.056800000,true,true,0.022700000,0.138600000,0.007600000,0.004200000,0.008200000,103,103,0
1181,2,1,1920,1080,640,360,ultra-performance,0.002100000,0.021000000,0.182900000,0.547400000,0.014300000,0.104400000,0.708800000,0.189100000,1.960200000,1.958100000,1.770000000,0.190200000,0.004000000,0.019300000,0.010600000,0.148600000,0.188000000,0.188200000,0.064800000,0.003000000,0.477800000,84,0,103,3,7,0.001400000,0.002700000,0.001000000,0.003600000,0.003900000,0.000600000,0.462200000,0.021300000,0.098100000,0.010300000,0.005700000,0.085600000,0.000100000,0.000000000,0.004500000,0.701000000,0.007800000,3,1,7,7,3,,0.156700000,0.003400000,0.208600000,0.060800000,0.012000000,0.035700000,true,true,0.019200000,0.114600000,0.008000000,0.003700000,0.007500000,103,103,0
1182,0,1,1920,1080,640,360,ultra-performance,0.001900000,0.032100000,0.270800000,0.702900000,0.020100000,0.143100000,1.005400000,0.178900000,2.609100000,2.607200000,2.355200000,0.253900000,0.006100000,0.026900000,0.013500000,0.223400000,0.251800000,0.252100000,0.091900000,0.004000000,0.604400000,84,0,103,3,7,0.001900000,0.003800000,0.001400000,0.004300000,0.004300000,0.000600000,0.696900000,0.023100000,0.076700000,0.015800000,0.007800000,0.154200000,0.000000000,0.000000000,0.003800000,0.994600000,0.010800000,3,1,7,7,3,,0.195100000,0.005000000,0.262700000,0.077100000,0.016200000,0.047800000,true,true,0.024700000,0.143100000,0.009700000,0.004800000,0.008300000,103,103,0
1183,1,1,1920,1080,640,360,ultra-performance,0.001900000,0.031900000,0.239600000,0.654800000,0.019300000,0.135800000,0.695400000,0.190900000,2.228200000,2.226300000,1.969600000,0.258600000,0.004200000,0.024100000,0.015100000,0.195200000,0.256600000,0.256900000,0.076000000,0.003400000,0.573300000,84,0,103,3,7,0.001800000,0.003700000,0.001500000,0.004000000,0.003600000,0.000600000,0.445200000,0.018200000,0.107500000,0.009700000,0.004800000,0.083400000,0.000100000,0.000000000,0.004900000,0.689000000,0.006400000,3,1,7,7,3,,0.195300000,0.004600000,0.255400000,0.058500000,0.015200000,0.043600000,true,true,0.022200000,0.147900000,0.008300000,0.004500000,0.008000000,103,103,0
1184,2,1,1920,1080,640,360,ultra-performance,0.002000000,0.023200000,0.202400000,0.525300000,0.015000000,0.103900000,0.768300000,0.191400000,2.000900000,1.998900000,1.831500000,0.169400000,0.004100000,0.019800000,0.012100000,0.165800000,0.167200000,0.167300000,0.059800000,0.003000000,0.460400000,84,0,103,3,7,0.001400000,0.002700000,0.001300000,0.003300000,0.003700000,0.000700000,0.517500000,0.017500000,0.038900000,0.007500000,0.004900000,0.156800000,0.000100000,0.000000000,0.005000000,0.761300000,0.007000000,3,1,7,7,3,,0.141400000,0.003200000,0.207400000,0.061400000,0.011500000,0.035000000,true,true,0.018400000,0.101600000,0.007100000,0.003500000,0.007600000,103,103,0
1185,0,1,1920,1080,640,360,ultra-performance,0.002000000,0.044700000,0.247500000,0.685600000,0.022000000,0.136800000,0.898100000,0.517900000,2.808300000,2.806300000,2.554600000,0.253700000,0.005600000,0.026800000,0.013300000,0.200900000,0.251300000,0.251600000,0.082000000,0.004100000,0.597100000,84,0,103,3,7,0.001700000,0.003600000,0.001300000,0.003600000,0.003900000,0.001000000,0.642600000,0.026400000,0.031800000,0.012500000,0.006000000,0.149300000,0.000000000,0.000000000,0.006500000,0.890200000,0.007900000,3,1,7,7,3,,0.192600000,0.004400000,0.271200000,0.067100000,0.016000000,0.045300000,true,true,0.026300000,0.139800000,0.009600000,0.004600000,0.008200000,103,103,0
1186,1,1,1920,1080,640,360,ultra-performance,0.001900000,0.028800000,0.239600000,0.633000000,0.018200000,0.132100000,0.715500000,0.177100000,2.189000000,2.187100000,1.946200000,0.242800000,0.004500000,0.024700000,0.013200000,0.196300000,0.240700000,0.241000000,0.074400000,0.003700000,0.552500000,84,0,103,3,7,0.001600000,0.003900000,0.001200000,0.003600000,0.003200000,0.000400000,0.579300000,0.017800000,0.002300000,0.009100000,0.004800000,0.078800000,0.000100000,0.000000000,0.003300000,0.709400000,0.006100000,3,1,7,7,3,,0.180300000,0.004500000,0.251100000,0.055800000,0.015000000,0.045300000,true,true,0.021800000,0.136100000,0.007200000,0.003600000,0.007600000,103,103,0
1187,2,1,1920,1080,640,360,ultra-performance,0.001900000,0.033900000,0.241700000,0.639600000,0.018600000,0.132800000,1.066600000,0.199200000,2.589200000,2.587300000,2.334300000,0.254900000,0.004300000,0.023400000,0.013200000,0.200000000,0.252500000,0.252700000,0.085200000,0.002900000,0.548900000,84,0,103,3,7,0.001800000,0.003200000,0.001400000,0.004000000,0.005400000,0.001100000,0.697800000,0.033400000,0.046300000,0.016900000,0.008000000,0.230100000,0.000100000,0.000000000,0.007500000,1.057000000,0.009600000,3,1,7,7,3,,0.181400000,0.004000000,0.251600000,0.053400000,0.014400000,0.043700000,true,true,0.021000000,0.136900000,0.007500000,0.004200000,0.007900000,103,103,0
1188,0,1,1920,1080,640,360,ultra-performance,0.002000000,0.024900000,0.216000000,0.528400000,0.014200000,0.103600000,0.853300000,0.189300000,2.120800000,2.118800000,1.931700000,0.189100000,0.003700000,0.020800000,0.012800000,0.178000000,0.186600000,0.186800000,0.063600000,0.003800000,0.459100000,84,0,103,3,7,0.001200000,0.002800000,0.001100000,0.003900000,0.006000000,0.001000000,0.600000000,0.025900000,0.029700000,0.016200000,0.007100000,0.142600000,0.000000000,0.000000000,0.005700000,0.843200000,0.010100000,3,1,7,7,3,,0.146200000,0.003400000,0.204900000,0.057700000,0.011600000,0.034700000,true,true,0.018600000,0.106500000,0.006800000,0.003500000,0.007200000,103,103,0
1189,1,1,1920,1080,640,360,ultra-performance,0.002200000,0.030300000,0.255500000,0.670300000,0.019700000,0.140700000,1.059500000,0.326100000,2.755300000,2.753100000,2.504300000,0.251000000,0.004900000,0.028800000,0.015500000,0.205500000,0.248100000,0.248400000,0.075700000,0.003600000,0.589000000,84,0,103,3,7,0.001900000,0.003700000,0.001400000,0.003600000,0.007300000,0.001300000,0.725500000,0.030900000,0.080600000,0.016800000,0.009700000,0.159200000,0.000100000,0.000000000,0.007500000,1.049500000,0.010000000,3,1,7,7,3,,0.193900000,0.004200000,0.269000000,0.059700000,0.015600000,0.046000000,true,true,0.022700000,0.144900000,0.009100000,0.004200000,0.008600000,103,103,0
1190,2,1,1920,1080,640,360,ultra-performance,0.002300000,0.062400000,0.258500000,0.680000000,0.019400000,0.140000000,0.757400000,0.214900000,2.403800000,2.401500000,2.134900000,0.268900000,0.005900000,0.028000000,0.015300000,0.208400000,0.266400000,0.266800000,0.084600000,0.003800000,0.589100000,84,0,103,3,7,0.001700000,0.004200000,0.001500000,0.004100000,0.004400000,0.001000000,0.566100000,0.023600000,0.019100000,0.011900000,0.007100000,0.100500000,0.000100000,0.000000000,0.005500000,0.750800000,0.006600000,3,1,7,7,3,,0.193400000,0.004400000,0.266600000,0.060200000,0.016600000,0.047200000,true,true,0.024200000,0.143000000,0.009100000,0.005100000,0.008300000,103,103,0
1191,0,1,1920,1080,640,360,ultra-performance,0.002000000,0.025200000,0.282700000,0.699400000,0.023500000,0.144100000,0.845200000,0.242900000,2.517300000,2.515300000,2.265000000,0.252300000,0.005000000,0.027500000,0.014500000,0.235200000,0.249900000,0.250400000,0.085300000,0.004000000,0.607700000,84,0,103,3,7,0.001900000,0.003900000,0.001700000,0.004600000,0.004400000,0.000600000,0.581900000,0.027200000,0.101700000,0.011500000,0.005900000,0.090900000,0.000000000,0.000000000,0.003400000,0.839600000,0.005600000,3,1,7,7,3,,0.210600000,0.004300000,0.269300000,0.059900000,0.016500000,0.046300000,true,true,0.023700000,0.157900000,0.011500000,0.004400000,0.008500000,103,103,0
1192,1,1,1920,1080,640,360,ultra-performance,0.005600000,0.055900000,0.563200000,0.666200000,0.018700000,0.136000000,0.894400000,0.258600000,2.877200000,2.871600000,2.598600000,0.278600000,0.007700000,0.048700000,0.025000000,0.480800000,0.274800000,0.275400000,0.083800000,0.004100000,0.576000000,84,0,103,3,7,0.001700000,0.003400000,0.001800000,0.004200000,0.005800000,0.001300000,0.605100000,0.034400000,0.060700000,0.017700000,0.009100000,0.133400000,0.000100000,0.000000000,0.006900000,0.885600000,0.008800000,3,1,7,7,3,,0.194200000,0.004500000,0.259600000,0.055400000,0.015000000,0.046800000,true,true,0.024700000,0.143400000,0.008500000,0.004500000,0.009200000,103,103,0
1193,2,1,1920,1080,640,360,ultra-performance,0.002400000,0.045600000,0.247100000,0.671600000,0.021900000,0.156600000,0.753900000,0.215800000,2.372800000,2.370400000,2.114900000,0.257900000,0.005500000,0.026400000,0.012200000,0.202000000,0.255900000,0.256200000,0.080100000,0.004100000,0.584900000,84,0,103,3,7,0.001900000,0.004900000,0.001700000,0.003800000,0.003400000,0.000600000,0.478000000,0.021800000,0.145100000,0.007600000,0.004500000,0.072900000,0.000100000,0.000000000,0.003300000,0.749600000,0.004300000,3,1,7,7,3,,0.194300000,0.004600000,0.266300000,0.056900000,0.015500000,0.046600000,true,true,0.030000000,0.136900000,0.008600000,0.005800000,0.008800000,103,103,0
1194,0,1,1920,1080,640,360,ultra-performance,0.002400000,0.039300000,0.250800000,0.666400000,0.020000000,0.157200000,1.047600000,0.226000000,2.662100000,2.659700000,2.409700000,0.252400000,0.006100000,0.026300000,0.013000000,0.204500000,0.250000000,0.250300000,0.085900000,0.003900000,0.574500000,84,0,103,3,7,0.001600000,0.004300000,0.001400000,0.003700000,0.004800000,0.000600000,0.657300000,0.043100000,0.101000000,0.018500000,0.009100000,0.188000000,0.000100000,0.000000000,0.003900000,1.037400000,0.010200000,3,1,7,7,3,,0.195300000,0.004600000,0.255000000,0.058100000,0.015800000,0.045100000,true,true,0.029300000,0.139700000,0.008900000,0.004400000,0.008800000,103,103,0
1195,1,1,1920,1080,640,360,ultra-performance,0.002600000,0.044200000,0.248700000,0.694800000,0.019800000,0.145200000,0.975600000,0.266900000,2.670400000,2.667800000,2.397800000,0.272600000,0.006000000,0.025700000,0.013700000,0.202200000,0.267800000,0.268100000,0.080500000,0.004000000,0.607800000,84,0,103,3,7,0.001800000,0.003400000,0.001300000,0.004000000,0.005000000,0.001300000,0.621300000,0.029900000,0.090500000,0.015000000,0.006700000,0.174200000,0.000100000,0.000000000,0.012400000,0.966900000,0.008700000,3,1,7,7,3,,0.213700000,0.004900000,0.262000000,0.061100000,0.016200000,0.049300000,true,true,0.027700000,0.158100000,0.009400000,0.005700000,0.008500000,103,103,0
1196,2,1,1920,1080,640,360,ultra-performance,0.002100000,0.034800000,0.231700000,0.548500000,0.016100000,0.110100000,0.850900000,0.233200000,2.207500000,2.205400000,2.027400000,0.180100000,0.005200000,0.025500000,0.019000000,0.180400000,0.177700000,0.177900000,0.060700000,0.003300000,0.482500000,84,0,103,3,7,0.001300000,0.003400000,0.001400000,0.004500000,0.004600000,0.000800000,0.552700000,0.023800000,0.131600000,0.012900000,0.006100000,0.096000000,0.000000000,0.000000000,0.004900000,0.844000000,0.006900000,3,1,7,7,3,,0.163200000,0.003700000,0.204600000,0.062000000,0.012500000,0.036000000,true,true,0.022900000,0.116400000,0.008400000,0.003700000,0.007900000,103,103,0
1197,0,1,1920,1080,640,360,ultra-performance,0.002900000,0.040300000,0.255000000,0.712500000,0.023500000,0.150400000,1.071300000,0.227700000,2.755400000,2.752500000,2.483600000,0.271800000,0.006900000,0.029000000,0.013900000,0.204100000,0.269000000,0.269200000,0.084100000,0.004400000,0.621600000,84,0,103,3,7,0.001400000,0.003400000,0.001600000,0.004000000,0.003900000,0.000900000,0.545600000,0.025100000,0.088400000,0.012200000,0.006300000,0.363000000,0.000100000,0.000000000,0.005500000,1.061400000,0.009900000,3,1,7,7,3,,0.210800000,0.005300000,0.268900000,0.069500000,0.016800000,0.049900000,true,true,0.030800000,0.149300000,0.010700000,0.006600000,0.009300000,103,103,0
1198,1,1,1920,1080,640,360,ultra-performance,0.002300000,0.036800000,0.304800000,0.833800000,0.022500000,0.160600000,0.786700000,0.194000000,2.645100000,2.642800000,2.341500000,0.303600000,0.004700000,0.028600000,0.016700000,0.254300000,0.301700000,0.302000000,0.098400000,0.004500000,0.728300000,84,0,103,3,7,0.002100000,0.004600000,0.001700000,0.004200000,0.002700000,0.000400000,0.504900000,0.020400000,0.134300000,0.008500000,0.005300000,0.087100000,0.000100000,0.000000000,0.004100000,0.780400000,0.006300000,3,1,7,7,3,,0.233200000,0.004900000,0.334900000,0.081400000,0.017400000,0.055700000,true,true,0.029200000,0.174300000,0.010400000,0.004500000,0.010200000,103,103,0
1199,2,1,1920,1080,640,360,ultra-performance,0.002000000,0.030600000,0.289300000,0.738700000,0.017300000,0.145800000,0.778900000,0.209300000,2.524200000,2.522200000,2.211900000,0.312300000,0.004000000,0.024300000,0.015700000,0.244800000,0.310700000,0.310900000,0.090800000,0.003000000,0.642200000,84,0,103,3,7,0.001600000,0.003400000,0.001700000,0.003700000,0.003800000,0.000600000,0.498500000,0.026300000,0.077200000,0.015000000,0.006500000,0.129500000,0.000000000,0.000000000,0.004800000,0.772600000,0.006300000,3,1,7,7,3,,0.208800000,0.004200000,0.302700000,0.056500000,0.016000000,0.053600000,true,true,0.023700000,0.159800000,0.007700000,0.003700000,0.009500000,103,103,0
1200,0,1,1920,1080,640,360,ultra-performance,0.002100000,0.032000000,0.288700000,0.545200000,0.014500000,0.109600000,0.837500000,0.357500000,2.486600000,2.484500000,2.187100000,0.299500000,0.004100000,0.024500000,0.014400000,0.245200000,0.296300000,0.296600000,0.082200000,0.003000000,0.457900000,84,0,103,3,7,0.001200000,0.003000000,0.001200000,0.003700000,0.004500000,0.000800000,0.551500000,0.028300000,0.065500000,0.013700000,0.007100000,0.142400000,0.000100000,0.000000000,0.006400000,0.829400000,0.008100000,3,1,7,7,3,,0.156200000,0.003300000,0.203700000,0.046800000,0.012600000,0.034700000,true,true,0.022200000,0.112500000,0.006600000,0.004100000,0.007000000,103,103,0
1201,1,1,1920,1080,640,360,ultra-performance,0.003800000,0.040600000,0.230200000,0.686400000,0.020400000,0.141900000,0.790300000,0.197800000,2.284800000,2.281000000,2.111400000,0.173400000,0.010700000,0.046400000,0.017600000,0.154400000,0.171400000,0.172000000,0.075200000,0.006400000,0.602800000,84,0,103,3,7,0.001800000,0.004400000,0.002300000,0.005000000,0.003600000,0.000600000,0.488600000,0.031600000,0.120100000,0.011900000,0.006300000,0.105200000,0.000100000,0.000000000,0.003300000,0.784800000,0.005500000,3,1,7,7,3,,0.253000000,0.004900000,0.213100000,0.077100000,0.014700000,0.039200000,true,true,0.054500000,0.167800000,0.008400000,0.007800000,0.009900000,103,103,0
1202,2,1,1920,1080,640,360,ultra-performance,0.002100000,0.035100000,0.178900000,0.527500000,0.017000000,0.123300000,0.771600000,0.213300000,2.067500000,2.065400000,1.868800000,0.198700000,0.005300000,0.022300000,0.010400000,0.139900000,0.196400000,0.197300000,0.054500000,0.004800000,0.466400000,84,0,103,3,7,0.001200000,0.003500000,0.001200000,0.003400000,0.003800000,0.000700000,0.503400000,0.028000000,0.033000000,0.011000000,0.005100000,0.169300000,0.000100000,0.000000000,0.003100000,0.766800000,0.004800000,3,1,7,7,3,,0.156600000,0.004300000,0.194100000,0.061700000,0.013900000,0.035100000,true,true,0.031500000,0.099700000,0.006900000,0.007200000,0.007900000,103,103,0
1203,0,1,1920,1080,640,360,ultra-performance,0.002600000,0.038400000,0.232600000,0.596800000,0.017300000,0.120600000,0.857200000,0.339700000,2.486900000,2.484300000,2.205200000,0.281700000,0.005100000,0.019900000,0.009500000,0.197000000,0.278900000,0.279200000,0.081300000,0.004300000,0.509300000,84,0,103,3,7,0.001200000,0.003700000,0.001200000,0.003800000,0.005400000,0.001100000,0.549000000,0.032200000,0.090600000,0.015700000,0.006900000,0.128200000,0.000200000,0.000000000,0.008400000,0.847600000,0.009600000,3,1,7,7,3,,0.201100000,0.003600000,0.196300000,0.059400000,0.013800000,0.034500000,true,true,0.025600000,0.148000000,0.010200000,0.006500000,0.006900000,103,103,0
1204,1,1,1920,1080,640,360,ultra-performance,0.002000000,0.027800000,0.224200000,0.742800000,0.026700000,0.177900000,0.733000000,0.230500000,2.421900000,2.419900000,2.164900000,0.257000000,0.004600000,0.023200000,0.011600000,0.184200000,0.254300000,0.254500000,0.079000000,0.004200000,0.656400000,84,0,103,3,7,0.001600000,0.004400000,0.001600000,0.004100000,0.003600000,0.000900000,0.535800000,0.030400000,0.002800000,0.010200000,0.006400000,0.117400000,0.000100000,0.000000000,0.005500000,0.724800000,0.008200000,3,1,7,7,3,,0.190600000,0.005300000,0.311500000,0.078200000,0.015900000,0.054400000,true,true,0.024200000,0.136600000,0.012500000,0.004400000,0.008800000,103,103,0
1205,2,1,1920,1080,640,360,ultra-performance,0.002800000,0.033100000,0.183100000,0.617300000,0.023200000,0.128200000,0.936100000,0.309900000,2.398500000,2.395700000,2.233700000,0.164800000,0.005600000,0.024300000,0.011100000,0.141100000,0.161400000,0.161700000,0.057300000,0.004100000,0.553900000,84,0,103,3,7,0.001200000,0.003300000,0.001200000,0.003400000,0.006500000,0.001500000,0.544400000,0.031700000,0.134900000,0.018900000,0.008000000,0.161500000,0.000100000,0.000000000,0.008200000,0.924800000,0.011300000,3,1,7,7,3,,0.151600000,0.004200000,0.268400000,0.073300000,0.015100000,0.040600000,true,true,0.022200000,0.104100000,0.007700000,0.006800000,0.007300000,103,103,0
1206,0,1,1920,1080,640,360,ultra-performance,0.002300000,0.035400000,0.265600000,0.742100000,0.022200000,0.153900000,1.181000000,0.275400000,2.941900000,2.939600000,2.677900000,0.264000000,0.005600000,0.027600000,0.015400000,0.216300000,0.260300000,0.260600000,0.087200000,0.005100000,0.647600000,84,0,103,3,7,0.001800000,0.003800000,0.001700000,0.004100000,0.007800000,0.001500000,0.630600000,0.028800000,0.213200000,0.016100000,0.008000000,0.242300000,0.000100000,0.000000000,0.010600000,1.170400000,0.010600000,3,1,7,7,3,,0.218500000,0.005000000,0.286000000,0.069500000,0.017200000,0.050800000,true,true,0.031300000,0.156900000,0.010800000,0.004100000,0.010900000,103,103,0
1207,1,1,1920,1080,640,360,ultra-performance,0.002200000,0.033200000,0.198200000,0.535100000,0.017700000,0.119500000,0.970600000,0.276800000,2.309200000,2.307000000,2.153300000,0.155900000,0.005400000,0.023000000,0.012900000,0.155900000,0.153000000,0.153600000,0.056300000,0.003500000,0.473500000,84,0,103,3,7,0.001300000,0.003000000,0.001100000,0.003400000,0.004100000,0.001000000,0.626400000,0.033200000,0.121800000,0.020200000,0.008100000,0.130800000,0.000000000,0.000000000,0.006200000,0.960600000,0.010000000,3,1,7,7,3,,0.158000000,0.004100000,0.194000000,0.069100000,0.013900000,0.034000000,true,true,0.022800000,0.110000000,0.007700000,0.005900000,0.007700000,103,103,0
1208,2,1,1920,1080,640,360,ultra-performance,0.002500000,0.038300000,0.269100000,0.723800000,0.021000000,0.152000000,0.966900000,0.201800000,2.645700000,2.643200000,2.375400000,0.270300000,0.005100000,0.029300000,0.015200000,0.218600000,0.268200000,0.268400000,0.087100000,0.004800000,0.629500000,84,0,103,3,7,0.001900000,0.004200000,0.001700000,0.004200000,0.005400000,0.001300000,0.609300000,0.033300000,0.116900000,0.017600000,0.009800000,0.146400000,0.000100000,0.000000000,0.006300000,0.958400000,0.008500000,3,1,7,7,3,,0.209600000,0.004900000,0.279600000,0.069000000,0.016700000,0.049100000,true,true,0.030400000,0.150900000,0.010400000,0.004500000,0.009100000,103,103,0
1209,0,1,1920,1080,640,360,ultra-performance,0.002100000,0.027900000,0.223300000,0.609900000,0.024300000,0.129700000,0.723700000,0.229700000,2.180600000,2.178500000,1.970600000,0.210000000,0.004700000,0.023000000,0.010400000,0.184400000,0.207200000,0.207500000,0.061600000,0.003900000,0.541600000,84,0,103,3,7,0.001800000,0.003100000,0.001500000,0.003800000,0.005200000,0.000700000,0.471400000,0.025600000,0.070800000,0.011100000,0.007700000,0.105900000,0.000100000,0.000000000,0.005700000,0.714400000,0.009300000,3,1,7,7,3,,0.150800000,0.004300000,0.244400000,0.078000000,0.016700000,0.046900000,true,true,0.026700000,0.099500000,0.008100000,0.005500000,0.007000000,103,103,0
1210,1,1,1920,1080,640,360,ultra-performance,0.002200000,0.035100000,0.278900000,0.750900000,0.021900000,0.151600000,0.665500000,0.210400000,2.396000000,2.393800000,2.116500000,0.279500000,0.005000000,0.028600000,0.015700000,0.229000000,0.277700000,0.278000000,0.092500000,0.004900000,0.650400000,84,0,103,3,7,0.001700000,0.003800000,0.001500000,0.004000000,0.002700000,0.000600000,0.472400000,0.020900000,0.055700000,0.007700000,0.004700000,0.081800000,0.000000000,0.000000000,0.003800000,0.661300000,0.004200000,3,1,7,7,3,,0.213300000,0.004400000,0.287900000,0.075500000,0.017000000,0.051500000,true,true,0.028400000,0.157000000,0.010600000,0.004200000,0.009000000,103,103,0
1211,2,1,1920,1080,640,360,ultra-performance,0.002200000,0.034900000,0.256500000,0.682200000,0.020000000,0.154900000,1.021300000,0.376000000,2.820900000,2.818700000,2.548000000,0.272900000,0.004000000,0.023900000,0.012700000,0.215500000,0.269800000,0.270100000,0.083600000,0.003500000,0.592700000,84,0,103,3,7,0.001600000,0.004000000,0.001900000,0.004100000,0.007600000,0.001100000,0.619400000,0.026200000,0.180000000,0.017500000,0.009500000,0.130900000,0.000000000,0.000000000,0.009000000,1.012800000,0.008500000,3,1,7,7,3,,0.198400000,0.004400000,0.267000000,0.056100000,0.015800000,0.050400000,true,true,0.022800000,0.149800000,0.008500000,0.003900000,0.008900000,103,103,0
1212,0,1,1920,1080,640,360,ultra-performance,0.004700000,0.048000000,0.226100000,0.609500000,0.019800000,0.136100000,0.892700000,0.217300000,2.315100000,2.310400000,2.154200000,0.160900000,0.009700000,0.045300000,0.020300000,0.149500000,0.158700000,0.158900000,0.063000000,0.004600000,0.539600000,84,0,103,3,7,0.001400000,0.003600000,0.001200000,0.003900000,0.004800000,0.000800000,0.591400000,0.032300000,0.130000000,0.009400000,0.005500000,0.098200000,0.000000000,0.000000000,0.003400000,0.885900000,0.006800000,3,1,7,7,3,,0.168400000,0.004900000,0.198700000,0.090400000,0.019500000,0.056800000,true,true,0.036500000,0.107100000,0.008200000,0.004700000,0.008400000,103,103,0
1213,1,1,1920,1080,640,360,ultra-performance,0.002600000,0.039100000,0.265700000,0.695000000,0.023100000,0.154400000,0.907800000,0.232500000,2.570900000,2.568300000,2.320200000,0.250700000,0.007500000,0.031100000,0.015000000,0.211200000,0.247800000,0.248300000,0.078600000,0.004700000,0.609300000,84,0,103,3,7,0.001900000,0.003800000,0.001300000,0.004200000,0.003500000,0.000800000,0.590800000,0.022600000,0.125700000,0.017700000,0.006700000,0.113600000,0.000000000,0.000000000,0.005500000,0.898100000,0.009700000,3,1,7,7,3,,0.212100000,0.005300000,0.255900000,0.070400000,0.016800000,0.048100000,true,true,0.037100000,0.146100000,0.009700000,0.005100000,0.009500000,103,103,0
1214,2,1,1920,1080,640,360,ultra-performance,0.002300000,0.035400000,0.295100000,0.808200000,0.022600000,0.158400000,0.764100000,0.207800000,2.586400000,2.584100000,2.293900000,0.292500000,0.005200000,0.029600000,0.016700000,0.243000000,0.290800000,0.291100000,0.093900000,0.004500000,0.706900000,84,0,103,3,7,0.001800000,0.004200000,0.001700000,0.004500000,0.002800000,0.000500000,0.517200000,0.021100000,0.093600000,0.009200000,0.005400000,0.091900000,0.000100000,0.000000000,0.003900000,0.757900000,0.006200000,3,1,7,7,3,,0.223400000,0.004900000,0.319000000,0.084100000,0.018200000,0.056800000,true,true,0.027500000,0.166400000,0.010000000,0.004400000,0.010300000,103,103,0
1215,0,1,1920,1080,640,360,ultra-performance,0.002200000,0.032500000,0.288100000,0.736000000,0.020400000,0.151600000,0.869000000,0.304300000,2.714000000,2.711800000,2.404100000,0.309900000,0.003900000,0.024200000,0.015000000,0.244800000,0.307100000,0.307200000,0.091500000,0.003000000,0.638700000,84,0,103,3,7,0.001900000,0.004000000,0.001500000,0.004100000,0.004500000,0.000900000,0.526500000,0.028000000,0.151100000,0.014300000,0.007100000,0.111800000,0.000000000,0.000000000,0.005300000,0.861000000,0.008000000,3,1,7,7,3,,0.213800000,0.004600000,0.294000000,0.057300000,0.015900000,0.052500000,true,true,0.024100000,0.162700000,0.009700000,0.004000000,0.008800000,103,103,0
1216,1,1,1920,1080,640,360,ultra-performance,0.003200000,0.041100000,0.286500000,0.662900000,0.021000000,0.120300000,0.756100000,0.229100000,2.354900000,2.351700000,2.120200000,0.234700000,0.014700000,0.029300000,0.018900000,0.222900000,0.232200000,0.232300000,0.084000000,0.003500000,0.572700000,84,0,103,3,7,0.001800000,0.003300000,0.001100000,0.003600000,0.002500000,0.000600000,0.526100000,0.026500000,0.049600000,0.013500000,0.005700000,0.109200000,0.000100000,0.000000000,0.004400000,0.748000000,0.008100000,3,1,7,7,3,,0.173300000,0.005900000,0.280800000,0.048900000,0.014400000,0.048900000,true,true,0.023800000,0.109300000,0.008600000,0.004000000,0.022400000,103,103,0
1217,2,1,1920,1080,640,360,ultra-performance,0.002100000,0.028200000,0.293000000,0.711700000,0.017400000,0.146000000,0.689500000,0.203700000,2.395800000,2.393700000,2.091600000,0.304200000,0.003800000,0.024900000,0.023200000,0.240600000,0.301800000,0.302000000,0.091200000,0.003000000,0.614900000,84,0,103,3,7,0.001800000,0.003600000,0.001600000,0.004500000,0.002900000,0.000400000,0.445300000,0.018500000,0.080700000,0.009000000,0.005000000,0.106600000,0.000000000,0.000000000,0.003800000,0.683700000,0.005800000,3,1,7,7,3,,0.201600000,0.004500000,0.283000000,0.057900000,0.015900000,0.051500000,true,true,0.022800000,0.152600000,0.007500000,0.004200000,0.009300000,103,103,0
1218,0,1,1920,1080,640,360,ultra-performance,0.002500000,0.029100000,0.283300000,0.744500000,0.018200000,0.143200000,0.881700000,0.199300000,2.600200000,2.597700000,2.301800000,0.298400000,0.004100000,0.024100000,0.013900000,0.240700000,0.296700000,0.296800000,0.095900000,0.003100000,0.643000000,84,0,103,3,7,0.001600000,0.003700000,0.001600000,0.004300000,0.003600000,0.000700000,0.487100000,0.026200000,0.217500000,0.010600000,0.006400000,0.109500000,0.000000000,0.000000000,0.003500000,0.876300000,0.005400000,3,1,7,7,3,,0.207600000,0.004100000,0.305400000,0.058400000,0.015700000,0.051100000,true,true,0.023500000,0.157000000,0.008500000,0.004300000,0.009700000,103,103,0
1219,1,1,1920,1080,640,360,ultra-performance,0.001900000,0.026100000,0.275200000,0.735200000,0.017600000,0.157300000,0.818300000,0.177900000,2.513300000,2.511400000,2.209500000,0.303800000,0.003600000,0.023300000,0.014400000,0.233200000,0.302500000,0.302600000,0.090800000,0.002700000,0.638900000,84,0,103,3,7,0.002100000,0.004000000,0.002100000,0.004500000,0.002600000,0.000500000,0.556600000,0.021400000,0.100400000,0.011600000,0.006500000,0.097400000,0.000100000,0.000000000,0.003800000,0.813600000,0.004700000,3,1,7,7,3,,0.207800000,0.005100000,0.299600000,0.056900000,0.015600000,0.053100000,true,true,0.024400000,0.157200000,0.007500000,0.004100000,0.009900000,103,103,0
1220,2,1,1920,1080,640,360,ultra-performance,0.001800000,0.020100000,0.170600000,0.949500000,0.025900000,0.190000000,0.849900000,0.210200000,2.752200000,2.750400000,2.418000000,0.334200000,0.003200000,0.016700000,0.010000000,0.140400000,0.331900000,0.332500000,0.116300000,0.008100000,0.822100000,84,0,103,3,7,0.002400000,0.006200000,0.001700000,0.006000000,0.004900000,0.000800000,0.587400000,0.033400000,0.058300000,0.012200000,0.007700000,0.114500000,0.000100000,0.000000000,0.005700000,0.841300000,0.008600000,3,1,7,7,3,,0.304900000,0.006400000,0.321700000,0.109600000,0.020400000,0.057800000,true,true,0.065800000,0.195100000,0.012500000,0.012400000,0.013400000,103,103,0
1221,0,1,1920,1080,640,360,ultra-performance,0.002200000,0.024400000,0.297900000,0.772000000,0.020500000,0.141900000,0.677000000,0.163900000,2.392400000,2.390200000,2.099800000,0.292600000,0.004300000,0.024900000,0.014200000,0.254000000,0.291400000,0.291500000,0.095000000,0.004100000,0.670200000,84,0,103,3,7,0.001600000,0.003200000,0.001700000,0.004200000,0.002700000,0.000500000,0.489000000,0.013200000,0.069000000,0.006400000,0.003200000,0.074600000,0.000100000,0.000000000,0.003100000,0.672500000,0.004500000,3,1,7,7,3,,0.217800000,0.004500000,0.317100000,0.061900000,0.015800000,0.052400000,true,true,0.027000000,0.160000000,0.010800000,0.004200000,0.010500000,103,103,0
1222,1,1,1920,1080,640,360,ultra-performance,0.002000000,0.020100000,0.265500000,0.762700000,0.020000000,0.147800000,0.695500000,0.232800000,2.430000000,2.428000000,2.146400000,0.283600000,0.003300000,0.022200000,0.014400000,0.225100000,0.281900000,0.282200000,0.084300000,0.003300000,0.672500000,84,0,103,3,7,0.001700000,0.003600000,0.001600000,0.004600000,0.002200000,0.000400000,0.536700000,0.023000000,0.002200000,0.008000000,0.005200000,0.097500000,0.000100000,0.000000000,0.003700000,0.690500000,0.005000000,3,1,7,7,3,,0.213100000,0.004900000,0.309500000,0.063900000,0.017000000,0.063200000,true,true,0.022600000,0.163100000,0.008500000,0.004200000,0.010000000,103,103,0
1223,2,1,1920,1080,640,360,ultra-performance,0.002600000,0.032900000,0.283000000,0.755100000,0.017400000,0.145100000,0.777400000,0.255800000,2.568600000,2.566000000,2.269300000,0.299300000,0.004500000,0.024100000,0.014700000,0.239200000,0.297700000,0.297900000,0.091800000,0.003000000,0.657700000,84,0,103,3,7,0.001800000,0.003400000,0.001600000,0.004400000,0.002800000,0.000500000,0.419400000,0.021900000,0.095900000,0.009500000,0.005400000,0.201800000,0.000000000,0.000000000,0.004500000,0.772900000,0.004500000,3,1,7,7,3,,0.220900000,0.004600000,0.307300000,0.055600000,0.015500000,0.053000000,true,true,0.025500000,0.168100000,0.008000000,0.004500000,0.009600000,103,103,0
1224,0,1,1920,1080,640,360,ultra-performance,0.002200000,0.032200000,0.299000000,0.780300000,0.018100000,0.147300000,0.809000000,0.196900000,2.581800000,2.579600000,2.285000000,0.296800000,0.004600000,0.026500000,0.016700000,0.250600000,0.295100000,0.295300000,0.087600000,0.002900000,0.686900000,84,0,103,3,7,0.001900000,0.003700000,0.001700000,0.004700000,0.003900000,0.000700000,0.513800000,0.023200000,0.119500000,0.011100000,0.006800000,0.109600000,0.000000000,0.000000000,0.003800000,0.804400000,0.004600000,3,1,7,7,3,,0.199800000,0.004600000,0.345500000,0.060200000,0.016400000,0.059500000,true,true,0.023400000,0.150800000,0.007500000,0.004300000,0.009100000,103,103,0
1225,1,1,1920,1080,640,360,ultra-performance,0.002000000,0.029500000,0.279900000,0.739200000,0.017700000,0.155800000,0.945300000,0.307900000,2.781900000,2.779900000,2.477300000,0.304600000,0.003900000,0.025000000,0.015500000,0.234900000,0.302100000,0.302300000,0.093400000,0.002600000,0.640400000,84,0,103,3,7,0.001800000,0.003600000,0.001800000,0.004700000,0.005600000,0.001100000,0.523800000,0.024600000,0.201900000,0.014100000,0.008400000,0.138900000,0.000000000,0.000000000,0.007300000,0.937600000,0.007700000,3,1,7,7,3,,0.206300000,0.004500000,0.302600000,0.054800000,0.017500000,0.054000000,true,true,0.024300000,0.154900000,0.008100000,0.004500000,0.009600000,103,103,0
1226,2,1,1920,1080,640,360,ultra-performance,0.001800000,0.019300000,0.183300000,0.482800000,0.013100000,0.103700000,0.899800000,0.333000000,2.216200000,2.214400000,2.036800000,0.179400000,0.003000000,0.017100000,0.010200000,0.152500000,0.176900000,0.177100000,0.061100000,0.002300000,0.417400000,84,0,103,3,7,0.001200000,0.002600000,0.001100000,0.003300000,0.007100000,0.001300000,0.547400000,0.030300000,0.141800000,0.014600000,0.009800000,0.123100000,0.000100000,0.000000000,0.007600000,0.891300000,0.008500000,3,1,7,7,3,,0.139500000,0.003400000,0.186100000,0.041700000,0.012200000,0.034300000,true,true,0.017200000,0.101700000,0.005800000,0.004100000,0.007300000,103,103,0
1227,0,1,1920,1080,640,360,ultra-performance,0.002000000,0.026600000,0.300600000,0.748500000,0.017600000,0.156800000,1.104100000,0.278100000,2.942300000,2.940300000,2.634300000,0.308000000,0.004400000,0.024700000,0.015600000,0.255400000,0.305800000,0.305900000,0.094800000,0.002900000,0.648000000,84,0,103,3,7,0.001800000,0.003800000,0.001500000,0.004200000,0.012500000,0.002400000,0.557500000,0.023500000,0.279800000,0.020800000,0.011500000,0.168100000,0.000000000,0.000000000,0.005800000,1.093200000,0.010900000,3,1,7,7,3,,0.216200000,0.004500000,0.304000000,0.055700000,0.015600000,0.051300000,true,true,0.024200000,0.165100000,0.008000000,0.003900000,0.009600000,103,103,0
1228,1,1,1920,1080,640,360,ultra-performance,0.003400000,0.048400000,0.216300000,0.815300000,0.028200000,0.148000000,0.769600000,0.202200000,2.447900000,2.444500000,2.231400000,0.216500000,0.009800000,0.042400000,0.012900000,0.149500000,0.213000000,0.213300000,0.080200000,0.006300000,0.725600000,84,0,103,3,7,0.001600000,0.004400000,0.001100000,0.004200000,0.003700000,0.000700000,0.568800000,0.027200000,0.034500000,0.011300000,0.005700000,0.094000000,0.000100000,0.000000000,0.005400000,0.762700000,0.006900000,3,1,7,7,3,,0.239100000,0.006500000,0.305000000,0.100500000,0.018800000,0.054500000,true,true,0.050700000,0.146600000,0.012000000,0.009900000,0.014200000,103,103,0
1229,2,1,1920,1080,640,360,ultra-performance,0.002200000,0.033300000,0.323000000,0.805800000,0.020900000,0.153100000,0.647900000,0.205700000,2.512400000,2.510200000,2.191900000,0.320500000,0.004900000,0.031100000,0.021600000,0.264900000,0.319000000,0.319200000,0.101900000,0.003900000,0.697500000,84,0,103,3,7,0.001900000,0.003300000,0.001600000,0.004600000,0.003900000,0.000600000,0.424800000,0.023200000,0.041400000,0.009600000,0.006500000,0.117400000,0.000100000,0.000000000,0.003600000,0.642500000,0.005400000,3,1,7,7,3,,0.228300000,0.004700000,0.324500000,0.068100000,0.016800000,0.054300000,true,true,0.027900000,0.170900000,0.010500000,0.004300000,0.009700000,103,103,0
1230,0,1,1920,1080,640,360,ultra-performance,0.001800000,0.023700000,0.261000000,0.763500000,0.032800000,0.153700000,0.746900000,0.201400000,2.477200000,2.475400000,2.184800000,0.292400000,0.003200000,0.023200000,0.014600000,0.219500000,0.291000000,0.291200000,0.095300000,0.003400000,0.662000000,84,0,103,3,7,0.001900000,0.003600000,0.001800000,0.004600000,0.003100000,0.000600000,0.515100000,0.026800000,0.051300000,0.010700000,0.006300000,0.110500000,0.000000000,0.000000000,0.004000000,0.740300000,0.006600000,3,1,7,7,3,,0.216300000,0.004400000,0.309700000,0.058800000,0.016800000,0.055300000,true,true,0.024900000,0.163600000,0.008800000,0.004100000,0.009500000,103,103,0
1231,1,1,1920,1080,640,360,ultra-performance,0.002100000,0.032200000,0.285400000,0.756100000,0.018000000,0.152200000,0.861500000,0.239300000,2.651000000,2.648900000,2.346800000,0.304200000,0.004100000,0.024000000,0.016100000,0.240900000,0.302400000,0.302700000,0.092900000,0.003200000,0.657100000,84,0,103,3,7,0.001900000,0.003600000,0.001700000,0.004300000,0.004300000,0.001000000,0.510600000,0.025600000,0.106200000,0.010200000,0.006500000,0.174500000,0.000000000,0.000000000,0.004300000,0.854700000,0.006800000,3,1,7,7,3,,0.215600000,0.004600000,0.309500000,0.057600000,0.016600000,0.052500000,true,true,0.024800000,0.163200000,0.008600000,0.004000000,0.009800000,103,103,0
1232,2,1,1920,1080,640,360,ultra-performance,0.002500000,0.027500000,0.254200000,0.766900000,0.018200000,0.152500000,0.886200000,0.203500000,2.598000000,2.595500000,2.311500000,0.286500000,0.004100000,0.018800000,0.012800000,0.217800000,0.285100000,0.285300000,0.086700000,0.003000000,0.674200000,84,0,103,3,7,0.002100000,0.003700000,0.001700000,0.004500000,0.004700000,0.000800000,0.569500000,0.021900000,0.151000000,0.012300000,0.006600000,0.095800000,0.000000000,0.000000000,0.004100000,0.878700000,0.007500000,3,1,7,7,3,,0.213200000,0.004100000,0.306700000,0.058600000,0.016400000,0.074400000,true,true,0.025600000,0.161600000,0.007500000,0.004000000,0.009900000,103,103,0
1233,0,1,1920,1080,640,360,ultra-performance,0.002900000,0.028000000,0.287200000,0.758200000,0.019200000,0.157900000,0.697600000,0.201700000,2.468600000,2.465700000,2.152700000,0.315900000,0.004100000,0.024200000,0.015000000,0.243300000,0.306500000,0.306700000,0.090600000,0.003000000,0.661600000,84,0,103,3,7,0.002200000,0.003400000,0.001700000,0.004200000,0.003200000,0.000600000,0.532100000,0.022400000,0.006600000,0.010300000,0.006500000,0.095700000,0.000100000,0.000000000,0.003400000,0.692400000,0.005200000,3,1,7,7,3,,0.215300000,0.004500000,0.311300000,0.058200000,0.016600000,0.054900000,true,true,0.023200000,0.163200000,0.009300000,0.004100000,0.009900000,103,103,0
1234,1,1,1920,1080,640,360,ultra-performance,0.002000000,0.028100000,0.177300000,0.655000000,0.012500000,0.112300000,0.575400000,0.161300000,2.017900000,2.015900000,1.723900000,0.294000000,0.003900000,0.022700000,0.010100000,0.140200000,0.292400000,0.292600000,0.099700000,0.003500000,0.549800000,84,0,103,3,7,0.001200000,0.002700000,0.001100000,0.003500000,0.002200000,0.000500000,0.399600000,0.015200000,0.041800000,0.007500000,0.003900000,0.088800000,0.000000000,0.000000000,0.003200000,0.571200000,0.004200000,3,1,7,7,3,,0.223500000,0.004700000,0.231700000,0.043900000,0.011800000,0.033500000,true,true,0.025300000,0.171500000,0.007300000,0.004100000,0.010000000,103,103,0
1235,2,1,1920,1080,640,360,ultra-performance,0.001800000,0.019600000,0.172000000,0.484900000,0.012100000,0.100900000,0.724100000,0.250400000,1.995600000,1.993800000,1.765800000,0.229800000,0.003100000,0.016500000,0.009700000,0.142400000,0.227800000,0.228000000,0.061800000,0.003100000,0.418100000,84,0,103,3,7,0.001200000,0.002600000,0.001200000,0.003800000,0.005200000,0.001000000,0.434100000,0.025100000,0.098100000,0.015100000,0.007500000,0.115200000,0.000000000,0.000000000,0.005900000,0.716000000,0.008100000,3,1,7,7,3,,0.136800000,0.003200000,0.190300000,0.043000000,0.011200000,0.033200000,true,true,0.019000000,0.096700000,0.006700000,0.004100000,0.006600000,103,103,0
1236,0,1,1920,1080,640,360,ultra-performance,0.004100000,0.041600000,0.206300000,0.907400000,0.026100000,0.264600000,1.422000000,0.191600000,3.437200000,3.433100000,3.063700000,0.373500000,0.009600000,0.039100000,0.012700000,0.143800000,0.370500000,0.370900000,0.102000000,0.006500000,0.796100000,84,0,103,3,7,0.001900000,0.005700000,0.001900000,0.005200000,0.005700000,0.001200000,1.013500000,0.052300000,0.066200000,0.028200000,0.012300000,0.208500000,0.000100000,0.000000000,0.007700000,1.410400000,0.011600000,3,1,7,7,3,,0.276000000,0.006300000,0.334800000,0.098000000,0.019700000,0.060200000,true,true,0.056800000,0.180400000,0.011700000,0.009700000,0.011800000,103,103,0
1237,1,1,1920,1080,640,360,ultra-performance,0.002100000,0.026100000,0.284700000,0.752200000,0.019800000,0.151000000,1.122400000,0.277900000,2.923800000,2.921700000,2.636200000,0.287600000,0.004700000,0.028800000,0.014400000,0.235800000,0.285500000,0.285700000,0.091800000,0.003700000,0.654100000,84,0,103,3,7,0.002000000,0.003500000,0.001700000,0.003900000,0.008100000,0.001700000,0.637200000,0.022800000,0.183700000,0.017000000,0.007200000,0.220800000,0.000000000,0.000000000,0.004200000,1.113800000,0.008600000,3,1,7,7,3,,0.210600000,0.004600000,0.296200000,0.073900000,0.015700000,0.052500000,true,true,0.026700000,0.157000000,0.008600000,0.004200000,0.009500000,103,103,0
1238,2,1,1920,1080,640,360,ultra-performance,0.002600000,0.036400000,0.180300000,0.792500000,0.022900000,0.167800000,0.965600000,0.354700000,2.679900000,2.677300000,2.522800000,0.157100000,0.005900000,0.024500000,0.011800000,0.137200000,0.154100000,0.154300000,0.056700000,0.003800000,0.729200000,84,0,103,3,7,0.001800000,0.004400000,0.001800000,0.004000000,0.004900000,0.001100000,0.658900000,0.029700000,0.063300000,0.015000000,0.006400000,0.156600000,0.000200000,0.000000000,0.007600000,0.955700000,0.009900000,3,1,7,7,3,,0.254500000,0.005800000,0.304700000,0.086700000,0.018900000,0.057700000,true,true,0.043700000,0.175500000,0.010700000,0.008400000,0.010700000,103,103,0
1239,0,1,1920,1080,640,360,ultra-performance,0.002800000,0.026200000,0.188600000,0.529800000,0.015600000,0.109200000,0.720000000,0.217200000,1.976200000,1.973400000,1.809400000,0.166800000,0.003900000,0.019200000,0.012000000,0.152800000,0.165500000,0.165600000,0.057900000,0.003400000,0.466400000,84,0,103,3,7,0.001300000,0.002700000,0.001100000,0.003400000,0.002700000,0.000400000,0.512200000,0.017900000,0.043700000,0.008500000,0.004400000,0.112900000,0.000000000,0.000000000,0.003800000,0.715000000,0.005000000,3,1,7,7,3,,0.143600000,0.003300000,0.210600000,0.050000000,0.015400000,0.042900000,true,true,0.019400000,0.102700000,0.007100000,0.003700000,0.007300000,103,103,0
1240,1,1,1920,1080,640,360,ultra-performance,0.002100000,0.026400000,0.271700000,0.750200000,0.017000000,0.146600000,0.939400000,0.358600000,2.824600000,2.822500000,2.512000000,0.312600000,0.004400000,0.023700000,0.014300000,0.228900000,0.309300000,0.309500000,0.094000000,0.003100000,0.650400000,84,0,103,3,7,0.001600000,0.003300000,0.001600000,0.004000000,0.008800000,0.001800000,0.568200000,0.030200000,0.130300000,0.017900000,0.011200000,0.138600000,0.000100000,0.000000000,0.009400000,0.927000000,0.012400000,3,1,7,7,3,,0.211800000,0.004200000,0.303900000,0.056900000,0.016800000,0.056000000,true,true,0.025400000,0.160600000,0.008100000,0.003900000,0.009400000,103,103,0
1241,2,1,1920,1080,640,360,ultra-performance,0.003200000,0.046500000,0.312800000,0.871200000,0.026800000,0.178500000,0.971700000,0.241500000,2.936600000,2.933400000,2.652200000,0.284400000,0.008500000,0.043000000,0.018500000,0.241800000,0.281400000,0.281900000,0.094900000,0.005700000,0.767300000,84,0,103,3,7,0.001800000,0.005000000,0.001600000,0.005400000,0.005400000,0.001100000,0.600000000,0.028500000,0.098300000,0.014800000,0.007200000,0.185700000,0.000100000,0.000000000,0.007600000,0.962500000,0.009200000,3,1,7,7,3,,0.265800000,0.006400000,0.322200000,0.094300000,0.019500000,0.058000000,true,true,0.050900000,0.178600000,0.011400000,0.008300000,0.011700000,103,103,0
1242,0,1,1920,1080,640,360,ultra-performance,0.001900000,0.020500000,0.182300000,0.854700000,0.024300000,0.168400000,1.214600000,0.249100000,3.023300000,3.021400000,2.715800000,0.307500000,0.003400000,0.019500000,0.010400000,0.148500000,0.303500000,0.304000000,0.118800000,0.004900000,0.728300000,84,0,103,3,7,0.002100000,0.004500000,0.001400000,0.012500000,0.006200000,0.002000000,0.820800000,0.037500000,0.079100000,0.020400000,0.008700000,0.199100000,0.000100000,0.000000000,0.009100000,1.203500000,0.011100000,3,1,7,7,3,,0.244900000,0.006300000,0.323100000,0.080000000,0.018400000,0.054800000,true,true,0.039300000,0.170500000,0.011300000,0.007800000,0.010600000,103,103,0
1243,1,1,1920,1080,640,360,ultra-performance,0.002000000,0.020600000,0.205300000,0.530800000,0.015900000,0.105100000,0.727300000,0.167300000,1.943600000,1.941600000,1.774300000,0.169300000,0.003500000,0.018900000,0.013200000,0.169100000,0.167800000,0.167900000,0.059700000,0.003000000,0.466200000,84,0,103,3,7,0.001300000,0.002700000,0.001200000,0.003700000,0.005300000,0.001100000,0.422800000,0.024300000,0.126900000,0.012700000,0.006200000,0.109200000,0.000000000,0.000000000,0.003900000,0.721300000,0.006000000,3,1,7,7,3,,0.153100000,0.003500000,0.210600000,0.051000000,0.011800000,0.035700000,true,true,0.019000000,0.112500000,0.007200000,0.003600000,0.007100000,103,103,0
1244,2,1,1920,1080,640,360,ultra-performance,0.001800000,0.022500000,0.201400000,0.498300000,0.016300000,0.105300000,0.900800000,0.206100000,2.132500000,2.130700000,1.952500000,0.180000000,0.003200000,0.018600000,0.010000000,0.169300000,0.178400000,0.178600000,0.057700000,0.002300000,0.435700000,84,0,103,3,7,0.001300000,0.002800000,0.001000000,0.003500000,0.003500000,0.000900000,0.523600000,0.023100000,0.211600000,0.011800000,0.006900000,0.099900000,0.000000000,0.000000000,0.004000000,0.893900000,0.006900000,3,1,7,7,3,,0.133900000,0.002700000,0.190200000,0.044000000,0.014300000,0.049900000,true,true,0.016900000,0.099200000,0.006100000,0.002900000,0.005900000,103,103,0
1245,0,1,1920,1080,640,360,ultra-performance,0.002600000,0.027700000,0.292100000,0.522800000,0.012900000,0.110300000,1.122100000,0.538400000,2.932900000,2.930300000,2.628900000,0.304000000,0.004000000,0.025500000,0.014800000,0.247200000,0.300600000,0.300900000,0.087600000,0.002900000,0.430300000,84,0,103,3,7,0.001400000,0.002600000,0.001100000,0.003500000,0.007300000,0.001600000,0.656200000,0.028200000,0.056000000,0.016900000,0.008100000,0.318200000,0.000100000,0.000000000,0.010100000,1.111300000,0.010800000,3,1,7,7,3,,0.152900000,0.003100000,0.187200000,0.041800000,0.011400000,0.033300000,true,true,0.023000000,0.110000000,0.006000000,0.003800000,0.006700000,103,103,0
1246,1,1,1920,1080,640,360,ultra-performance,0.003000000,0.046400000,0.201100000,0.841100000,0.025300000,0.173800000,1.027800000,0.237000000,2.715900000,2.712900000,2.555500000,0.160400000,0.008300000,0.031700000,0.012600000,0.147300000,0.157400000,0.157800000,0.061500000,0.006700000,0.770200000,84,0,103,3,7,0.002000000,0.004500000,0.001700000,0.005100000,0.006100000,0.001200000,0.532000000,0.028900000,0.294400000,0.012400000,0.006600000,0.119800000,0.000100000,0.000000000,0.006200000,1.021000000,0.006800000,3,1,7,7,3,,0.270600000,0.006200000,0.321800000,0.092600000,0.019000000,0.059200000,true,true,0.047400000,0.184200000,0.012200000,0.009400000,0.011800000,103,103,0
1247,2,1,1920,1080,640,360,ultra-performance,0.002200000,0.032200000,0.171400000,0.784600000,0.024100000,0.167900000,0.891300000,0.213900000,2.446400000,2.444200000,2.287600000,0.158800000,0.005500000,0.022500000,0.010600000,0.132200000,0.157000000,0.157300000,0.053000000,0.003000000,0.725700000,84,0,103,3,7,0.002000000,0.004900000,0.001600000,0.004800000,0.003200000,0.000800000,0.557300000,0.021400000,0.167300000,0.010900000,0.005200000,0.100000000,0.000100000,0.000000000,0.005000000,0.884500000,0.006800000,3,1,7,7,3,,0.262800000,0.006300000,0.300200000,0.084200000,0.017600000,0.054000000,true,true,0.024000000,0.203200000,0.013000000,0.006200000,0.010800000,103,103,0
1248,0,1,1920,1080,640,360,ultra-performance,0.002000000,0.020700000,0.178900000,0.525000000,0.019700000,0.127300000,0.868800000,0.192800000,2.104800000,2.102800000,1.935200000,0.169600000,0.003900000,0.019300000,0.010700000,0.144400000,0.167800000,0.167900000,0.060300000,0.003100000,0.459500000,84,0,103,3,7,0.001200000,0.002900000,0.001200000,0.004100000,0.004200000,0.000700000,0.417300000,0.027300000,0.282300000,0.012000000,0.006200000,0.099000000,0.000100000,0.000000000,0.004200000,0.862700000,0.006100000,3,1,7,7,3,,0.142200000,0.003300000,0.212200000,0.047900000,0.012300000,0.041100000,true,true,0.020200000,0.100800000,0.007100000,0.003700000,0.007200000,103,103,0
1249,1,1,1920,1080,640,360,ultra-performance,0.002200000,0.033300000,0.301300000,0.776500000,0.018700000,0.162800000,0.685500000,0.170300000,2.473900000,2.471700000,2.150600000,0.323300000,0.004300000,0.024800000,0.014000000,0.257700000,0.322000000,0.322200000,0.096500000,0.003000000,0.674000000,84,0,103,3,7,0.001800000,0.003600000,0.001700000,0.004500000,0.002600000,0.000600000,0.506000000,0.022400000,0.016600000,0.008900000,0.004800000,0.104700000,0.000100000,0.000000000,0.003200000,0.681500000,0.004000000,3,1,7,7,3,,0.220900000,0.004700000,0.317400000,0.057900000,0.016400000,0.056000000,true,true,0.024900000,0.168500000,0.008100000,0.004300000,0.010100000,103,103,0
1250,2,1,1920,1080,640,360,ultra-performance,0.001700000,0.022500000,0.170800000,0.473500000,0.013300000,0.101900000,0.842000000,0.244200000,2.047600000,2.045900000,1.869900000,0.177700000,0.003300000,0.016500000,0.009600000,0.141100000,0.175300000,0.175500000,0.054000000,0.002200000,0.415400000,84,0,103,3,7,0.001200000,0.003000000,0.001100000,0.003700000,0.006900000,0.001300000,0.445300000,0.021800000,0.178200000,0.013900000,0.006200000,0.103300000,0.000000000,0.000000000,0.004900000,0.790800000,0.051200000,3,1,7,7,3,,0.141400000,0.004300000,0.183500000,0.040800000,0.011500000,0.033600000,true,true,0.017100000,0.103400000,0.006000000,0.003300000,0.006600000,103,103,0
1251,0,1,1920,1080,640,360,ultra-performance,0.003800000,0.046200000,0.191100000,0.865700000,0.025500000,0.179400000,0.716500000,0.199500000,2.477600000,2.473800000,2.227700000,0.249900000,0.010000000,0.032000000,0.012700000,0.135200000,0.247600000,0.248200000,0.097500000,0.005600000,0.759900000,84,0,103,3,7,0.002100000,0.005600000,0.001700000,0.005400000,0.004000000,0.000700000,0.488600000,0.020600000,0.064700000,0.010700000,0.006200000,0.094100000,0.000200000,0.000000000,0.005000000,0.709600000,0.006900000,3,1,7,7,3,,0.259700000,0.005700000,0.328000000,0.088000000,0.019700000,0.058200000,true,true,0.046000000,0.177300000,0.011200000,0.008000000,0.011600000,103,103,0
1252,1,1,1920,1080,640,360,ultra-performance,0.002100000,0.021800000,0.183100000,0.530200000,0.013700000,0.101900000,1.216700000,0.286800000,2.526000000,2.523900000,2.356300000,0.169700000,0.003800000,0.019600000,0.010600000,0.148600000,0.167100000,0.167300000,0.059200000,0.003000000,0.466100000,84,0,103,3,7,0.001300000,0.002700000,0.001100000,0.003700000,0.005200000,0.001000000,0.899200000,0.077500000,0.083300000,0.014100000,0.006700000,0.107000000,0.000100000,0.000000000,0.006000000,1.208900000,0.007800000,3,1,7,7,3,,0.164800000,0.003500000,0.201800000,0.049100000,0.011900000,0.034500000,true,true,0.020200000,0.119200000,0.010500000,0.003700000,0.007500000,103,103,0
1253,2,1,1920,1080,640,360,ultra-performance,0.003300000,0.032800000,0.274100000,0.458000000,0.012300000,0.093200000,1.012500000,0.275900000,2.335200000,2.331900000,2.162100000,0.173100000,0.005700000,0.031900000,0.019100000,0.216600000,0.169900000,0.170100000,0.059200000,0.002600000,0.394300000,84,0,103,3,7,0.001100000,0.002200000,0.001000000,0.003400000,0.006000000,0.001100000,0.527400000,0.031600000,0.218300000,0.021600000,0.008900000,0.172100000,0.000000000,0.000000000,0.007400000,1.002100000,0.010400000,3,1,7,7,3,,0.130300000,0.002700000,0.181300000,0.036300000,0.010500000,0.032900000,true,true,0.017400000,0.095700000,0.006000000,0.002500000,0.005800000,103,103,0
1254,0,1,1920,1080,640,360,ultra-performance,0.002800000,0.034900000,0.221400000,0.527000000,0.012800000,0.095800000,0.764700000,0.183100000,2.018000000,2.015200000,1.842500000,0.175500000,0.007400000,0.028000000,0.013000000,0.172100000,0.173400000,0.173700000,0.062700000,0.002000000,0.460400000,84,0,103,3,7,0.001200000,0.002600000,0.001100000,0.003500000,0.004200000,0.001000000,0.486700000,0.014900000,0.092700000,0.010400000,0.004400000,0.133300000,0.000000000,0.000000000,0.003600000,0.759600000,0.005100000,3,1,7,7,3,,0.138600000,0.003500000,0.234400000,0.039100000,0.011300000,0.032900000,true,true,0.017400000,0.099800000,0.006100000,0.003300000,0.008200000,103,103,0
1255,1,1,1920,1080,640,360,ultra-performance,0.001800000,0.019900000,0.188200000,0.521000000,0.012400000,0.100600000,0.770400000,0.192800000,1.977000000,1.975200000,1.807100000,0.169900000,0.003200000,0.017700000,0.009700000,0.157100000,0.168100000,0.168300000,0.055600000,0.002000000,0.461500000,84,0,103,3,7,0.001100000,0.002700000,0.001100000,0.003800000,0.003400000,0.000700000,0.504900000,0.017900000,0.104500000,0.012000000,0.005700000,0.101200000,0.000000000,0.000000000,0.004700000,0.763700000,0.006700000,3,1,7,7,3,,0.139700000,0.004500000,0.229000000,0.043500000,0.011300000,0.033100000,true,true,0.016900000,0.096900000,0.008300000,0.004400000,0.008900000,103,103,0
1256,2,1,1920,1080,640,360,ultra-performance,0.001900000,0.030600000,0.226900000,0.526500000,0.012600000,0.096500000,0.833800000,0.160900000,2.058900000,2.057000000,1.889700000,0.169200000,0.006100000,0.030100000,0.010200000,0.179300000,0.167000000,0.167500000,0.059900000,0.002400000,0.462400000,84,0,103,3,7,0.001100000,0.002500000,0.001200000,0.003300000,0.002800000,0.000900000,0.532500000,0.016700000,0.075500000,0.013100000,0.005000000,0.167300000,0.000000000,0.000000000,0.005200000,0.827100000,0.006700000,3,1,7,7,3,,0.137900000,0.002800000,0.233900000,0.041900000,0.011900000,0.033500000,true,true,0.017800000,0.101400000,0.006200000,0.003300000,0.006000000,103,103,0
1257,0,1,1920,1080,640,360,ultra-performance,0.001800000,0.025300000,0.198400000,0.483500000,0.012900000,0.090600000,0.756800000,0.152500000,1.900000000,1.898200000,1.721800000,0.178200000,0.004300000,0.022100000,0.011000000,0.159700000,0.176500000,0.176800000,0.065100000,0.002200000,0.414300000,84,0,103,3,7,0.001200000,0.002200000,0.001000000,0.003100000,0.003000000,0.000600000,0.508300000,0.015800000,0.025200000,0.016200000,0.007000000,0.159800000,0.000100000,0.000000000,0.005100000,0.748600000,0.008200000,3,1,7,7,3,,0.140800000,0.002700000,0.192100000,0.035800000,0.010600000,0.031900000,true,true,0.022900000,0.099500000,0.006700000,0.003100000,0.005800000,103,103,0
1258,1,1,1920,1080,640,360,ultra-performance,0.001700000,0.024400000,0.210500000,0.508400000,0.012500000,0.099300000,0.827200000,0.158500000,2.022700000,2.021000000,1.842500000,0.180200000,0.003400000,0.017800000,0.011200000,0.177700000,0.178400000,0.178600000,0.062300000,0.002000000,0.441900000,84,0,103,3,7,0.001300000,0.002700000,0.001000000,0.003500000,0.003800000,0.000800000,0.508100000,0.021500000,0.083100000,0.016100000,0.006500000,0.165300000,0.000100000,0.000000000,0.004500000,0.818300000,0.008900000,3,1,7,7,3,,0.139800000,0.002600000,0.188300000,0.044400000,0.015800000,0.050500000,true,true,0.017000000,0.104000000,0.006600000,0.003200000,0.006200000,103,103,0
1259,2,1,1920,1080,640,360,ultra-performance,0.001800000,0.028800000,0.213400000,0.788000000,0.023400000,0.163800000,0.873500000,0.331400000,2.665500000,2.663700000,2.424100000,0.241400000,0.003900000,0.024100000,0.014700000,0.170200000,0.237800000,0.238100000,0.097600000,0.005800000,0.681900000,84,0,103,3,7,0.002200000,0.004600000,0.001500000,0.004400000,0.005900000,0.001200000,0.629500000,0.025400000,0.038800000,0.013800000,0.007300000,0.117400000,0.000200000,0.000000000,0.009600000,0.861800000,0.011700000,3,1,7,7,3,,0.236600000,0.005500000,0.287200000,0.082600000,0.017300000,0.051700000,true,true,0.051400000,0.154200000,0.010100000,0.006100000,0.010200000,103,103,0
1260,0,1,1920,1080,640,360,ultra-performance,0.001900000,0.023100000,0.228900000,0.527800000,0.014000000,0.111400000,0.759000000,0.162800000,1.997900000,1.996000000,1.828900000,0.169000000,0.003600000,0.020100000,0.013500000,0.191300000,0.166500000,0.166700000,0.059700000,0.002900000,0.463300000,84,0,103,3,7,0.001200000,0.002700000,0.001000000,0.003300000,0.003100000,0.000700000,0.514100000,0.020200000,0.100300000,0.010200000,0.004600000,0.087000000,0.000000000,0.000000000,0.004900000,0.753300000,0.005700000,3,1,7,7,3,,0.146500000,0.003300000,0.209400000,0.057300000,0.011800000,0.034600000,true,true,0.019100000,0.106200000,0.006600000,0.003900000,0.007000000,103,103,0
1261,1,1,1920,1080,640,360,ultra-performance,0.001800000,0.025800000,0.245900000,0.721700000,0.021100000,0.150100000,0.608300000,0.244900000,2.271900000,2.270100000,2.019600000,0.252300000,0.004400000,0.019700000,0.011500000,0.209800000,0.250600000,0.251000000,0.084900000,0.004400000,0.630100000,84,0,103,3,7,0.001900000,0.004400000,0.001600000,0.004800000,0.002800000,0.000400000,0.478400000,0.019000000,0.004700000,0.007500000,0.004400000,0.069500000,0.000100000,0.000000000,0.003700000,0.603200000,0.005100000,3,1,7,7,3,,0.222700000,0.006000000,0.261100000,0.072300000,0.016300000,0.051100000,true,true,0.041200000,0.151300000,0.010400000,0.005000000,0.009900000,103,103,0
1262,2,1,1920,1080,640,360,ultra-performance,0.002000000,0.026900000,0.237900000,0.655000000,0.018300000,0.144500000,0.948200000,0.210500000,2.493900000,2.491900000,2.243300000,0.250600000,0.003800000,0.021400000,0.016000000,0.196200000,0.248000000,0.248300000,0.074900000,0.004100000,0.573400000,84,0,103,3,7,0.001700000,0.003700000,0.001400000,0.003700000,0.004500000,0.001200000,0.718000000,0.028700000,0.030500000,0.013100000,0.006300000,0.117800000,0.000000000,0.000000000,0.008500000,0.939100000,0.009100000,3,1,7,7,3,,0.192700000,0.004600000,0.248800000,0.064500000,0.015600000,0.046200000,true,true,0.027700000,0.140000000,0.007600000,0.004000000,0.009100000,103,103,0
1263,0,1,1920,1080,640,360,ultra-performance,0.002100000,0.020800000,0.192900000,0.511200000,0.014500000,0.103200000,0.925200000,0.188700000,2.133300000,2.131200000,1.958600000,0.174700000,0.003700000,0.021800000,0.012100000,0.154800000,0.172500000,0.172700000,0.058300000,0.002700000,0.448400000,84,0,103,3,7,0.001400000,0.002600000,0.001200000,0.003500000,0.003500000,0.000600000,0.617500000,0.026800000,0.047800000,0.012800000,0.004900000,0.189900000,0.000000000,0.000000000,0.004300000,0.916800000,0.008400000,3,1,7,7,3,,0.144400000,0.003300000,0.199400000,0.055000000,0.011600000,0.034300000,true,true,0.018100000,0.105700000,0.007000000,0.003500000,0.007000000,103,103,0
1264,1,1,1920,1080,640,360,ultra-performance,0.001800000,0.023900000,0.216700000,0.701200000,0.021400000,0.153900000,0.748200000,0.168900000,2.296200000,2.294400000,2.036000000,0.260200000,0.003500000,0.018300000,0.012100000,0.182200000,0.258600000,0.258800000,0.084300000,0.004000000,0.610400000,84,0,103,3,7,0.001800000,0.003800000,0.001400000,0.003800000,0.003000000,0.000500000,0.399600000,0.021100000,0.164200000,0.011000000,0.004500000,0.120900000,0.000000000,0.000000000,0.004400000,0.740000000,0.008200000,3,1,7,7,3,,0.200400000,0.004900000,0.270800000,0.069600000,0.015800000,0.048200000,true,true,0.028300000,0.144200000,0.009700000,0.004500000,0.009000000,103,103,0
1265,2,1,1920,1080,640,360,ultra-performance,0.001900000,0.028900000,0.243700000,0.664700000,0.018900000,0.142200000,0.742400000,0.187100000,2.280300000,2.278400000,2.029800000,0.250500000,0.003600000,0.022500000,0.014600000,0.202400000,0.249100000,0.249400000,0.088900000,0.003100000,0.570600000,84,0,103,3,7,0.001600000,0.003800000,0.001500000,0.004100000,0.002800000,0.000900000,0.572900000,0.019200000,0.005300000,0.008100000,0.005300000,0.108200000,0.000100000,0.000000000,0.003600000,0.737400000,0.005000000,3,1,7,7,3,,0.187000000,0.004400000,0.255600000,0.061700000,0.015600000,0.045800000,true,true,0.024800000,0.137800000,0.007800000,0.004600000,0.007800000,103,103,0
1266,0,1,1920,1080,640,360,ultra-performance,0.002100000,0.028000000,0.236600000,0.535300000,0.016900000,0.148600000,0.577700000,0.189400000,2.006300000,2.004200000,1.734600000,0.271700000,0.003400000,0.021000000,0.013000000,0.198700000,0.270000000,0.270300000,0.081500000,0.003400000,0.448500000,84,0,103,3,7,0.002500000,0.004700000,0.001600000,0.004600000,0.002400000,0.000400000,0.327300000,0.024600000,0.099400000,0.011400000,0.004400000,0.084300000,0.000100000,0.000000000,0.003600000,0.571300000,0.006400000,3,1,7,7,3,,0.167000000,0.003800000,0.178800000,0.051900000,0.013000000,0.033600000,true,true,0.024800000,0.120400000,0.007000000,0.004300000,0.006900000,103,103,0
1267,1,1,1920,1080,640,360,ultra-performance,0.001600000,0.022200000,0.156700000,0.608700000,0.018600000,0.136900000,0.902500000,0.273300000,2.279000000,2.277400000,2.120500000,0.158500000,0.002900000,0.015300000,0.008700000,0.129500000,0.155600000,0.155700000,0.053600000,0.004000000,0.547400000,84,0,103,3,7,0.001500000,0.003300000,0.001500000,0.004100000,0.004800000,0.001100000,0.629600000,0.022700000,0.077100000,0.012800000,0.007000000,0.119100000,0.000100000,0.000000000,0.009300000,0.894000000,0.008500000,3,1,7,7,3,,0.131000000,0.003300000,0.294300000,0.056000000,0.015700000,0.046600000,true,true,0.016900000,0.093900000,0.006500000,0.004000000,0.006500000,103,103,0
1268,2,1,1920,1080,640,360,ultra-performance,0.001900000,0.025100000,0.180300000,0.535100000,0.015000000,0.103700000,0.705700000,0.158800000,1.895500000,1.893600000,1.725600000,0.169900000,0.004100000,0.019000000,0.011700000,0.144700000,0.168300000,0.168400000,0.057800000,0.002800000,0.472500000,84,0,103,3,7,0.001300000,0.002800000,0.001200000,0.003500000,0.002100000,0.000400000,0.513800000,0.017300000,0.051600000,0.011100000,0.004700000,0.084700000,0.000000000,0.000000000,0.004300000,0.698800000,0.006900000,3,1,7,7,3,,0.144000000,0.003500000,0.221700000,0.055900000,0.012100000,0.035000000,true,true,0.018700000,0.104100000,0.007100000,0.003600000,0.007300000,103,103,0
1269,0,1,1920,1080,640,360,ultra-performance,0.001700000,0.019900000,0.179900000,0.473200000,0.017800000,0.126900000,0.762900000,0.181500000,1.933000000,1.931300000,1.763800000,0.169200000,0.003100000,0.016500000,0.011600000,0.148400000,0.168200000,0.168300000,0.053200000,0.002000000,0.415700000,84,0,103,3,7,0.001300000,0.002900000,0.001100000,0.003800000,0.004000000,0.001000000,0.507000000,0.018100000,0.087800000,0.011700000,0.005100000,0.110400000,0.000000000,0.000000000,0.003700000,0.757900000,0.005000000,3,1,7,7,3,,0.142700000,0.003100000,0.183100000,0.039500000,0.011000000,0.035800000,true,true,0.016700000,0.107200000,0.006200000,0.003400000,0.006300000,103,103,0
1270,1,1,1920,1080,640,360,ultra-performance,0.001700000,0.020700000,0.171000000,0.473300000,0.012000000,0.101300000,0.829400000,0.156400000,1.960900000,1.959200000,1.765800000,0.195100000,0.003100000,0.016900000,0.009700000,0.140800000,0.193100000,0.193300000,0.057700000,0.002200000,0.411600000,84,0,103,3,7,0.001200000,0.002600000,0.001100000,0.003700000,0.004300000,0.000600000,0.606600000,0.024200000,0.029000000,0.012400000,0.005200000,0.126000000,0.000000000,0.000000000,0.005500000,0.822400000,0.007000000,3,1,7,7,3,,0.133300000,0.003200000,0.187700000,0.042600000,0.011100000,0.033200000,true,true,0.016900000,0.098000000,0.005800000,0.002700000,0.006300000,103,103,0
1271,2,1,1920,1080,640,360,ultra-performance,0.001800000,0.024800000,0.214700000,0.480200000,0.013400000,0.093300000,0.761200000,0.193200000,1.953500000,1.951700000,1.782600000,0.170900000,0.003500000,0.024300000,0.013100000,0.173100000,0.169200000,0.169500000,0.064000000,0.002500000,0.411800000,84,0,103,3,7,0.001100000,0.002400000,0.001100000,0.003700000,0.006200000,0.001400000,0.470300000,0.014900000,0.126100000,0.009600000,0.004700000,0.110900000,0.000000000,0.000000000,0.003800000,0.756200000,0.005000000,3,1,7,7,3,,0.135800000,0.002800000,0.190100000,0.038700000,0.011300000,0.032800000,true,true,0.017400000,0.099800000,0.006900000,0.002800000,0.005900000,103,103,0
1272,0,1,1920,1080,640,360,ultra-performance,0.001900000,0.015500000,0.170400000,0.513600000,0.013000000,0.101200000,0.764000000,0.188500000,1.958100000,1.956200000,1.768100000,0.190000000,0.003200000,0.017500000,0.010100000,0.139200000,0.188300000,0.188400000,0.056800000,0.002100000,0.452600000,84,0,103,3,7,0.001100000,0.002700000,0.001000000,0.003700000,0.003200000,0.000700000,0.556200000,0.017800000,0.062500000,0.010600000,0.005000000,0.090300000,0.000100000,0.000000000,0.004300000,0.759200000,0.004800000,3,1,7,7,3,,0.131300000,0.002700000,0.229000000,0.043900000,0.011600000,0.033500000,true,true,0.017400000,0.096600000,0.005400000,0.003100000,0.005800000,103,103,0
1273,1,1,1920,1080,640,360,ultra-performance,0.001900000,0.021800000,0.171100000,0.470200000,0.012200000,0.099300000,0.737600000,0.158700000,1.843100000,1.841200000,1.672800000,0.170300000,0.003200000,0.017400000,0.010500000,0.139800000,0.168500000,0.168600000,0.054400000,0.002200000,0.411700000,84,0,103,3,7,0.001300000,0.002500000,0.001100000,0.003400000,0.003700000,0.000700000,0.500200000,0.023000000,0.018300000,0.009700000,0.005600000,0.156700000,0.000100000,0.000000000,0.005300000,0.731600000,0.006000000,3,1,7,7,3,,0.130900000,0.003100000,0.187400000,0.045800000,0.011000000,0.033200000,true,true,0.016800000,0.095600000,0.005400000,0.003600000,0.006500000,103,103,0
1274,2,1,1920,1080,640,360,ultra-performance,0.001700000,0.023400000,0.176200000,0.528200000,0.013700000,0.096900000,0.975700000,0.205100000,2.178100000,2.176400000,2.020900000,0.157200000,0.003500000,0.018700000,0.012400000,0.140900000,0.155600000,0.155700000,0.054900000,0.003200000,0.468200000,84,0,103,3,7,0.001200000,0.002300000,0.001100000,0.003500000,0.003000000,0.000500000,0.666200000,0.021600000,0.110500000,0.017300000,0.007300000,0.128400000,0.000100000,0.000000000,0.004200000,0.967200000,0.008500000,3,1,7,7,3,,0.175300000,0.003600000,0.203300000,0.040900000,0.011700000,0.032800000,true,true,0.023100000,0.117900000,0.012000000,0.003400000,0.010700000,103,103,0
1275,0,1,1920,1080,640,360,ultra-performance,0.001900000,0.018200000,0.171400000,0.451800000,0.012200000,0.096500000,1.119600000,0.388600000,2.437000000,2.435100000,2.260200000,0.176800000,0.003000000,0.017500000,0.010300000,0.140000000,0.173800000,0.174000000,0.053200000,0.002400000,0.394300000,84,0,103,3,7,0.001200000,0.002500000,0.001100000,0.003200000,0.007100000,0.001500000,0.601000000,0.021800000,0.192900000,0.014900000,0.007500000,0.242700000,0.000000000,0.000000000,0.011200000,1.108600000,0.011000000,3,1,7,7,3,,0.132600000,0.002900000,0.179000000,0.036900000,0.010200000,0.032300000,true,true,0.017600000,0.096900000,0.005800000,0.003300000,0.006200000,103,103,0
1276,1,1,1920,1080,640,360,ultra-performance,0.004700000,0.047900000,0.191100000,0.580800000,0.016800000,0.112000000,0.902600000,0.191800000,2.215700000,2.211000000,2.047700000,0.168000000,0.008500000,0.026200000,0.012200000,0.143600000,0.165500000,0.165700000,0.060000000,0.004800000,0.509500000,84,0,103,3,7,0.002200000,0.004000000,0.001900000,0.005700000,0.003200000,0.000500000,0.733000000,0.018800000,0.002300000,0.009600000,0.006800000,0.101600000,0.000000000,0.000000000,0.006900000,0.896500000,0.006100000,3,1,7,7,3,,0.167900000,0.004400000,0.196100000,0.055100000,0.034900000,0.050400000,true,true,0.034400000,0.104100000,0.010700000,0.005000000,0.010100000,103,103,0
1277,2,1,1920,1080,640,360,ultra-performance,0.001700000,0.021800000,0.174000000,0.534800000,0.013400000,0.100800000,0.796100000,0.170500000,1.981300000,1.979600000,1.813100000,0.168200000,0.003300000,0.018100000,0.010400000,0.141600000,0.166200000,0.166400000,0.061800000,0.002900000,0.468100000,84,0,103,3,7,0.001200000,0.002500000,0.001000000,0.003500000,0.004800000,0.001000000,0.482800000,0.020600000,0.130600000,0.012400000,0.005900000,0.115800000,0.000000000,0.000000000,0.007100000,0.789200000,0.006900000,3,1,7,7,3,,0.135000000,0.003100000,0.236700000,0.046800000,0.011900000,0.034000000,true,true,0.017700000,0.098100000,0.005900000,0.003400000,0.006800000,103,103,0
1278,0,1,1920,1080,640,360,ultra-performance,0.001800000,0.017900000,0.193200000,0.479800000,0.011500000,0.099600000,0.826100000,0.156400000,1.956700000,1.954900000,1.786300000,0.170400000,0.003200000,0.016700000,0.010300000,0.162700000,0.168300000,0.168500000,0.056500000,0.002200000,0.419200000,84,0,103,3,7,0.001200000,0.002600000,0.001000000,0.003700000,0.003900000,0.001100000,0.559100000,0.022300000,0.084300000,0.013600000,0.006200000,0.114400000,0.000000000,0.000000000,0.006600000,0.820000000,0.006100000,3,1,7,7,3,,0.132500000,0.003200000,0.196700000,0.042300000,0.011100000,0.032900000,true,true,0.016800000,0.096500000,0.005800000,0.003700000,0.006500000,103,103,0
1279,1,1,1920,1080,640,360,ultra-performance,0.001800000,0.019200000,0.187200000,0.447600000,0.013700000,0.126700000,0.964700000,0.227500000,2.158600000,2.156800000,1.988400000,0.170200000,0.003100000,0.016800000,0.026700000,0.140300000,0.167600000,0.167700000,0.057000000,0.002200000,0.386300000,84,0,103,3,7,0.001000000,0.002600000,0.001000000,0.003200000,0.003400000,0.000500000,0.647700000,0.036400000,0.048300000,0.021700000,0.008800000,0.175600000,0.000100000,0.000000000,0.005100000,0.955400000,0.009300000,3,1,7,7,3,,0.126200000,0.002700000,0.175600000,0.035400000,0.010000000,0.036100000,true,true,0.015500000,0.094000000,0.005900000,0.002400000,0.005500000,103,103,0
1280,2,1,1920,1080,640,360,ultra-performance,0.002800000,0.031700000,0.200400000,0.641600000,0.016800000,0.115200000,0.797100000,0.360900000,2.361800000,2.359000000,2.166500000,0.195300000,0.004400000,0.020000000,0.013100000,0.162500000,0.192600000,0.192700000,0.079200000,0.003500000,0.557000000,84,0,103,3,7,0.001700000,0.003300000,0.001200000,0.003800000,0.005700000,0.001100000,0.506000000,0.022300000,0.110600000,0.012900000,0.006700000,0.105800000,0.000000000,0.000000000,0.008400000,0.789500000,0.007600000,3,1,7,7,3,,0.186100000,0.004700000,0.264100000,0.054300000,0.012400000,0.034900000,true,true,0.026300000,0.127800000,0.010700000,0.004700000,0.011600000,103,103,0
1281,0,1,1920,1080,640,360,ultra-performance,0.003400000,0.048400000,0.189900000,0.517700000,0.014400000,0.104000000,0.697900000,0.168600000,1.976200000,1.972800000,1.744300000,0.231900000,0.003600000,0.020700000,0.013100000,0.152000000,0.230100000,0.230200000,0.064100000,0.002700000,0.449100000,84,0,103,3,7,0.001200000,0.002600000,0.001000000,0.003900000,0.003100000,0.000700000,0.481800000,0.017900000,0.051400000,0.010000000,0.005200000,0.107100000,0.000000000,0.000000000,0.005300000,0.691200000,0.006700000,3,1,7,7,3,,0.145300000,0.003400000,0.206500000,0.048200000,0.011400000,0.033900000,true,true,0.019000000,0.104400000,0.007000000,0.003600000,0.007600000,103,103,0
1282,1,1,1920,1080,640,360,ultra-performance,0.001800000,0.026000000,0.175700000,0.557000000,0.013100000,0.103000000,0.827500000,0.225100000,2.171700000,2.169900000,1.929200000,0.242500000,0.004100000,0.019400000,0.012100000,0.139500000,0.240200000,0.240400000,0.098200000,0.002700000,0.454000000,84,0,103,3,7,0.001200000,0.002900000,0.001100000,0.003700000,0.003800000,0.001000000,0.577000000,0.025900000,0.049000000,0.013300000,0.005600000,0.129700000,0.000000000,0.000000000,0.007300000,0.821500000,0.006000000,3,1,7,7,3,,0.155200000,0.003300000,0.203400000,0.045000000,0.012400000,0.034300000,true,true,0.024600000,0.108200000,0.007100000,0.004300000,0.007200000,103,103,0
1283,2,1,1920,1080,640,360,ultra-performance,0.001800000,0.022900000,0.169000000,0.469700000,0.013100000,0.140300000,0.969000000,0.174000000,2.165300000,2.163500000,1.959800000,0.205500000,0.003000000,0.017400000,0.010300000,0.137900000,0.204200000,0.204300000,0.055900000,0.002300000,0.408400000,84,0,103,3,7,0.002100000,0.003700000,0.001900000,0.005500000,0.003800000,0.000800000,0.782800000,0.019000000,0.002900000,0.012200000,0.004900000,0.119700000,0.000000000,0.000000000,0.003800000,0.963100000,0.005900000,3,1,7,7,3,,0.131600000,0.003200000,0.182800000,0.042800000,0.011500000,0.036200000,true,true,0.017100000,0.095500000,0.005500000,0.003400000,0.006600000,103,103,0
1284,0,1,1920,1080,640,360,ultra-performance,0.002100000,0.018900000,0.169400000,0.467400000,0.012800000,0.099100000,0.812300000,0.194900000,1.945400000,1.943300000,1.776900000,0.168500000,0.003200000,0.017400000,0.009900000,0.138600000,0.166600000,0.166700000,0.053400000,0.002200000,0.410000000,84,0,103,3,7,0.001200000,0.002600000,0.001000000,0.003400000,0.003800000,0.001100000,0.571900000,0.020900000,0.062600000,0.013400000,0.005600000,0.112600000,0.000000000,0.000000000,0.006300000,0.806400000,0.005900000,3,1,7,7,3,,0.139900000,0.003100000,0.182800000,0.039700000,0.010900000,0.033100000,true,true,0.016800000,0.105200000,0.005500000,0.003100000,0.006300000,103,103,0
1285,1,1,1920,1080,640,360,ultra-performance,0.001700000,0.020300000,0.171600000,0.453400000,0.011100000,0.100400000,0.885700000,0.174400000,2.073900000,2.072200000,1.818600000,0.255300000,0.003000000,0.016900000,0.009600000,0.141600000,0.253400000,0.253600000,0.056900000,0.002000000,0.392800000,84,0,103,3,7,0.001100000,0.002500000,0.001000000,0.003700000,0.006100000,0.001200000,0.572500000,0.016200000,0.141000000,0.013200000,0.006300000,0.108000000,0.000000000,0.000000000,0.005800000,0.878600000,0.007100000,3,1,7,7,3,,0.130600000,0.002800000,0.177200000,0.039000000,0.010700000,0.031900000,true,true,0.017200000,0.095500000,0.005200000,0.003300000,0.006200000,103,103,0
1286,2,1,1920,1080,640,360,ultra-performance,0.001900000,0.045600000,0.184700000,0.489000000,0.013000000,0.100100000,0.865000000,0.155300000,2.030500000,2.028600000,1.854600000,0.175900000,0.003500000,0.023000000,0.013200000,0.144400000,0.174100000,0.174300000,0.057800000,0.002400000,0.426800000,84,0,103,3,7,0.001100000,0.002600000,0.001200000,0.003200000,0.002800000,0.000600000,0.554100000,0.016500000,0.110600000,0.016100000,0.005500000,0.138000000,0.000100000,0.000000000,0.004900000,0.857300000,0.007700000,3,1,7,7,3,,0.133900000,0.003100000,0.198800000,0.044500000,0.012300000,0.033800000,true,true,0.016700000,0.098200000,0.006000000,0.003400000,0.006600000,103,103,0
1287,0,1,1920,1080,640,360,ultra-performance,0.001700000,0.027200000,0.178600000,0.789600000,0.035400000,0.239200000,0.650500000,0.168100000,2.312900000,2.311200000,2.090300000,0.222600000,0.005700000,0.023900000,0.012000000,0.136300000,0.220800000,0.221000000,0.059900000,0.004500000,0.714800000,84,0,103,3,7,0.003700000,0.006800000,0.002800000,0.008300000,0.003700000,0.000800000,0.450300000,0.019500000,0.034200000,0.011100000,0.005700000,0.091700000,0.000100000,0.000000000,0.005800000,0.644500000,0.006000000,3,1,7,7,3,,0.208000000,0.004900000,0.239700000,0.061500000,0.055800000,0.144100000,true,true,0.036000000,0.142300000,0.010200000,0.005600000,0.009600000,103,103,0
1288,1,1,1920,1080,640,360,ultra-performance,0.001700000,0.024400000,0.169800000,0.608000000,0.014900000,0.103200000,1.002100000,0.283800000,2.368100000,2.366400000,2.207900000,0.160200000,0.004400000,0.019000000,0.010600000,0.135300000,0.157300000,0.157500000,0.064900000,0.002900000,0.538400000,84,0,103,3,7,0.001200000,0.002800000,0.001300000,0.004000000,0.004600000,0.001200000,0.648600000,0.027500000,0.030300000,0.013600000,0.006400000,0.238800000,0.000100000,0.000000000,0.010400000,0.990800000,0.011300000,3,1,7,7,3,,0.227100000,0.003700000,0.209900000,0.049800000,0.012800000,0.034600000,true,true,0.022400000,0.173100000,0.010000000,0.003100000,0.011300000,103,103,0
1289,2,1,1920,1080,640,360,ultra-performance,0.003100000,0.024100000,0.206600000,0.514900000,0.013400000,0.100800000,0.899400000,0.147100000,2.097300000,2.094200000,1.909400000,0.187900000,0.003800000,0.019500000,0.012500000,0.170300000,0.186300000,0.186400000,0.057700000,0.003000000,0.452100000,84,0,103,3,7,0.001200000,0.002700000,0.001000000,0.003500000,0.004300000,0.001100000,0.605000000,0.025900000,0.117500000,0.013900000,0.005500000,0.105400000,0.000000000,0.000000000,0.005300000,0.892300000,0.007100000,3,1,7,7,3,,0.148200000,0.004000000,0.210500000,0.043000000,0.012200000,0.033800000,true,true,0.017700000,0.105700000,0.007700000,0.004600000,0.008200000,103,103,0
1290,0,1,1920,1080,640,360,ultra-performance,0.001700000,0.024200000,0.206500000,0.526400000,0.014900000,0.103500000,0.750000000,0.177300000,1.980400000,1.978700000,1.804500000,0.175900000,0.004200000,0.020100000,0.011800000,0.169700000,0.174100000,0.174400000,0.061000000,0.002500000,0.460900000,84,0,103,3,7,0.001300000,0.002800000,0.001300000,0.003800000,0.002600000,0.000400000,0.487000000,0.021400000,0.120400000,0.009800000,0.005300000,0.085300000,0.000000000,0.000000000,0.003600000,0.745000000,0.005000000,3,1,7,7,3,,0.139000000,0.002700000,0.226100000,0.045300000,0.012500000,0.034600000,true,true,0.018100000,0.102700000,0.006700000,0.002600000,0.005900000,103,103,0
1291,1,1,1920,1080,640,360,ultra-performance,0.002000000,0.022200000,0.182800000,0.454000000,0.012100000,0.098800000,0.598000000,0.148400000,1.697500000,1.695500000,1.518300000,0.179200000,0.003000000,0.018400000,0.009900000,0.151100000,0.177900000,0.178000000,0.053100000,0.002200000,0.396900000,84,0,103,3,7,0.001200000,0.002500000,0.001000000,0.003400000,0.002300000,0.000400000,0.471800000,0.017000000,0.001500000,0.008200000,0.003900000,0.076600000,0.000100000,0.000000000,0.003600000,0.593500000,0.004500000,3,1,7,7,3,,0.130000000,0.003100000,0.180900000,0.039200000,0.011000000,0.032200000,true,true,0.016600000,0.095600000,0.005100000,0.003500000,0.006300000,103,103,0
1292,2,1,1920,1080,640,360,ultra-performance,0.001700000,0.018900000,0.168600000,0.461900000,0.012000000,0.096700000,0.836700000,0.288800000,2.064300000,2.062600000,1.885300000,0.179000000,0.002800000,0.016200000,0.010400000,0.138700000,0.176600000,0.176800000,0.058600000,0.002400000,0.399000000,84,0,103,3,7,0.001300000,0.002400000,0.001000000,0.003300000,0.004700000,0.001000000,0.613200000,0.026000000,0.029600000,0.015400000,0.005600000,0.115400000,0.000000000,0.000000000,0.008700000,0.827600000,0.009100000,3,1,7,7,3,,0.133900000,0.003100000,0.180500000,0.037800000,0.010700000,0.032400000,true,true,0.016700000,0.097100000,0.006700000,0.004300000,0.006200000,103,103,0
1293,0,1,1920,1080,640,360,ultra-performance,0.002300000,0.030700000,0.201000000,0.559400000,0.014000000,0.102000000,0.841100000,0.165000000,2.080200000,2.077900000,1.915500000,0.164700000,0.005300000,0.028200000,0.012800000,0.154200000,0.162800000,0.163000000,0.070700000,0.003300000,0.483400000,84,0,103,3,7,0.001300000,0.002700000,0.001000000,0.003700000,0.004400000,0.001500000,0.591200000,0.028900000,0.050200000,0.015000000,0.006400000,0.120900000,0.000000000,0.000000000,0.005700000,0.832900000,0.008200000,3,1,7,7,3,,0.181100000,0.003600000,0.197700000,0.045300000,0.012900000,0.042300000,true,true,0.044300000,0.110600000,0.009000000,0.003900000,0.009100000,103,103,0
1294,1,1,1920,1080,640,360,ultra-performance,0.001800000,0.025400000,0.212800000,0.495400000,0.013200000,0.107700000,0.669700000,0.235300000,1.942700000,1.940900000,1.761300000,0.181400000,0.003600000,0.017700000,0.034500000,0.156100000,0.179600000,0.179900000,0.059700000,0.003000000,0.430700000,84,0,103,3,7,0.001200000,0.002800000,0.001100000,0.003700000,0.004500000,0.000800000,0.477800000,0.018300000,0.034000000,0.012300000,0.006500000,0.092300000,0.000000000,0.000000000,0.006300000,0.661600000,0.008100000,3,1,7,7,3,,0.137600000,0.003100000,0.200400000,0.043900000,0.011400000,0.033700000,true,true,0.017900000,0.099700000,0.006200000,0.003800000,0.006400000,103,103,0
1295,2,1,1920,1080,640,360,ultra-performance,0.001400000,0.027400000,0.171200000,0.605300000,0.014300000,0.132600000,0.738300000,0.230100000,2.085400000,2.084000000,1.920600000,0.164800000,0.003900000,0.020200000,0.013000000,0.133600000,0.162800000,0.162900000,0.057200000,0.004200000,0.541800000,84,0,103,3,7,0.001400000,0.002900000,0.001300000,0.003800000,0.003500000,0.000700000,0.528900000,0.023700000,0.039900000,0.010100000,0.006400000,0.105800000,0.000100000,0.000000000,0.005000000,0.733500000,0.004800000,3,1,7,7,3,,0.237000000,0.003800000,0.200600000,0.052700000,0.012900000,0.034200000,true,true,0.062100000,0.149300000,0.008600000,0.003800000,0.008900000,103,103,0
1296,0,1,1920,1080,640,360,ultra-performance,0.002200000,0.029600000,0.297300000,0.734100000,0.016300000,0.145700000,0.928000000,0.194000000,2.656400000,2.654200000,2.347200000,0.309200000,0.004400000,0.025800000,0.015300000,0.251100000,0.307600000,0.307800000,0.095100000,0.003500000,0.632900000,84,0,103,3,7,0.001700000,0.003600000,0.001600000,0.004600000,0.003400000,0.000800000,0.538400000,0.030200000,0.125100000,0.012600000,0.007100000,0.188100000,0.000000000,0.000000000,0.004300000,0.921500000,0.006500000,3,1,7,7,3,,0.210500000,0.004500000,0.292000000,0.056200000,0.015600000,0.053300000,true,true,0.023900000,0.160500000,0.007500000,0.004300000,0.009300000,103,103,0
1297,1,1,1920,1080,640,360,ultra-performance,0.002100000,0.030900000,0.265400000,0.743800000,0.029000000,0.145600000,1.038500000,0.277400000,2.832700000,2.830600000,2.532700000,0.300000000,0.004000000,0.023500000,0.014400000,0.222900000,0.297000000,0.297200000,0.091600000,0.003100000,0.646400000,84,0,103,3,7,0.001700000,0.003500000,0.001600000,0.004100000,0.005900000,0.001200000,0.652500000,0.026800000,0.149500000,0.015100000,0.007900000,0.151100000,0.000100000,0.000000000,0.008400000,1.029400000,0.009100000,3,1,7,7,3,,0.209500000,0.004700000,0.303200000,0.058100000,0.016700000,0.053400000,true,true,0.023700000,0.158600000,0.008400000,0.003900000,0.009600000,103,103,0
1298,2,1,1920,1080,640,360,ultra-performance,0.002300000,0.036900000,0.489400000,0.883300000,0.060700000,0.133000000,0.820400000,0.208300000,2.896400000,2.894100000,2.634300000,0.262100000,0.006200000,0.030300000,0.017100000,0.435100000,0.259500000,0.259700000,0.087300000,0.004500000,0.789500000,84,0,103,3,7,0.001300000,0.003800000,0.001100000,0.003600000,0.003900000,0.000900000,0.556400000,0.024700000,0.089700000,0.014600000,0.007400000,0.096300000,0.000200000,0.000000000,0.007000000,0.810900000,0.009500000,3,1,7,7,3,,0.298300000,0.004400000,0.330200000,0.099900000,0.014700000,0.041000000,true,true,0.042600000,0.159900000,0.074300000,0.008400000,0.009000000,103,103,0
1299,0,1,1920,1080,640,360,ultra-performance,0.002100000,0.026700000,0.306200000,0.828300000,0.020900000,0.151900000,0.705100000,0.228100000,2.569200000,2.567100000,2.269300000,0.299900000,0.004400000,0.028400000,0.017200000,0.255400000,0.298200000,0.298300000,0.097300000,0.004200000,0.724200000,84,0,103,3,7,0.001900000,0.003500000,0.001700000,0.004600000,0.003700000,0.000800000,0.377100000,0.022800000,0.151000000,0.012300000,0.007800000,0.107700000,0.000100000,0.000000000,0.004800000,0.699800000,0.005300000,3,1,7,7,3,,0.224500000,0.006600000,0.319200000,0.100600000,0.017100000,0.055600000,true,true,0.026700000,0.167200000,0.010000000,0.004300000,0.010300000,103,103,0
1300,1,1,1920,1080,640,360,ultra-performance,0.002300000,0.027600000,0.290700000,0.742300000,0.016800000,0.145500000,1.020900000,0.209700000,2.766300000,2.764000000,2.455800000,0.310500000,0.004200000,0.024700000,0.016800000,0.244500000,0.309100000,0.309200000,0.094000000,0.002900000,0.642800000,84,0,103,3,7,0.001700000,0.003800000,0.001700000,0.004500000,0.004200000,0.000900000,0.623700000,0.026500000,0.120100000,0.021900000,0.009300000,0.187200000,0.000100000,0.000000000,0.004900000,1.010500000,0.010400000,3,1,7,7,3,,0.211700000,0.004500000,0.299300000,0.056600000,0.015400000,0.054700000,true,true,0.024100000,0.160500000,0.008800000,0.004200000,0.009100000,103,103,0
1301,2,1,1920,1080,640,360,ultra-performance,0.002100000,0.033100000,0.269300000,0.765200000,0.017600000,0.148600000,0.778700000,0.194900000,2.502000000,2.499900000,2.209500000,0.292500000,0.004200000,0.024100000,0.014300000,0.226100000,0.290700000,0.290900000,0.093400000,0.003400000,0.665500000,84,0,103,3,7,0.001700000,0.003700000,0.001700000,0.004400000,0.002800000,0.000700000,0.552500000,0.017900000,0.068600000,0.009900000,0.005400000,0.095600000,0.000000000,0.000000000,0.006900000,0.771800000,0.006900000,3,1,7,7,3,,0.226300000,0.004400000,0.304800000,0.058400000,0.016100000,0.054700000,true,true,0.023300000,0.174100000,0.008800000,0.004500000,0.010300000,103,103,0
1302,0,1,1920,1080,640,360,ultra-performance,0.001900000,0.023000000,0.286800000,0.726900000,0.016400000,0.153300000,1.132400000,0.215500000,2.860600000,2.858700000,2.556200000,0.304400000,0.003600000,0.024300000,0.014800000,0.243300000,0.303000000,0.303100000,0.094200000,0.003000000,0.627000000,84,0,103,3,7,0.001900000,0.003700000,0.001800000,0.004600000,0.003700000,0.000700000,0.389900000,0.027400000,0.537000000,0.013500000,0.006500000,0.126800000,0.000000000,0.000000000,0.006500000,1.124000000,0.008400000,3,1,7,7,3,,0.211200000,0.004400000,0.291100000,0.053800000,0.015500000,0.050300000,true,true,0.024200000,0.159500000,0.008500000,0.004000000,0.009500000,103,103,0
1303,1,1,1920,1080,640,360,ultra-performance,0.002100000,0.026800000,0.291700000,0.711500000,0.016600000,0.140900000,0.790400000,0.201800000,2.493300000,2.491200000,2.181800000,0.311500000,0.003900000,0.024200000,0.014900000,0.248300000,0.310000000,0.310100000,0.087500000,0.002700000,0.618600000,84,0,103,3,7,0.001800000,0.003300000,0.001700000,0.004400000,0.003700000,0.000700000,0.513700000,0.023300000,0.047900000,0.011300000,0.006500000,0.160900000,0.000000000,0.000000000,0.005500000,0.784700000,0.005700000,3,1,7,7,3,,0.211900000,0.004300000,0.281200000,0.054900000,0.015600000,0.050200000,true,true,0.022500000,0.161200000,0.009500000,0.003900000,0.009500000,103,103,0
1304,2,1,1920,1080,640,360,ultra-performance,0.002000000,0.026500000,0.208000000,0.546900000,0.012500000,0.137100000,0.746600000,0.212200000,2.064000000,2.062000000,1.891800000,0.172200000,0.003700000,0.021900000,0.013200000,0.168800000,0.170200000,0.170300000,0.055900000,0.002500000,0.486500000,84,0,103,3,7,0.001700000,0.003500000,0.001700000,0.004500000,0.003600000,0.000800000,0.521700000,0.022100000,0.035000000,0.013900000,0.004500000,0.118600000,0.000100000,0.000000000,0.008000000,0.739700000,0.006900000,3,1,7,7,3,,0.156800000,0.004500000,0.230200000,0.048300000,0.011800000,0.034300000,true,true,0.017300000,0.113200000,0.008500000,0.004100000,0.008900000,103,103,0
1305,0,1,1920,1080,640,360,ultra-performance,0.002900000,0.043500000,0.224500000,0.519200000,0.014600000,0.112900000,1.034900000,0.387200000,2.520800000,2.517900000,2.339700000,0.181100000,0.007700000,0.032900000,0.012600000,0.170700000,0.177300000,0.177600000,0.069800000,0.002600000,0.445000000,84,0,103,3,7,0.001700000,0.002800000,0.001300000,0.003700000,0.006300000,0.001600000,0.715700000,0.034500000,0.058500000,0.018800000,0.009500000,0.154100000,0.000000000,0.000000000,0.014900000,1.023400000,0.011500000,3,1,7,7,3,,0.154100000,0.003200000,0.194800000,0.045400000,0.012500000,0.034500000,true,true,0.018600000,0.113500000,0.007100000,0.004100000,0.007000000,103,103,0
1306,1,1,1920,1080,640,360,ultra-performance,0.002200000,0.020500000,0.175600000,0.599500000,0.016300000,0.185000000,0.852200000,0.191700000,2.264000000,2.261800000,2.043000000,0.221000000,0.003400000,0.019800000,0.010300000,0.141500000,0.219300000,0.219400000,0.056700000,0.002300000,0.538200000,84,0,103,3,7,0.001900000,0.003400000,0.001700000,0.004500000,0.004600000,0.000800000,0.558100000,0.021100000,0.069700000,0.022500000,0.010500000,0.139700000,0.000100000,0.000000000,0.005200000,0.843800000,0.008400000,3,1,7,7,3,,0.153000000,0.004100000,0.266300000,0.052900000,0.014500000,0.046700000,true,true,0.017700000,0.109700000,0.008300000,0.004200000,0.008800000,103,103,0
1307,2,1,1920,1080,640,360,ultra-performance,0.002200000,0.022900000,0.219300000,0.459900000,0.013100000,0.102600000,0.559800000,0.168100000,1.718400000,1.716200000,1.547900000,0.170500000,0.003200000,0.017800000,0.011400000,0.186500000,0.168600000,0.168700000,0.054200000,0.002200000,0.401600000,84,0,103,3,7,0.001300000,0.002600000,0.001100000,0.003600000,0.002900000,0.000600000,0.391600000,0.018000000,0.033200000,0.007200000,0.003700000,0.084400000,0.000000000,0.000000000,0.005000000,0.555200000,0.004600000,3,1,7,7,3,,0.132300000,0.003100000,0.181400000,0.040200000,0.011300000,0.032700000,true,true,0.016900000,0.096300000,0.005700000,0.003800000,0.006500000,103,103,0
1308,0,1,1920,1080,640,360,ultra-performance,0.001900000,0.021200000,0.170500000,0.483000000,0.011100000,0.090800000,0.672900000,0.207900000,1.858100000,1.856200000,1.659300000,0.198800000,0.003100000,0.017500000,0.009700000,0.139800000,0.196500000,0.196700000,0.055700000,0.002200000,0.423300000,84,0,103,3,7,0.001200000,0.002500000,0.001100000,0.003300000,0.003200000,0.001000000,0.445400000,0.019700000,0.085000000,0.010000000,0.004500000,0.082300000,0.000000000,0.000000000,0.006800000,0.666000000,0.006900000,3,1,7,7,3,,0.151700000,0.003000000,0.182600000,0.043300000,0.010400000,0.031800000,true,true,0.017400000,0.097000000,0.021500000,0.003200000,0.007400000,103,103,0
1309,1,1,1920,1080,640,360,ultra-performance,0.002600000,0.032100000,0.236300000,0.528600000,0.014700000,0.113900000,0.835500000,0.175300000,2.108700000,2.106100000,1.939000000,0.169700000,0.007000000,0.027900000,0.011500000,0.189000000,0.167700000,0.167900000,0.062300000,0.002600000,0.461500000,84,0,103,3,7,0.001200000,0.002800000,0.001100000,0.003700000,0.004500000,0.001100000,0.586200000,0.025500000,0.047600000,0.015800000,0.005600000,0.126900000,0.000100000,0.000000000,0.005300000,0.827400000,0.008100000,3,1,7,7,3,,0.144500000,0.003200000,0.194200000,0.057500000,0.018500000,0.042600000,true,true,0.018400000,0.103300000,0.009600000,0.003200000,0.006500000,103,103,0
1310,2,1,1920,1080,640,360,ultra-performance,0.002500000,0.017700000,0.171700000,0.508000000,0.011400000,0.095800000,0.724700000,0.178300000,1.885900000,1.883400000,1.710100000,0.175800000,0.003000000,0.018300000,0.010600000,0.139400000,0.173900000,0.174000000,0.072600000,0.002800000,0.430800000,84,0,103,3,7,0.001000000,0.002200000,0.001000000,0.003200000,0.003300000,0.000800000,0.419200000,0.019200000,0.158800000,0.010300000,0.004500000,0.088700000,0.000100000,0.000000000,0.006600000,0.718900000,0.005800000,3,1,7,7,3,,0.163100000,0.003300000,0.180800000,0.041100000,0.010400000,0.031800000,true,true,0.022400000,0.120900000,0.006100000,0.003600000,0.006700000,103,103,0
1311,0,1,1920,1080,640,360,ultra-performance,0.002000000,0.030300000,0.228400000,0.495100000,0.013400000,0.103400000,0.848000000,0.162400000,2.068600000,2.066600000,1.883000000,0.185600000,0.005900000,0.025500000,0.015700000,0.180100000,0.183600000,0.184000000,0.063500000,0.002600000,0.427100000,84,0,103,3,7,0.001400000,0.002500000,0.001100000,0.003700000,0.002700000,0.000800000,0.620900000,0.022100000,0.053100000,0.015700000,0.006400000,0.102000000,0.000000000,0.000000000,0.007500000,0.839900000,0.008100000,3,1,7,7,3,,0.140500000,0.003200000,0.192200000,0.044700000,0.012700000,0.033300000,true,true,0.017800000,0.101500000,0.006900000,0.004100000,0.006700000,103,103,0
1312,1,1,1920,1080,640,360,ultra-performance,0.001700000,0.024100000,0.172800000,0.508300000,0.013200000,0.098500000,0.716000000,0.150200000,1.907700000,1.906000000,1.684800000,0.222900000,0.004000000,0.019800000,0.011500000,0.136700000,0.221100000,0.221300000,0.085500000,0.002400000,0.418400000,84,0,103,3,7,0.001100000,0.002600000,0.001000000,0.003600000,0.003500000,0.000700000,0.474100000,0.019900000,0.093600000,0.010200000,0.005500000,0.087000000,0.000000000,0.000000000,0.006500000,0.709300000,0.006700000,3,1,7,7,3,,0.139400000,0.003100000,0.191300000,0.040500000,0.011400000,0.032200000,true,true,0.018400000,0.100900000,0.007100000,0.003600000,0.006200000,103,103,0
1313,2,1,1920,1080,640,360,ultra-performance,0.001500000,0.025900000,0.171900000,0.509600000,0.014100000,0.102300000,0.820600000,0.143900000,1.986300000,1.984800000,1.789800000,0.196500000,0.003700000,0.017700000,0.011400000,0.138400000,0.194700000,0.194900000,0.065200000,0.002500000,0.439900000,84,0,103,3,7,0.001400000,0.002700000,0.001100000,0.003700000,0.003300000,0.000800000,0.545500000,0.022400000,0.136300000,0.010500000,0.004000000,0.074600000,0.000100000,0.000000000,0.006600000,0.813000000,0.007600000,3,1,7,7,3,,0.146900000,0.003100000,0.198700000,0.044400000,0.012100000,0.034200000,true,true,0.020500000,0.105700000,0.006500000,0.004000000,0.006700000,103,103,0
1314,0,1,1920,1080,640,360,ultra-performance,0.001600000,0.021400000,0.207400000,0.638700000,0.014300000,0.105000000,0.816500000,0.188400000,2.165500000,2.163900000,1.993300000,0.172200000,0.003400000,0.017500000,0.011000000,0.174900000,0.169400000,0.169700000,0.075800000,0.002400000,0.558600000,84,0,103,3,7,0.001300000,0.002800000,0.001000000,0.003800000,0.003000000,0.000600000,0.477400000,0.028500000,0.132600000,0.018300000,0.007200000,0.126600000,0.000000000,0.000000000,0.006300000,0.809400000,0.007100000,3,1,7,7,3,,0.176600000,0.003100000,0.276400000,0.050100000,0.012700000,0.039100000,true,true,0.018000000,0.134200000,0.008900000,0.004400000,0.007200000,103,103,0
1315,1,1,1920,1080,640,360,ultra-performance,0.002000000,0.022400000,0.234100000,0.588200000,0.016200000,0.130500000,1.261800000,0.288700000,2.730100000,2.728100000,2.543900000,0.186200000,0.003400000,0.017800000,0.010700000,0.201700000,0.184600000,0.184700000,0.068600000,0.002200000,0.515100000,84,0,103,3,7,0.001500000,0.002900000,0.001100000,0.003600000,0.007600000,0.001900000,0.792000000,0.052600000,0.069800000,0.023600000,0.011600000,0.276100000,0.000100000,0.000000000,0.005900000,1.250300000,0.011500000,3,1,7,7,3,,0.132900000,0.003100000,0.250500000,0.063300000,0.015000000,0.049600000,true,true,0.016600000,0.097200000,0.005900000,0.003600000,0.006500000,103,103,0
1316,2,1,1920,1080,640,360,ultra-performance,0.002000000,0.026100000,0.182600000,0.571500000,0.012300000,0.136000000,0.681000000,0.173600000,1.970300000,1.968300000,1.785100000,0.185200000,0.003500000,0.017500000,0.009900000,0.151200000,0.183600000,0.183800000,0.056200000,0.002200000,0.511100000,84,0,103,3,7,0.001700000,0.003800000,0.001700000,0.004300000,0.002500000,0.000500000,0.500700000,0.020300000,0.028600000,0.008100000,0.004500000,0.095200000,0.000100000,0.000000000,0.004700000,0.676700000,0.004300000,3,1,7,7,3,,0.174200000,0.004300000,0.243200000,0.043600000,0.011800000,0.033400000,true,true,0.017200000,0.131100000,0.008100000,0.003800000,0.009200000,103,103,0
1317,0,1,1920,1080,640,360,ultra-performance,0.001900000,0.020200000,0.241100000,0.562900000,0.018000000,0.108900000,0.813000000,0.222300000,2.267800000,2.265900000,1.988300000,0.279500000,0.003000000,0.017400000,0.010000000,0.210200000,0.276800000,0.277000000,0.083100000,0.002900000,0.474200000,84,0,103,3,7,0.001300000,0.002700000,0.001100000,0.003900000,0.004400000,0.001000000,0.533100000,0.027200000,0.048500000,0.011700000,0.005600000,0.155300000,0.000000000,0.000000000,0.007800000,0.803600000,0.009400000,3,1,7,7,3,,0.169700000,0.003100000,0.211800000,0.042900000,0.011400000,0.034700000,true,true,0.022100000,0.127800000,0.005800000,0.003700000,0.006600000,103,103,0
1318,1,1,1920,1080,640,360,ultra-performance,0.003800000,0.058700000,0.195800000,0.665600000,0.016000000,0.131200000,0.942500000,0.266800000,2.438900000,2.435100000,2.280400000,0.158500000,0.007900000,0.032500000,0.012200000,0.142000000,0.155900000,0.156200000,0.061900000,0.005500000,0.596100000,84,0,103,3,7,0.001700000,0.003600000,0.001600000,0.003900000,0.004000000,0.001100000,0.617800000,0.033300000,0.079600000,0.019100000,0.007800000,0.149200000,0.000000000,0.000000000,0.009300000,0.932000000,0.010500000,3,1,7,7,3,,0.216100000,0.003800000,0.268500000,0.054800000,0.012800000,0.039500000,true,true,0.045300000,0.141600000,0.009800000,0.004400000,0.009900000,103,103,0
1319,2,1,1920,1080,640,360,ultra-performance,0.002000000,0.021400000,0.172900000,0.488100000,0.012700000,0.122000000,0.900400000,0.238800000,2.195600000,2.193600000,1.958300000,0.237300000,0.003800000,0.019200000,0.010100000,0.139200000,0.234700000,0.234800000,0.060200000,0.002700000,0.423200000,84,0,103,3,7,0.001200000,0.002700000,0.001000000,0.004400000,0.004800000,0.001000000,0.615100000,0.034900000,0.054300000,0.020500000,0.009700000,0.135900000,0.000000000,0.000000000,0.006000000,0.891500000,0.008900000,3,1,7,7,3,,0.133100000,0.003200000,0.198600000,0.042900000,0.011300000,0.033600000,true,true,0.017500000,0.095300000,0.006100000,0.004100000,0.006500000,103,103,0
1320,0,1,1920,1080,640,360,ultra-performance,0.002400000,0.031600000,0.223500000,0.498300000,0.013400000,0.102400000,0.635900000,0.203900000,1.884000000,1.881600000,1.711400000,0.172600000,0.007000000,0.054200000,0.015600000,0.145900000,0.170700000,0.171000000,0.062000000,0.002600000,0.431800000,84,0,103,3,7,0.001200000,0.002700000,0.001100000,0.003900000,0.002200000,0.000300000,0.502800000,0.016900000,0.005400000,0.007800000,0.003100000,0.079800000,0.000000000,0.000000000,0.004400000,0.631600000,0.004300000,3,1,7,7,3,,0.137200000,0.003300000,0.200100000,0.044300000,0.012400000,0.034000000,true,true,0.017900000,0.098400000,0.006700000,0.003900000,0.006700000,103,103,0
1321,1,1,1920,1080,640,360,ultra-performance,0.002500000,0.027400000,0.174100000,0.607200000,0.017600000,0.139300000,0.787100000,0.234800000,2.166400000,2.163900000,1.990000000,0.176400000,0.003000000,0.017000000,0.009600000,0.144200000,0.173500000,0.173700000,0.070900000,0.002300000,0.531300000,84,0,103,3,7,0.001300000,0.002700000,0.001200000,0.003500000,0.003600000,0.000700000,0.534900000,0.025700000,0.052200000,0.019700000,0.008300000,0.115900000,0.000000000,0.000000000,0.007200000,0.776900000,0.010200000,3,1,7,7,3,,0.175000000,0.004200000,0.223200000,0.055600000,0.016500000,0.056200000,true,true,0.017000000,0.133000000,0.007500000,0.004100000,0.008900000,103,103,0
1322,2,1,1920,1080,640,360,ultra-performance,0.002600000,0.044400000,0.275600000,0.806400000,0.024300000,0.167700000,0.841300000,0.193100000,2.599800000,2.597200000,2.355400000,0.244400000,0.008300000,0.032600000,0.015700000,0.218200000,0.242200000,0.242800000,0.088700000,0.007600000,0.707200000,84,0,103,3,7,0.002000000,0.004700000,0.001500000,0.004400000,0.002500000,0.000600000,0.596300000,0.030300000,0.032900000,0.014500000,0.005100000,0.134700000,0.000100000,0.000000000,0.006100000,0.835700000,0.005600000,3,1,7,7,3,,0.251900000,0.005700000,0.285000000,0.089800000,0.020000000,0.054000000,true,true,0.055000000,0.161500000,0.010800000,0.008600000,0.011500000,103,103,0
1323,0,1,1920,1080,640,360,ultra-performance,0.002500000,0.033100000,0.255600000,0.724900000,0.022800000,0.160300000,0.921300000,0.323100000,2.688300000,2.685800000,2.443600000,0.244700000,0.006000000,0.028000000,0.015300000,0.205500000,0.241300000,0.242200000,0.076400000,0.004300000,0.641900000,84,0,103,3,7,0.001900000,0.004700000,0.001500000,0.004400000,0.005200000,0.001000000,0.635700000,0.026100000,0.082700000,0.014300000,0.007200000,0.117900000,0.000100000,0.000000000,0.009700000,0.912400000,0.008900000,3,1,7,7,3,,0.223700000,0.005300000,0.254700000,0.076800000,0.017900000,0.062600000,true,true,0.037100000,0.153400000,0.009500000,0.009300000,0.009900000,103,103,0
1324,1,1,1920,1080,640,360,ultra-performance,0.002100000,0.026900000,0.212600000,0.718500000,0.025500000,0.170000000,0.748100000,0.170100000,2.259200000,2.257100000,2.073800000,0.185400000,0.005900000,0.020600000,0.013800000,0.171800000,0.183500000,0.183700000,0.072200000,0.002700000,0.640800000,84,0,103,3,7,0.001700000,0.003800000,0.002000000,0.004800000,0.003600000,0.000600000,0.550800000,0.028000000,0.027600000,0.009100000,0.004900000,0.101500000,0.000000000,0.000000000,0.003500000,0.741900000,0.006200000,3,1,7,7,3,,0.170400000,0.004600000,0.303100000,0.066600000,0.021000000,0.074400000,true,true,0.022400000,0.119300000,0.010200000,0.004400000,0.009500000,103,103,0
1325,2,1,1920,1080,640,360,ultra-performance,0.002000000,0.024700000,0.171900000,0.608700000,0.014500000,0.109400000,0.784100000,0.241600000,2.151600000,2.149600000,1.956900000,0.194700000,0.003100000,0.017200000,0.010700000,0.140500000,0.192200000,0.192500000,0.055600000,0.002900000,0.548200000,84,0,103,3,7,0.001200000,0.002700000,0.001100000,0.003900000,0.003800000,0.000700000,0.487400000,0.022400000,0.133700000,0.011300000,0.005000000,0.099100000,0.000100000,0.000000000,0.005100000,0.777500000,0.006600000,3,1,7,7,3,,0.162100000,0.005000000,0.273700000,0.055700000,0.016000000,0.035100000,true,true,0.017000000,0.121500000,0.007400000,0.003900000,0.006600000,103,103,0
1326,0,1,1920,1080,640,360,ultra-performance,0.003600000,0.038400000,0.274500000,0.650900000,0.019400000,0.130900000,1.044500000,0.183200000,2.604800000,2.601200000,2.345400000,0.259400000,0.008200000,0.038200000,0.014700000,0.212200000,0.257500000,0.257900000,0.089200000,0.005800000,0.553700000,84,0,103,3,7,0.001400000,0.004200000,0.001000000,0.003500000,0.003300000,0.000600000,0.577500000,0.029000000,0.266300000,0.009700000,0.005500000,0.135200000,0.000100000,0.000000000,0.003000000,1.040300000,0.004200000,3,1,7,7,3,,0.213000000,0.004800000,0.208600000,0.073100000,0.014500000,0.038900000,true,true,0.047000000,0.136800000,0.008100000,0.008200000,0.009100000,103,103,0
1327,1,1,1920,1080,640,360,ultra-performance,0.002700000,0.039900000,0.183200000,0.622600000,0.020100000,0.127100000,0.722600000,0.206000000,2.082500000,2.079800000,1.924200000,0.158300000,0.007300000,0.031000000,0.011500000,0.132400000,0.156300000,0.156600000,0.052100000,0.003700000,0.565000000,84,0,103,3,7,0.001200000,0.003800000,0.001100000,0.003600000,0.003300000,0.000700000,0.521800000,0.021400000,0.041000000,0.010700000,0.004800000,0.098200000,0.000100000,0.000000000,0.004900000,0.716600000,0.006000000,3,1,7,7,3,,0.186100000,0.005100000,0.233400000,0.075700000,0.017000000,0.047000000,true,true,0.025900000,0.127900000,0.010000000,0.008000000,0.010300000,103,103,0
1328,2,1,1920,1080,640,360,ultra-performance,0.002100000,0.027200000,0.193400000,0.603900000,0.020000000,0.118100000,0.806800000,0.178700000,2.130800000,2.128700000,1.950200000,0.180600000,0.004300000,0.028900000,0.012700000,0.146800000,0.178500000,0.178700000,0.060500000,0.003300000,0.537700000,84,0,103,3,7,0.001200000,0.002900000,0.001200000,0.003600000,0.002800000,0.000700000,0.529700000,0.028100000,0.088700000,0.016100000,0.005800000,0.114600000,0.000100000,0.000000000,0.004700000,0.800200000,0.006600000,3,1,7,7,3,,0.152500000,0.003200000,0.234200000,0.080700000,0.016600000,0.049800000,true,true,0.021400000,0.107900000,0.008000000,0.003700000,0.007700000,103,103,0
1329,0,1,1920,1080,640,360,ultra-performance,0.002100000,0.026300000,0.180600000,0.516200000,0.017200000,0.118800000,0.701500000,0.193800000,1.918700000,1.916600000,1.756500000,0.162200000,0.006200000,0.026000000,0.012600000,0.134400000,0.160500000,0.160800000,0.056100000,0.003600000,0.454800000,84,0,103,3,7,0.001300000,0.003500000,0.001100000,0.003400000,0.003600000,0.000700000,0.514100000,0.018000000,0.042200000,0.009100000,0.005000000,0.088600000,0.000100000,0.000000000,0.004600000,0.695300000,0.006200000,3,1,7,7,3,,0.146700000,0.004000000,0.194300000,0.061400000,0.013200000,0.034800000,true,true,0.022300000,0.100000000,0.007000000,0.006600000,0.007300000,103,103,0
1330,1,1,1920,1080,640,360,ultra-performance,0.002200000,0.022800000,0.192500000,0.529400000,0.022200000,0.146300000,0.714900000,0.204600000,2.001900000,1.999700000,1.834900000,0.167000000,0.004200000,0.020200000,0.011600000,0.155900000,0.165300000,0.165400000,0.059600000,0.003200000,0.464200000,84,0,103,3,7,0.001700000,0.003800000,0.001800000,0.004300000,0.003100000,0.000700000,0.510800000,0.022000000,0.031500000,0.008800000,0.004700000,0.111200000,0.000100000,0.000000000,0.004200000,0.708700000,0.006200000,3,1,7,7,3,,0.144200000,0.003400000,0.201500000,0.051500000,0.013000000,0.050100000,true,true,0.020100000,0.102500000,0.006800000,0.003700000,0.007600000,103,103,0
1331,2,1,1920,1080,640,360,ultra-performance,0.002200000,0.031700000,0.291500000,0.737400000,0.017700000,0.148000000,0.765900000,0.163400000,2.466000000,2.463800000,2.157800000,0.308200000,0.004100000,0.026200000,0.016300000,0.244500000,0.306700000,0.307000000,0.090600000,0.003100000,0.641000000,84,0,103,3,7,0.001800000,0.003400000,0.001700000,0.004300000,0.002900000,0.000500000,0.536900000,0.020200000,0.087200000,0.009900000,0.004700000,0.083900000,0.000000000,0.000000000,0.003300000,0.760700000,0.005200000,3,1,7,7,3,,0.208700000,0.004400000,0.299900000,0.057200000,0.016700000,0.053300000,true,true,0.023400000,0.159300000,0.007800000,0.004100000,0.009400000,103,103,0
1332,0,1,1920,1080,640,360,ultra-performance,0.001800000,0.022400000,0.170400000,0.538100000,0.015000000,0.105800000,0.965500000,0.208300000,2.199300000,2.197500000,2.027300000,0.172000000,0.003200000,0.016400000,0.009500000,0.141000000,0.170400000,0.170600000,0.055300000,0.002400000,0.478600000,84,0,103,3,7,0.001200000,0.002600000,0.001000000,0.003600000,0.005600000,0.001100000,0.648900000,0.038700000,0.071300000,0.021600000,0.008900000,0.147700000,0.000000000,0.000000000,0.004600000,0.956800000,0.008700000,3,1,7,7,3,,0.196900000,0.003600000,0.186500000,0.045000000,0.011800000,0.034200000,true,true,0.017500000,0.141300000,0.021100000,0.004700000,0.008300000,103,103,0
1333,1,1,1920,1080,640,360,ultra-performance,0.002300000,0.037500000,0.263000000,0.743200000,0.022800000,0.152400000,0.997800000,0.339200000,2.808400000,2.806100000,2.558200000,0.250200000,0.007500000,0.031400000,0.016100000,0.207100000,0.247200000,0.247500000,0.082600000,0.005100000,0.653400000,84,0,103,3,7,0.001800000,0.004400000,0.001300000,0.004300000,0.006600000,0.001500000,0.478800000,0.035000000,0.223500000,0.020700000,0.008700000,0.187200000,0.000100000,0.000000000,0.011100000,0.985000000,0.012800000,3,1,7,7,3,,0.222000000,0.005600000,0.271500000,0.087700000,0.017500000,0.048300000,true,true,0.035100000,0.154200000,0.011000000,0.007100000,0.010100000,103,103,0
1334,2,1,1920,1080,640,360,ultra-performance,0.002700000,0.043200000,0.206100000,0.609600000,0.022600000,0.154400000,0.745700000,0.228500000,2.196200000,2.193500000,2.012800000,0.183400000,0.007600000,0.026000000,0.015100000,0.156100000,0.181400000,0.181800000,0.070700000,0.003500000,0.532600000,84,0,103,3,7,0.001600000,0.004700000,0.001700000,0.005000000,0.003900000,0.000700000,0.559900000,0.020400000,0.019600000,0.011500000,0.005800000,0.100600000,0.000100000,0.000000000,0.004100000,0.739600000,0.006100000,3,1,7,7,3,,0.161500000,0.005300000,0.254900000,0.060400000,0.014100000,0.035900000,true,true,0.032900000,0.102500000,0.007500000,0.005600000,0.008300000,103,103,0
1335,0,1,1920,1080,640,360,ultra-performance,0.005600000,0.047900000,0.389200000,0.717000000,0.024300000,0.162700000,0.814900000,0.219900000,2.634400000,2.628800000,2.381500000,0.252900000,0.009100000,0.049100000,0.030000000,0.300100000,0.250700000,0.250900000,0.062500000,0.003000000,0.645100000,84,0,103,3,7,0.002100000,0.004800000,0.001800000,0.004900000,0.003900000,0.000800000,0.575000000,0.032300000,0.051300000,0.012400000,0.007200000,0.105200000,0.000200000,0.000000000,0.005300000,0.807200000,0.007700000,3,1,7,7,3,,0.146600000,0.003400000,0.336300000,0.076300000,0.025300000,0.056600000,true,true,0.019200000,0.105000000,0.007500000,0.004000000,0.007300000,103,103,0
1336,1,1,1920,1080,640,360,ultra-performance,0.002300000,0.033800000,0.275100000,0.766400000,0.018000000,0.139500000,0.882700000,0.192100000,2.591200000,2.588900000,2.309900000,0.281300000,0.004000000,0.023500000,0.017000000,0.230000000,0.279800000,0.280000000,0.094100000,0.003200000,0.666800000,84,0,103,3,7,0.002400000,0.003900000,0.001900000,0.004400000,0.003400000,0.000500000,0.583300000,0.018700000,0.140700000,0.010400000,0.005900000,0.098400000,0.000000000,0.000000000,0.003600000,0.877500000,0.005200000,3,1,7,7,3,,0.212900000,0.004700000,0.303400000,0.081200000,0.016200000,0.047600000,true,true,0.024600000,0.161500000,0.008400000,0.004100000,0.009400000,103,103,0
1337,2,1,1920,1080,640,360,ultra-performance,0.002200000,0.029900000,0.260600000,0.656900000,0.016300000,0.129600000,0.761100000,0.178100000,2.297300000,2.295100000,2.034700000,0.262600000,0.003700000,0.023000000,0.015900000,0.217500000,0.261100000,0.261400000,0.080100000,0.002900000,0.571700000,84,0,103,3,7,0.001500000,0.002900000,0.001400000,0.003900000,0.003000000,0.000400000,0.515000000,0.015700000,0.083700000,0.008000000,0.004600000,0.111900000,0.000000000,0.000000000,0.003800000,0.755800000,0.005300000,3,1,7,7,3,,0.185700000,0.003800000,0.269200000,0.051400000,0.014100000,0.046800000,true,true,0.022000000,0.139900000,0.008100000,0.003900000,0.008000000,103,103,0
1338,0,1,1920,1080,640,360,ultra-performance,0.001600000,0.021400000,0.255700000,0.635100000,0.015700000,0.133000000,0.857400000,0.176800000,2.359300000,2.357700000,2.096700000,0.262600000,0.004000000,0.024300000,0.014300000,0.212600000,0.261000000,0.261200000,0.080600000,0.002700000,0.549600000,84,0,103,3,7,0.001600000,0.002900000,0.001600000,0.003700000,0.002700000,0.000500000,0.577400000,0.017300000,0.025700000,0.009500000,0.004700000,0.201300000,0.000100000,0.000000000,0.003300000,0.852300000,0.005100000,3,1,7,7,3,,0.183400000,0.004200000,0.253800000,0.049400000,0.013700000,0.044500000,true,true,0.021100000,0.139300000,0.007000000,0.003800000,0.008200000,103,103,0
1339,1,1,1920,1080,640,360,ultra-performance,0.001600000,0.026600000,0.252200000,0.664600000,0.017100000,0.139000000,0.825700000,0.178600000,2.373800000,2.372200000,2.105400000,0.268400000,0.003600000,0.020600000,0.012700000,0.214900000,0.267200000,0.267400000,0.080500000,0.002900000,0.578700000,84,0,103,3,7,0.001700000,0.003100000,0.001300000,0.003600000,0.003000000,0.000400000,0.569100000,0.015900000,0.032500000,0.008300000,0.004500000,0.172100000,0.000100000,0.000000000,0.003600000,0.819200000,0.006500000,3,1,7,7,3,,0.187900000,0.003800000,0.266500000,0.048300000,0.023500000,0.048200000,true,true,0.021800000,0.142100000,0.008000000,0.003700000,0.008200000,103,103,0
1340,2,1,1920,1080,640,360,ultra-performance,0.002000000,0.026700000,0.255100000,0.640500000,0.015300000,0.148800000,0.683000000,0.175200000,2.212000000,2.210000000,1.946600000,0.265400000,0.003700000,0.021100000,0.013000000,0.216900000,0.264200000,0.264300000,0.079700000,0.002500000,0.555800000,84,0,103,3,7,0.001600000,0.003400000,0.001500000,0.003700000,0.002500000,0.000500000,0.421800000,0.016400000,0.119800000,0.007900000,0.004400000,0.092300000,0.000100000,0.000000000,0.003200000,0.679100000,0.003900000,3,1,7,7,3,,0.184900000,0.003700000,0.258000000,0.048400000,0.013900000,0.046300000,true,true,0.021900000,0.141100000,0.006900000,0.003500000,0.008000000,103,103,0
1341,0,1,1920,1080,640,360,ultra-performance,0.001800000,0.022000000,0.254800000,0.656800000,0.015400000,0.127500000,0.733400000,0.170800000,2.252100000,2.250300000,1.982500000,0.269600000,0.003500000,0.022000000,0.012400000,0.216300000,0.268300000,0.268500000,0.087600000,0.002500000,0.564500000,84,0,103,3,7,0.001400000,0.003300000,0.001500000,0.003600000,0.003100000,0.000400000,0.542800000,0.016600000,0.050200000,0.008200000,0.005000000,0.088300000,0.000000000,0.000000000,0.003400000,0.727800000,0.005600000,3,1,7,7,3,,0.188700000,0.004100000,0.259500000,0.052400000,0.014100000,0.045400000,true,true,0.022400000,0.142200000,0.008000000,0.004000000,0.008100000,103,103,0
1342,1,1,1920,1080,640,360,ultra-performance,0.001800000,0.025200000,0.259100000,0.642000000,0.015700000,0.128100000,0.856200000,0.237400000,2.434600000,2.432800000,2.165500000,0.269100000,0.003500000,0.021500000,0.014000000,0.219500000,0.267600000,0.267700000,0.079300000,0.002600000,0.557700000,84,0,103,3,7,0.001700000,0.003300000,0.001500000,0.003800000,0.003300000,0.000500000,0.614100000,0.015400000,0.100800000,0.008700000,0.005400000,0.087900000,0.000000000,0.000000000,0.003500000,0.849900000,0.006300000,3,1,7,7,3,,0.184800000,0.003700000,0.260300000,0.047600000,0.014300000,0.046500000,true,true,0.021700000,0.141300000,0.006700000,0.003500000,0.007800000,103,103,0
1343,2,1,1920,1080,640,360,ultra-performance,0.001900000,0.025200000,0.250400000,0.637000000,0.015000000,0.140400000,0.710200000,0.178700000,2.223500000,2.221600000,1.958800000,0.264700000,0.003400000,0.021300000,0.012000000,0.213300000,0.263200000,0.263500000,0.080000000,0.002600000,0.551800000,84,0,103,3,7,0.001700000,0.003600000,0.001400000,0.003700000,0.003000000,0.000400000,0.521200000,0.015000000,0.063000000,0.007800000,0.004400000,0.077500000,0.000000000,0.000000000,0.003300000,0.706000000,0.004200000,3,1,7,7,3,,0.185700000,0.004100000,0.254200000,0.047700000,0.013800000,0.045500000,true,true,0.021400000,0.141000000,0.006900000,0.003800000,0.008000000,103,103,0
1344,0,1,1920,1080,640,360,ultra-performance,0.001900000,0.023300000,0.252200000,0.635500000,0.015300000,0.130600000,0.785600000,0.177000000,2.290600000,2.288700000,2.021400000,0.269200000,0.003500000,0.022300000,0.012600000,0.213400000,0.267800000,0.267900000,0.080200000,0.002800000,0.550100000,84,0,103,3,7,0.001400000,0.003100000,0.001600000,0.004000000,0.003000000,0.000400000,0.576400000,0.015400000,0.074000000,0.007800000,0.005000000,0.084900000,0.000100000,0.000000000,0.003500000,0.780600000,0.005000000,3,1,7,7,3,,0.183300000,0.003600000,0.254700000,0.048200000,0.013700000,0.046000000,true,true,0.021400000,0.139700000,0.006900000,0.003500000,0.007800000,103,103,0
1345,1,1,1920,1080,640,360,ultra-performance,0.001800000,0.025900000,0.249600000,0.631300000,0.015400000,0.128400000,0.896400000,0.189800000,2.402400000,2.400600000,2.138600000,0.263800000,0.003400000,0.021500000,0.011900000,0.212400000,0.262300000,0.262500000,0.079600000,0.002500000,0.547100000,84,0,103,3,7,0.001600000,0.003300000,0.001500000,0.003800000,0.003400000,0.000400000,0.667300000,0.022500000,0.052600000,0.008300000,0.004900000,0.119300000,0.000000000,0.000000000,0.003600000,0.892500000,0.003900000,3,1,7,7,3,,0.184400000,0.003800000,0.250800000,0.048100000,0.013700000,0.045800000,true,true,0.020800000,0.141100000,0.007200000,0.003700000,0.007800000,103,103,0
1346,2,1,1920,1080,640,360,ultra-performance,0.001800000,0.024000000,0.253000000,0.639900000,0.015100000,0.127100000,1.013100000,0.191300000,2.528600000,2.526800000,2.265300000,0.263300000,0.003400000,0.021200000,0.012300000,0.215700000,0.262100000,0.262300000,0.079100000,0.002400000,0.556100000,84,0,103,3,7,0.001800000,0.003200000,0.010900000,0.003500000,0.003200000,0.000400000,0.636200000,0.015500000,0.033300000,0.008700000,0.005500000,0.280100000,0.000000000,0.000000000,0.004100000,1.006400000,0.006700000,3,1,7,7,3,,0.183200000,0.003900000,0.253000000,0.052300000,0.018500000,0.044600000,true,true,0.021700000,0.139800000,0.006700000,0.003500000,0.007900000,103,103,0
1347,0,1,1920,1080,640,360,ultra-performance,0.001800000,0.021800000,0.251500000,0.653200000,0.016300000,0.130800000,0.799800000,0.221000000,2.359800000,2.358000000,2.096200000,0.263600000,0.003300000,0.023300000,0.012500000,0.212000000,0.262000000,0.262200000,0.078100000,0.002600000,0.570200000,84,0,103,3,7,0.001800000,0.003200000,0.001300000,0.004000000,0.002500000,0.000400000,0.485200000,0.015500000,0.127800000,0.008000000,0.004900000,0.136500000,0.000000000,0.000000000,0.003500000,0.794600000,0.005200000,3,1,7,7,3,,0.189100000,0.004400000,0.252300000,0.046300000,0.013500000,0.064100000,true,true,0.022000000,0.145100000,0.006600000,0.003400000,0.007900000,103,103,0
1348,1,1,1920,1080,640,360,ultra-performance,0.001900000,0.024500000,0.252200000,0.643500000,0.015600000,0.129500000,0.903900000,0.175300000,2.412800000,2.410900000,2.146400000,0.266400000,0.003500000,0.021300000,0.011900000,0.215100000,0.264700000,0.265000000,0.078300000,0.002700000,0.559600000,84,0,103,3,7,0.001300000,0.003100000,0.001200000,0.003700000,0.003000000,0.000500000,0.639900000,0.016700000,0.115300000,0.009500000,0.005300000,0.095000000,0.000100000,0.000000000,0.003600000,0.898200000,0.005700000,3,1,7,7,3,,0.183700000,0.003800000,0.261800000,0.047800000,0.014000000,0.048100000,true,true,0.022300000,0.138500000,0.006800000,0.004000000,0.008300000,103,103,0
1349,2,1,1920,1080,640,360,ultra-performance,0.001800000,0.028200000,0.252600000,0.640600000,0.015100000,0.125300000,0.782600000,0.174900000,2.289800000,2.288000000,2.021100000,0.268700000,0.003500000,0.021700000,0.012400000,0.214600000,0.267600000,0.267800000,0.080100000,0.002900000,0.555200000,84,0,103,3,7,0.001500000,0.003200000,0.001500000,0.003800000,0.003200000,0.000600000,0.579200000,0.016300000,0.048100000,0.009200000,0.004700000,0.101600000,0.000000000,0.000000000,0.003200000,0.776100000,0.006500000,3,1,7,7,3,,0.184500000,0.003900000,0.259700000,0.046900000,0.013900000,0.045800000,true,true,0.022200000,0.140300000,0.006900000,0.003500000,0.008000000,103,103,0
1350,0,1,1920,1080,640,360,ultra-performance,0.001800000,0.022300000,0.252600000,0.640800000,0.017000000,0.130200000,0.934000000,0.173500000,2.435500000,2.433700000,2.172200000,0.263300000,0.003400000,0.021900000,0.012600000,0.214300000,0.262000000,0.262100000,0.082100000,0.002600000,0.553800000,84,0,103,3,7,0.001600000,0.002900000,0.001600000,0.003900000,0.002600000,0.000400000,0.608800000,0.014700000,0.100700000,0.008300000,0.005100000,0.174300000,0.000100000,0.000000000,0.003500000,0.928500000,0.005500000,3,1,7,7,3,,0.186800000,0.004000000,0.255600000,0.046800000,0.013800000,0.046100000,true,true,0.022300000,0.141700000,0.007300000,0.003600000,0.008000000,103,103,0
1351,1,1,1920,1080,640,360,ultra-performance,0.001800000,0.025800000,0.255000000,0.659400000,0.015900000,0.129700000,0.769900000,0.274400000,2.394800000,2.393000000,2.131900000,0.262900000,0.003500000,0.021900000,0.012700000,0.216500000,0.261400000,0.261600000,0.076800000,0.003000000,0.577200000,84,0,103,3,7,0.001400000,0.003100000,0.001500000,0.004200000,0.002400000,0.000400000,0.593000000,0.015600000,0.001700000,0.007600000,0.004600000,0.124500000,0.000000000,0.000000000,0.004000000,0.764000000,0.005900000,3,1,7,7,3,,0.195800000,0.004100000,0.269200000,0.048600000,0.014100000,0.044900000,true,true,0.023900000,0.147100000,0.007800000,0.004100000,0.009000000,103,103,0
1352,2,1,1920,1080,640,360,ultra-performance,0.001800000,0.027700000,0.252700000,0.640100000,0.015100000,0.126300000,1.242500000,0.244100000,2.814600000,2.812800000,2.550300000,0.264300000,0.003500000,0.020400000,0.012400000,0.216000000,0.261000000,0.261300000,0.079600000,0.003100000,0.554900000,84,0,103,3,7,0.001500000,0.003200000,0.001400000,0.003800000,0.005300000,0.000900000,0.551300000,0.028700000,0.416600000,0.020300000,0.009500000,0.184200000,0.000000000,0.000000000,0.006100000,1.232800000,0.009700000,3,1,7,7,3,,0.185600000,0.003700000,0.257400000,0.046900000,0.013400000,0.047200000,true,true,0.022000000,0.140100000,0.007200000,0.003800000,0.008400000,103,103,0
1353,0,1,1920,1080,640,360,ultra-performance,0.002900000,0.041200000,0.293500000,0.806900000,0.024400000,0.169700000,0.739900000,0.180200000,2.509800000,2.506900000,2.258700000,0.251100000,0.009200000,0.045900000,0.016600000,0.220500000,0.248800000,0.249600000,0.089000000,0.006300000,0.708800000,84,0,103,3,7,0.001800000,0.004600000,0.001500000,0.004700000,0.003000000,0.000700000,0.500500000,0.020500000,0.027600000,0.010100000,0.004800000,0.148700000,0.000200000,0.000000000,0.004500000,0.733200000,0.006700000,3,1,7,7,3,,0.245900000,0.006500000,0.283100000,0.101300000,0.019300000,0.051900000,true,true,0.051700000,0.161000000,0.011100000,0.005200000,0.012000000,103,103,0
1354,1,1,1920,1080,640,360,ultra-performance,0.002200000,0.021300000,0.186400000,0.574700000,0.014300000,0.111000000,0.655600000,0.179400000,1.921800000,1.919600000,1.744900000,0.176900000,0.003700000,0.019600000,0.013100000,0.149300000,0.175600000,0.175700000,0.084700000,0.004300000,0.483800000,84,0,103,3,7,0.001200000,0.002700000,0.001100000,0.003500000,0.002500000,0.000600000,0.500600000,0.013300000,0.001700000,0.008500000,0.003800000,0.108400000,0.000000000,0.000000000,0.002900000,0.650800000,0.004800000,3,1,7,7,3,,0.178300000,0.003500000,0.201700000,0.052600000,0.011800000,0.035400000,true,true,0.021200000,0.133400000,0.008000000,0.003600000,0.008000000,103,103,0
1355,2,1,1920,1080,640,360,ultra-performance,0.001900000,0.024600000,0.179600000,0.476800000,0.012800000,0.099900000,0.772000000,0.196900000,1.934500000,1.932600000,1.764500000,0.170000000,0.003200000,0.026000000,0.010200000,0.139500000,0.167900000,0.168000000,0.054100000,0.002300000,0.418400000,84,0,103,3,7,0.001200000,0.002500000,0.001100000,0.003400000,0.003600000,0.001100000,0.552400000,0.025200000,0.035700000,0.011200000,0.004600000,0.117800000,0.000100000,0.000000000,0.006100000,0.766000000,0.006000000,3,1,7,7,3,,0.135000000,0.003200000,0.191500000,0.043600000,0.011500000,0.033300000,true,true,0.016900000,0.099500000,0.005600000,0.003400000,0.006500000,103,103,0
1356,0,1,1920,1080,640,360,ultra-performance,0.001800000,0.020800000,0.268000000,0.691600000,0.018100000,0.139700000,0.771800000,0.198300000,2.379400000,2.377600000,2.110100000,0.269300000,0.003100000,0.016400000,0.009300000,0.238600000,0.267500000,0.267700000,0.083600000,0.002700000,0.602700000,84,0,103,3,7,0.001500000,0.003300000,0.001700000,0.004300000,0.005400000,0.001300000,0.534100000,0.028200000,0.035000000,0.015700000,0.005400000,0.122700000,0.000000000,0.000000000,0.004200000,0.762800000,0.009000000,3,1,7,7,3,,0.206800000,0.004300000,0.265000000,0.053400000,0.015300000,0.057400000,true,true,0.022200000,0.157900000,0.008200000,0.004200000,0.008900000,103,103,0
1357,1,1,1920,1080,640,360,ultra-performance,0.002900000,0.036700000,0.285800000,0.664400000,0.015300000,0.132400000,1.031400000,0.217100000,2.664800000,2.661900000,2.386000000,0.278800000,0.007400000,0.030800000,0.012000000,0.235000000,0.274600000,0.274800000,0.085500000,0.002500000,0.574300000,84,0,103,3,7,0.001700000,0.003200000,0.001600000,0.003700000,0.004200000,0.001000000,0.598700000,0.020100000,0.101200000,0.022200000,0.010700000,0.232400000,0.000000000,0.000000000,0.016200000,1.016900000,0.014500000,3,1,7,7,3,,0.189500000,0.003600000,0.274200000,0.045400000,0.014800000,0.046100000,true,true,0.021700000,0.143900000,0.008400000,0.003300000,0.008100000,103,103,0
1358,2,1,1920,1080,640,360,ultra-performance,0.002100000,0.032400000,0.180100000,0.712900000,0.016900000,0.135200000,0.681300000,0.163500000,2.217900000,2.215800000,1.924400000,0.293500000,0.004500000,0.020800000,0.012700000,0.141400000,0.291500000,0.291700000,0.094900000,0.002800000,0.613000000,84,0,103,3,7,0.001500000,0.003300000,0.001500000,0.004400000,0.003400000,0.000900000,0.501500000,0.021000000,0.025600000,0.011500000,0.005100000,0.091200000,0.000000000,0.000000000,0.004500000,0.675400000,0.005900000,3,1,7,7,3,,0.196000000,0.004200000,0.291500000,0.056800000,0.016100000,0.047700000,true,true,0.024700000,0.145000000,0.008200000,0.004500000,0.009000000,103,103,0
1359,0,1,1920,1080,640,360,ultra-performance,0.001700000,0.025400000,0.183800000,0.690300000,0.017000000,0.139200000,1.103900000,0.294900000,2.715500000,2.713800000,2.456200000,0.259300000,0.003400000,0.019300000,0.011600000,0.149100000,0.256500000,0.256800000,0.092800000,0.002900000,0.592300000,84,0,103,3,7,0.001400000,0.002800000,0.001400000,0.003800000,0.005600000,0.001200000,0.736900000,0.047700000,0.038100000,0.014000000,0.009200000,0.221900000,0.000000000,0.000000000,0.007800000,1.091800000,0.012100000,3,1,7,7,3,,0.205500000,0.004000000,0.271700000,0.048300000,0.014700000,0.047200000,true,true,0.023100000,0.157700000,0.009300000,0.003200000,0.007900000,103,103,0
1360,1,1,1920,1080,640,360,ultra-performance,0.001900000,0.030300000,0.256500000,0.694100000,0.019500000,0.129100000,0.645400000,0.145600000,2.079100000,2.077200000,1.922400000,0.156700000,0.004100000,0.023800000,0.017300000,0.210700000,0.155100000,0.155400000,0.060700000,0.004300000,0.627000000,84,0,103,3,7,0.001500000,0.003900000,0.001200000,0.003700000,0.002100000,0.000400000,0.532300000,0.018800000,0.001500000,0.007600000,0.003300000,0.061400000,0.000100000,0.000000000,0.002800000,0.640600000,0.004800000,3,1,7,7,3,,0.211500000,0.006600000,0.278900000,0.078000000,0.014100000,0.037100000,true,true,0.049900000,0.127500000,0.011900000,0.005300000,0.011700000,103,103,0
1361,2,1,1920,1080,640,360,ultra-performance,0.001700000,0.027600000,0.239800000,0.653000000,0.019100000,0.147500000,0.689800000,0.247300000,2.285500000,2.283800000,2.025800000,0.259700000,0.003300000,0.019700000,0.013900000,0.202300000,0.257900000,0.258100000,0.075800000,0.003500000,0.571500000,84,0,103,3,7,0.001700000,0.004600000,0.001700000,0.004300000,0.003500000,0.000800000,0.438000000,0.022800000,0.079800000,0.010800000,0.004800000,0.105600000,0.000100000,0.000000000,0.004700000,0.683200000,0.006600000,3,1,7,7,3,,0.194000000,0.004600000,0.247500000,0.063500000,0.015400000,0.045800000,true,true,0.025500000,0.142500000,0.008000000,0.004800000,0.008800000,103,103,0
1362,0,1,1920,1080,640,360,ultra-performance,0.002100000,0.025600000,0.197800000,0.513500000,0.015100000,0.103500000,0.711300000,0.172600000,1.909300000,1.907200000,1.741500000,0.167800000,0.004400000,0.021800000,0.022700000,0.148300000,0.166000000,0.166100000,0.058600000,0.003100000,0.450000000,84,0,103,3,7,0.001300000,0.002700000,0.001300000,0.003400000,0.002200000,0.000300000,0.553900000,0.016000000,0.006100000,0.006300000,0.002900000,0.107600000,0.000000000,0.000000000,0.003100000,0.707100000,0.004200000,3,1,7,7,3,,0.144900000,0.003300000,0.206600000,0.048200000,0.012100000,0.034400000,true,true,0.018100000,0.106100000,0.007200000,0.003500000,0.006800000,103,103,0
1363,1,1,1920,1080,640,360,ultra-performance,0.001900000,0.023800000,0.178200000,0.554000000,0.017600000,0.132900000,0.718600000,0.190600000,1.985700000,1.983800000,1.817600000,0.168100000,0.003100000,0.017300000,0.009500000,0.147700000,0.166800000,0.166900000,0.054000000,0.002400000,0.495300000,84,0,103,3,7,0.001700000,0.003600000,0.001800000,0.004600000,0.003200000,0.000500000,0.476200000,0.019900000,0.077000000,0.009400000,0.005000000,0.105900000,0.000100000,0.000000000,0.004100000,0.713000000,0.005600000,3,1,7,7,3,,0.138500000,0.003000000,0.238000000,0.053000000,0.014600000,0.047700000,true,true,0.018200000,0.100600000,0.006600000,0.003900000,0.006200000,103,103,0
1364,2,1,1920,1080,640,360,ultra-performance,0.002000000,0.031000000,0.253300000,0.701800000,0.017100000,0.147100000,0.814000000,0.187600000,2.420600000,2.418600000,2.153900000,0.266700000,0.003400000,0.022600000,0.013200000,0.213400000,0.265300000,0.265400000,0.082000000,0.003000000,0.614400000,84,0,103,3,7,0.001800000,0.003700000,0.001400000,0.004100000,0.003000000,0.000500000,0.496900000,0.018300000,0.170500000,0.010400000,0.005200000,0.089000000,0.000100000,0.000000000,0.003600000,0.808500000,0.005500000,3,1,7,7,3,,0.192300000,0.004100000,0.297200000,0.056900000,0.014800000,0.047800000,true,true,0.022000000,0.145600000,0.008000000,0.004000000,0.008500000,103,103,0
1365,0,1,1920,1080,640,360,ultra-performance,0.002000000,0.025600000,0.254200000,0.668200000,0.015300000,0.131200000,0.742300000,0.190600000,2.300300000,2.298300000,2.029400000,0.270900000,0.003400000,0.021900000,0.012900000,0.215400000,0.269600000,0.269700000,0.080800000,0.002700000,0.582500000,84,0,103,3,7,0.001700000,0.003400000,0.001400000,0.004100000,0.002400000,0.000500000,0.593700000,0.016000000,0.002000000,0.007500000,0.004900000,0.096200000,0.000000000,0.000000000,0.003400000,0.737200000,0.005100000,3,1,7,7,3,,0.194700000,0.004000000,0.273500000,0.048500000,0.013600000,0.047600000,true,true,0.022300000,0.148600000,0.007800000,0.004000000,0.008100000,103,103,0
1366,1,1,1920,1080,640,360,ultra-performance,0.001800000,0.027500000,0.250700000,0.643000000,0.016300000,0.143100000,0.856600000,0.173100000,2.377100000,2.375300000,2.112100000,0.265000000,0.003500000,0.021700000,0.013000000,0.212100000,0.263500000,0.263700000,0.078900000,0.002500000,0.558700000,84,0,103,3,7,0.002000000,0.003000000,0.001500000,0.003800000,0.002700000,0.000400000,0.570800000,0.016500000,0.139100000,0.009100000,0.004700000,0.094000000,0.000100000,0.000000000,0.003400000,0.851100000,0.005500000,3,1,7,7,3,,0.188300000,0.003700000,0.258800000,0.047100000,0.013900000,0.046500000,true,true,0.020800000,0.143900000,0.007100000,0.003400000,0.008600000,103,103,0
1367,2,1,1920,1080,640,360,ultra-performance,0.001800000,0.030500000,0.252300000,0.637000000,0.015800000,0.128900000,0.787700000,0.187500000,2.308700000,2.306900000,2.041500000,0.267200000,0.003400000,0.022200000,0.012300000,0.213900000,0.265700000,0.265900000,0.079900000,0.003100000,0.551800000,84,0,103,3,7,0.001700000,0.002900000,0.001200000,0.003700000,0.003100000,0.000500000,0.615500000,0.015900000,0.037400000,0.008100000,0.004600000,0.084700000,0.000100000,0.000000000,0.003400000,0.782800000,0.004900000,3,1,7,7,3,,0.184700000,0.003600000,0.257100000,0.047400000,0.013600000,0.044800000,true,true,0.021400000,0.140500000,0.007000000,0.003900000,0.008100000,103,103,0
1368,0,1,1920,1080,640,360,ultra-performance,0.001800000,0.026600000,0.255000000,0.638900000,0.015100000,0.127700000,0.791400000,0.236200000,2.358100000,2.356300000,2.092700000,0.265400000,0.003400000,0.021800000,0.013800000,0.215500000,0.264100000,0.264200000,0.079900000,0.002300000,0.554500000,84,0,103,3,7,0.001600000,0.003100000,0.001300000,0.003800000,0.003000000,0.000500000,0.542400000,0.016400000,0.118500000,0.007800000,0.004500000,0.080500000,0.000100000,0.000000000,0.003500000,0.787000000,0.004400000,3,1,7,7,3,,0.188500000,0.003900000,0.253900000,0.047600000,0.013600000,0.046400000,true,true,0.022100000,0.143400000,0.007500000,0.003300000,0.008100000,103,103,0
1369,1,1,1920,1080,640,360,ultra-performance,0.001800000,0.024800000,0.248100000,0.644900000,0.015900000,0.149800000,0.788300000,0.180200000,2.330800000,2.329000000,2.053800000,0.277000000,0.003800000,0.020700000,0.012100000,0.211100000,0.275600000,0.275800000,0.081000000,0.002700000,0.558800000,84,0,103,3,7,0.001400000,0.003000000,0.001600000,0.004000000,0.002900000,0.000500000,0.504500000,0.016500000,0.135300000,0.008900000,0.004700000,0.096000000,0.000000000,0.000000000,0.003600000,0.782900000,0.005400000,3,1,7,7,3,,0.187700000,0.003800000,0.257600000,0.047400000,0.014400000,0.047200000,true,true,0.021900000,0.142800000,0.007000000,0.003800000,0.008200000,103,103,0
1370,2,1,1920,1080,640,360,ultra-performance,0.001700000,0.028000000,0.252400000,0.667200000,0.016000000,0.127300000,0.816600000,0.242900000,2.418600000,2.416900000,2.152100000,0.266500000,0.003700000,0.022400000,0.012600000,0.213400000,0.264900000,0.265100000,0.080700000,0.002500000,0.581800000,84,0,103,3,7,0.001600000,0.003200000,0.001400000,0.004000000,0.003100000,0.000600000,0.565800000,0.016400000,0.104700000,0.009200000,0.004800000,0.092000000,0.000000000,0.000000000,0.003600000,0.810400000,0.006200000,3,1,7,7,3,,0.187000000,0.003900000,0.278200000,0.051500000,0.014200000,0.046500000,true,true,0.021200000,0.141800000,0.007800000,0.003600000,0.008600000,103,103,0
1371,0,1,1920,1080,640,360,ultra-performance,0.001700000,0.024000000,0.242000000,0.637500000,0.015400000,0.126100000,0.749000000,0.176000000,2.228900000,2.227200000,1.971700000,0.257200000,0.003500000,0.021200000,0.012800000,0.204200000,0.255300000,0.255500000,0.077200000,0.002600000,0.555200000,84,0,103,3,7,0.001700000,0.003100000,0.001200000,0.003700000,0.002400000,0.000700000,0.332800000,0.014800000,0.290500000,0.006700000,0.003400000,0.080300000,0.000000000,0.000000000,0.003400000,0.744700000,0.004300000,3,1,7,7,3,,0.184700000,0.003900000,0.260100000,0.047200000,0.013900000,0.044700000,true,true,0.021200000,0.141400000,0.007000000,0.003600000,0.007500000,103,103,0
1372,1,1,1920,1080,640,360,ultra-performance,0.001800000,0.023600000,0.249700000,0.623100000,0.015200000,0.124500000,0.769100000,0.401500000,2.472400000,2.470600000,2.208500000,0.263900000,0.003300000,0.021200000,0.012800000,0.211900000,0.262500000,0.262600000,0.075700000,0.002700000,0.542300000,84,0,103,3,7,0.001400000,0.003000000,0.001400000,0.004200000,0.002800000,0.000400000,0.562400000,0.015600000,0.035300000,0.011100000,0.007700000,0.114900000,0.000100000,0.000000000,0.003300000,0.763600000,0.005500000,3,1,7,7,3,,0.183600000,0.003900000,0.249100000,0.046400000,0.013300000,0.045300000,true,true,0.021300000,0.139300000,0.007300000,0.003400000,0.008200000,103,103,0
1373,2,1,1920,1080,640,360,ultra-performance,0.003900000,0.049800000,0.397900000,0.599100000,0.019600000,0.128600000,1.207200000,0.213600000,2.789700000,2.785800000,2.619700000,0.170000000,0.008900000,0.041300000,0.017700000,0.329100000,0.166700000,0.167000000,0.061600000,0.004100000,0.531600000,84,0,103,3,7,0.001400000,0.003600000,0.001100000,0.003900000,0.004800000,0.001000000,0.766400000,0.039200000,0.003500000,0.012400000,0.007400000,0.349000000,0.000200000,0.000000000,0.006200000,1.200100000,0.007100000,3,1,7,7,3,,0.174700000,0.003800000,0.203100000,0.098600000,0.014000000,0.036700000,true,true,0.040100000,0.108700000,0.008500000,0.005000000,0.008600000,103,103,0
1374,0,1,1920,1080,640,360,ultra-performance,0.002000000,0.027900000,0.164800000,0.484000000,0.017600000,0.112400000,0.653100000,0.151700000,1.770600000,1.768600000,1.613500000,0.157100000,0.004900000,0.019300000,0.009500000,0.130300000,0.155600000,0.155800000,0.057800000,0.004400000,0.420100000,84,0,103,3,7,0.001200000,0.003100000,0.001200000,0.011600000,0.002000000,0.000500000,0.538500000,0.016200000,0.001500000,0.005500000,0.002900000,0.063000000,0.000100000,0.000000000,0.002900000,0.650200000,0.002900000,3,1,7,7,3,,0.140000000,0.004100000,0.178500000,0.052100000,0.012500000,0.032300000,true,true,0.022800000,0.096000000,0.007000000,0.004200000,0.007000000,103,103,0
1375,1,1,1920,1080,640,360,ultra-performance,0.001800000,0.023600000,0.159600000,0.438200000,0.014000000,0.101300000,1.086100000,0.200800000,2.190800000,2.189000000,2.025400000,0.165400000,0.003500000,0.016500000,0.009800000,0.129200000,0.163500000,0.163700000,0.049800000,0.002200000,0.384600000,84,0,103,3,7,0.001000000,0.002500000,0.001000000,0.003000000,0.004200000,0.000800000,0.707500000,0.027500000,0.154400000,0.014800000,0.007800000,0.148700000,0.000000000,0.000000000,0.003700000,1.076900000,0.009200000,3,1,7,7,3,,0.125900000,0.002800000,0.170600000,0.042400000,0.011200000,0.031200000,true,true,0.016000000,0.091500000,0.005600000,0.003500000,0.006500000,103,103,0
1376,2,1,1920,1080,640,360,ultra-performance,0.002100000,0.032800000,0.218100000,0.480500000,0.013500000,0.102500000,0.703400000,0.175400000,1.944300000,1.942200000,1.728300000,0.216000000,0.004600000,0.022700000,0.012300000,0.177600000,0.213600000,0.213800000,0.061800000,0.002700000,0.414300000,84,0,103,3,7,0.001200000,0.002600000,0.001100000,0.003300000,0.003200000,0.000700000,0.528100000,0.021000000,0.029300000,0.011400000,0.005200000,0.085500000,0.000000000,0.000000000,0.005000000,0.697600000,0.005800000,3,1,7,7,3,,0.145100000,0.003100000,0.175800000,0.046000000,0.011500000,0.032200000,true,true,0.018600000,0.105000000,0.006600000,0.004300000,0.007100000,103,103,0
1377,0,1,1920,1080,640,360,ultra-performance,0.002100000,0.023400000,0.207700000,0.582300000,0.015000000,0.106400000,0.974000000,0.203700000,2.283900000,2.281800000,2.114600000,0.169300000,0.003600000,0.019900000,0.012500000,0.171000000,0.167500000,0.167700000,0.059400000,0.003100000,0.517800000,84,0,103,3,7,0.001200000,0.002800000,0.001400000,0.003700000,0.004000000,0.000900000,0.515800000,0.026800000,0.177400000,0.011400000,0.005700000,0.211800000,0.000000000,0.000000000,0.004100000,0.967000000,0.007000000,3,1,7,7,3,,0.144100000,0.003200000,0.264500000,0.057800000,0.012300000,0.035500000,true,true,0.018800000,0.103300000,0.007200000,0.003700000,0.007300000,103,103,0
1378,1,1,1920,1080,640,360,ultra-performance,0.002100000,0.030800000,0.292300000,0.750800000,0.017800000,0.148600000,0.830600000,0.179600000,2.563700000,2.561600000,2.252600000,0.311100000,0.003900000,0.026300000,0.016200000,0.245300000,0.309600000,0.309800000,0.092100000,0.003000000,0.653000000,84,0,103,3,7,0.001800000,0.003500000,0.001700000,0.004400000,0.003100000,0.000700000,0.547700000,0.016400000,0.146100000,0.008900000,0.005100000,0.081800000,0.000000000,0.000000000,0.004000000,0.825200000,0.005400000,3,1,7,7,3,,0.214300000,0.004500000,0.307600000,0.055300000,0.016400000,0.054400000,true,true,0.025100000,0.162900000,0.008300000,0.004000000,0.009000000,103,103,0
1379,2,1,1920,1080,640,360,ultra-performance,0.002000000,0.027500000,0.295200000,0.744000000,0.017000000,0.145200000,0.721800000,0.193100000,2.464500000,2.462500000,2.145800000,0.318700000,0.003900000,0.024600000,0.017000000,0.249300000,0.317200000,0.317300000,0.091900000,0.002700000,0.646700000,84,0,103,3,7,0.001800000,0.003400000,0.001600000,0.004100000,0.002900000,0.000400000,0.539100000,0.015900000,0.048100000,0.007700000,0.005200000,0.082100000,0.000000000,0.000000000,0.003600000,0.715900000,0.005900000,3,1,7,7,3,,0.217300000,0.004400000,0.302300000,0.052300000,0.015800000,0.054000000,true,true,0.024200000,0.168400000,0.007300000,0.003700000,0.009100000,103,103,0
1380,0,1,1920,1080,640,360,ultra-performance,0.001800000,0.024400000,0.289500000,0.735800000,0.026600000,0.143500000,0.737000000,0.409700000,2.680400000,2.678600000,2.368300000,0.312100000,0.003800000,0.025200000,0.015600000,0.244400000,0.300900000,0.301100000,0.091600000,0.002900000,0.638600000,84,0,103,3,7,0.001700000,0.003100000,0.001600000,0.003900000,0.002700000,0.000400000,0.526900000,0.013900000,0.031600000,0.007800000,0.005200000,0.128200000,0.000000000,0.000000000,0.003900000,0.730900000,0.006100000,3,1,7,7,3,,0.209800000,0.004400000,0.304300000,0.050900000,0.015500000,0.053200000,true,true,0.023900000,0.161700000,0.007200000,0.003400000,0.008800000,103,103,0
1381,1,1,1920,1080,640,360,ultra-performance,0.003600000,0.039100000,0.541100000,0.743000000,0.016700000,0.141200000,0.988500000,0.193500000,2.969400000,2.965800000,2.666700000,0.302700000,0.007100000,0.046300000,0.028600000,0.458400000,0.301200000,0.301300000,0.091600000,0.002500000,0.646300000,84,0,103,3,7,0.001700000,0.003200000,0.001600000,0.004200000,0.003900000,0.000700000,0.664100000,0.024900000,0.082200000,0.019700000,0.008600000,0.159100000,0.000000000,0.000000000,0.004200000,0.978100000,0.010400000,3,1,7,7,3,,0.220100000,0.004400000,0.301100000,0.051400000,0.015600000,0.053100000,true,true,0.023800000,0.170800000,0.007700000,0.003700000,0.009300000,103,103,0
1382,2,1,1920,1080,640,360,ultra-performance,0.002000000,0.028300000,0.297300000,0.747700000,0.016900000,0.144000000,0.708700000,0.183400000,2.431800000,2.429800000,2.128300000,0.303500000,0.003800000,0.025000000,0.015200000,0.252800000,0.302000000,0.302300000,0.092200000,0.002800000,0.649900000,84,0,103,3,7,0.001700000,0.003500000,0.001600000,0.004300000,0.002800000,0.000400000,0.474300000,0.013800000,0.084600000,0.008700000,0.005200000,0.097600000,0.000000000,0.000000000,0.003900000,0.702400000,0.006300000,3,1,7,7,3,,0.219400000,0.004600000,0.303000000,0.053100000,0.016200000,0.053000000,true,true,0.024500000,0.169200000,0.007200000,0.004400000,0.009300000,103,103,0
1383,0,1,1920,1080,640,360,ultra-performance,0.001800000,0.022200000,0.300600000,0.741300000,0.016600000,0.143200000,0.813700000,0.250800000,2.616400000,2.614600000,2.290200000,0.326200000,0.003700000,0.024700000,0.015300000,0.256600000,0.324500000,0.324700000,0.092000000,0.002900000,0.643600000,84,0,103,3,7,0.001800000,0.003700000,0.001500000,0.004300000,0.003300000,0.000400000,0.511100000,0.014600000,0.084900000,0.008800000,0.005300000,0.164600000,0.000000000,0.000000000,0.004000000,0.808300000,0.005400000,3,1,7,7,3,,0.213300000,0.004300000,0.304500000,0.052000000,0.015700000,0.053200000,true,true,0.024400000,0.162800000,0.008000000,0.004300000,0.009000000,103,103,0
1384,1,1,1920,1080,640,360,ultra-performance,0.002200000,0.023100000,0.291400000,0.740200000,0.016300000,0.149700000,0.939500000,0.186000000,2.652200000,2.650000000,2.348400000,0.303800000,0.003600000,0.025000000,0.015600000,0.246800000,0.302100000,0.302300000,0.091600000,0.002400000,0.643500000,84,0,103,3,7,0.001700000,0.003100000,0.001600000,0.004000000,0.003200000,0.000600000,0.520600000,0.014700000,0.279700000,0.010600000,0.005400000,0.083500000,0.000000000,0.000000000,0.004000000,0.932700000,0.006800000,3,1,7,7,3,,0.210200000,0.004400000,0.300000000,0.051000000,0.015800000,0.061400000,true,true,0.024300000,0.161700000,0.007300000,0.003500000,0.008900000,103,103,0
1385,2,1,1920,1080,640,360,ultra-performance,0.001800000,0.025400000,0.298500000,0.735100000,0.016100000,0.141000000,0.644600000,0.183100000,2.350200000,2.348400000,2.045600000,0.304600000,0.003700000,0.024200000,0.015700000,0.254400000,0.303200000,0.303300000,0.090900000,0.002700000,0.638800000,84,0,103,3,7,0.001800000,0.003000000,0.001600000,0.003900000,0.003000000,0.000500000,0.350000000,0.013400000,0.150800000,0.010000000,0.004900000,0.092000000,0.000100000,0.000000000,0.004100000,0.639100000,0.005500000,3,1,7,7,3,,0.210300000,0.004300000,0.300500000,0.051100000,0.015500000,0.056500000,true,true,0.023900000,0.161700000,0.007300000,0.003700000,0.009100000,103,103,0
1386,0,1,1920,1080,640,360,ultra-performance,0.001900000,0.022600000,0.292200000,0.737100000,0.016100000,0.141300000,0.956500000,0.180800000,2.655800000,2.653900000,2.348500000,0.307300000,0.003600000,0.025000000,0.014900000,0.248200000,0.305400000,0.305700000,0.092300000,0.002600000,0.639500000,84,0,103,3,7,0.001800000,0.003100000,0.001600000,0.004300000,0.003500000,0.000500000,0.660100000,0.013900000,0.112000000,0.009800000,0.005900000,0.127700000,0.000000000,0.000000000,0.004200000,0.948400000,0.008100000,3,1,7,7,3,,0.209100000,0.004200000,0.306400000,0.050500000,0.015400000,0.053300000,true,true,0.023900000,0.160700000,0.007100000,0.003500000,0.009200000,103,103,0
1387,1,1,1920,1080,640,360,ultra-performance,0.001800000,0.023800000,0.289900000,0.727100000,0.027900000,0.143300000,0.938100000,0.172200000,2.628900000,2.627100000,2.324100000,0.304800000,0.003500000,0.024900000,0.015700000,0.245300000,0.303000000,0.303200000,0.091000000,0.002700000,0.630600000,84,0,103,3,7,0.002100000,0.003100000,0.001600000,0.004100000,0.003300000,0.000700000,0.596300000,0.014300000,0.111300000,0.010700000,0.005400000,0.174800000,0.000000000,0.000000000,0.003900000,0.931600000,0.006500000,3,1,7,7,3,,0.208100000,0.004200000,0.298400000,0.050500000,0.015500000,0.053300000,true,true,0.023500000,0.160600000,0.006900000,0.003800000,0.008700000,103,103,0
1388,2,1,1920,1080,640,360,ultra-performance,0.001800000,0.024300000,0.289900000,0.739200000,0.016000000,0.145200000,0.887400000,0.183800000,2.591200000,2.589400000,2.287600000,0.303600000,0.003500000,0.025100000,0.015300000,0.245600000,0.302200000,0.302400000,0.091900000,0.002700000,0.641900000,84,0,103,3,7,0.001900000,0.003200000,0.001700000,0.004000000,0.003300000,0.000500000,0.611300000,0.012900000,0.101600000,0.009100000,0.005100000,0.122100000,0.000000000,0.000000000,0.004500000,0.881200000,0.006200000,3,1,7,7,3,,0.209800000,0.004200000,0.308000000,0.049800000,0.015800000,0.053600000,true,true,0.023700000,0.162000000,0.007100000,0.003600000,0.008700000,103,103,0
1389,0,1,1920,1080,640,360,ultra-performance,0.002100000,0.024800000,0.288300000,0.745700000,0.016500000,0.143400000,0.757700000,0.303700000,2.657000000,2.654900000,2.282200000,0.374800000,0.003500000,0.024700000,0.014900000,0.244700000,0.372400000,0.372600000,0.091300000,0.002700000,0.648800000,84,0,103,3,7,0.001700000,0.003300000,0.001600000,0.004300000,0.002900000,0.000500000,0.526700000,0.013800000,0.085200000,0.008600000,0.005100000,0.089500000,0.000000000,0.000000000,0.007500000,0.750700000,0.007000000,3,1,7,7,3,,0.209900000,0.004300000,0.298900000,0.050300000,0.015800000,0.069000000,true,true,0.024200000,0.160800000,0.007600000,0.003500000,0.009100000,103,103,0
1390,1,1,1920,1080,640,360,ultra-performance,0.003100000,0.037600000,0.561100000,0.733000000,0.015600000,0.138800000,0.741200000,0.175200000,2.775100000,2.772000000,2.405600000,0.369500000,0.006700000,0.046000000,0.029100000,0.478300000,0.367900000,0.368000000,0.091200000,0.002800000,0.636300000,84,0,103,3,7,0.001900000,0.003100000,0.001600000,0.004500000,0.002800000,0.000500000,0.605800000,0.012800000,0.002200000,0.008600000,0.004700000,0.082900000,0.000100000,0.000000000,0.003600000,0.735100000,0.006100000,3,1,7,7,3,,0.214800000,0.004200000,0.298800000,0.049900000,0.015300000,0.052700000,true,true,0.024000000,0.166400000,0.007300000,0.003400000,0.009100000,103,103,0
1391,2,1,1920,1080,640,360,ultra-performance,0.001800000,0.026200000,0.289900000,0.730500000,0.015900000,0.141200000,1.157200000,0.269100000,2.944000000,2.942200000,2.631800000,0.312200000,0.003300000,0.024900000,0.014900000,0.246300000,0.310000000,0.310200000,0.091900000,0.002600000,0.633200000,84,0,103,3,7,0.001800000,0.003000000,0.001600000,0.004300000,0.007900000,0.001400000,0.640300000,0.027300000,0.194800000,0.017100000,0.011300000,0.231300000,0.000000000,0.000000000,0.006600000,1.148700000,0.008500000,3,1,7,7,3,,0.209600000,0.004300000,0.298900000,0.050500000,0.015400000,0.054100000,true,true,0.023600000,0.161200000,0.007200000,0.004100000,0.008800000,103,103,0
1392,0,1,1920,1080,640,360,ultra-performance,0.002000000,0.024100000,0.214000000,0.478200000,0.012500000,0.103700000,0.662400000,0.187600000,1.863800000,1.861800000,1.684500000,0.179300000,0.004100000,0.022500000,0.014400000,0.172500000,0.177900000,0.178000000,0.055200000,0.002500000,0.418400000,84,0,103,3,7,0.001300000,0.002700000,0.001200000,0.003300000,0.002300000,0.000500000,0.482900000,0.014900000,0.041000000,0.009000000,0.005400000,0.087800000,0.000100000,0.000000000,0.004000000,0.656400000,0.006000000,3,1,7,7,3,,0.132900000,0.003200000,0.185800000,0.042000000,0.011700000,0.042200000,true,true,0.017500000,0.096500000,0.005300000,0.003600000,0.006700000,103,103,0
1393,1,1,1920,1080,640,360,ultra-performance,0.001900000,0.027000000,0.300000000,0.741100000,0.016700000,0.145000000,0.782800000,0.185100000,2.505800000,2.503900000,2.199600000,0.306200000,0.003800000,0.024900000,0.015300000,0.255200000,0.304700000,0.304900000,0.092700000,0.002700000,0.643000000,84,0,103,3,7,0.001900000,0.003300000,0.001700000,0.004800000,0.003200000,0.000500000,0.548700000,0.014100000,0.049600000,0.008800000,0.005000000,0.130700000,0.000100000,0.000000000,0.003900000,0.776300000,0.006500000,3,1,7,7,3,,0.211500000,0.004600000,0.302000000,0.054000000,0.015900000,0.054200000,true,true,0.024700000,0.161400000,0.007500000,0.003800000,0.009400000,103,103,0
1394,2,1,1920,1080,640,360,ultra-performance,0.001900000,0.024000000,0.290000000,0.742000000,0.016100000,0.141600000,0.881600000,0.166900000,2.566900000,2.565000000,2.264100000,0.302800000,0.003600000,0.024600000,0.015100000,0.246200000,0.301600000,0.301800000,0.091200000,0.002700000,0.645200000,84,0,103,3,7,0.002000000,0.003100000,0.001600000,0.004000000,0.006000000,0.001100000,0.575000000,0.017600000,0.070100000,0.013200000,0.074300000,0.105000000,0.000100000,0.000000000,0.003400000,0.876500000,0.005100000,3,1,7,7,3,,0.213200000,0.004300000,0.306300000,0.051100000,0.015900000,0.053800000,true,true,0.024200000,0.164600000,0.007300000,0.003600000,0.009000000,103,103,0
1395,0,1,1920,1080,640,360,ultra-performance,0.001900000,0.018600000,0.178900000,0.579700000,0.012700000,0.127700000,0.831500000,0.225800000,2.174100000,2.172200000,1.976800000,0.197300000,0.003200000,0.017300000,0.009800000,0.148200000,0.195000000,0.195100000,0.088300000,0.003000000,0.486400000,84,0,103,3,7,0.001300000,0.002800000,0.001300000,0.003900000,0.004000000,0.001100000,0.566600000,0.026400000,0.058300000,0.018500000,0.007600000,0.126100000,0.000000000,0.000000000,0.004900000,0.822800000,0.008700000,3,1,7,7,3,,0.192800000,0.004100000,0.199200000,0.044500000,0.011600000,0.033800000,true,true,0.023400000,0.144700000,0.007100000,0.004100000,0.008800000,103,103,0
1396,1,1,1920,1080,640,360,ultra-performance,0.002900000,0.035700000,0.216600000,0.621100000,0.020200000,0.135500000,0.774700000,0.321600000,2.304500000,2.301600000,2.128300000,0.176200000,0.008900000,0.034800000,0.012600000,0.159600000,0.173600000,0.173900000,0.065000000,0.004600000,0.549500000,84,0,103,3,7,0.001400000,0.004100000,0.001300000,0.003900000,0.003900000,0.000900000,0.569600000,0.018900000,0.045100000,0.013200000,0.005600000,0.092400000,0.000200000,0.000000000,0.005900000,0.766400000,0.008300000,3,1,7,7,3,,0.188100000,0.004300000,0.220700000,0.082300000,0.014000000,0.039400000,true,true,0.043900000,0.117800000,0.008000000,0.004700000,0.010200000,103,103,0
1397,2,1,1920,1080,640,360,ultra-performance,0.002200000,0.024600000,0.298800000,0.774100000,0.018600000,0.146300000,0.894200000,0.184000000,2.645500000,2.643300000,2.342800000,0.302700000,0.004600000,0.028100000,0.017100000,0.248300000,0.301200000,0.301300000,0.095100000,0.003500000,0.672700000,84,0,103,3,7,0.001900000,0.003500000,0.001600000,0.004400000,0.003300000,0.000600000,0.555800000,0.017300000,0.191000000,0.009900000,0.005400000,0.090100000,0.000100000,0.000000000,0.003900000,0.888800000,0.005400000,3,1,7,7,3,,0.220900000,0.004900000,0.318000000,0.057400000,0.016300000,0.054600000,true,true,0.026700000,0.165800000,0.009500000,0.004100000,0.009900000,103,103,0
1398,0,1,1920,1080,640,360,ultra-performance,0.002100000,0.023400000,0.298700000,0.742700000,0.018000000,0.145800000,0.662100000,0.205100000,2.402300000,2.400200000,2.097900000,0.304400000,0.004000000,0.025500000,0.015800000,0.253000000,0.302900000,0.303100000,0.092100000,0.002700000,0.645000000,84,0,103,3,7,0.001800000,0.003600000,0.001600000,0.004200000,0.003100000,0.000500000,0.485500000,0.016300000,0.034900000,0.008400000,0.004400000,0.089000000,0.000000000,0.000000000,0.003800000,0.657100000,0.005000000,3,1,7,7,3,,0.213300000,0.004400000,0.302400000,0.054100000,0.016000000,0.054100000,true,true,0.025000000,0.162800000,0.007800000,0.003700000,0.009300000,103,103,0
1399,1,1,1920,1080,640,360,ultra-performance,0.001900000,0.027300000,0.290800000,0.740800000,0.016200000,0.148300000,0.721000000,0.190600000,2.442400000,2.440500000,2.136900000,0.305500000,0.003500000,0.024700000,0.015400000,0.246800000,0.303700000,0.303900000,0.091200000,0.002700000,0.644200000,84,0,103,3,7,0.001700000,0.003200000,0.001600000,0.004000000,0.003100000,0.000500000,0.505400000,0.013900000,0.067300000,0.008800000,0.005100000,0.097400000,0.000000000,0.000000000,0.003800000,0.715800000,0.005200000,3,1,7,7,3,,0.210700000,0.004200000,0.308800000,0.050300000,0.016000000,0.053500000,true,true,0.024100000,0.162400000,0.007200000,0.003500000,0.009000000,103,103,0
1400,2,1,1920,1080,640,360,ultra-performance,0.001800000,0.023000000,0.288600000,0.732200000,0.015700000,0.158800000,0.869100000,0.184200000,2.576000000,2.574200000,2.273400000,0.302600000,0.003600000,0.025500000,0.015000000,0.244200000,0.301200000,0.301300000,0.095100000,0.002700000,0.631600000,84,0,103,3,7,0.002000000,0.003200000,0.001600000,0.004200000,0.002800000,0.000500000,0.543800000,0.012900000,0.192100000,0.007900000,0.004800000,0.083600000,0.000000000,0.000000000,0.003900000,0.863300000,0.005800000,3,1,7,7,3,,0.207800000,0.004200000,0.300500000,0.050400000,0.015300000,0.052800000,true,true,0.024100000,0.159700000,0.007100000,0.003500000,0.009000000,103,103,0
1401,0,1,1920,1080,640,360,ultra-performance,0.001800000,0.020700000,0.291900000,0.739800000,0.015600000,0.154000000,0.718600000,0.185600000,2.436500000,2.434700000,2.128000000,0.308500000,0.003700000,0.025100000,0.015400000,0.247200000,0.307100000,0.307200000,0.093400000,0.002700000,0.640900000,84,0,103,3,7,0.002000000,0.003100000,0.001600000,0.004100000,0.002700000,0.000500000,0.399600000,0.012500000,0.067400000,0.007600000,0.004500000,0.205000000,0.000100000,0.000000000,0.003800000,0.714500000,0.004100000,3,1,7,7,3,,0.212700000,0.004300000,0.304500000,0.049800000,0.015400000,0.053600000,true,true,0.023800000,0.164400000,0.007400000,0.003600000,0.009000000,103,103,0
1402,1,1,1920,1080,640,360,ultra-performance,0.001900000,0.022400000,0.291200000,0.743100000,0.015800000,0.142300000,0.985400000,0.179600000,2.690000000,2.688100000,2.381700000,0.308300000,0.003600000,0.024500000,0.014700000,0.248000000,0.307000000,0.307100000,0.094000000,0.002600000,0.643700000,84,0,103,3,7,0.001600000,0.003100000,0.001600000,0.004200000,0.002900000,0.000500000,0.521900000,0.013100000,0.155900000,0.009000000,0.005000000,0.257200000,0.000000000,0.000000000,0.003800000,0.979800000,0.005600000,3,1,7,7,3,,0.208400000,0.004200000,0.297800000,0.050300000,0.027400000,0.055000000,true,true,0.023900000,0.160800000,0.007000000,0.003400000,0.008700000,103,103,0
1403,2,1,1920,1080,640,360,ultra-performance,0.002000000,0.021200000,0.288700000,0.734900000,0.015800000,0.145900000,0.673800000,0.191800000,2.375800000,2.373800000,2.074100000,0.301700000,0.003500000,0.024500000,0.014600000,0.245700000,0.300200000,0.300400000,0.091100000,0.002800000,0.638100000,84,0,103,3,7,0.001900000,0.003100000,0.001500000,0.004100000,0.002300000,0.000400000,0.541100000,0.013000000,0.004800000,0.006900000,0.005200000,0.080800000,0.000100000,0.000000000,0.003700000,0.668900000,0.004900000,3,1,7,7,3,,0.214800000,0.004200000,0.299300000,0.051000000,0.015300000,0.052900000,true,true,0.023500000,0.160400000,0.007000000,0.010200000,0.009000000,103,103,0
1404,0,1,1920,1080,640,360,ultra-performance,0.001800000,0.018000000,0.288500000,0.738700000,0.016200000,0.142600000,1.037500000,0.239500000,2.786900000,2.785100000,2.482800000,0.304100000,0.003500000,0.024500000,0.015000000,0.245000000,0.302800000,0.303000000,0.090700000,0.002600000,0.642700000,84,0,103,3,7,0.001800000,0.003100000,0.001500000,0.004500000,0.003000000,0.000600000,0.616900000,0.027300000,0.130800000,0.016700000,0.006700000,0.211700000,0.000100000,0.000000000,0.004400000,1.029100000,0.008400000,3,1,7,7,3,,0.205800000,0.004200000,0.312300000,0.051600000,0.015200000,0.052900000,true,true,0.023700000,0.158200000,0.006900000,0.003600000,0.008700000,103,103,0
1405,1,1,1920,1080,640,360,ultra-performance,0.001900000,0.021800000,0.300700000,0.731700000,0.015800000,0.139800000,0.713300000,0.173700000,2.401800000,2.399900000,2.098700000,0.303100000,0.003600000,0.025000000,0.015200000,0.256400000,0.301600000,0.301900000,0.090600000,0.002800000,0.635700000,84,0,103,3,7,0.001700000,0.003000000,0.001500000,0.004400000,0.003200000,0.000500000,0.550700000,0.012700000,0.028700000,0.009500000,0.005300000,0.081600000,0.000000000,0.000000000,0.003900000,0.706700000,0.006600000,3,1,7,7,3,,0.212800000,0.004200000,0.299000000,0.050700000,0.015400000,0.053000000,true,true,0.024100000,0.164900000,0.006800000,0.003700000,0.008800000,103,103,0
1406,2,1,1920,1080,640,360,ultra-performance,0.001700000,0.021100000,0.290800000,0.735600000,0.016000000,0.156300000,0.892000000,0.213200000,2.631100000,2.629400000,2.326700000,0.304400000,0.003600000,0.025300000,0.015100000,0.246300000,0.302500000,0.302600000,0.091500000,0.002700000,0.638600000,84,0,103,3,7,0.001900000,0.003700000,0.001800000,0.003900000,0.005400000,0.000900000,0.559800000,0.027800000,0.079900000,0.023600000,0.011200000,0.158200000,0.000000000,0.000000000,0.005100000,0.883200000,0.008800000,3,1,7,7,3,,0.210300000,0.004300000,0.303500000,0.050400000,0.015700000,0.053600000,true,true,0.023900000,0.162700000,0.006700000,0.003600000,0.009000000,103,103,0
1407,0,1,1920,1080,640,360,ultra-performance,0.002600000,0.032700000,0.231000000,0.603900000,0.019600000,0.130400000,0.883600000,0.341500000,2.435800000,2.433200000,2.245300000,0.190500000,0.007900000,0.033000000,0.011800000,0.177700000,0.187600000,0.188000000,0.071200000,0.004300000,0.526500000,84,0,103,3,7,0.001600000,0.004100000,0.001000000,0.003500000,0.007100000,0.001600000,0.545500000,0.029300000,0.104500000,0.014500000,0.008800000,0.143200000,0.000100000,0.000000000,0.008000000,0.872800000,0.010800000,3,1,7,7,3,,0.191600000,0.004700000,0.207500000,0.069100000,0.013900000,0.039000000,true,true,0.040400000,0.125600000,0.008100000,0.004600000,0.008900000,103,103,0
1408,1,1,1920,1080,640,360,ultra-performance,0.003600000,0.035400000,0.219200000,0.574100000,0.014000000,0.104300000,0.812300000,0.176100000,2.112300000,2.108700000,1.939000000,0.173300000,0.006400000,0.035400000,0.019500000,0.157100000,0.171300000,0.171600000,0.058200000,0.002700000,0.511300000,84,0,103,3,7,0.001400000,0.002600000,0.001200000,0.003800000,0.007300000,0.001600000,0.520900000,0.022600000,0.080900000,0.015200000,0.005900000,0.135600000,0.000000000,0.000000000,0.004400000,0.803400000,0.008900000,3,1,7,7,3,,0.176200000,0.003500000,0.232500000,0.050100000,0.012700000,0.035900000,true,true,0.024000000,0.126300000,0.010000000,0.003800000,0.007800000,103,103,0
1409,2,1,1920,1080,640,360,ultra-performance,0.002100000,0.028500000,0.546200000,0.923400000,0.025800000,0.161500000,0.769100000,0.181000000,3.021100000,3.019000000,2.637600000,0.383500000,0.005100000,0.021700000,0.011000000,0.507400000,0.381200000,0.381600000,0.100800000,0.003000000,0.812400000,84,0,103,3,7,0.002300000,0.004600000,0.002000000,0.005200000,0.002600000,0.000500000,0.574300000,0.026300000,0.002600000,0.009500000,0.005600000,0.124000000,0.000100000,0.000000000,0.003400000,0.763000000,0.006100000,3,1,7,7,3,,0.227600000,0.004600000,0.361800000,0.120400000,0.038400000,0.058200000,true,true,0.025600000,0.172500000,0.009500000,0.004700000,0.009900000,103,103,0
1410,0,1,1920,1080,640,360,ultra-performance,0.001900000,0.023400000,0.240600000,0.599700000,0.015000000,0.107500000,0.696300000,0.218500000,2.064400000,2.062500000,1.902900000,0.161500000,0.004100000,0.019500000,0.014400000,0.202000000,0.159100000,0.159500000,0.075400000,0.004400000,0.518100000,84,0,103,3,7,0.001700000,0.002900000,0.001100000,0.003600000,0.003600000,0.001000000,0.499100000,0.018500000,0.039500000,0.010500000,0.004800000,0.096400000,0.000000000,0.000000000,0.005700000,0.688400000,0.007900000,3,1,7,7,3,,0.218800000,0.004200000,0.198600000,0.051000000,0.011800000,0.033300000,true,true,0.036800000,0.156900000,0.009100000,0.004300000,0.007600000,103,103,0
1411,1,1,1920,1080,640,360,ultra-performance,0.002200000,0.025500000,0.317400000,0.789300000,0.019800000,0.162100000,0.960200000,0.175400000,2.760100000,2.757900000,2.451900000,0.308200000,0.004400000,0.029600000,0.030700000,0.251900000,0.306200000,0.306300000,0.095300000,0.003800000,0.687300000,84,0,103,3,7,0.001800000,0.004000000,0.001700000,0.004400000,0.007100000,0.001400000,0.566700000,0.019400000,0.190900000,0.014000000,0.007600000,0.128100000,0.000000000,0.000000000,0.004300000,0.951400000,0.008800000,3,1,7,7,3,,0.222000000,0.004600000,0.327200000,0.060700000,0.016900000,0.055100000,true,true,0.027600000,0.166200000,0.009400000,0.004400000,0.009500000,103,103,0
1412,2,1,1920,1080,640,360,ultra-performance,0.002000000,0.025600000,0.168400000,0.831100000,0.020000000,0.145300000,0.885500000,0.177900000,2.649200000,2.647200000,2.255800000,0.393400000,0.003700000,0.020200000,0.011400000,0.132400000,0.391500000,0.391700000,0.094600000,0.004300000,0.729400000,84,0,103,3,7,0.001700000,0.003600000,0.001400000,0.004300000,0.003500000,0.000800000,0.680700000,0.019000000,0.034400000,0.010000000,0.005700000,0.108600000,0.000000000,0.000000000,0.004600000,0.878300000,0.007200000,3,1,7,7,3,,0.226000000,0.004800000,0.366200000,0.062800000,0.016300000,0.052800000,true,true,0.030500000,0.163700000,0.011600000,0.005700000,0.009500000,103,103,0
1413,0,1,1920,1080,640,360,ultra-performance,0.002100000,0.020200000,0.195400000,0.520500000,0.015000000,0.110700000,0.667400000,0.166200000,1.917500000,1.915400000,1.697500000,0.220000000,0.003700000,0.019000000,0.012400000,0.159700000,0.218600000,0.218900000,0.062900000,0.002800000,0.452900000,84,0,103,3,7,0.001200000,0.002800000,0.001200000,0.003500000,0.002300000,0.000500000,0.511500000,0.015100000,0.025100000,0.007900000,0.004400000,0.084600000,0.000000000,0.000000000,0.003300000,0.663400000,0.004000000,3,1,7,7,3,,0.151900000,0.003300000,0.200800000,0.049900000,0.011900000,0.034500000,true,true,0.019000000,0.111100000,0.007100000,0.003600000,0.007200000,103,103,0
1414,1,1,1920,1080,640,360,ultra-performance,0.001800000,0.019400000,0.169600000,0.466400000,0.012500000,0.123700000,0.888600000,0.270600000,2.130000000,2.128200000,1.952600000,0.177400000,0.003100000,0.017300000,0.009900000,0.138900000,0.174600000,0.174700000,0.054500000,0.002300000,0.407800000,84,0,103,3,7,0.001600000,0.003500000,0.001400000,0.004100000,0.004500000,0.001100000,0.657800000,0.023900000,0.034300000,0.014600000,0.006300000,0.119400000,0.000000000,0.000000000,0.006600000,0.879100000,0.009500000,3,1,7,7,3,,0.133600000,0.003100000,0.185100000,0.040700000,0.011100000,0.033900000,true,true,0.017100000,0.097800000,0.005600000,0.003500000,0.006500000,103,103,0
1415,2,1,1920,1080,640,360,ultra-performance,0.002000000,0.030100000,0.296700000,0.759800000,0.020000000,0.147500000,0.818900000,0.180400000,2.542100000,2.540100000,2.255400000,0.286700000,0.005000000,0.043100000,0.016400000,0.231500000,0.284700000,0.284900000,0.091500000,0.003900000,0.661800000,84,0,103,3,7,0.002200000,0.003200000,0.001500000,0.004200000,0.003200000,0.000600000,0.539200000,0.022500000,0.045300000,0.014800000,0.006300000,0.164400000,0.000100000,0.000000000,0.003500000,0.811000000,0.007900000,3,1,7,7,3,,0.215600000,0.004800000,0.308100000,0.063700000,0.016500000,0.052300000,true,true,0.029700000,0.158400000,0.008900000,0.004400000,0.009400000,103,103,0
1416,0,1,1920,1080,640,360,ultra-performance,0.003100000,0.031300000,0.260300000,0.633600000,0.022900000,0.125000000,0.795300000,0.179500000,2.325500000,2.322400000,2.051000000,0.274500000,0.004700000,0.025000000,0.014300000,0.216000000,0.271600000,0.271700000,0.080100000,0.004000000,0.541000000,84,0,103,3,7,0.001400000,0.002700000,0.001100000,0.004000000,0.003600000,0.000800000,0.522600000,0.019800000,0.019600000,0.011300000,0.005500000,0.188800000,0.000000000,0.000000000,0.005500000,0.786700000,0.008600000,3,1,7,7,3,,0.144000000,0.003300000,0.265900000,0.053900000,0.019800000,0.053500000,true,true,0.025600000,0.097800000,0.007000000,0.003500000,0.006800000,103,103,0
1417,1,1,1920,1080,640,360,ultra-performance,0.002000000,0.034400000,0.290200000,0.758800000,0.021000000,0.150000000,0.660600000,0.187300000,2.383700000,2.381700000,2.104300000,0.279400000,0.004000000,0.026400000,0.015700000,0.243300000,0.276900000,0.277200000,0.090700000,0.003600000,0.661800000,84,0,103,3,7,0.001800000,0.003400000,0.001600000,0.004000000,0.003400000,0.000900000,0.494800000,0.020500000,0.017400000,0.010100000,0.005000000,0.085500000,0.000100000,0.000000000,0.004900000,0.653400000,0.007200000,3,1,7,7,3,,0.212700000,0.004600000,0.299500000,0.073700000,0.016700000,0.054000000,true,true,0.023800000,0.161300000,0.009400000,0.004200000,0.009100000,103,103,0
1418,2,1,1920,1080,640,360,ultra-performance,0.002200000,0.024200000,0.188300000,0.514700000,0.014300000,0.101700000,0.760600000,0.197300000,1.972900000,1.970700000,1.803300000,0.169600000,0.003500000,0.019300000,0.010800000,0.154000000,0.167700000,0.167800000,0.057300000,0.003000000,0.452400000,84,0,103,3,7,0.001300000,0.002900000,0.001100000,0.003300000,0.002900000,0.000600000,0.545300000,0.016800000,0.070400000,0.009800000,0.004700000,0.092000000,0.000100000,0.000000000,0.003900000,0.755100000,0.005500000,3,1,7,7,3,,0.142100000,0.003200000,0.212400000,0.047800000,0.011500000,0.034900000,true,true,0.018700000,0.102000000,0.007100000,0.003600000,0.007500000,103,103,0
1419,0,1,1920,1080,640,360,ultra-performance,0.002300000,0.032700000,0.292400000,0.775700000,0.017800000,0.146100000,0.740600000,0.204600000,2.517000000,2.514700000,2.212200000,0.304800000,0.005100000,0.025100000,0.014800000,0.246500000,0.303000000,0.303200000,0.107500000,0.003000000,0.662400000,84,0,103,3,7,0.001800000,0.003700000,0.001500000,0.004900000,0.003000000,0.000500000,0.543400000,0.019100000,0.048300000,0.008700000,0.005200000,0.090900000,0.000000000,0.000000000,0.003900000,0.734900000,0.005700000,3,1,7,7,3,,0.214800000,0.004400000,0.313700000,0.057400000,0.016800000,0.054500000,true,true,0.025000000,0.161900000,0.009000000,0.004500000,0.009200000,103,103,0
1420,1,1,1920,1080,640,360,ultra-performance,0.002500000,0.029500000,0.292000000,0.741600000,0.016000000,0.140600000,0.699000000,0.183500000,2.405500000,2.403000000,2.104700000,0.300800000,0.003800000,0.027500000,0.017200000,0.243000000,0.299300000,0.299400000,0.090000000,0.002500000,0.646500000,84,0,103,3,7,0.001800000,0.003000000,0.001600000,0.004100000,0.003200000,0.000400000,0.528900000,0.014400000,0.031700000,0.009500000,0.004800000,0.085500000,0.000100000,0.000000000,0.004000000,0.693000000,0.006000000,3,1,7,7,3,,0.211300000,0.004300000,0.311500000,0.050200000,0.015200000,0.053400000,true,true,0.023500000,0.163500000,0.007100000,0.003600000,0.009000000,103,103,0
1421,2,1,1920,1080,640,360,ultra-performance,0.001900000,0.025100000,0.287900000,0.739000000,0.016700000,0.141500000,0.787500000,0.298700000,2.600000000,2.598100000,2.298300000,0.301700000,0.003400000,0.025300000,0.015400000,0.243300000,0.300100000,0.300400000,0.091400000,0.002700000,0.642300000,84,0,103,3,7,0.001700000,0.003300000,0.001500000,0.004200000,0.003100000,0.000500000,0.539600000,0.015600000,0.115100000,0.009200000,0.005300000,0.079800000,0.000100000,0.000000000,0.003600000,0.782600000,0.004900000,3,1,7,7,3,,0.209100000,0.004200000,0.309100000,0.051000000,0.015500000,0.052800000,true,true,0.023600000,0.161400000,0.007300000,0.003600000,0.008800000,103,103,0
1422,0,1,1920,1080,640,360,ultra-performance,0.003100000,0.034000000,0.267100000,0.527800000,0.017000000,0.111400000,0.748400000,0.196300000,2.092000000,2.088900000,1.905100000,0.186900000,0.005200000,0.023700000,0.010900000,0.226200000,0.184300000,0.184500000,0.059100000,0.003500000,0.463300000,84,0,103,3,7,0.001500000,0.002800000,0.001000000,0.003600000,0.003900000,0.000900000,0.542200000,0.019800000,0.045300000,0.011000000,0.005000000,0.099100000,0.000100000,0.000000000,0.005200000,0.741400000,0.007000000,3,1,7,7,3,,0.157000000,0.003700000,0.196800000,0.058100000,0.013000000,0.034100000,true,true,0.025000000,0.109800000,0.007800000,0.003600000,0.007100000,103,103,0
1423,1,1,1920,1080,640,360,ultra-performance,0.002100000,0.027900000,0.309100000,0.777600000,0.018800000,0.146400000,0.982200000,0.238300000,2.803400000,2.801300000,2.502400000,0.301000000,0.004100000,0.028400000,0.016900000,0.259100000,0.299400000,0.299600000,0.096400000,0.003400000,0.675100000,84,0,103,3,7,0.002000000,0.003300000,0.001500000,0.004200000,0.003500000,0.000500000,0.562000000,0.013900000,0.183600000,0.009900000,0.005000000,0.182700000,0.000100000,0.000000000,0.004100000,0.976300000,0.005900000,3,1,7,7,3,,0.221300000,0.004700000,0.318900000,0.058000000,0.016300000,0.055500000,true,true,0.026300000,0.167000000,0.009200000,0.004500000,0.009600000,103,103,0
1424,2,1,1920,1080,640,360,ultra-performance,0.002000000,0.023900000,0.289700000,0.863800000,0.016600000,0.141800000,0.786600000,0.176700000,2.603900000,2.601900000,2.301100000,0.302800000,0.003800000,0.025300000,0.015600000,0.244500000,0.301300000,0.301500000,0.092300000,0.002800000,0.765800000,84,0,103,3,7,0.001800000,0.003100000,0.001500000,0.004100000,0.003300000,0.000600000,0.519000000,0.014300000,0.123900000,0.016800000,0.005100000,0.083400000,0.000000000,0.000000000,0.004000000,0.780900000,0.005700000,3,1,7,7,3,,0.336800000,0.004200000,0.302700000,0.052000000,0.015600000,0.054000000,true,true,0.024000000,0.288100000,0.007500000,0.003600000,0.009000000,103,103,0
1425,0,1,1920,1080,640,360,ultra-performance,0.001900000,0.027800000,0.289700000,0.737400000,0.016300000,0.142500000,0.661100000,0.180800000,2.365500000,2.363600000,2.057500000,0.308000000,0.003700000,0.025800000,0.015200000,0.244500000,0.306100000,0.306300000,0.090900000,0.002700000,0.641000000,84,0,103,3,7,0.001900000,0.003300000,0.001500000,0.004000000,0.002800000,0.000400000,0.497200000,0.014200000,0.027700000,0.007200000,0.004800000,0.087700000,0.000000000,0.000000000,0.003900000,0.656600000,0.004500000,3,1,7,7,3,,0.211800000,0.004300000,0.305600000,0.050600000,0.015400000,0.052900000,true,true,0.024400000,0.161500000,0.008800000,0.003700000,0.008900000,103,103,0
1426,1,1,1920,1080,640,360,ultra-performance,0.002000000,0.024700000,0.290300000,0.727000000,0.015300000,0.155100000,0.792400000,0.181600000,2.491700000,2.489700000,2.188400000,0.303300000,0.003600000,0.025200000,0.016900000,0.244100000,0.302000000,0.302100000,0.091700000,0.002500000,0.630000000,84,0,103,3,7,0.001700000,0.003400000,0.001500000,0.004000000,0.002800000,0.000400000,0.515300000,0.013200000,0.068900000,0.007900000,0.004900000,0.158700000,0.000000000,0.000000000,0.003800000,0.786500000,0.005900000,3,1,7,7,3,,0.208400000,0.004400000,0.298400000,0.050200000,0.015200000,0.052900000,true,true,0.023700000,0.159000000,0.008700000,0.003600000,0.008900000,103,103,0
1427,2,1,1920,1080,640,360,ultra-performance,0.001800000,0.022500000,0.288000000,0.736200000,0.015900000,0.140300000,0.866300000,0.174900000,2.549100000,2.547300000,2.245900000,0.303200000,0.003800000,0.024800000,0.015100000,0.243900000,0.301600000,0.301700000,0.090900000,0.002700000,0.639900000,84,0,103,3,7,0.001800000,0.003400000,0.001400000,0.003700000,0.002700000,0.000500000,0.550400000,0.013100000,0.025300000,0.007800000,0.004500000,0.242200000,0.000000000,0.000000000,0.004100000,0.860900000,0.005400000,3,1,7,7,3,,0.207800000,0.004300000,0.298600000,0.049900000,0.015400000,0.063500000,true,true,0.023800000,0.159200000,0.007900000,0.003500000,0.008900000,103,103,0
1428,0,1,1920,1080,640,360,ultra-performance,0.001800000,0.020200000,0.290200000,0.742300000,0.017100000,0.143200000,0.776600000,0.202100000,2.504000000,2.502200000,2.193500000,0.310500000,0.003700000,0.024500000,0.015600000,0.245900000,0.308200000,0.308300000,0.090500000,0.002400000,0.646700000,84,0,103,3,7,0.001700000,0.003400000,0.001800000,0.004300000,0.005700000,0.000900000,0.547400000,0.022400000,0.041200000,0.012400000,0.007700000,0.111400000,0.000100000,0.000000000,0.006400000,0.766800000,0.009800000,3,1,7,7,3,,0.207700000,0.004200000,0.314000000,0.051400000,0.015400000,0.053200000,true,true,0.023600000,0.158900000,0.007700000,0.003800000,0.009000000,103,103,0
1429,1,1,1920,1080,640,360,ultra-performance,0.002000000,0.031800000,0.182000000,0.554600000,0.018800000,0.134400000,1.002400000,0.229300000,2.323800000,2.321800000,2.155300000,0.168500000,0.006100000,0.025800000,0.011800000,0.137500000,0.165600000,0.165800000,0.058400000,0.003400000,0.491000000,84,0,103,3,7,0.001400000,0.003000000,0.001100000,0.003100000,0.005900000,0.001100000,0.674700000,0.030000000,0.116400000,0.016100000,0.006300000,0.125300000,0.000000000,0.000000000,0.007800000,0.992200000,0.010200000,3,1,7,7,3,,0.173000000,0.004700000,0.201700000,0.061100000,0.013400000,0.036500000,true,true,0.030100000,0.116900000,0.008500000,0.006200000,0.008100000,103,103,0
1430,2,1,1920,1080,640,360,ultra-performance,0.001900000,0.018800000,0.195800000,0.567300000,0.016200000,0.108300000,0.776400000,0.223600000,2.080500000,2.078600000,1.908300000,0.172200000,0.003700000,0.019200000,0.011600000,0.160800000,0.169600000,0.169700000,0.063000000,0.004100000,0.498200000,84,0,103,3,7,0.001200000,0.002600000,0.001200000,0.003700000,0.004000000,0.001000000,0.570400000,0.018100000,0.040000000,0.009500000,0.005300000,0.105900000,0.000000000,0.000000000,0.005300000,0.768200000,0.008200000,3,1,7,7,3,,0.177600000,0.003400000,0.217800000,0.050800000,0.012900000,0.035100000,true,true,0.029400000,0.123600000,0.009200000,0.003600000,0.007900000,103,103,0
1431,0,1,1920,1080,640,360,ultra-performance,0.002200000,0.037000000,0.262400000,1.059400000,0.019000000,0.149300000,0.814700000,0.244300000,3.069000000,3.066800000,2.588300000,0.480700000,0.007200000,0.032200000,0.016600000,0.205700000,0.478700000,0.479100000,0.194400000,0.005300000,0.856600000,84,0,103,3,7,0.002100000,0.003600000,0.001600000,0.004900000,0.003200000,0.000600000,0.553100000,0.017400000,0.064300000,0.009100000,0.004700000,0.140800000,0.000000000,0.000000000,0.003900000,0.809300000,0.005400000,3,1,7,7,3,,0.399300000,0.004600000,0.319500000,0.059000000,0.017500000,0.056000000,true,true,0.048600000,0.315100000,0.014600000,0.005500000,0.009900000,103,103,0
1432,1,1,1920,1080,640,360,ultra-performance,0.002200000,0.029500000,0.293000000,0.746100000,0.016700000,0.148600000,0.878600000,0.182100000,2.600900000,2.598700000,2.296800000,0.304100000,0.003900000,0.027000000,0.016000000,0.245700000,0.302100000,0.302300000,0.091100000,0.002700000,0.649600000,84,0,103,3,7,0.001900000,0.003600000,0.001500000,0.004300000,0.003000000,0.000600000,0.583700000,0.015700000,0.081900000,0.008100000,0.004900000,0.159200000,0.000000000,0.000000000,0.004000000,0.872400000,0.006200000,3,1,7,7,3,,0.209000000,0.004400000,0.313600000,0.052600000,0.015700000,0.053800000,true,true,0.023700000,0.159600000,0.007800000,0.003900000,0.009200000,103,103,0
1433,2,1,1920,1080,640,360,ultra-performance,0.001900000,0.022300000,0.290900000,0.734000000,0.024000000,0.143900000,0.629100000,0.194400000,2.347900000,2.346000000,2.040500000,0.307400000,0.003700000,0.024400000,0.014900000,0.247500000,0.305900000,0.306100000,0.091600000,0.002600000,0.637200000,84,0,103,3,7,0.001700000,0.003400000,0.001600000,0.004000000,0.002700000,0.000500000,0.439000000,0.016500000,0.043800000,0.007600000,0.004300000,0.094600000,0.000000000,0.000000000,0.003800000,0.623500000,0.005600000,3,1,7,7,3,,0.209800000,0.004200000,0.303000000,0.050700000,0.015400000,0.053500000,true,true,0.023800000,0.160100000,0.008200000,0.004000000,0.009100000,103,103,0
1434,0,1,1920,1080,640,360,ultra-performance,0.002100000,0.026500000,0.301400000,0.743700000,0.016300000,0.144100000,0.814500000,0.235400000,2.585800000,2.583700000,2.284000000,0.301800000,0.003800000,0.024400000,0.015500000,0.257300000,0.300300000,0.300500000,0.091100000,0.002600000,0.647200000,84,0,103,3,7,0.001600000,0.003200000,0.001600000,0.003900000,0.002900000,0.000500000,0.569100000,0.014200000,0.095100000,0.008900000,0.005200000,0.097100000,0.000000000,0.000000000,0.004200000,0.807500000,0.007000000,3,1,7,7,3,,0.209100000,0.004100000,0.299300000,0.050200000,0.015200000,0.068600000,true,true,0.024000000,0.160200000,0.008100000,0.003400000,0.008800000,103,103,0
1435,1,1,1920,1080,640,360,ultra-performance,0.001800000,0.026500000,0.292600000,0.739200000,0.016000000,0.140900000,1.034800000,0.179700000,2.737700000,2.735900000,2.431500000,0.306200000,0.003700000,0.025300000,0.015500000,0.247500000,0.304600000,0.304900000,0.092700000,0.002800000,0.641100000,84,0,103,3,7,0.001900000,0.003100000,0.001500000,0.004000000,0.003200000,0.000400000,0.601200000,0.013800000,0.062200000,0.009900000,0.006400000,0.315400000,0.000000000,0.000000000,0.004300000,1.027300000,0.007500000,3,1,7,7,3,,0.210400000,0.004200000,0.299900000,0.051400000,0.015100000,0.059300000,true,true,0.023800000,0.162000000,0.007500000,0.003700000,0.008800000,103,103,0
1436,2,1,1920,1080,640,360,ultra-performance,0.001800000,0.022300000,0.290700000,0.761300000,0.016000000,0.142700000,0.755100000,0.191800000,2.483000000,2.481200000,2.181700000,0.301300000,0.003700000,0.025100000,0.015600000,0.245900000,0.300100000,0.300300000,0.091300000,0.002800000,0.664200000,84,0,103,3,7,0.001900000,0.003200000,0.001700000,0.004100000,0.003000000,0.000400000,0.611900000,0.013600000,0.004600000,0.009000000,0.004600000,0.086900000,0.000000000,0.000000000,0.003800000,0.748700000,0.006400000,3,1,7,7,3,,0.231400000,0.004300000,0.301800000,0.051400000,0.015500000,0.059100000,true,true,0.024100000,0.180200000,0.008800000,0.003900000,0.009400000,103,103,0
1437,0,1,1920,1080,640,360,ultra-performance,0.001800000,0.024500000,0.291800000,0.737600000,0.015200000,0.142600000,0.811100000,0.277800000,2.608300000,2.606500000,2.302400000,0.305900000,0.003600000,0.024900000,0.015800000,0.247100000,0.304300000,0.304500000,0.091100000,0.002700000,0.641000000,84,0,103,3,7,0.001700000,0.003100000,0.001500000,0.004100000,0.003000000,0.000500000,0.599900000,0.013100000,0.080300000,0.008900000,0.005000000,0.079900000,0.000100000,0.000000000,0.004100000,0.805200000,0.005900000,3,1,7,7,3,,0.217800000,0.004200000,0.300700000,0.049500000,0.015400000,0.052900000,true,true,0.024000000,0.168200000,0.008300000,0.003700000,0.008700000,103,103,0
1438,1,1,1920,1080,640,360,ultra-performance,0.003300000,0.038700000,0.563000000,0.746800000,0.015400000,0.142200000,0.741700000,0.178800000,2.805300000,2.802000000,2.429900000,0.375400000,0.006300000,0.046400000,0.028700000,0.480500000,0.374000000,0.374200000,0.093600000,0.002700000,0.647600000,84,0,103,3,7,0.001700000,0.003000000,0.001500000,0.004400000,0.003000000,0.000600000,0.540900000,0.012900000,0.063600000,0.008500000,0.005000000,0.086800000,0.000100000,0.000000000,0.004200000,0.736200000,0.005500000,3,1,7,7,3,,0.224900000,0.004300000,0.299100000,0.050600000,0.015300000,0.052700000,true,true,0.024000000,0.174400000,0.008000000,0.004400000,0.009300000,103,103,0
1439,2,1,1920,1080,640,360,ultra-performance,0.001900000,0.023800000,0.291600000,0.734200000,0.015800000,0.150000000,0.910300000,0.228400000,2.662600000,2.660700000,2.356000000,0.306600000,0.003800000,0.024800000,0.015200000,0.247600000,0.305000000,0.305200000,0.092900000,0.002700000,0.635900000,84,0,103,3,7,0.001700000,0.003000000,0.001600000,0.004200000,0.003200000,0.000700000,0.590200000,0.028500000,0.107200000,0.016200000,0.007000000,0.135300000,0.000100000,0.000000000,0.004200000,0.903100000,0.007200000,3,1,7,7,3,,0.211300000,0.004300000,0.298300000,0.053500000,0.015100000,0.052900000,true,true,0.024600000,0.161800000,0.008000000,0.003500000,0.008800000,103,103,0
1440,0,1,1920,1080,640,360,ultra-performance,0.001700000,0.024300000,0.291200000,0.737900000,0.016300000,0.146200000,0.863400000,0.281500000,2.675300000,2.673600000,2.362500000,0.312800000,0.003900000,0.025400000,0.015400000,0.246000000,0.310400000,0.310600000,0.092600000,0.002900000,0.639500000,84,0,103,3,7,0.001900000,0.003200000,0.001500000,0.004300000,0.004000000,0.001000000,0.560200000,0.026900000,0.115000000,0.012600000,0.005700000,0.113900000,0.000000000,0.000000000,0.005000000,0.855200000,0.008200000,3,1,7,7,3,,0.210000000,0.004500000,0.301700000,0.053000000,0.016000000,0.053700000,true,true,0.024000000,0.160100000,0.007800000,0.004000000,0.009300000,103,103,0
1441,1,1,1920,1080,640,360,ultra-performance,0.002300000,0.026500000,0.296100000,0.800200000,0.039800000,0.218400000,0.886900000,0.179300000,2.761300000,2.759000000,2.449500000,0.311800000,0.004000000,0.027000000,0.016100000,0.248700000,0.309900000,0.310100000,0.094000000,0.002900000,0.693900000,84,0,103,3,7,0.003200000,0.005200000,0.001900000,0.005800000,0.004700000,0.001300000,0.575300000,0.027500000,0.030200000,0.014100000,0.005100000,0.200300000,0.000200000,0.000000000,0.005100000,0.879900000,0.007000000,3,1,7,7,3,,0.222800000,0.004700000,0.308600000,0.054400000,0.016800000,0.085700000,true,true,0.024400000,0.169900000,0.009100000,0.004600000,0.009800000,103,103,0
1442,2,1,1920,1080,640,360,ultra-performance,0.001900000,0.019300000,0.178200000,0.504200000,0.013700000,0.104500000,0.934200000,0.202500000,2.142900000,2.141000000,1.958500000,0.184400000,0.003200000,0.018300000,0.010900000,0.145000000,0.182200000,0.182400000,0.059200000,0.002300000,0.440700000,84,0,103,3,7,0.001600000,0.002600000,0.001100000,0.003600000,0.004200000,0.001100000,0.535000000,0.025900000,0.176000000,0.012600000,0.005100000,0.151300000,0.000100000,0.000000000,0.005300000,0.925500000,0.008700000,3,1,7,7,3,,0.141700000,0.003400000,0.197300000,0.048600000,0.014900000,0.034300000,true,true,0.017800000,0.102800000,0.007200000,0.003500000,0.006800000,103,103,0
1443,0,1,1920,1080,640,360,ultra-performance,0.002700000,0.039300000,0.217100000,0.542000000,0.015700000,0.115700000,0.925100000,0.211300000,2.272900000,2.270200000,2.068900000,0.204000000,0.008600000,0.034900000,0.013700000,0.158500000,0.201300000,0.201600000,0.066500000,0.002900000,0.470500000,84,0,103,3,7,0.001800000,0.003500000,0.001800000,0.004900000,0.002600000,0.000600000,0.632900000,0.019000000,0.032900000,0.009100000,0.005800000,0.200400000,0.000000000,0.000000000,0.004000000,0.919300000,0.005800000,3,1,7,7,3,,0.143200000,0.003300000,0.229500000,0.046300000,0.012900000,0.034600000,true,true,0.018600000,0.102800000,0.007400000,0.004300000,0.006500000,103,103,0
1444,1,1,1920,1080,640,360,ultra-performance,0.002100000,0.025600000,0.290900000,0.641800000,0.012500000,0.146900000,0.950000000,0.196400000,2.569300000,2.567200000,2.266200000,0.303100000,0.003900000,0.027000000,0.015200000,0.244200000,0.300900000,0.301100000,0.091300000,0.002800000,0.545700000,84,0,103,3,7,0.001700000,0.003500000,0.001700000,0.004200000,0.001900000,0.000600000,0.593900000,0.019200000,0.099000000,0.017500000,0.006900000,0.184900000,0.000000000,0.000000000,0.005500000,0.940500000,0.009500000,3,1,7,7,3,,0.208600000,0.004400000,0.249000000,0.038900000,0.010900000,0.033400000,true,true,0.023400000,0.159800000,0.007600000,0.004000000,0.009100000,103,103,0
1445,2,1,1920,1080,640,360,ultra-performance,0.002200000,0.032500000,0.177900000,0.607400000,0.015300000,0.106800000,0.969400000,0.478300000,2.552100000,2.549900000,2.389800000,0.162300000,0.005800000,0.022700000,0.012200000,0.136300000,0.158300000,0.158900000,0.060100000,0.004800000,0.540600000,84,0,103,3,7,0.001400000,0.002900000,0.001200000,0.003900000,0.007400000,0.001500000,0.559600000,0.025100000,0.185800000,0.013600000,0.008200000,0.135500000,0.000100000,0.000000000,0.011400000,0.957600000,0.011800000,3,1,7,7,3,,0.232300000,0.005000000,0.208200000,0.046500000,0.013000000,0.034900000,true,true,0.052800000,0.118400000,0.009300000,0.004700000,0.031700000,103,103,0
1446,0,1,1920,1080,640,360,ultra-performance,0.002100000,0.026100000,0.231200000,0.484900000,0.012900000,0.106100000,0.649300000,0.176700000,1.898500000,1.896400000,1.689300000,0.209200000,0.004600000,0.027100000,0.016400000,0.182500000,0.207500000,0.207700000,0.057600000,0.002900000,0.422500000,84,0,103,3,7,0.001300000,0.002700000,0.001400000,0.003700000,0.002300000,0.000500000,0.450300000,0.016000000,0.036300000,0.007400000,0.003300000,0.115700000,0.000100000,0.000000000,0.003400000,0.644400000,0.004900000,3,1,7,7,3,,0.139900000,0.003200000,0.188800000,0.043800000,0.012000000,0.034200000,true,true,0.018600000,0.099400000,0.007600000,0.003700000,0.007000000,103,103,0
1447,1,1,1920,1080,640,360,ultra-performance,0.001800000,0.018100000,0.185400000,0.468600000,0.012300000,0.099800000,0.891300000,0.255600000,2.104000000,2.102200000,1.932900000,0.171100000,0.003100000,0.016800000,0.009600000,0.155600000,0.168800000,0.168900000,0.054500000,0.002300000,0.410000000,84,0,103,3,7,0.001300000,0.002500000,0.001000000,0.003500000,0.005900000,0.001300000,0.606500000,0.022200000,0.090400000,0.015000000,0.007500000,0.117200000,0.000000000,0.000000000,0.008200000,0.882500000,0.008800000,3,1,7,7,3,,0.133400000,0.003100000,0.187800000,0.041000000,0.011000000,0.033200000,true,true,0.017100000,0.096800000,0.006300000,0.003600000,0.006500000,103,103,0
1448,2,1,1920,1080,640,360,ultra-performance,0.001900000,0.025600000,0.179800000,0.517800000,0.013400000,0.102700000,0.642000000,0.189000000,1.921900000,1.920000000,1.672200000,0.249700000,0.004200000,0.020700000,0.012400000,0.141500000,0.246800000,0.247300000,0.067500000,0.002600000,0.445700000,84,0,103,3,7,0.001500000,0.002900000,0.001000000,0.003800000,0.002300000,0.000500000,0.499300000,0.014900000,0.023600000,0.006500000,0.003300000,0.074800000,0.000000000,0.000000000,0.003300000,0.637700000,0.004300000,3,1,7,7,3,,0.147500000,0.003200000,0.203100000,0.045000000,0.012500000,0.033800000,true,true,0.018900000,0.106200000,0.007400000,0.004400000,0.007000000,103,103,0
1449,0,1,1920,1080,640,360,ultra-performance,0.001900000,0.017400000,0.172700000,0.471000000,0.012200000,0.101600000,0.757100000,0.157400000,1.905600000,1.903700000,1.691300000,0.214300000,0.003200000,0.018400000,0.009900000,0.140800000,0.213100000,0.213200000,0.055900000,0.002200000,0.410900000,84,0,103,3,7,0.001100000,0.002600000,0.001100000,0.003800000,0.002700000,0.000500000,0.597800000,0.014200000,0.040700000,0.007000000,0.003200000,0.074300000,0.000100000,0.000000000,0.003300000,0.752400000,0.004700000,3,1,7,7,3,,0.134100000,0.003200000,0.183600000,0.045200000,0.011000000,0.033300000,true,true,0.017300000,0.096700000,0.006300000,0.003600000,0.006600000,103,103,0
1450,1,1,1920,1080,640,360,ultra-performance,0.002000000,0.020600000,0.177000000,0.518000000,0.012900000,0.100200000,0.696900000,0.177800000,1.874000000,1.872000000,1.705400000,0.168600000,0.002900000,0.016900000,0.009600000,0.147100000,0.166800000,0.167000000,0.053400000,0.002200000,0.460500000,84,0,103,3,7,0.001000000,0.002500000,0.001200000,0.003600000,0.003000000,0.000600000,0.539800000,0.015200000,0.017200000,0.011600000,0.004800000,0.085700000,0.000000000,0.000000000,0.004600000,0.690800000,0.006100000,3,1,7,7,3,,0.131300000,0.003000000,0.237500000,0.043700000,0.011400000,0.033000000,true,true,0.016800000,0.096300000,0.005900000,0.003200000,0.006200000,103,103,0
1451,2,1,1920,1080,640,360,ultra-performance,0.002000000,0.025200000,0.169700000,0.508400000,0.013600000,0.101000000,1.018600000,0.175800000,2.215100000,2.213100000,2.014300000,0.200800000,0.005000000,0.020500000,0.011300000,0.132200000,0.199100000,0.199300000,0.063800000,0.002500000,0.440300000,84,0,103,3,7,0.001500000,0.002800000,0.001000000,0.004000000,0.004600000,0.001100000,0.699200000,0.034100000,0.053800000,0.018000000,0.008300000,0.177300000,0.000100000,0.000000000,0.003900000,1.009700000,0.008900000,3,1,7,7,3,,0.143600000,0.003200000,0.202800000,0.044200000,0.012600000,0.033200000,true,true,0.017700000,0.103500000,0.007800000,0.004300000,0.006800000,103,103,0
1452,0,1,1920,1080,640,360,ultra-performance,0.002000000,0.019300000,0.180100000,0.507000000,0.012800000,0.130200000,0.804700000,0.184500000,2.012300000,2.010300000,1.840600000,0.171700000,0.003100000,0.018400000,0.010000000,0.148100000,0.169300000,0.169400000,0.054300000,0.002200000,0.448500000,84,0,103,3,7,0.001500000,0.003500000,0.001600000,0.004600000,0.010300000,0.001900000,0.518100000,0.021300000,0.058400000,0.017900000,0.011000000,0.139700000,0.000100000,0.000000000,0.006700000,0.796600000,0.008100000,3,1,7,7,3,,0.167500000,0.004400000,0.191500000,0.040600000,0.011000000,0.033100000,true,true,0.016700000,0.125000000,0.008600000,0.004000000,0.008800000,103,103,0
1453,1,1,1920,1080,640,360,ultra-performance,0.002300000,0.038900000,0.257600000,0.680200000,0.029000000,0.163000000,0.669300000,0.178500000,2.250700000,2.248400000,2.018800000,0.231900000,0.005500000,0.029300000,0.016200000,0.205700000,0.229100000,0.229800000,0.062800000,0.004800000,0.610100000,84,0,103,3,7,0.001700000,0.004600000,0.001100000,0.003900000,0.003600000,0.000600000,0.505600000,0.020600000,0.016100000,0.009800000,0.004400000,0.085800000,0.000100000,0.000000000,0.005400000,0.663300000,0.006000000,3,1,7,7,3,,0.189400000,0.007600000,0.274800000,0.078800000,0.017000000,0.041900000,true,true,0.039300000,0.117500000,0.010200000,0.004700000,0.012800000,103,103,0
1454,2,1,1920,1080,640,360,ultra-performance,0.002000000,0.024300000,0.198300000,0.524200000,0.013500000,0.103100000,1.012300000,0.313700000,2.403300000,2.401300000,2.191400000,0.211900000,0.003600000,0.020500000,0.011900000,0.161800000,0.209300000,0.209400000,0.074300000,0.003700000,0.444200000,84,0,103,3,7,0.001400000,0.002800000,0.001000000,0.003600000,0.005700000,0.001200000,0.653400000,0.028300000,0.125600000,0.011500000,0.006000000,0.156000000,0.000100000,0.000000000,0.007300000,1.003900000,0.008400000,3,1,7,7,3,,0.147500000,0.003100000,0.199700000,0.047900000,0.011400000,0.034000000,true,true,0.023200000,0.101900000,0.007900000,0.003500000,0.007200000,103,103,0
1455,0,1,1920,1080,640,360,ultra-performance,0.001900000,0.026600000,0.173800000,0.576700000,0.014300000,0.104300000,1.157900000,0.236100000,2.486500000,2.484600000,2.291600000,0.194900000,0.004800000,0.019800000,0.011000000,0.137300000,0.192600000,0.192900000,0.072700000,0.002400000,0.499400000,84,0,103,3,7,0.001200000,0.003100000,0.001000000,0.003800000,0.003000000,0.000700000,0.842400000,0.027500000,0.043900000,0.018600000,0.008700000,0.188500000,0.000000000,0.000000000,0.005200000,1.147600000,0.010300000,3,1,7,7,3,,0.170200000,0.003200000,0.217400000,0.055000000,0.016500000,0.036700000,true,true,0.031600000,0.112600000,0.010600000,0.004400000,0.007300000,103,103,0
1456,1,1,1920,1080,640,360,ultra-performance,0.002400000,0.037400000,0.263400000,0.554100000,0.014800000,0.091200000,1.062100000,0.268000000,2.481800000,2.479400000,2.293400000,0.188400000,0.005100000,0.024100000,0.016600000,0.217000000,0.185100000,0.185500000,0.058600000,0.004000000,0.489500000,84,0,103,3,7,0.001200000,0.002200000,0.001000000,0.003100000,0.005800000,0.001400000,0.766700000,0.034500000,0.045000000,0.018000000,0.007300000,0.155100000,0.000000000,0.000000000,0.010000000,1.051300000,0.010800000,3,1,7,7,3,,0.202200000,0.003900000,0.198000000,0.040100000,0.011900000,0.032900000,true,true,0.034200000,0.137000000,0.010200000,0.003400000,0.010500000,103,103,0
1457,2,1,1920,1080,640,360,ultra-performance,0.002200000,0.021700000,0.187100000,0.460900000,0.012800000,0.097400000,0.937900000,0.193100000,2.083500000,2.081300000,1.913100000,0.170400000,0.003600000,0.019400000,0.010500000,0.153000000,0.168300000,0.168400000,0.055400000,0.002900000,0.400800000,84,0,103,3,7,0.001100000,0.002500000,0.001100000,0.003200000,0.004000000,0.000900000,0.596000000,0.027600000,0.112100000,0.016900000,0.007200000,0.148500000,0.000000000,0.000000000,0.005500000,0.926600000,0.011300000,3,1,7,7,3,,0.133400000,0.002900000,0.181900000,0.038300000,0.010500000,0.033200000,true,true,0.017100000,0.097100000,0.006600000,0.003200000,0.006400000,103,103,0
1458,0,1,1920,1080,640,360,ultra-performance,0.002300000,0.031000000,0.250000000,0.824900000,0.027500000,0.169200000,1.017300000,0.286200000,2.873500000,2.871200000,2.608400000,0.265100000,0.004800000,0.026300000,0.016400000,0.202000000,0.261900000,0.262500000,0.088500000,0.004600000,0.728700000,84,0,103,3,7,0.002400000,0.005000000,0.002000000,0.004700000,0.006000000,0.001300000,0.695600000,0.028200000,0.078600000,0.016100000,0.007700000,0.152500000,0.000400000,0.000000000,0.008300000,1.008800000,0.008500000,3,1,7,7,3,,0.238000000,0.006400000,0.307500000,0.086500000,0.018800000,0.070500000,true,true,0.036200000,0.169100000,0.012600000,0.004900000,0.010400000,103,103,0
1459,1,1,1920,1080,640,360,ultra-performance,0.002000000,0.023800000,0.195500000,0.658300000,0.020700000,0.143000000,0.792700000,0.382600000,2.504100000,2.502100000,2.218600000,0.285500000,0.003500000,0.020200000,0.012300000,0.159100000,0.283400000,0.283600000,0.090100000,0.003600000,0.562200000,84,0,103,3,7,0.001600000,0.003700000,0.001500000,0.004300000,0.004300000,0.001100000,0.495900000,0.023400000,0.112600000,0.010700000,0.006200000,0.113700000,0.000000000,0.000000000,0.006700000,0.785700000,0.007000000,3,1,7,7,3,,0.212700000,0.004200000,0.207700000,0.067900000,0.016200000,0.052700000,true,true,0.024400000,0.155600000,0.012000000,0.005400000,0.010200000,103,103,0
1460,2,1,1920,1080,640,360,ultra-performance,0.002200000,0.021600000,0.169200000,0.471900000,0.013100000,0.100700000,1.165900000,0.193700000,2.308700000,2.306500000,2.138300000,0.170400000,0.003700000,0.017200000,0.009800000,0.138200000,0.166800000,0.167000000,0.053800000,0.002600000,0.413600000,84,0,103,3,7,0.001200000,0.002500000,0.001000000,0.003300000,0.009000000,0.001600000,0.694400000,0.043200000,0.141200000,0.019300000,0.008700000,0.213300000,0.000100000,0.000000000,0.011800000,1.150600000,0.015300000,3,1,7,7,3,,0.139700000,0.003100000,0.184900000,0.040900000,0.011100000,0.033500000,true,true,0.016600000,0.102700000,0.007500000,0.003400000,0.006500000,103,103,0
1461,0,1,1920,1080,640,360,ultra-performance,0.002100000,0.024000000,0.214200000,0.510200000,0.013900000,0.103300000,0.865700000,0.181300000,2.083700000,2.081600000,1.914700000,0.169000000,0.005300000,0.048200000,0.015000000,0.144600000,0.166900000,0.167300000,0.056600000,0.002500000,0.449100000,84,0,103,3,7,0.001300000,0.002700000,0.001100000,0.003600000,0.002500000,0.000600000,0.578700000,0.015400000,0.035700000,0.006500000,0.003700000,0.206900000,0.000000000,0.000000000,0.003300000,0.862000000,0.003700000,3,1,7,7,3,,0.141200000,0.003300000,0.214400000,0.043900000,0.011900000,0.034000000,true,true,0.016400000,0.103400000,0.006900000,0.004600000,0.006600000,103,103,0
1462,1,1,1920,1080,640,360,ultra-performance,0.002300000,0.022700000,0.167100000,0.457900000,0.011900000,0.099600000,0.765900000,0.197500000,1.893600000,1.891300000,1.724900000,0.168700000,0.003200000,0.016900000,0.009100000,0.137600000,0.166300000,0.166600000,0.053800000,0.002200000,0.400200000,84,0,103,3,7,0.001100000,0.002400000,0.001300000,0.003200000,0.005400000,0.000900000,0.563900000,0.017500000,0.048800000,0.010500000,0.006300000,0.092400000,0.000000000,0.000000000,0.005100000,0.758800000,0.007100000,3,1,7,7,3,,0.131000000,0.003100000,0.182100000,0.039500000,0.010900000,0.033000000,true,true,0.016300000,0.095600000,0.006300000,0.003200000,0.006600000,103,103,0
1463,2,1,1920,1080,640,360,ultra-performance,0.001800000,0.026800000,0.168100000,0.569300000,0.015500000,0.104400000,0.734500000,0.158800000,1.934900000,1.933100000,1.779200000,0.155700000,0.004000000,0.019800000,0.011500000,0.132100000,0.153700000,0.154000000,0.054400000,0.003400000,0.509400000,84,0,103,3,7,0.001300000,0.002800000,0.001100000,0.003800000,0.003700000,0.000800000,0.540200000,0.019700000,0.051000000,0.008700000,0.004500000,0.085900000,0.000000000,0.000000000,0.004600000,0.728100000,0.006400000,3,1,7,7,3,,0.184700000,0.008400000,0.221600000,0.046700000,0.012400000,0.034700000,true,true,0.028000000,0.104100000,0.008100000,0.004000000,0.024100000,103,103,0
1464,0,1,1920,1080,640,360,ultra-performance,0.001800000,0.020900000,0.229000000,0.561200000,0.016600000,0.107300000,0.841800000,0.174900000,2.109200000,2.107400000,1.953500000,0.155700000,0.003200000,0.018300000,0.010300000,0.196700000,0.153700000,0.153900000,0.056500000,0.003000000,0.497700000,84,0,103,3,7,0.001300000,0.002700000,0.001000000,0.003700000,0.002200000,0.000400000,0.564900000,0.012100000,0.148800000,0.008900000,0.003600000,0.083800000,0.000000000,0.000000000,0.003500000,0.836900000,0.004900000,3,1,7,7,3,,0.151200000,0.004500000,0.243900000,0.047500000,0.015000000,0.034800000,true,true,0.020100000,0.107200000,0.008300000,0.004200000,0.007300000,103,103,0
1465,1,1,1920,1080,640,360,ultra-performance,0.002000000,0.020600000,0.184100000,0.473000000,0.012800000,0.096400000,0.750000000,0.171800000,1.879100000,1.877100000,1.710700000,0.168400000,0.003500000,0.019400000,0.010100000,0.150600000,0.166800000,0.167000000,0.054600000,0.003000000,0.413600000,84,0,103,3,7,0.001300000,0.002400000,0.001000000,0.003400000,0.004000000,0.000700000,0.387800000,0.017600000,0.211200000,0.011900000,0.005300000,0.090600000,0.000000000,0.000000000,0.004700000,0.741900000,0.008100000,3,1,7,7,3,,0.140000000,0.003200000,0.181700000,0.045000000,0.010800000,0.032500000,true,true,0.017800000,0.101500000,0.007000000,0.003500000,0.007000000,103,103,0
1466,2,1,1920,1080,640,360,ultra-performance,0.002100000,0.026500000,0.245500000,0.556000000,0.023500000,0.139700000,0.756400000,0.151300000,2.054600000,2.052500000,1.901000000,0.153600000,0.004200000,0.019400000,0.014000000,0.207200000,0.152100000,0.152200000,0.056700000,0.003400000,0.493300000,84,0,103,3,7,0.001500000,0.003600000,0.001200000,0.003600000,0.003100000,0.000500000,0.535300000,0.022500000,0.027400000,0.007300000,0.004900000,0.136400000,0.000100000,0.000000000,0.003900000,0.751300000,0.005100000,3,1,7,7,3,,0.140800000,0.004200000,0.204200000,0.077000000,0.016300000,0.050100000,true,true,0.020000000,0.097600000,0.008000000,0.004000000,0.007400000,103,103,0
1467,0,1,1920,1080,640,360,ultra-performance,0.001700000,0.020300000,0.179200000,0.482100000,0.016600000,0.117700000,0.696200000,0.189600000,1.864100000,1.862400000,1.703400000,0.160700000,0.003400000,0.019100000,0.009800000,0.146400000,0.158800000,0.158900000,0.053300000,0.002500000,0.424500000,84,0,103,3,7,0.001500000,0.003200000,0.001100000,0.003400000,0.005000000,0.000800000,0.537400000,0.021000000,0.006900000,0.009300000,0.004500000,0.090400000,0.000000000,0.000000000,0.005600000,0.690100000,0.006100000,3,1,7,7,3,,0.136900000,0.003900000,0.182500000,0.053800000,0.012700000,0.034100000,true,true,0.017100000,0.098900000,0.006600000,0.003700000,0.006600000,103,103,0
1468,1,1,1920,1080,640,360,ultra-performance,0.002000000,0.019800000,0.204200000,0.506600000,0.014100000,0.101900000,0.868900000,0.186700000,2.082200000,2.080200000,1.904200000,0.178000000,0.003500000,0.021000000,0.011100000,0.167800000,0.175500000,0.175700000,0.060300000,0.002500000,0.441800000,84,0,103,3,7,0.001100000,0.002900000,0.001200000,0.003800000,0.002600000,0.000600000,0.514400000,0.016400000,0.100900000,0.017300000,0.005100000,0.188500000,0.000000000,0.000000000,0.005700000,0.860500000,0.008400000,3,1,7,7,3,,0.145000000,0.003200000,0.199600000,0.047700000,0.011600000,0.034100000,true,true,0.018700000,0.103700000,0.008300000,0.003500000,0.007000000,103,103,0
1469,2,1,1920,1080,640,360,ultra-performance,0.001800000,0.023600000,0.208500000,0.504100000,0.013500000,0.103500000,0.820600000,0.183900000,2.027000000,2.025200000,1.859500000,0.167500000,0.004000000,0.020000000,0.011000000,0.172800000,0.165200000,0.165500000,0.061600000,0.002300000,0.438300000,84,0,103,3,7,0.001100000,0.002900000,0.001100000,0.003800000,0.002800000,0.000500000,0.589900000,0.020000000,0.051100000,0.015000000,0.005600000,0.114300000,0.000100000,0.000000000,0.004200000,0.812400000,0.008200000,3,1,7,7,3,,0.140200000,0.003000000,0.195700000,0.045000000,0.020500000,0.033400000,true,true,0.017600000,0.100700000,0.007700000,0.004100000,0.006500000,103,103,0
1470,0,1,1920,1080,640,360,ultra-performance,0.001900000,0.022000000,0.186500000,0.466500000,0.012700000,0.097700000,0.698400000,0.204900000,1.871100000,1.869200000,1.690600000,0.180500000,0.003200000,0.021100000,0.010300000,0.151400000,0.178600000,0.178800000,0.056800000,0.002400000,0.405400000,84,0,103,3,7,0.001300000,0.002400000,0.001100000,0.003100000,0.003200000,0.000800000,0.481600000,0.017800000,0.036400000,0.010400000,0.005400000,0.122600000,0.000000000,0.000000000,0.005600000,0.691700000,0.006700000,3,1,7,7,3,,0.138000000,0.003100000,0.181400000,0.038500000,0.010700000,0.033000000,true,true,0.021600000,0.097400000,0.006500000,0.003200000,0.006400000,103,103,0
1471,1,1,1920,1080,640,360,ultra-performance,0.001600000,0.025200000,0.202600000,0.647900000,0.018100000,0.143000000,0.879100000,0.307500000,2.415100000,2.413500000,2.225000000,0.190100000,0.003600000,0.020100000,0.010300000,0.168000000,0.187100000,0.187300000,0.078400000,0.004100000,0.563100000,84,0,103,3,7,0.002100000,0.004300000,0.001700000,0.004200000,0.005800000,0.001100000,0.546400000,0.023400000,0.124300000,0.011700000,0.005700000,0.130300000,0.000000000,0.000000000,0.009000000,0.870000000,0.009100000,3,1,7,7,3,,0.204600000,0.005100000,0.243300000,0.060000000,0.013700000,0.035900000,true,true,0.027400000,0.145200000,0.010600000,0.005300000,0.010800000,103,103,0
1472,2,1,1920,1080,640,360,ultra-performance,0.002900000,0.025800000,0.189900000,0.501900000,0.014000000,0.101600000,0.858000000,0.246800000,2.109100000,2.106200000,1.940900000,0.168200000,0.003600000,0.021000000,0.011300000,0.153100000,0.166200000,0.166300000,0.059100000,0.003000000,0.437700000,84,0,103,3,7,0.001200000,0.002600000,0.001000000,0.003000000,0.005800000,0.001200000,0.489600000,0.023500000,0.111800000,0.010700000,0.006200000,0.186700000,0.000000000,0.000000000,0.007300000,0.850600000,0.007400000,3,1,7,7,3,,0.141500000,0.003400000,0.200300000,0.046500000,0.011000000,0.034600000,true,true,0.018600000,0.100900000,0.008100000,0.003600000,0.007100000,103,103,0
1473,0,1,1920,1080,640,360,ultra-performance,0.002800000,0.028300000,0.247700000,0.496500000,0.012600000,0.144300000,0.609200000,0.165100000,1.949500000,1.946700000,1.706500000,0.243000000,0.004000000,0.023300000,0.013000000,0.206900000,0.241900000,0.242000000,0.075700000,0.002700000,0.416200000,84,0,103,3,7,0.001400000,0.003400000,0.001500000,0.004200000,0.002200000,0.000600000,0.459000000,0.019300000,0.006100000,0.009000000,0.004800000,0.088800000,0.000100000,0.000000000,0.003500000,0.603900000,0.005300000,3,1,7,7,3,,0.141300000,0.003200000,0.184100000,0.043200000,0.010900000,0.033100000,true,true,0.017600000,0.103900000,0.006500000,0.003400000,0.006500000,103,103,0
1474,1,1,1920,1080,640,360,ultra-performance,0.001900000,0.023600000,0.171200000,0.475400000,0.012000000,0.105500000,0.838100000,0.178500000,1.975800000,1.973900000,1.806200000,0.169600000,0.003100000,0.017500000,0.010300000,0.139800000,0.167500000,0.167700000,0.052700000,0.002300000,0.418400000,84,0,103,3,7,0.001500000,0.002500000,0.001100000,0.003100000,0.004700000,0.000900000,0.571700000,0.021900000,0.030000000,0.008900000,0.006400000,0.171600000,0.000100000,0.000000000,0.006500000,0.830900000,0.007200000,3,1,7,7,3,,0.131700000,0.003100000,0.198900000,0.040000000,0.011000000,0.033200000,true,true,0.016800000,0.095900000,0.006400000,0.003200000,0.006400000,103,103,0
1475,2,1,1920,1080,640,360,ultra-performance,0.001900000,0.051700000,0.283400000,0.555600000,0.019900000,0.143000000,0.836700000,0.222900000,2.443600000,2.441700000,2.115100000,0.328500000,0.005300000,0.030200000,0.016200000,0.230900000,0.326500000,0.326700000,0.103700000,0.002700000,0.446900000,84,0,103,3,7,0.001900000,0.004000000,0.001600000,0.004800000,0.003500000,0.000500000,0.646400000,0.017200000,0.040900000,0.010200000,0.005600000,0.088800000,0.000100000,0.000000000,0.005500000,0.831000000,0.005700000,3,1,7,7,3,,0.144300000,0.003400000,0.207500000,0.044600000,0.012500000,0.033900000,true,true,0.018900000,0.101200000,0.008300000,0.004300000,0.008000000,103,103,0
1476,0,1,1920,1080,640,360,ultra-performance,0.002100000,0.021100000,0.177500000,0.462500000,0.012800000,0.119100000,0.804400000,0.198400000,1.967100000,1.965000000,1.797900000,0.169200000,0.003600000,0.021800000,0.011100000,0.140500000,0.166900000,0.167000000,0.055300000,0.002200000,0.403000000,84,0,103,3,7,0.002000000,0.004400000,0.001900000,0.004200000,0.003600000,0.000900000,0.568000000,0.022900000,0.045600000,0.012500000,0.005300000,0.121300000,0.000000000,0.000000000,0.005800000,0.798400000,0.006000000,3,1,7,7,3,,0.134200000,0.003100000,0.181700000,0.039700000,0.011100000,0.032700000,true,true,0.016900000,0.097500000,0.006700000,0.003500000,0.006400000,103,103,0
1477,1,1,1920,1080,640,360,ultra-performance,0.002100000,0.028200000,0.170700000,0.541000000,0.014400000,0.103200000,0.722100000,0.171500000,1.910400000,1.908300000,1.753200000,0.157200000,0.004300000,0.020400000,0.012100000,0.133200000,0.155500000,0.155600000,0.054500000,0.021900000,0.462600000,84,0,103,3,7,0.001500000,0.002800000,0.001000000,0.003800000,0.003000000,0.000400000,0.573200000,0.014400000,0.026300000,0.008000000,0.003400000,0.075700000,0.000000000,0.000000000,0.003700000,0.717200000,0.004900000,3,1,7,7,3,,0.158600000,0.003400000,0.208800000,0.044800000,0.012600000,0.033600000,true,true,0.024600000,0.110300000,0.007600000,0.003900000,0.008100000,103,103,0
1478,2,1,1920,1080,640,360,ultra-performance,0.001900000,0.035900000,0.217000000,0.472800000,0.012000000,0.100500000,0.845400000,0.162000000,2.016100000,2.014200000,1.847500000,0.168600000,0.004700000,0.027300000,0.014100000,0.170400000,0.167300000,0.167400000,0.055500000,0.002400000,0.413200000,84,0,103,3,7,0.001200000,0.002600000,0.001100000,0.003700000,0.002400000,0.000600000,0.551900000,0.019000000,0.003700000,0.007400000,0.004600000,0.237700000,0.000100000,0.000000000,0.004000000,0.840000000,0.005400000,3,1,7,7,3,,0.141300000,0.003200000,0.182600000,0.042000000,0.010800000,0.032800000,true,true,0.016900000,0.104100000,0.007100000,0.003600000,0.006500000,103,103,0
1479,0,1,1920,1080,640,360,ultra-performance,0.001800000,0.020100000,0.210300000,0.551800000,0.012300000,0.100800000,0.847100000,0.171400000,2.180600000,2.178800000,1.915600000,0.265000000,0.003500000,0.023700000,0.013800000,0.168400000,0.263700000,0.264000000,0.064400000,0.002400000,0.483000000,84,0,103,3,7,0.001300000,0.002800000,0.001000000,0.003900000,0.002700000,0.000500000,0.613600000,0.014800000,0.027300000,0.008700000,0.003700000,0.158100000,0.000100000,0.000000000,0.003800000,0.842300000,0.004800000,3,1,7,7,3,,0.191200000,0.003900000,0.200300000,0.043200000,0.011200000,0.032700000,true,true,0.017700000,0.147500000,0.008900000,0.004000000,0.008400000,103,103,0
1480,1,1,1920,1080,640,360,ultra-performance,0.001800000,0.029700000,0.170300000,0.478900000,0.016000000,0.133800000,0.783000000,0.160200000,1.942400000,1.940600000,1.773700000,0.168700000,0.003000000,0.016900000,0.010800000,0.139200000,0.166900000,0.167100000,0.054200000,0.002400000,0.419800000,84,0,103,3,7,0.001400000,0.002900000,0.001100000,0.003300000,0.002100000,0.000500000,0.548000000,0.014700000,0.020600000,0.007500000,0.003600000,0.167500000,0.000000000,0.000000000,0.003700000,0.776900000,0.006100000,3,1,7,7,3,,0.131100000,0.003100000,0.182700000,0.040600000,0.014200000,0.047300000,true,true,0.016600000,0.095500000,0.006100000,0.003400000,0.006400000,103,103,0
1481,2,1,1920,1080,640,360,ultra-performance,0.001800000,0.020200000,0.170100000,0.468700000,0.012400000,0.100800000,0.931900000,0.302900000,2.178500000,2.176700000,2.008800000,0.169700000,0.003100000,0.016600000,0.010700000,0.139200000,0.167000000,0.167200000,0.053900000,0.002300000,0.410600000,84,0,103,3,7,0.001100000,0.002500000,0.001100000,0.003400000,0.005800000,0.001000000,0.599500000,0.027000000,0.122100000,0.014800000,0.008800000,0.127300000,0.000100000,0.000000000,0.008600000,0.923100000,0.008800000,3,1,7,7,3,,0.141700000,0.003100000,0.181700000,0.039900000,0.011100000,0.032500000,true,true,0.016700000,0.102400000,0.006400000,0.004300000,0.008700000,103,103,0
1482,0,1,1920,1080,640,360,ultra-performance,0.001800000,0.025300000,0.206700000,0.544500000,0.013200000,0.103100000,0.721400000,0.166200000,1.962600000,1.960800000,1.782200000,0.180400000,0.004700000,0.022200000,0.011000000,0.167800000,0.177700000,0.178100000,0.099400000,0.003100000,0.439900000,84,0,103,3,7,0.001200000,0.002700000,0.001000000,0.003700000,0.004800000,0.000800000,0.529800000,0.018800000,0.023000000,0.010100000,0.007400000,0.102500000,0.000000000,0.000000000,0.006100000,0.711900000,0.009500000,3,1,7,7,3,,0.147400000,0.003200000,0.192900000,0.046200000,0.015500000,0.034000000,true,true,0.022900000,0.102100000,0.007800000,0.004100000,0.006700000,103,103,0
1483,1,1,1920,1080,640,360,ultra-performance,0.001800000,0.025700000,0.174100000,0.597500000,0.015100000,0.102500000,0.864100000,0.167300000,2.105200000,2.103400000,1.948100000,0.157100000,0.003500000,0.019800000,0.012100000,0.138200000,0.154700000,0.154900000,0.084100000,0.004300000,0.507200000,84,0,103,3,7,0.001400000,0.002900000,0.001100000,0.003700000,0.005000000,0.001100000,0.549600000,0.020200000,0.103800000,0.013100000,0.006400000,0.139100000,0.000100000,0.000000000,0.008300000,0.855800000,0.008300000,3,1,7,7,3,,0.199700000,0.004000000,0.211300000,0.045400000,0.012200000,0.034000000,true,true,0.038100000,0.134100000,0.009100000,0.004100000,0.010100000,103,103,0
1484,2,1,1920,1080,640,360,ultra-performance,0.001700000,0.023900000,0.199600000,0.545600000,0.013800000,0.102500000,0.886400000,0.172000000,2.117400000,2.115700000,1.945500000,0.171900000,0.003000000,0.016900000,0.011400000,0.167300000,0.169800000,0.170200000,0.063600000,0.003200000,0.476600000,84,0,103,3,7,0.001100000,0.002700000,0.001100000,0.003500000,0.003200000,0.000700000,0.597900000,0.020300000,0.050500000,0.014900000,0.005600000,0.171700000,0.000100000,0.000000000,0.005200000,0.878500000,0.007900000,3,1,7,7,3,,0.138700000,0.002600000,0.212300000,0.054200000,0.016700000,0.051400000,true,true,0.018200000,0.100900000,0.007000000,0.003200000,0.006400000,103,103,0
1485,0,1,1920,1080,640,360,ultra-performance,0.003000000,0.020100000,0.176300000,0.478400000,0.012200000,0.094500000,0.691200000,0.176200000,1.820100000,1.817100000,1.651900000,0.168200000,0.003100000,0.020900000,0.012000000,0.139700000,0.166800000,0.166900000,0.055200000,0.008400000,0.413100000,84,0,103,3,7,0.001100000,0.002400000,0.001000000,0.003000000,0.002700000,0.000700000,0.563100000,0.013900000,0.006600000,0.005600000,0.003600000,0.080500000,0.000000000,0.000000000,0.003800000,0.688000000,0.003200000,3,1,7,7,3,,0.136000000,0.003000000,0.189700000,0.038900000,0.011800000,0.033300000,true,true,0.016600000,0.099800000,0.006600000,0.003700000,0.006400000,103,103,0
1486,1,1,1920,1080,640,360,ultra-performance,0.001900000,0.021600000,0.181200000,0.494300000,0.013500000,0.102800000,0.941900000,0.176300000,2.104200000,2.102300000,1.933500000,0.170700000,0.002900000,0.019900000,0.009500000,0.148500000,0.168700000,0.168800000,0.053800000,0.002200000,0.435600000,84,0,103,3,7,0.001200000,0.002600000,0.001200000,0.003600000,0.003800000,0.000700000,0.577200000,0.023500000,0.044100000,0.015300000,0.005600000,0.245800000,0.000000000,0.000000000,0.005600000,0.930200000,0.011700000,3,1,7,7,3,,0.133200000,0.003000000,0.184800000,0.040400000,0.017800000,0.055800000,true,true,0.019300000,0.095400000,0.006100000,0.003000000,0.006200000,103,103,0
1487,2,1,1920,1080,640,360,ultra-performance,0.845300000,0.030500000,0.187700000,0.488400000,0.022000000,0.099800000,0.878300000,0.172100000,2.901100000,2.055800000,2.724100000,0.177000000,0.003700000,0.021300000,0.015500000,0.146500000,0.175200000,0.175300000,0.056900000,0.002500000,0.427000000,84,0,103,3,7,0.001300000,0.002600000,0.001100000,0.003100000,0.002800000,0.000600000,0.635400000,0.016300000,0.043000000,0.012700000,0.005700000,0.140900000,0.000000000,0.000000000,0.005500000,0.871000000,0.007300000,3,1,7,7,3,,0.139500000,0.003300000,0.193100000,0.044100000,0.012400000,0.034200000,true,true,0.017000000,0.099200000,0.009800000,0.003800000,0.006600000,103,103,0
1488,0,1,1920,1080,640,360,ultra-performance,0.271000000,0.034700000,0.200700000,0.708400000,0.024200000,0.166500000,0.806100000,0.229500000,2.638600000,2.367600000,2.441100000,0.197500000,0.005400000,0.030700000,0.014600000,0.149500000,0.195300000,0.195400000,0.078000000,0.003800000,0.624500000,84,0,103,3,7,0.001600000,0.004600000,0.001500000,0.004500000,0.004300000,0.000900000,0.541900000,0.025700000,0.045200000,0.012100000,0.007000000,0.141300000,0.000100000,0.000000000,0.007100000,0.797800000,0.008300000,3,1,7,7,3,,0.195900000,0.006000000,0.281400000,0.085200000,0.016000000,0.039200000,true,true,0.036500000,0.125400000,0.010400000,0.006400000,0.012600000,103,103,0
1489,1,1,1920,1080,640,360,ultra-performance,0.002000000,0.028900000,0.266200000,0.753400000,0.018600000,0.144200000,0.782400000,0.181000000,2.439900000,2.437900000,2.176700000,0.263200000,0.004600000,0.026700000,0.014700000,0.219400000,0.261400000,0.261500000,0.142700000,0.004000000,0.604200000,84,0,103,3,7,0.001600000,0.003200000,0.001400000,0.003800000,0.002600000,0.000500000,0.598400000,0.017400000,0.036500000,0.008900000,0.004800000,0.094100000,0.000000000,0.000000000,0.004400000,0.777600000,0.004800000,3,1,7,7,3,,0.197800000,0.004100000,0.275200000,0.061100000,0.015800000,0.049600000,true,true,0.026300000,0.144700000,0.009600000,0.003900000,0.009000000,103,103,0
1490,2,1,1920,1080,640,360,ultra-performance,0.001700000,0.029300000,0.253200000,0.661100000,0.016100000,0.132400000,0.905300000,0.238800000,2.506100000,2.504400000,2.237900000,0.268200000,0.003700000,0.024900000,0.013100000,0.211100000,0.264600000,0.264700000,0.079400000,0.003200000,0.576000000,84,0,103,3,7,0.001700000,0.003100000,0.001300000,0.003800000,0.006700000,0.001400000,0.581900000,0.027100000,0.107200000,0.015100000,0.008100000,0.124800000,0.000000000,0.000000000,0.010800000,0.893000000,0.012300000,3,1,7,7,3,,0.186200000,0.003800000,0.258700000,0.065800000,0.013500000,0.047300000,true,true,0.023600000,0.137700000,0.008600000,0.003600000,0.008700000,103,103,0
1491,0,1,1920,1080,640,360,ultra-performance,0.002600000,0.032400000,0.268700000,0.752700000,0.026000000,0.156100000,0.718200000,0.181600000,2.384000000,2.381400000,2.138300000,0.245700000,0.006900000,0.032600000,0.022400000,0.205800000,0.243100000,0.243300000,0.083300000,0.004200000,0.662400000,84,0,103,3,7,0.001500000,0.004100000,0.001900000,0.004300000,0.002500000,0.000500000,0.567400000,0.017300000,0.004500000,0.009200000,0.004200000,0.089600000,0.000100000,0.000000000,0.004500000,0.711600000,0.006600000,3,1,7,7,3,,0.232300000,0.005000000,0.275900000,0.079200000,0.018400000,0.050600000,true,true,0.038900000,0.161100000,0.010900000,0.005700000,0.010400000,103,103,0
1492,1,1,1920,1080,640,360,ultra-performance,0.002100000,0.031100000,0.250400000,0.670400000,0.021600000,0.146500000,0.935700000,0.182300000,2.488700000,2.486600000,2.240100000,0.248600000,0.005300000,0.028100000,0.016100000,0.200200000,0.246300000,0.246400000,0.077600000,0.004000000,0.586400000,84,0,103,3,7,0.001800000,0.003300000,0.001700000,0.003800000,0.003600000,0.001200000,0.715500000,0.031700000,0.026000000,0.011800000,0.005500000,0.115700000,0.000100000,0.000000000,0.007400000,0.929100000,0.006600000,3,1,7,7,3,,0.204400000,0.004300000,0.251600000,0.061100000,0.016900000,0.047300000,true,true,0.031800000,0.144800000,0.009800000,0.005500000,0.008600000,103,103,0
1493,2,1,1920,1080,640,360,ultra-performance,0.002200000,0.034700000,0.238800000,0.644800000,0.019000000,0.139300000,0.722100000,0.197500000,2.252300000,2.250100000,1.998400000,0.253900000,0.004100000,0.022400000,0.011100000,0.200500000,0.251600000,0.251800000,0.075200000,0.003600000,0.563900000,84,0,103,3,7,0.001400000,0.003500000,0.001500000,0.003900000,0.003400000,0.000800000,0.510300000,0.020300000,0.049000000,0.009800000,0.004700000,0.101700000,0.000200000,0.000000000,0.005800000,0.716300000,0.005800000,3,1,7,7,3,,0.192600000,0.004000000,0.243900000,0.060300000,0.015500000,0.047000000,true,true,0.027300000,0.138900000,0.009400000,0.004500000,0.008800000,103,103,0
1494,0,1,1920,1080,640,360,ultra-performance,0.002200000,0.022900000,0.215500000,0.694800000,0.020200000,0.138000000,0.833600000,0.204300000,2.391600000,2.389400000,2.131500000,0.260100000,0.003800000,0.021800000,0.011600000,0.177600000,0.257200000,0.257600000,0.085700000,0.003800000,0.597700000,84,0,103,3,7,0.001800000,0.003100000,0.002100000,0.003800000,0.003300000,0.001100000,0.567800000,0.022100000,0.061600000,0.019100000,0.008500000,0.122700000,0.000100000,0.000000000,0.007300000,0.824400000,0.009200000,3,1,7,7,3,,0.214200000,0.003600000,0.258900000,0.057000000,0.016200000,0.047000000,true,true,0.024500000,0.160900000,0.011100000,0.004800000,0.008600000,103,103,0
1495,1,1,1920,1080,640,360,ultra-performance,0.002500000,0.041100000,0.316200000,0.656500000,0.015700000,0.106800000,0.726300000,0.194500000,2.270700000,2.268200000,2.059600000,0.211100000,0.004600000,0.029300000,0.016800000,0.264900000,0.209700000,0.210000000,0.080900000,0.004100000,0.569600000,84,0,103,3,7,0.001400000,0.002700000,0.001100000,0.003600000,0.002800000,0.000400000,0.504300000,0.019800000,0.089200000,0.009600000,0.004500000,0.077600000,0.000000000,0.000000000,0.004000000,0.721000000,0.005300000,3,1,7,7,3,,0.179000000,0.003300000,0.277700000,0.061700000,0.012400000,0.034900000,true,true,0.023800000,0.133000000,0.007900000,0.003700000,0.007300000,103,103,0
1496,2,1,1920,1080,640,360,ultra-performance,0.001800000,0.024900000,0.179900000,0.477300000,0.012300000,0.101000000,0.704700000,0.165400000,1.836900000,1.835100000,1.667300000,0.169600000,0.003000000,0.017300000,0.010700000,0.148400000,0.168100000,0.168300000,0.054000000,0.002400000,0.419100000,84,0,103,3,7,0.001200000,0.002600000,0.001100000,0.003200000,0.001900000,0.000400000,0.507000000,0.013400000,0.035700000,0.005700000,0.003800000,0.122100000,0.000000000,0.000000000,0.003600000,0.701700000,0.003000000,3,1,7,7,3,,0.134400000,0.003100000,0.193400000,0.042800000,0.011100000,0.033800000,true,true,0.016700000,0.098600000,0.006200000,0.003500000,0.006400000,103,103,0
1497,0,1,1920,1080,640,360,ultra-performance,0.002300000,0.026700000,0.188000000,0.541100000,0.017100000,0.102900000,0.732800000,0.199300000,2.027900000,2.025600000,1.810200000,0.217700000,0.004300000,0.020900000,0.009500000,0.152800000,0.215800000,0.216000000,0.056300000,0.002100000,0.480400000,84,0,103,3,7,0.001100000,0.002500000,0.001100000,0.003500000,0.003900000,0.000800000,0.547600000,0.018500000,0.027900000,0.010300000,0.005000000,0.098400000,0.000100000,0.000000000,0.005400000,0.726100000,0.006700000,3,1,7,7,3,,0.132700000,0.003100000,0.230400000,0.053200000,0.014100000,0.046300000,true,true,0.016800000,0.095300000,0.006900000,0.003600000,0.006500000,103,103,0
1498,1,1,1920,1080,640,360,ultra-performance,0.002500000,0.029200000,0.189800000,0.546300000,0.014800000,0.101300000,0.768100000,0.191300000,2.001600000,1.999100000,1.843300000,0.158300000,0.006100000,0.028500000,0.013000000,0.140900000,0.156500000,0.156700000,0.055500000,0.003500000,0.485300000,84,0,103,3,7,0.001200000,0.002500000,0.001100000,0.003700000,0.002800000,0.000600000,0.496000000,0.012100000,0.044300000,0.006300000,0.003600000,0.185500000,0.000100000,0.000000000,0.003700000,0.763500000,0.004600000,3,1,7,7,3,,0.186300000,0.003500000,0.203800000,0.044700000,0.011800000,0.034500000,true,true,0.046800000,0.113200000,0.009000000,0.003800000,0.009500000,103,103,0
1499,2,1,1920,1080,640,360,ultra-performance,0.002100000,0.020300000,0.172800000,0.466200000,0.016300000,0.105600000,0.922500000,0.190000000,2.066100000,2.064000000,1.895800000,0.170300000,0.003700000,0.018400000,0.010900000,0.139400000,0.167000000,0.167200000,0.055100000,0.002600000,0.406700000,84,0,103,3,7,0.001300000,0.002500000,0.001000000,0.003400000,0.004600000,0.001100000,0.648800000,0.024200000,0.036000000,0.015000000,0.004900000,0.165900000,0.000000000,0.000000000,0.005200000,0.913900000,0.008600000,3,1,7,7,3,,0.136700000,0.003100000,0.183600000,0.039300000,0.010800000,0.032800000,true,true,0.017200000,0.099900000,0.006600000,0.003300000,0.006600000,103,103,0
1500,0,1,1920,1080,640,360,ultra-performance,0.002600000,0.019600000,0.175200000,0.468900000,0.015100000,0.101300000,0.723100000,0.180900000,1.862600000,1.860000000,1.686700000,0.175900000,0.003200000,0.020400000,0.010200000,0.140600000,0.173400000,0.173500000,0.055900000,0.002300000,0.408900000,84,0,103,3,7,0.001200000,0.002400000,0.001000000,0.003500000,0.003100000,0.000700000,0.547500000,0.015400000,0.028800000,0.010700000,0.004900000,0.091100000,0.000000000,0.000000000,0.007000000,0.717300000,0.005800000,3,1,7,7,3,,0.135100000,0.003100000,0.186100000,0.039400000,0.011600000,0.033100000,true,true,0.017400000,0.097800000,0.006400000,0.003400000,0.007000000,103,103,0
1501,1,1,1920,1080,640,360,ultra-performance,0.002100000,0.026900000,0.174600000,0.692000000,0.017800000,0.140900000,0.737600000,0.168000000,2.115800000,2.113700000,1.959900000,0.155900000,0.005000000,0.024500000,0.011600000,0.132600000,0.154100000,0.154300000,0.054100000,0.003200000,0.632000000,84,0,103,3,7,0.001500000,0.003300000,0.001500000,0.004700000,0.002000000,0.000600000,0.540100000,0.015900000,0.032800000,0.010600000,0.004000000,0.112000000,0.000100000,0.000000000,0.003700000,0.732800000,0.004800000,3,1,7,7,3,,0.196500000,0.005400000,0.284500000,0.074400000,0.018400000,0.051800000,true,true,0.024000000,0.140300000,0.010600000,0.003700000,0.012200000,103,103,0
1502,2,1,1920,1080,640,360,ultra-performance,0.002000000,0.020700000,0.175000000,0.475000000,0.012600000,0.102100000,0.567100000,0.244700000,1.767900000,1.765900000,1.599200000,0.168700000,0.003400000,0.019600000,0.010400000,0.140900000,0.167500000,0.167700000,0.055200000,0.002800000,0.415000000,84,0,103,3,7,0.001600000,0.002600000,0.001100000,0.003300000,0.002000000,0.000300000,0.433800000,0.014500000,0.021900000,0.006700000,0.003000000,0.069400000,0.000000000,0.000000000,0.003300000,0.563500000,0.003600000,3,1,7,7,3,,0.133500000,0.003100000,0.192100000,0.041200000,0.011700000,0.033000000,true,true,0.016900000,0.097100000,0.006200000,0.003300000,0.006700000,103,103,0
1503,0,1,1920,1080,640,360,ultra-performance,0.001600000,0.023900000,0.193000000,0.518200000,0.012300000,0.101300000,0.586600000,0.180600000,1.784300000,1.782700000,1.617500000,0.166800000,0.003700000,0.022300000,0.011800000,0.154800000,0.165500000,0.165700000,0.054700000,0.002400000,0.459200000,84,0,103,3,7,0.001100000,0.002700000,0.001200000,0.003700000,0.002000000,0.000600000,0.447400000,0.017800000,0.004000000,0.006100000,0.003000000,0.089400000,0.000100000,0.000000000,0.003700000,0.582800000,0.003800000,3,1,7,7,3,,0.186000000,0.003300000,0.180900000,0.043700000,0.011500000,0.033400000,true,true,0.023100000,0.141100000,0.007600000,0.003500000,0.006900000,103,103,0
1504,1,1,1920,1080,640,360,ultra-performance,0.782800000,0.021000000,0.172100000,0.455700000,0.011800000,0.104400000,0.778200000,0.327200000,2.823100000,2.040300000,2.653200000,0.169900000,0.003100000,0.017000000,0.009800000,0.141600000,0.167900000,0.168100000,0.054200000,0.002200000,0.397400000,84,0,103,3,7,0.001200000,0.002400000,0.001100000,0.003100000,0.005400000,0.001000000,0.553100000,0.028000000,0.032300000,0.011700000,0.008200000,0.117000000,0.000000000,0.000000000,0.006900000,0.771400000,0.006800000,3,1,7,7,3,,0.129600000,0.003200000,0.179700000,0.040800000,0.011100000,0.032600000,true,true,0.016800000,0.094300000,0.006000000,0.003100000,0.006400000,103,103,0
1505,2,1,1920,1080,640,360,ultra-performance,0.002000000,0.017600000,0.186300000,0.462800000,0.011700000,0.099800000,0.811700000,0.283600000,2.056200000,2.054200000,1.875500000,0.180700000,0.003400000,0.016900000,0.009500000,0.156100000,0.177800000,0.177900000,0.056200000,0.002000000,0.402700000,84,0,103,3,7,0.001200000,0.002500000,0.001100000,0.003200000,0.005300000,0.001100000,0.455700000,0.030700000,0.124300000,0.020100000,0.009100000,0.139600000,0.000000000,0.000000000,0.008500000,0.802400000,0.009300000,3,1,7,7,3,,0.136800000,0.003100000,0.179700000,0.039600000,0.010800000,0.032300000,true,true,0.016300000,0.101100000,0.006300000,0.003600000,0.006500000,103,103,0
1506,0,1,1920,1080,640,360,ultra-performance,0.002000000,0.028800000,0.193600000,0.588400000,0.016600000,0.109100000,0.988800000,0.238200000,2.319900000,2.317900000,2.165500000,0.154400000,0.004900000,0.030700000,0.012300000,0.145100000,0.152600000,0.152800000,0.055000000,0.002900000,0.525200000,84,0,103,3,7,0.001600000,0.002700000,0.001100000,0.003700000,0.004000000,0.001000000,0.597300000,0.027400000,0.026300000,0.014200000,0.006200000,0.293900000,0.000000000,0.000000000,0.003500000,0.982900000,0.005900000,3,1,7,7,3,,0.152300000,0.004800000,0.266500000,0.047900000,0.014600000,0.038200000,true,true,0.023000000,0.104600000,0.008900000,0.003900000,0.008100000,103,103,0
1507,1,1,1920,1080,640,360,ultra-performance,0.001900000,0.019600000,0.171800000,0.471600000,0.012600000,0.098000000,0.712200000,0.165600000,1.821100000,1.819200000,1.653300000,0.167800000,0.003400000,0.018600000,0.009900000,0.139300000,0.166600000,0.166800000,0.053400000,0.002400000,0.413900000,84,0,103,3,7,0.001100000,0.002400000,0.001000000,0.003100000,0.002300000,0.000300000,0.579500000,0.010600000,0.005800000,0.005700000,0.003600000,0.089000000,0.000000000,0.000000000,0.003800000,0.708200000,0.004000000,3,1,7,7,3,,0.136200000,0.003200000,0.193100000,0.037800000,0.010400000,0.032600000,true,true,0.017900000,0.098500000,0.006700000,0.003300000,0.006600000,103,103,0
1508,2,1,1920,1080,640,360,ultra-performance,0.001800000,0.018300000,0.183400000,0.463200000,0.011600000,0.097200000,1.084500000,0.197500000,2.227200000,2.225400000,2.057500000,0.169700000,0.002900000,0.019100000,0.009600000,0.151400000,0.167000000,0.167200000,0.055600000,0.004900000,0.400900000,84,0,103,3,7,0.001100000,0.002400000,0.001000000,0.003100000,0.002800000,0.000600000,0.743400000,0.028000000,0.080400000,0.023400000,0.008400000,0.173400000,0.000100000,0.000000000,0.007000000,1.075100000,0.009400000,3,1,7,7,3,,0.135000000,0.003000000,0.180500000,0.038100000,0.010700000,0.033000000,true,true,0.020000000,0.095700000,0.006700000,0.003200000,0.006300000,103,103,0
1509,0,1,1920,1080,640,360,ultra-performance,0.002200000,0.035600000,0.211800000,0.569200000,0.017300000,0.107800000,0.677100000,0.187300000,1.966300000,1.964100000,1.808300000,0.158000000,0.005400000,0.027600000,0.013000000,0.164900000,0.155900000,0.156100000,0.055800000,0.003200000,0.504800000,84,0,103,3,7,0.001500000,0.002900000,0.001100000,0.003900000,0.002000000,0.000400000,0.541400000,0.010600000,0.001600000,0.006700000,0.003600000,0.093600000,0.000000000,0.000000000,0.003500000,0.672800000,0.004300000,3,1,7,7,3,,0.148500000,0.004100000,0.252100000,0.048300000,0.014700000,0.036400000,true,true,0.022900000,0.101800000,0.009000000,0.004100000,0.007500000,103,103,0
1510,1,1,1920,1080,640,360,ultra-performance,0.002000000,0.020300000,0.184600000,0.472800000,0.012000000,0.100700000,0.977600000,0.289100000,2.227600000,2.225600000,2.059100000,0.168500000,0.003200000,0.020000000,0.010700000,0.150300000,0.165600000,0.165800000,0.061200000,0.003000000,0.406800000,84,0,103,3,7,0.001900000,0.002500000,0.001200000,0.003200000,0.005600000,0.001200000,0.568700000,0.025800000,0.179700000,0.012100000,0.006300000,0.152700000,0.000000000,0.000000000,0.007500000,0.968400000,0.009200000,3,1,7,7,3,,0.138700000,0.003100000,0.182300000,0.038700000,0.011000000,0.032600000,true,true,0.018600000,0.100000000,0.006600000,0.003400000,0.006800000,103,103,0
1511,2,1,1920,1080,640,360,ultra-performance,0.003200000,0.039600000,0.256500000,0.502800000,0.014000000,0.102400000,0.767900000,0.151300000,2.011400000,2.008200000,1.837700000,0.173700000,0.007400000,0.035500000,0.018900000,0.193600000,0.171900000,0.172200000,0.063200000,0.002300000,0.435200000,84,0,103,3,7,0.001300000,0.002900000,0.001000000,0.003800000,0.003200000,0.000600000,0.604800000,0.017900000,0.020500000,0.009600000,0.004800000,0.085000000,0.000000000,0.000000000,0.004800000,0.760200000,0.007700000,3,1,7,7,3,,0.142300000,0.003200000,0.199400000,0.044000000,0.012300000,0.033500000,true,true,0.018100000,0.101700000,0.008100000,0.004100000,0.007000000,103,103,0
1512,0,1,1920,1080,640,360,ultra-performance,0.001600000,0.021700000,0.172100000,0.534400000,0.014800000,0.094300000,1.011700000,0.287100000,2.293300000,2.291700000,2.137700000,0.155600000,0.003400000,0.019900000,0.011700000,0.136700000,0.153000000,0.153100000,0.053400000,0.003100000,0.476100000,84,0,103,3,7,0.001400000,0.002500000,0.000900000,0.003200000,0.005600000,0.001200000,0.714400000,0.031400000,0.043600000,0.016900000,0.008200000,0.163100000,0.000000000,0.000000000,0.008800000,1.001200000,0.010500000,3,1,7,7,3,,0.186300000,0.003400000,0.201600000,0.039800000,0.011500000,0.032900000,true,true,0.020400000,0.138900000,0.009400000,0.002500000,0.009500000,103,103,0
1513,1,1,1920,1080,640,360,ultra-performance,0.001800000,0.023300000,0.164800000,0.500900000,0.014400000,0.100600000,1.130200000,0.203700000,2.340400000,2.338600000,2.139700000,0.200700000,0.003000000,0.016700000,0.011500000,0.133100000,0.198800000,0.199000000,0.066700000,0.003200000,0.429100000,84,0,103,3,7,0.001400000,0.003000000,0.001100000,0.003900000,0.002500000,0.000400000,0.686800000,0.017900000,0.117000000,0.014900000,0.005200000,0.265200000,0.000000000,0.000000000,0.004600000,1.123900000,0.006300000,3,1,7,7,3,,0.142200000,0.003200000,0.194300000,0.043200000,0.012500000,0.033300000,true,true,0.018700000,0.101700000,0.007600000,0.003900000,0.006700000,103,103,0
1514,2,1,1920,1080,640,360,ultra-performance,0.002100000,0.024000000,0.174400000,0.509400000,0.012300000,0.097700000,0.638200000,0.157200000,1.785500000,1.783400000,1.615300000,0.170200000,0.003400000,0.021500000,0.010200000,0.138900000,0.168800000,0.168900000,0.055600000,0.002200000,0.449700000,84,0,103,3,7,0.001200000,0.002600000,0.001000000,0.003500000,0.002300000,0.000400000,0.463600000,0.013500000,0.004300000,0.006400000,0.002800000,0.128700000,0.000100000,0.000000000,0.003600000,0.634000000,0.004200000,3,1,7,7,3,,0.176200000,0.003100000,0.187000000,0.039900000,0.010700000,0.032300000,true,true,0.016700000,0.136700000,0.009200000,0.003500000,0.006700000,103,103,0
1515,0,1,1920,1080,640,360,ultra-performance,0.001900000,0.022000000,0.168700000,0.451000000,0.012100000,0.098900000,1.009100000,0.201000000,2.140700000,2.138800000,1.964700000,0.176000000,0.003100000,0.018600000,0.009300000,0.137200000,0.173400000,0.173600000,0.053100000,0.002400000,0.393400000,84,0,103,3,7,0.001300000,0.002500000,0.001000000,0.003300000,0.002700000,0.000700000,0.608600000,0.015900000,0.030000000,0.013900000,0.004900000,0.308800000,0.000100000,0.000000000,0.006900000,1.000600000,0.008500000,3,1,7,7,3,,0.129400000,0.003000000,0.179300000,0.039000000,0.010300000,0.031900000,true,true,0.016500000,0.094000000,0.006100000,0.003300000,0.006400000,103,103,0
1516,1,1,1920,1080,640,360,ultra-performance,0.002100000,0.028400000,0.282200000,0.629300000,0.019100000,0.132700000,1.040900000,0.186200000,2.545500000,2.543400000,2.320900000,0.224600000,0.004300000,0.026200000,0.015000000,0.235600000,0.222900000,0.223200000,0.058400000,0.003300000,0.565800000,84,0,103,3,7,0.001300000,0.003800000,0.001100000,0.003700000,0.004600000,0.001100000,0.559200000,0.033600000,0.237700000,0.016200000,0.006800000,0.159800000,0.000200000,0.000000000,0.005500000,1.034600000,0.006300000,3,1,7,7,3,,0.210300000,0.004600000,0.227800000,0.067100000,0.015500000,0.039900000,true,true,0.036300000,0.148000000,0.009300000,0.004400000,0.008300000,103,103,0
1517,2,1,1920,1080,640,360,ultra-performance,0.002300000,0.021600000,0.190100000,0.503700000,0.014300000,0.104100000,0.919200000,0.172900000,2.111400000,2.109100000,1.928200000,0.183200000,0.004000000,0.020700000,0.012400000,0.152600000,0.181500000,0.181600000,0.058200000,0.003100000,0.440600000,84,0,103,3,7,0.001300000,0.002600000,0.001100000,0.003300000,0.002200000,0.000500000,0.605100000,0.026400000,0.113900000,0.016900000,0.007200000,0.129200000,0.000000000,0.000000000,0.003800000,0.913500000,0.005700000,3,1,7,7,3,,0.143400000,0.003300000,0.200200000,0.046200000,0.011400000,0.035500000,true,true,0.019400000,0.103000000,0.007700000,0.002700000,0.007400000,103,103,0
1518,0,1,1920,1080,640,360,ultra-performance,0.001900000,0.033800000,0.240100000,0.467600000,0.012200000,0.101600000,0.644700000,0.171400000,1.849100000,1.847200000,1.673300000,0.175800000,0.002600000,0.018500000,0.017800000,0.200600000,0.174500000,0.174600000,0.055100000,0.002200000,0.408400000,84,0,103,3,7,0.001300000,0.002700000,0.001000000,0.003600000,0.002200000,0.000500000,0.517200000,0.016100000,0.005300000,0.006300000,0.002900000,0.077500000,0.000000000,0.000000000,0.003600000,0.640200000,0.004500000,3,1,7,7,3,,0.134900000,0.003100000,0.184100000,0.042100000,0.010700000,0.032900000,true,true,0.017000000,0.097900000,0.006300000,0.003600000,0.006500000,103,103,0
1519,1,1,1920,1080,640,360,ultra-performance,0.002000000,0.023300000,0.171100000,0.469700000,0.012000000,0.104300000,0.839400000,0.193300000,2.002200000,2.000200000,1.815100000,0.187100000,0.003000000,0.016900000,0.011600000,0.139300000,0.185800000,0.185900000,0.053700000,0.002000000,0.412200000,84,0,103,3,7,0.001200000,0.002500000,0.001000000,0.003100000,0.004500000,0.001100000,0.584100000,0.031800000,0.047400000,0.014200000,0.006400000,0.132000000,0.000000000,0.000000000,0.003900000,0.833200000,0.006200000,3,1,7,7,3,,0.141900000,0.003100000,0.182500000,0.040200000,0.011100000,0.032900000,true,true,0.016600000,0.106400000,0.006000000,0.003400000,0.006600000,103,103,0
1520,2,1,1920,1080,640,360,ultra-performance,0.002000000,0.018700000,0.188900000,0.546000000,0.012500000,0.127700000,0.825500000,0.169800000,2.112500000,2.110500000,1.891100000,0.221400000,0.003500000,0.017000000,0.010100000,0.157800000,0.219400000,0.219600000,0.071400000,0.003000000,0.469800000,84,0,103,3,7,0.001200000,0.002600000,0.001000000,0.003900000,0.003100000,0.000700000,0.618400000,0.018800000,0.057500000,0.012400000,0.006000000,0.088000000,0.000100000,0.000000000,0.005600000,0.819300000,0.006200000,3,1,7,7,3,,0.187800000,0.003400000,0.191200000,0.043000000,0.011000000,0.032800000,true,true,0.022400000,0.143000000,0.007500000,0.003900000,0.007100000,103,103,0
1521,0,1,1920,1080,640,360,ultra-performance,0.001900000,0.025300000,0.188400000,0.521100000,0.013600000,0.103500000,0.619500000,0.171000000,1.849300000,1.847400000,1.644300000,0.205000000,0.004800000,0.023900000,0.011500000,0.147300000,0.203100000,0.203300000,0.070100000,0.002700000,0.446300000,84,0,103,3,7,0.001500000,0.002600000,0.001100000,0.003600000,0.002300000,0.000500000,0.507300000,0.010500000,0.001500000,0.005700000,0.002900000,0.072000000,0.000100000,0.000000000,0.003600000,0.615200000,0.004300000,3,1,7,7,3,,0.151400000,0.003400000,0.201500000,0.043900000,0.012600000,0.033100000,true,true,0.018600000,0.110400000,0.007900000,0.003900000,0.006900000,103,103,0
1522,1,1,1920,1080,640,360,ultra-performance,0.002100000,0.019600000,0.172700000,0.503600000,0.012300000,0.097300000,0.775600000,0.162800000,1.925400000,1.923300000,1.746000000,0.179400000,0.003200000,0.019000000,0.010200000,0.140000000,0.177800000,0.177900000,0.053500000,0.002000000,0.446400000,84,0,103,3,7,0.001100000,0.002700000,0.001100000,0.003400000,0.005400000,0.000700000,0.495800000,0.017000000,0.114400000,0.013300000,0.007200000,0.100200000,0.000000000,0.000000000,0.005600000,0.767900000,0.007700000,3,1,7,7,3,,0.174200000,0.003100000,0.178800000,0.046500000,0.010900000,0.032500000,true,true,0.017000000,0.135900000,0.008000000,0.003300000,0.006900000,103,103,0
1523,2,1,1920,1080,640,360,ultra-performance,0.866200000,0.021700000,0.190000000,0.641700000,0.014500000,0.101000000,1.202800000,0.406900000,3.681800000,2.815600000,3.444800000,0.237000000,0.003000000,0.021200000,0.013500000,0.151500000,0.233400000,0.234100000,0.091600000,0.003300000,0.544600000,84,0,103,3,7,0.001400000,0.002700000,0.001100000,0.003400000,0.007800000,0.001600000,0.652400000,0.025800000,0.210100000,0.016200000,0.008300000,0.250300000,0.000000000,0.000000000,0.011700000,1.192800000,0.010000000,3,1,7,7,3,,0.179500000,0.003200000,0.257800000,0.057100000,0.012500000,0.033900000,true,true,0.022500000,0.135200000,0.007200000,0.004300000,0.006700000,103,103,0
1524,0,1,1920,1080,640,360,ultra-performance,0.001700000,0.046200000,0.186700000,0.495700000,0.014500000,0.101500000,0.912700000,0.146000000,2.077600000,2.075900000,1.905000000,0.172600000,0.003700000,0.021900000,0.016200000,0.144000000,0.170800000,0.171200000,0.066700000,0.002300000,0.424700000,84,0,103,3,7,0.001300000,0.002600000,0.001000000,0.003400000,0.004400000,0.001200000,0.634900000,0.022800000,0.087900000,0.014700000,0.006400000,0.117800000,0.000000000,0.000000000,0.006200000,0.904600000,0.008100000,3,1,7,7,3,,0.137000000,0.003100000,0.194100000,0.044600000,0.011600000,0.033500000,true,true,0.016900000,0.100000000,0.006600000,0.003700000,0.006600000,103,103,0
1525,1,1,1920,1080,640,360,ultra-performance,0.001900000,0.031100000,0.250900000,0.534500000,0.018000000,0.103900000,0.867100000,0.148800000,2.132900000,2.131000000,1.956200000,0.176700000,0.005000000,0.022400000,0.011000000,0.211800000,0.175100000,0.175300000,0.063900000,0.002700000,0.465400000,84,0,103,3,7,0.001300000,0.002700000,0.001100000,0.003600000,0.003200000,0.000700000,0.522100000,0.019600000,0.152200000,0.015100000,0.007900000,0.124500000,0.000100000,0.000000000,0.004600000,0.858700000,0.008400000,3,1,7,7,3,,0.140800000,0.003100000,0.223400000,0.050500000,0.012100000,0.034800000,true,true,0.017800000,0.100400000,0.007800000,0.004100000,0.007100000,103,103,0
1526,2,1,1920,1080,640,360,ultra-performance,0.001600000,0.024400000,0.209700000,0.503300000,0.013000000,0.099900000,0.748300000,0.136800000,1.914100000,1.912500000,1.737000000,0.177100000,0.003900000,0.020500000,0.012100000,0.172500000,0.167300000,0.167600000,0.062300000,0.002600000,0.436500000,84,0,103,3,7,0.001100000,0.002700000,0.001000000,0.003800000,0.003200000,0.000700000,0.569300000,0.015700000,0.023900000,0.013700000,0.005100000,0.096100000,0.000100000,0.000000000,0.004600000,0.741000000,0.007300000,3,1,7,7,3,,0.139500000,0.003100000,0.202200000,0.043800000,0.011600000,0.035700000,true,true,0.017000000,0.100600000,0.007500000,0.004200000,0.006700000,103,103,0
1527,0,1,1920,1080,640,360,ultra-performance,0.001600000,0.021200000,0.203400000,0.479800000,0.013800000,0.123300000,0.801900000,0.185700000,2.001100000,1.999500000,1.830700000,0.170400000,0.003100000,0.018600000,0.012200000,0.169000000,0.168300000,0.168800000,0.063700000,0.002300000,0.412000000,84,0,103,3,7,0.001400000,0.003100000,0.001700000,0.004300000,0.002900000,0.000600000,0.481900000,0.017100000,0.173500000,0.008500000,0.004500000,0.093800000,0.000000000,0.000000000,0.004200000,0.797500000,0.004400000,3,1,7,7,3,,0.135400000,0.002800000,0.190600000,0.038600000,0.011900000,0.032300000,true,true,0.017100000,0.098600000,0.007400000,0.003100000,0.006100000,103,103,0
1528,1,1,1920,1080,640,360,ultra-performance,0.002100000,0.023300000,0.187200000,0.465000000,0.011900000,0.099300000,0.938600000,0.169100000,2.064200000,2.062100000,1.896500000,0.167700000,0.003300000,0.020100000,0.010000000,0.153400000,0.166300000,0.166400000,0.054200000,0.002100000,0.406900000,84,0,103,3,7,0.001200000,0.002600000,0.001000000,0.003700000,0.002400000,0.000500000,0.581100000,0.017900000,0.102900000,0.020100000,0.006000000,0.187500000,0.000100000,0.000000000,0.004100000,0.931100000,0.007500000,3,1,7,7,3,,0.130000000,0.003100000,0.187700000,0.041900000,0.011000000,0.032500000,true,true,0.016200000,0.094400000,0.005900000,0.003400000,0.006500000,103,103,0
1529,2,1,1920,1080,640,360,ultra-performance,0.001900000,0.021500000,0.176900000,0.463200000,0.012200000,0.127400000,0.721600000,0.154900000,1.848300000,1.846400000,1.679600000,0.168700000,0.003000000,0.018400000,0.010100000,0.144900000,0.166900000,0.167100000,0.053600000,0.002100000,0.405800000,84,0,103,3,7,0.001500000,0.003500000,0.001400000,0.003800000,0.003100000,0.000800000,0.543500000,0.017800000,0.027200000,0.009400000,0.004400000,0.092300000,0.000100000,0.000000000,0.005500000,0.714300000,0.007300000,3,1,7,7,3,,0.136400000,0.003100000,0.178900000,0.038600000,0.010600000,0.037700000,true,true,0.016000000,0.101800000,0.006200000,0.003200000,0.006200000,103,103,0
1530,0,1,1920,1080,640,360,ultra-performance,0.001800000,0.023700000,0.183000000,0.569200000,0.015400000,0.102400000,0.919700000,0.193000000,2.175300000,2.173500000,2.008200000,0.167100000,0.003900000,0.020200000,0.012200000,0.146100000,0.165100000,0.165300000,0.056900000,0.003500000,0.506600000,84,0,103,3,7,0.001500000,0.002600000,0.001100000,0.003700000,0.002300000,0.000600000,0.456800000,0.016300000,0.286300000,0.011300000,0.004700000,0.119200000,0.000100000,0.000000000,0.005400000,0.911900000,0.007800000,3,1,7,7,3,,0.204100000,0.003700000,0.207100000,0.045000000,0.012100000,0.033900000,true,true,0.030900000,0.142600000,0.010200000,0.003900000,0.011100000,103,103,0
1531,1,1,1920,1080,640,360,ultra-performance,0.001900000,0.031300000,0.281100000,0.621300000,0.014800000,0.102100000,0.686000000,0.142800000,2.169000000,2.167100000,1.881300000,0.287700000,0.004400000,0.024600000,0.015400000,0.236100000,0.285800000,0.286000000,0.117500000,0.003100000,0.498600000,84,0,103,3,7,0.001200000,0.002800000,0.001000000,0.003700000,0.003400000,0.000700000,0.501900000,0.019200000,0.036300000,0.009300000,0.004700000,0.089900000,0.000000000,0.000000000,0.005200000,0.679300000,0.006700000,3,1,7,7,3,,0.147200000,0.003700000,0.243800000,0.046300000,0.012400000,0.044700000,true,true,0.019700000,0.104700000,0.007400000,0.004000000,0.007800000,103,103,0
1532,2,1,1920,1080,640,360,ultra-performance,0.001500000,0.024600000,0.202800000,0.581000000,0.016400000,0.104000000,0.843400000,0.322400000,2.299200000,2.297700000,2.096100000,0.203100000,0.003000000,0.017800000,0.010500000,0.171000000,0.200600000,0.200700000,0.057100000,0.003200000,0.515000000,84,0,103,3,7,0.001400000,0.002800000,0.001100000,0.003400000,0.004300000,0.001100000,0.565400000,0.020400000,0.084500000,0.012300000,0.006500000,0.122900000,0.000000000,0.000000000,0.008800000,0.834900000,0.008500000,3,1,7,7,3,,0.158400000,0.003900000,0.253900000,0.047600000,0.014700000,0.035800000,true,true,0.027000000,0.105600000,0.008800000,0.005200000,0.008200000,103,103,0
1533,0,1,1920,1080,640,360,ultra-performance,0.002000000,0.020500000,0.187800000,0.513400000,0.012600000,0.097000000,0.907300000,0.168300000,2.081600000,2.079600000,1.908900000,0.172700000,0.003500000,0.020900000,0.012000000,0.150900000,0.171000000,0.171100000,0.055300000,0.002600000,0.453700000,84,0,103,3,7,0.001600000,0.002400000,0.001000000,0.003500000,0.005300000,0.001200000,0.608400000,0.024600000,0.104700000,0.013900000,0.007500000,0.118500000,0.000000000,0.000000000,0.007600000,0.900200000,0.007100000,3,1,7,7,3,,0.184800000,0.003300000,0.182500000,0.038600000,0.010700000,0.033300000,true,true,0.018200000,0.144600000,0.007600000,0.003700000,0.007200000,103,103,0
1534,1,1,1920,1080,640,360,ultra-performance,0.002100000,0.022100000,0.173600000,0.494100000,0.011600000,0.106700000,0.807700000,0.177600000,1.964200000,1.962100000,1.795500000,0.168700000,0.002700000,0.020500000,0.010400000,0.139400000,0.167400000,0.167500000,0.054200000,0.002100000,0.435800000,84,0,103,3,7,0.001200000,0.002200000,0.001000000,0.002800000,0.004400000,0.001100000,0.557500000,0.015500000,0.088200000,0.009900000,0.004700000,0.110700000,0.000000000,0.000000000,0.003700000,0.802900000,0.004800000,3,1,7,7,3,,0.140900000,0.003000000,0.200200000,0.039300000,0.016100000,0.035900000,true,true,0.016500000,0.106300000,0.005800000,0.003300000,0.006100000,103,103,0
1535,2,1,1920,1080,640,360,ultra-performance,0.001900000,0.021900000,0.177900000,0.528100000,0.017000000,0.132000000,0.873900000,0.162900000,2.101900000,2.100000000,1.915600000,0.186300000,0.003200000,0.016600000,0.009900000,0.147700000,0.184300000,0.184400000,0.055700000,0.002000000,0.467800000,84,0,103,3,7,0.001600000,0.003300000,0.001400000,0.004200000,0.002600000,0.000700000,0.576900000,0.019300000,0.100700000,0.018400000,0.005800000,0.125600000,0.000000000,0.000000000,0.005400000,0.865900000,0.008000000,3,1,7,7,3,,0.130600000,0.002800000,0.236600000,0.043500000,0.011400000,0.042100000,true,true,0.016200000,0.096200000,0.006100000,0.003200000,0.005800000,103,103,0
1536,0,1,1920,1080,640,360,ultra-performance,0.001800000,0.024700000,0.196200000,0.561500000,0.014600000,0.102900000,0.760800000,0.180500000,2.037500000,2.035700000,1.843000000,0.194500000,0.005400000,0.024800000,0.010900000,0.154300000,0.192800000,0.193000000,0.065500000,0.008300000,0.485700000,84,0,103,3,7,0.001300000,0.002700000,0.001100000,0.003700000,0.002600000,0.000600000,0.573500000,0.015300000,0.026200000,0.012300000,0.004300000,0.105500000,0.000000000,0.000000000,0.005000000,0.754100000,0.006700000,3,1,7,7,3,,0.149900000,0.003200000,0.240200000,0.045700000,0.012500000,0.033700000,true,true,0.018300000,0.109100000,0.007200000,0.004300000,0.007400000,103,103,0
1537,1,1,1920,1080,640,360,ultra-performance,0.001800000,0.024300000,0.213400000,0.550700000,0.014000000,0.102600000,0.711200000,0.148000000,1.934300000,1.932500000,1.766000000,0.168300000,0.003400000,0.048700000,0.015500000,0.145000000,0.166500000,0.166800000,0.061700000,0.002900000,0.484100000,84,0,103,3,7,0.001100000,0.002600000,0.001000000,0.003700000,0.002400000,0.000600000,0.526300000,0.015700000,0.038900000,0.014700000,0.005100000,0.085900000,0.000000000,0.000000000,0.005500000,0.703500000,0.007700000,3,1,7,7,3,,0.178800000,0.003100000,0.210100000,0.046000000,0.012200000,0.033200000,true,true,0.029300000,0.128900000,0.007800000,0.003100000,0.006500000,103,103,0
1538,2,1,1920,1080,640,360,ultra-performance,0.001700000,0.022500000,0.196400000,0.679900000,0.014200000,0.150900000,0.733100000,0.146900000,2.180900000,2.179200000,1.945600000,0.235300000,0.003000000,0.017900000,0.012000000,0.162700000,0.233200000,0.233600000,0.092200000,0.003100000,0.582600000,84,0,103,3,7,0.001300000,0.002800000,0.001100000,0.003700000,0.003300000,0.000700000,0.561600000,0.019900000,0.016400000,0.010200000,0.005100000,0.094800000,0.000100000,0.000000000,0.005400000,0.726400000,0.006700000,3,1,7,7,3,,0.229600000,0.003400000,0.256900000,0.046100000,0.012200000,0.034000000,true,true,0.025500000,0.175200000,0.010500000,0.004700000,0.009500000,103,103,0
1539,0,1,1920,1080,640,360,ultra-performance,0.231200000,0.025400000,0.191400000,0.497900000,0.013500000,0.099900000,0.758700000,0.187800000,2.232700000,2.001500000,2.005800000,0.226900000,0.003400000,0.022500000,0.014300000,0.150400000,0.224700000,0.224800000,0.065500000,0.002200000,0.428200000,84,0,103,3,7,0.001200000,0.002500000,0.001300000,0.003200000,0.002500000,0.000500000,0.590700000,0.016100000,0.040400000,0.007400000,0.003500000,0.079700000,0.000000000,0.000000000,0.004200000,0.753200000,0.005500000,3,1,7,7,3,,0.140100000,0.003100000,0.194700000,0.043800000,0.012500000,0.033500000,true,true,0.017300000,0.102200000,0.006700000,0.004200000,0.006600000,103,103,0
1540,1,1,1920,1080,640,360,ultra-performance,0.955500000,0.024700000,0.174800000,0.521800000,0.011700000,0.100200000,0.811900000,0.201500000,3.013800000,2.058300000,2.802100000,0.211700000,0.003100000,0.018600000,0.009500000,0.143100000,0.210500000,0.210600000,0.066400000,0.002800000,0.450500000,84,0,103,3,7,0.001200000,0.002600000,0.001100000,0.003500000,0.002700000,0.000400000,0.577600000,0.023700000,0.004600000,0.010300000,0.005900000,0.168800000,0.000000000,0.000000000,0.003800000,0.806200000,0.005700000,3,1,7,7,3,,0.164100000,0.004600000,0.189600000,0.047500000,0.011100000,0.033000000,true,true,0.021000000,0.114800000,0.010100000,0.004100000,0.009200000,103,103,0
1541,2,1,1920,1080,640,360,ultra-performance,0.001900000,0.024700000,0.179300000,0.476700000,0.013100000,0.103100000,0.892700000,0.213700000,2.086400000,2.084500000,1.905200000,0.181200000,0.003400000,0.017200000,0.010300000,0.147900000,0.179200000,0.179300000,0.065600000,0.002200000,0.407000000,84,0,103,3,7,0.001300000,0.002600000,0.001100000,0.003400000,0.003800000,0.001000000,0.629800000,0.025100000,0.051500000,0.012600000,0.006500000,0.139800000,0.000100000,0.000000000,0.007300000,0.885900000,0.006800000,3,1,7,7,3,,0.136500000,0.003200000,0.183300000,0.040100000,0.010900000,0.032400000,true,true,0.017000000,0.099800000,0.006500000,0.003400000,0.006600000,103,103,0
1542,0,1,1920,1080,640,360,ultra-performance,0.002000000,0.020600000,0.190600000,0.468100000,0.016900000,0.101800000,1.030000000,0.265600000,2.289000000,2.287000000,2.095600000,0.193400000,0.003300000,0.017200000,0.009700000,0.159900000,0.190300000,0.190500000,0.056800000,0.002200000,0.406300000,84,0,103,3,7,0.001100000,0.002800000,0.001000000,0.003500000,0.004900000,0.001200000,0.681600000,0.032500000,0.039100000,0.017700000,0.007800000,0.214100000,0.000000000,0.000000000,0.010300000,1.017600000,0.012400000,3,1,7,7,3,,0.137700000,0.003100000,0.178500000,0.042200000,0.010700000,0.033600000,true,true,0.022000000,0.095100000,0.006600000,0.003900000,0.006500000,103,103,0
1543,1,1,1920,1080,640,360,ultra-performance,0.002000000,0.022700000,0.187800000,0.517900000,0.012500000,0.099300000,0.927300000,0.184400000,2.120000000,2.118000000,1.953900000,0.166100000,0.003500000,0.019100000,0.009800000,0.154900000,0.164600000,0.164700000,0.056700000,0.002200000,0.457100000,84,0,103,3,7,0.001200000,0.002600000,0.001000000,0.003600000,0.002600000,0.000400000,0.508700000,0.015100000,0.182000000,0.008200000,0.004900000,0.189300000,0.000100000,0.000000000,0.003700000,0.923400000,0.003900000,3,1,7,7,3,,0.130800000,0.003100000,0.237100000,0.042000000,0.011000000,0.032700000,true,true,0.016800000,0.094500000,0.006300000,0.003300000,0.006400000,103,103,0
1544,2,1,1920,1080,640,360,ultra-performance,0.001800000,0.017500000,0.176400000,0.514800000,0.012800000,0.100900000,0.825900000,0.193700000,2.011900000,2.010100000,1.843800000,0.168100000,0.003000000,0.016600000,0.010100000,0.146300000,0.166500000,0.166600000,0.059600000,0.002100000,0.451300000,84,0,103,3,7,0.001100000,0.002500000,0.001000000,0.003500000,0.003500000,0.000500000,0.578800000,0.021100000,0.004400000,0.009500000,0.006300000,0.182700000,0.000100000,0.000000000,0.004100000,0.819100000,0.006800000,3,1,7,7,3,,0.131800000,0.003000000,0.225100000,0.045500000,0.011400000,0.033900000,true,true,0.016400000,0.096800000,0.006300000,0.003000000,0.006300000,103,103,0
1545,0,1,1920,1080,640,360,ultra-performance,0.002000000,0.027400000,0.263600000,0.756600000,0.025900000,0.165400000,0.850700000,0.181400000,2.599100000,2.597100000,2.273000000,0.326100000,0.004200000,0.026500000,0.014600000,0.217900000,0.324300000,0.324700000,0.078900000,0.004500000,0.670300000,84,0,103,3,7,0.002200000,0.005200000,0.001800000,0.005700000,0.004900000,0.001200000,0.559900000,0.020800000,0.066300000,0.013600000,0.006600000,0.148900000,0.000100000,0.000000000,0.005900000,0.843100000,0.007600000,3,1,7,7,3,,0.232400000,0.005600000,0.278700000,0.082800000,0.019000000,0.051300000,true,true,0.042600000,0.156600000,0.011400000,0.006300000,0.010700000,103,103,0
1546,1,1,1920,1080,640,360,ultra-performance,0.002600000,0.025200000,0.263500000,0.684300000,0.018000000,0.138400000,1.108700000,0.260700000,2.769300000,2.766700000,2.501400000,0.267900000,0.004100000,0.024600000,0.014100000,0.220100000,0.265400000,0.265500000,0.085000000,0.003700000,0.593100000,84,0,103,3,7,0.001500000,0.003300000,0.001300000,0.004000000,0.004500000,0.001100000,0.884100000,0.028900000,0.003200000,0.013900000,0.005900000,0.127700000,0.000000000,0.000000000,0.009000000,1.088400000,0.020300000,3,1,7,7,3,,0.203600000,0.004100000,0.261300000,0.057200000,0.015600000,0.050700000,true,true,0.025500000,0.147200000,0.009000000,0.004800000,0.013200000,103,103,0
1547,2,1,1920,1080,640,360,ultra-performance,0.002200000,0.035600000,0.182000000,0.552800000,0.020200000,0.130000000,0.742300000,0.209500000,2.031900000,2.029700000,1.874600000,0.157300000,0.006500000,0.027200000,0.012700000,0.135000000,0.154900000,0.155100000,0.056600000,0.003900000,0.490500000,84,0,103,3,7,0.001300000,0.003700000,0.001000000,0.003800000,0.004100000,0.000800000,0.527700000,0.018900000,0.041100000,0.010700000,0.005500000,0.106700000,0.000100000,0.000000000,0.008000000,0.733400000,0.008900000,3,1,7,7,3,,0.168100000,0.005200000,0.201800000,0.061000000,0.014700000,0.039000000,true,true,0.033800000,0.109800000,0.008600000,0.005100000,0.007700000,103,103,0
1548,0,1,1920,1080,640,360,ultra-performance,0.002200000,0.023200000,0.272700000,0.694900000,0.019900000,0.135900000,0.732800000,0.177000000,2.322500000,2.320300000,2.058600000,0.263900000,0.012900000,0.026000000,0.016500000,0.216400000,0.262300000,0.262500000,0.085900000,0.004400000,0.602100000,84,0,103,3,7,0.001600000,0.003600000,0.001600000,0.004200000,0.002700000,0.000500000,0.469900000,0.017900000,0.121900000,0.008900000,0.004600000,0.085900000,0.000000000,0.000000000,0.004200000,0.727500000,0.005300000,3,1,7,7,3,,0.201800000,0.004200000,0.277000000,0.055100000,0.016600000,0.046800000,true,true,0.026800000,0.146600000,0.010200000,0.003900000,0.009900000,103,103,0
1549,1,1,1920,1080,640,360,ultra-performance,0.001700000,0.025500000,0.256000000,0.654400000,0.016000000,0.136500000,1.013400000,0.181100000,2.553400000,2.551700000,2.284600000,0.268800000,0.003500000,0.023300000,0.012600000,0.216200000,0.267500000,0.267800000,0.088000000,0.003200000,0.560900000,84,0,103,3,7,0.001900000,0.003100000,0.001400000,0.003600000,0.006400000,0.001000000,0.586200000,0.020900000,0.192100000,0.014300000,0.007800000,0.164500000,0.000000000,0.000000000,0.003600000,1.006800000,0.006600000,3,1,7,7,3,,0.187800000,0.003700000,0.258000000,0.048600000,0.013800000,0.048100000,true,true,0.022600000,0.140800000,0.008500000,0.003800000,0.008500000,103,103,0
1550,2,1,1920,1080,640,360,ultra-performance,0.001800000,0.025500000,0.171200000,0.491300000,0.014300000,0.106600000,0.827600000,0.182400000,1.992400000,1.990600000,1.820700000,0.171700000,0.003100000,0.017200000,0.009600000,0.140800000,0.170300000,0.170400000,0.055200000,0.010900000,0.423400000,84,0,103,3,7,0.001200000,0.002700000,0.001200000,0.003300000,0.003300000,0.000600000,0.524100000,0.019400000,0.151200000,0.009900000,0.005400000,0.095100000,0.000000000,0.000000000,0.004600000,0.822000000,0.005600000,3,1,7,7,3,,0.134600000,0.003300000,0.197500000,0.041800000,0.011900000,0.033800000,true,true,0.017000000,0.097400000,0.006700000,0.003400000,0.006800000,103,103,0
1551,0,1,1920,1080,640,360,ultra-performance,0.001700000,0.032800000,0.257200000,0.644900000,0.016200000,0.131900000,0.722500000,0.210500000,2.286300000,2.284600000,2.017700000,0.268600000,0.004100000,0.022700000,0.013000000,0.216900000,0.267100000,0.267300000,0.080700000,0.003100000,0.559100000,84,0,103,3,7,0.001500000,0.003000000,0.001300000,0.004200000,0.003600000,0.000600000,0.521800000,0.017900000,0.055500000,0.008900000,0.004700000,0.088700000,0.000000000,0.000000000,0.004900000,0.716600000,0.005900000,3,1,7,7,3,,0.187900000,0.004200000,0.256200000,0.050400000,0.013900000,0.045700000,true,true,0.021700000,0.141300000,0.008700000,0.003800000,0.008500000,103,103,0
1552,1,1,1920,1080,640,360,ultra-performance,0.001900000,0.024800000,0.287200000,0.718800000,0.024000000,0.140100000,0.740900000,0.187000000,2.426200000,2.424300000,2.124700000,0.301500000,0.003700000,0.024200000,0.014600000,0.244200000,0.300000000,0.300100000,0.089800000,0.002900000,0.623600000,84,0,103,3,7,0.001700000,0.003100000,0.001600000,0.003900000,0.002700000,0.000600000,0.552500000,0.014600000,0.056800000,0.007600000,0.004800000,0.080400000,0.000100000,0.000000000,0.004900000,0.735300000,0.005600000,3,1,7,7,3,,0.207100000,0.004200000,0.293100000,0.050800000,0.014900000,0.052800000,true,true,0.023500000,0.158900000,0.008000000,0.003600000,0.008800000,103,103,0
1553,2,1,1920,1080,640,360,ultra-performance,0.001800000,0.027400000,0.290600000,0.717900000,0.015900000,0.160800000,0.701600000,0.192600000,2.412200000,2.410400000,2.108600000,0.303600000,0.003600000,0.024000000,0.015600000,0.246700000,0.302200000,0.302300000,0.090000000,0.002600000,0.622700000,84,0,103,3,7,0.001800000,0.003100000,0.001600000,0.003700000,0.002600000,0.000500000,0.541400000,0.013700000,0.027600000,0.008000000,0.004700000,0.082600000,0.000000000,0.000000000,0.004400000,0.695700000,0.005900000,3,1,7,7,3,,0.206800000,0.004200000,0.293300000,0.050700000,0.015000000,0.052000000,true,true,0.023600000,0.157900000,0.008100000,0.003700000,0.009100000,103,103,0
1554,0,1,1920,1080,640,360,ultra-performance,0.001800000,0.023100000,0.290700000,0.718000000,0.015500000,0.146600000,1.150800000,0.221100000,2.873600000,2.871800000,2.567600000,0.306000000,0.003600000,0.024400000,0.014500000,0.247800000,0.303800000,0.303900000,0.090400000,0.002600000,0.622400000,84,0,103,3,7,0.001600000,0.003000000,0.001500000,0.003900000,0.003500000,0.000600000,0.693600000,0.038800000,0.045200000,0.017300000,0.007800000,0.320100000,0.000100000,0.000000000,0.005900000,1.142900000,0.007900000,3,1,7,7,3,,0.206700000,0.004200000,0.293300000,0.050300000,0.014800000,0.052400000,true,true,0.022700000,0.159400000,0.007900000,0.003800000,0.008700000,103,103,0
1555,1,1,1920,1080,640,360,ultra-performance,0.002300000,0.033700000,0.190300000,0.578900000,0.019700000,0.130500000,0.724700000,0.186300000,2.033500000,2.031200000,1.866400000,0.167100000,0.006900000,0.027600000,0.013100000,0.141900000,0.165200000,0.165400000,0.060900000,0.003800000,0.511600000,84,0,103,3,7,0.001200000,0.003400000,0.001200000,0.003300000,0.003400000,0.000500000,0.487100000,0.025800000,0.047100000,0.008600000,0.004200000,0.126700000,0.000200000,0.000000000,0.005700000,0.718400000,0.006300000,3,1,7,7,3,,0.169000000,0.004100000,0.202000000,0.082800000,0.014500000,0.038600000,true,true,0.034600000,0.109000000,0.009300000,0.004500000,0.008200000,103,103,0
1556,2,1,1920,1080,640,360,ultra-performance,0.002100000,0.019700000,0.195400000,0.501500000,0.014700000,0.101800000,0.721500000,0.180300000,1.952600000,1.950500000,1.737000000,0.215600000,0.003600000,0.018500000,0.010600000,0.161700000,0.214000000,0.214100000,0.059000000,0.002700000,0.438000000,84,0,103,3,7,0.001400000,0.002600000,0.001100000,0.003200000,0.003200000,0.000700000,0.548700000,0.017000000,0.025500000,0.012100000,0.006200000,0.086300000,0.000100000,0.000000000,0.005400000,0.713500000,0.008000000,3,1,7,7,3,,0.143100000,0.003100000,0.201900000,0.043800000,0.011400000,0.034000000,true,true,0.018700000,0.102500000,0.008400000,0.003500000,0.006800000,103,103,0
1557,0,1,1920,1080,640,360,ultra-performance,0.001900000,0.026400000,0.180100000,0.557500000,0.015300000,0.106000000,0.831900000,0.314800000,2.224200000,2.222300000,2.033900000,0.190300000,0.005100000,0.022800000,0.013300000,0.138300000,0.186900000,0.187100000,0.066000000,0.002300000,0.487300000,84,0,103,3,7,0.001100000,0.003000000,0.001100000,0.003700000,0.006900000,0.001300000,0.543900000,0.034400000,0.049900000,0.013900000,0.008400000,0.141600000,0.000000000,0.000000000,0.010500000,0.819700000,0.012200000,3,1,7,7,3,,0.146400000,0.003000000,0.233700000,0.056300000,0.012800000,0.034700000,true,true,0.018500000,0.102400000,0.008000000,0.003000000,0.011300000,103,103,0
1558,1,1,1920,1080,640,360,ultra-performance,0.002600000,0.033900000,0.257900000,0.663500000,0.021900000,0.138300000,0.871300000,0.185600000,2.409900000,2.407300000,2.175000000,0.234900000,0.004800000,0.028900000,0.015400000,0.208100000,0.232500000,0.232900000,0.084800000,0.004700000,0.571900000,84,0,103,3,7,0.001300000,0.003800000,0.001300000,0.004200000,0.004800000,0.001200000,0.554800000,0.020600000,0.069100000,0.013800000,0.006000000,0.177600000,0.000100000,0.000000000,0.005600000,0.864200000,0.007100000,3,1,7,7,3,,0.209100000,0.004700000,0.199400000,0.088700000,0.017300000,0.052000000,true,true,0.040900000,0.138400000,0.010900000,0.004700000,0.010500000,103,103,0
1559,2,1,1920,1080,640,360,ultra-performance,0.002100000,0.021200000,0.190300000,0.516800000,0.014200000,0.102500000,0.725700000,0.196100000,1.941800000,1.939700000,1.768900000,0.172900000,0.003800000,0.021400000,0.012100000,0.152400000,0.171700000,0.171900000,0.060200000,0.003000000,0.451900000,84,0,103,3,7,0.001300000,0.002600000,0.001200000,0.003400000,0.002300000,0.000300000,0.491800000,0.016900000,0.108000000,0.006700000,0.003200000,0.080300000,0.000100000,0.000000000,0.003600000,0.721700000,0.004000000,3,1,7,7,3,,0.144300000,0.003300000,0.204600000,0.047800000,0.012000000,0.039500000,true,true,0.019100000,0.103100000,0.007800000,0.003500000,0.007700000,103,103,0
1560,0,1,1920,1080,640,360,ultra-performance,0.001900000,0.021400000,0.177600000,0.523700000,0.014000000,0.103700000,0.892000000,0.162100000,2.065900000,2.064000000,1.896400000,0.169500000,0.003000000,0.018200000,0.009500000,0.146400000,0.167500000,0.167600000,0.053500000,0.002200000,0.465900000,84,0,103,3,7,0.001200000,0.002700000,0.001300000,0.003800000,0.002800000,0.000600000,0.521600000,0.019800000,0.167400000,0.020400000,0.008900000,0.128100000,0.000100000,0.000000000,0.005100000,0.883800000,0.008200000,3,1,7,7,3,,0.132300000,0.003000000,0.224600000,0.044700000,0.011700000,0.049200000,true,true,0.016600000,0.096300000,0.006800000,0.003200000,0.006300000,103,103,0
1561,1,1,1920,1080,640,360,ultra-performance,0.002400000,0.028900000,0.275800000,0.704000000,0.019100000,0.138000000,0.991200000,0.295400000,2.724700000,2.722300000,2.454800000,0.269900000,0.004300000,0.021000000,0.011000000,0.238700000,0.266900000,0.267200000,0.090900000,0.003400000,0.607200000,84,0,103,3,7,0.001700000,0.003500000,0.001500000,0.004800000,0.005100000,0.001300000,0.689400000,0.044200000,0.044700000,0.019800000,0.011200000,0.144600000,0.000100000,0.000000000,0.008300000,0.980200000,0.011000000,3,1,7,7,3,,0.205700000,0.004100000,0.277800000,0.055100000,0.016000000,0.048000000,true,true,0.023500000,0.154500000,0.010400000,0.003800000,0.009000000,103,103,0
1562,2,1,1920,1080,640,360,ultra-performance,0.002400000,0.025100000,0.276200000,0.686500000,0.015800000,0.135700000,0.716600000,0.182200000,2.307600000,2.305200000,2.040500000,0.267100000,0.004300000,0.025800000,0.015100000,0.230600000,0.265300000,0.265500000,0.084200000,0.002700000,0.597000000,84,0,103,3,7,0.001500000,0.003100000,0.001400000,0.003800000,0.003400000,0.000600000,0.486500000,0.021300000,0.059800000,0.010400000,0.005300000,0.106800000,0.000000000,0.000000000,0.004900000,0.708800000,0.007800000,3,1,7,7,3,,0.201300000,0.004100000,0.258500000,0.060700000,0.023700000,0.048100000,true,true,0.023400000,0.152400000,0.008200000,0.004100000,0.008800000,103,103,0
1563,0,1,1920,1080,640,360,ultra-performance,0.001900000,0.025700000,0.175100000,0.776600000,0.018200000,0.139100000,1.022200000,0.350600000,2.746500000,2.744600000,2.509400000,0.237100000,0.004300000,0.020000000,0.011000000,0.139300000,0.232900000,0.233100000,0.102800000,0.002700000,0.668300000,84,0,103,3,7,0.002000000,0.003100000,0.001500000,0.003900000,0.006000000,0.001300000,0.579700000,0.030400000,0.097000000,0.022000000,0.010500000,0.243800000,0.000000000,0.000000000,0.010100000,1.011300000,0.010900000,3,1,7,7,3,,0.225800000,0.003900000,0.307900000,0.052000000,0.016500000,0.061500000,true,true,0.025900000,0.172200000,0.009700000,0.004100000,0.009100000,103,103,0
1564,1,1,1920,1080,640,360,ultra-performance,0.003300000,0.037300000,0.277900000,0.692400000,0.017100000,0.138100000,0.993300000,0.225600000,2.643500000,2.640200000,2.385000000,0.258500000,0.004600000,0.032800000,0.024200000,0.215600000,0.255400000,0.255500000,0.076000000,0.003000000,0.611000000,84,0,103,3,7,0.001200000,0.002800000,0.001200000,0.003600000,0.007000000,0.001300000,0.653800000,0.035800000,0.067900000,0.017700000,0.009300000,0.168200000,0.000000000,0.000000000,0.010400000,0.980200000,0.013100000,3,1,7,7,3,,0.208500000,0.003800000,0.280200000,0.052800000,0.015500000,0.049400000,true,true,0.023900000,0.158300000,0.009400000,0.003800000,0.008500000,103,103,0
1565,2,1,1920,1080,640,360,ultra-performance,0.002500000,0.036300000,0.290400000,0.625800000,0.019400000,0.158900000,0.813900000,0.316300000,2.623300000,2.620800000,2.263500000,0.359800000,0.004900000,0.029700000,0.018800000,0.236300000,0.356700000,0.357200000,0.123500000,0.005500000,0.494600000,84,0,103,3,7,0.002100000,0.005100000,0.001800000,0.004900000,0.005100000,0.001200000,0.354900000,0.025600000,0.136900000,0.014000000,0.007500000,0.233200000,0.000100000,0.000000000,0.009900000,0.802300000,0.011600000,3,1,7,7,3,,0.173700000,0.003900000,0.201000000,0.064300000,0.013800000,0.037300000,true,true,0.045400000,0.102900000,0.008700000,0.005200000,0.007900000,103,103,0
1566,0,1,1920,1080,640,360,ultra-performance,0.004100000,0.042100000,0.291800000,0.725300000,0.022800000,0.158300000,0.844700000,0.152800000,2.525800000,2.521700000,2.241900000,0.283900000,0.007300000,0.042400000,0.016700000,0.224800000,0.282500000,0.282600000,0.085600000,0.003300000,0.633800000,84,0,103,3,7,0.001600000,0.003800000,0.001500000,0.004100000,0.001900000,0.000500000,0.562300000,0.023200000,0.126300000,0.011800000,0.005900000,0.093900000,0.000100000,0.000000000,0.003400000,0.840300000,0.004400000,3,1,7,7,3,,0.210600000,0.004500000,0.292700000,0.057700000,0.017000000,0.050600000,true,true,0.025700000,0.156700000,0.010200000,0.004600000,0.008800000,103,103,0
1567,1,1,1920,1080,640,360,ultra-performance,0.001700000,0.024600000,0.160500000,0.708000000,0.017700000,0.131900000,0.643900000,0.189400000,2.114700000,2.113000000,1.877700000,0.237000000,0.003200000,0.016100000,0.009500000,0.131300000,0.235000000,0.235100000,0.087100000,0.003300000,0.615100000,84,0,103,3,7,0.001500000,0.002900000,0.001400000,0.003700000,0.003000000,0.000700000,0.458400000,0.015800000,0.056000000,0.008300000,0.004700000,0.075300000,0.000100000,0.000000000,0.005700000,0.637500000,0.006400000,3,1,7,7,3,,0.205100000,0.004200000,0.286100000,0.054600000,0.014800000,0.049800000,true,true,0.024300000,0.156100000,0.008000000,0.004100000,0.008300000,103,103,0
1568,2,1,1920,1080,640,360,ultra-performance,0.002200000,0.024500000,0.236100000,0.524300000,0.013900000,0.103700000,0.925000000,0.183200000,2.210700000,2.208500000,2.012900000,0.197800000,0.003600000,0.020500000,0.012800000,0.198600000,0.195500000,0.195700000,0.060000000,0.003000000,0.459300000,84,0,103,3,7,0.001300000,0.002700000,0.001200000,0.003600000,0.004100000,0.000900000,0.571800000,0.025600000,0.181300000,0.012700000,0.006800000,0.096600000,0.000000000,0.000000000,0.006900000,0.915500000,0.009500000,3,1,7,7,3,,0.147700000,0.004700000,0.211200000,0.049300000,0.011500000,0.034500000,true,true,0.018900000,0.101700000,0.008400000,0.003900000,0.010100000,103,103,0
1569,0,1,1920,1080,640,360,ultra-performance,0.001900000,0.025200000,0.285500000,0.490800000,0.016300000,0.103900000,0.758700000,0.211000000,2.148300000,2.146400000,1.893300000,0.255000000,0.004400000,0.027800000,0.016500000,0.236100000,0.252700000,0.252800000,0.059900000,0.003300000,0.425800000,84,0,103,3,7,0.001200000,0.002400000,0.001100000,0.003200000,0.004300000,0.001100000,0.518000000,0.024300000,0.073100000,0.012500000,0.006100000,0.095100000,0.000100000,0.000000000,0.006900000,0.749400000,0.009300000,3,1,7,7,3,,0.135800000,0.003600000,0.192800000,0.048500000,0.011600000,0.033100000,true,true,0.018800000,0.095800000,0.007600000,0.003800000,0.006800000,103,103,0
1570,1,1,1920,1080,640,360,ultra-performance,0.008700000,0.032000000,0.302100000,0.783900000,0.018700000,0.146600000,0.810300000,0.192700000,2.593500000,2.584800000,2.295000000,0.298500000,0.004200000,0.029500000,0.019300000,0.248600000,0.297000000,0.297200000,0.097000000,0.003700000,0.680500000,84,0,103,3,7,0.001800000,0.003500000,0.001600000,0.004400000,0.003300000,0.000500000,0.567000000,0.017200000,0.105400000,0.008500000,0.004500000,0.082500000,0.000000000,0.000000000,0.004700000,0.804900000,0.005400000,3,1,7,7,3,,0.223500000,0.004600000,0.321800000,0.058800000,0.016400000,0.054800000,true,true,0.027500000,0.166800000,0.010000000,0.004200000,0.010000000,103,103,0
1571,2,1,1920,1080,640,360,ultra-performance,0.002000000,0.023900000,0.291900000,0.733600000,0.028000000,0.143800000,0.748000000,0.298800000,2.573600000,2.571600000,2.270000000,0.303600000,0.003900000,0.025700000,0.017500000,0.244500000,0.302300000,0.302400000,0.090300000,0.002600000,0.638000000,84,0,103,3,7,0.001700000,0.003200000,0.001600000,0.004000000,0.003500000,0.000800000,0.535200000,0.018800000,0.055900000,0.009000000,0.005100000,0.098000000,0.000000000,0.000000000,0.004700000,0.741500000,0.006500000,3,1,7,7,3,,0.211400000,0.004300000,0.302500000,0.050800000,0.015500000,0.052900000,true,true,0.023700000,0.162200000,0.008300000,0.003700000,0.009100000,103,103,0
1572,0,1,1920,1080,640,360,ultra-performance,0.002000000,0.028300000,0.290800000,0.746000000,0.017600000,0.149500000,0.895200000,0.180400000,2.614300000,2.612300000,2.309800000,0.304500000,0.003700000,0.025100000,0.015400000,0.246300000,0.302900000,0.303000000,0.091400000,0.002700000,0.649100000,84,0,103,3,7,0.001800000,0.003000000,0.001500000,0.004300000,0.003200000,0.000400000,0.573100000,0.013300000,0.109300000,0.008000000,0.005000000,0.161600000,0.000000000,0.000000000,0.004600000,0.889100000,0.006100000,3,1,7,7,3,,0.208900000,0.004200000,0.314400000,0.051500000,0.015800000,0.053700000,true,true,0.023700000,0.160100000,0.008200000,0.003400000,0.008900000,103,103,0
1573,1,1,1920,1080,640,360,ultra-performance,0.001700000,0.022200000,0.289300000,0.725100000,0.024300000,0.141000000,0.752000000,0.174500000,2.432900000,2.431200000,2.130100000,0.302800000,0.003600000,0.025100000,0.015100000,0.245100000,0.301400000,0.301500000,0.090100000,0.002600000,0.629800000,84,0,103,3,7,0.002000000,0.003200000,0.001600000,0.003900000,0.002900000,0.000500000,0.539400000,0.013000000,0.072100000,0.009600000,0.005200000,0.088300000,0.000100000,0.000000000,0.004500000,0.746300000,0.005700000,3,1,7,7,3,,0.208400000,0.004300000,0.298100000,0.050300000,0.015200000,0.053000000,true,true,0.024700000,0.158400000,0.007900000,0.003800000,0.009100000,103,103,0
1574,2,1,1920,1080,640,360,ultra-performance,0.001900000,0.022800000,0.289000000,0.792300000,0.016200000,0.142100000,0.785000000,0.174500000,2.526500000,2.524600000,2.223800000,0.302700000,0.003600000,0.025100000,0.015300000,0.244700000,0.301200000,0.301400000,0.092200000,0.002600000,0.694800000,84,0,103,3,7,0.001900000,0.003300000,0.001500000,0.004200000,0.003300000,0.000500000,0.555200000,0.013200000,0.095700000,0.009100000,0.005200000,0.081300000,0.000000000,0.000000000,0.004600000,0.779000000,0.006000000,3,1,7,7,3,,0.208000000,0.004200000,0.362100000,0.051600000,0.015400000,0.052800000,true,true,0.023800000,0.159700000,0.008000000,0.003300000,0.008700000,103,103,0
1575,0,1,1920,1080,640,360,ultra-performance,0.001800000,0.022100000,0.293300000,0.732900000,0.016000000,0.154500000,0.766100000,0.184900000,2.481200000,2.479400000,2.171600000,0.309600000,0.003700000,0.024900000,0.016000000,0.248200000,0.308100000,0.308200000,0.092900000,0.002700000,0.634600000,84,0,103,3,7,0.001700000,0.003200000,0.001600000,0.004100000,0.002900000,0.000500000,0.587800000,0.013400000,0.037700000,0.008700000,0.005000000,0.088900000,0.000000000,0.000000000,0.004700000,0.760200000,0.005900000,3,1,7,7,3,,0.211700000,0.004300000,0.299600000,0.050000000,0.015300000,0.053200000,true,true,0.024100000,0.161400000,0.008800000,0.003700000,0.009000000,103,103,0
1576,1,1,1920,1080,640,360,ultra-performance,0.001900000,0.025000000,0.288400000,0.737100000,0.016700000,0.143100000,0.925500000,0.193900000,2.632800000,2.630900000,2.331600000,0.301200000,0.003600000,0.025000000,0.015000000,0.244300000,0.300000000,0.300200000,0.091300000,0.002700000,0.640500000,84,0,103,3,7,0.001700000,0.003200000,0.001500000,0.004400000,0.002700000,0.000500000,0.583600000,0.014100000,0.198200000,0.008800000,0.004800000,0.092300000,0.000000000,0.000000000,0.004300000,0.920100000,0.005400000,3,1,7,7,3,,0.206400000,0.004200000,0.310400000,0.051000000,0.015200000,0.052800000,true,true,0.024200000,0.158000000,0.007400000,0.003600000,0.008800000,103,103,0
1577,2,1,1920,1080,640,360,ultra-performance,0.001900000,0.026700000,0.298500000,0.727000000,0.015800000,0.140900000,0.666800000,0.176300000,2.358200000,2.356300000,2.053900000,0.304300000,0.003600000,0.024900000,0.015000000,0.254500000,0.302600000,0.302700000,0.091900000,0.002700000,0.629600000,84,0,103,3,7,0.002000000,0.003200000,0.001500000,0.004100000,0.002900000,0.000500000,0.386300000,0.012700000,0.151200000,0.007100000,0.003600000,0.082100000,0.000000000,0.000000000,0.004400000,0.661600000,0.005200000,3,1,7,7,3,,0.208400000,0.004200000,0.298400000,0.050100000,0.015300000,0.052600000,true,true,0.023900000,0.159200000,0.008000000,0.003800000,0.008900000,103,103,0
1578,0,1,1920,1080,640,360,ultra-performance,0.001800000,0.022400000,0.289000000,0.728400000,0.015700000,0.142100000,0.919400000,0.180600000,2.608100000,2.606300000,2.299400000,0.308700000,0.003700000,0.025600000,0.015000000,0.244400000,0.307200000,0.307400000,0.091300000,0.002600000,0.631900000,84,0,103,3,7,0.001700000,0.003300000,0.001700000,0.004100000,0.002800000,0.000500000,0.541300000,0.018800000,0.198300000,0.009100000,0.005400000,0.120600000,0.000100000,0.000000000,0.005200000,0.912900000,0.006500000,3,1,7,7,3,,0.208000000,0.004300000,0.300500000,0.050200000,0.015400000,0.052900000,true,true,0.023600000,0.160100000,0.007500000,0.003400000,0.008900000,103,103,0
1579,1,1,1920,1080,640,360,ultra-performance,0.001900000,0.019400000,0.169600000,0.480400000,0.016000000,0.134500000,0.915700000,0.241100000,2.156000000,2.154100000,1.978600000,0.177400000,0.003100000,0.017400000,0.010000000,0.138800000,0.175500000,0.175700000,0.062400000,0.002300000,0.412400000,84,0,103,3,7,0.001200000,0.002700000,0.001100000,0.003400000,0.003500000,0.000800000,0.591100000,0.023100000,0.082200000,0.019100000,0.006700000,0.166300000,0.000000000,0.000000000,0.005700000,0.906900000,0.008800000,3,1,7,7,3,,0.133700000,0.003300000,0.184300000,0.041200000,0.015500000,0.033800000,true,true,0.016800000,0.097700000,0.005800000,0.003900000,0.006500000,103,103,0
1580,2,1,1920,1080,640,360,ultra-performance,0.003400000,0.047600000,0.307900000,0.858800000,0.024500000,0.171700000,0.794200000,0.177100000,2.670800000,2.667400000,2.385200000,0.285600000,0.009400000,0.043400000,0.019700000,0.234400000,0.283500000,0.283800000,0.095500000,0.005500000,0.754900000,84,0,103,3,7,0.002100000,0.004200000,0.001700000,0.004300000,0.004900000,0.001000000,0.557100000,0.020400000,0.063900000,0.013100000,0.006600000,0.101900000,0.000100000,0.000000000,0.005200000,0.786500000,0.007700000,3,1,7,7,3,,0.263600000,0.005600000,0.320400000,0.079100000,0.018300000,0.066900000,true,true,0.047900000,0.173500000,0.019200000,0.005800000,0.012200000,103,103,0
1581,0,1,1920,1080,640,360,ultra-performance,0.002000000,0.019400000,0.194600000,0.503600000,0.014100000,0.103700000,0.780600000,0.261500000,2.050600000,2.048600000,1.879500000,0.171100000,0.010800000,0.018600000,0.011500000,0.153100000,0.168100000,0.168300000,0.059200000,0.002500000,0.440200000,84,0,103,3,7,0.001200000,0.002700000,0.001100000,0.003200000,0.003900000,0.000800000,0.550200000,0.014400000,0.079800000,0.008500000,0.005300000,0.092900000,0.000000000,0.000000000,0.007500000,0.771500000,0.009100000,3,1,7,7,3,,0.142100000,0.003300000,0.201000000,0.046300000,0.011600000,0.035400000,true,true,0.018300000,0.102300000,0.007600000,0.003600000,0.007000000,103,103,0
1582,1,1,1920,1080,640,360,ultra-performance,0.002600000,0.033300000,0.286200000,0.785600000,0.023300000,0.212500000,0.766700000,0.178300000,2.579800000,2.577200000,2.288500000,0.291300000,0.005900000,0.031400000,0.016400000,0.231300000,0.289300000,0.289600000,0.094200000,0.005100000,0.683700000,84,0,103,3,7,0.002800000,0.003800000,0.001900000,0.004700000,0.002700000,0.000600000,0.554000000,0.024900000,0.040300000,0.008800000,0.005100000,0.107400000,0.000100000,0.000000000,0.004100000,0.761200000,0.005500000,3,1,7,7,3,,0.234100000,0.005300000,0.304000000,0.068100000,0.017100000,0.054600000,true,true,0.032100000,0.164200000,0.010700000,0.011200000,0.010700000,103,103,0
1583,2,1,1920,1080,640,360,ultra-performance,0.001900000,0.023900000,0.185900000,0.545100000,0.015000000,0.111300000,0.876300000,0.176700000,2.106300000,2.104400000,1.936100000,0.170200000,0.003600000,0.019600000,0.011000000,0.151000000,0.168900000,0.169000000,0.066600000,0.004300000,0.472300000,84,0,103,3,7,0.001100000,0.002800000,0.001100000,0.003600000,0.006000000,0.001200000,0.550100000,0.021400000,0.111400000,0.014100000,0.006600000,0.145200000,0.000000000,0.000000000,0.004500000,0.869100000,0.007200000,3,1,7,7,3,,0.175200000,0.003600000,0.198700000,0.047200000,0.011700000,0.035300000,true,true,0.025000000,0.126300000,0.008100000,0.003900000,0.008000000,103,103,0
1584,0,1,1920,1080,640,360,ultra-performance,0.001800000,0.017900000,0.173200000,0.465400000,0.011600000,0.093100000,0.899100000,0.218700000,2.070600000,2.068800000,1.880800000,0.189800000,0.003200000,0.018700000,0.009700000,0.141100000,0.186700000,0.186800000,0.056600000,0.002200000,0.404700000,84,0,103,3,7,0.001000000,0.002200000,0.000900000,0.003500000,0.006800000,0.001400000,0.630900000,0.025900000,0.038500000,0.015600000,0.008200000,0.141400000,0.000100000,0.000000000,0.011200000,0.887600000,0.011500000,3,1,7,7,3,,0.133900000,0.002800000,0.186300000,0.038200000,0.010400000,0.032500000,true,true,0.016800000,0.098000000,0.007200000,0.003100000,0.005900000,103,103,0
1585,1,1,1920,1080,640,360,ultra-performance,0.002200000,0.034500000,0.297800000,0.796900000,0.021800000,0.168800000,0.658300000,0.181900000,2.454800000,2.452600000,2.162200000,0.292600000,0.005800000,0.032900000,0.019900000,0.238200000,0.291200000,0.291300000,0.092700000,0.004200000,0.697300000,84,0,103,3,7,0.002000000,0.003600000,0.001600000,0.004300000,0.002300000,0.000500000,0.526700000,0.017000000,0.003700000,0.005300000,0.002800000,0.080100000,0.000100000,0.000000000,0.004300000,0.654300000,0.004000000,3,1,7,7,3,,0.235400000,0.004900000,0.309600000,0.066600000,0.017400000,0.062800000,true,true,0.030600000,0.172100000,0.011700000,0.005900000,0.010500000,103,103,0
1586,2,1,1920,1080,640,360,ultra-performance,0.001700000,0.026600000,0.190900000,0.719600000,0.017400000,0.140900000,0.841000000,0.227100000,2.463000000,2.461300000,2.165200000,0.297800000,0.004300000,0.020600000,0.009900000,0.155100000,0.296000000,0.296200000,0.088900000,0.002800000,0.625500000,84,0,103,3,7,0.001600000,0.003000000,0.001400000,0.003600000,0.005400000,0.001100000,0.579400000,0.020100000,0.090100000,0.011700000,0.005700000,0.104600000,0.000100000,0.000000000,0.006000000,0.833800000,0.007200000,3,1,7,7,3,,0.209700000,0.004000000,0.291300000,0.053300000,0.015300000,0.051400000,true,true,0.027400000,0.157200000,0.008500000,0.004100000,0.008100000,103,103,0
1587,0,1,1920,1080,640,360,ultra-performance,0.002800000,0.028400000,0.312300000,0.803600000,0.028700000,0.152400000,1.006700000,0.261800000,2.913400000,2.910600000,2.596700000,0.316700000,0.004900000,0.030400000,0.019200000,0.257200000,0.313300000,0.313500000,0.099000000,0.004000000,0.697600000,84,0,103,3,7,0.001900000,0.003400000,0.001700000,0.004300000,0.006400000,0.001300000,0.662900000,0.038300000,0.079100000,0.017000000,0.009600000,0.157800000,0.000000000,0.000000000,0.010600000,0.994300000,0.012400000,3,1,7,7,3,,0.233600000,0.004900000,0.324400000,0.060900000,0.017000000,0.056000000,true,true,0.027300000,0.167000000,0.010700000,0.004800000,0.018300000,103,103,0
1588,1,1,1920,1080,640,360,ultra-performance,0.002000000,0.031000000,0.305900000,0.938200000,0.037100000,0.168100000,0.909100000,0.263700000,2.938100000,2.936100000,2.655100000,0.283000000,0.005200000,0.031300000,0.017700000,0.249900000,0.280000000,0.280300000,0.093100000,0.004400000,0.835900000,84,0,103,3,7,0.001200000,0.003300000,0.001000000,0.003700000,0.004700000,0.001000000,0.595300000,0.030200000,0.055300000,0.013000000,0.007600000,0.178000000,0.000200000,0.000000000,0.006300000,0.900800000,0.008300000,3,1,7,7,3,,0.231200000,0.004900000,0.304800000,0.148000000,0.031000000,0.114900000,true,true,0.031900000,0.168700000,0.010900000,0.004300000,0.010800000,103,103,0
1589,2,1,1920,1080,640,360,ultra-performance,0.002300000,0.027800000,0.181300000,0.515800000,0.014900000,0.104700000,0.650700000,0.154400000,1.821400000,1.819100000,1.651900000,0.169500000,0.004200000,0.019600000,0.012100000,0.144800000,0.168200000,0.168400000,0.059400000,0.003000000,0.451700000,84,0,103,3,7,0.001400000,0.002700000,0.001000000,0.003500000,0.002100000,0.000400000,0.519100000,0.013200000,0.009800000,0.007600000,0.003300000,0.078300000,0.000000000,0.000000000,0.003900000,0.646300000,0.004400000,3,1,7,7,3,,0.145900000,0.003300000,0.202900000,0.051900000,0.011700000,0.035400000,true,true,0.019000000,0.104100000,0.008300000,0.003500000,0.007800000,103,103,0
1590,0,1,1920,1080,640,360,ultra-performance,0.001900000,0.019600000,0.180900000,0.495400000,0.017000000,0.105700000,0.773100000,0.229400000,2.002300000,2.000400000,1.823000000,0.179300000,0.003100000,0.017900000,0.010300000,0.149300000,0.177100000,0.177200000,0.054900000,0.002400000,0.435200000,84,0,103,3,7,0.001200000,0.002700000,0.001100000,0.003600000,0.004100000,0.001000000,0.485000000,0.026900000,0.091800000,0.013100000,0.006100000,0.123200000,0.000000000,0.000000000,0.007100000,0.766900000,0.006200000,3,1,7,7,3,,0.133000000,0.003100000,0.184400000,0.040500000,0.017500000,0.056000000,true,true,0.017000000,0.096900000,0.006300000,0.003400000,0.006300000,103,103,0
1591,1,1,1920,1080,640,360,ultra-performance,0.001800000,0.023000000,0.185800000,0.770600000,0.017000000,0.147700000,0.822500000,0.170100000,2.308100000,2.306300000,2.138500000,0.169600000,0.003000000,0.016500000,0.009400000,0.156400000,0.168300000,0.168400000,0.117200000,0.002900000,0.647900000,84,0,103,3,7,0.001700000,0.003300000,0.001600000,0.004600000,0.002100000,0.000500000,0.493300000,0.020000000,0.159200000,0.012700000,0.004500000,0.109900000,0.000100000,0.000000000,0.003700000,0.817200000,0.005300000,3,1,7,7,3,,0.215300000,0.004500000,0.301300000,0.056500000,0.016300000,0.053400000,true,true,0.025400000,0.161700000,0.008600000,0.004400000,0.009700000,103,103,0
1592,2,1,1920,1080,640,360,ultra-performance,0.001700000,0.017200000,0.184400000,0.534800000,0.012200000,0.101300000,0.813400000,0.194400000,2.030000000,2.028300000,1.859400000,0.170600000,0.003200000,0.023200000,0.015400000,0.142200000,0.169000000,0.169100000,0.054200000,0.002200000,0.476300000,84,0,103,3,7,0.001300000,0.002600000,0.001100000,0.003800000,0.003300000,0.000700000,0.610000000,0.016700000,0.028200000,0.014800000,0.005600000,0.111700000,0.000100000,0.000000000,0.006200000,0.806100000,0.007300000,3,1,7,7,3,,0.131000000,0.003200000,0.249200000,0.045500000,0.012100000,0.034600000,true,true,0.016700000,0.095300000,0.006400000,0.003100000,0.006600000,103,103,0
1593,0,1,1920,1080,640,360,ultra-performance,0.002700000,0.019200000,0.181700000,0.485900000,0.012200000,0.108500000,0.802400000,0.317100000,2.107700000,2.105000000,1.929700000,0.178000000,0.003600000,0.019500000,0.013600000,0.144100000,0.175400000,0.175600000,0.056300000,0.002900000,0.424600000,84,0,103,3,7,0.001300000,0.002500000,0.001200000,0.003400000,0.004000000,0.001100000,0.427900000,0.022900000,0.174400000,0.013200000,0.006700000,0.130000000,0.000100000,0.000000000,0.007600000,0.796300000,0.006100000,3,1,7,7,3,,0.139000000,0.003100000,0.194800000,0.040500000,0.012400000,0.034300000,true,true,0.019200000,0.099600000,0.006500000,0.003900000,0.006700000,103,103,0
1594,1,1,1920,1080,640,360,ultra-performance,0.002400000,0.020600000,0.288700000,0.728700000,0.015800000,0.150400000,0.959300000,0.358000000,2.820500000,2.818100000,2.523900000,0.296600000,0.004100000,0.026300000,0.016200000,0.241600000,0.294800000,0.295100000,0.091100000,0.002700000,0.632300000,84,0,103,3,7,0.001700000,0.003100000,0.001500000,0.003900000,0.002700000,0.000600000,0.725900000,0.025900000,0.035500000,0.012000000,0.005000000,0.130800000,0.000000000,0.000000000,0.003800000,0.952400000,0.006900000,3,1,7,7,3,,0.207000000,0.004400000,0.298400000,0.052800000,0.016000000,0.052900000,true,true,0.024000000,0.157200000,0.008100000,0.003800000,0.009200000,103,103,0
1595,2,1,1920,1080,640,360,ultra-performance,0.003700000,0.034100000,0.408900000,0.751900000,0.019100000,0.145800000,1.016100000,0.205000000,2.879900000,2.876200000,2.584600000,0.295300000,0.006500000,0.032800000,0.019000000,0.349900000,0.293400000,0.293800000,0.077600000,0.004000000,0.667300000,84,0,103,3,7,0.001800000,0.003500000,0.001500000,0.005400000,0.003100000,0.000700000,0.604600000,0.021800000,0.099800000,0.026200000,0.010500000,0.222200000,0.000100000,0.000000000,0.004900000,1.006100000,0.010000000,3,1,7,7,3,,0.265200000,0.003600000,0.269400000,0.057100000,0.017400000,0.053900000,true,true,0.059400000,0.177500000,0.010500000,0.004200000,0.009200000,103,103,0
1596,0,1,1920,1080,640,360,ultra-performance,0.002000000,0.021100000,0.296700000,0.740100000,0.017300000,0.144800000,0.842600000,0.221000000,2.598900000,2.596900000,2.285600000,0.313300000,0.003800000,0.025500000,0.017000000,0.249700000,0.312000000,0.312100000,0.093700000,0.003600000,0.640000000,84,0,103,3,7,0.001800000,0.003400000,0.001600000,0.004400000,0.002900000,0.000600000,0.590900000,0.012800000,0.107900000,0.007900000,0.005200000,0.093200000,0.000000000,0.000000000,0.004500000,0.837100000,0.005500000,3,1,7,7,3,,0.215600000,0.004400000,0.297500000,0.052500000,0.016000000,0.053400000,true,true,0.024800000,0.164800000,0.008400000,0.003700000,0.009200000,103,103,0
1597,1,1,1920,1080,640,360,ultra-performance,0.003400000,0.038000000,0.556500000,0.735100000,0.015800000,0.140900000,0.847200000,0.183500000,2.864100000,2.860700000,2.520400000,0.343700000,0.006700000,0.046300000,0.028100000,0.474400000,0.341600000,0.341900000,0.090900000,0.002800000,0.638800000,84,0,103,3,7,0.001700000,0.003200000,0.001600000,0.004300000,0.004900000,0.001000000,0.498800000,0.023600000,0.143600000,0.013500000,0.006700000,0.129500000,0.000000000,0.000000000,0.007200000,0.839600000,0.007600000,3,1,7,7,3,,0.205000000,0.004100000,0.310900000,0.050600000,0.015400000,0.052300000,true,true,0.023400000,0.157100000,0.007500000,0.003500000,0.008900000,103,103,0
1598,2,1,1920,1080,640,360,ultra-performance,0.001700000,0.017900000,0.170700000,0.480000000,0.012400000,0.107400000,0.772900000,0.185000000,1.918400000,1.916700000,1.748000000,0.170400000,0.003000000,0.016700000,0.009800000,0.140800000,0.169000000,0.169200000,0.054700000,0.002200000,0.421200000,84,0,103,3,7,0.001200000,0.002500000,0.001100000,0.003200000,0.003200000,0.000700000,0.506900000,0.017400000,0.082400000,0.010500000,0.005100000,0.129100000,0.000000000,0.000000000,0.004400000,0.767700000,0.005200000,3,1,7,7,3,,0.141900000,0.004400000,0.188600000,0.041000000,0.011700000,0.033100000,true,true,0.017000000,0.105400000,0.006400000,0.003300000,0.006600000,103,103,0
1599,0,1,1920,1080,640,360,ultra-performance,0.001900000,0.022600000,0.294800000,0.730400000,0.016400000,0.145600000,0.752300000,0.196600000,2.460200000,2.458300000,2.160600000,0.299600000,0.003800000,0.025500000,0.015400000,0.249600000,0.297900000,0.298100000,0.090500000,0.002700000,0.634400000,84,0,103,3,7,0.001900000,0.003200000,0.001600000,0.004300000,0.003000000,0.000500000,0.555200000,0.013400000,0.056400000,0.008500000,0.004600000,0.088800000,0.000000000,0.000000000,0.004400000,0.745800000,0.006500000,3,1,7,7,3,,0.208900000,0.004500000,0.297900000,0.053300000,0.015800000,0.053200000,true,true,0.023900000,0.158700000,0.008300000,0.003800000,0.009400000,103,103,0
1600,1,1,1920,1080,640,360,ultra-performance,0.001900000,0.023100000,0.290800000,0.727700000,0.015800000,0.157700000,0.847700000,0.201800000,2.565900000,2.564000000,2.266500000,0.299400000,0.003700000,0.024800000,0.017600000,0.244000000,0.298200000,0.298300000,0.091000000,0.002800000,0.630800000,84,0,103,3,7,0.001700000,0.003100000,0.001500000,0.004400000,0.002900000,0.000500000,0.524000000,0.013600000,0.165900000,0.008900000,0.005200000,0.105600000,0.000000000,0.000000000,0.004600000,0.841900000,0.005800000,3,1,7,7,3,,0.208100000,0.004200000,0.299700000,0.050300000,0.015300000,0.052700000,true,true,0.023700000,0.159800000,0.007600000,0.003500000,0.008900000,103,103,0
1601,2,1,1920,1080,640,360,ultra-performance,0.001800000,0.021900000,0.297600000,0.743500000,0.015800000,0.143200000,0.738100000,0.180900000,2.463400000,2.461600000,2.142800000,0.320600000,0.003600000,0.025000000,0.015200000,0.253300000,0.319200000,0.319300000,0.096000000,0.002500000,0.642400000,84,0,103,3,7,0.001800000,0.003200000,0.001500000,0.004300000,0.003100000,0.000500000,0.562100000,0.013200000,0.040600000,0.008800000,0.005100000,0.084800000,0.000000000,0.000000000,0.004100000,0.733100000,0.005000000,3,1,7,7,3,,0.216200000,0.004500000,0.301400000,0.050200000,0.016200000,0.053300000,true,true,0.023900000,0.166700000,0.008200000,0.003800000,0.009100000,103,103,0
1602,0,1,1920,1080,640,360,ultra-performance,0.001900000,0.023300000,0.293100000,0.739400000,0.025100000,0.142900000,0.754700000,0.189700000,2.478400000,2.476500000,2.170100000,0.308300000,0.003700000,0.025600000,0.015100000,0.248200000,0.306900000,0.307000000,0.092100000,0.002500000,0.642000000,84,0,103,3,7,0.001700000,0.003000000,0.001600000,0.004200000,0.003000000,0.000500000,0.570800000,0.013500000,0.040800000,0.008200000,0.004900000,0.092200000,0.000100000,0.000000000,0.004600000,0.749100000,0.005600000,3,1,7,7,3,,0.212600000,0.004100000,0.304600000,0.051400000,0.015500000,0.053200000,true,true,0.024200000,0.163500000,0.007500000,0.003800000,0.009000000,103,103,0
1603,1,1,1920,1080,640,360,ultra-performance,0.001800000,0.024600000,0.291400000,0.737100000,0.029200000,0.144900000,0.792100000,0.190900000,2.519800000,2.518000000,2.212000000,0.307800000,0.003800000,0.024600000,0.015500000,0.247000000,0.306200000,0.306300000,0.092200000,0.002600000,0.639500000,84,0,103,3,7,0.001900000,0.003200000,0.001600000,0.004000000,0.003100000,0.000400000,0.510700000,0.015300000,0.057400000,0.009100000,0.005500000,0.169100000,0.000100000,0.000000000,0.004400000,0.785800000,0.006300000,3,1,7,7,3,,0.213000000,0.004300000,0.302700000,0.050100000,0.015600000,0.053400000,true,true,0.023900000,0.163900000,0.007700000,0.003700000,0.009200000,103,103,0
1604,2,1,1920,1080,640,360,ultra-performance,0.001800000,0.025900000,0.289800000,0.788300000,0.015900000,0.148000000,0.733800000,0.176700000,2.481900000,2.480100000,2.180200000,0.301700000,0.003900000,0.024800000,0.015700000,0.245000000,0.300300000,0.300400000,0.092200000,0.002900000,0.690400000,84,0,103,3,7,0.001600000,0.003400000,0.001500000,0.004000000,0.002300000,0.000500000,0.557100000,0.013700000,0.001400000,0.007300000,0.004600000,0.126600000,0.000100000,0.000000000,0.004400000,0.728500000,0.005300000,3,1,7,7,3,,0.210200000,0.004300000,0.355400000,0.050700000,0.015600000,0.053600000,true,true,0.023900000,0.161000000,0.008200000,0.003600000,0.008900000,103,103,0
1605,0,1,1920,1080,640,360,ultra-performance,0.002000000,0.024900000,0.289000000,0.748300000,0.016700000,0.145000000,0.720600000,0.185300000,2.432700000,2.430700000,2.131800000,0.300900000,0.003500000,0.025700000,0.015600000,0.243600000,0.299700000,0.299800000,0.091000000,0.002900000,0.651700000,84,0,103,3,7,0.001700000,0.003500000,0.001500000,0.004300000,0.003200000,0.000400000,0.571800000,0.015100000,0.005000000,0.008800000,0.005000000,0.089500000,0.000000000,0.000000000,0.004800000,0.714600000,0.006000000,3,1,7,7,3,,0.211100000,0.004300000,0.316000000,0.051400000,0.015600000,0.052600000,true,true,0.024100000,0.160900000,0.008700000,0.003800000,0.008900000,103,103,0
1606,1,1,1920,1080,640,360,ultra-performance,0.001800000,0.028000000,0.286100000,0.730700000,0.016100000,0.140500000,0.836100000,0.192200000,2.543800000,2.542000000,2.231500000,0.312300000,0.003600000,0.024900000,0.015100000,0.242200000,0.310900000,0.311100000,0.091100000,0.002700000,0.634100000,84,0,103,3,7,0.001700000,0.003200000,0.001700000,0.003900000,0.003100000,0.000400000,0.522100000,0.014700000,0.171200000,0.010100000,0.005000000,0.088300000,0.000000000,0.000000000,0.004600000,0.830000000,0.006100000,3,1,7,7,3,,0.210600000,0.004300000,0.300000000,0.050000000,0.015100000,0.053400000,true,true,0.023600000,0.162600000,0.007600000,0.003500000,0.008800000,103,103,0
1607,2,1,1920,1080,640,360,ultra-performance,0.002000000,0.024900000,0.291900000,0.750200000,0.016500000,0.144300000,0.747100000,0.235400000,2.529600000,2.527600000,2.212300000,0.317300000,0.003600000,0.025300000,0.015300000,0.247100000,0.315200000,0.315300000,0.091200000,0.002700000,0.653800000,84,0,103,3,7,0.001600000,0.003300000,0.001500000,0.004300000,0.003700000,0.001100000,0.561500000,0.019100000,0.016500000,0.014000000,0.006300000,0.100600000,0.000100000,0.000000000,0.006000000,0.739600000,0.007500000,3,1,7,7,3,,0.210900000,0.004200000,0.316800000,0.051100000,0.015700000,0.054100000,true,true,0.024100000,0.161100000,0.007700000,0.004100000,0.009200000,103,103,0
1608,0,1,1920,1080,640,360,ultra-performance,0.003200000,0.037600000,0.201200000,0.602600000,0.020600000,0.137400000,1.137200000,0.280800000,2.577100000,2.573900000,2.420600000,0.156500000,0.017000000,0.033900000,0.012800000,0.136700000,0.153400000,0.153800000,0.060200000,0.004400000,0.535900000,84,0,103,3,7,0.001400000,0.003700000,0.001100000,0.004000000,0.002900000,0.000600000,0.613500000,0.029900000,0.107600000,0.019500000,0.008200000,0.332500000,0.000200000,0.000000000,0.005000000,1.130100000,0.007100000,3,1,7,7,3,,0.194900000,0.005100000,0.207700000,0.072800000,0.015300000,0.039200000,true,true,0.047100000,0.119300000,0.009100000,0.006900000,0.009000000,103,103,0
1609,1,1,1920,1080,640,360,ultra-performance,0.002600000,0.027500000,0.305500000,0.785900000,0.020400000,0.140700000,0.895200000,0.242800000,2.735600000,2.733000000,2.420600000,0.315000000,0.005000000,0.029900000,0.016600000,0.253400000,0.312700000,0.312800000,0.097700000,0.004200000,0.681200000,84,0,103,3,7,0.001400000,0.002600000,0.001200000,0.003300000,0.006500000,0.001600000,0.616100000,0.030500000,0.033900000,0.019500000,0.009200000,0.152100000,0.000000000,0.000000000,0.006600000,0.884500000,0.010700000,3,1,7,7,3,,0.224000000,0.004600000,0.321200000,0.059600000,0.016500000,0.054800000,true,true,0.026800000,0.168900000,0.009900000,0.003900000,0.009800000,103,103,0
1610,2,1,1920,1080,640,360,ultra-performance,0.002400000,0.041300000,0.301100000,0.852700000,0.025000000,0.172000000,0.713700000,0.192100000,2.580200000,2.577800000,2.300300000,0.279900000,0.006800000,0.036900000,0.016800000,0.239600000,0.277900000,0.278200000,0.093000000,0.005400000,0.751700000,84,0,103,3,7,0.002400000,0.004100000,0.001600000,0.005000000,0.002600000,0.000500000,0.568200000,0.018500000,0.001600000,0.007400000,0.004600000,0.088100000,0.000200000,0.000000000,0.004200000,0.709000000,0.004700000,3,1,7,7,3,,0.264500000,0.005600000,0.315400000,0.090000000,0.018300000,0.057200000,true,true,0.041300000,0.186500000,0.013500000,0.006500000,0.011700000,103,103,0
1611,0,1,1920,1080,640,360,ultra-performance,0.001900000,0.028000000,0.277000000,0.733700000,0.020800000,0.150100000,1.072100000,0.184800000,2.748100000,2.746200000,2.468400000,0.279700000,0.005000000,0.027500000,0.016000000,0.227700000,0.278200000,0.278300000,0.085200000,0.003600000,0.642400000,84,0,103,3,7,0.001800000,0.003600000,0.001400000,0.003800000,0.004100000,0.000600000,0.582000000,0.024400000,0.156100000,0.017000000,0.007400000,0.253300000,0.000500000,0.000000000,0.004700000,1.060700000,0.011400000,3,1,7,7,3,,0.209100000,0.004500000,0.303200000,0.058200000,0.016200000,0.050600000,true,true,0.026700000,0.155000000,0.008700000,0.004800000,0.008900000,103,103,0
1612,1,1,1920,1080,640,360,ultra-performance,0.001900000,0.034700000,0.274800000,0.722900000,0.020100000,0.160300000,0.873100000,0.156700000,2.533200000,2.531300000,2.244500000,0.288700000,0.004400000,0.026700000,0.015400000,0.227500000,0.287200000,0.287400000,0.087000000,0.003800000,0.629400000,84,0,103,3,7,0.001700000,0.003800000,0.001400000,0.003900000,0.002300000,0.000500000,0.522000000,0.020400000,0.033500000,0.009500000,0.005100000,0.260300000,0.000100000,0.000000000,0.003600000,0.868100000,0.005000000,3,1,7,7,3,,0.206600000,0.004400000,0.294500000,0.056500000,0.016000000,0.050900000,true,true,0.024700000,0.155300000,0.008500000,0.004500000,0.009100000,103,103,0
1613,2,1,1920,1080,640,360,ultra-performance,0.001700000,0.031100000,0.171100000,0.477300000,0.016500000,0.126400000,1.042400000,0.210600000,2.238300000,2.236600000,2.077100000,0.161200000,0.003300000,0.017600000,0.009800000,0.139600000,0.158500000,0.158600000,0.051400000,0.002500000,0.420900000,84,0,103,3,7,0.001500000,0.004500000,0.001300000,0.004300000,0.004600000,0.001000000,0.689900000,0.040500000,0.081800000,0.022000000,0.010100000,0.163800000,0.000000000,0.000000000,0.007400000,1.032700000,0.009700000,3,1,7,7,3,,0.129600000,0.003100000,0.175200000,0.051200000,0.014200000,0.047200000,true,true,0.016300000,0.093100000,0.007000000,0.003600000,0.006600000,103,103,0
1614,0,1,1920,1080,640,360,ultra-performance,0.002300000,0.025500000,0.183800000,0.522100000,0.015800000,0.107300000,0.675000000,0.184300000,1.901000000,1.898700000,1.716100000,0.184900000,0.003900000,0.020300000,0.011900000,0.147100000,0.183200000,0.183300000,0.060600000,0.002900000,0.456600000,84,0,103,3,7,0.001300000,0.002900000,0.001200000,0.003700000,0.002800000,0.000700000,0.427200000,0.019600000,0.107100000,0.007700000,0.003600000,0.087100000,0.000100000,0.000000000,0.005200000,0.670200000,0.004800000,3,1,7,7,3,,0.144300000,0.003300000,0.207800000,0.052000000,0.012600000,0.036000000,true,true,0.019100000,0.102400000,0.007800000,0.003600000,0.007500000,103,103,0
1615,1,1,1920,1080,640,360,ultra-performance,0.001800000,0.031100000,0.300100000,0.743100000,0.017200000,0.148900000,0.813300000,0.198900000,2.560300000,2.558500000,2.254400000,0.305900000,0.003800000,0.025500000,0.015600000,0.254700000,0.304600000,0.304800000,0.092800000,0.002700000,0.644600000,84,0,103,3,7,0.001800000,0.003200000,0.001600000,0.004600000,0.003200000,0.000500000,0.567200000,0.018100000,0.103600000,0.008200000,0.005400000,0.084700000,0.000000000,0.000000000,0.004600000,0.806700000,0.006600000,3,1,7,7,3,,0.210600000,0.004500000,0.304200000,0.053800000,0.016300000,0.054600000,true,true,0.023800000,0.160200000,0.008300000,0.003900000,0.009600000,103,103,0
1616,2,1,1920,1080,640,360,ultra-performance,0.002000000,0.026800000,0.289000000,0.741600000,0.016300000,0.143800000,0.857000000,0.183000000,2.632500000,2.630500000,2.259500000,0.373000000,0.003700000,0.025400000,0.015400000,0.244000000,0.371500000,0.371600000,0.091700000,0.002800000,0.644500000,84,0,103,3,7,0.001700000,0.003100000,0.001500000,0.004000000,0.002900000,0.000500000,0.569700000,0.013900000,0.133300000,0.009400000,0.004900000,0.100800000,0.000100000,0.000000000,0.004500000,0.850300000,0.006700000,3,1,7,7,3,,0.215300000,0.004300000,0.302900000,0.052400000,0.015500000,0.053500000,true,true,0.024200000,0.164300000,0.009100000,0.003900000,0.009200000,103,103,0
1617,0,1,1920,1080,640,360,ultra-performance,0.001800000,0.021700000,0.290800000,0.750200000,0.016300000,0.142700000,0.699500000,0.178000000,2.406300000,2.404500000,2.101000000,0.305300000,0.003700000,0.025800000,0.015100000,0.245800000,0.303800000,0.303900000,0.091000000,0.002700000,0.653600000,84,0,103,3,7,0.001800000,0.003300000,0.001900000,0.004400000,0.002600000,0.000500000,0.496800000,0.012600000,0.069800000,0.007400000,0.004500000,0.085000000,0.000100000,0.000000000,0.004400000,0.695100000,0.004400000,3,1,7,7,3,,0.208500000,0.004200000,0.319200000,0.051800000,0.015400000,0.053800000,true,true,0.023500000,0.159600000,0.008500000,0.003600000,0.008800000,103,103,0
1618,1,1,1920,1080,640,360,ultra-performance,0.001800000,0.023100000,0.290400000,0.725300000,0.015300000,0.155800000,0.805600000,0.176500000,2.499200000,2.497400000,2.193800000,0.305400000,0.003700000,0.026000000,0.014900000,0.245500000,0.303600000,0.303900000,0.091000000,0.002600000,0.629200000,84,0,103,3,7,0.001700000,0.003200000,0.001500000,0.004300000,0.002900000,0.000500000,0.539300000,0.013700000,0.112200000,0.009100000,0.005000000,0.102600000,0.000100000,0.000000000,0.004300000,0.800400000,0.005200000,3,1,7,7,3,,0.208900000,0.004200000,0.297100000,0.050400000,0.015300000,0.052600000,true,true,0.023700000,0.160400000,0.007800000,0.003700000,0.008700000,103,103,0
1619,2,1,1920,1080,640,360,ultra-performance,0.001700000,0.024700000,0.291400000,0.742200000,0.016000000,0.141600000,0.796100000,0.183500000,2.503900000,2.502200000,2.197200000,0.306700000,0.003600000,0.024600000,0.015600000,0.247200000,0.305200000,0.305400000,0.092300000,0.002700000,0.644500000,84,0,103,3,7,0.001800000,0.003100000,0.001500000,0.004700000,0.003000000,0.000500000,0.608300000,0.013200000,0.028800000,0.008000000,0.004800000,0.109000000,0.000000000,0.000000000,0.004200000,0.790900000,0.005200000,3,1,7,7,3,,0.209300000,0.004200000,0.311500000,0.050300000,0.015600000,0.052800000,true,true,0.023900000,0.160400000,0.008100000,0.003500000,0.008800000,103,103,0
1620,0,1,1920,1080,640,360,ultra-performance,0.001800000,0.019900000,0.288400000,0.726100000,0.016300000,0.158200000,0.909000000,0.179600000,2.602000000,2.600200000,2.299300000,0.302700000,0.003600000,0.025100000,0.014800000,0.244400000,0.301400000,0.301500000,0.090300000,0.002600000,0.630500000,84,0,103,3,7,0.001700000,0.003300000,0.001600000,0.004300000,0.003500000,0.000400000,0.628900000,0.013800000,0.140800000,0.009600000,0.005200000,0.084600000,0.000100000,0.000000000,0.004900000,0.902700000,0.006300000,3,1,7,7,3,,0.207900000,0.004300000,0.298700000,0.050300000,0.015300000,0.053300000,true,true,0.023700000,0.159400000,0.007700000,0.003700000,0.008900000,103,103,0
1621,1,1,1920,1080,640,360,ultra-performance,0.001800000,0.023600000,0.291100000,0.741100000,0.019000000,0.149000000,0.782700000,0.181000000,2.491100000,2.489300000,2.189300000,0.301800000,0.003700000,0.024900000,0.015300000,0.246800000,0.300500000,0.300700000,0.091300000,0.002800000,0.644100000,84,0,103,3,7,0.001900000,0.003100000,0.001500000,0.004000000,0.002800000,0.000500000,0.567500000,0.012700000,0.040500000,0.007800000,0.004900000,0.125400000,0.000100000,0.000000000,0.004200000,0.776900000,0.005800000,3,1,7,7,3,,0.211200000,0.004200000,0.308700000,0.050300000,0.015900000,0.053100000,true,true,0.024100000,0.162300000,0.007700000,0.003700000,0.008900000,103,103,0
1622,2,1,1920,1080,640,360,ultra-performance,0.001800000,0.022100000,0.290600000,0.741900000,0.015500000,0.158900000,0.876300000,0.253900000,2.668300000,2.666500000,2.361000000,0.307300000,0.003800000,0.024800000,0.015200000,0.246300000,0.304200000,0.304500000,0.100400000,0.002600000,0.636300000,84,0,103,3,7,0.001700000,0.003300000,0.001600000,0.004000000,0.005000000,0.000900000,0.570500000,0.024800000,0.115900000,0.013800000,0.007100000,0.111800000,0.000000000,0.000000000,0.007600000,0.868000000,0.008300000,3,1,7,7,3,,0.211100000,0.004300000,0.302000000,0.050300000,0.015100000,0.052900000,true,true,0.023800000,0.162300000,0.007800000,0.003700000,0.009000000,103,103,0
1623,0,1,1920,1080,640,360,ultra-performance,0.002600000,0.038200000,0.299700000,0.848700000,0.023900000,0.171600000,0.747200000,0.192000000,2.610500000,2.607900000,2.323900000,0.286600000,0.008700000,0.039800000,0.017200000,0.232500000,0.284800000,0.284900000,0.096100000,0.005600000,0.744100000,84,0,103,3,7,0.002000000,0.003700000,0.001700000,0.004500000,0.003300000,0.000700000,0.513100000,0.020000000,0.040000000,0.009600000,0.005700000,0.130900000,0.000000000,0.000000000,0.005500000,0.740700000,0.006500000,3,1,7,7,3,,0.258600000,0.005400000,0.313600000,0.088800000,0.019000000,0.057900000,true,true,0.048700000,0.176000000,0.012000000,0.005600000,0.011500000,103,103,0
1624,1,1,1920,1080,640,360,ultra-performance,0.002000000,0.021500000,0.204200000,0.523300000,0.014700000,0.112100000,0.925600000,0.468500000,2.452600000,2.450600000,2.271900000,0.180700000,0.003500000,0.029000000,0.011700000,0.159500000,0.176800000,0.176900000,0.059600000,0.003200000,0.458400000,84,0,103,3,7,0.001300000,0.002600000,0.001100000,0.003200000,0.005600000,0.001100000,0.698000000,0.019000000,0.025400000,0.012000000,0.006600000,0.128300000,0.000100000,0.000000000,0.010100000,0.914400000,0.011200000,3,1,7,7,3,,0.154000000,0.003400000,0.204500000,0.047900000,0.012000000,0.035800000,true,true,0.022600000,0.109900000,0.007700000,0.003400000,0.007200000,103,103,0
1625,2,1,1920,1080,640,360,ultra-performance,0.002200000,0.022800000,0.183100000,0.477800000,0.012500000,0.101400000,0.679900000,0.174600000,1.835900000,1.833700000,1.654300000,0.181600000,0.003700000,0.019000000,0.009800000,0.150300000,0.180200000,0.180400000,0.058800000,0.002300000,0.414800000,84,0,103,3,7,0.001200000,0.002500000,0.001000000,0.003700000,0.002500000,0.000500000,0.551400000,0.017600000,0.001700000,0.008000000,0.004200000,0.077100000,0.000000000,0.000000000,0.003800000,0.675200000,0.004700000,3,1,7,7,3,,0.137100000,0.003200000,0.189100000,0.040200000,0.011000000,0.033600000,true,true,0.017000000,0.099900000,0.006700000,0.003800000,0.006700000,103,103,0
1626,0,1,1920,1080,640,360,ultra-performance,0.002000000,0.022000000,0.262400000,0.679700000,0.012800000,0.102100000,0.940600000,0.314000000,2.608700000,2.606700000,2.335600000,0.273100000,0.003100000,0.017500000,0.010700000,0.230500000,0.270400000,0.270600000,0.086700000,0.002700000,0.588500000,84,0,103,3,7,0.001100000,0.002500000,0.001000000,0.003600000,0.005500000,0.001100000,0.549600000,0.021700000,0.168300000,0.012600000,0.005400000,0.149500000,0.000100000,0.000000000,0.009500000,0.931500000,0.009100000,3,1,7,7,3,,0.174200000,0.003200000,0.304100000,0.059200000,0.012700000,0.034500000,true,true,0.023000000,0.130500000,0.006800000,0.003700000,0.006500000,103,103,0
1627,1,1,1920,1080,640,360,ultra-performance,0.001900000,0.021800000,0.174300000,0.855000000,0.026200000,0.168000000,0.827300000,0.170400000,2.498600000,2.496700000,2.244900000,0.253700000,0.003200000,0.017200000,0.009500000,0.144000000,0.251300000,0.251800000,0.106700000,0.004700000,0.740800000,84,0,103,3,7,0.002100000,0.003600000,0.001600000,0.005100000,0.004000000,0.000700000,0.542500000,0.020500000,0.108700000,0.013100000,0.006400000,0.106100000,0.000000000,0.000000000,0.005400000,0.819800000,0.007500000,3,1,7,7,3,,0.247500000,0.005200000,0.329300000,0.081400000,0.019900000,0.056900000,true,true,0.040300000,0.172700000,0.012100000,0.005400000,0.011400000,103,103,0
1628,2,1,1920,1080,640,360,ultra-performance,0.002000000,0.026200000,0.185600000,0.508600000,0.015500000,0.140700000,0.720600000,0.220700000,2.031000000,2.029000000,1.819900000,0.211100000,0.003500000,0.019100000,0.012500000,0.149800000,0.208700000,0.208800000,0.059100000,0.002800000,0.444600000,84,0,103,3,7,0.001500000,0.002800000,0.001100000,0.003500000,0.002900000,0.000600000,0.492200000,0.018600000,0.056300000,0.013900000,0.005100000,0.105600000,0.000100000,0.000000000,0.007300000,0.711500000,0.009100000,3,1,7,7,3,,0.142800000,0.003300000,0.203300000,0.047500000,0.012000000,0.035200000,true,true,0.018600000,0.101700000,0.008400000,0.003800000,0.007200000,103,103,0
1629,0,1,1920,1080,640,360,ultra-performance,0.002600000,0.032800000,0.304400000,0.775100000,0.022500000,0.155900000,1.097900000,0.193200000,2.870200000,2.867600000,2.584400000,0.285800000,0.006600000,0.037300000,0.017100000,0.242500000,0.284000000,0.284200000,0.089500000,0.003800000,0.679100000,84,0,103,3,7,0.001700000,0.003600000,0.001400000,0.004200000,0.002600000,0.000400000,0.774900000,0.021500000,0.038800000,0.016500000,0.006400000,0.212900000,0.000000000,0.000000000,0.004500000,1.089400000,0.008500000,3,1,7,7,3,,0.223100000,0.004800000,0.309900000,0.068900000,0.018400000,0.053500000,true,true,0.031600000,0.162000000,0.010400000,0.004900000,0.009300000,103,103,0
1630,1,1,1920,1080,640,360,ultra-performance,0.001900000,0.031300000,0.287000000,0.727400000,0.018700000,0.145500000,0.853100000,0.280100000,2.625700000,2.623800000,2.345000000,0.280700000,0.004700000,0.025700000,0.016600000,0.239100000,0.279400000,0.279600000,0.086300000,0.003100000,0.635500000,84,0,103,3,7,0.001800000,0.003200000,0.001500000,0.004000000,0.003200000,0.000500000,0.551100000,0.016800000,0.144100000,0.009200000,0.005600000,0.101100000,0.000000000,0.000000000,0.004600000,0.846700000,0.006400000,3,1,7,7,3,,0.213400000,0.004400000,0.289800000,0.055100000,0.016600000,0.055500000,true,true,0.026700000,0.160900000,0.008400000,0.004100000,0.009000000,103,103,0
1631,2,1,1920,1080,640,360,ultra-performance,0.001800000,0.032100000,0.272300000,0.715300000,0.018300000,0.154800000,0.773200000,0.180700000,2.430600000,2.428800000,2.148500000,0.282100000,0.004000000,0.025200000,0.015000000,0.227400000,0.280500000,0.280800000,0.087200000,0.002900000,0.622800000,84,0,103,3,7,0.001900000,0.003300000,0.001600000,0.003900000,0.003700000,0.000700000,0.500400000,0.025000000,0.103300000,0.012600000,0.007100000,0.097700000,0.000000000,0.000000000,0.004600000,0.765800000,0.007400000,3,1,7,7,3,,0.203200000,0.004000000,0.295600000,0.052700000,0.016500000,0.050200000,true,true,0.022800000,0.154600000,0.008600000,0.004300000,0.008500000,103,103,0
1632,0,1,1920,1080,640,360,ultra-performance,0.001700000,0.028000000,0.281400000,0.748800000,0.017200000,0.145100000,0.830600000,0.242700000,2.671300000,2.669600000,2.295500000,0.375800000,0.004400000,0.025700000,0.014700000,0.235500000,0.373400000,0.373600000,0.115700000,0.004800000,0.625900000,84,0,103,3,7,0.001800000,0.003400000,0.001500000,0.003900000,0.005400000,0.000800000,0.476100000,0.023500000,0.110000000,0.018400000,0.010800000,0.156500000,0.000000000,0.000000000,0.008100000,0.820200000,0.010400000,3,1,7,7,3,,0.204500000,0.004300000,0.288300000,0.057400000,0.017400000,0.053700000,true,true,0.030400000,0.147600000,0.009000000,0.004000000,0.008900000,103,103,0
1633,1,1,1920,1080,640,360,ultra-performance,0.002400000,0.034800000,0.332200000,0.830100000,0.020700000,0.155000000,0.852300000,0.219500000,2.772700000,2.770300000,2.447000000,0.325700000,0.004600000,0.030700000,0.017900000,0.278300000,0.324000000,0.324200000,0.103500000,0.004300000,0.719300000,84,0,103,3,7,0.001900000,0.003500000,0.001900000,0.004500000,0.003100000,0.000400000,0.668700000,0.021000000,0.003900000,0.010000000,0.005600000,0.116400000,0.000100000,0.000000000,0.004700000,0.845700000,0.006600000,3,1,7,7,3,,0.236400000,0.005000000,0.337500000,0.064000000,0.016900000,0.058800000,true,true,0.027600000,0.179000000,0.010500000,0.003700000,0.010500000,103,103,0
1634,2,1,1920,1080,640,360,ultra-performance,0.001800000,0.026900000,0.247400000,0.710900000,0.013600000,0.104100000,1.121600000,0.380900000,2.841700000,2.839900000,2.607200000,0.234500000,0.003200000,0.017000000,0.010200000,0.216500000,0.230800000,0.231000000,0.069000000,0.002800000,0.637000000,84,0,103,3,7,0.001300000,0.003100000,0.001200000,0.003700000,0.005400000,0.000900000,0.702900000,0.030700000,0.021800000,0.014200000,0.007800000,0.311100000,0.000000000,0.000000000,0.008500000,1.112600000,0.009000000,3,1,7,7,3,,0.216900000,0.004600000,0.298800000,0.058800000,0.016500000,0.040800000,true,true,0.022500000,0.167300000,0.008200000,0.004100000,0.009600000,103,103,0
1635,0,1,1920,1080,640,360,ultra-performance,0.004400000,0.073500000,0.422000000,1.259200000,0.040800000,0.261000000,1.474000000,0.339900000,4.254700000,4.250300000,3.874800000,0.379900000,0.012400000,0.068900000,0.024000000,0.315600000,0.377100000,0.377400000,0.137400000,0.009400000,1.109100000,84,0,103,3,7,0.003400000,0.006800000,0.002200000,0.007300000,0.007400000,0.001500000,0.856500000,0.053300000,0.174400000,0.021500000,0.009900000,0.314600000,0.000100000,0.000000000,0.004600000,1.463500000,0.010500000,3,1,7,7,3,,0.398100000,0.025000000,0.432100000,0.140900000,0.026200000,0.085700000,true,true,0.077100000,0.261300000,0.018000000,0.014300000,0.019300000,103,103,0
1636,1,1,1920,1080,640,360,ultra-performance,0.004000000,0.074400000,0.377100000,0.817500000,0.025200000,0.185400000,1.062200000,0.264100000,3.287800000,3.283800000,2.809900000,0.477900000,0.010600000,0.051700000,0.022300000,0.291100000,0.475300000,0.475700000,0.116100000,0.005500000,0.693500000,84,0,103,3,7,0.002300000,0.005900000,0.002000000,0.005800000,0.004400000,0.000700000,0.517300000,0.033200000,0.288200000,0.015000000,0.007000000,0.168300000,0.000200000,0.000000000,0.005200000,1.055500000,0.006700000,3,1,7,7,3,,0.250400000,0.005500000,0.280400000,0.086100000,0.019100000,0.051300000,true,true,0.043700000,0.172500000,0.010500000,0.009600000,0.009600000,103,103,0
1637,2,1,1920,1080,640,360,ultra-performance,0.003100000,0.051000000,0.345600000,0.952300000,0.026700000,0.207200000,1.139100000,0.289000000,3.347100000,3.344000000,3.014000000,0.333100000,0.007100000,0.035800000,0.019200000,0.282600000,0.330000000,0.330400000,0.105000000,0.005300000,0.838900000,84,0,103,3,7,0.002300000,0.006200000,0.001800000,0.005700000,0.005400000,0.001100000,0.731600000,0.036300000,0.144500000,0.019600000,0.007400000,0.157300000,0.000100000,0.000000000,0.008700000,1.128000000,0.011100000,3,1,7,7,3,,0.298800000,0.006300000,0.360200000,0.086900000,0.020800000,0.065200000,true,true,0.056900000,0.204800000,0.010900000,0.008900000,0.011400000,103,103,0
1638,0,1,1920,1080,640,360,ultra-performance,0.002000000,0.024100000,0.188300000,0.585300000,0.016100000,0.114000000,0.642600000,0.163700000,1.905700000,1.903700000,1.736100000,0.169600000,0.003500000,0.021400000,0.013300000,0.149600000,0.168300000,0.168500000,0.087100000,0.004100000,0.492300000,84,0,103,3,7,0.001300000,0.002900000,0.001100000,0.003900000,0.002000000,0.000400000,0.520900000,0.018600000,0.001700000,0.006500000,0.003500000,0.070400000,0.000100000,0.000000000,0.004300000,0.637600000,0.005000000,3,1,7,7,3,,0.181300000,0.003600000,0.207300000,0.052900000,0.012000000,0.034700000,true,true,0.020800000,0.136500000,0.008200000,0.003800000,0.007800000,103,103,0
1639,1,1,1920,1080,640,360,ultra-performance,0.001800000,0.023700000,0.171700000,0.469200000,0.012700000,0.106600000,0.750700000,0.237300000,1.953700000,1.951900000,1.773700000,0.180000000,0.003000000,0.017100000,0.009600000,0.141500000,0.177600000,0.177700000,0.054100000,0.002300000,0.410800000,84,0,103,3,7,0.001100000,0.002500000,0.001100000,0.003200000,0.004400000,0.000900000,0.492600000,0.021900000,0.073900000,0.012700000,0.006200000,0.115200000,0.000000000,0.000000000,0.006700000,0.742400000,0.008300000,3,1,7,7,3,,0.134500000,0.003200000,0.185300000,0.041500000,0.011200000,0.034500000,true,true,0.016600000,0.098900000,0.005700000,0.003600000,0.006600000,103,103,0
1640,2,1,1920,1080,640,360,ultra-performance,0.002400000,0.042700000,0.292400000,0.827800000,0.022200000,0.168800000,0.866300000,0.244200000,2.738400000,2.736000000,2.466800000,0.271600000,0.006800000,0.029900000,0.015900000,0.239000000,0.268300000,0.268600000,0.097500000,0.005200000,0.722300000,84,0,103,3,7,0.001900000,0.004700000,0.001900000,0.004800000,0.004900000,0.001100000,0.575100000,0.024800000,0.056800000,0.012900000,0.007800000,0.151400000,0.000100000,0.000000000,0.009700000,0.857900000,0.008400000,3,1,7,7,3,,0.245900000,0.005800000,0.314500000,0.079700000,0.018800000,0.057000000,true,true,0.036100000,0.177400000,0.010000000,0.007000000,0.010400000,103,103,0
1641,0,1,1920,1080,640,360,ultra-performance,0.002400000,0.036600000,0.301200000,0.771000000,0.022200000,0.168900000,1.399400000,0.206900000,3.211600000,3.209200000,2.908600000,0.303000000,0.005800000,0.033900000,0.018800000,0.241900000,0.301000000,0.301100000,0.093500000,0.003600000,0.671300000,84,0,103,3,7,0.001800000,0.004800000,0.001800000,0.003700000,0.007400000,0.001700000,0.803100000,0.052000000,0.209400000,0.031000000,0.012900000,0.255100000,0.000100000,0.000000000,0.005000000,1.389800000,0.009600000,3,1,7,7,3,,0.218000000,0.005700000,0.311900000,0.063300000,0.017600000,0.054200000,true,true,0.025300000,0.163300000,0.010100000,0.005500000,0.009300000,103,103,0
1642,1,1,1920,1080,640,360,ultra-performance,0.001900000,0.038800000,0.304000000,0.624400000,0.016200000,0.149600000,0.602100000,0.164400000,2.197300000,2.195400000,1.901400000,0.295900000,0.005300000,0.027400000,0.014500000,0.256200000,0.294600000,0.294800000,0.097700000,0.003400000,0.521100000,84,0,103,3,7,0.001400000,0.004700000,0.001900000,0.004400000,0.004600000,0.000400000,0.474400000,0.017900000,0.001700000,0.006800000,0.003800000,0.072000000,0.000000000,0.000000000,0.003800000,0.597800000,0.004300000,3,1,7,7,3,,0.213400000,0.005500000,0.199500000,0.054800000,0.013500000,0.033900000,true,true,0.024400000,0.159100000,0.009000000,0.006200000,0.009300000,103,103,0
1643,2,1,1920,1080,640,360,ultra-performance,0.001600000,0.023900000,0.212800000,0.626700000,0.015300000,0.109600000,0.738500000,0.224200000,2.111300000,2.109700000,1.952600000,0.158700000,0.003900000,0.018200000,0.009800000,0.180300000,0.156300000,0.156400000,0.052600000,0.002400000,0.569900000,84,0,103,3,7,0.001400000,0.003200000,0.001000000,0.003300000,0.004300000,0.001100000,0.513000000,0.020600000,0.050700000,0.010700000,0.005400000,0.106100000,0.000100000,0.000000000,0.008000000,0.728900000,0.009600000,3,1,7,7,3,,0.252100000,0.004700000,0.207200000,0.057400000,0.012800000,0.035200000,true,true,0.016900000,0.209900000,0.008000000,0.004500000,0.008400000,103,103,0
1644,0,1,1920,1080,640,360,ultra-performance,0.002500000,0.032900000,0.326700000,0.812000000,0.020000000,0.155700000,0.855700000,0.195800000,2.720600000,2.718100000,2.401300000,0.319300000,0.004700000,0.030600000,0.027000000,0.263900000,0.317700000,0.317900000,0.101100000,0.004000000,0.703900000,84,0,103,3,7,0.002200000,0.003700000,0.001600000,0.004400000,0.003300000,0.000500000,0.618800000,0.019600000,0.031200000,0.009700000,0.004800000,0.144600000,0.000000000,0.000000000,0.005400000,0.849800000,0.005900000,3,1,7,7,3,,0.232000000,0.004900000,0.327500000,0.063400000,0.017800000,0.057800000,true,true,0.027200000,0.174800000,0.010600000,0.003700000,0.010700000,103,103,0
1645,1,1,1920,1080,640,360,ultra-performance,0.002300000,0.033200000,0.297800000,0.738300000,0.015700000,0.130800000,0.963100000,0.185800000,2.680900000,2.678600000,2.367000000,0.313900000,0.003900000,0.023800000,0.017000000,0.252600000,0.311100000,0.311300000,0.092700000,0.002800000,0.639900000,84,0,103,3,7,0.001600000,0.003200000,0.001300000,0.003600000,0.004900000,0.001100000,0.646900000,0.022200000,0.115400000,0.014500000,0.006000000,0.123200000,0.000000000,0.000000000,0.009900000,0.953800000,0.009300000,3,1,7,7,3,,0.214500000,0.004300000,0.299500000,0.049600000,0.014300000,0.057100000,true,true,0.023600000,0.165100000,0.008200000,0.003700000,0.009400000,103,103,0
1646,2,1,1920,1080,640,360,ultra-performance,0.002200000,0.027200000,0.305800000,0.803200000,0.021900000,0.161700000,0.790100000,0.188600000,2.591000000,2.588800000,2.300700000,0.290300000,0.005700000,0.023300000,0.029600000,0.245900000,0.287900000,0.288200000,0.096900000,0.004700000,0.699000000,84,0,103,3,7,0.001700000,0.004300000,0.001600000,0.004200000,0.003100000,0.000700000,0.583900000,0.021600000,0.033300000,0.011600000,0.005800000,0.105200000,0.000100000,0.000000000,0.006600000,0.783700000,0.006400000,3,1,7,7,3,,0.233000000,0.005400000,0.312800000,0.074800000,0.017300000,0.055300000,true,true,0.033500000,0.168300000,0.011200000,0.005000000,0.009900000,103,103,0
1647,0,1,1920,1080,640,360,ultra-performance,0.002100000,0.021200000,0.189300000,0.558200000,0.021200000,0.144200000,0.838800000,0.205400000,2.150400000,2.148300000,1.980400000,0.170000000,0.003500000,0.028300000,0.011600000,0.145200000,0.168200000,0.168400000,0.058300000,0.003100000,0.494100000,84,0,103,3,7,0.001700000,0.003300000,0.001700000,0.004600000,0.003800000,0.000700000,0.574900000,0.024000000,0.092700000,0.012000000,0.006900000,0.100600000,0.000000000,0.000000000,0.005400000,0.832300000,0.006500000,3,1,7,7,3,,0.142900000,0.003200000,0.208800000,0.064500000,0.017000000,0.057000000,true,true,0.019000000,0.102000000,0.008100000,0.003600000,0.007100000,103,103,0
1648,1,1,1920,1080,640,360,ultra-performance,0.002500000,0.031100000,0.276300000,0.484800000,0.013300000,0.103800000,0.870800000,0.206600000,2.202300000,2.199800000,1.989200000,0.213100000,0.004300000,0.023600000,0.013900000,0.233900000,0.211300000,0.211500000,0.058800000,0.002600000,0.421500000,84,0,103,3,7,0.001200000,0.002600000,0.001200000,0.004100000,0.005800000,0.001400000,0.381900000,0.024500000,0.295300000,0.014400000,0.007100000,0.118700000,0.000100000,0.000000000,0.005400000,0.863700000,0.007100000,3,1,7,7,3,,0.140700000,0.003100000,0.188600000,0.042600000,0.011600000,0.034400000,true,true,0.017200000,0.102700000,0.006900000,0.003600000,0.006700000,103,103,0
1649,2,1,1920,1080,640,360,ultra-performance,0.002100000,0.039400000,0.300200000,0.696000000,0.017900000,0.149600000,0.854600000,0.434800000,2.772600000,2.770500000,2.494600000,0.278000000,0.003900000,0.024700000,0.014900000,0.256300000,0.274800000,0.275100000,0.080400000,0.003000000,0.609800000,84,0,103,3,7,0.001700000,0.003500000,0.001700000,0.004500000,0.005100000,0.001200000,0.598800000,0.030900000,0.043900000,0.014900000,0.006800000,0.122600000,0.000000000,0.000000000,0.009500000,0.845100000,0.009500000,3,1,7,7,3,,0.191500000,0.004200000,0.289600000,0.055400000,0.016000000,0.052400000,true,true,0.022100000,0.142600000,0.010200000,0.003700000,0.008500000,103,103,0
1650,0,1,1920,1080,640,360,ultra-performance,0.001800000,0.032600000,0.178400000,0.574400000,0.018600000,0.119300000,0.855800000,0.193600000,2.131900000,2.130100000,1.974500000,0.157400000,0.006000000,0.024100000,0.011600000,0.136100000,0.155600000,0.155800000,0.057000000,0.003900000,0.511600000,84,0,103,3,7,0.001200000,0.003900000,0.001300000,0.003400000,0.004100000,0.001100000,0.617500000,0.022600000,0.029700000,0.014000000,0.005100000,0.137600000,0.000200000,0.000000000,0.006300000,0.848000000,0.007800000,3,1,7,7,3,,0.156000000,0.004100000,0.242600000,0.057900000,0.014300000,0.036000000,true,true,0.029000000,0.102900000,0.008500000,0.005300000,0.007200000,103,103,0
1651,1,1,1920,1080,640,360,ultra-performance,0.003000000,0.030200000,0.285200000,0.731200000,0.019600000,0.142800000,0.734400000,0.215000000,2.423600000,2.420600000,2.161400000,0.262200000,0.005000000,0.028300000,0.015500000,0.235700000,0.260600000,0.260700000,0.100100000,0.003900000,0.624600000,84,0,103,3,7,0.001600000,0.003100000,0.001600000,0.004000000,0.002600000,0.000700000,0.533500000,0.020400000,0.045700000,0.009500000,0.004900000,0.098000000,0.000000000,0.000000000,0.004300000,0.729900000,0.004500000,3,1,7,7,3,,0.203800000,0.004300000,0.289600000,0.059700000,0.016000000,0.050700000,true,true,0.024400000,0.149600000,0.010700000,0.004500000,0.009200000,103,103,0
1652,2,1,1920,1080,640,360,ultra-performance,0.002100000,0.026200000,0.178700000,0.485000000,0.014600000,0.108700000,0.848100000,0.319000000,2.152800000,2.150700000,1.982400000,0.170400000,0.003300000,0.017300000,0.010100000,0.147600000,0.168100000,0.168200000,0.054600000,0.002800000,0.425500000,84,0,103,3,7,0.001300000,0.002700000,0.001500000,0.003400000,0.004000000,0.001100000,0.611500000,0.027200000,0.027400000,0.013200000,0.006000000,0.134600000,0.000100000,0.000000000,0.008200000,0.842200000,0.005900000,3,1,7,7,3,,0.135800000,0.003300000,0.197500000,0.042300000,0.012000000,0.034300000,true,true,0.017300000,0.097900000,0.007300000,0.003600000,0.006500000,103,103,0
1653,0,1,1920,1080,640,360,ultra-performance,0.002200000,0.024600000,0.257400000,0.645900000,0.016700000,0.133100000,0.875400000,0.197000000,2.425000000,2.422800000,2.152300000,0.272700000,0.003800000,0.021700000,0.013900000,0.217600000,0.270400000,0.270600000,0.081000000,0.002700000,0.559600000,84,0,103,3,7,0.001500000,0.002900000,0.001300000,0.003900000,0.003200000,0.000700000,0.577200000,0.019700000,0.089900000,0.017000000,0.005300000,0.139500000,0.000100000,0.000000000,0.005800000,0.868000000,0.007400000,3,1,7,7,3,,0.186900000,0.003900000,0.256300000,0.048500000,0.014000000,0.049500000,true,true,0.021300000,0.141700000,0.008700000,0.002900000,0.008200000,103,103,0
1654,1,1,1920,1080,640,360,ultra-performance,0.001900000,0.032500000,0.222500000,0.541600000,0.014400000,0.121500000,0.727800000,0.171700000,2.004300000,2.002400000,1.833900000,0.170400000,0.006500000,0.049100000,0.018400000,0.147600000,0.167800000,0.168200000,0.059400000,0.002700000,0.477400000,84,0,103,3,7,0.001400000,0.002800000,0.001200000,0.003900000,0.003200000,0.000800000,0.524300000,0.020900000,0.043800000,0.011300000,0.005300000,0.097100000,0.000000000,0.000000000,0.006000000,0.722000000,0.005800000,3,1,7,7,3,,0.178500000,0.003300000,0.201300000,0.046600000,0.012800000,0.034400000,true,true,0.018600000,0.135600000,0.008500000,0.004600000,0.007300000,103,103,0
1655,2,1,1920,1080,640,360,ultra-performance,0.001800000,0.029800000,0.207000000,0.686300000,0.018200000,0.129500000,0.731000000,0.240900000,2.218700000,2.216900000,2.044500000,0.174200000,0.003700000,0.020800000,0.011700000,0.170100000,0.171700000,0.172100000,0.085200000,0.003200000,0.595600000,84,0,103,3,7,0.001400000,0.004200000,0.001800000,0.007900000,0.003200000,0.000600000,0.500400000,0.015400000,0.087000000,0.008000000,0.004200000,0.087000000,0.000100000,0.000000000,0.004900000,0.726100000,0.004900000,3,1,7,7,3,,0.205200000,0.003600000,0.272300000,0.049800000,0.016500000,0.047400000,true,true,0.023100000,0.156200000,0.008700000,0.004900000,0.008300000,103,103,0
1656,0,1,1920,1080,640,360,ultra-performance,0.002300000,0.029500000,0.284300000,0.737400000,0.017800000,0.147900000,0.824300000,0.219100000,2.546400000,2.544100000,2.262600000,0.283800000,0.003600000,0.024700000,0.014400000,0.241000000,0.282300000,0.282500000,0.089500000,0.002800000,0.642300000,84,0,103,3,7,0.001600000,0.003400000,0.001700000,0.004000000,0.002900000,0.000600000,0.478100000,0.019400000,0.150900000,0.008300000,0.005300000,0.136800000,0.000100000,0.000000000,0.005800000,0.818900000,0.005400000,3,1,7,7,3,,0.207500000,0.004200000,0.293200000,0.052400000,0.015900000,0.068400000,true,true,0.023800000,0.158000000,0.008200000,0.003800000,0.009100000,103,103,0
1657,1,1,1920,1080,640,360,ultra-performance,0.002300000,0.026600000,0.199400000,0.478600000,0.012800000,0.102200000,0.794200000,0.234800000,2.035400000,2.033100000,1.850900000,0.184500000,0.003200000,0.017100000,0.010400000,0.168200000,0.181500000,0.181600000,0.057600000,0.002100000,0.417000000,84,0,103,3,7,0.001600000,0.002500000,0.001000000,0.003800000,0.005400000,0.001100000,0.500300000,0.021500000,0.121000000,0.010800000,0.006400000,0.100900000,0.000000000,0.000000000,0.008200000,0.784500000,0.009700000,3,1,7,7,3,,0.136900000,0.003200000,0.189200000,0.042400000,0.011300000,0.033600000,true,true,0.019300000,0.097300000,0.006400000,0.003600000,0.006600000,103,103,0
1658,2,1,1920,1080,640,360,ultra-performance,0.003100000,0.045700000,0.230000000,0.696200000,0.017500000,0.166100000,0.910900000,0.212700000,2.438600000,2.435500000,2.282200000,0.156400000,0.007500000,0.028500000,0.012300000,0.180400000,0.153900000,0.154500000,0.093300000,0.002500000,0.597700000,84,0,103,3,7,0.001800000,0.003700000,0.001700000,0.004800000,0.004000000,0.000600000,0.505700000,0.020500000,0.229000000,0.011400000,0.007300000,0.107700000,0.000100000,0.000000000,0.005600000,0.903900000,0.007000000,3,1,7,7,3,,0.152900000,0.004300000,0.310900000,0.058200000,0.017300000,0.053400000,true,true,0.020300000,0.103800000,0.009700000,0.004400000,0.010000000,103,103,0
1659,0,1,1920,1080,640,360,ultra-performance,0.002000000,0.017900000,0.175300000,0.488100000,0.017500000,0.111600000,0.844900000,0.247100000,2.092300000,2.090300000,1.904400000,0.187900000,0.003200000,0.018600000,0.010600000,0.142400000,0.184700000,0.184900000,0.055400000,0.003000000,0.427200000,84,0,103,3,7,0.001200000,0.002600000,0.001000000,0.003500000,0.003900000,0.001100000,0.596600000,0.020300000,0.035300000,0.012300000,0.005600000,0.142700000,0.000000000,0.000000000,0.010700000,0.836800000,0.008100000,3,1,7,7,3,,0.142400000,0.003200000,0.183300000,0.046500000,0.011000000,0.040100000,true,true,0.018300000,0.103800000,0.006200000,0.003700000,0.006600000,103,103,0
1660,1,1,1920,1080,640,360,ultra-performance,0.002100000,0.039300000,0.174300000,0.480800000,0.012200000,0.103300000,0.829900000,0.252000000,2.081200000,2.079100000,1.893900000,0.187300000,0.003300000,0.018400000,0.010300000,0.141800000,0.185000000,0.185200000,0.059900000,0.002400000,0.416400000,84,0,103,3,7,0.001400000,0.002700000,0.001200000,0.003600000,0.007600000,0.001600000,0.602900000,0.022900000,0.023300000,0.013200000,0.005800000,0.129300000,0.000000000,0.000000000,0.006200000,0.821700000,0.008200000,3,1,7,7,3,,0.133700000,0.003100000,0.191800000,0.043000000,0.010900000,0.033400000,true,true,0.017000000,0.096800000,0.006000000,0.003800000,0.006500000,103,103,0
1661,2,1,1920,1080,640,360,ultra-performance,0.002000000,0.026000000,0.175000000,0.471800000,0.011300000,0.101000000,0.884200000,0.253300000,2.097400000,2.095400000,1.924600000,0.172800000,0.002800000,0.019000000,0.010500000,0.142300000,0.171000000,0.171100000,0.054600000,0.002100000,0.413200000,84,0,103,3,7,0.001200000,0.002500000,0.001100000,0.003200000,0.003300000,0.000700000,0.647800000,0.018800000,0.063700000,0.014500000,0.005100000,0.109000000,0.000000000,0.000000000,0.005400000,0.876300000,0.007900000,3,1,7,7,3,,0.131200000,0.003000000,0.196100000,0.038100000,0.011400000,0.033100000,true,true,0.016900000,0.095700000,0.006300000,0.003200000,0.006200000,103,103,0
1662,0,1,1920,1080,640,360,ultra-performance,0.001800000,0.015200000,0.170400000,0.598900000,0.015000000,0.126500000,0.848100000,0.230700000,2.175700000,2.173900000,2.006600000,0.169100000,0.002700000,0.017700000,0.009500000,0.140000000,0.167600000,0.167700000,0.060300000,0.002000000,0.534400000,84,0,103,3,7,0.001200000,0.002700000,0.001100000,0.003500000,0.002500000,0.000400000,0.646100000,0.013900000,0.025900000,0.008500000,0.004800000,0.128500000,0.000100000,0.000000000,0.004400000,0.843600000,0.004500000,3,1,7,7,3,,0.131500000,0.002900000,0.281800000,0.054800000,0.016000000,0.046800000,true,true,0.016800000,0.096300000,0.006100000,0.003100000,0.006300000,103,103,0
1663,1,1,1920,1080,640,360,ultra-performance,0.001900000,0.020400000,0.170800000,0.462200000,0.012300000,0.101900000,0.643200000,0.170000000,1.753200000,1.751300000,1.582700000,0.170500000,0.003400000,0.017200000,0.010000000,0.139800000,0.169000000,0.169100000,0.054200000,0.002200000,0.403900000,84,0,103,3,7,0.001100000,0.002500000,0.001000000,0.003300000,0.002000000,0.000400000,0.520500000,0.014600000,0.001900000,0.007900000,0.004500000,0.076200000,0.000000000,0.000000000,0.003200000,0.639100000,0.004100000,3,1,7,7,3,,0.131700000,0.003100000,0.183400000,0.040300000,0.011500000,0.033300000,true,true,0.016800000,0.095300000,0.006400000,0.003500000,0.006600000,103,103,0
1664,2,1,1920,1080,640,360,ultra-performance,0.002500000,0.021500000,0.219100000,0.459200000,0.012100000,0.097000000,0.907700000,0.188600000,2.094400000,2.091900000,1.907700000,0.186700000,0.004700000,0.018600000,0.009600000,0.185900000,0.184600000,0.184700000,0.056400000,0.002000000,0.399000000,84,0,103,3,7,0.001300000,0.002500000,0.001000000,0.003600000,0.003700000,0.000700000,0.576500000,0.025400000,0.077500000,0.021600000,0.006200000,0.174000000,0.000000000,0.000000000,0.004500000,0.898500000,0.009200000,3,1,7,7,3,,0.131000000,0.003000000,0.181400000,0.039200000,0.010600000,0.033100000,true,true,0.016800000,0.095700000,0.006300000,0.003000000,0.006300000,103,103,0
1665,0,1,1920,1080,640,360,ultra-performance,0.003200000,0.052200000,0.183000000,0.480000000,0.013000000,0.094600000,0.780900000,0.157200000,1.935300000,1.932100000,1.764100000,0.171200000,0.003700000,0.020700000,0.012000000,0.145800000,0.169000000,0.169300000,0.056200000,0.002100000,0.420000000,84,0,103,3,7,0.001000000,0.002300000,0.001000000,0.003100000,0.003300000,0.001000000,0.517600000,0.020600000,0.118800000,0.013800000,0.004700000,0.082500000,0.000000000,0.000000000,0.004200000,0.773900000,0.007000000,3,1,7,7,3,,0.141100000,0.003000000,0.192400000,0.039500000,0.011100000,0.032500000,true,true,0.016800000,0.105900000,0.006800000,0.002900000,0.005900000,103,103,0
1666,1,1,1920,1080,640,360,ultra-performance,0.001900000,0.032000000,0.205100000,0.482900000,0.012500000,0.090500000,0.750700000,0.171200000,1.943600000,1.941700000,1.746800000,0.196800000,0.008500000,0.036800000,0.018400000,0.140300000,0.194100000,0.194300000,0.067600000,0.002300000,0.411300000,84,0,103,3,7,0.001000000,0.002000000,0.000900000,0.003200000,0.004300000,0.001000000,0.514100000,0.021100000,0.044900000,0.019300000,0.008000000,0.116900000,0.000000000,0.000000000,0.005700000,0.742400000,0.008300000,3,1,7,7,3,,0.139600000,0.002700000,0.189400000,0.035800000,0.011100000,0.032400000,true,true,0.018200000,0.102200000,0.007500000,0.002700000,0.005900000,103,103,0
1667,2,1,1920,1080,640,360,ultra-performance,0.001600000,0.030700000,0.221400000,0.499900000,0.014700000,0.103200000,0.662200000,0.189400000,1.900700000,1.899100000,1.723100000,0.177600000,0.006200000,0.021400000,0.013400000,0.179400000,0.175700000,0.176000000,0.061500000,0.002400000,0.434000000,84,0,103,3,7,0.001300000,0.003000000,0.001200000,0.003900000,0.003100000,0.000500000,0.474700000,0.019500000,0.042000000,0.008900000,0.004000000,0.092200000,0.000000000,0.000000000,0.003400000,0.657700000,0.004500000,3,1,7,7,3,,0.137400000,0.003300000,0.201800000,0.044700000,0.012600000,0.033600000,true,true,0.017600000,0.098000000,0.007900000,0.004000000,0.006400000,103,103,0
1668,0,1,1920,1080,640,360,ultra-performance,0.002100000,0.020900000,0.199400000,0.455300000,0.011200000,0.092200000,0.668100000,0.259700000,1.879000000,1.876900000,1.708900000,0.170100000,0.003200000,0.017600000,0.010400000,0.167700000,0.168900000,0.169100000,0.053800000,0.001900000,0.397800000,84,0,103,3,7,0.000900000,0.002200000,0.001100000,0.003300000,0.002900000,0.000500000,0.510900000,0.018400000,0.027000000,0.007500000,0.003800000,0.081000000,0.000100000,0.000000000,0.003400000,0.663000000,0.005100000,3,1,7,7,3,,0.130200000,0.003100000,0.183200000,0.038600000,0.010100000,0.032000000,true,true,0.016400000,0.095500000,0.006100000,0.003200000,0.006000000,103,103,0
1669,1,1,1920,1080,640,360,ultra-performance,0.002200000,0.025400000,0.170400000,0.471900000,0.010700000,0.095100000,0.671100000,0.170000000,1.787100000,1.784900000,1.616800000,0.170300000,0.003400000,0.016900000,0.009600000,0.140000000,0.168400000,0.168600000,0.054200000,0.002200000,0.414000000,84,0,103,3,7,0.001000000,0.002000000,0.000800000,0.002800000,0.003500000,0.000700000,0.490800000,0.020300000,0.034500000,0.010500000,0.004500000,0.088100000,0.000000000,0.000000000,0.004700000,0.664200000,0.006900000,3,1,7,7,3,,0.151700000,0.002800000,0.183200000,0.034800000,0.009800000,0.031200000,true,true,0.017100000,0.114900000,0.007200000,0.003000000,0.006200000,103,103,0
1670,2,1,1920,1080,640,360,ultra-performance,0.002300000,0.030600000,0.203200000,0.811300000,0.020500000,0.145400000,0.705300000,0.297600000,2.427000000,2.424700000,2.216200000,0.210800000,0.006700000,0.025400000,0.017600000,0.152800000,0.208600000,0.209000000,0.103200000,0.007500000,0.698300000,84,0,103,3,7,0.001700000,0.004200000,0.001100000,0.004300000,0.004100000,0.000600000,0.499700000,0.026100000,0.045100000,0.010400000,0.006200000,0.091400000,0.000100000,0.000000000,0.003700000,0.698700000,0.006600000,3,1,7,7,3,,0.270000000,0.006600000,0.290400000,0.074700000,0.014900000,0.040900000,true,true,0.061900000,0.171800000,0.012700000,0.006400000,0.012200000,103,103,0
1671,0,1,1920,1080,640,360,ultra-performance,0.002200000,0.036200000,0.249000000,0.638200000,0.016800000,0.104200000,0.657800000,0.198600000,2.157000000,2.154800000,1.903000000,0.254000000,0.005800000,0.023100000,0.015700000,0.203500000,0.252400000,0.252600000,0.068500000,0.003000000,0.564700000,84,0,103,3,7,0.001300000,0.002900000,0.001100000,0.003900000,0.003600000,0.000600000,0.491400000,0.015500000,0.020000000,0.010200000,0.004700000,0.094500000,0.000100000,0.000000000,0.003200000,0.653000000,0.004800000,3,1,7,7,3,,0.179100000,0.004400000,0.280800000,0.050900000,0.012600000,0.036100000,true,true,0.020200000,0.126300000,0.013200000,0.004700000,0.009500000,103,103,0
1672,1,1,1920,1080,640,360,ultra-performance,0.002200000,0.023000000,0.198100000,0.487400000,0.013000000,0.111000000,1.001500000,0.228500000,2.247400000,2.245200000,2.064700000,0.182700000,0.003600000,0.019200000,0.011500000,0.163100000,0.169300000,0.169500000,0.064700000,0.002700000,0.418100000,84,0,103,3,7,0.001200000,0.002700000,0.001200000,0.003600000,0.004000000,0.000700000,0.513400000,0.025000000,0.169700000,0.013900000,0.010200000,0.238500000,0.000000000,0.000000000,0.007800000,0.991900000,0.009600000,3,1,7,7,3,,0.135000000,0.003100000,0.193600000,0.042200000,0.010800000,0.032800000,true,true,0.017000000,0.096900000,0.007200000,0.003800000,0.006600000,103,103,0
1673,2,1,1920,1080,640,360,ultra-performance,0.001900000,0.032300000,0.186800000,0.624000000,0.015800000,0.105000000,0.578400000,0.195100000,1.928000000,1.926100000,1.739300000,0.188700000,0.006000000,0.028700000,0.013800000,0.137600000,0.186800000,0.187100000,0.062100000,0.004900000,0.554800000,84,0,103,3,7,0.001100000,0.002800000,0.001100000,0.003800000,0.002700000,0.000500000,0.423300000,0.021300000,0.016000000,0.008600000,0.004000000,0.085000000,0.000100000,0.000000000,0.003400000,0.573700000,0.004700000,3,1,7,7,3,,0.235000000,0.003800000,0.222500000,0.046000000,0.012500000,0.034200000,true,true,0.041900000,0.161300000,0.010800000,0.004000000,0.010600000,103,103,0
1674,0,1,1920,1080,640,360,ultra-performance,0.002100000,0.022000000,0.175200000,0.485700000,0.011600000,0.105500000,0.863900000,0.167300000,2.021100000,2.019000000,1.833300000,0.187800000,0.004000000,0.018000000,0.011300000,0.141300000,0.186200000,0.186300000,0.060900000,0.004500000,0.418400000,84,0,103,3,7,0.001100000,0.002600000,0.001000000,0.003600000,0.002800000,0.000500000,0.471100000,0.014700000,0.124600000,0.009600000,0.005200000,0.219600000,0.000000000,0.000000000,0.003200000,0.859600000,0.004300000,3,1,7,7,3,,0.139200000,0.003100000,0.190300000,0.041800000,0.010700000,0.032700000,true,true,0.021000000,0.097100000,0.007000000,0.003900000,0.006600000,103,103,0
1675,1,1,1920,1080,640,360,ultra-performance,0.002000000,0.021600000,0.167700000,0.491500000,0.011500000,0.089500000,0.762300000,0.166700000,1.879000000,1.877000000,1.712800000,0.166200000,0.003500000,0.017200000,0.009400000,0.137300000,0.165000000,0.165100000,0.054400000,0.002200000,0.432200000,84,0,103,3,7,0.001000000,0.001900000,0.000900000,0.003100000,0.002700000,0.000500000,0.532500000,0.017100000,0.109100000,0.007400000,0.004100000,0.074100000,0.000000000,0.000000000,0.003400000,0.757800000,0.004500000,3,1,7,7,3,,0.142700000,0.003300000,0.207900000,0.036300000,0.010300000,0.031400000,true,true,0.017200000,0.105300000,0.006900000,0.003500000,0.006600000,103,103,0
1676,2,1,1920,1080,640,360,ultra-performance,0.001800000,0.020900000,0.184400000,0.469100000,0.011900000,0.097800000,0.698200000,0.236000000,1.886600000,1.884800000,1.720100000,0.166500000,0.003100000,0.016900000,0.009900000,0.154100000,0.165300000,0.165400000,0.054400000,0.002400000,0.410500000,84,0,103,3,7,0.001200000,0.002500000,0.001100000,0.003700000,0.002400000,0.000600000,0.540600000,0.014500000,0.002000000,0.008300000,0.005200000,0.107900000,0.000000000,0.000000000,0.003200000,0.693200000,0.005000000,3,1,7,7,3,,0.133000000,0.003100000,0.188700000,0.041600000,0.010900000,0.032800000,true,true,0.016800000,0.096800000,0.006200000,0.003300000,0.006400000,103,103,0
1677,0,1,1920,1080,640,360,ultra-performance,0.002100000,0.019400000,0.171100000,0.586000000,0.012700000,0.123500000,0.693800000,0.191400000,1.969800000,1.967700000,1.800000000,0.169800000,0.003500000,0.017200000,0.010600000,0.139500000,0.167400000,0.167500000,0.053300000,0.002100000,0.528800000,84,0,103,3,7,0.001900000,0.003400000,0.001600000,0.004700000,0.003500000,0.000800000,0.502100000,0.017800000,0.040400000,0.012400000,0.004600000,0.089400000,0.000100000,0.000000000,0.004400000,0.687100000,0.006700000,3,1,7,7,3,,0.161700000,0.006200000,0.262500000,0.052900000,0.011500000,0.033500000,true,true,0.016900000,0.119100000,0.008500000,0.004100000,0.008300000,103,103,0
1678,1,1,1920,1080,640,360,ultra-performance,0.002100000,0.040700000,0.183200000,0.554600000,0.014100000,0.110400000,0.801400000,0.455000000,2.319600000,2.317500000,2.161500000,0.158100000,0.007000000,0.025300000,0.012900000,0.137400000,0.155600000,0.156000000,0.057500000,0.020700000,0.474300000,84,0,103,3,7,0.001300000,0.002800000,0.001000000,0.003700000,0.002100000,0.000500000,0.561600000,0.018100000,0.079800000,0.011600000,0.004200000,0.106400000,0.000000000,0.000000000,0.003200000,0.796300000,0.005100000,3,1,7,7,3,,0.175700000,0.003600000,0.201100000,0.045300000,0.013200000,0.034500000,true,true,0.024900000,0.126500000,0.007700000,0.004200000,0.008400000,103,103,0
1679,2,1,1920,1080,640,360,ultra-performance,0.081300000,0.027000000,0.183500000,0.486100000,0.012600000,0.109000000,0.697100000,0.167400000,1.932900000,1.851600000,1.764000000,0.168900000,0.003800000,0.021600000,0.013700000,0.143400000,0.166600000,0.166900000,0.058700000,0.002200000,0.422900000,84,0,103,3,7,0.001100000,0.002600000,0.001100000,0.002900000,0.004000000,0.000600000,0.525400000,0.017000000,0.029400000,0.009500000,0.004500000,0.087700000,0.000100000,0.000000000,0.005100000,0.691000000,0.006100000,3,1,7,7,3,,0.134600000,0.003300000,0.192100000,0.044000000,0.011700000,0.036500000,true,true,0.016200000,0.097700000,0.007700000,0.003600000,0.006400000,103,103,0
1680,0,1,1920,1080,640,360,ultra-performance,0.001800000,0.024900000,0.206500000,0.559600000,0.013600000,0.104100000,0.763100000,0.176300000,2.020300000,2.018500000,1.849900000,0.170400000,0.005500000,0.019700000,0.012300000,0.168000000,0.168600000,0.168900000,0.061400000,0.002400000,0.493900000,84,0,103,3,7,0.001500000,0.003000000,0.001300000,0.003500000,0.003000000,0.000500000,0.557300000,0.016700000,0.002100000,0.008800000,0.004200000,0.152100000,0.000000000,0.000000000,0.003100000,0.757100000,0.006000000,3,1,7,7,3,,0.168800000,0.004400000,0.224100000,0.049300000,0.012200000,0.034700000,true,true,0.017000000,0.122800000,0.009600000,0.005400000,0.008800000,103,103,0
1681,1,1,1920,1080,640,360,ultra-performance,0.648500000,0.026100000,0.181100000,0.461300000,0.012300000,0.098700000,0.786100000,0.186600000,2.570000000,1.921500000,2.400700000,0.169300000,0.003400000,0.018100000,0.011400000,0.147900000,0.167500000,0.167700000,0.053700000,0.002300000,0.403600000,84,0,103,3,7,0.001200000,0.002800000,0.001100000,0.003100000,0.003700000,0.001100000,0.570200000,0.016600000,0.046000000,0.012000000,0.004900000,0.114400000,0.000000000,0.000000000,0.003500000,0.780600000,0.005500000,3,1,7,7,3,,0.133000000,0.003100000,0.181200000,0.042000000,0.010900000,0.032700000,true,true,0.016900000,0.097100000,0.006300000,0.003400000,0.006200000,103,103,0
1682,2,1,1920,1080,640,360,ultra-performance,0.002200000,0.023500000,0.191700000,0.469400000,0.011900000,0.106300000,1.020700000,0.231600000,2.226400000,2.224200000,2.057300000,0.169100000,0.003500000,0.017100000,0.009800000,0.160900000,0.167100000,0.167300000,0.056900000,0.002900000,0.407600000,84,0,103,3,7,0.001300000,0.002800000,0.001000000,0.003400000,0.004400000,0.000800000,0.697700000,0.027400000,0.065400000,0.018700000,0.008200000,0.174700000,0.000100000,0.000000000,0.004700000,1.010600000,0.010100000,3,1,7,7,3,,0.135000000,0.003100000,0.183000000,0.042200000,0.011000000,0.032800000,true,true,0.019700000,0.095000000,0.006600000,0.003900000,0.006400000,103,103,0
1683,0,1,1920,1080,640,360,ultra-performance,0.002100000,0.036900000,0.261300000,0.850600000,0.028900000,0.168400000,0.921600000,0.189200000,2.715700000,2.713600000,2.459000000,0.256700000,0.006700000,0.033700000,0.013800000,0.206300000,0.254100000,0.254400000,0.085500000,0.005700000,0.756700000,84,0,103,3,7,0.002000000,0.005300000,0.001800000,0.004400000,0.004600000,0.001000000,0.645000000,0.028300000,0.088400000,0.011600000,0.006300000,0.109800000,0.000100000,0.000000000,0.006200000,0.914800000,0.006800000,3,1,7,7,3,,0.290000000,0.006200000,0.288200000,0.086600000,0.018000000,0.066600000,true,true,0.055500000,0.193900000,0.015100000,0.007500000,0.012500000,103,103,0
1684,1,1,1920,1080,640,360,ultra-performance,0.005200000,0.045800000,0.239600000,0.737200000,0.023300000,0.143800000,0.853700000,0.202500000,2.504900000,2.499700000,2.251100000,0.253800000,0.005900000,0.024900000,0.013100000,0.195300000,0.251200000,0.251700000,0.075000000,0.005000000,0.650300000,84,0,103,3,7,0.001900000,0.003500000,0.001600000,0.004100000,0.003700000,0.000800000,0.513700000,0.020400000,0.170400000,0.011500000,0.006000000,0.105800000,0.000000000,0.000000000,0.004200000,0.847600000,0.006100000,3,1,7,7,3,,0.207300000,0.004400000,0.304000000,0.064400000,0.019400000,0.050100000,true,true,0.036800000,0.144000000,0.008800000,0.005900000,0.008000000,103,103,0
1685,2,1,1920,1080,640,360,ultra-performance,0.002200000,0.025400000,0.259000000,0.656100000,0.016700000,0.128200000,0.828200000,0.192500000,2.360400000,2.358200000,2.108300000,0.252100000,0.004000000,0.024100000,0.017300000,0.213000000,0.250500000,0.250600000,0.081200000,0.003800000,0.568600000,84,0,103,3,7,0.001600000,0.003000000,0.001500000,0.003800000,0.003800000,0.000700000,0.520000000,0.022800000,0.145800000,0.011100000,0.005700000,0.098600000,0.000100000,0.000000000,0.003700000,0.822200000,0.006000000,3,1,7,7,3,,0.191300000,0.004000000,0.264600000,0.048900000,0.013300000,0.046000000,true,true,0.024900000,0.140600000,0.008900000,0.004100000,0.008600000,103,103,0
1686,0,1,1920,1080,640,360,ultra-performance,0.002000000,0.029700000,0.254200000,0.673800000,0.015700000,0.131500000,0.728800000,0.182800000,2.288500000,2.286500000,2.018500000,0.270000000,0.003900000,0.024600000,0.013300000,0.212100000,0.268500000,0.268700000,0.080300000,0.002900000,0.588100000,84,0,103,3,7,0.001700000,0.003000000,0.001300000,0.004200000,0.002700000,0.000900000,0.474700000,0.017700000,0.120000000,0.009200000,0.004600000,0.080000000,0.000100000,0.000000000,0.003500000,0.723600000,0.005200000,3,1,7,7,3,,0.200500000,0.003900000,0.273200000,0.049700000,0.013700000,0.046600000,true,true,0.028600000,0.146800000,0.009100000,0.004300000,0.007900000,103,103,0
1687,1,1,1920,1080,640,360,ultra-performance,0.001900000,0.028900000,0.252400000,0.675300000,0.017700000,0.132200000,0.750300000,0.215300000,2.344500000,2.342600000,2.074000000,0.270500000,0.003600000,0.022200000,0.012900000,0.213100000,0.269000000,0.269200000,0.090900000,0.002900000,0.579100000,84,0,103,3,7,0.001600000,0.003100000,0.001400000,0.003900000,0.002300000,0.000300000,0.554600000,0.014300000,0.002500000,0.007600000,0.004000000,0.146500000,0.000000000,0.000000000,0.003600000,0.745700000,0.004600000,3,1,7,7,3,,0.192000000,0.003900000,0.270500000,0.048700000,0.014500000,0.048900000,true,true,0.022100000,0.145500000,0.008200000,0.003900000,0.008300000,103,103,0
1688,2,1,1920,1080,640,360,ultra-performance,0.002100000,0.021100000,0.262100000,0.685900000,0.014300000,0.130800000,0.806800000,0.170500000,2.371400000,2.369300000,2.093600000,0.277800000,0.003400000,0.021800000,0.013000000,0.223300000,0.276200000,0.276400000,0.084000000,0.002500000,0.597100000,84,0,103,3,7,0.001600000,0.002900000,0.001400000,0.004500000,0.003200000,0.000600000,0.637600000,0.017400000,0.027900000,0.009900000,0.005500000,0.083100000,0.000000000,0.000000000,0.003600000,0.799200000,0.007600000,3,1,7,7,3,,0.208600000,0.004100000,0.276200000,0.047900000,0.014000000,0.045800000,true,true,0.022400000,0.159500000,0.008900000,0.004000000,0.009100000,103,103,0
1689,0,1,1920,1080,640,360,ultra-performance,0.001900000,0.023400000,0.269100000,0.666900000,0.017000000,0.143400000,0.728300000,0.279300000,2.420500000,2.418600000,2.129300000,0.291200000,0.003500000,0.022500000,0.016500000,0.226200000,0.289700000,0.290000000,0.085100000,0.003000000,0.576300000,84,0,103,3,7,0.001700000,0.003400000,0.001600000,0.003900000,0.002800000,0.000400000,0.568000000,0.015200000,0.026200000,0.007700000,0.005100000,0.083400000,0.000100000,0.000000000,0.003600000,0.723100000,0.005200000,3,1,7,7,3,,0.191100000,0.004200000,0.268600000,0.048500000,0.014600000,0.048700000,true,true,0.022400000,0.144300000,0.008100000,0.003900000,0.008100000,103,103,0
1690,1,1,1920,1080,640,360,ultra-performance,0.004100000,0.044300000,0.230900000,0.759700000,0.020400000,0.163500000,0.734300000,0.191800000,2.343600000,2.339500000,2.149000000,0.194600000,0.006800000,0.034600000,0.022900000,0.165600000,0.192300000,0.192800000,0.108000000,0.005200000,0.644400000,84,0,103,3,7,0.001700000,0.004500000,0.001500000,0.004200000,0.002900000,0.000600000,0.563800000,0.020800000,0.025100000,0.006800000,0.003600000,0.090700000,0.000300000,0.000000000,0.003000000,0.729500000,0.004800000,3,1,7,7,3,,0.252700000,0.006600000,0.251000000,0.075500000,0.017200000,0.040300000,true,true,0.041400000,0.177900000,0.012900000,0.005400000,0.010000000,103,103,0
1691,2,1,1920,1080,640,360,ultra-performance,0.001800000,0.025400000,0.180300000,0.484700000,0.016500000,0.115900000,0.859300000,0.187300000,2.032000000,2.030200000,1.871200000,0.160800000,0.003900000,0.017300000,0.009600000,0.149100000,0.159000000,0.159200000,0.050900000,0.003100000,0.428800000,84,0,103,3,7,0.001500000,0.003500000,0.001100000,0.003300000,0.003800000,0.000700000,0.587500000,0.035000000,0.044000000,0.019100000,0.009500000,0.135700000,0.000000000,0.000000000,0.004600000,0.849300000,0.010000000,3,1,7,7,3,,0.139100000,0.003900000,0.185100000,0.053100000,0.013400000,0.033800000,true,true,0.021200000,0.097700000,0.006700000,0.003900000,0.006800000,103,103,0
1692,0,1,1920,1080,640,360,ultra-performance,0.002100000,0.023000000,0.182900000,0.533900000,0.015100000,0.129700000,0.780300000,0.207400000,2.042900000,2.040800000,1.874400000,0.168500000,0.004600000,0.021900000,0.010400000,0.145300000,0.166800000,0.167000000,0.060700000,0.003300000,0.467900000,84,0,103,3,7,0.001700000,0.004000000,0.001700000,0.004500000,0.003300000,0.000700000,0.523500000,0.023000000,0.067000000,0.019000000,0.006400000,0.113100000,0.000100000,0.000000000,0.004600000,0.772600000,0.007700000,3,1,7,7,3,,0.149200000,0.003400000,0.214700000,0.050700000,0.012200000,0.037000000,true,true,0.024800000,0.101200000,0.008500000,0.003800000,0.007500000,103,103,0
1693,1,1,1920,1080,640,360,ultra-performance,0.002000000,0.026900000,0.271600000,0.706300000,0.022400000,0.152000000,1.076000000,0.203400000,2.709000000,2.707000000,2.460600000,0.248400000,0.004700000,0.019700000,0.011800000,0.234700000,0.246900000,0.247100000,0.083800000,0.004700000,0.614500000,84,0,103,3,7,0.001900000,0.004100000,0.001400000,0.004400000,0.005400000,0.001500000,0.766000000,0.032200000,0.054600000,0.017300000,0.006700000,0.169900000,0.000000000,0.000000000,0.003400000,1.068800000,0.007200000,3,1,7,7,3,,0.206700000,0.004800000,0.264500000,0.073100000,0.016900000,0.048100000,true,true,0.030400000,0.146700000,0.010600000,0.005300000,0.009200000,103,103,0
1694,2,1,1920,1080,640,360,ultra-performance,0.001800000,0.032300000,0.233800000,0.640500000,0.019800000,0.139700000,0.765400000,0.160100000,2.237600000,2.235800000,1.993400000,0.244200000,0.003900000,0.021300000,0.012100000,0.195900000,0.242700000,0.243000000,0.073600000,0.003500000,0.561200000,84,0,103,3,7,0.001600000,0.004100000,0.001600000,0.003600000,0.003100000,0.000500000,0.542100000,0.021800000,0.073000000,0.010100000,0.004200000,0.092500000,0.000100000,0.000000000,0.002700000,0.761000000,0.004400000,3,1,7,7,3,,0.184600000,0.004000000,0.249400000,0.060000000,0.019100000,0.043700000,true,true,0.025200000,0.135300000,0.008400000,0.004100000,0.007900000,103,103,0
1695,0,1,1920,1080,640,360,ultra-performance,0.001900000,0.023800000,0.158100000,0.634300000,0.018700000,0.131200000,0.840200000,0.466200000,2.525900000,2.524000000,2.274400000,0.251500000,0.003600000,0.016000000,0.009400000,0.128700000,0.248800000,0.249000000,0.077400000,0.003000000,0.551900000,84,0,103,3,7,0.001600000,0.003200000,0.001500000,0.012400000,0.005500000,0.001200000,0.592400000,0.022500000,0.062200000,0.010800000,0.006100000,0.104700000,0.000100000,0.000000000,0.007700000,0.831900000,0.008300000,3,1,7,7,3,,0.181200000,0.003800000,0.251100000,0.057000000,0.013900000,0.044200000,true,true,0.024000000,0.133200000,0.008700000,0.004100000,0.007500000,103,103,0
1696,1,1,1920,1080,640,360,ultra-performance,0.001800000,0.024800000,0.156400000,0.533500000,0.015400000,0.110500000,0.608100000,0.147400000,1.752600000,1.750800000,1.597900000,0.154700000,0.003400000,0.016800000,0.008900000,0.126600000,0.152800000,0.153000000,0.051700000,0.002300000,0.477600000,84,0,103,3,7,0.001300000,0.003000000,0.001200000,0.003500000,0.002400000,0.000500000,0.479500000,0.022300000,0.001600000,0.007300000,0.004800000,0.074100000,0.000000000,0.000000000,0.002900000,0.604400000,0.003700000,3,1,7,7,3,,0.176300000,0.004500000,0.198700000,0.051500000,0.012600000,0.033500000,true,true,0.017100000,0.131400000,0.009100000,0.004400000,0.009800000,103,103,0
1697,2,1,1920,1080,640,360,ultra-performance,0.001700000,0.023700000,0.155600000,0.450900000,0.014200000,0.104000000,0.895900000,0.494600000,2.296700000,2.295000000,2.140600000,0.156100000,0.003100000,0.015100000,0.008700000,0.128200000,0.153300000,0.153500000,0.050500000,0.002500000,0.396100000,84,0,103,3,7,0.001100000,0.002700000,0.001200000,0.003200000,0.006500000,0.001200000,0.527500000,0.022300000,0.174400000,0.012100000,0.006400000,0.119700000,0.000000000,0.000000000,0.007700000,0.886000000,0.009900000,3,1,7,7,3,,0.127000000,0.003000000,0.171100000,0.051200000,0.012000000,0.031400000,true,true,0.015900000,0.091200000,0.007000000,0.003400000,0.006600000,103,103,0
1698,0,1,1920,1080,640,360,ultra-performance,0.002100000,0.027700000,0.183000000,0.517000000,0.014700000,0.114400000,0.596400000,0.163000000,1.787200000,1.785100000,1.618300000,0.168900000,0.004400000,0.021700000,0.011400000,0.144900000,0.167700000,0.167800000,0.060000000,0.003100000,0.452000000,84,0,103,3,7,0.001500000,0.002900000,0.001100000,0.003200000,0.002600000,0.000600000,0.454400000,0.014400000,0.021900000,0.007500000,0.003600000,0.075300000,0.000000000,0.000000000,0.003100000,0.592100000,0.004300000,3,1,7,7,3,,0.146600000,0.003400000,0.204400000,0.048000000,0.012000000,0.037200000,true,true,0.019100000,0.104500000,0.008400000,0.003700000,0.007600000,103,103,0
1699,1,1,1920,1080,640,360,ultra-performance,0.001900000,0.023200000,0.169400000,0.468600000,0.013800000,0.109600000,0.829700000,0.298200000,2.093900000,2.092000000,1.914400000,0.179500000,0.003300000,0.016500000,0.010600000,0.138700000,0.178300000,0.178400000,0.054900000,0.002100000,0.409800000,84,0,103,3,7,0.001200000,0.002500000,0.001000000,0.003300000,0.002200000,0.000400000,0.581400000,0.018200000,0.118300000,0.006300000,0.003700000,0.083000000,0.000100000,0.000000000,0.003000000,0.824600000,0.005100000,3,1,7,7,3,,0.134500000,0.003300000,0.184600000,0.041400000,0.011600000,0.034000000,true,true,0.017400000,0.097300000,0.006700000,0.003500000,0.006600000,103,103,0
1700,2,1,1920,1080,640,360,ultra-performance,0.002200000,0.028500000,0.169300000,0.490500000,0.012800000,0.102600000,0.671300000,0.169200000,1.815500000,1.813300000,1.646400000,0.169100000,0.003500000,0.016800000,0.010000000,0.138700000,0.167500000,0.167600000,0.066200000,0.002400000,0.420000000,84,0,103,3,7,0.001100000,0.002700000,0.001400000,0.003600000,0.002700000,0.000500000,0.528700000,0.023000000,0.002100000,0.009300000,0.005100000,0.083400000,0.000000000,0.000000000,0.002900000,0.666500000,0.004800000,3,1,7,7,3,,0.137800000,0.003300000,0.189900000,0.043600000,0.011400000,0.033700000,true,true,0.017100000,0.099300000,0.007600000,0.003700000,0.006600000,103,103,0
1701,0,1,1920,1080,640,360,ultra-performance,0.002000000,0.026000000,0.245600000,0.473300000,0.012000000,0.100900000,0.650600000,0.157500000,1.837700000,1.835700000,1.667900000,0.169800000,0.003700000,0.021600000,0.013000000,0.206800000,0.168700000,0.168800000,0.054800000,0.002800000,0.413800000,84,0,103,3,7,0.001300000,0.002700000,0.001100000,0.007000000,0.002800000,0.000500000,0.516100000,0.012700000,0.003800000,0.006300000,0.003900000,0.083800000,0.000100000,0.000000000,0.003000000,0.645100000,0.005500000,3,1,7,7,3,,0.142000000,0.003100000,0.183300000,0.040900000,0.010800000,0.033200000,true,true,0.017000000,0.105100000,0.006500000,0.003900000,0.006500000,103,103,0
1702,1,1,1920,1080,640,360,ultra-performance,0.001800000,0.019300000,0.168400000,0.466900000,0.012000000,0.099000000,0.754400000,0.166700000,1.904400000,1.902600000,1.688500000,0.215900000,0.002900000,0.016400000,0.010100000,0.138700000,0.214600000,0.214700000,0.055400000,0.002200000,0.407400000,84,0,103,3,7,0.001400000,0.002700000,0.001000000,0.003500000,0.002300000,0.000500000,0.527800000,0.020800000,0.055600000,0.012900000,0.005500000,0.109500000,0.000100000,0.000000000,0.003500000,0.747100000,0.007300000,3,1,7,7,3,,0.136200000,0.003100000,0.181800000,0.042000000,0.010800000,0.032900000,true,true,0.017300000,0.098300000,0.007100000,0.003600000,0.006300000,103,103,0
1703,2,1,1920,1080,640,360,ultra-performance,0.001800000,0.020300000,0.179400000,0.477500000,0.012300000,0.100000000,0.903300000,0.451600000,2.317500000,2.315700000,2.146200000,0.171300000,0.003000000,0.016500000,0.009800000,0.149400000,0.167700000,0.167900000,0.052600000,0.002300000,0.420700000,84,0,103,3,7,0.001200000,0.002600000,0.001000000,0.003300000,0.006900000,0.001500000,0.607800000,0.020400000,0.085200000,0.015100000,0.008700000,0.130300000,0.000000000,0.000000000,0.009400000,0.893400000,0.009900000,3,1,7,7,3,,0.140400000,0.003100000,0.192400000,0.040200000,0.011300000,0.032600000,true,true,0.016400000,0.104500000,0.006200000,0.003400000,0.006800000,103,103,0
1704,0,1,1920,1080,640,360,ultra-performance,0.003200000,0.044400000,0.304400000,0.804500000,0.025800000,0.169300000,0.898600000,0.306600000,2.817300000,2.814100000,2.556800000,0.260500000,0.009400000,0.054600000,0.016600000,0.222400000,0.257700000,0.258300000,0.091000000,0.006100000,0.704500000,84,0,103,3,7,0.001800000,0.004400000,0.001400000,0.005100000,0.005600000,0.001100000,0.582400000,0.026300000,0.118200000,0.014600000,0.006700000,0.117600000,0.000100000,0.000000000,0.005800000,0.891100000,0.007500000,3,1,7,7,3,,0.249000000,0.006300000,0.287600000,0.089700000,0.019300000,0.051700000,true,true,0.052200000,0.159800000,0.012200000,0.007400000,0.012400000,103,103,0
1705,1,1,1920,1080,640,360,ultra-performance,0.002500000,0.036900000,0.248100000,0.784800000,0.019700000,0.148000000,0.838100000,0.200700000,2.534100000,2.531600000,2.278800000,0.255300000,0.006100000,0.029300000,0.013600000,0.198100000,0.253000000,0.253600000,0.075900000,0.004400000,0.701700000,84,0,103,3,7,0.001700000,0.004000000,0.001600000,0.003900000,0.003900000,0.000600000,0.660800000,0.024600000,0.029400000,0.009400000,0.005400000,0.083000000,0.000100000,0.000000000,0.003600000,0.832000000,0.006100000,3,1,7,7,3,,0.207800000,0.004500000,0.360800000,0.066700000,0.015000000,0.046200000,true,true,0.037900000,0.141200000,0.009200000,0.006800000,0.008700000,103,103,0
1706,2,1,1920,1080,640,360,ultra-performance,0.002100000,0.037400000,0.252600000,0.690900000,0.019300000,0.157100000,0.907000000,0.226700000,2.557200000,2.555100000,2.293100000,0.264100000,0.005600000,0.027200000,0.014100000,0.205100000,0.261200000,0.261500000,0.078100000,0.004200000,0.606200000,84,0,103,3,7,0.001500000,0.004400000,0.001500000,0.003800000,0.004500000,0.001100000,0.644900000,0.028200000,0.024300000,0.013300000,0.005900000,0.156900000,0.000100000,0.000000000,0.007300000,0.897700000,0.009300000,3,1,7,7,3,,0.204200000,0.005100000,0.264100000,0.068400000,0.017100000,0.046400000,true,true,0.031200000,0.146900000,0.007200000,0.005900000,0.008900000,103,103,0
1707,0,1,1920,1080,640,360,ultra-performance,0.002000000,0.022600000,0.183700000,0.547400000,0.015700000,0.103600000,0.725900000,0.210100000,2.013600000,2.011600000,1.811000000,0.202600000,0.003500000,0.019100000,0.011000000,0.149400000,0.200200000,0.200300000,0.060400000,0.003000000,0.482000000,84,0,103,3,7,0.001300000,0.002700000,0.001100000,0.003500000,0.003600000,0.000900000,0.495300000,0.023500000,0.064200000,0.011600000,0.006200000,0.098000000,0.000100000,0.000000000,0.005500000,0.717500000,0.008400000,3,1,7,7,3,,0.151100000,0.003200000,0.219400000,0.059900000,0.012400000,0.035500000,true,true,0.018600000,0.110900000,0.007100000,0.003800000,0.007000000,103,103,0
1708,1,1,1920,1080,640,360,ultra-performance,0.002400000,0.035100000,0.264800000,0.723700000,0.020500000,0.162500000,1.240600000,0.189900000,2.907300000,2.904900000,2.639500000,0.267800000,0.005800000,0.029900000,0.015000000,0.213400000,0.264800000,0.265100000,0.084200000,0.004600000,0.632600000,84,0,103,3,7,0.002000000,0.004500000,0.001600000,0.004100000,0.008800000,0.001500000,0.743500000,0.044700000,0.074800000,0.022400000,0.010800000,0.300300000,0.000100000,0.000000000,0.009400000,1.228500000,0.012100000,3,1,7,7,3,,0.211600000,0.005300000,0.277100000,0.073500000,0.017200000,0.047300000,true,true,0.032600000,0.149300000,0.009700000,0.006400000,0.009600000,103,103,0
1709,2,1,1920,1080,640,360,ultra-performance,0.001800000,0.024700000,0.205000000,0.531900000,0.015000000,0.105200000,0.614800000,0.157200000,1.861300000,1.859500000,1.655600000,0.205700000,0.003700000,0.019300000,0.017900000,0.163300000,0.204400000,0.204500000,0.060100000,0.003000000,0.466900000,84,0,103,3,7,0.001300000,0.002700000,0.001100000,0.003700000,0.002300000,0.000300000,0.480100000,0.013900000,0.001900000,0.007500000,0.004000000,0.089000000,0.000000000,0.000000000,0.003100000,0.610900000,0.003900000,3,1,7,7,3,,0.145800000,0.003400000,0.211800000,0.057800000,0.012100000,0.035500000,true,true,0.019200000,0.105400000,0.006800000,0.003700000,0.007100000,103,103,0
1710,0,1,1920,1080,640,360,ultra-performance,0.001900000,0.018900000,0.171800000,0.648100000,0.013000000,0.114000000,0.907900000,0.241000000,2.367000000,2.365100000,2.116600000,0.250400000,0.003000000,0.016900000,0.010200000,0.141200000,0.247800000,0.247900000,0.080600000,0.002600000,0.562800000,84,0,103,3,7,0.001400000,0.003400000,0.001900000,0.004100000,0.005300000,0.000900000,0.568200000,0.022000000,0.073800000,0.011300000,0.006500000,0.194800000,0.000000000,0.000000000,0.006100000,0.899700000,0.008200000,3,1,7,7,3,,0.150100000,0.004100000,0.288300000,0.056000000,0.014600000,0.049200000,true,true,0.018600000,0.107400000,0.007200000,0.004400000,0.008600000,103,103,0
1711,1,1,1920,1080,640,360,ultra-performance,0.002800000,0.038000000,0.189800000,0.570900000,0.017600000,0.119500000,1.111000000,0.183200000,2.400700000,2.397900000,2.232800000,0.167900000,0.006500000,0.029300000,0.011200000,0.142200000,0.166300000,0.166700000,0.060600000,0.004400000,0.504100000,84,0,103,3,7,0.001200000,0.003900000,0.001000000,0.003600000,0.002200000,0.000600000,0.836700000,0.028700000,0.090200000,0.013200000,0.005300000,0.115200000,0.000100000,0.000000000,0.003000000,1.104900000,0.006100000,3,1,7,7,3,,0.179200000,0.004600000,0.203800000,0.064800000,0.013800000,0.037400000,true,true,0.042300000,0.107500000,0.008000000,0.005400000,0.012600000,103,103,0
1712,2,1,1920,1080,640,360,ultra-performance,0.001900000,0.028300000,0.166200000,0.461400000,0.019700000,0.118300000,0.985900000,0.169300000,2.115500000,2.113600000,1.951000000,0.164500000,0.004900000,0.019300000,0.010500000,0.130800000,0.163100000,0.163300000,0.051700000,0.002800000,0.405000000,84,0,103,3,7,0.001700000,0.003800000,0.001300000,0.003400000,0.003400000,0.000600000,0.671700000,0.026000000,0.108000000,0.014600000,0.005200000,0.137500000,0.000100000,0.000000000,0.003100000,0.980400000,0.005500000,3,1,7,7,3,,0.130500000,0.003300000,0.177100000,0.049500000,0.011400000,0.032500000,true,true,0.018200000,0.092600000,0.006700000,0.003800000,0.006400000,103,103,0
1713,0,1,1920,1080,640,360,ultra-performance,0.001900000,0.024300000,0.174200000,0.466700000,0.015600000,0.109800000,0.815000000,0.173200000,1.939000000,1.937100000,1.780700000,0.158300000,0.004100000,0.018300000,0.011000000,0.140200000,0.156800000,0.156900000,0.051200000,0.002800000,0.410800000,84,0,103,3,7,0.001100000,0.003300000,0.001100000,0.003300000,0.004400000,0.001200000,0.550500000,0.016900000,0.119200000,0.009600000,0.005000000,0.090300000,0.000300000,0.000000000,0.003000000,0.809200000,0.005800000,3,1,7,7,3,,0.129800000,0.003300000,0.178600000,0.053500000,0.012000000,0.033100000,true,true,0.017100000,0.092900000,0.006400000,0.003900000,0.006400000,103,103,0
1714,1,1,1920,1080,640,360,ultra-performance,0.001500000,0.021500000,0.171100000,0.439900000,0.012100000,0.109500000,0.600400000,0.152400000,1.667100000,1.665600000,1.508400000,0.158700000,0.003400000,0.028200000,0.008800000,0.130200000,0.157100000,0.157200000,0.050500000,0.002600000,0.384900000,84,0,103,3,7,0.001500000,0.003400000,0.001500000,0.003200000,0.001900000,0.000400000,0.470300000,0.018100000,0.005400000,0.007300000,0.004400000,0.076400000,0.000000000,0.000000000,0.002800000,0.596600000,0.003800000,3,1,7,7,3,,0.123800000,0.003000000,0.175200000,0.040200000,0.011200000,0.031200000,true,true,0.015600000,0.090400000,0.005500000,0.003600000,0.005900000,103,103,0
1715,2,1,1920,1080,640,360,ultra-performance,0.001600000,0.021300000,0.158400000,0.430600000,0.012900000,0.105100000,0.953700000,0.293000000,2.133900000,2.132300000,1.976600000,0.157300000,0.003100000,0.017100000,0.009100000,0.128600000,0.154200000,0.154300000,0.049300000,0.002100000,0.377500000,84,0,103,3,7,0.001000000,0.002400000,0.001000000,0.002900000,0.005500000,0.001500000,0.624000000,0.028000000,0.094700000,0.016700000,0.007000000,0.152500000,0.000000000,0.000000000,0.007700000,0.944900000,0.008800000,3,1,7,7,3,,0.122800000,0.002900000,0.169300000,0.040200000,0.010700000,0.031200000,true,true,0.015600000,0.089500000,0.005300000,0.003600000,0.006000000,103,103,0
1716,0,1,1920,1080,640,360,ultra-performance,0.003300000,0.031000000,0.203000000,0.617100000,0.018700000,0.134300000,0.926000000,0.162300000,2.268700000,2.265400000,2.095700000,0.173000000,0.006400000,0.029700000,0.012700000,0.153500000,0.171300000,0.171500000,0.063200000,0.003600000,0.548400000,84,0,103,3,7,0.001500000,0.004100000,0.001400000,0.003500000,0.003200000,0.000700000,0.604000000,0.025400000,0.102400000,0.023400000,0.008900000,0.133800000,0.000200000,0.000000000,0.004600000,0.917100000,0.008900000,3,1,7,7,3,,0.171300000,0.004100000,0.239800000,0.077700000,0.014700000,0.040000000,true,true,0.032000000,0.114300000,0.008500000,0.004500000,0.008400000,103,103,0
1717,1,1,1920,1080,640,360,ultra-performance,0.003200000,0.038900000,0.217300000,0.546400000,0.018000000,0.124100000,0.888300000,0.290400000,2.295300000,2.292100000,2.126600000,0.168700000,0.006300000,0.030600000,0.019300000,0.160500000,0.166100000,0.166400000,0.060900000,0.003100000,0.480200000,84,0,103,3,7,0.001400000,0.003400000,0.001100000,0.003500000,0.004600000,0.000600000,0.600000000,0.027100000,0.097800000,0.012800000,0.006700000,0.118200000,0.000100000,0.000000000,0.003600000,0.880900000,0.007400000,3,1,7,7,3,,0.153000000,0.004000000,0.205900000,0.057500000,0.014100000,0.045000000,true,true,0.022200000,0.107500000,0.007300000,0.004100000,0.008300000,103,103,0
1718,2,1,1920,1080,640,360,ultra-performance,0.002000000,0.037300000,0.265200000,0.719100000,0.018500000,0.150700000,0.788200000,0.238500000,2.497400000,2.495400000,2.219500000,0.277900000,0.004900000,0.025000000,0.013900000,0.220700000,0.276200000,0.276400000,0.084500000,0.003500000,0.628500000,84,0,103,3,7,0.001700000,0.003800000,0.001700000,0.004200000,0.002800000,0.000400000,0.538700000,0.018500000,0.094700000,0.008900000,0.005100000,0.098300000,0.000100000,0.000000000,0.003600000,0.782500000,0.005700000,3,1,7,7,3,,0.205600000,0.005200000,0.283800000,0.065500000,0.016500000,0.051200000,true,true,0.025300000,0.152600000,0.008600000,0.004600000,0.009600000,103,103,0
1719,0,1,1920,1080,640,360,ultra-performance,0.002000000,0.027200000,0.255200000,0.676400000,0.018200000,0.143900000,0.865700000,0.243800000,2.498900000,2.496900000,2.232400000,0.266500000,0.004400000,0.023600000,0.012500000,0.214100000,0.264600000,0.265000000,0.080300000,0.003100000,0.590600000,84,0,103,3,7,0.001500000,0.003500000,0.001800000,0.003900000,0.003600000,0.000500000,0.575600000,0.019700000,0.069500000,0.009700000,0.005200000,0.161500000,0.000000000,0.000000000,0.003500000,0.859500000,0.006200000,3,1,7,7,3,,0.193700000,0.005000000,0.268800000,0.057900000,0.015700000,0.048800000,true,true,0.023800000,0.145500000,0.007600000,0.004300000,0.008200000,103,103,0
1720,1,1,1920,1080,640,360,ultra-performance,0.001700000,0.032300000,0.266700000,0.689600000,0.019700000,0.141000000,0.700600000,0.204700000,2.341200000,2.339500000,2.056300000,0.284900000,0.004100000,0.023700000,0.013300000,0.224800000,0.283300000,0.283500000,0.083200000,0.002900000,0.589100000,84,0,103,3,7,0.001500000,0.003600000,0.001400000,0.003900000,0.002600000,0.000400000,0.479600000,0.015200000,0.083900000,0.008000000,0.004800000,0.086500000,0.000100000,0.000000000,0.004000000,0.695500000,0.005100000,3,1,7,7,3,,0.197700000,0.004500000,0.267000000,0.056300000,0.015400000,0.047400000,true,true,0.022800000,0.150000000,0.007800000,0.004000000,0.008400000,103,103,0
1721,2,1,1920,1080,640,360,ultra-performance,0.002000000,0.027100000,0.259800000,0.660000000,0.016800000,0.137900000,0.885600000,0.229200000,2.489700000,2.487700000,2.218400000,0.271300000,0.004200000,0.023100000,0.012200000,0.219800000,0.269500000,0.269700000,0.081700000,0.002700000,0.572600000,84,0,103,3,7,0.001400000,0.014100000,0.001500000,0.003600000,0.003300000,0.000600000,0.515600000,0.021800000,0.150300000,0.010400000,0.005900000,0.147600000,0.000000000,0.000000000,0.003900000,0.880000000,0.005600000,3,1,7,7,3,,0.192300000,0.003900000,0.261500000,0.053800000,0.015100000,0.045500000,true,true,0.022500000,0.146300000,0.007600000,0.003800000,0.007900000,103,103,0
1722,0,1,1920,1080,640,360,ultra-performance,0.002100000,0.026400000,0.264600000,0.692900000,0.017300000,0.140800000,0.792700000,0.327200000,2.540500000,2.538400000,2.264000000,0.276500000,0.004100000,0.023500000,0.013100000,0.223300000,0.274200000,0.274500000,0.084600000,0.003000000,0.602700000,84,0,103,3,7,0.001600000,0.004000000,0.001600000,0.004700000,0.005300000,0.001000000,0.583400000,0.022600000,0.028500000,0.010000000,0.006500000,0.108800000,0.000100000,0.000000000,0.006900000,0.785000000,0.007700000,3,1,7,7,3,,0.194800000,0.004400000,0.281100000,0.058200000,0.014700000,0.048800000,true,true,0.022100000,0.147100000,0.007900000,0.004200000,0.008700000,103,103,0
1723,1,1,1920,1080,640,360,ultra-performance,0.003400000,0.039900000,0.449700000,0.672300000,0.016600000,0.137100000,0.720000000,0.194200000,2.505500000,2.502100000,2.233200000,0.272300000,0.006900000,0.040500000,0.025400000,0.376100000,0.270600000,0.270800000,0.081700000,0.002800000,0.585400000,84,0,103,3,7,0.001800000,0.003300000,0.001500000,0.004000000,0.002600000,0.000400000,0.519100000,0.016800000,0.059900000,0.009800000,0.005100000,0.085300000,0.000100000,0.000000000,0.003700000,0.713400000,0.006600000,3,1,7,7,3,,0.201500000,0.004300000,0.263300000,0.054100000,0.014600000,0.047000000,true,true,0.030400000,0.147000000,0.007300000,0.004200000,0.008300000,103,103,0
1724,2,1,1920,1080,640,360,ultra-performance,0.001900000,0.027400000,0.263100000,0.680100000,0.016000000,0.136600000,0.729500000,0.198500000,2.328200000,2.326300000,2.053100000,0.275100000,0.003800000,0.023800000,0.014000000,0.221000000,0.273500000,0.273700000,0.081500000,0.002600000,0.593700000,84,0,103,3,7,0.001500000,0.003600000,0.001300000,0.004100000,0.003000000,0.000400000,0.539900000,0.017000000,0.028000000,0.008800000,0.005000000,0.107400000,0.000000000,0.000000000,0.003500000,0.723500000,0.006000000,3,1,7,7,3,,0.194500000,0.004000000,0.276500000,0.053200000,0.016300000,0.048600000,true,true,0.022600000,0.146700000,0.008000000,0.003900000,0.008600000,103,103,0
1725,0,1,1920,1080,640,360,ultra-performance,0.002200000,0.026000000,0.259100000,0.665900000,0.017400000,0.134300000,0.777100000,0.190900000,2.347000000,2.344800000,2.072900000,0.274100000,0.003800000,0.023300000,0.014600000,0.217100000,0.272600000,0.272700000,0.080700000,0.002800000,0.580000000,84,0,103,3,7,0.001900000,0.003700000,0.001800000,0.004000000,0.003100000,0.000500000,0.550100000,0.017300000,0.064300000,0.009200000,0.005000000,0.106600000,0.000100000,0.000000000,0.003600000,0.771200000,0.005900000,3,1,7,7,3,,0.190900000,0.004300000,0.260200000,0.062400000,0.014600000,0.047100000,true,true,0.022500000,0.144600000,0.007500000,0.003700000,0.008400000,103,103,0
1726,1,1,1920,1080,640,360,ultra-performance,0.001800000,0.027500000,0.259000000,0.666800000,0.017100000,0.155400000,0.716500000,0.193100000,2.313500000,2.311700000,2.037200000,0.276300000,0.003600000,0.022200000,0.012600000,0.220100000,0.274800000,0.275000000,0.082700000,0.002600000,0.578700000,84,0,103,3,7,0.002100000,0.003900000,0.001900000,0.004300000,0.002800000,0.000300000,0.446800000,0.017300000,0.095300000,0.008200000,0.004600000,0.119500000,0.000100000,0.000000000,0.003900000,0.711000000,0.005500000,3,1,7,7,3,,0.194300000,0.004200000,0.264500000,0.051900000,0.014900000,0.048300000,true,true,0.022900000,0.147200000,0.008100000,0.003900000,0.008100000,103,103,0
1727,2,1,1920,1080,640,360,ultra-performance,0.001800000,0.027400000,0.259200000,0.673200000,0.016900000,0.135600000,0.769900000,0.214100000,2.370900000,2.369100000,2.098100000,0.272800000,0.003600000,0.022800000,0.013500000,0.218700000,0.271100000,0.271200000,0.081400000,0.002600000,0.586700000,84,0,103,3,7,0.001500000,0.003400000,0.001300000,0.004300000,0.002800000,0.000400000,0.587200000,0.017200000,0.027600000,0.008100000,0.004500000,0.102600000,0.000000000,0.000000000,0.003500000,0.764400000,0.005500000,3,1,7,7,3,,0.195700000,0.004100000,0.270100000,0.053500000,0.014800000,0.047900000,true,true,0.023700000,0.148200000,0.007500000,0.003700000,0.008300000,103,103,0
1728,0,1,1920,1080,640,360,ultra-performance,0.002000000,0.025800000,0.261300000,0.662700000,0.017200000,0.150200000,0.764800000,0.206500000,2.367300000,2.365300000,2.090500000,0.276800000,0.003500000,0.023200000,0.014100000,0.220000000,0.275000000,0.275300000,0.082300000,0.002400000,0.575800000,84,0,103,3,7,0.001700000,0.003800000,0.001500000,0.003900000,0.003200000,0.000600000,0.596400000,0.017500000,0.001800000,0.009300000,0.004700000,0.110400000,0.000000000,0.000000000,0.003800000,0.758600000,0.006200000,3,1,7,7,3,,0.194200000,0.003900000,0.262400000,0.052800000,0.014500000,0.047300000,true,true,0.023300000,0.145800000,0.008100000,0.003800000,0.008400000,103,103,0
1729,1,1,1920,1080,640,360,ultra-performance,0.001700000,0.024900000,0.261600000,0.676500000,0.017400000,0.140700000,0.770400000,0.183900000,2.354500000,2.352800000,2.077100000,0.277400000,0.003400000,0.023200000,0.012700000,0.221700000,0.275800000,0.275900000,0.080900000,0.002800000,0.590200000,84,0,103,3,7,0.001700000,0.003400000,0.001400000,0.003500000,0.003100000,0.000400000,0.577900000,0.016700000,0.036000000,0.009400000,0.005100000,0.101300000,0.000000000,0.000000000,0.003900000,0.763800000,0.006600000,3,1,7,7,3,,0.192800000,0.004200000,0.280900000,0.049900000,0.014900000,0.046800000,true,true,0.022400000,0.146800000,0.007400000,0.004200000,0.008000000,103,103,0
1730,2,1,1920,1080,640,360,ultra-performance,0.002100000,0.027300000,0.262400000,0.680000000,0.017300000,0.132700000,0.832200000,0.189600000,2.418700000,2.416600000,2.143600000,0.275100000,0.003500000,0.023000000,0.012800000,0.222600000,0.273100000,0.273400000,0.082800000,0.003000000,0.591600000,84,0,103,3,7,0.001700000,0.003100000,0.001600000,0.004600000,0.003100000,0.000400000,0.592000000,0.017200000,0.106100000,0.008100000,0.004800000,0.080700000,0.000100000,0.000000000,0.003700000,0.827200000,0.005000000,3,1,7,7,3,,0.193100000,0.004200000,0.262200000,0.067200000,0.015100000,0.049100000,true,true,0.021500000,0.146600000,0.007500000,0.003900000,0.009100000,103,103,0
1731,0,1,1920,1080,640,360,ultra-performance,0.002000000,0.026600000,0.263000000,0.655600000,0.018100000,0.133100000,0.753300000,0.196800000,2.323200000,2.321200000,2.048500000,0.274700000,0.003800000,0.021600000,0.013400000,0.223700000,0.273200000,0.273400000,0.081400000,0.002300000,0.569300000,84,0,103,3,7,0.001800000,0.003200000,0.013600000,0.003600000,0.002800000,0.000500000,0.554800000,0.015800000,0.002100000,0.008500000,0.004900000,0.132900000,0.000100000,0.000000000,0.003500000,0.748100000,0.005200000,3,1,7,7,3,,0.193000000,0.004100000,0.260500000,0.050100000,0.014200000,0.046700000,true,true,0.021600000,0.147400000,0.008200000,0.003700000,0.008000000,103,103,0
1732,1,1,1920,1080,640,360,ultra-performance,0.001900000,0.030300000,0.268900000,0.680900000,0.016600000,0.134000000,0.845700000,0.194300000,2.448100000,2.446200000,2.172600000,0.275500000,0.003600000,0.022900000,0.013300000,0.228700000,0.273600000,0.273700000,0.082500000,0.002500000,0.592800000,84,0,103,3,7,0.001800000,0.003500000,0.001600000,0.003900000,0.003600000,0.000800000,0.531400000,0.033100000,0.093200000,0.015300000,0.005900000,0.138500000,0.000100000,0.000000000,0.004700000,0.837400000,0.008300000,3,1,7,7,3,,0.193400000,0.004000000,0.280200000,0.049900000,0.015000000,0.049900000,true,true,0.021100000,0.148300000,0.008100000,0.003700000,0.008000000,103,103,0
1733,2,1,1920,1080,640,360,ultra-performance,0.002200000,0.031700000,0.191100000,0.607300000,0.018500000,0.121300000,0.883600000,0.240400000,2.253600000,2.251400000,2.096100000,0.157500000,0.006200000,0.030200000,0.012800000,0.141200000,0.155200000,0.155500000,0.066000000,0.004000000,0.535300000,84,0,103,3,7,0.001200000,0.003600000,0.001000000,0.003800000,0.004300000,0.000700000,0.585100000,0.031600000,0.057700000,0.016200000,0.007400000,0.157200000,0.000200000,0.000000000,0.005100000,0.875100000,0.008500000,3,1,7,7,3,,0.166300000,0.004200000,0.240000000,0.073800000,0.013500000,0.036800000,true,true,0.033600000,0.109500000,0.007500000,0.004000000,0.008400000,103,103,0
1734,0,1,1920,1080,640,360,ultra-performance,0.002200000,0.028200000,0.275600000,0.719500000,0.020100000,0.139300000,0.769000000,0.196400000,2.438000000,2.435800000,2.150300000,0.287700000,0.005000000,0.026500000,0.014900000,0.228400000,0.285800000,0.286000000,0.089900000,0.004100000,0.623200000,84,0,103,3,7,0.001900000,0.003200000,0.001800000,0.004300000,0.003200000,0.000500000,0.496700000,0.016900000,0.132800000,0.008200000,0.005200000,0.085400000,0.000000000,0.000000000,0.003700000,0.763800000,0.005200000,3,1,7,7,3,,0.207400000,0.004700000,0.287100000,0.057500000,0.015100000,0.050900000,true,true,0.026500000,0.153400000,0.009300000,0.004300000,0.009600000,103,103,0
1735,1,1,1920,1080,640,360,ultra-performance,0.001800000,0.026500000,0.262000000,0.683200000,0.018600000,0.144800000,0.711500000,0.237200000,2.360100000,2.358300000,2.085600000,0.274500000,0.003800000,0.023200000,0.013300000,0.220900000,0.272300000,0.272500000,0.081500000,0.002800000,0.596700000,84,0,103,3,7,0.001700000,0.003400000,0.001500000,0.003700000,0.003700000,0.000600000,0.479200000,0.021600000,0.049700000,0.010500000,0.006700000,0.115500000,0.000100000,0.000000000,0.006000000,0.703900000,0.007600000,3,1,7,7,3,,0.209000000,0.004000000,0.268900000,0.052000000,0.014200000,0.047900000,true,true,0.022600000,0.162000000,0.008400000,0.004000000,0.008000000,103,103,0
1736,2,1,1920,1080,640,360,ultra-performance,0.002900000,0.041800000,0.262700000,0.675700000,0.017300000,0.133200000,0.842500000,0.342500000,2.566700000,2.563800000,2.318600000,0.248100000,0.007400000,0.038000000,0.013200000,0.203500000,0.245500000,0.246000000,0.092300000,0.005400000,0.575900000,84,0,103,3,7,0.001200000,0.003300000,0.001000000,0.003800000,0.004400000,0.001000000,0.569900000,0.028800000,0.089200000,0.009700000,0.006100000,0.111400000,0.000100000,0.000000000,0.005200000,0.835100000,0.007400000,3,1,7,7,3,,0.237100000,0.005800000,0.208200000,0.074300000,0.013700000,0.036400000,true,true,0.047600000,0.159500000,0.009900000,0.004900000,0.010200000,103,103,0
1737,0,1,1920,1080,640,360,ultra-performance,0.002400000,0.028300000,0.294100000,0.742500000,0.021800000,0.146700000,0.935600000,0.195800000,2.639900000,2.637500000,2.367200000,0.272700000,0.005600000,0.040000000,0.016400000,0.231300000,0.270100000,0.270400000,0.090900000,0.004400000,0.644800000,84,0,103,3,7,0.001600000,0.003900000,0.001400000,0.003900000,0.002800000,0.000500000,0.575000000,0.019300000,0.130000000,0.009100000,0.004800000,0.173100000,0.000100000,0.000000000,0.003700000,0.929200000,0.006400000,3,1,7,7,3,,0.216200000,0.004900000,0.288200000,0.066600000,0.016700000,0.051600000,true,true,0.031900000,0.155400000,0.010500000,0.004800000,0.009100000,103,103,0
1738,1,1,1920,1080,640,360,ultra-performance,0.002300000,0.031000000,0.262500000,0.676600000,0.018200000,0.136900000,0.752100000,0.201500000,2.354800000,2.352500000,2.081100000,0.273700000,0.004500000,0.025200000,0.013700000,0.218400000,0.272200000,0.272400000,0.081600000,0.003400000,0.589100000,84,0,103,3,7,0.001600000,0.003600000,0.001500000,0.003900000,0.003300000,0.000400000,0.512400000,0.017700000,0.093000000,0.008900000,0.004900000,0.092200000,0.000000000,0.000000000,0.003600000,0.747000000,0.005100000,3,1,7,7,3,,0.196000000,0.004300000,0.269900000,0.056000000,0.015500000,0.046800000,true,true,0.025200000,0.147100000,0.007200000,0.004200000,0.008500000,103,103,0
1739,2,1,1920,1080,640,360,ultra-performance,0.002000000,0.033500000,0.258100000,0.662700000,0.018000000,0.153200000,0.920600000,0.236000000,2.558400000,2.556400000,2.284100000,0.274300000,0.003800000,0.023500000,0.012900000,0.217300000,0.272100000,0.272200000,0.081700000,0.002900000,0.575600000,84,0,103,3,7,0.001500000,0.003700000,0.001800000,0.003600000,0.008500000,0.001900000,0.556900000,0.025400000,0.131200000,0.016900000,0.007000000,0.147500000,0.000100000,0.000000000,0.005500000,0.911500000,0.009100000,3,1,7,7,3,,0.192900000,0.004500000,0.262800000,0.053900000,0.014300000,0.046600000,true,true,0.022600000,0.146000000,0.008000000,0.003900000,0.008300000,103,103,0
1740,0,1,1920,1080,640,360,ultra-performance,0.002400000,0.044500000,0.269400000,0.764800000,0.023300000,0.154100000,1.092100000,0.194600000,2.805900000,2.803500000,2.545200000,0.260700000,0.006900000,0.033900000,0.015400000,0.212400000,0.257000000,0.257400000,0.083900000,0.004200000,0.674100000,84,0,103,3,7,0.001500000,0.004300000,0.001400000,0.013300000,0.007900000,0.002100000,0.604500000,0.029600000,0.242400000,0.015200000,0.007500000,0.140900000,0.000100000,0.000000000,0.010500000,1.081200000,0.010900000,3,1,7,7,3,,0.223900000,0.005200000,0.283800000,0.090600000,0.018700000,0.051200000,true,true,0.037800000,0.155600000,0.010900000,0.005100000,0.010100000,103,103,0
1741,1,1,1920,1080,640,360,ultra-performance,0.002000000,0.023100000,0.186100000,0.741400000,0.021100000,0.147400000,1.016000000,0.355400000,2.698800000,2.696800000,2.492500000,0.206300000,0.003600000,0.020600000,0.012500000,0.148600000,0.203600000,0.203900000,0.095300000,0.004300000,0.638700000,84,0,103,3,7,0.001600000,0.004500000,0.001500000,0.004600000,0.007600000,0.001600000,0.645400000,0.035200000,0.130800000,0.015600000,0.009000000,0.141300000,0.000100000,0.000000000,0.007300000,1.006100000,0.009900000,3,1,7,7,3,,0.212600000,0.004900000,0.288400000,0.069200000,0.016100000,0.046900000,true,true,0.032800000,0.149800000,0.010700000,0.005400000,0.009200000,103,103,0
1742,2,1,1920,1080,640,360,ultra-performance,0.002200000,0.027500000,0.299800000,0.590200000,0.015900000,0.114700000,0.919200000,0.216700000,2.385900000,2.383700000,2.186200000,0.199700000,0.003700000,0.020200000,0.013500000,0.261900000,0.198100000,0.198300000,0.060500000,0.003200000,0.524400000,84,0,103,3,7,0.001400000,0.003800000,0.001500000,0.004200000,0.002900000,0.000700000,0.448300000,0.023300000,0.307500000,0.010800000,0.005800000,0.098100000,0.000100000,0.000000000,0.004000000,0.912400000,0.006800000,3,1,7,7,3,,0.152600000,0.003500000,0.255900000,0.061800000,0.013100000,0.037000000,true,true,0.020100000,0.109900000,0.007500000,0.004200000,0.007100000,103,103,0
1743,0,1,1920,1080,640,360,ultra-performance,0.002000000,0.029900000,0.260000000,0.662800000,0.019600000,0.138600000,0.756700000,0.192500000,2.332100000,2.330100000,2.062100000,0.270000000,0.003900000,0.023800000,0.012800000,0.218900000,0.268400000,0.268700000,0.081300000,0.003500000,0.575800000,84,0,103,3,7,0.001500000,0.003400000,0.001700000,0.003900000,0.003200000,0.000400000,0.521900000,0.017800000,0.092500000,0.008500000,0.004600000,0.087200000,0.000000000,0.000000000,0.003800000,0.750400000,0.006300000,3,1,7,7,3,,0.187700000,0.004700000,0.264600000,0.054100000,0.015700000,0.048600000,true,true,0.022300000,0.139700000,0.008900000,0.003800000,0.008800000,103,103,0
1744,1,1,1920,1080,640,360,ultra-performance,0.001600000,0.025300000,0.252700000,0.639600000,0.017600000,0.143800000,0.898900000,0.334200000,2.581700000,2.580100000,2.313700000,0.268000000,0.003600000,0.021400000,0.012600000,0.214800000,0.265200000,0.265300000,0.081200000,0.003000000,0.553000000,84,0,103,3,7,0.001600000,0.003300000,0.001500000,0.003700000,0.007500000,0.001100000,0.509400000,0.026100000,0.150600000,0.017100000,0.010300000,0.148700000,0.000000000,0.000000000,0.008000000,0.888900000,0.010000000,3,1,7,7,3,,0.184500000,0.003800000,0.254200000,0.050100000,0.014000000,0.045800000,true,true,0.022100000,0.139100000,0.007600000,0.003900000,0.007800000,103,103,0
1745,2,1,1920,1080,640,360,ultra-performance,0.002100000,0.032400000,0.191500000,0.530000000,0.017600000,0.114900000,0.762400000,0.213100000,2.021500000,2.019400000,1.864000000,0.157500000,0.006200000,0.027200000,0.011200000,0.146300000,0.155100000,0.155400000,0.053900000,0.003100000,0.471200000,84,0,103,3,7,0.001100000,0.002900000,0.001100000,0.003200000,0.003600000,0.001100000,0.490500000,0.020500000,0.103000000,0.009900000,0.005100000,0.107400000,0.000200000,0.000000000,0.005400000,0.755000000,0.007400000,3,1,7,7,3,,0.150700000,0.004000000,0.191600000,0.068700000,0.013300000,0.042200000,true,true,0.025200000,0.103000000,0.007400000,0.004400000,0.007500000,103,103,0
1746,0,1,1920,1080,640,360,ultra-performance,0.002100000,0.028600000,0.263000000,0.704100000,0.019000000,0.140100000,0.865000000,0.192600000,2.483700000,2.481600000,2.214500000,0.269200000,0.004300000,0.026400000,0.013400000,0.218200000,0.267500000,0.267800000,0.086200000,0.003700000,0.611700000,84,0,103,3,7,0.001600000,0.003500000,0.001700000,0.004300000,0.002800000,0.000400000,0.586500000,0.016400000,0.069700000,0.008600000,0.004600000,0.155900000,0.000100000,0.000000000,0.003700000,0.859800000,0.005200000,3,1,7,7,3,,0.200400000,0.004300000,0.283300000,0.058000000,0.015400000,0.049800000,true,true,0.025800000,0.148000000,0.009700000,0.003800000,0.008900000,103,103,0
1747,1,1,1920,1080,640,360,ultra-performance,0.001800000,0.026500000,0.246500000,0.727100000,0.019400000,0.154700000,0.879500000,0.203900000,2.520900000,2.519100000,2.259400000,0.261500000,0.003600000,0.022200000,0.012600000,0.207600000,0.258900000,0.259000000,0.139800000,0.003400000,0.581400000,84,0,103,3,7,0.001800000,0.003500000,0.001600000,0.004000000,0.003600000,0.000800000,0.544400000,0.020400000,0.029300000,0.011300000,0.005500000,0.239000000,0.000100000,0.000000000,0.005300000,0.870600000,0.008900000,3,1,7,7,3,,0.190200000,0.004100000,0.267600000,0.051600000,0.014800000,0.052500000,true,true,0.022400000,0.143800000,0.007800000,0.003600000,0.008400000,103,103,0
1748,2,1,1920,1080,640,360,ultra-performance,0.002100000,0.036900000,0.260600000,0.746900000,0.022000000,0.149300000,0.740500000,0.178500000,2.387900000,2.385800000,2.136800000,0.251100000,0.006400000,0.033600000,0.014200000,0.205400000,0.249100000,0.249400000,0.084800000,0.003900000,0.656000000,84,0,103,3,7,0.001800000,0.004000000,0.001500000,0.004000000,0.003300000,0.000700000,0.548600000,0.020500000,0.020500000,0.009600000,0.005100000,0.110500000,0.000200000,0.000000000,0.005100000,0.735400000,0.005100000,3,1,7,7,3,,0.225100000,0.005300000,0.271200000,0.086300000,0.016900000,0.050500000,true,true,0.034200000,0.160000000,0.011100000,0.005100000,0.009800000,103,103,0
1749,0,1,1920,1080,640,360,ultra-performance,0.001800000,0.023200000,0.200100000,0.507900000,0.015900000,0.105900000,0.694600000,0.181300000,1.898400000,1.896600000,1.730700000,0.167700000,0.003700000,0.020200000,0.010800000,0.164900000,0.166300000,0.166400000,0.058200000,0.002700000,0.445100000,84,0,103,3,7,0.001600000,0.002600000,0.001200000,0.003400000,0.002600000,0.000400000,0.503600000,0.012700000,0.072700000,0.006300000,0.003100000,0.077200000,0.000100000,0.000000000,0.003400000,0.690900000,0.003700000,3,1,7,7,3,,0.145100000,0.003400000,0.202000000,0.047700000,0.012900000,0.033700000,true,true,0.019000000,0.104700000,0.007500000,0.003800000,0.007000000,103,103,0
1750,1,1,1920,1080,640,360,ultra-performance,0.001900000,0.022900000,0.178500000,0.512000000,0.013300000,0.102100000,0.643800000,0.166600000,1.810100000,1.808200000,1.641100000,0.169000000,0.003500000,0.016900000,0.009900000,0.147900000,0.167700000,0.167800000,0.053800000,0.002100000,0.454200000,84,0,103,3,7,0.001200000,0.002700000,0.001200000,0.003500000,0.002300000,0.000400000,0.518400000,0.016300000,0.001400000,0.005100000,0.002500000,0.082000000,0.000000000,0.000000000,0.003200000,0.640200000,0.003600000,3,1,7,7,3,,0.132500000,0.003100000,0.228700000,0.044200000,0.011700000,0.033400000,true,true,0.017600000,0.096600000,0.005800000,0.003300000,0.006400000,103,103,0
1751,2,1,1920,1080,640,360,ultra-performance,0.003500000,0.069400000,0.261200000,0.744900000,0.021500000,0.147700000,0.783100000,0.179000000,2.474300000,2.470800000,2.210300000,0.264000000,0.010200000,0.030500000,0.016100000,0.203300000,0.261900000,0.262200000,0.085900000,0.004700000,0.652200000,84,0,103,3,7,0.001600000,0.004000000,0.001500000,0.004400000,0.003300000,0.000700000,0.504600000,0.020900000,0.101200000,0.013700000,0.005900000,0.109800000,0.000100000,0.000000000,0.004700000,0.776400000,0.006700000,3,1,7,7,3,,0.228200000,0.005000000,0.270400000,0.082200000,0.016700000,0.048900000,true,true,0.037100000,0.160000000,0.009300000,0.007500000,0.009800000,103,103,0
1752,0,1,1920,1080,640,360,ultra-performance,0.002200000,0.017900000,0.197200000,0.687100000,0.021000000,0.141400000,0.851100000,0.181300000,2.352900000,2.350700000,2.099200000,0.253700000,0.003600000,0.021800000,0.012400000,0.158600000,0.251500000,0.251800000,0.087200000,0.004400000,0.593500000,84,0,103,3,7,0.001700000,0.003700000,0.001600000,0.003800000,0.002700000,0.000600000,0.466000000,0.015600000,0.230600000,0.012300000,0.004400000,0.097500000,0.000100000,0.000000000,0.004100000,0.844700000,0.006400000,3,1,7,7,3,,0.196900000,0.005200000,0.256300000,0.072300000,0.016900000,0.045400000,true,true,0.027300000,0.141300000,0.010200000,0.005600000,0.008200000,103,103,0
1753,1,1,1920,1080,640,360,ultra-performance,0.001800000,0.020400000,0.196100000,0.515800000,0.014300000,0.102900000,0.850400000,0.180300000,2.050900000,2.049100000,1.882000000,0.168900000,0.003300000,0.019400000,0.011800000,0.161200000,0.167500000,0.167700000,0.058500000,0.003300000,0.452100000,84,0,103,3,7,0.001500000,0.002500000,0.001200000,0.003500000,0.002000000,0.000500000,0.615900000,0.011100000,0.113900000,0.005400000,0.003100000,0.081100000,0.000000000,0.000000000,0.003900000,0.845600000,0.004800000,3,1,7,7,3,,0.147700000,0.003100000,0.199000000,0.055600000,0.011800000,0.034200000,true,true,0.018500000,0.109000000,0.006800000,0.003200000,0.006900000,103,103,0
1754,2,1,1920,1080,640,360,ultra-performance,0.002000000,0.025800000,0.170800000,0.501800000,0.014300000,0.103900000,0.741700000,0.158900000,1.931800000,1.929800000,1.719200000,0.212600000,0.003400000,0.016700000,0.010200000,0.140200000,0.211100000,0.211400000,0.054900000,0.002100000,0.443000000,84,0,103,3,7,0.001300000,0.002700000,0.001100000,0.003600000,0.002500000,0.000800000,0.558000000,0.015800000,0.061100000,0.008000000,0.003400000,0.075400000,0.000100000,0.000000000,0.003300000,0.737100000,0.004600000,3,1,7,7,3,,0.134000000,0.003200000,0.215500000,0.044600000,0.011600000,0.033600000,true,true,0.017100000,0.097800000,0.005900000,0.003300000,0.006400000,103,103,0
1755,0,1,1920,1080,640,360,ultra-performance,0.001800000,0.018000000,0.175500000,0.614000000,0.016200000,0.129400000,0.718600000,0.164400000,2.039700000,2.037900000,1.837900000,0.201800000,0.003000000,0.016400000,0.009600000,0.146100000,0.199800000,0.200100000,0.062900000,0.002700000,0.546000000,84,0,103,3,7,0.001500000,0.003300000,0.001400000,0.004100000,0.004000000,0.000900000,0.537600000,0.017100000,0.037200000,0.010100000,0.005600000,0.084300000,0.000100000,0.000000000,0.004300000,0.711500000,0.007100000,3,1,7,7,3,,0.151100000,0.003100000,0.271400000,0.057000000,0.016300000,0.046300000,true,true,0.020800000,0.111200000,0.006000000,0.003400000,0.006500000,103,103,0
1756,1,1,1920,1080,640,360,ultra-performance,0.001800000,0.018700000,0.170200000,0.514800000,0.016700000,0.120400000,0.977000000,0.268900000,2.286600000,2.284800000,2.088500000,0.198100000,0.003100000,0.017000000,0.009700000,0.140000000,0.195100000,0.195300000,0.055700000,0.002400000,0.454100000,84,0,103,3,7,0.001300000,0.002700000,0.001200000,0.003700000,0.006100000,0.001100000,0.620300000,0.029200000,0.118300000,0.013400000,0.006300000,0.156000000,0.000100000,0.000000000,0.007900000,0.967600000,0.009400000,3,1,7,7,3,,0.133900000,0.003200000,0.202800000,0.043500000,0.014200000,0.055900000,true,true,0.017200000,0.097700000,0.005500000,0.003400000,0.006600000,103,103,0
1757,2,1,1920,1080,640,360,ultra-performance,0.003100000,0.046900000,0.291700000,0.797400000,0.018300000,0.115800000,1.045700000,0.321700000,2.888300000,2.885200000,2.640600000,0.247700000,0.008400000,0.044500000,0.016900000,0.220700000,0.244900000,0.245300000,0.085400000,0.006300000,0.699900000,84,0,103,3,7,0.001900000,0.002700000,0.001000000,0.003400000,0.005200000,0.001200000,0.672800000,0.033500000,0.070600000,0.018600000,0.008500000,0.207800000,0.000000000,0.000000000,0.007400000,1.034600000,0.011100000,3,1,7,7,3,,0.245200000,0.005300000,0.275700000,0.109000000,0.017300000,0.046800000,true,true,0.049100000,0.163000000,0.010200000,0.007900000,0.010600000,103,103,0
1758,0,1,1920,1080,640,360,ultra-performance,0.003000000,0.041200000,0.260900000,0.766500000,0.022600000,0.165100000,0.874500000,0.359700000,2.742200000,2.739200000,2.493500000,0.248700000,0.007400000,0.033300000,0.014300000,0.204900000,0.246000000,0.246400000,0.096400000,0.004400000,0.662900000,84,0,103,3,7,0.001900000,0.005300000,0.001400000,0.004800000,0.005300000,0.001100000,0.625600000,0.024900000,0.055200000,0.014100000,0.006600000,0.111500000,0.000100000,0.000000000,0.007000000,0.864800000,0.009700000,3,1,7,7,3,,0.222200000,0.005700000,0.272600000,0.091900000,0.017700000,0.052100000,true,true,0.040100000,0.151600000,0.010700000,0.006400000,0.009400000,103,103,0
1759,1,1,1920,1080,640,360,ultra-performance,0.004000000,0.037600000,0.206200000,0.517700000,0.015400000,0.108300000,0.740600000,0.198900000,2.076100000,2.072100000,1.828700000,0.247400000,0.007000000,0.034500000,0.014300000,0.149800000,0.245900000,0.246100000,0.060100000,0.003300000,0.452300000,84,0,103,3,7,0.001200000,0.002600000,0.001300000,0.003900000,0.002800000,0.000500000,0.544900000,0.015500000,0.063900000,0.008100000,0.003600000,0.084100000,0.000000000,0.000000000,0.003300000,0.735700000,0.004900000,3,1,7,7,3,,0.145300000,0.003200000,0.205900000,0.051500000,0.011400000,0.034600000,true,true,0.018700000,0.105000000,0.007100000,0.003900000,0.006800000,103,103,0
1760,2,1,1920,1080,640,360,ultra-performance,0.001900000,0.026900000,0.167900000,0.526700000,0.012900000,0.101100000,0.863700000,0.223300000,2.105200000,2.103300000,1.924400000,0.180800000,0.003400000,0.016800000,0.010200000,0.137000000,0.178900000,0.179100000,0.102900000,0.002300000,0.419600000,84,0,103,3,7,0.001200000,0.002600000,0.001000000,0.003100000,0.004500000,0.000700000,0.558600000,0.029900000,0.115800000,0.014300000,0.005300000,0.115300000,0.000000000,0.000000000,0.004700000,0.857000000,0.006700000,3,1,7,7,3,,0.134300000,0.003100000,0.184700000,0.043800000,0.012500000,0.040600000,true,true,0.016800000,0.098700000,0.006000000,0.003500000,0.006300000,103,103,0
1761,0,1,1920,1080,640,360,ultra-performance,0.003500000,0.040000000,0.281600000,0.960200000,0.033800000,0.206800000,0.878700000,0.203700000,2.858500000,2.855000000,2.608300000,0.250200000,0.008400000,0.035400000,0.015200000,0.221100000,0.247600000,0.248000000,0.085300000,0.005200000,0.864700000,84,0,103,3,7,0.002200000,0.004500000,0.001800000,0.004500000,0.004500000,0.000900000,0.568200000,0.024200000,0.105200000,0.013400000,0.008600000,0.127200000,0.000200000,0.000000000,0.005600000,0.871000000,0.007700000,3,1,7,7,3,,0.247700000,0.005400000,0.267500000,0.218100000,0.035600000,0.088900000,true,true,0.045200000,0.171900000,0.010700000,0.005900000,0.009900000,103,103,0
1762,1,1,1920,1080,640,360,ultra-performance,0.002100000,0.025600000,0.270000000,0.717600000,0.017200000,0.133000000,0.998000000,0.428000000,2.865800000,2.863700000,2.591500000,0.274300000,0.004300000,0.026800000,0.017000000,0.221300000,0.270900000,0.271000000,0.087700000,0.003800000,0.623700000,84,0,103,3,7,0.001700000,0.003600000,0.001600000,0.003900000,0.008700000,0.001400000,0.561800000,0.028900000,0.182000000,0.016300000,0.010600000,0.157600000,0.000000000,0.000000000,0.008500000,0.986600000,0.011400000,3,1,7,7,3,,0.204000000,0.004500000,0.282500000,0.069400000,0.014600000,0.048100000,true,true,0.026300000,0.151200000,0.009100000,0.004100000,0.009000000,103,103,0
1763,2,1,1920,1080,640,360,ultra-performance,0.002700000,0.042800000,0.221600000,0.596600000,0.017600000,0.123700000,0.790600000,0.163500000,2.125400000,2.122700000,1.959100000,0.166300000,0.007800000,0.035500000,0.016900000,0.160300000,0.164500000,0.165000000,0.060000000,0.004100000,0.530300000,84,0,103,3,7,0.001400000,0.003600000,0.001600000,0.003700000,0.002900000,0.000700000,0.515600000,0.024700000,0.072400000,0.013200000,0.004600000,0.137600000,0.000200000,0.000000000,0.003100000,0.785300000,0.005300000,3,1,7,7,3,,0.164300000,0.004800000,0.243500000,0.066200000,0.013900000,0.036900000,true,true,0.033200000,0.106300000,0.007900000,0.005600000,0.007600000,103,103,0
1764,0,1,1920,1080,640,360,ultra-performance,0.002000000,0.027000000,0.192400000,0.531700000,0.015300000,0.111500000,0.724300000,0.204900000,2.010200000,2.008200000,1.809100000,0.201100000,0.004200000,0.019600000,0.010600000,0.157300000,0.198800000,0.199100000,0.083100000,0.003400000,0.443500000,84,0,103,3,7,0.001200000,0.002900000,0.001200000,0.003800000,0.003400000,0.000900000,0.532700000,0.019800000,0.041400000,0.008000000,0.004200000,0.094400000,0.000200000,0.000000000,0.004300000,0.718400000,0.005900000,3,1,7,7,3,,0.149100000,0.006800000,0.184600000,0.056300000,0.013400000,0.032600000,true,true,0.024900000,0.101900000,0.006300000,0.005300000,0.006500000,103,103,0
1765,1,1,1920,1080,640,360,ultra-performance,0.002000000,0.024300000,0.220600000,0.534900000,0.015300000,0.110100000,0.806100000,0.328700000,2.210600000,2.208600000,2.042000000,0.168600000,0.004500000,0.021200000,0.011900000,0.174800000,0.166500000,0.166700000,0.059100000,0.003700000,0.470100000,84,0,103,3,7,0.001400000,0.002900000,0.001200000,0.003500000,0.004900000,0.001100000,0.551900000,0.021900000,0.071900000,0.012700000,0.006000000,0.113200000,0.000100000,0.000000000,0.006100000,0.798800000,0.007300000,3,1,7,7,3,,0.152400000,0.003800000,0.211800000,0.053100000,0.012600000,0.036200000,true,true,0.022400000,0.107500000,0.007300000,0.003900000,0.007500000,103,103,0
1766,2,1,1920,1080,640,360,ultra-performance,0.003400000,0.038000000,0.197100000,0.518600000,0.014300000,0.129800000,0.795500000,0.289600000,2.218300000,2.214900000,1.986300000,0.232000000,0.006300000,0.033600000,0.018500000,0.138100000,0.229000000,0.229300000,0.087100000,0.003400000,0.426200000,84,0,103,3,7,0.001300000,0.003300000,0.001100000,0.003700000,0.005900000,0.001100000,0.493300000,0.024400000,0.116000000,0.012800000,0.006700000,0.110400000,0.000000000,0.000000000,0.007100000,0.787100000,0.008400000,3,1,7,7,3,,0.139400000,0.003400000,0.191200000,0.045700000,0.011700000,0.034300000,true,true,0.020600000,0.098600000,0.006500000,0.003400000,0.007000000,103,103,0
1767,0,1,1920,1080,640,360,ultra-performance,0.002000000,0.048100000,0.438600000,0.809700000,0.110300000,0.212600000,1.163600000,0.244200000,3.290300000,3.288300000,3.029100000,0.261200000,0.006300000,0.026100000,0.011500000,0.393800000,0.258600000,0.258900000,0.087600000,0.003900000,0.715700000,84,0,103,3,7,0.002300000,0.004400000,0.002200000,0.004800000,0.003500000,0.000900000,0.833000000,0.025300000,0.139800000,0.010000000,0.005800000,0.117100000,0.000200000,0.000000000,0.005700000,1.155000000,0.008600000,3,1,7,7,3,,0.221600000,0.004800000,0.347100000,0.070800000,0.017800000,0.052900000,true,true,0.025900000,0.165700000,0.010200000,0.005800000,0.009000000,103,103,0
1768,1,1,1920,1080,640,360,ultra-performance,0.002500000,0.033700000,0.213700000,0.512900000,0.015300000,0.107500000,0.910700000,0.426400000,2.398200000,2.395700000,2.222700000,0.175500000,0.004900000,0.025700000,0.012900000,0.169300000,0.172000000,0.172200000,0.060100000,0.003200000,0.447700000,84,0,103,3,7,0.001300000,0.003000000,0.001300000,0.003600000,0.006100000,0.001500000,0.560300000,0.026700000,0.126700000,0.015600000,0.008000000,0.135700000,0.000000000,0.000000000,0.009800000,0.899600000,0.011100000,3,1,7,7,3,,0.145400000,0.003500000,0.201900000,0.049900000,0.012400000,0.034200000,true,true,0.019700000,0.103100000,0.007600000,0.003700000,0.007500000,103,103,0
1769,2,1,1920,1080,640,360,ultra-performance,0.001800000,0.027900000,0.170100000,0.545300000,0.019200000,0.119300000,0.953600000,0.203600000,2.198500000,2.196700000,2.040800000,0.157700000,0.004800000,0.020900000,0.010500000,0.133200000,0.155900000,0.156100000,0.053800000,0.003100000,0.486600000,84,0,103,3,7,0.001400000,0.003200000,0.001500000,0.003900000,0.005000000,0.001000000,0.609600000,0.034000000,0.108200000,0.016700000,0.006300000,0.149900000,0.000100000,0.000000000,0.004800000,0.945600000,0.008000000,3,1,7,7,3,,0.188000000,0.003600000,0.192400000,0.054300000,0.012800000,0.034900000,true,true,0.022600000,0.141100000,0.008100000,0.005100000,0.007500000,103,103,0
1770,0,1,1920,1080,640,360,ultra-performance,0.005800000,0.029900000,0.181000000,0.511900000,0.015500000,0.109700000,0.824000000,0.198500000,2.044800000,2.039000000,1.876300000,0.168500000,0.004300000,0.020400000,0.011000000,0.144700000,0.166900000,0.167100000,0.059200000,0.003100000,0.447800000,84,0,103,3,7,0.001200000,0.002900000,0.001200000,0.003300000,0.002900000,0.000700000,0.559700000,0.031500000,0.061500000,0.018700000,0.009200000,0.120400000,0.000000000,0.000000000,0.004000000,0.817200000,0.006800000,3,1,7,7,3,,0.142700000,0.003700000,0.202000000,0.050600000,0.012500000,0.035700000,true,true,0.019600000,0.101200000,0.007300000,0.003600000,0.007800000,103,103,0
1771,1,1,1920,1080,640,360,ultra-performance,0.002100000,0.027800000,0.252000000,0.661300000,0.016200000,0.135600000,0.756600000,0.186700000,2.303300000,2.301200000,2.038300000,0.265000000,0.004100000,0.022900000,0.012600000,0.211600000,0.263400000,0.263600000,0.080300000,0.003400000,0.575300000,84,0,103,3,7,0.001500000,0.003700000,0.001500000,0.004000000,0.003600000,0.000400000,0.577100000,0.018800000,0.030700000,0.009600000,0.005600000,0.090500000,0.000000000,0.000000000,0.003600000,0.750600000,0.006000000,3,1,7,7,3,,0.190100000,0.004200000,0.263900000,0.054600000,0.014900000,0.047200000,true,true,0.023900000,0.141800000,0.007500000,0.004100000,0.008600000,103,103,0
1772,2,1,1920,1080,640,360,ultra-performance,0.001900000,0.028600000,0.250200000,0.715800000,0.019200000,0.143600000,0.939500000,0.178400000,2.542200000,2.540300000,2.277200000,0.265000000,0.003700000,0.021700000,0.014900000,0.209400000,0.263600000,0.263700000,0.080900000,0.003300000,0.629000000,84,0,103,3,7,0.001500000,0.003500000,0.001400000,0.003900000,0.006400000,0.001100000,0.655800000,0.022900000,0.054900000,0.012700000,0.006400000,0.158800000,0.000100000,0.000000000,0.003100000,0.932500000,0.007000000,3,1,7,7,3,,0.250500000,0.003900000,0.263200000,0.050100000,0.014600000,0.046000000,true,true,0.021700000,0.142300000,0.069900000,0.003800000,0.008100000,103,103,0
1773,0,1,1920,1080,640,360,ultra-performance,0.001800000,0.029900000,0.169800000,0.481400000,0.014100000,0.105700000,0.632700000,0.162500000,1.766300000,1.764500000,1.597900000,0.168400000,0.003100000,0.017200000,0.010000000,0.139100000,0.167100000,0.167200000,0.054200000,0.002700000,0.422500000,84,0,103,3,7,0.001300000,0.002700000,0.001100000,0.003200000,0.001800000,0.000400000,0.524000000,0.012300000,0.001300000,0.005700000,0.003100000,0.068800000,0.000100000,0.000000000,0.003100000,0.628900000,0.003800000,3,1,7,7,3,,0.134000000,0.003200000,0.195300000,0.043600000,0.012100000,0.034000000,true,true,0.016800000,0.098100000,0.006000000,0.003300000,0.006600000,103,103,0
1774,1,1,1920,1080,640,360,ultra-performance,0.002200000,0.026800000,0.253800000,0.462100000,0.012900000,0.107700000,0.624100000,0.254500000,1.938800000,1.936600000,1.744100000,0.194700000,0.003500000,0.021100000,0.014600000,0.214200000,0.193100000,0.193300000,0.054700000,0.002400000,0.403200000,84,0,103,3,7,0.001200000,0.002600000,0.001000000,0.003200000,0.003800000,0.000600000,0.437200000,0.021200000,0.045300000,0.010000000,0.006000000,0.082600000,0.000000000,0.000000000,0.003800000,0.618500000,0.005600000,3,1,7,7,3,,0.132000000,0.003100000,0.181400000,0.042000000,0.011300000,0.033000000,true,true,0.017000000,0.096400000,0.005400000,0.003900000,0.006300000,103,103,0
1775,2,1,1920,1080,640,360,ultra-performance,0.002800000,0.036600000,0.268900000,0.664800000,0.017700000,0.136900000,0.736500000,0.199000000,2.331200000,2.328400000,2.063200000,0.268000000,0.004100000,0.027400000,0.014600000,0.222400000,0.266300000,0.266500000,0.090300000,0.003000000,0.569000000,84,0,103,3,7,0.001700000,0.003600000,0.001400000,0.004400000,0.002800000,0.000400000,0.556900000,0.017200000,0.044300000,0.009100000,0.004800000,0.081300000,0.000000000,0.000000000,0.003500000,0.731400000,0.005100000,3,1,7,7,3,,0.189700000,0.004000000,0.260700000,0.052100000,0.015100000,0.046700000,true,true,0.021100000,0.144500000,0.007700000,0.004200000,0.008300000,103,103,0
1776,0,1,1920,1080,640,360,ultra-performance,0.001800000,0.024100000,0.249400000,0.641500000,0.016100000,0.131200000,0.952600000,0.204000000,2.491500000,2.489700000,2.220700000,0.270800000,0.003500000,0.021800000,0.013000000,0.210600000,0.269500000,0.269700000,0.081100000,0.002700000,0.555300000,84,0,103,3,7,0.001500000,0.003300000,0.001500000,0.004100000,0.003100000,0.000400000,0.510400000,0.015200000,0.287800000,0.009700000,0.005100000,0.100400000,0.000000000,0.000000000,0.003400000,0.945900000,0.006700000,3,1,7,7,3,,0.185400000,0.004200000,0.256300000,0.049300000,0.013600000,0.046000000,true,true,0.021200000,0.141400000,0.007300000,0.003500000,0.008200000,103,103,0
1777,1,1,1920,1080,640,360,ultra-performance,0.002100000,0.027500000,0.251900000,0.643000000,0.015700000,0.129500000,0.740100000,0.170600000,2.255400000,2.253300000,1.980400000,0.275000000,0.003800000,0.021900000,0.013000000,0.212600000,0.273300000,0.273600000,0.079300000,0.002800000,0.558600000,84,0,103,3,7,0.001900000,0.003400000,0.001400000,0.003900000,0.002700000,0.000400000,0.491300000,0.015800000,0.122100000,0.008500000,0.004600000,0.075500000,0.000000000,0.000000000,0.003700000,0.735200000,0.004900000,3,1,7,7,3,,0.188700000,0.004000000,0.256300000,0.048800000,0.014400000,0.045700000,true,true,0.022700000,0.143500000,0.006700000,0.003700000,0.008000000,103,103,0
1778,2,1,1920,1080,640,360,ultra-performance,0.001900000,0.027900000,0.251600000,0.650000000,0.017400000,0.133300000,0.758300000,0.189000000,2.307000000,2.305100000,2.029400000,0.277600000,0.003700000,0.022200000,0.013700000,0.211400000,0.276100000,0.276300000,0.087500000,0.002500000,0.557600000,84,0,103,3,7,0.001600000,0.003200000,0.001300000,0.004100000,0.003200000,0.000400000,0.563000000,0.016300000,0.027900000,0.009000000,0.004800000,0.113900000,0.000000000,0.000000000,0.003600000,0.752300000,0.006000000,3,1,7,7,3,,0.186100000,0.003800000,0.259500000,0.047700000,0.014000000,0.046000000,true,true,0.022100000,0.141400000,0.007200000,0.003400000,0.008100000,103,103,0
1779,0,1,1920,1080,640,360,ultra-performance,0.001700000,0.024400000,0.252400000,0.735500000,0.015500000,0.141700000,0.750400000,0.179500000,2.368100000,2.366400000,2.101100000,0.267000000,0.003400000,0.022700000,0.013000000,0.212700000,0.264700000,0.264800000,0.169900000,0.002700000,0.560300000,84,0,103,3,7,0.001500000,0.003100000,0.001400000,0.003900000,0.002900000,0.000400000,0.458500000,0.014600000,0.158500000,0.008600000,0.004800000,0.080200000,0.000000000,0.000000000,0.003900000,0.742300000,0.008100000,3,1,7,7,3,,0.189100000,0.004000000,0.258500000,0.048200000,0.013400000,0.046600000,true,true,0.023700000,0.142600000,0.006800000,0.004000000,0.008000000,103,103,0
1780,1,1,1920,1080,640,360,ultra-performance,0.001800000,0.022000000,0.250800000,0.641500000,0.015200000,0.128500000,0.896000000,0.375600000,2.609400000,2.607600000,2.331400000,0.278000000,0.003500000,0.022600000,0.013400000,0.210700000,0.275600000,0.275800000,0.080100000,0.002700000,0.556200000,84,0,103,3,7,0.001500000,0.002800000,0.001400000,0.003800000,0.006800000,0.001200000,0.579100000,0.027200000,0.103600000,0.013700000,0.009000000,0.129700000,0.000100000,0.000000000,0.007500000,0.887400000,0.008600000,3,1,7,7,3,,0.185200000,0.004000000,0.258700000,0.047900000,0.013800000,0.046000000,true,true,0.021200000,0.140600000,0.007600000,0.003700000,0.007900000,103,103,0
1781,2,1,1920,1080,640,360,ultra-performance,0.003400000,0.037500000,0.410900000,0.492800000,0.014000000,0.106100000,0.832300000,0.249400000,2.424100000,2.420700000,2.146400000,0.277700000,0.006500000,0.032000000,0.019100000,0.352800000,0.274600000,0.274700000,0.068300000,0.002300000,0.420200000,84,0,103,3,7,0.001200000,0.002900000,0.001200000,0.003500000,0.008600000,0.001400000,0.531700000,0.030500000,0.046700000,0.015700000,0.013600000,0.158100000,0.000000000,0.000000000,0.007500000,0.822600000,0.009700000,3,1,7,7,3,,0.134200000,0.003100000,0.194100000,0.043100000,0.011600000,0.033700000,true,true,0.017900000,0.096500000,0.006000000,0.003700000,0.006500000,103,103,0
1782,0,1,1920,1080,640,360,ultra-performance,0.002400000,0.030100000,0.181800000,0.525800000,0.017000000,0.114500000,0.764900000,0.162700000,1.956800000,1.954400000,1.799200000,0.157600000,0.006000000,0.027200000,0.012800000,0.135300000,0.155700000,0.156000000,0.056800000,0.003900000,0.463200000,84,0,103,3,7,0.001600000,0.003100000,0.001100000,0.003500000,0.002500000,0.000600000,0.486400000,0.021500000,0.144800000,0.007400000,0.003800000,0.079500000,0.000100000,0.000000000,0.003200000,0.759100000,0.005800000,3,1,7,7,3,,0.160300000,0.004100000,0.192900000,0.057200000,0.013400000,0.034900000,true,true,0.028200000,0.109200000,0.007500000,0.004500000,0.007700000,103,103,0
1783,1,1,1920,1080,640,360,ultra-performance,0.001700000,0.025400000,0.161400000,0.455000000,0.015000000,0.109200000,0.772800000,0.164500000,1.876500000,1.874800000,1.705000000,0.171500000,0.003500000,0.018000000,0.009500000,0.129700000,0.170300000,0.170500000,0.050100000,0.002400000,0.400700000,84,0,103,3,7,0.001100000,0.003000000,0.001200000,0.003100000,0.004200000,0.000600000,0.509200000,0.024200000,0.119000000,0.007500000,0.005100000,0.086000000,0.000200000,0.000000000,0.003000000,0.767400000,0.005400000,3,1,7,7,3,,0.131200000,0.003100000,0.177500000,0.043900000,0.011600000,0.033000000,true,true,0.017800000,0.094100000,0.006400000,0.003400000,0.006600000,103,103,0
1784,2,1,1920,1080,640,360,ultra-performance,0.001600000,0.026800000,0.160500000,0.453500000,0.014300000,0.102700000,0.651700000,0.206200000,1.774900000,1.773300000,1.617300000,0.157600000,0.003400000,0.017900000,0.009700000,0.129000000,0.155300000,0.155400000,0.050800000,0.002300000,0.398600000,84,0,103,3,7,0.001100000,0.002700000,0.001000000,0.003100000,0.003600000,0.000900000,0.476000000,0.019100000,0.032700000,0.010000000,0.004500000,0.084200000,0.000100000,0.000000000,0.005600000,0.644600000,0.007100000,3,1,7,7,3,,0.127700000,0.003100000,0.172400000,0.042600000,0.011600000,0.040800000,true,true,0.017200000,0.091800000,0.006100000,0.003300000,0.006400000,103,103,0
1785,0,1,1920,1080,640,360,ultra-performance,0.002600000,0.030900000,0.278800000,0.719900000,0.021300000,0.139000000,0.914900000,0.185600000,2.560400000,2.557800000,2.293000000,0.267400000,0.004700000,0.026400000,0.017000000,0.230100000,0.265800000,0.266000000,0.096300000,0.003400000,0.617900000,84,0,103,3,7,0.001400000,0.003700000,0.001800000,0.004600000,0.003200000,0.000500000,0.549300000,0.019100000,0.160500000,0.008200000,0.004300000,0.148300000,0.000100000,0.000000000,0.003800000,0.908800000,0.006100000,3,1,7,7,3,,0.207300000,0.004400000,0.280700000,0.059600000,0.016000000,0.049300000,true,true,0.023800000,0.155500000,0.009300000,0.004600000,0.009500000,103,103,0
1786,1,1,1920,1080,640,360,ultra-performance,0.002100000,0.029900000,0.255400000,0.654400000,0.017500000,0.137800000,1.055100000,0.203000000,2.628700000,2.626600000,2.355200000,0.273500000,0.004200000,0.023200000,0.014300000,0.213200000,0.271300000,0.271600000,0.080300000,0.003000000,0.568600000,84,0,103,3,7,0.001800000,0.003500000,0.001800000,0.003900000,0.004600000,0.001200000,0.832200000,0.028100000,0.037700000,0.013700000,0.006100000,0.108300000,0.000100000,0.000000000,0.004900000,1.047900000,0.007200000,3,1,7,7,3,,0.191600000,0.004000000,0.261200000,0.050200000,0.014100000,0.047000000,true,true,0.022600000,0.145000000,0.007900000,0.003500000,0.008500000,103,103,0
1787,2,1,1920,1080,640,360,ultra-performance,0.002100000,0.032000000,0.263400000,0.729300000,0.020400000,0.145300000,0.745500000,0.195700000,2.387800000,2.385700000,2.133700000,0.254100000,0.005100000,0.027100000,0.014900000,0.215700000,0.251800000,0.252000000,0.082900000,0.003800000,0.640300000,84,0,103,3,7,0.001600000,0.003700000,0.001400000,0.004000000,0.004400000,0.000900000,0.557800000,0.021700000,0.026700000,0.012300000,0.006600000,0.093100000,0.000000000,0.000000000,0.004600000,0.738800000,0.006700000,3,1,7,7,3,,0.207300000,0.004700000,0.270500000,0.079400000,0.017000000,0.060900000,true,true,0.027500000,0.151300000,0.010700000,0.004700000,0.008800000,103,103,0
1788,0,1,1920,1080,640,360,ultra-performance,0.001900000,0.022200000,0.183200000,0.705300000,0.019600000,0.151300000,1.024800000,0.321400000,2.600400000,2.598500000,2.429700000,0.170700000,0.003700000,0.019500000,0.012300000,0.147100000,0.167200000,0.167500000,0.101300000,0.003900000,0.597500000,84,0,103,3,7,0.001500000,0.003400000,0.001400000,0.004100000,0.005900000,0.001600000,0.618600000,0.039200000,0.147300000,0.018000000,0.008600000,0.156700000,0.000000000,0.000000000,0.009200000,1.015500000,0.009300000,3,1,7,7,3,,0.207100000,0.004300000,0.263100000,0.059900000,0.015700000,0.046800000,true,true,0.029300000,0.147600000,0.010100000,0.004800000,0.010200000,103,103,0
1789,1,1,1920,1080,640,360,ultra-performance,0.002500000,0.035600000,0.249000000,0.624100000,0.018400000,0.142300000,0.793300000,0.332500000,2.445300000,2.442800000,2.197700000,0.247600000,0.004700000,0.025300000,0.013500000,0.204400000,0.244800000,0.245000000,0.076000000,0.003100000,0.542700000,84,0,103,3,7,0.001500000,0.003600000,0.001600000,0.003500000,0.004500000,0.001100000,0.445100000,0.032700000,0.103900000,0.016300000,0.007800000,0.155400000,0.000100000,0.000000000,0.007500000,0.784600000,0.008700000,3,1,7,7,3,,0.180100000,0.004400000,0.244900000,0.053700000,0.014200000,0.044800000,true,true,0.022300000,0.134700000,0.007700000,0.003500000,0.008300000,103,103,0
1790,2,1,1920,1080,640,360,ultra-performance,0.002200000,0.034300000,0.247200000,0.648200000,0.017800000,0.117200000,0.785400000,0.185200000,2.279500000,2.277300000,2.037500000,0.242000000,0.004700000,0.025500000,0.015200000,0.201000000,0.240500000,0.240600000,0.074600000,0.002700000,0.568800000,84,0,103,3,7,0.001300000,0.003300000,0.001100000,0.003800000,0.003100000,0.000400000,0.502100000,0.018500000,0.141800000,0.007800000,0.004500000,0.090200000,0.000000000,0.000000000,0.003200000,0.781100000,0.004300000,3,1,7,7,3,,0.231100000,0.004700000,0.230400000,0.053600000,0.012900000,0.035600000,true,true,0.020300000,0.170900000,0.015000000,0.004500000,0.012800000,103,103,0
1791,0,1,1920,1080,640,360,ultra-performance,0.002400000,0.027000000,0.179600000,0.490700000,0.014000000,0.102600000,0.731000000,0.173300000,1.889600000,1.887200000,1.720600000,0.169000000,0.004000000,0.018900000,0.011900000,0.144400000,0.167200000,0.167300000,0.063500000,0.003000000,0.422300000,84,0,103,3,7,0.001100000,0.002600000,0.001300000,0.003400000,0.003000000,0.000600000,0.528500000,0.019500000,0.052400000,0.011900000,0.004900000,0.091400000,0.000100000,0.000000000,0.003600000,0.724300000,0.006700000,3,1,7,7,3,,0.137500000,0.003100000,0.187500000,0.041700000,0.014800000,0.037100000,true,true,0.017800000,0.100000000,0.006600000,0.003300000,0.006600000,103,103,0
1792,1,1,1920,1080,640,360,ultra-performance,0.001700000,0.021500000,0.180600000,0.481400000,0.012700000,0.100100000,0.976600000,0.326300000,2.272800000,2.271100000,2.100900000,0.171900000,0.003200000,0.016800000,0.011200000,0.149000000,0.168400000,0.168600000,0.055000000,0.002300000,0.422300000,84,0,103,3,7,0.001400000,0.002500000,0.001200000,0.003300000,0.008000000,0.001500000,0.603500000,0.020100000,0.086900000,0.011200000,0.007000000,0.209900000,0.000100000,0.000000000,0.009100000,0.965700000,0.010900000,3,1,7,7,3,,0.141600000,0.003000000,0.191600000,0.040600000,0.011100000,0.033800000,true,true,0.016800000,0.106100000,0.005800000,0.003400000,0.006500000,103,103,0
1793,2,1,1920,1080,640,360,ultra-performance,0.001900000,0.035300000,0.260400000,0.708000000,0.020900000,0.146600000,0.735300000,0.220600000,2.391100000,2.389200000,2.129000000,0.262100000,0.005700000,0.029200000,0.017300000,0.207000000,0.260000000,0.260200000,0.081700000,0.004000000,0.619700000,84,0,103,3,7,0.001700000,0.003700000,0.001500000,0.004300000,0.003700000,0.000900000,0.513800000,0.020900000,0.039100000,0.011700000,0.006300000,0.115000000,0.000100000,0.000000000,0.005200000,0.727900000,0.007400000,3,1,7,7,3,,0.202800000,0.005300000,0.269300000,0.079000000,0.015700000,0.047000000,true,true,0.029600000,0.145100000,0.010100000,0.004400000,0.009300000,103,103,0
1794,0,1,1920,1080,640,360,ultra-performance,0.002200000,0.026500000,0.185600000,0.548400000,0.015500000,0.139400000,0.885100000,0.224200000,2.198500000,2.196300000,2.026900000,0.171600000,0.004200000,0.020600000,0.010400000,0.149800000,0.168600000,0.168800000,0.058700000,0.002900000,0.484800000,84,0,103,3,7,0.001800000,0.003300000,0.001800000,0.004400000,0.005600000,0.001000000,0.557200000,0.024200000,0.131700000,0.014100000,0.005900000,0.117700000,0.000100000,0.000000000,0.007900000,0.876700000,0.008400000,3,1,7,7,3,,0.143200000,0.003100000,0.205600000,0.068400000,0.018400000,0.045400000,true,true,0.019000000,0.103000000,0.007200000,0.003700000,0.007400000,103,103,0
1795,1,1,1920,1080,640,360,ultra-performance,0.002200000,0.029300000,0.181300000,0.735100000,0.022700000,0.144500000,0.821400000,0.184700000,2.372700000,2.370500000,2.121200000,0.251500000,0.005200000,0.023900000,0.011100000,0.140500000,0.249700000,0.249900000,0.083500000,0.004400000,0.644400000,84,0,103,3,7,0.001600000,0.003600000,0.001400000,0.004200000,0.002700000,0.000600000,0.593500000,0.020900000,0.080300000,0.010700000,0.004700000,0.086800000,0.000000000,0.000000000,0.004500000,0.815500000,0.005900000,3,1,7,7,3,,0.214900000,0.005000000,0.269600000,0.081700000,0.015800000,0.056900000,true,true,0.029800000,0.155700000,0.010400000,0.005800000,0.009200000,103,103,0
1796,2,1,1920,1080,640,360,ultra-performance,0.002000000,0.031200000,0.194000000,0.511600000,0.015200000,0.112100000,0.652600000,0.177300000,1.890600000,1.888600000,1.696000000,0.194600000,0.003600000,0.019500000,0.011000000,0.159100000,0.192600000,0.192700000,0.063100000,0.002900000,0.443700000,84,0,103,3,7,0.001200000,0.003100000,0.001200000,0.003800000,0.003300000,0.000600000,0.478200000,0.023000000,0.026600000,0.010900000,0.005200000,0.084400000,0.000100000,0.000000000,0.004700000,0.646300000,0.006300000,3,1,7,7,3,,0.140600000,0.003400000,0.199900000,0.052800000,0.011700000,0.034700000,true,true,0.019400000,0.099700000,0.007400000,0.003500000,0.007200000,103,103,0
1797,0,1,1920,1080,640,360,ultra-performance,0.002000000,0.027300000,0.213500000,0.685800000,0.021000000,0.138400000,0.832400000,0.460800000,2.627700000,2.625700000,2.381200000,0.246500000,0.004000000,0.020900000,0.011800000,0.176200000,0.243500000,0.243800000,0.082800000,0.003800000,0.596600000,84,0,103,3,7,0.001300000,0.003200000,0.001200000,0.003500000,0.004100000,0.001200000,0.631300000,0.021900000,0.029400000,0.011400000,0.005300000,0.101800000,0.000100000,0.000000000,0.007800000,0.823500000,0.008900000,3,1,7,7,3,,0.196600000,0.005000000,0.259100000,0.073000000,0.016000000,0.046300000,true,true,0.029300000,0.140800000,0.010100000,0.004000000,0.008400000,103,103,0
1798,1,1,1920,1080,640,360,ultra-performance,0.002200000,0.024100000,0.184000000,0.561300000,0.014700000,0.104300000,0.657900000,0.165300000,1.923200000,1.921000000,1.713800000,0.209400000,0.003900000,0.020500000,0.011000000,0.147900000,0.208200000,0.208400000,0.059400000,0.002900000,0.497100000,84,0,103,3,7,0.001200000,0.002500000,0.001000000,0.003300000,0.002500000,0.000400000,0.521900000,0.013000000,0.021400000,0.008200000,0.003100000,0.071300000,0.000100000,0.000000000,0.003000000,0.652900000,0.005000000,3,1,7,7,3,,0.145900000,0.004200000,0.243000000,0.055800000,0.012300000,0.035300000,true,true,0.019300000,0.104100000,0.007100000,0.003500000,0.007400000,103,103,0
1799,2,1,1920,1080,640,360,ultra-performance,0.001800000,0.021800000,0.177900000,0.460300000,0.013300000,0.102400000,0.916300000,0.372000000,2.233800000,2.232000000,2.065800000,0.168000000,0.003100000,0.016800000,0.009600000,0.148000000,0.165200000,0.165300000,0.052600000,0.002300000,0.403300000,84,0,103,3,7,0.001900000,0.003100000,0.001000000,0.003200000,0.005000000,0.001100000,0.646600000,0.025200000,0.070500000,0.014800000,0.007100000,0.120500000,0.000000000,0.000000000,0.007900000,0.907900000,0.008400000,3,1,7,7,3,,0.132800000,0.003100000,0.182000000,0.039000000,0.010900000,0.035000000,true,true,0.016700000,0.097400000,0.005800000,0.003600000,0.006400000,103,103,0
