frame_ordinal,pass_index,pass_name,queue,batch_index,is_copy_pass,milliseconds,expected_passes,available_passes,complete
600,0,ASBuild.BuildTLAS,0,0,false,0.091488000,7,7,true
600,1,LightPrepare.Upload,0,0,false,0.001760000,7,7,true
600,2,PathTracing.Trace,0,0,false,0.604416000,7,7,true
600,3,Ui.Overlay,0,0,false,0.012224000,7,7,true
600,4,DLSS.RayReconstruction,1,1,false,0.999872000,7,7,true
600,5,Present.Convert,1,1,false,0.050496000,7,7,true
600,6,Present.CopyToSwapchain,1,2,true,0.022432000,7,7,true
601,0,ASBuild.BuildTLAS,0,0,false,0.091136000,7,7,true
601,1,LightPrepare.Upload,0,0,false,0.001664000,7,7,true
601,2,PathTracing.Trace,0,0,false,0.603520000,7,7,true
601,3,Ui.Overlay,0,0,false,0.012512000,7,7,true
601,4,DLSS.RayReconstruction,1,1,false,1.143840000,7,7,true
601,5,Present.Convert,1,1,false,0.050432000,7,7,true
601,6,Present.CopyToSwapchain,1,2,true,0.023968000,7,7,true
602,0,ASBuild.BuildTLAS,0,0,false,0.093280000,7,7,true
602,1,LightPrepare.Upload,0,0,false,0.001664000,7,7,true
602,2,PathTracing.Trace,0,0,false,0.587136000,7,7,true
602,3,Ui.Overlay,0,0,false,0.012480000,7,7,true
602,4,DLSS.RayReconstruction,1,1,false,0.978912000,7,7,true
602,5,Present.Convert,1,1,false,0.050400000,7,7,true
602,6,Present.CopyToSwapchain,1,2,true,0.029856000,7,7,true
603,0,ASBuild.BuildTLAS,0,0,false,0.091392000,7,7,true
603,1,LightPrepare.Upload,0,0,false,0.001632000,7,7,true
603,2,PathTracing.Trace,0,0,false,0.589216000,7,7,true
603,3,Ui.Overlay,0,0,false,0.012864000,7,7,true
603,4,DLSS.RayReconstruction,1,1,false,0.997088000,7,7,true
603,5,Present.Convert,1,1,false,0.051680000,7,7,true
603,6,Present.CopyToSwapchain,1,2,true,0.023872000,7,7,true
604,0,ASBuild.BuildTLAS,0,0,false,0.091424000,7,7,true
604,1,LightPrepare.Upload,0,0,false,0.001632000,7,7,true
604,2,PathTracing.Trace,0,0,false,0.593312000,7,7,true
604,3,Ui.Overlay,0,0,false,0.012544000,7,7,true
604,4,DLSS.RayReconstruction,1,1,false,0.989408000,7,7,true
604,5,Present.Convert,1,1,false,0.236960000,7,7,true
604,6,Present.CopyToSwapchain,1,2,true,0.295520000,7,7,true
605,0,ASBuild.BuildTLAS,0,0,false,0.127936000,7,7,true
605,1,LightPrepare.Upload,0,0,false,0.001824000,7,7,true
605,2,PathTracing.Trace,0,0,false,0.647328000,7,7,true
605,3,Ui.Overlay,0,0,false,0.012416000,7,7,true
605,4,DLSS.RayReconstruction,1,1,false,1.000096000,7,7,true
605,5,Present.Convert,1,1,false,0.047424000,7,7,true
605,6,Present.CopyToSwapchain,1,2,true,0.025408000,7,7,true
606,0,ASBuild.BuildTLAS,0,0,false,0.127104000,7,7,true
606,1,LightPrepare.Upload,0,0,false,0.005824000,7,7,true
606,2,PathTracing.Trace,0,0,false,0.577184000,7,7,true
606,3,Ui.Overlay,0,0,false,0.012576000,7,7,true
606,4,DLSS.RayReconstruction,1,1,false,0.986688000,7,7,true
606,5,Present.Convert,1,1,false,0.047136000,7,7,true
606,6,Present.CopyToSwapchain,1,2,true,0.027040000,7,7,true
607,0,ASBuild.BuildTLAS,0,0,false,0.124448000,7,7,true
607,1,LightPrepare.Upload,0,0,false,0.004448000,7,7,true
607,2,PathTracing.Trace,0,0,false,0.573024000,7,7,true
607,3,Ui.Overlay,0,0,false,0.012256000,7,7,true
607,4,DLSS.RayReconstruction,1,1,false,0.995520000,7,7,true
607,5,Present.Convert,1,1,false,0.049472000,7,7,true
607,6,Present.CopyToSwapchain,1,2,true,0.022880000,7,7,true
608,0,ASBuild.BuildTLAS,0,0,false,0.114784000,7,7,true
608,1,LightPrepare.Upload,0,0,false,0.001760000,7,7,true
608,2,PathTracing.Trace,0,0,false,0.566592000,7,7,true
608,3,Ui.Overlay,0,0,false,0.012320000,7,7,true
608,4,DLSS.RayReconstruction,1,1,false,0.979776000,7,7,true
608,5,Present.Convert,1,1,false,0.052576000,7,7,true
608,6,Present.CopyToSwapchain,1,2,true,0.023968000,7,7,true
609,0,ASBuild.BuildTLAS,0,0,false,0.091072000,7,7,true
609,1,LightPrepare.Upload,0,0,false,0.001632000,7,7,true
609,2,PathTracing.Trace,0,0,false,0.597376000,7,7,true
609,3,Ui.Overlay,0,0,false,0.012416000,7,7,true
609,4,DLSS.RayReconstruction,1,1,false,1.007616000,7,7,true
609,5,Present.Convert,1,1,false,0.051712000,7,7,true
609,6,Present.CopyToSwapchain,1,2,true,0.210336000,7,7,true
610,0,ASBuild.BuildTLAS,0,0,false,0.129952000,7,7,true
610,1,LightPrepare.Upload,0,0,false,0.005248000,7,7,true
610,2,PathTracing.Trace,0,0,false,0.588576000,7,7,true
610,3,Ui.Overlay,0,0,false,0.012160000,7,7,true
610,4,DLSS.RayReconstruction,1,1,false,1.329248000,7,7,true
610,5,Present.Convert,1,1,false,0.188160000,7,7,true
610,6,Present.CopyToSwapchain,1,2,true,0.033920000,7,7,true
611,0,ASBuild.BuildTLAS,0,0,false,0.128128000,7,7,true
611,1,LightPrepare.Upload,0,0,false,0.002112000,7,7,true
611,2,PathTracing.Trace,0,0,false,0.663424000,7,7,true
611,3,Ui.Overlay,0,0,false,0.012480000,7,7,true
611,4,DLSS.RayReconstruction,1,1,false,0.999616000,7,7,true
611,5,Present.Convert,1,1,false,0.047872000,7,7,true
611,6,Present.CopyToSwapchain,1,2,true,0.027808000,7,7,true
612,0,ASBuild.BuildTLAS,0,0,false,0.100608000,7,7,true
612,1,LightPrepare.Upload,0,0,false,0.001568000,7,7,true
612,2,PathTracing.Trace,0,0,false,0.564672000,7,7,true
612,3,Ui.Overlay,0,0,false,0.012320000,7,7,true
612,4,DLSS.RayReconstruction,1,1,false,1.462656000,7,7,true
612,5,Present.Convert,1,1,false,0.050784000,7,7,true
612,6,Present.CopyToSwapchain,1,2,true,0.024032000,7,7,true
613,0,ASBuild.BuildTLAS,0,0,false,0.129056000,7,7,true
613,1,LightPrepare.Upload,0,0,false,0.002368000,7,7,true
613,2,PathTracing.Trace,0,0,false,0.636512000,7,7,true
613,3,Ui.Overlay,0,0,false,0.022528000,7,7,true
613,4,DLSS.RayReconstruction,1,1,false,1.700160000,7,7,true
613,5,Present.Convert,1,1,false,0.051872000,7,7,true
613,6,Present.CopyToSwapchain,1,2,true,0.024960000,7,7,true
614,0,ASBuild.BuildTLAS,0,0,false,0.103072000,7,7,true
614,1,LightPrepare.Upload,0,0,false,0.006528000,7,7,true
614,2,PathTracing.Trace,0,0,false,0.814624000,7,7,true
614,3,Ui.Overlay,0,0,false,0.029920000,7,7,true
614,4,DLSS.RayReconstruction,1,1,false,1.489056000,7,7,true
614,5,Present.Convert,1,1,false,0.048480000,7,7,true
614,6,Present.CopyToSwapchain,1,2,true,0.023968000,7,7,true
615,0,ASBuild.BuildTLAS,0,0,false,0.106848000,7,7,true
615,1,LightPrepare.Upload,0,0,false,0.001984000,7,7,true
615,2,PathTracing.Trace,0,0,false,0.722944000,7,7,true
615,3,Ui.Overlay,0,0,false,0.018208000,7,7,true
615,4,DLSS.RayReconstruction,1,1,false,1.496832000,7,7,true
615,5,Present.Convert,1,1,false,0.052512000,7,7,true
615,6,Present.CopyToSwapchain,1,2,true,0.025280000,7,7,true
616,0,ASBuild.BuildTLAS,0,0,false,0.131584000,7,7,true
616,1,LightPrepare.Upload,0,0,false,0.002080000,7,7,true
616,2,PathTracing.Trace,0,0,false,0.696224000,7,7,true
616,3,Ui.Overlay,0,0,false,0.025248000,7,7,true
616,4,DLSS.RayReconstruction,1,1,false,1.465760000,7,7,true
616,5,Present.Convert,1,1,false,0.050464000,7,7,true
616,6,Present.CopyToSwapchain,1,2,true,0.024096000,7,7,true
617,0,ASBuild.BuildTLAS,0,0,false,0.112672000,7,7,true
617,1,LightPrepare.Upload,0,0,false,0.001952000,7,7,true
617,2,PathTracing.Trace,0,0,false,0.708608000,7,7,true
617,3,Ui.Overlay,0,0,false,0.014624000,7,7,true
617,4,DLSS.RayReconstruction,1,1,false,1.667328000,7,7,true
617,5,Present.Convert,1,1,false,0.053888000,7,7,true
617,6,Present.CopyToSwapchain,1,2,true,0.028704000,7,7,true
618,0,ASBuild.BuildTLAS,0,0,false,0.096288000,7,7,true
618,1,LightPrepare.Upload,0,0,false,0.002016000,7,7,true
618,2,PathTracing.Trace,0,0,false,0.661472000,7,7,true
618,3,Ui.Overlay,0,0,false,0.020480000,7,7,true
618,4,DLSS.RayReconstruction,1,1,false,1.509312000,7,7,true
618,5,Present.Convert,1,1,false,0.050656000,7,7,true
618,6,Present.CopyToSwapchain,1,2,true,0.024192000,7,7,true
619,0,ASBuild.BuildTLAS,0,0,false,0.094624000,7,7,true
619,1,LightPrepare.Upload,0,0,false,0.001952000,7,7,true
619,2,PathTracing.Trace,0,0,false,0.757792000,7,7,true
619,3,Ui.Overlay,0,0,false,0.021824000,7,7,true
619,4,DLSS.RayReconstruction,1,1,false,1.512736000,7,7,true
619,5,Present.Convert,1,1,false,0.050528000,7,7,true
619,6,Present.CopyToSwapchain,1,2,true,0.023936000,7,7,true
620,0,ASBuild.BuildTLAS,0,0,false,0.101024000,7,7,true
620,1,LightPrepare.Upload,0,0,false,0.001792000,7,7,true
620,2,PathTracing.Trace,0,0,false,0.721088000,7,7,true
620,3,Ui.Overlay,0,0,false,0.019072000,7,7,true
620,4,DLSS.RayReconstruction,1,1,false,1.473408000,7,7,true
620,5,Present.Convert,1,1,false,0.047360000,7,7,true
620,6,Present.CopyToSwapchain,1,2,true,0.024000000,7,7,true
621,0,ASBuild.BuildTLAS,0,0,false,0.122464000,7,7,true
621,1,LightPrepare.Upload,0,0,false,0.002112000,7,7,true
621,2,PathTracing.Trace,0,0,false,0.642912000,7,7,true
621,3,Ui.Overlay,0,0,false,0.022464000,7,7,true
621,4,DLSS.RayReconstruction,1,1,false,1.697088000,7,7,true
621,5,Present.Convert,1,1,false,0.046976000,7,7,true
621,6,Present.CopyToSwapchain,1,2,true,0.026144000,7,7,true
622,0,ASBuild.BuildTLAS,0,0,false,0.103072000,7,7,true
622,1,LightPrepare.Upload,0,0,false,0.002048000,7,7,true
622,2,PathTracing.Trace,0,0,false,0.753600000,7,7,true
622,3,Ui.Overlay,0,0,false,0.022432000,7,7,true
622,4,DLSS.RayReconstruction,1,1,false,1.488992000,7,7,true
622,5,Present.Convert,1,1,false,0.051520000,7,7,true
622,6,Present.CopyToSwapchain,1,2,true,0.022816000,7,7,true
623,0,ASBuild.BuildTLAS,0,0,false,0.118656000,7,7,true
623,1,LightPrepare.Upload,0,0,false,0.002112000,7,7,true
623,2,PathTracing.Trace,0,0,false,0.687968000,7,7,true
623,3,Ui.Overlay,0,0,false,0.027584000,7,7,true
623,4,DLSS.RayReconstruction,1,1,false,1.495680000,7,7,true
623,5,Present.Convert,1,1,false,0.050560000,7,7,true
623,6,Present.CopyToSwapchain,1,2,true,0.026112000,7,7,true
624,0,ASBuild.BuildTLAS,0,0,false,0.144640000,7,7,true
624,1,LightPrepare.Upload,0,0,false,0.002112000,7,7,true
624,2,PathTracing.Trace,0,0,false,0.710528000,7,7,true
624,3,Ui.Overlay,0,0,false,0.019616000,7,7,true
624,4,DLSS.RayReconstruction,1,1,false,1.484448000,7,7,true
624,5,Present.Convert,1,1,false,0.047424000,7,7,true
624,6,Present.CopyToSwapchain,1,2,true,0.023424000,7,7,true
625,0,ASBuild.BuildTLAS,0,0,false,0.098176000,7,7,true
625,1,LightPrepare.Upload,0,0,false,0.002432000,7,7,true
625,2,PathTracing.Trace,0,0,false,0.704064000,7,7,true
625,3,Ui.Overlay,0,0,false,0.017216000,7,7,true
625,4,DLSS.RayReconstruction,1,1,false,1.471872000,7,7,true
625,5,Present.Convert,1,1,false,0.050528000,7,7,true
625,6,Present.CopyToSwapchain,1,2,true,0.197152000,7,7,true
626,0,ASBuild.BuildTLAS,0,0,false,0.125760000,7,7,true
626,1,LightPrepare.Upload,0,0,false,0.002016000,7,7,true
626,2,PathTracing.Trace,0,0,false,0.636480000,7,7,true
626,3,Ui.Overlay,0,0,false,0.014144000,7,7,true
626,4,DLSS.RayReconstruction,1,1,false,1.494784000,7,7,true
626,5,Present.Convert,1,1,false,0.045632000,7,7,true
626,6,Present.CopyToSwapchain,1,2,true,0.024064000,7,7,true
627,0,ASBuild.BuildTLAS,0,0,false,0.136256000,7,7,true
627,1,LightPrepare.Upload,0,0,false,0.002144000,7,7,true
627,2,PathTracing.Trace,0,0,false,0.720736000,7,7,true
627,3,Ui.Overlay,0,0,false,0.025600000,7,7,true
627,4,DLSS.RayReconstruction,1,1,false,1.518048000,7,7,true
627,5,Present.Convert,1,1,false,0.047488000,7,7,true
627,6,Present.CopyToSwapchain,1,2,true,0.025568000,7,7,true
628,0,ASBuild.BuildTLAS,0,0,false,0.131872000,7,7,true
628,1,LightPrepare.Upload,0,0,false,0.002112000,7,7,true
628,2,PathTracing.Trace,0,0,false,0.722784000,7,7,true
628,3,Ui.Overlay,0,0,false,0.022656000,7,7,true
628,4,DLSS.RayReconstruction,1,1,false,1.011424000,7,7,true
628,5,Present.Convert,1,1,false,0.393184000,7,7,true
628,6,Present.CopyToSwapchain,1,2,true,0.124288000,7,7,true
629,0,ASBuild.BuildTLAS,0,0,false,0.126080000,7,7,true
629,1,LightPrepare.Upload,0,0,false,0.002048000,7,7,true
629,2,PathTracing.Trace,0,0,false,0.634816000,7,7,true
629,3,Ui.Overlay,0,0,false,0.012384000,7,7,true
629,4,DLSS.RayReconstruction,1,1,false,1.011904000,7,7,true
629,5,Present.Convert,1,1,false,0.055616000,7,7,true
629,6,Present.CopyToSwapchain,1,2,true,0.023648000,7,7,true
630,0,ASBuild.BuildTLAS,0,0,false,0.113856000,7,7,true
630,1,LightPrepare.Upload,0,0,false,0.001600000,7,7,true
630,2,PathTracing.Trace,0,0,false,0.604608000,7,7,true
630,3,Ui.Overlay,0,0,false,0.012352000,7,7,true
630,4,DLSS.RayReconstruction,1,1,false,0.991104000,7,7,true
630,5,Present.Convert,1,1,false,0.045600000,7,7,true
630,6,Present.CopyToSwapchain,1,2,true,0.024224000,7,7,true
631,0,ASBuild.BuildTLAS,0,0,false,0.093024000,7,7,true
631,1,LightPrepare.Upload,0,0,false,0.001664000,7,7,true
631,2,PathTracing.Trace,0,0,false,0.562560000,7,7,true
631,3,Ui.Overlay,0,0,false,0.012480000,7,7,true
631,4,DLSS.RayReconstruction,1,1,false,1.009376000,7,7,true
631,5,Present.Convert,1,1,false,0.047456000,7,7,true
631,6,Present.CopyToSwapchain,1,2,true,0.024512000,7,7,true
632,0,ASBuild.BuildTLAS,0,0,false,0.093408000,7,7,true
632,1,LightPrepare.Upload,0,0,false,0.001632000,7,7,true
632,2,PathTracing.Trace,0,0,false,0.636320000,7,7,true
632,3,Ui.Overlay,0,0,false,0.012352000,7,7,true
632,4,DLSS.RayReconstruction,1,1,false,1.531552000,7,7,true
632,5,Present.Convert,1,1,false,0.047392000,7,7,true
632,6,Present.CopyToSwapchain,1,2,true,0.024032000,7,7,true
633,0,ASBuild.BuildTLAS,0,0,false,0.151168000,7,7,true
633,1,LightPrepare.Upload,0,0,false,0.010208000,7,7,true
633,2,PathTracing.Trace,0,0,false,0.722880000,7,7,true
633,3,Ui.Overlay,0,0,false,0.029376000,7,7,true
633,4,DLSS.RayReconstruction,1,1,false,1.706912000,7,7,true
633,5,Present.Convert,1,1,false,0.064000000,7,7,true
633,6,Present.CopyToSwapchain,1,2,true,0.028768000,7,7,true
634,0,ASBuild.BuildTLAS,0,0,false,0.130176000,7,7,true
634,1,LightPrepare.Upload,0,0,false,0.002112000,7,7,true
634,2,PathTracing.Trace,0,0,false,0.930656000,7,7,true
634,3,Ui.Overlay,0,0,false,0.018240000,7,7,true
634,4,DLSS.RayReconstruction,1,1,false,1.009600000,7,7,true
634,5,Present.Convert,1,1,false,0.045408000,7,7,true
634,6,Present.CopyToSwapchain,1,2,true,0.026080000,7,7,true
635,0,ASBuild.BuildTLAS,0,0,false,0.093600000,7,7,true
635,1,LightPrepare.Upload,0,0,false,0.001600000,7,7,true
635,2,PathTracing.Trace,0,0,false,0.579008000,7,7,true
635,3,Ui.Overlay,0,0,false,0.012704000,7,7,true
635,4,DLSS.RayReconstruction,1,1,false,0.995616000,7,7,true
635,5,Present.Convert,1,1,false,0.052608000,7,7,true
635,6,Present.CopyToSwapchain,1,2,true,0.025888000,7,7,true
636,0,ASBuild.BuildTLAS,0,0,false,0.090848000,7,7,true
636,1,LightPrepare.Upload,0,0,false,0.001664000,7,7,true
636,2,PathTracing.Trace,0,0,false,0.580960000,7,7,true
636,3,Ui.Overlay,0,0,false,0.012128000,7,7,true
636,4,DLSS.RayReconstruction,1,1,false,1.490400000,7,7,true
636,5,Present.Convert,1,1,false,0.053696000,7,7,true
636,6,Present.CopyToSwapchain,1,2,true,0.026048000,7,7,true
637,0,ASBuild.BuildTLAS,0,0,false,0.127904000,7,7,true
637,1,LightPrepare.Upload,0,0,false,0.006240000,7,7,true
637,2,PathTracing.Trace,0,0,false,0.710464000,7,7,true
637,3,Ui.Overlay,0,0,false,0.012512000,7,7,true
637,4,DLSS.RayReconstruction,1,1,false,1.665120000,7,7,true
637,5,Present.Convert,1,1,false,0.059648000,7,7,true
637,6,Present.CopyToSwapchain,1,2,true,0.025984000,7,7,true
638,0,ASBuild.BuildTLAS,0,0,false,0.132448000,7,7,true
638,1,LightPrepare.Upload,0,0,false,0.002112000,7,7,true
638,2,PathTracing.Trace,0,0,false,0.659296000,7,7,true
638,3,Ui.Overlay,0,0,false,0.016928000,7,7,true
638,4,DLSS.RayReconstruction,1,1,false,1.009568000,7,7,true
638,5,Present.Convert,1,1,false,0.047552000,7,7,true
638,6,Present.CopyToSwapchain,1,2,true,0.025664000,7,7,true
639,0,ASBuild.BuildTLAS,0,0,false,0.091616000,7,7,true
639,1,LightPrepare.Upload,0,0,false,0.001696000,7,7,true
639,2,PathTracing.Trace,0,0,false,0.605536000,7,7,true
639,3,Ui.Overlay,0,0,false,0.012416000,7,7,true
639,4,DLSS.RayReconstruction,1,1,false,0.987392000,7,7,true
639,5,Present.Convert,1,1,false,0.048672000,7,7,true
639,6,Present.CopyToSwapchain,1,2,true,0.025920000,7,7,true
640,0,ASBuild.BuildTLAS,0,0,false,0.092672000,7,7,true
640,1,LightPrepare.Upload,0,0,false,0.001728000,7,7,true
640,2,PathTracing.Trace,0,0,false,0.572736000,7,7,true
640,3,Ui.Overlay,0,0,false,0.012576000,7,7,true
640,4,DLSS.RayReconstruction,1,1,false,0.999872000,7,7,true
640,5,Present.Convert,1,1,false,0.045376000,7,7,true
640,6,Present.CopyToSwapchain,1,2,true,0.023968000,7,7,true
641,0,ASBuild.BuildTLAS,0,0,false,0.091872000,7,7,true
641,1,LightPrepare.Upload,0,0,false,0.001760000,7,7,true
641,2,PathTracing.Trace,0,0,false,0.827680000,7,7,true
641,3,Ui.Overlay,0,0,false,0.011968000,7,7,true
641,4,DLSS.RayReconstruction,1,1,false,1.004288000,7,7,true
641,5,Present.Convert,1,1,false,0.270144000,7,7,true
641,6,Present.CopyToSwapchain,1,2,true,0.260896000,7,7,true
642,0,ASBuild.BuildTLAS,0,0,false,0.126528000,7,7,true
642,1,LightPrepare.Upload,0,0,false,0.006272000,7,7,true
642,2,PathTracing.Trace,0,0,false,0.630560000,7,7,true
642,3,Ui.Overlay,0,0,false,0.012576000,7,7,true
642,4,DLSS.RayReconstruction,1,1,false,1.513664000,7,7,true
642,5,Present.Convert,1,1,false,0.052544000,7,7,true
642,6,Present.CopyToSwapchain,1,2,true,0.024608000,7,7,true
643,0,ASBuild.BuildTLAS,0,0,false,0.130208000,7,7,true
643,1,LightPrepare.Upload,0,0,false,0.001984000,7,7,true
643,2,PathTracing.Trace,0,0,false,0.698336000,7,7,true
643,3,Ui.Overlay,0,0,false,0.024256000,7,7,true
643,4,DLSS.RayReconstruction,1,1,false,0.991296000,7,7,true
643,5,Present.Convert,1,1,false,0.051488000,7,7,true
643,6,Present.CopyToSwapchain,1,2,true,0.101088000,7,7,true
644,0,ASBuild.BuildTLAS,0,0,false,0.121088000,7,7,true
644,1,LightPrepare.Upload,0,0,false,0.002176000,7,7,true
644,2,PathTracing.Trace,0,0,false,0.618368000,7,7,true
644,3,Ui.Overlay,0,0,false,0.012384000,7,7,true
644,4,DLSS.RayReconstruction,1,1,false,1.001856000,7,7,true
644,5,Present.Convert,1,1,false,0.052480000,7,7,true
644,6,Present.CopyToSwapchain,1,2,true,0.026144000,7,7,true
645,0,ASBuild.BuildTLAS,0,0,false,0.091424000,7,7,true
645,1,LightPrepare.Upload,0,0,false,0.001632000,7,7,true
645,2,PathTracing.Trace,0,0,false,0.576928000,7,7,true
645,3,Ui.Overlay,0,0,false,0.012064000,7,7,true
645,4,DLSS.RayReconstruction,1,1,false,1.003520000,7,7,true
645,5,Present.Convert,1,1,false,0.050784000,7,7,true
645,6,Present.CopyToSwapchain,1,2,true,0.023680000,7,7,true
646,0,ASBuild.BuildTLAS,0,0,false,0.093152000,7,7,true
646,1,LightPrepare.Upload,0,0,false,0.001632000,7,7,true
646,2,PathTracing.Trace,0,0,false,0.554400000,7,7,true
646,3,Ui.Overlay,0,0,false,0.012352000,7,7,true
646,4,DLSS.RayReconstruction,1,1,false,1.162336000,7,7,true
646,5,Present.Convert,1,1,false,0.047360000,7,7,true
646,6,Present.CopyToSwapchain,1,2,true,0.024640000,7,7,true
647,0,ASBuild.BuildTLAS,0,0,false,0.126368000,7,7,true
647,1,LightPrepare.Upload,0,0,false,0.001568000,7,7,true
647,2,PathTracing.Trace,0,0,false,0.557536000,7,7,true
647,3,Ui.Overlay,0,0,false,0.012448000,7,7,true
647,4,DLSS.RayReconstruction,1,1,false,1.454336000,7,7,true
647,5,Present.Convert,1,1,false,0.069568000,7,7,true
647,6,Present.CopyToSwapchain,1,2,true,0.028000000,7,7,true
648,0,ASBuild.BuildTLAS,0,0,false,0.125536000,7,7,true
648,1,LightPrepare.Upload,0,0,false,0.002048000,7,7,true
648,2,PathTracing.Trace,0,0,false,0.667520000,7,7,true
648,3,Ui.Overlay,0,0,false,0.012512000,7,7,true
648,4,DLSS.RayReconstruction,1,1,false,0.986848000,7,7,true
648,5,Present.Convert,1,1,false,0.047424000,7,7,true
648,6,Present.CopyToSwapchain,1,2,true,0.142080000,7,7,true
649,0,ASBuild.BuildTLAS,0,0,false,0.130976000,7,7,true
649,1,LightPrepare.Upload,0,0,false,0.003552000,7,7,true
649,2,PathTracing.Trace,0,0,false,0.583552000,7,7,true
649,3,Ui.Overlay,0,0,false,0.012672000,7,7,true
649,4,DLSS.RayReconstruction,1,1,false,1.503328000,7,7,true
649,5,Present.Convert,1,1,false,0.054624000,7,7,true
649,6,Present.CopyToSwapchain,1,2,true,0.022400000,7,7,true
650,0,ASBuild.BuildTLAS,0,0,false,0.126272000,7,7,true
650,1,LightPrepare.Upload,0,0,false,0.002784000,7,7,true
650,2,PathTracing.Trace,0,0,false,0.711904000,7,7,true
650,3,Ui.Overlay,0,0,false,0.016288000,7,7,true
650,4,DLSS.RayReconstruction,1,1,false,1.649920000,7,7,true
650,5,Present.Convert,1,1,false,0.057568000,7,7,true
650,6,Present.CopyToSwapchain,1,2,true,0.027424000,7,7,true
651,0,ASBuild.BuildTLAS,0,0,false,0.125728000,7,7,true
651,1,LightPrepare.Upload,0,0,false,0.002208000,7,7,true
651,2,PathTracing.Trace,0,0,false,0.728832000,7,7,true
651,3,Ui.Overlay,0,0,false,0.012192000,7,7,true
651,4,DLSS.RayReconstruction,1,1,false,1.499328000,7,7,true
651,5,Present.Convert,1,1,false,0.052224000,7,7,true
651,6,Present.CopyToSwapchain,1,2,true,0.024224000,7,7,true
652,0,ASBuild.BuildTLAS,0,0,false,0.120928000,7,7,true
652,1,LightPrepare.Upload,0,0,false,0.003072000,7,7,true
652,2,PathTracing.Trace,0,0,false,0.662432000,7,7,true
652,3,Ui.Overlay,0,0,false,0.018432000,7,7,true
652,4,DLSS.RayReconstruction,1,1,false,1.480352000,7,7,true
652,5,Present.Convert,1,1,false,0.050336000,7,7,true
652,6,Present.CopyToSwapchain,1,2,true,0.023904000,7,7,true
653,0,ASBuild.BuildTLAS,0,0,false,0.123936000,7,7,true
653,1,LightPrepare.Upload,0,0,false,0.002144000,7,7,true
653,2,PathTracing.Trace,0,0,false,0.690016000,7,7,true
653,3,Ui.Overlay,0,0,false,0.020832000,7,7,true
653,4,DLSS.RayReconstruction,1,1,false,1.425152000,7,7,true
653,5,Present.Convert,1,1,false,0.050496000,7,7,true
653,6,Present.CopyToSwapchain,1,2,true,0.023968000,7,7,true
654,0,ASBuild.BuildTLAS,0,0,false,0.127360000,7,7,true
654,1,LightPrepare.Upload,0,0,false,0.002144000,7,7,true
654,2,PathTracing.Trace,0,0,false,0.683872000,7,7,true
654,3,Ui.Overlay,0,0,false,0.020608000,7,7,true
654,4,DLSS.RayReconstruction,1,1,false,1.690560000,7,7,true
654,5,Present.Convert,1,1,false,0.050688000,7,7,true
654,6,Present.CopyToSwapchain,1,2,true,0.024128000,7,7,true
655,0,ASBuild.BuildTLAS,0,0,false,0.130656000,7,7,true
655,1,LightPrepare.Upload,0,0,false,0.004768000,7,7,true
655,2,PathTracing.Trace,0,0,false,0.740576000,7,7,true
655,3,Ui.Overlay,0,0,false,0.023296000,7,7,true
655,4,DLSS.RayReconstruction,1,1,false,1.478144000,7,7,true
655,5,Present.Convert,1,1,false,0.050560000,7,7,true
655,6,Present.CopyToSwapchain,1,2,true,0.023424000,7,7,true
656,0,ASBuild.BuildTLAS,0,0,false,0.161280000,7,7,true
656,1,LightPrepare.Upload,0,0,false,0.002048000,7,7,true
656,2,PathTracing.Trace,0,0,false,0.747456000,7,7,true
656,3,Ui.Overlay,0,0,false,0.022848000,7,7,true
656,4,DLSS.RayReconstruction,1,1,false,1.462848000,7,7,true
656,5,Present.Convert,1,1,false,0.046432000,7,7,true
656,6,Present.CopyToSwapchain,1,2,true,0.024128000,7,7,true
657,0,ASBuild.BuildTLAS,0,0,false,0.118592000,7,7,true
657,1,LightPrepare.Upload,0,0,false,0.001984000,7,7,true
657,2,PathTracing.Trace,0,0,false,0.681952000,7,7,true
657,3,Ui.Overlay,0,0,false,0.023584000,7,7,true
657,4,DLSS.RayReconstruction,1,1,false,1.523552000,7,7,true
657,5,Present.Convert,1,1,false,0.054208000,7,7,true
657,6,Present.CopyToSwapchain,1,2,true,0.023872000,7,7,true
658,0,ASBuild.BuildTLAS,0,0,false,0.124608000,7,7,true
658,1,LightPrepare.Upload,0,0,false,0.002112000,7,7,true
658,2,PathTracing.Trace,0,0,false,0.769888000,7,7,true
658,3,Ui.Overlay,0,0,false,0.021440000,7,7,true
658,4,DLSS.RayReconstruction,1,1,false,1.675008000,7,7,true
658,5,Present.Convert,1,1,false,0.050528000,7,7,true
658,6,Present.CopyToSwapchain,1,2,true,0.026336000,7,7,true
659,0,ASBuild.BuildTLAS,0,0,false,0.145824000,7,7,true
659,1,LightPrepare.Upload,0,0,false,0.002048000,7,7,true
659,2,PathTracing.Trace,0,0,false,0.977792000,7,7,true
659,3,Ui.Overlay,0,0,false,0.029792000,7,7,true
659,4,DLSS.RayReconstruction,1,1,false,1.516896000,7,7,true
659,5,Present.Convert,1,1,false,0.045408000,7,7,true
659,6,Present.CopyToSwapchain,1,2,true,0.024096000,7,7,true
660,0,ASBuild.BuildTLAS,0,0,false,0.113632000,7,7,true
660,1,LightPrepare.Upload,0,0,false,0.006208000,7,7,true
660,2,PathTracing.Trace,0,0,false,0.681824000,7,7,true
660,3,Ui.Overlay,0,0,false,0.025728000,7,7,true
660,4,DLSS.RayReconstruction,1,1,false,0.994304000,7,7,true
660,5,Present.Convert,1,1,false,0.051552000,7,7,true
660,6,Present.CopyToSwapchain,1,2,true,0.024064000,7,7,true
661,0,ASBuild.BuildTLAS,0,0,false,0.089472000,7,7,true
661,1,LightPrepare.Upload,0,0,false,0.001600000,7,7,true
661,2,PathTracing.Trace,0,0,false,0.678336000,7,7,true
661,3,Ui.Overlay,0,0,false,0.015104000,7,7,true
661,4,DLSS.RayReconstruction,1,1,false,1.735616000,7,7,true
661,5,Present.Convert,1,1,false,0.051840000,7,7,true
661,6,Present.CopyToSwapchain,1,2,true,0.024256000,7,7,true
662,0,ASBuild.BuildTLAS,0,0,false,0.134624000,7,7,true
662,1,LightPrepare.Upload,0,0,false,0.001856000,7,7,true
662,2,PathTracing.Trace,0,0,false,0.574624000,7,7,true
662,3,Ui.Overlay,0,0,false,0.014912000,7,7,true
662,4,DLSS.RayReconstruction,1,1,false,1.001632000,7,7,true
662,5,Present.Convert,1,1,false,0.052640000,7,7,true
662,6,Present.CopyToSwapchain,1,2,true,0.024160000,7,7,true
663,0,ASBuild.BuildTLAS,0,0,false,0.126560000,7,7,true
663,1,LightPrepare.Upload,0,0,false,0.001888000,7,7,true
663,2,PathTracing.Trace,0,0,false,0.800832000,7,7,true
663,3,Ui.Overlay,0,0,false,0.022880000,7,7,true
663,4,DLSS.RayReconstruction,1,1,false,1.518016000,7,7,true
663,5,Present.Convert,1,1,false,0.051040000,7,7,true
663,6,Present.CopyToSwapchain,1,2,true,0.027744000,7,7,true
664,0,ASBuild.BuildTLAS,0,0,false,0.126208000,7,7,true
664,1,LightPrepare.Upload,0,0,false,0.001888000,7,7,true
664,2,PathTracing.Trace,0,0,false,0.723008000,7,7,true
664,3,Ui.Overlay,0,0,false,0.020160000,7,7,true
664,4,DLSS.RayReconstruction,1,1,false,1.507296000,7,7,true
664,5,Present.Convert,1,1,false,0.050304000,7,7,true
664,6,Present.CopyToSwapchain,1,2,true,0.023680000,7,7,true
665,0,ASBuild.BuildTLAS,0,0,false,0.120832000,7,7,true
665,1,LightPrepare.Upload,0,0,false,0.006272000,7,7,true
665,2,PathTracing.Trace,0,0,false,0.720640000,7,7,true
665,3,Ui.Overlay,0,0,false,0.019936000,7,7,true
665,4,DLSS.RayReconstruction,1,1,false,1.688960000,7,7,true
665,5,Present.Convert,1,1,false,0.051520000,7,7,true
665,6,Present.CopyToSwapchain,1,2,true,0.024352000,7,7,true
666,0,ASBuild.BuildTLAS,0,0,false,0.166784000,7,7,true
666,1,LightPrepare.Upload,0,0,false,0.002144000,7,7,true
666,2,PathTracing.Trace,0,0,false,0.838176000,7,7,true
666,3,Ui.Overlay,0,0,false,0.034080000,7,7,true
666,4,DLSS.RayReconstruction,1,1,false,1.561920000,7,7,true
666,5,Present.Convert,1,1,false,0.050656000,7,7,true
666,6,Present.CopyToSwapchain,1,2,true,0.023552000,7,7,true
667,0,ASBuild.BuildTLAS,0,0,false,0.156672000,7,7,true
667,1,LightPrepare.Upload,0,0,false,0.002176000,7,7,true
667,2,PathTracing.Trace,0,0,false,0.820992000,7,7,true
667,3,Ui.Overlay,0,0,false,0.022272000,7,7,true
667,4,DLSS.RayReconstruction,1,1,false,0.990400000,7,7,true
667,5,Present.Convert,1,1,false,0.050496000,7,7,true
667,6,Present.CopyToSwapchain,1,2,true,0.026368000,7,7,true
668,0,ASBuild.BuildTLAS,0,0,false,0.093120000,7,7,true
668,1,LightPrepare.Upload,0,0,false,0.001632000,7,7,true
668,2,PathTracing.Trace,0,0,false,0.562624000,7,7,true
668,3,Ui.Overlay,0,0,false,0.012192000,7,7,true
668,4,DLSS.RayReconstruction,1,1,false,1.558112000,7,7,true
668,5,Present.Convert,1,1,false,0.052544000,7,7,true
668,6,Present.CopyToSwapchain,1,2,true,0.023936000,7,7,true
669,0,ASBuild.BuildTLAS,0,0,false,0.130240000,7,7,true
669,1,LightPrepare.Upload,0,0,false,0.002112000,7,7,true
669,2,PathTracing.Trace,0,0,false,0.804736000,7,7,true
669,3,Ui.Overlay,0,0,false,0.021888000,7,7,true
669,4,DLSS.RayReconstruction,1,1,false,1.596480000,7,7,true
669,5,Present.Convert,1,1,false,0.050624000,7,7,true
669,6,Present.CopyToSwapchain,1,2,true,0.024576000,7,7,true
670,0,ASBuild.BuildTLAS,0,0,false,0.117376000,7,7,true
670,1,LightPrepare.Upload,0,0,false,0.003072000,7,7,true
670,2,PathTracing.Trace,0,0,false,0.842688000,7,7,true
670,3,Ui.Overlay,0,0,false,0.026784000,7,7,true
670,4,DLSS.RayReconstruction,1,1,false,1.522176000,7,7,true
670,5,Present.Convert,1,1,false,0.050496000,7,7,true
670,6,Present.CopyToSwapchain,1,2,true,0.024224000,7,7,true
671,0,ASBuild.BuildTLAS,0,0,false,0.134208000,7,7,true
671,1,LightPrepare.Upload,0,0,false,0.002656000,7,7,true
671,2,PathTracing.Trace,0,0,false,0.703808000,7,7,true
671,3,Ui.Overlay,0,0,false,0.029408000,7,7,true
671,4,DLSS.RayReconstruction,1,1,false,1.791392000,7,7,true
671,5,Present.Convert,1,1,false,0.047424000,7,7,true
671,6,Present.CopyToSwapchain,1,2,true,0.026208000,7,7,true
672,0,ASBuild.BuildTLAS,0,0,false,0.142656000,7,7,true
672,1,LightPrepare.Upload,0,0,false,0.002176000,7,7,true
672,2,PathTracing.Trace,0,0,false,1.028896000,7,7,true
672,3,Ui.Overlay,0,0,false,0.012640000,7,7,true
672,4,DLSS.RayReconstruction,1,1,false,1.518848000,7,7,true
672,5,Present.Convert,1,1,false,0.047456000,7,7,true
672,6,Present.CopyToSwapchain,1,2,true,0.023712000,7,7,true
673,0,ASBuild.BuildTLAS,0,0,false,0.127296000,7,7,true
673,1,LightPrepare.Upload,0,0,false,0.002080000,7,7,true
673,2,PathTracing.Trace,0,0,false,0.718720000,7,7,true
673,3,Ui.Overlay,0,0,false,0.013856000,7,7,true
673,4,DLSS.RayReconstruction,1,1,false,1.566368000,7,7,true
673,5,Present.Convert,1,1,false,0.045280000,7,7,true
673,6,Present.CopyToSwapchain,1,2,true,0.024128000,7,7,true
674,0,ASBuild.BuildTLAS,0,0,false,0.146944000,7,7,true
674,1,LightPrepare.Upload,0,0,false,0.002112000,7,7,true
674,2,PathTracing.Trace,0,0,false,0.823168000,7,7,true
674,3,Ui.Overlay,0,0,false,0.012512000,7,7,true
674,4,DLSS.RayReconstruction,1,1,false,1.522944000,7,7,true
674,5,Present.Convert,1,1,false,0.352320000,7,7,true
674,6,Present.CopyToSwapchain,1,2,true,0.168800000,7,7,true
675,0,ASBuild.BuildTLAS,0,0,false,0.158912000,7,7,true
675,1,LightPrepare.Upload,0,0,false,0.002208000,7,7,true
675,2,PathTracing.Trace,0,0,false,0.771840000,7,7,true
675,3,Ui.Overlay,0,0,false,0.021824000,7,7,true
675,4,DLSS.RayReconstruction,1,1,false,0.985472000,7,7,true
675,5,Present.Convert,1,1,false,0.047168000,7,7,true
675,6,Present.CopyToSwapchain,1,2,true,0.024320000,7,7,true
676,0,ASBuild.BuildTLAS,0,0,false,0.123264000,7,7,true
676,1,LightPrepare.Upload,0,0,false,0.002080000,7,7,true
676,2,PathTracing.Trace,0,0,false,0.606080000,7,7,true
676,3,Ui.Overlay,0,0,false,0.012320000,7,7,true
676,4,DLSS.RayReconstruction,1,1,false,0.998592000,7,7,true
676,5,Present.Convert,1,1,false,0.045440000,7,7,true
676,6,Present.CopyToSwapchain,1,2,true,0.024352000,7,7,true
677,0,ASBuild.BuildTLAS,0,0,false,0.126784000,7,7,true
677,1,LightPrepare.Upload,0,0,false,0.003200000,7,7,true
677,2,PathTracing.Trace,0,0,false,0.557888000,7,7,true
677,3,Ui.Overlay,0,0,false,0.018400000,7,7,true
677,4,DLSS.RayReconstruction,1,1,false,1.705248000,7,7,true
677,5,Present.Convert,1,1,false,0.046272000,7,7,true
677,6,Present.CopyToSwapchain,1,2,true,0.024096000,7,7,true
678,0,ASBuild.BuildTLAS,0,0,false,0.328896000,7,7,true
678,1,LightPrepare.Upload,0,0,false,0.002080000,7,7,true
678,2,PathTracing.Trace,0,0,false,0.782208000,7,7,true
678,3,Ui.Overlay,0,0,false,0.012160000,7,7,true
678,4,DLSS.RayReconstruction,1,1,false,1.524512000,7,7,true
678,5,Present.Convert,1,1,false,0.045696000,7,7,true
678,6,Present.CopyToSwapchain,1,2,true,0.022080000,7,7,true
679,0,ASBuild.BuildTLAS,0,0,false,0.119936000,7,7,true
679,1,LightPrepare.Upload,0,0,false,0.002112000,7,7,true
679,2,PathTracing.Trace,0,0,false,0.728928000,7,7,true
679,3,Ui.Overlay,0,0,false,0.019584000,7,7,true
679,4,DLSS.RayReconstruction,1,1,false,1.539712000,7,7,true
679,5,Present.Convert,1,1,false,0.050560000,7,7,true
679,6,Present.CopyToSwapchain,1,2,true,0.024544000,7,7,true
680,0,ASBuild.BuildTLAS,0,0,false,0.120288000,7,7,true
680,1,LightPrepare.Upload,0,0,false,0.002464000,7,7,true
680,2,PathTracing.Trace,0,0,false,0.728608000,7,7,true
680,3,Ui.Overlay,0,0,false,0.023424000,7,7,true
680,4,DLSS.RayReconstruction,1,1,false,1.535872000,7,7,true
680,5,Present.Convert,1,1,false,0.047264000,7,7,true
680,6,Present.CopyToSwapchain,1,2,true,0.025248000,7,7,true
681,0,ASBuild.BuildTLAS,0,0,false,0.120736000,7,7,true
681,1,LightPrepare.Upload,0,0,false,0.002144000,7,7,true
681,2,PathTracing.Trace,0,0,false,0.788288000,7,7,true
681,3,Ui.Overlay,0,0,false,0.017152000,7,7,true
681,4,DLSS.RayReconstruction,1,1,false,1.775424000,7,7,true
681,5,Present.Convert,1,1,false,0.049472000,7,7,true
681,6,Present.CopyToSwapchain,1,2,true,0.476704000,7,7,true
682,0,ASBuild.BuildTLAS,0,0,false,0.116128000,7,7,true
682,1,LightPrepare.Upload,0,0,false,0.002112000,7,7,true
682,2,PathTracing.Trace,0,0,false,1.005376000,7,7,true
682,3,Ui.Overlay,0,0,false,0.017504000,7,7,true
682,4,DLSS.RayReconstruction,1,1,false,1.003232000,7,7,true
682,5,Present.Convert,1,1,false,0.049472000,7,7,true
682,6,Present.CopyToSwapchain,1,2,true,0.022272000,7,7,true
683,0,ASBuild.BuildTLAS,0,0,false,0.126304000,7,7,true
683,1,LightPrepare.Upload,0,0,false,0.002112000,7,7,true
683,2,PathTracing.Trace,0,0,false,0.957248000,7,7,true
683,3,Ui.Overlay,0,0,false,0.016384000,7,7,true
683,4,DLSS.RayReconstruction,1,1,false,0.997056000,7,7,true
683,5,Present.Convert,1,1,false,0.047456000,7,7,true
683,6,Present.CopyToSwapchain,1,2,true,0.024256000,7,7,true
684,0,ASBuild.BuildTLAS,0,0,false,0.115040000,7,7,true
684,1,LightPrepare.Upload,0,0,false,0.001632000,7,7,true
684,2,PathTracing.Trace,0,0,false,0.591232000,7,7,true
684,3,Ui.Overlay,0,0,false,0.011776000,7,7,true
684,4,DLSS.RayReconstruction,1,1,false,0.995232000,7,7,true
684,5,Present.Convert,1,1,false,0.422816000,7,7,true
684,6,Present.CopyToSwapchain,1,2,true,0.181280000,7,7,true
685,0,ASBuild.BuildTLAS,0,0,false,0.093312000,7,7,true
685,1,LightPrepare.Upload,0,0,false,0.001632000,7,7,true
685,2,PathTracing.Trace,0,0,false,0.583072000,7,7,true
685,3,Ui.Overlay,0,0,false,0.012576000,7,7,true
685,4,DLSS.RayReconstruction,1,1,false,1.523584000,7,7,true
685,5,Present.Convert,1,1,false,0.050496000,7,7,true
685,6,Present.CopyToSwapchain,1,2,true,0.023488000,7,7,true
686,0,ASBuild.BuildTLAS,0,0,false,0.474496000,7,7,true
686,1,LightPrepare.Upload,0,0,false,0.008864000,7,7,true
686,2,PathTracing.Trace,0,0,false,0.609568000,7,7,true
686,3,Ui.Overlay,0,0,false,0.012448000,7,7,true
686,4,DLSS.RayReconstruction,1,1,false,0.979328000,7,7,true
686,5,Present.Convert,1,1,false,0.047328000,7,7,true
686,6,Present.CopyToSwapchain,1,2,true,0.026240000,7,7,true
687,0,ASBuild.BuildTLAS,0,0,false,0.118624000,7,7,true
687,1,LightPrepare.Upload,0,0,false,0.006176000,7,7,true
687,2,PathTracing.Trace,0,0,false,0.671616000,7,7,true
687,3,Ui.Overlay,0,0,false,0.023712000,7,7,true
687,4,DLSS.RayReconstruction,1,1,false,1.531232000,7,7,true
687,5,Present.Convert,1,1,false,0.052576000,7,7,true
687,6,Present.CopyToSwapchain,1,2,true,0.023456000,7,7,true
688,0,ASBuild.BuildTLAS,0,0,false,0.136288000,7,7,true
688,1,LightPrepare.Upload,0,0,false,0.002080000,7,7,true
688,2,PathTracing.Trace,0,0,false,0.733248000,7,7,true
688,3,Ui.Overlay,0,0,false,0.022208000,7,7,true
688,4,DLSS.RayReconstruction,1,1,false,1.685952000,7,7,true
688,5,Present.Convert,1,1,false,0.048544000,7,7,true
688,6,Present.CopyToSwapchain,1,2,true,0.024704000,7,7,true
689,0,ASBuild.BuildTLAS,0,0,false,0.144352000,7,7,true
689,1,LightPrepare.Upload,0,0,false,0.002752000,7,7,true
689,2,PathTracing.Trace,0,0,false,0.722176000,7,7,true
689,3,Ui.Overlay,0,0,false,0.017536000,7,7,true
689,4,DLSS.RayReconstruction,1,1,false,1.508864000,7,7,true
689,5,Present.Convert,1,1,false,0.051552000,7,7,true
689,6,Present.CopyToSwapchain,1,2,true,0.026112000,7,7,true
690,0,ASBuild.BuildTLAS,0,0,false,0.159232000,7,7,true
690,1,LightPrepare.Upload,0,0,false,0.002112000,7,7,true
690,2,PathTracing.Trace,0,0,false,0.710496000,7,7,true
690,3,Ui.Overlay,0,0,false,0.021344000,7,7,true
690,4,DLSS.RayReconstruction,1,1,false,1.525600000,7,7,true
690,5,Present.Convert,1,1,false,0.050368000,7,7,true
690,6,Present.CopyToSwapchain,1,2,true,0.026656000,7,7,true
691,0,ASBuild.BuildTLAS,0,0,false,0.126080000,7,7,true
691,1,LightPrepare.Upload,0,0,false,0.002720000,7,7,true
691,2,PathTracing.Trace,0,0,false,0.746752000,7,7,true
691,3,Ui.Overlay,0,0,false,0.018432000,7,7,true
691,4,DLSS.RayReconstruction,1,1,false,1.543552000,7,7,true
691,5,Present.Convert,1,1,false,0.050400000,7,7,true
691,6,Present.CopyToSwapchain,1,2,true,0.024448000,7,7,true
692,0,ASBuild.BuildTLAS,0,0,false,0.118112000,7,7,true
692,1,LightPrepare.Upload,0,0,false,0.002080000,7,7,true
692,2,PathTracing.Trace,0,0,false,0.780192000,7,7,true
692,3,Ui.Overlay,0,0,false,0.021728000,7,7,true
692,4,DLSS.RayReconstruction,1,1,false,1.739936000,7,7,true
692,5,Present.Convert,1,1,false,0.050272000,7,7,true
692,6,Present.CopyToSwapchain,1,2,true,0.026592000,7,7,true
693,0,ASBuild.BuildTLAS,0,0,false,0.157760000,7,7,true
693,1,LightPrepare.Upload,0,0,false,0.002080000,7,7,true
693,2,PathTracing.Trace,0,0,false,0.895872000,7,7,true
693,3,Ui.Overlay,0,0,false,0.030656000,7,7,true
693,4,DLSS.RayReconstruction,1,1,false,1.505760000,7,7,true
693,5,Present.Convert,1,1,false,0.051968000,7,7,true
693,6,Present.CopyToSwapchain,1,2,true,0.024384000,7,7,true
694,0,ASBuild.BuildTLAS,0,0,false,0.126848000,7,7,true
694,1,LightPrepare.Upload,0,0,false,0.002016000,7,7,true
694,2,PathTracing.Trace,0,0,false,0.714688000,7,7,true
694,3,Ui.Overlay,0,0,false,0.020032000,7,7,true
694,4,DLSS.RayReconstruction,1,1,false,0.983680000,7,7,true
694,5,Present.Convert,1,1,false,0.045440000,7,7,true
694,6,Present.CopyToSwapchain,1,2,true,0.026272000,7,7,true
695,0,ASBuild.BuildTLAS,0,0,false,0.112064000,7,7,true
695,1,LightPrepare.Upload,0,0,false,0.001664000,7,7,true
695,2,PathTracing.Trace,0,0,false,0.583040000,7,7,true
695,3,Ui.Overlay,0,0,false,0.011968000,7,7,true
695,4,DLSS.RayReconstruction,1,1,false,1.494688000,7,7,true
695,5,Present.Convert,1,1,false,0.059616000,7,7,true
695,6,Present.CopyToSwapchain,1,2,true,0.033504000,7,7,true
696,0,ASBuild.BuildTLAS,0,0,false,0.127328000,7,7,true
696,1,LightPrepare.Upload,0,0,false,0.002080000,7,7,true
696,2,PathTracing.Trace,0,0,false,0.663392000,7,7,true
696,3,Ui.Overlay,0,0,false,0.018560000,7,7,true
696,4,DLSS.RayReconstruction,1,1,false,1.170656000,7,7,true
696,5,Present.Convert,1,1,false,0.052608000,7,7,true
696,6,Present.CopyToSwapchain,1,2,true,0.026112000,7,7,true
697,0,ASBuild.BuildTLAS,0,0,false,0.091264000,7,7,true
697,1,LightPrepare.Upload,0,0,false,0.001632000,7,7,true
697,2,PathTracing.Trace,0,0,false,0.562592000,7,7,true
697,3,Ui.Overlay,0,0,false,0.012352000,7,7,true
697,4,DLSS.RayReconstruction,1,1,false,1.007424000,7,7,true
697,5,Present.Convert,1,1,false,0.045344000,7,7,true
697,6,Present.CopyToSwapchain,1,2,true,0.024384000,7,7,true
698,0,ASBuild.BuildTLAS,0,0,false,0.091456000,7,7,true
698,1,LightPrepare.Upload,0,0,false,0.001632000,7,7,true
698,2,PathTracing.Trace,0,0,false,0.586176000,7,7,true
698,3,Ui.Overlay,0,0,false,0.012640000,7,7,true
698,4,DLSS.RayReconstruction,1,1,false,1.011296000,7,7,true
698,5,Present.Convert,1,1,false,0.053632000,7,7,true
698,6,Present.CopyToSwapchain,1,2,true,0.024032000,7,7,true
699,0,ASBuild.BuildTLAS,0,0,false,0.093280000,7,7,true
699,1,LightPrepare.Upload,0,0,false,0.001792000,7,7,true
699,2,PathTracing.Trace,0,0,false,0.591104000,7,7,true
699,3,Ui.Overlay,0,0,false,0.012288000,7,7,true
699,4,DLSS.RayReconstruction,1,1,false,0.992544000,7,7,true
699,5,Present.Convert,1,1,false,0.052576000,7,7,true
699,6,Present.CopyToSwapchain,1,2,true,0.025504000,7,7,true
700,0,ASBuild.BuildTLAS,0,0,false,0.093632000,7,7,true
700,1,LightPrepare.Upload,0,0,false,0.001632000,7,7,true
700,2,PathTracing.Trace,0,0,false,0.583072000,7,7,true
700,3,Ui.Overlay,0,0,false,0.012640000,7,7,true
700,4,DLSS.RayReconstruction,1,1,false,1.029888000,7,7,true
700,5,Present.Convert,1,1,false,0.374912000,7,7,true
700,6,Present.CopyToSwapchain,1,2,true,0.142912000,7,7,true
701,0,ASBuild.BuildTLAS,0,0,false,0.124480000,7,7,true
701,1,LightPrepare.Upload,0,0,false,0.002048000,7,7,true
701,2,PathTracing.Trace,0,0,false,0.620416000,7,7,true
701,3,Ui.Overlay,0,0,false,0.012160000,7,7,true
701,4,DLSS.RayReconstruction,1,1,false,1.171200000,7,7,true
701,5,Present.Convert,1,1,false,0.141280000,7,7,true
701,6,Present.CopyToSwapchain,1,2,true,0.383392000,7,7,true
702,0,ASBuild.BuildTLAS,0,0,false,0.126176000,7,7,true
702,1,LightPrepare.Upload,0,0,false,0.002176000,7,7,true
702,2,PathTracing.Trace,0,0,false,0.624384000,7,7,true
702,3,Ui.Overlay,0,0,false,0.012608000,7,7,true
702,4,DLSS.RayReconstruction,1,1,false,1.525600000,7,7,true
702,5,Present.Convert,1,1,false,0.047456000,7,7,true
702,6,Present.CopyToSwapchain,1,2,true,0.025088000,7,7,true
703,0,ASBuild.BuildTLAS,0,0,false,0.120928000,7,7,true
703,1,LightPrepare.Upload,0,0,false,0.002176000,7,7,true
703,2,PathTracing.Trace,0,0,false,0.726816000,7,7,true
703,3,Ui.Overlay,0,0,false,0.020416000,7,7,true
703,4,DLSS.RayReconstruction,1,1,false,0.992512000,7,7,true
703,5,Present.Convert,1,1,false,0.157792000,7,7,true
703,6,Present.CopyToSwapchain,1,2,true,0.373760000,7,7,true
704,0,ASBuild.BuildTLAS,0,0,false,0.126048000,7,7,true
704,1,LightPrepare.Upload,0,0,false,0.002080000,7,7,true
704,2,PathTracing.Trace,0,0,false,0.628416000,7,7,true
704,3,Ui.Overlay,0,0,false,0.012480000,7,7,true
704,4,DLSS.RayReconstruction,1,1,false,1.012096000,7,7,true
704,5,Present.Convert,1,1,false,0.047392000,7,7,true
704,6,Present.CopyToSwapchain,1,2,true,0.023104000,7,7,true
705,0,ASBuild.BuildTLAS,0,0,false,0.119712000,7,7,true
705,1,LightPrepare.Upload,0,0,false,0.002176000,7,7,true
705,2,PathTracing.Trace,0,0,false,0.595776000,7,7,true
705,3,Ui.Overlay,0,0,false,0.012448000,7,7,true
705,4,DLSS.RayReconstruction,1,1,false,1.165280000,7,7,true
705,5,Present.Convert,1,1,false,0.052640000,7,7,true
705,6,Present.CopyToSwapchain,1,2,true,0.024192000,7,7,true
706,0,ASBuild.BuildTLAS,0,0,false,0.091008000,7,7,true
706,1,LightPrepare.Upload,0,0,false,0.001664000,7,7,true
706,2,PathTracing.Trace,0,0,false,0.585088000,7,7,true
706,3,Ui.Overlay,0,0,false,0.012640000,7,7,true
706,4,DLSS.RayReconstruction,1,1,false,1.008160000,7,7,true
706,5,Present.Convert,1,1,false,0.045408000,7,7,true
706,6,Present.CopyToSwapchain,1,2,true,0.024000000,7,7,true
707,0,ASBuild.BuildTLAS,0,0,false,0.093152000,7,7,true
707,1,LightPrepare.Upload,0,0,false,0.001568000,7,7,true
707,2,PathTracing.Trace,0,0,false,0.589248000,7,7,true
707,3,Ui.Overlay,0,0,false,0.012224000,7,7,true
707,4,DLSS.RayReconstruction,1,1,false,1.487200000,7,7,true
707,5,Present.Convert,1,1,false,0.061536000,7,7,true
707,6,Present.CopyToSwapchain,1,2,true,0.025504000,7,7,true
708,0,ASBuild.BuildTLAS,0,0,false,0.126272000,7,7,true
708,1,LightPrepare.Upload,0,0,false,0.002048000,7,7,true
708,2,PathTracing.Trace,0,0,false,0.651168000,7,7,true
708,3,Ui.Overlay,0,0,false,0.016352000,7,7,true
708,4,DLSS.RayReconstruction,1,1,false,1.000000000,7,7,true
708,5,Present.Convert,1,1,false,0.051008000,7,7,true
708,6,Present.CopyToSwapchain,1,2,true,0.027488000,7,7,true
709,0,ASBuild.BuildTLAS,0,0,false,0.091328000,7,7,true
709,1,LightPrepare.Upload,0,0,false,0.001664000,7,7,true
709,2,PathTracing.Trace,0,0,false,0.589184000,7,7,true
709,3,Ui.Overlay,0,0,false,0.012864000,7,7,true
709,4,DLSS.RayReconstruction,1,1,false,0.997280000,7,7,true
709,5,Present.Convert,1,1,false,0.051616000,7,7,true
709,6,Present.CopyToSwapchain,1,2,true,0.024064000,7,7,true
710,0,ASBuild.BuildTLAS,0,0,false,0.091584000,7,7,true
710,1,LightPrepare.Upload,0,0,false,0.001728000,7,7,true
710,2,PathTracing.Trace,0,0,false,0.572736000,7,7,true
710,3,Ui.Overlay,0,0,false,0.011968000,7,7,true
710,4,DLSS.RayReconstruction,1,1,false,1.155936000,7,7,true
710,5,Present.Convert,1,1,false,0.050528000,7,7,true
710,6,Present.CopyToSwapchain,1,2,true,0.025632000,7,7,true
711,0,ASBuild.BuildTLAS,0,0,false,0.091424000,7,7,true
711,1,LightPrepare.Upload,0,0,false,0.001600000,7,7,true
711,2,PathTracing.Trace,0,0,false,0.601536000,7,7,true
711,3,Ui.Overlay,0,0,false,0.012672000,7,7,true
711,4,DLSS.RayReconstruction,1,1,false,0.993984000,7,7,true
711,5,Present.Convert,1,1,false,0.052576000,7,7,true
711,6,Present.CopyToSwapchain,1,2,true,0.023872000,7,7,true
712,0,ASBuild.BuildTLAS,0,0,false,0.093472000,7,7,true
712,1,LightPrepare.Upload,0,0,false,0.001664000,7,7,true
712,2,PathTracing.Trace,0,0,false,0.572800000,7,7,true
712,3,Ui.Overlay,0,0,false,0.012224000,7,7,true
712,4,DLSS.RayReconstruction,1,1,false,0.978624000,7,7,true
712,5,Present.Convert,1,1,false,0.050560000,7,7,true
712,6,Present.CopyToSwapchain,1,2,true,0.023872000,7,7,true
713,0,ASBuild.BuildTLAS,0,0,false,0.093440000,7,7,true
713,1,LightPrepare.Upload,0,0,false,0.001632000,7,7,true
713,2,PathTracing.Trace,0,0,false,0.576928000,7,7,true
713,3,Ui.Overlay,0,0,false,0.012704000,7,7,true
713,4,DLSS.RayReconstruction,1,1,false,0.982784000,7,7,true
713,5,Present.Convert,1,1,false,0.053664000,7,7,true
713,6,Present.CopyToSwapchain,1,2,true,0.027904000,7,7,true
714,0,ASBuild.BuildTLAS,0,0,false,0.090784000,7,7,true
714,1,LightPrepare.Upload,0,0,false,0.001728000,7,7,true
714,2,PathTracing.Trace,0,0,false,0.622912000,7,7,true
714,3,Ui.Overlay,0,0,false,0.012224000,7,7,true
714,4,DLSS.RayReconstruction,1,1,false,1.001376000,7,7,true
714,5,Present.Convert,1,1,false,0.145344000,7,7,true
714,6,Present.CopyToSwapchain,1,2,true,0.378176000,7,7,true
715,0,ASBuild.BuildTLAS,0,0,false,0.126368000,7,7,true
715,1,LightPrepare.Upload,0,0,false,0.002176000,7,7,true
715,2,PathTracing.Trace,0,0,false,0.603936000,7,7,true
715,3,Ui.Overlay,0,0,false,0.012288000,7,7,true
715,4,DLSS.RayReconstruction,1,1,false,1.154016000,7,7,true
715,5,Present.Convert,1,1,false,0.047424000,7,7,true
715,6,Present.CopyToSwapchain,1,2,true,0.027392000,7,7,true
716,0,ASBuild.BuildTLAS,0,0,false,0.091232000,7,7,true
716,1,LightPrepare.Upload,0,0,false,0.001632000,7,7,true
716,2,PathTracing.Trace,0,0,false,0.572832000,7,7,true
716,3,Ui.Overlay,0,0,false,0.012352000,7,7,true
716,4,DLSS.RayReconstruction,1,1,false,1.001760000,7,7,true
716,5,Present.Convert,1,1,false,0.045280000,7,7,true
716,6,Present.CopyToSwapchain,1,2,true,0.025184000,7,7,true
717,0,ASBuild.BuildTLAS,0,0,false,0.091456000,7,7,true
717,1,LightPrepare.Upload,0,0,false,0.001632000,7,7,true
717,2,PathTracing.Trace,0,0,false,0.589184000,7,7,true
717,3,Ui.Overlay,0,0,false,0.012448000,7,7,true
717,4,DLSS.RayReconstruction,1,1,false,1.460288000,7,7,true
717,5,Present.Convert,1,1,false,0.061600000,7,7,true
717,6,Present.CopyToSwapchain,1,2,true,0.028704000,7,7,true
718,0,ASBuild.BuildTLAS,0,0,false,0.121664000,7,7,true
718,1,LightPrepare.Upload,0,0,false,0.002080000,7,7,true
718,2,PathTracing.Trace,0,0,false,0.665568000,7,7,true
718,3,Ui.Overlay,0,0,false,0.015584000,7,7,true
718,4,DLSS.RayReconstruction,1,1,false,1.704640000,7,7,true
718,5,Present.Convert,1,1,false,0.060896000,7,7,true
718,6,Present.CopyToSwapchain,1,2,true,0.027392000,7,7,true
719,0,ASBuild.BuildTLAS,0,0,false,0.125952000,7,7,true
719,1,LightPrepare.Upload,0,0,false,0.002048000,7,7,true
719,2,PathTracing.Trace,0,0,false,0.941952000,7,7,true
719,3,Ui.Overlay,0,0,false,0.012288000,7,7,true
719,4,DLSS.RayReconstruction,1,1,false,1.519520000,7,7,true
719,5,Present.Convert,1,1,false,0.050528000,7,7,true
719,6,Present.CopyToSwapchain,1,2,true,0.026080000,7,7,true
720,0,ASBuild.BuildTLAS,0,0,false,0.114592000,7,7,true
720,1,LightPrepare.Upload,0,0,false,0.002912000,7,7,true
720,2,PathTracing.Trace,0,0,false,0.685120000,7,7,true
720,3,Ui.Overlay,0,0,false,0.025440000,7,7,true
720,4,DLSS.RayReconstruction,1,1,false,1.470944000,7,7,true
720,5,Present.Convert,1,1,false,0.061632000,7,7,true
720,6,Present.CopyToSwapchain,1,2,true,0.025344000,7,7,true
721,0,ASBuild.BuildTLAS,0,0,false,0.122752000,7,7,true
721,1,LightPrepare.Upload,0,0,false,0.002368000,7,7,true
721,2,PathTracing.Trace,0,0,false,0.712288000,7,7,true
721,3,Ui.Overlay,0,0,false,0.012128000,7,7,true
721,4,DLSS.RayReconstruction,1,1,false,0.997376000,7,7,true
721,5,Present.Convert,1,1,false,0.045472000,7,7,true
721,6,Present.CopyToSwapchain,1,2,true,0.022080000,7,7,true
722,0,ASBuild.BuildTLAS,0,0,false,0.092416000,7,7,true
722,1,LightPrepare.Upload,0,0,false,0.001952000,7,7,true
722,2,PathTracing.Trace,0,0,false,0.572512000,7,7,true
722,3,Ui.Overlay,0,0,false,0.012416000,7,7,true
722,4,DLSS.RayReconstruction,1,1,false,0.977312000,7,7,true
722,5,Present.Convert,1,1,false,0.050272000,7,7,true
722,6,Present.CopyToSwapchain,1,2,true,0.027712000,7,7,true
723,0,ASBuild.BuildTLAS,0,0,false,0.091328000,7,7,true
723,1,LightPrepare.Upload,0,0,false,0.001952000,7,7,true
723,2,PathTracing.Trace,0,0,false,0.590912000,7,7,true
723,3,Ui.Overlay,0,0,false,0.012416000,7,7,true
723,4,DLSS.RayReconstruction,1,1,false,0.999168000,7,7,true
723,5,Present.Convert,1,1,false,0.047392000,7,7,true
723,6,Present.CopyToSwapchain,1,2,true,0.025760000,7,7,true
724,0,ASBuild.BuildTLAS,0,0,false,0.088512000,7,7,true
724,1,LightPrepare.Upload,0,0,false,0.001568000,7,7,true
724,2,PathTracing.Trace,0,0,false,0.581088000,7,7,true
724,3,Ui.Overlay,0,0,false,0.012416000,7,7,true
724,4,DLSS.RayReconstruction,1,1,false,1.486816000,7,7,true
724,5,Present.Convert,1,1,false,0.050496000,7,7,true
724,6,Present.CopyToSwapchain,1,2,true,0.024128000,7,7,true
725,0,ASBuild.BuildTLAS,0,0,false,0.100992000,7,7,true
725,1,LightPrepare.Upload,0,0,false,0.002144000,7,7,true
725,2,PathTracing.Trace,0,0,false,0.644960000,7,7,true
725,3,Ui.Overlay,0,0,false,0.022944000,7,7,true
725,4,DLSS.RayReconstruction,1,1,false,1.000480000,7,7,true
725,5,Present.Convert,1,1,false,0.368416000,7,7,true
725,6,Present.CopyToSwapchain,1,2,true,0.160224000,7,7,true
726,0,ASBuild.BuildTLAS,0,0,false,0.123104000,7,7,true
726,1,LightPrepare.Upload,0,0,false,0.002048000,7,7,true
726,2,PathTracing.Trace,0,0,false,0.626592000,7,7,true
726,3,Ui.Overlay,0,0,false,0.012672000,7,7,true
726,4,DLSS.RayReconstruction,1,1,false,1.005376000,7,7,true
726,5,Present.Convert,1,1,false,0.047520000,7,7,true
726,6,Present.CopyToSwapchain,1,2,true,0.027008000,7,7,true
727,0,ASBuild.BuildTLAS,0,0,false,0.116192000,7,7,true
727,1,LightPrepare.Upload,0,0,false,0.002176000,7,7,true
727,2,PathTracing.Trace,0,0,false,0.567104000,7,7,true
727,3,Ui.Overlay,0,0,false,0.012160000,7,7,true
727,4,DLSS.RayReconstruction,1,1,false,1.150656000,7,7,true
727,5,Present.Convert,1,1,false,0.045280000,7,7,true
727,6,Present.CopyToSwapchain,1,2,true,0.024704000,7,7,true
728,0,ASBuild.BuildTLAS,0,0,false,0.091936000,7,7,true
728,1,LightPrepare.Upload,0,0,false,0.001664000,7,7,true
728,2,PathTracing.Trace,0,0,false,0.574816000,7,7,true
728,3,Ui.Overlay,0,0,false,0.012480000,7,7,true
728,4,DLSS.RayReconstruction,1,1,false,0.999360000,7,7,true
728,5,Present.Convert,1,1,false,0.050560000,7,7,true
728,6,Present.CopyToSwapchain,1,2,true,0.025632000,7,7,true
729,0,ASBuild.BuildTLAS,0,0,false,0.091744000,7,7,true
729,1,LightPrepare.Upload,0,0,false,0.001792000,7,7,true
729,2,PathTracing.Trace,0,0,false,0.578816000,7,7,true
729,3,Ui.Overlay,0,0,false,0.012096000,7,7,true
729,4,DLSS.RayReconstruction,1,1,false,0.997760000,7,7,true
729,5,Present.Convert,1,1,false,0.047488000,7,7,true
729,6,Present.CopyToSwapchain,1,2,true,0.023520000,7,7,true
730,0,ASBuild.BuildTLAS,0,0,false,0.093152000,7,7,true
730,1,LightPrepare.Upload,0,0,false,0.001664000,7,7,true
730,2,PathTracing.Trace,0,0,false,0.566656000,7,7,true
730,3,Ui.Overlay,0,0,false,0.012192000,7,7,true
730,4,DLSS.RayReconstruction,1,1,false,1.156288000,7,7,true
730,5,Present.Convert,1,1,false,0.050816000,7,7,true
730,6,Present.CopyToSwapchain,1,2,true,0.023872000,7,7,true
731,0,ASBuild.BuildTLAS,0,0,false,0.091296000,7,7,true
731,1,LightPrepare.Upload,0,0,false,0.001696000,7,7,true
731,2,PathTracing.Trace,0,0,false,0.580960000,7,7,true
731,3,Ui.Overlay,0,0,false,0.012064000,7,7,true
731,4,DLSS.RayReconstruction,1,1,false,1.001376000,7,7,true
731,5,Present.Convert,1,1,false,0.052480000,7,7,true
731,6,Present.CopyToSwapchain,1,2,true,0.023776000,7,7,true
732,0,ASBuild.BuildTLAS,0,0,false,0.091840000,7,7,true
732,1,LightPrepare.Upload,0,0,false,0.001728000,7,7,true
732,2,PathTracing.Trace,0,0,false,0.580928000,7,7,true
732,3,Ui.Overlay,0,0,false,0.012256000,7,7,true
732,4,DLSS.RayReconstruction,1,1,false,0.978592000,7,7,true
732,5,Present.Convert,1,1,false,0.047232000,7,7,true
732,6,Present.CopyToSwapchain,1,2,true,0.023840000,7,7,true
733,0,ASBuild.BuildTLAS,0,0,false,0.091552000,7,7,true
733,1,LightPrepare.Upload,0,0,false,0.001632000,7,7,true
733,2,PathTracing.Trace,0,0,false,0.621984000,7,7,true
733,3,Ui.Overlay,0,0,false,0.012256000,7,7,true
733,4,DLSS.RayReconstruction,1,1,false,1.663008000,7,7,true
733,5,Present.Convert,1,1,false,0.049440000,7,7,true
733,6,Present.CopyToSwapchain,1,2,true,0.028608000,7,7,true
734,0,ASBuild.BuildTLAS,0,0,false,0.129152000,7,7,true
734,1,LightPrepare.Upload,0,0,false,0.002080000,7,7,true
734,2,PathTracing.Trace,0,0,false,0.794976000,7,7,true
734,3,Ui.Overlay,0,0,false,0.013344000,7,7,true
734,4,DLSS.RayReconstruction,1,1,false,0.995584000,7,7,true
734,5,Present.Convert,1,1,false,0.054592000,7,7,true
734,6,Present.CopyToSwapchain,1,2,true,0.028256000,7,7,true
735,0,ASBuild.BuildTLAS,0,0,false,0.117248000,7,7,true
735,1,LightPrepare.Upload,0,0,false,0.001696000,7,7,true
735,2,PathTracing.Trace,0,0,false,0.578880000,7,7,true
735,3,Ui.Overlay,0,0,false,0.012384000,7,7,true
735,4,DLSS.RayReconstruction,1,1,false,0.980064000,7,7,true
735,5,Present.Convert,1,1,false,0.052640000,7,7,true
735,6,Present.CopyToSwapchain,1,2,true,0.025984000,7,7,true
736,0,ASBuild.BuildTLAS,0,0,false,0.093440000,7,7,true
736,1,LightPrepare.Upload,0,0,false,0.001760000,7,7,true
736,2,PathTracing.Trace,0,0,false,0.573728000,7,7,true
736,3,Ui.Overlay,0,0,false,0.012576000,7,7,true
736,4,DLSS.RayReconstruction,1,1,false,1.466400000,7,7,true
736,5,Present.Convert,1,1,false,0.050368000,7,7,true
736,6,Present.CopyToSwapchain,1,2,true,0.022400000,7,7,true
737,0,ASBuild.BuildTLAS,0,0,false,0.120960000,7,7,true
737,1,LightPrepare.Upload,0,0,false,0.002880000,7,7,true
737,2,PathTracing.Trace,0,0,false,0.619616000,7,7,true
737,3,Ui.Overlay,0,0,false,0.030848000,7,7,true
737,4,DLSS.RayReconstruction,1,1,false,1.647744000,7,7,true
737,5,Present.Convert,1,1,false,0.063552000,7,7,true
737,6,Present.CopyToSwapchain,1,2,true,0.025952000,7,7,true
738,0,ASBuild.BuildTLAS,0,0,false,0.125440000,7,7,true
738,1,LightPrepare.Upload,0,0,false,0.002048000,7,7,true
738,2,PathTracing.Trace,0,0,false,0.671648000,7,7,true
738,3,Ui.Overlay,0,0,false,0.021760000,7,7,true
738,4,DLSS.RayReconstruction,1,1,false,1.001504000,7,7,true
738,5,Present.Convert,1,1,false,0.052576000,7,7,true
738,6,Present.CopyToSwapchain,1,2,true,0.024096000,7,7,true
739,0,ASBuild.BuildTLAS,0,0,false,0.091840000,7,7,true
739,1,LightPrepare.Upload,0,0,false,0.001632000,7,7,true
739,2,PathTracing.Trace,0,0,false,0.591232000,7,7,true
739,3,Ui.Overlay,0,0,false,0.012416000,7,7,true
739,4,DLSS.RayReconstruction,1,1,false,0.978976000,7,7,true
739,5,Present.Convert,1,1,false,0.050496000,7,7,true
739,6,Present.CopyToSwapchain,1,2,true,0.024256000,7,7,true
740,0,ASBuild.BuildTLAS,0,0,false,0.094080000,7,7,true
740,1,LightPrepare.Upload,0,0,false,0.001664000,7,7,true
740,2,PathTracing.Trace,0,0,false,0.564576000,7,7,true
740,3,Ui.Overlay,0,0,false,0.012544000,7,7,true
740,4,DLSS.RayReconstruction,1,1,false,0.985120000,7,7,true
740,5,Present.Convert,1,1,false,0.219104000,7,7,true
740,6,Present.CopyToSwapchain,1,2,true,0.023872000,7,7,true
741,0,ASBuild.BuildTLAS,0,0,false,0.091328000,7,7,true
741,1,LightPrepare.Upload,0,0,false,0.001664000,7,7,true
741,2,PathTracing.Trace,0,0,false,0.598400000,7,7,true
741,3,Ui.Overlay,0,0,false,0.012384000,7,7,true
741,4,DLSS.RayReconstruction,1,1,false,1.503392000,7,7,true
741,5,Present.Convert,1,1,false,0.047584000,7,7,true
741,6,Present.CopyToSwapchain,1,2,true,0.024160000,7,7,true
742,0,ASBuild.BuildTLAS,0,0,false,0.130016000,7,7,true
742,1,LightPrepare.Upload,0,0,false,0.006112000,7,7,true
742,2,PathTracing.Trace,0,0,false,0.708544000,7,7,true
742,3,Ui.Overlay,0,0,false,0.021856000,7,7,true
742,4,DLSS.RayReconstruction,1,1,false,1.479424000,7,7,true
742,5,Present.Convert,1,1,false,0.050464000,7,7,true
742,6,Present.CopyToSwapchain,1,2,true,0.022624000,7,7,true
743,0,ASBuild.BuildTLAS,0,0,false,0.126240000,7,7,true
743,1,LightPrepare.Upload,0,0,false,0.002144000,7,7,true
743,2,PathTracing.Trace,0,0,false,0.657216000,7,7,true
743,3,Ui.Overlay,0,0,false,0.020416000,7,7,true
743,4,DLSS.RayReconstruction,1,1,false,0.997696000,7,7,true
743,5,Present.Convert,1,1,false,0.047552000,7,7,true
743,6,Present.CopyToSwapchain,1,2,true,0.024928000,7,7,true
744,0,ASBuild.BuildTLAS,0,0,false,0.102496000,7,7,true
744,1,LightPrepare.Upload,0,0,false,0.001632000,7,7,true
744,2,PathTracing.Trace,0,0,false,0.566688000,7,7,true
744,3,Ui.Overlay,0,0,false,0.012384000,7,7,true
744,4,DLSS.RayReconstruction,1,1,false,0.983328000,7,7,true
744,5,Present.Convert,1,1,false,0.056672000,7,7,true
744,6,Present.CopyToSwapchain,1,2,true,0.024128000,7,7,true
745,0,ASBuild.BuildTLAS,0,0,false,0.093408000,7,7,true
745,1,LightPrepare.Upload,0,0,false,0.001632000,7,7,true
745,2,PathTracing.Trace,0,0,false,0.585120000,7,7,true
745,3,Ui.Overlay,0,0,false,0.012512000,7,7,true
745,4,DLSS.RayReconstruction,1,1,false,0.995520000,7,7,true
745,5,Present.Convert,1,1,false,0.045280000,7,7,true
745,6,Present.CopyToSwapchain,1,2,true,0.023264000,7,7,true
746,0,ASBuild.BuildTLAS,0,0,false,0.091808000,7,7,true
746,1,LightPrepare.Upload,0,0,false,0.001600000,7,7,true
746,2,PathTracing.Trace,0,0,false,0.554464000,7,7,true
746,3,Ui.Overlay,0,0,false,0.012192000,7,7,true
746,4,DLSS.RayReconstruction,1,1,false,0.997632000,7,7,true
746,5,Present.Convert,1,1,false,0.050528000,7,7,true
746,6,Present.CopyToSwapchain,1,2,true,0.024032000,7,7,true
747,0,ASBuild.BuildTLAS,0,0,false,0.092864000,7,7,true
747,1,LightPrepare.Upload,0,0,false,0.001888000,7,7,true
747,2,PathTracing.Trace,0,0,false,0.606368000,7,7,true
747,3,Ui.Overlay,0,0,false,0.012288000,7,7,true
747,4,DLSS.RayReconstruction,1,1,false,1.231328000,7,7,true
747,5,Present.Convert,1,1,false,0.442048000,7,7,true
747,6,Present.CopyToSwapchain,1,2,true,0.053344000,7,7,true
748,0,ASBuild.BuildTLAS,0,0,false,0.124384000,7,7,true
748,1,LightPrepare.Upload,0,0,false,0.002080000,7,7,true
748,2,PathTracing.Trace,0,0,false,0.673664000,7,7,true
748,3,Ui.Overlay,0,0,false,0.012256000,7,7,true
748,4,DLSS.RayReconstruction,1,1,false,1.002336000,7,7,true
748,5,Present.Convert,1,1,false,0.049472000,7,7,true
748,6,Present.CopyToSwapchain,1,2,true,0.022176000,7,7,true
749,0,ASBuild.BuildTLAS,0,0,false,0.091552000,7,7,true
749,1,LightPrepare.Upload,0,0,false,0.001664000,7,7,true
749,2,PathTracing.Trace,0,0,false,0.564640000,7,7,true
749,3,Ui.Overlay,0,0,false,0.012864000,7,7,true
749,4,DLSS.RayReconstruction,1,1,false,0.979904000,7,7,true
749,5,Present.Convert,1,1,false,0.052416000,7,7,true
749,6,Present.CopyToSwapchain,1,2,true,0.024032000,7,7,true
750,0,ASBuild.BuildTLAS,0,0,false,0.091936000,7,7,true
750,1,LightPrepare.Upload,0,0,false,0.001664000,7,7,true
750,2,PathTracing.Trace,0,0,false,0.585088000,7,7,true
750,3,Ui.Overlay,0,0,false,0.012352000,7,7,true
750,4,DLSS.RayReconstruction,1,1,false,1.007392000,7,7,true
750,5,Present.Convert,1,1,false,0.045696000,7,7,true
750,6,Present.CopyToSwapchain,1,2,true,0.023776000,7,7,true
751,0,ASBuild.BuildTLAS,0,0,false,0.090848000,7,7,true
751,1,LightPrepare.Upload,0,0,false,0.001632000,7,7,true
751,2,PathTracing.Trace,0,0,false,0.576928000,7,7,true
751,3,Ui.Overlay,0,0,false,0.012288000,7,7,true
751,4,DLSS.RayReconstruction,1,1,false,0.995904000,7,7,true
751,5,Present.Convert,1,1,false,0.045376000,7,7,true
751,6,Present.CopyToSwapchain,1,2,true,0.024064000,7,7,true
752,0,ASBuild.BuildTLAS,0,0,false,0.093888000,7,7,true
752,1,LightPrepare.Upload,0,0,false,0.001632000,7,7,true
752,2,PathTracing.Trace,0,0,false,0.579008000,7,7,true
752,3,Ui.Overlay,0,0,false,0.012352000,7,7,true
752,4,DLSS.RayReconstruction,1,1,false,0.977440000,7,7,true
752,5,Present.Convert,1,1,false,0.055744000,7,7,true
752,6,Present.CopyToSwapchain,1,2,true,0.023968000,7,7,true
753,0,ASBuild.BuildTLAS,0,0,false,0.091808000,7,7,true
753,1,LightPrepare.Upload,0,0,false,0.001568000,7,7,true
753,2,PathTracing.Trace,0,0,false,0.568800000,7,7,true
753,3,Ui.Overlay,0,0,false,0.012320000,7,7,true
753,4,DLSS.RayReconstruction,1,1,false,1.004544000,7,7,true
753,5,Present.Convert,1,1,false,0.048352000,7,7,true
753,6,Present.CopyToSwapchain,1,2,true,0.024032000,7,7,true
754,0,ASBuild.BuildTLAS,0,0,false,0.092512000,7,7,true
754,1,LightPrepare.Upload,0,0,false,0.001664000,7,7,true
754,2,PathTracing.Trace,0,0,false,0.550272000,7,7,true
754,3,Ui.Overlay,0,0,false,0.012160000,7,7,true
754,4,DLSS.RayReconstruction,1,1,false,0.978720000,7,7,true
754,5,Present.Convert,1,1,false,0.050464000,7,7,true
754,6,Present.CopyToSwapchain,1,2,true,0.023776000,7,7,true
755,0,ASBuild.BuildTLAS,0,0,false,0.092064000,7,7,true
755,1,LightPrepare.Upload,0,0,false,0.001856000,7,7,true
755,2,PathTracing.Trace,0,0,false,0.599232000,7,7,true
755,3,Ui.Overlay,0,0,false,0.012480000,7,7,true
755,4,DLSS.RayReconstruction,1,1,false,0.996960000,7,7,true
755,5,Present.Convert,1,1,false,0.051296000,7,7,true
755,6,Present.CopyToSwapchain,1,2,true,0.027840000,7,7,true
756,0,ASBuild.BuildTLAS,0,0,false,0.091360000,7,7,true
756,1,LightPrepare.Upload,0,0,false,0.001664000,7,7,true
756,2,PathTracing.Trace,0,0,false,0.593280000,7,7,true
756,3,Ui.Overlay,0,0,false,0.012320000,7,7,true
756,4,DLSS.RayReconstruction,1,1,false,1.003552000,7,7,true
756,5,Present.Convert,1,1,false,0.047456000,7,7,true
756,6,Present.CopyToSwapchain,1,2,true,0.023936000,7,7,true
757,0,ASBuild.BuildTLAS,0,0,false,0.090784000,7,7,true
757,1,LightPrepare.Upload,0,0,false,0.001632000,7,7,true
757,2,PathTracing.Trace,0,0,false,0.732576000,7,7,true
757,3,Ui.Overlay,0,0,false,0.012032000,7,7,true
757,4,DLSS.RayReconstruction,1,1,false,1.435584000,7,7,true
757,5,Present.Convert,1,1,false,0.075872000,7,7,true
757,6,Present.CopyToSwapchain,1,2,true,0.029216000,7,7,true
758,0,ASBuild.BuildTLAS,0,0,false,0.123296000,7,7,true
758,1,LightPrepare.Upload,0,0,false,0.002080000,7,7,true
758,2,PathTracing.Trace,0,0,false,0.675744000,7,7,true
758,3,Ui.Overlay,0,0,false,0.012800000,7,7,true
758,4,DLSS.RayReconstruction,1,1,false,1.000384000,7,7,true
758,5,Present.Convert,1,1,false,0.052608000,7,7,true
758,6,Present.CopyToSwapchain,1,2,true,0.025792000,7,7,true
759,0,ASBuild.BuildTLAS,0,0,false,0.090528000,7,7,true
759,1,LightPrepare.Upload,0,0,false,0.001696000,7,7,true
759,2,PathTracing.Trace,0,0,false,0.636256000,7,7,true
759,3,Ui.Overlay,0,0,false,0.012160000,7,7,true
759,4,DLSS.RayReconstruction,1,1,false,0.976512000,7,7,true
759,5,Present.Convert,1,1,false,0.045792000,7,7,true
759,6,Present.CopyToSwapchain,1,2,true,0.024064000,7,7,true
760,0,ASBuild.BuildTLAS,0,0,false,0.092832000,7,7,true
760,1,LightPrepare.Upload,0,0,false,0.001632000,7,7,true
760,2,PathTracing.Trace,0,0,false,0.611744000,7,7,true
760,3,Ui.Overlay,0,0,false,0.012256000,7,7,true
760,4,DLSS.RayReconstruction,1,1,false,0.999520000,7,7,true
760,5,Present.Convert,1,1,false,0.045568000,7,7,true
760,6,Present.CopyToSwapchain,1,2,true,0.200960000,7,7,true
761,0,ASBuild.BuildTLAS,0,0,false,0.091200000,7,7,true
761,1,LightPrepare.Upload,0,0,false,0.001856000,7,7,true
761,2,PathTracing.Trace,0,0,false,0.575680000,7,7,true
761,3,Ui.Overlay,0,0,false,0.012320000,7,7,true
761,4,DLSS.RayReconstruction,1,1,false,1.001248000,7,7,true
761,5,Present.Convert,1,1,false,0.050464000,7,7,true
761,6,Present.CopyToSwapchain,1,2,true,0.024288000,7,7,true
762,0,ASBuild.BuildTLAS,0,0,false,0.090880000,7,7,true
762,1,LightPrepare.Upload,0,0,false,0.001664000,7,7,true
762,2,PathTracing.Trace,0,0,false,0.589184000,7,7,true
762,3,Ui.Overlay,0,0,false,0.012160000,7,7,true
762,4,DLSS.RayReconstruction,1,1,false,0.981568000,7,7,true
762,5,Present.Convert,1,1,false,0.047520000,7,7,true
762,6,Present.CopyToSwapchain,1,2,true,0.024064000,7,7,true
763,0,ASBuild.BuildTLAS,0,0,false,0.092064000,7,7,true
763,1,LightPrepare.Upload,0,0,false,0.001632000,7,7,true
763,2,PathTracing.Trace,0,0,false,0.558496000,7,7,true
763,3,Ui.Overlay,0,0,false,0.012384000,7,7,true
763,4,DLSS.RayReconstruction,1,1,false,0.995232000,7,7,true
763,5,Present.Convert,1,1,false,0.047488000,7,7,true
763,6,Present.CopyToSwapchain,1,2,true,0.024224000,7,7,true
764,0,ASBuild.BuildTLAS,0,0,false,0.093312000,7,7,true
764,1,LightPrepare.Upload,0,0,false,0.001632000,7,7,true
764,2,PathTracing.Trace,0,0,false,0.767392000,7,7,true
764,3,Ui.Overlay,0,0,false,0.012352000,7,7,true
764,4,DLSS.RayReconstruction,1,1,false,1.036576000,7,7,true
764,5,Present.Convert,1,1,false,0.450048000,7,7,true
764,6,Present.CopyToSwapchain,1,2,true,0.064192000,7,7,true
765,0,ASBuild.BuildTLAS,0,0,false,0.120256000,7,7,true
765,1,LightPrepare.Upload,0,0,false,0.003040000,7,7,true
765,2,PathTracing.Trace,0,0,false,0.635840000,7,7,true
765,3,Ui.Overlay,0,0,false,0.012736000,7,7,true
765,4,DLSS.RayReconstruction,1,1,false,0.979648000,7,7,true
765,5,Present.Convert,1,1,false,0.051392000,7,7,true
765,6,Present.CopyToSwapchain,1,2,true,0.024032000,7,7,true
766,0,ASBuild.BuildTLAS,0,0,false,0.091168000,7,7,true
766,1,LightPrepare.Upload,0,0,false,0.001632000,7,7,true
766,2,PathTracing.Trace,0,0,false,0.585120000,7,7,true
766,3,Ui.Overlay,0,0,false,0.012160000,7,7,true
766,4,DLSS.RayReconstruction,1,1,false,1.011840000,7,7,true
766,5,Present.Convert,1,1,false,0.211936000,7,7,true
766,6,Present.CopyToSwapchain,1,2,true,0.316704000,7,7,true
767,0,ASBuild.BuildTLAS,0,0,false,0.123968000,7,7,true
767,1,LightPrepare.Upload,0,0,false,0.003936000,7,7,true
767,2,PathTracing.Trace,0,0,false,0.601248000,7,7,true
767,3,Ui.Overlay,0,0,false,0.012352000,7,7,true
767,4,DLSS.RayReconstruction,1,1,false,1.508928000,7,7,true
767,5,Present.Convert,1,1,false,0.178048000,7,7,true
767,6,Present.CopyToSwapchain,1,2,true,0.034016000,7,7,true
768,0,ASBuild.BuildTLAS,0,0,false,0.125824000,7,7,true
768,1,LightPrepare.Upload,0,0,false,0.002144000,7,7,true
768,2,PathTracing.Trace,0,0,false,0.661280000,7,7,true
768,3,Ui.Overlay,0,0,false,0.012480000,7,7,true
768,4,DLSS.RayReconstruction,1,1,false,0.992864000,7,7,true
768,5,Present.Convert,1,1,false,0.052608000,7,7,true
768,6,Present.CopyToSwapchain,1,2,true,0.024032000,7,7,true
769,0,ASBuild.BuildTLAS,0,0,false,0.091520000,7,7,true
769,1,LightPrepare.Upload,0,0,false,0.001696000,7,7,true
769,2,PathTracing.Trace,0,0,false,0.615776000,7,7,true
769,3,Ui.Overlay,0,0,false,0.013760000,7,7,true
769,4,DLSS.RayReconstruction,1,1,false,1.463488000,7,7,true
769,5,Present.Convert,1,1,false,0.063680000,7,7,true
769,6,Present.CopyToSwapchain,1,2,true,0.025536000,7,7,true
770,0,ASBuild.BuildTLAS,0,0,false,0.127136000,7,7,true
770,1,LightPrepare.Upload,0,0,false,0.002080000,7,7,true
770,2,PathTracing.Trace,0,0,false,0.681856000,7,7,true
770,3,Ui.Overlay,0,0,false,0.012288000,7,7,true
770,4,DLSS.RayReconstruction,1,1,false,1.480480000,7,7,true
770,5,Present.Convert,1,1,false,0.052512000,7,7,true
770,6,Present.CopyToSwapchain,1,2,true,0.023968000,7,7,true
771,0,ASBuild.BuildTLAS,0,0,false,0.148288000,7,7,true
771,1,LightPrepare.Upload,0,0,false,0.002016000,7,7,true
771,2,PathTracing.Trace,0,0,false,0.700384000,7,7,true
771,3,Ui.Overlay,0,0,false,0.023744000,7,7,true
771,4,DLSS.RayReconstruction,1,1,false,1.482368000,7,7,true
771,5,Present.Convert,1,1,false,0.048416000,7,7,true
771,6,Present.CopyToSwapchain,1,2,true,0.023872000,7,7,true
772,0,ASBuild.BuildTLAS,0,0,false,0.093408000,7,7,true
772,1,LightPrepare.Upload,0,0,false,0.005632000,7,7,true
772,2,PathTracing.Trace,0,0,false,0.737760000,7,7,true
772,3,Ui.Overlay,0,0,false,0.020736000,7,7,true
772,4,DLSS.RayReconstruction,1,1,false,1.470304000,7,7,true
772,5,Present.Convert,1,1,false,0.047488000,7,7,true
772,6,Present.CopyToSwapchain,1,2,true,0.024224000,7,7,true
773,0,ASBuild.BuildTLAS,0,0,false,0.145504000,7,7,true
773,1,LightPrepare.Upload,0,0,false,0.003072000,7,7,true
773,2,PathTracing.Trace,0,0,false,0.754592000,7,7,true
773,3,Ui.Overlay,0,0,false,0.020768000,7,7,true
773,4,DLSS.RayReconstruction,1,1,false,1.489760000,7,7,true
773,5,Present.Convert,1,1,false,0.051552000,7,7,true
773,6,Present.CopyToSwapchain,1,2,true,0.023712000,7,7,true
774,0,ASBuild.BuildTLAS,0,0,false,0.125088000,7,7,true
774,1,LightPrepare.Upload,0,0,false,0.002336000,7,7,true
774,2,PathTracing.Trace,0,0,false,0.697984000,7,7,true
774,3,Ui.Overlay,0,0,false,0.030720000,7,7,true
774,4,DLSS.RayReconstruction,1,1,false,1.003808000,7,7,true
774,5,Present.Convert,1,1,false,0.047360000,7,7,true
774,6,Present.CopyToSwapchain,1,2,true,0.023808000,7,7,true
775,0,ASBuild.BuildTLAS,0,0,false,0.091136000,7,7,true
775,1,LightPrepare.Upload,0,0,false,0.001696000,7,7,true
775,2,PathTracing.Trace,0,0,false,0.593248000,7,7,true
775,3,Ui.Overlay,0,0,false,0.012352000,7,7,true
775,4,DLSS.RayReconstruction,1,1,false,0.999648000,7,7,true
775,5,Present.Convert,1,1,false,0.047264000,7,7,true
775,6,Present.CopyToSwapchain,1,2,true,0.025024000,7,7,true
776,0,ASBuild.BuildTLAS,0,0,false,0.116480000,7,7,true
776,1,LightPrepare.Upload,0,0,false,0.001856000,7,7,true
776,2,PathTracing.Trace,0,0,false,0.567456000,7,7,true
776,3,Ui.Overlay,0,0,false,0.012320000,7,7,true
776,4,DLSS.RayReconstruction,1,1,false,0.993120000,7,7,true
776,5,Present.Convert,1,1,false,0.054496000,7,7,true
776,6,Present.CopyToSwapchain,1,2,true,0.026048000,7,7,true
777,0,ASBuild.BuildTLAS,0,0,false,0.091296000,7,7,true
777,1,LightPrepare.Upload,0,0,false,0.001600000,7,7,true
777,2,PathTracing.Trace,0,0,false,0.554400000,7,7,true
777,3,Ui.Overlay,0,0,false,0.012416000,7,7,true
777,4,DLSS.RayReconstruction,1,1,false,1.001248000,7,7,true
777,5,Present.Convert,1,1,false,0.056672000,7,7,true
777,6,Present.CopyToSwapchain,1,2,true,0.023232000,7,7,true
778,0,ASBuild.BuildTLAS,0,0,false,0.092992000,7,7,true
778,1,LightPrepare.Upload,0,0,false,0.001632000,7,7,true
778,2,PathTracing.Trace,0,0,false,0.572832000,7,7,true
778,3,Ui.Overlay,0,0,false,0.012256000,7,7,true
778,4,DLSS.RayReconstruction,1,1,false,1.154464000,7,7,true
778,5,Present.Convert,1,1,false,0.045408000,7,7,true
778,6,Present.CopyToSwapchain,1,2,true,0.024288000,7,7,true
779,0,ASBuild.BuildTLAS,0,0,false,0.091712000,7,7,true
779,1,LightPrepare.Upload,0,0,false,0.001632000,7,7,true
779,2,PathTracing.Trace,0,0,false,0.567680000,7,7,true
779,3,Ui.Overlay,0,0,false,0.012512000,7,7,true
779,4,DLSS.RayReconstruction,1,1,false,0.995200000,7,7,true
779,5,Present.Convert,1,1,false,0.047424000,7,7,true
779,6,Present.CopyToSwapchain,1,2,true,0.023968000,7,7,true
780,0,ASBuild.BuildTLAS,0,0,false,0.091520000,7,7,true
780,1,LightPrepare.Upload,0,0,false,0.001920000,7,7,true
780,2,PathTracing.Trace,0,0,false,0.595072000,7,7,true
780,3,Ui.Overlay,0,0,false,0.012256000,7,7,true
780,4,DLSS.RayReconstruction,1,1,false,0.975168000,7,7,true
780,5,Present.Convert,1,1,false,0.050976000,7,7,true
780,6,Present.CopyToSwapchain,1,2,true,0.023648000,7,7,true
781,0,ASBuild.BuildTLAS,0,0,false,0.093536000,7,7,true
781,1,LightPrepare.Upload,0,0,false,0.001632000,7,7,true
781,2,PathTracing.Trace,0,0,false,0.583072000,7,7,true
781,3,Ui.Overlay,0,0,false,0.012384000,7,7,true
781,4,DLSS.RayReconstruction,1,1,false,1.190048000,7,7,true
781,5,Present.Convert,1,1,false,0.055040000,7,7,true
781,6,Present.CopyToSwapchain,1,2,true,0.025088000,7,7,true
782,0,ASBuild.BuildTLAS,0,0,false,0.091232000,7,7,true
782,1,LightPrepare.Upload,0,0,false,0.001760000,7,7,true
782,2,PathTracing.Trace,0,0,false,0.605472000,7,7,true
782,3,Ui.Overlay,0,0,false,0.012672000,7,7,true
782,4,DLSS.RayReconstruction,1,1,false,1.001344000,7,7,true
782,5,Present.Convert,1,1,false,0.047488000,7,7,true
782,6,Present.CopyToSwapchain,1,2,true,0.023936000,7,7,true
783,0,ASBuild.BuildTLAS,0,0,false,0.090848000,7,7,true
783,1,LightPrepare.Upload,0,0,false,0.001664000,7,7,true
783,2,PathTracing.Trace,0,0,false,0.592256000,7,7,true
783,3,Ui.Overlay,0,0,false,0.011936000,7,7,true
783,4,DLSS.RayReconstruction,1,1,false,0.980992000,7,7,true
783,5,Present.Convert,1,1,false,0.050752000,7,7,true
783,6,Present.CopyToSwapchain,1,2,true,0.025664000,7,7,true
784,0,ASBuild.BuildTLAS,0,0,false,0.092608000,7,7,true
784,1,LightPrepare.Upload,0,0,false,0.001664000,7,7,true
784,2,PathTracing.Trace,0,0,false,0.582016000,7,7,true
784,3,Ui.Overlay,0,0,false,0.012608000,7,7,true
784,4,DLSS.RayReconstruction,1,1,false,1.001920000,7,7,true
784,5,Present.Convert,1,1,false,0.045376000,7,7,true
784,6,Present.CopyToSwapchain,1,2,true,0.023936000,7,7,true
785,0,ASBuild.BuildTLAS,0,0,false,0.091296000,7,7,true
785,1,LightPrepare.Upload,0,0,false,0.001696000,7,7,true
785,2,PathTracing.Trace,0,0,false,0.597376000,7,7,true
785,3,Ui.Overlay,0,0,false,0.012288000,7,7,true
785,4,DLSS.RayReconstruction,1,1,false,0.983008000,7,7,true
785,5,Present.Convert,1,1,false,0.047360000,7,7,true
785,6,Present.CopyToSwapchain,1,2,true,0.023808000,7,7,true
786,0,ASBuild.BuildTLAS,0,0,false,0.090624000,7,7,true
786,1,LightPrepare.Upload,0,0,false,0.001600000,7,7,true
786,2,PathTracing.Trace,0,0,false,0.603552000,7,7,true
786,3,Ui.Overlay,0,0,false,0.012448000,7,7,true
786,4,DLSS.RayReconstruction,1,1,false,1.144064000,7,7,true
786,5,Present.Convert,1,1,false,0.045696000,7,7,true
786,6,Present.CopyToSwapchain,1,2,true,0.025440000,7,7,true
787,0,ASBuild.BuildTLAS,0,0,false,0.090592000,7,7,true
787,1,LightPrepare.Upload,0,0,false,0.001600000,7,7,true
787,2,PathTracing.Trace,0,0,false,0.578976000,7,7,true
787,3,Ui.Overlay,0,0,false,0.012320000,7,7,true
787,4,DLSS.RayReconstruction,1,1,false,0.999584000,7,7,true
787,5,Present.Convert,1,1,false,0.046400000,7,7,true
787,6,Present.CopyToSwapchain,1,2,true,0.024096000,7,7,true
788,0,ASBuild.BuildTLAS,0,0,false,0.093600000,7,7,true
788,1,LightPrepare.Upload,0,0,false,0.001728000,7,7,true
788,2,PathTracing.Trace,0,0,false,0.563520000,7,7,true
788,3,Ui.Overlay,0,0,false,0.013088000,7,7,true
788,4,DLSS.RayReconstruction,1,1,false,0.979040000,7,7,true
788,5,Present.Convert,1,1,false,0.050560000,7,7,true
788,6,Present.CopyToSwapchain,1,2,true,0.025472000,7,7,true
789,0,ASBuild.BuildTLAS,0,0,false,0.091168000,7,7,true
789,1,LightPrepare.Upload,0,0,false,0.001728000,7,7,true
789,2,PathTracing.Trace,0,0,false,0.570656000,7,7,true
789,3,Ui.Overlay,0,0,false,0.012448000,7,7,true
789,4,DLSS.RayReconstruction,1,1,false,1.180640000,7,7,true
789,5,Present.Convert,1,1,false,0.053632000,7,7,true
789,6,Present.CopyToSwapchain,1,2,true,0.028768000,7,7,true
790,0,ASBuild.BuildTLAS,0,0,false,0.091104000,7,7,true
790,1,LightPrepare.Upload,0,0,false,0.002048000,7,7,true
790,2,PathTracing.Trace,0,0,false,0.588768000,7,7,true
790,3,Ui.Overlay,0,0,false,0.012512000,7,7,true
790,4,DLSS.RayReconstruction,1,1,false,1.004832000,7,7,true
790,5,Present.Convert,1,1,false,0.046400000,7,7,true
790,6,Present.CopyToSwapchain,1,2,true,0.024128000,7,7,true
791,0,ASBuild.BuildTLAS,0,0,false,0.092224000,7,7,true
791,1,LightPrepare.Upload,0,0,false,0.001728000,7,7,true
791,2,PathTracing.Trace,0,0,false,0.578912000,7,7,true
791,3,Ui.Overlay,0,0,false,0.012128000,7,7,true
791,4,DLSS.RayReconstruction,1,1,false,0.979168000,7,7,true
791,5,Present.Convert,1,1,false,0.045408000,7,7,true
791,6,Present.CopyToSwapchain,1,2,true,0.025472000,7,7,true
792,0,ASBuild.BuildTLAS,0,0,false,0.092608000,7,7,true
792,1,LightPrepare.Upload,0,0,false,0.001568000,7,7,true
792,2,PathTracing.Trace,0,0,false,0.597472000,7,7,true
792,3,Ui.Overlay,0,0,false,0.012384000,7,7,true
792,4,DLSS.RayReconstruction,1,1,false,0.999616000,7,7,true
792,5,Present.Convert,1,1,false,0.052576000,7,7,true
792,6,Present.CopyToSwapchain,1,2,true,0.023648000,7,7,true
793,0,ASBuild.BuildTLAS,0,0,false,0.092992000,7,7,true
793,1,LightPrepare.Upload,0,0,false,0.001568000,7,7,true
793,2,PathTracing.Trace,0,0,false,0.578016000,7,7,true
793,3,Ui.Overlay,0,0,false,0.012096000,7,7,true
793,4,DLSS.RayReconstruction,1,1,false,1.482144000,7,7,true
793,5,Present.Convert,1,1,false,0.050528000,7,7,true
793,6,Present.CopyToSwapchain,1,2,true,0.023776000,7,7,true
794,0,ASBuild.BuildTLAS,0,0,false,0.101024000,7,7,true
794,1,LightPrepare.Upload,0,0,false,0.001728000,7,7,true
794,2,PathTracing.Trace,0,0,false,0.731424000,7,7,true
794,3,Ui.Overlay,0,0,false,0.022304000,7,7,true
794,4,DLSS.RayReconstruction,1,1,false,1.468352000,7,7,true
794,5,Present.Convert,1,1,false,0.057632000,7,7,true
794,6,Present.CopyToSwapchain,1,2,true,0.025728000,7,7,true
795,0,ASBuild.BuildTLAS,0,0,false,0.126624000,7,7,true
795,1,LightPrepare.Upload,0,0,false,0.001888000,7,7,true
795,2,PathTracing.Trace,0,0,false,0.700480000,7,7,true
795,3,Ui.Overlay,0,0,false,0.011840000,7,7,true
795,4,DLSS.RayReconstruction,1,1,false,0.999648000,7,7,true
795,5,Present.Convert,1,1,false,0.052576000,7,7,true
795,6,Present.CopyToSwapchain,1,2,true,0.023488000,7,7,true
796,0,ASBuild.BuildTLAS,0,0,false,0.091168000,7,7,true
796,1,LightPrepare.Upload,0,0,false,0.001568000,7,7,true
796,2,PathTracing.Trace,0,0,false,0.585184000,7,7,true
796,3,Ui.Overlay,0,0,false,0.012032000,7,7,true
796,4,DLSS.RayReconstruction,1,1,false,0.995072000,7,7,true
796,5,Present.Convert,1,1,false,0.050528000,7,7,true
796,6,Present.CopyToSwapchain,1,2,true,0.023744000,7,7,true
797,0,ASBuild.BuildTLAS,0,0,false,0.092192000,7,7,true
797,1,LightPrepare.Upload,0,0,false,0.001536000,7,7,true
797,2,PathTracing.Trace,0,0,false,0.583168000,7,7,true
797,3,Ui.Overlay,0,0,false,0.012256000,7,7,true
797,4,DLSS.RayReconstruction,1,1,false,0.983136000,7,7,true
797,5,Present.Convert,1,1,false,0.047456000,7,7,true
797,6,Present.CopyToSwapchain,1,2,true,0.025568000,7,7,true
798,0,ASBuild.BuildTLAS,0,0,false,0.091744000,7,7,true
798,1,LightPrepare.Upload,0,0,false,0.001664000,7,7,true
798,2,PathTracing.Trace,0,0,false,0.585088000,7,7,true
798,3,Ui.Overlay,0,0,false,0.011840000,7,7,true
798,4,DLSS.RayReconstruction,1,1,false,1.500736000,7,7,true
798,5,Present.Convert,1,1,false,0.048384000,7,7,true
798,6,Present.CopyToSwapchain,1,2,true,0.024960000,7,7,true
799,0,ASBuild.BuildTLAS,0,0,false,0.121440000,7,7,true
799,1,LightPrepare.Upload,0,0,false,0.002080000,7,7,true
799,2,PathTracing.Trace,0,0,false,0.683936000,7,7,true
799,3,Ui.Overlay,0,0,false,0.032000000,7,7,true
799,4,DLSS.RayReconstruction,1,1,false,1.662464000,7,7,true
799,5,Present.Convert,1,1,false,0.050496000,7,7,true
799,6,Present.CopyToSwapchain,1,2,true,0.026112000,7,7,true
800,0,ASBuild.BuildTLAS,0,0,false,0.118560000,7,7,true
800,1,LightPrepare.Upload,0,0,false,0.002080000,7,7,true
800,2,PathTracing.Trace,0,0,false,0.659328000,7,7,true
800,3,Ui.Overlay,0,0,false,0.020576000,7,7,true
800,4,DLSS.RayReconstruction,1,1,false,0.999232000,7,7,true
800,5,Present.Convert,1,1,false,0.047424000,7,7,true
800,6,Present.CopyToSwapchain,1,2,true,0.024864000,7,7,true
801,0,ASBuild.BuildTLAS,0,0,false,0.136928000,7,7,true
801,1,LightPrepare.Upload,0,0,false,0.001792000,7,7,true
801,2,PathTracing.Trace,0,0,false,0.599296000,7,7,true
801,3,Ui.Overlay,0,0,false,0.012096000,7,7,true
801,4,DLSS.RayReconstruction,1,1,false,0.985600000,7,7,true
801,5,Present.Convert,1,1,false,0.052704000,7,7,true
801,6,Present.CopyToSwapchain,1,2,true,0.023616000,7,7,true
802,0,ASBuild.BuildTLAS,0,0,false,0.093696000,7,7,true
802,1,LightPrepare.Upload,0,0,false,0.001632000,7,7,true
802,2,PathTracing.Trace,0,0,false,0.572832000,7,7,true
802,3,Ui.Overlay,0,0,false,0.012256000,7,7,true
802,4,DLSS.RayReconstruction,1,1,false,1.005536000,7,7,true
802,5,Present.Convert,1,1,false,0.047488000,7,7,true
802,6,Present.CopyToSwapchain,1,2,true,0.026144000,7,7,true
803,0,ASBuild.BuildTLAS,0,0,false,0.091360000,7,7,true
803,1,LightPrepare.Upload,0,0,false,0.001792000,7,7,true
803,2,PathTracing.Trace,0,0,false,0.556288000,7,7,true
803,3,Ui.Overlay,0,0,false,0.012032000,7,7,true
803,4,DLSS.RayReconstruction,1,1,false,0.999488000,7,7,true
803,5,Present.Convert,1,1,false,0.045440000,7,7,true
803,6,Present.CopyToSwapchain,1,2,true,0.024064000,7,7,true
804,0,ASBuild.BuildTLAS,0,0,false,0.093088000,7,7,true
804,1,LightPrepare.Upload,0,0,false,0.001568000,7,7,true
804,2,PathTracing.Trace,0,0,false,0.568800000,7,7,true
804,3,Ui.Overlay,0,0,false,0.012384000,7,7,true
804,4,DLSS.RayReconstruction,1,1,false,1.151200000,7,7,true
804,5,Present.Convert,1,1,false,0.050592000,7,7,true
804,6,Present.CopyToSwapchain,1,2,true,0.024448000,7,7,true
805,0,ASBuild.BuildTLAS,0,0,false,0.093632000,7,7,true
805,1,LightPrepare.Upload,0,0,false,0.001696000,7,7,true
805,2,PathTracing.Trace,0,0,false,0.578912000,7,7,true
805,3,Ui.Overlay,0,0,false,0.012640000,7,7,true
805,4,DLSS.RayReconstruction,1,1,false,1.001984000,7,7,true
805,5,Present.Convert,1,1,false,0.050496000,7,7,true
805,6,Present.CopyToSwapchain,1,2,true,0.023936000,7,7,true
806,0,ASBuild.BuildTLAS,0,0,false,0.091680000,7,7,true
806,1,LightPrepare.Upload,0,0,false,0.001632000,7,7,true
806,2,PathTracing.Trace,0,0,false,0.589184000,7,7,true
806,3,Ui.Overlay,0,0,false,0.012960000,7,7,true
806,4,DLSS.RayReconstruction,1,1,false,0.982016000,7,7,true
806,5,Present.Convert,1,1,false,0.053664000,7,7,true
806,6,Present.CopyToSwapchain,1,2,true,0.023456000,7,7,true
807,0,ASBuild.BuildTLAS,0,0,false,0.092000000,7,7,true
807,1,LightPrepare.Upload,0,0,false,0.002432000,7,7,true
807,2,PathTracing.Trace,0,0,false,0.600704000,7,7,true
807,3,Ui.Overlay,0,0,false,0.012576000,7,7,true
807,4,DLSS.RayReconstruction,1,1,false,1.164960000,7,7,true
807,5,Present.Convert,1,1,false,0.049696000,7,7,true
807,6,Present.CopyToSwapchain,1,2,true,0.026976000,7,7,true
808,0,ASBuild.BuildTLAS,0,0,false,0.093824000,7,7,true
808,1,LightPrepare.Upload,0,0,false,0.001696000,7,7,true
808,2,PathTracing.Trace,0,0,false,0.597344000,7,7,true
808,3,Ui.Overlay,0,0,false,0.012768000,7,7,true
808,4,DLSS.RayReconstruction,1,1,false,0.995328000,7,7,true
808,5,Present.Convert,1,1,false,0.045376000,7,7,true
808,6,Present.CopyToSwapchain,1,2,true,0.023200000,7,7,true
809,0,ASBuild.BuildTLAS,0,0,false,0.093184000,7,7,true
809,1,LightPrepare.Upload,0,0,false,0.009408000,7,7,true
809,2,PathTracing.Trace,0,0,false,0.680768000,7,7,true
809,3,Ui.Overlay,0,0,false,0.012160000,7,7,true
809,4,DLSS.RayReconstruction,1,1,false,0.999840000,7,7,true
809,5,Present.Convert,1,1,false,0.047456000,7,7,true
809,6,Present.CopyToSwapchain,1,2,true,0.023328000,7,7,true
810,0,ASBuild.BuildTLAS,0,0,false,0.091808000,7,7,true
810,1,LightPrepare.Upload,0,0,false,0.001760000,7,7,true
810,2,PathTracing.Trace,0,0,false,0.587040000,7,7,true
810,3,Ui.Overlay,0,0,false,0.012256000,7,7,true
810,4,DLSS.RayReconstruction,1,1,false,1.190144000,7,7,true
810,5,Present.Convert,1,1,false,0.045152000,7,7,true
810,6,Present.CopyToSwapchain,1,2,true,0.023712000,7,7,true
811,0,ASBuild.BuildTLAS,0,0,false,0.090976000,7,7,true
811,1,LightPrepare.Upload,0,0,false,0.001632000,7,7,true
811,2,PathTracing.Trace,0,0,false,0.607648000,7,7,true
811,3,Ui.Overlay,0,0,false,0.012480000,7,7,true
811,4,DLSS.RayReconstruction,1,1,false,1.003392000,7,7,true
811,5,Present.Convert,1,1,false,0.050560000,7,7,true
811,6,Present.CopyToSwapchain,1,2,true,0.023584000,7,7,true
812,0,ASBuild.BuildTLAS,0,0,false,0.093696000,7,7,true
812,1,LightPrepare.Upload,0,0,false,0.001536000,7,7,true
812,2,PathTracing.Trace,0,0,false,0.566784000,7,7,true
812,3,Ui.Overlay,0,0,false,0.011936000,7,7,true
812,4,DLSS.RayReconstruction,1,1,false,0.997440000,7,7,true
812,5,Present.Convert,1,1,false,0.052576000,7,7,true
812,6,Present.CopyToSwapchain,1,2,true,0.023648000,7,7,true
813,0,ASBuild.BuildTLAS,0,0,false,0.092960000,7,7,true
813,1,LightPrepare.Upload,0,0,false,0.001568000,7,7,true
813,2,PathTracing.Trace,0,0,false,0.572896000,7,7,true
813,3,Ui.Overlay,0,0,false,0.012352000,7,7,true
813,4,DLSS.RayReconstruction,1,1,false,1.139360000,7,7,true
813,5,Present.Convert,1,1,false,0.050720000,7,7,true
813,6,Present.CopyToSwapchain,1,2,true,0.023232000,7,7,true
814,0,ASBuild.BuildTLAS,0,0,false,0.091360000,7,7,true
814,1,LightPrepare.Upload,0,0,false,0.001600000,7,7,true
814,2,PathTracing.Trace,0,0,false,0.592320000,7,7,true
814,3,Ui.Overlay,0,0,false,0.012224000,7,7,true
814,4,DLSS.RayReconstruction,1,1,false,1.001440000,7,7,true
814,5,Present.Convert,1,1,false,0.045376000,7,7,true
814,6,Present.CopyToSwapchain,1,2,true,0.024640000,7,7,true
815,0,ASBuild.BuildTLAS,0,0,false,0.091552000,7,7,true
815,1,LightPrepare.Upload,0,0,false,0.001600000,7,7,true
815,2,PathTracing.Trace,0,0,false,0.570816000,7,7,true
815,3,Ui.Overlay,0,0,false,0.012000000,7,7,true
815,4,DLSS.RayReconstruction,1,1,false,0.997664000,7,7,true
815,5,Present.Convert,1,1,false,0.050496000,7,7,true
815,6,Present.CopyToSwapchain,1,2,true,0.025504000,7,7,true
816,0,ASBuild.BuildTLAS,0,0,false,0.092320000,7,7,true
816,1,LightPrepare.Upload,0,0,false,0.002208000,7,7,true
816,2,PathTracing.Trace,0,0,false,0.574304000,7,7,true
816,3,Ui.Overlay,0,0,false,0.012352000,7,7,true
816,4,DLSS.RayReconstruction,1,1,false,1.157472000,7,7,true
816,5,Present.Convert,1,1,false,0.051712000,7,7,true
816,6,Present.CopyToSwapchain,1,2,true,0.023744000,7,7,true
817,0,ASBuild.BuildTLAS,0,0,false,0.091456000,7,7,true
817,1,LightPrepare.Upload,0,0,false,0.001536000,7,7,true
817,2,PathTracing.Trace,0,0,false,0.590304000,7,7,true
817,3,Ui.Overlay,0,0,false,0.012384000,7,7,true
817,4,DLSS.RayReconstruction,1,1,false,1.503232000,7,7,true
817,5,Present.Convert,1,1,false,0.049504000,7,7,true
817,6,Present.CopyToSwapchain,1,2,true,0.024192000,7,7,true
818,0,ASBuild.BuildTLAS,0,0,false,0.118912000,7,7,true
818,1,LightPrepare.Upload,0,0,false,0.002080000,7,7,true
818,2,PathTracing.Trace,0,0,false,0.710560000,7,7,true
818,3,Ui.Overlay,0,0,false,0.013184000,7,7,true
818,4,DLSS.RayReconstruction,1,1,false,0.981120000,7,7,true
818,5,Present.Convert,1,1,false,0.050496000,7,7,true
818,6,Present.CopyToSwapchain,1,2,true,0.023744000,7,7,true
819,0,ASBuild.BuildTLAS,0,0,false,0.093280000,7,7,true
819,1,LightPrepare.Upload,0,0,false,0.001600000,7,7,true
819,2,PathTracing.Trace,0,0,false,0.598464000,7,7,true
819,3,Ui.Overlay,0,0,false,0.012384000,7,7,true
819,4,DLSS.RayReconstruction,1,1,false,1.000256000,7,7,true
819,5,Present.Convert,1,1,false,0.050592000,7,7,true
819,6,Present.CopyToSwapchain,1,2,true,0.023456000,7,7,true
820,0,ASBuild.BuildTLAS,0,0,false,0.093536000,7,7,true
820,1,LightPrepare.Upload,0,0,false,0.001504000,7,7,true
820,2,PathTracing.Trace,0,0,false,0.588320000,7,7,true
820,3,Ui.Overlay,0,0,false,0.011936000,7,7,true
820,4,DLSS.RayReconstruction,1,1,false,0.998944000,7,7,true
820,5,Present.Convert,1,1,false,0.049344000,7,7,true
820,6,Present.CopyToSwapchain,1,2,true,0.024160000,7,7,true
821,0,ASBuild.BuildTLAS,0,0,false,0.093440000,7,7,true
821,1,LightPrepare.Upload,0,0,false,0.001760000,7,7,true
821,2,PathTracing.Trace,0,0,false,0.556288000,7,7,true
821,3,Ui.Overlay,0,0,false,0.012256000,7,7,true
821,4,DLSS.RayReconstruction,1,1,false,1.155456000,7,7,true
821,5,Present.Convert,1,1,false,0.052640000,7,7,true
821,6,Present.CopyToSwapchain,1,2,true,0.025440000,7,7,true
822,0,ASBuild.BuildTLAS,0,0,false,0.091040000,7,7,true
822,1,LightPrepare.Upload,0,0,false,0.001600000,7,7,true
822,2,PathTracing.Trace,0,0,false,0.566720000,7,7,true
822,3,Ui.Overlay,0,0,false,0.012384000,7,7,true
822,4,DLSS.RayReconstruction,1,1,false,0.999584000,7,7,true
822,5,Present.Convert,1,1,false,0.045600000,7,7,true
822,6,Present.CopyToSwapchain,1,2,true,0.022432000,7,7,true
823,0,ASBuild.BuildTLAS,0,0,false,0.090944000,7,7,true
823,1,LightPrepare.Upload,0,0,false,0.001504000,7,7,true
823,2,PathTracing.Trace,0,0,false,0.574976000,7,7,true
823,3,Ui.Overlay,0,0,false,0.012384000,7,7,true
823,4,DLSS.RayReconstruction,1,1,false,0.981472000,7,7,true
823,5,Present.Convert,1,1,false,0.045408000,7,7,true
823,6,Present.CopyToSwapchain,1,2,true,0.022528000,7,7,true
824,0,ASBuild.BuildTLAS,0,0,false,0.093568000,7,7,true
824,1,LightPrepare.Upload,0,0,false,0.001728000,7,7,true
824,2,PathTracing.Trace,0,0,false,0.577856000,7,7,true
824,3,Ui.Overlay,0,0,false,0.012224000,7,7,true
824,4,DLSS.RayReconstruction,1,1,false,1.159712000,7,7,true
824,5,Present.Convert,1,1,false,0.046208000,7,7,true
824,6,Present.CopyToSwapchain,1,2,true,0.025984000,7,7,true
825,0,ASBuild.BuildTLAS,0,0,false,0.100480000,7,7,true
825,1,LightPrepare.Upload,0,0,false,0.001632000,7,7,true
825,2,PathTracing.Trace,0,0,false,0.594304000,7,7,true
825,3,Ui.Overlay,0,0,false,0.012032000,7,7,true
825,4,DLSS.RayReconstruction,1,1,false,1.003840000,7,7,true
825,5,Present.Convert,1,1,false,0.047296000,7,7,true
825,6,Present.CopyToSwapchain,1,2,true,0.022880000,7,7,true
826,0,ASBuild.BuildTLAS,0,0,false,0.119904000,7,7,true
826,1,LightPrepare.Upload,0,0,false,0.002560000,7,7,true
826,2,PathTracing.Trace,0,0,false,0.564640000,7,7,true
826,3,Ui.Overlay,0,0,false,0.012480000,7,7,true
826,4,DLSS.RayReconstruction,1,1,false,1.498144000,7,7,true
826,5,Present.Convert,1,1,false,0.052512000,7,7,true
826,6,Present.CopyToSwapchain,1,2,true,0.024352000,7,7,true
827,0,ASBuild.BuildTLAS,0,0,false,0.151104000,7,7,true
827,1,LightPrepare.Upload,0,0,false,0.002112000,7,7,true
827,2,PathTracing.Trace,0,0,false,0.710528000,7,7,true
827,3,Ui.Overlay,0,0,false,0.028960000,7,7,true
827,4,DLSS.RayReconstruction,1,1,false,1.489408000,7,7,true
827,5,Present.Convert,1,1,false,0.047488000,7,7,true
827,6,Present.CopyToSwapchain,1,2,true,0.023648000,7,7,true
828,0,ASBuild.BuildTLAS,0,0,false,0.121152000,7,7,true
828,1,LightPrepare.Upload,0,0,false,0.002016000,7,7,true
828,2,PathTracing.Trace,0,0,false,0.651168000,7,7,true
828,3,Ui.Overlay,0,0,false,0.022944000,7,7,true
828,4,DLSS.RayReconstruction,1,1,false,1.164448000,7,7,true
828,5,Present.Convert,1,1,false,0.047296000,7,7,true
828,6,Present.CopyToSwapchain,1,2,true,0.024512000,7,7,true
829,0,ASBuild.BuildTLAS,0,0,false,0.118592000,7,7,true
829,1,LightPrepare.Upload,0,0,false,0.002656000,7,7,true
829,2,PathTracing.Trace,0,0,false,0.589056000,7,7,true
829,3,Ui.Overlay,0,0,false,0.012384000,7,7,true
829,4,DLSS.RayReconstruction,1,1,false,1.001664000,7,7,true
829,5,Present.Convert,1,1,false,0.052576000,7,7,true
829,6,Present.CopyToSwapchain,1,2,true,0.023936000,7,7,true
830,0,ASBuild.BuildTLAS,0,0,false,0.091072000,7,7,true
830,1,LightPrepare.Upload,0,0,false,0.002048000,7,7,true
830,2,PathTracing.Trace,0,0,false,0.553984000,7,7,true
830,3,Ui.Overlay,0,0,false,0.016768000,7,7,true
830,4,DLSS.RayReconstruction,1,1,false,0.985088000,7,7,true
830,5,Present.Convert,1,1,false,0.050528000,7,7,true
830,6,Present.CopyToSwapchain,1,2,true,0.023968000,7,7,true
831,0,ASBuild.BuildTLAS,0,0,false,0.089632000,7,7,true
831,1,LightPrepare.Upload,0,0,false,0.001664000,7,7,true
831,2,PathTracing.Trace,0,0,false,0.605568000,7,7,true
831,3,Ui.Overlay,0,0,false,0.012352000,7,7,true
831,4,DLSS.RayReconstruction,1,1,false,1.162176000,7,7,true
831,5,Present.Convert,1,1,false,0.052544000,7,7,true
831,6,Present.CopyToSwapchain,1,2,true,0.025568000,7,7,true
832,0,ASBuild.BuildTLAS,0,0,false,0.091296000,7,7,true
832,1,LightPrepare.Upload,0,0,false,0.001600000,7,7,true
832,2,PathTracing.Trace,0,0,false,0.572864000,7,7,true
832,3,Ui.Overlay,0,0,false,0.012576000,7,7,true
832,4,DLSS.RayReconstruction,1,1,false,1.008608000,7,7,true
832,5,Present.Convert,1,1,false,0.045408000,7,7,true
832,6,Present.CopyToSwapchain,1,2,true,0.024064000,7,7,true
833,0,ASBuild.BuildTLAS,0,0,false,0.093152000,7,7,true
833,1,LightPrepare.Upload,0,0,false,0.001888000,7,7,true
833,2,PathTracing.Trace,0,0,false,0.599168000,7,7,true
833,3,Ui.Overlay,0,0,false,0.012192000,7,7,true
833,4,DLSS.RayReconstruction,1,1,false,0.983104000,7,7,true
833,5,Present.Convert,1,1,false,0.047456000,7,7,true
833,6,Present.CopyToSwapchain,1,2,true,0.025728000,7,7,true
834,0,ASBuild.BuildTLAS,0,0,false,0.099360000,7,7,true
834,1,LightPrepare.Upload,0,0,false,0.001664000,7,7,true
834,2,PathTracing.Trace,0,0,false,0.552320000,7,7,true
834,3,Ui.Overlay,0,0,false,0.012128000,7,7,true
834,4,DLSS.RayReconstruction,1,1,false,1.000032000,7,7,true
834,5,Present.Convert,1,1,false,0.050880000,7,7,true
834,6,Present.CopyToSwapchain,1,2,true,0.025440000,7,7,true
835,0,ASBuild.BuildTLAS,0,0,false,0.090752000,7,7,true
835,1,LightPrepare.Upload,0,0,false,0.001600000,7,7,true
835,2,PathTracing.Trace,0,0,false,0.587168000,7,7,true
835,3,Ui.Overlay,0,0,false,0.012416000,7,7,true
835,4,DLSS.RayReconstruction,1,1,false,0.996992000,7,7,true
835,5,Present.Convert,1,1,false,0.050496000,7,7,true
835,6,Present.CopyToSwapchain,1,2,true,0.024224000,7,7,true
836,0,ASBuild.BuildTLAS,0,0,false,0.091872000,7,7,true
836,1,LightPrepare.Upload,0,0,false,0.001792000,7,7,true
836,2,PathTracing.Trace,0,0,false,0.562432000,7,7,true
836,3,Ui.Overlay,0,0,false,0.012096000,7,7,true
836,4,DLSS.RayReconstruction,1,1,false,0.975360000,7,7,true
836,5,Present.Convert,1,1,false,0.047488000,7,7,true
836,6,Present.CopyToSwapchain,1,2,true,0.024128000,7,7,true
837,0,ASBuild.BuildTLAS,0,0,false,0.090592000,7,7,true
837,1,LightPrepare.Upload,0,0,false,0.001600000,7,7,true
837,2,PathTracing.Trace,0,0,false,0.556448000,7,7,true
837,3,Ui.Overlay,0,0,false,0.012608000,7,7,true
837,4,DLSS.RayReconstruction,1,1,false,0.995520000,7,7,true
837,5,Present.Convert,1,1,false,0.047392000,7,7,true
837,6,Present.CopyToSwapchain,1,2,true,0.023744000,7,7,true
838,0,ASBuild.BuildTLAS,0,0,false,0.093056000,7,7,true
838,1,LightPrepare.Upload,0,0,false,0.001664000,7,7,true
838,2,PathTracing.Trace,0,0,false,0.611712000,7,7,true
838,3,Ui.Overlay,0,0,false,0.012064000,7,7,true
838,4,DLSS.RayReconstruction,1,1,false,0.999168000,7,7,true
838,5,Present.Convert,1,1,false,0.045408000,7,7,true
838,6,Present.CopyToSwapchain,1,2,true,0.024000000,7,7,true
839,0,ASBuild.BuildTLAS,0,0,false,0.116064000,7,7,true
839,1,LightPrepare.Upload,0,0,false,0.001696000,7,7,true
839,2,PathTracing.Trace,0,0,false,0.562528000,7,7,true
839,3,Ui.Overlay,0,0,false,0.012960000,7,7,true
839,4,DLSS.RayReconstruction,1,1,false,1.162336000,7,7,true
839,5,Present.Convert,1,1,false,0.047808000,7,7,true
839,6,Present.CopyToSwapchain,1,2,true,0.024160000,7,7,true
840,0,ASBuild.BuildTLAS,0,0,false,0.091872000,7,7,true
840,1,LightPrepare.Upload,0,0,false,0.001632000,7,7,true
840,2,PathTracing.Trace,0,0,false,0.604544000,7,7,true
840,3,Ui.Overlay,0,0,false,0.012320000,7,7,true
840,4,DLSS.RayReconstruction,1,1,false,0.996992000,7,7,true
840,5,Present.Convert,1,1,false,0.049440000,7,7,true
840,6,Present.CopyToSwapchain,1,2,true,0.023680000,7,7,true
841,0,ASBuild.BuildTLAS,0,0,false,0.112736000,7,7,true
841,1,LightPrepare.Upload,0,0,false,0.001600000,7,7,true
841,2,PathTracing.Trace,0,0,false,0.596416000,7,7,true
841,3,Ui.Overlay,0,0,false,0.011904000,7,7,true
841,4,DLSS.RayReconstruction,1,1,false,0.982144000,7,7,true
841,5,Present.Convert,1,1,false,0.050528000,7,7,true
841,6,Present.CopyToSwapchain,1,2,true,0.025632000,7,7,true
842,0,ASBuild.BuildTLAS,0,0,false,0.093184000,7,7,true
842,1,LightPrepare.Upload,0,0,false,0.001632000,7,7,true
842,2,PathTracing.Trace,0,0,false,0.581024000,7,7,true
842,3,Ui.Overlay,0,0,false,0.012416000,7,7,true
842,4,DLSS.RayReconstruction,1,1,false,0.993152000,7,7,true
842,5,Present.Convert,1,1,false,0.047424000,7,7,true
842,6,Present.CopyToSwapchain,1,2,true,0.024000000,7,7,true
843,0,ASBuild.BuildTLAS,0,0,false,0.093216000,7,7,true
843,1,LightPrepare.Upload,0,0,false,0.001664000,7,7,true
843,2,PathTracing.Trace,0,0,false,0.771456000,7,7,true
843,3,Ui.Overlay,0,0,false,0.012960000,7,7,true
843,4,DLSS.RayReconstruction,1,1,false,0.974816000,7,7,true
843,5,Present.Convert,1,1,false,0.052512000,7,7,true
843,6,Present.CopyToSwapchain,1,2,true,0.023584000,7,7,true
844,0,ASBuild.BuildTLAS,0,0,false,0.091616000,7,7,true
844,1,LightPrepare.Upload,0,0,false,0.001696000,7,7,true
844,2,PathTracing.Trace,0,0,false,0.595296000,7,7,true
844,3,Ui.Overlay,0,0,false,0.012640000,7,7,true
844,4,DLSS.RayReconstruction,1,1,false,0.985024000,7,7,true
844,5,Present.Convert,1,1,false,0.050656000,7,7,true
844,6,Present.CopyToSwapchain,1,2,true,0.024384000,7,7,true
845,0,ASBuild.BuildTLAS,0,0,false,0.091424000,7,7,true
845,1,LightPrepare.Upload,0,0,false,0.002080000,7,7,true
845,2,PathTracing.Trace,0,0,false,0.572352000,7,7,true
845,3,Ui.Overlay,0,0,false,0.012320000,7,7,true
845,4,DLSS.RayReconstruction,1,1,false,1.001664000,7,7,true
845,5,Present.Convert,1,1,false,0.050560000,7,7,true
845,6,Present.CopyToSwapchain,1,2,true,0.023808000,7,7,true
846,0,ASBuild.BuildTLAS,0,0,false,0.092192000,7,7,true
846,1,LightPrepare.Upload,0,0,false,0.002112000,7,7,true
846,2,PathTracing.Trace,0,0,false,0.568256000,7,7,true
846,3,Ui.Overlay,0,0,false,0.012064000,7,7,true
846,4,DLSS.RayReconstruction,1,1,false,0.981600000,7,7,true
846,5,Present.Convert,1,1,false,0.047488000,7,7,true
846,6,Present.CopyToSwapchain,1,2,true,0.023872000,7,7,true
847,0,ASBuild.BuildTLAS,0,0,false,0.090336000,7,7,true
847,1,LightPrepare.Upload,0,0,false,0.001664000,7,7,true
847,2,PathTracing.Trace,0,0,false,0.557440000,7,7,true
847,3,Ui.Overlay,0,0,false,0.012384000,7,7,true
847,4,DLSS.RayReconstruction,1,1,false,1.007040000,7,7,true
847,5,Present.Convert,1,1,false,0.054656000,7,7,true
847,6,Present.CopyToSwapchain,1,2,true,0.022976000,7,7,true
848,0,ASBuild.BuildTLAS,0,0,false,0.113248000,7,7,true
848,1,LightPrepare.Upload,0,0,false,0.001600000,7,7,true
848,2,PathTracing.Trace,0,0,false,0.564608000,7,7,true
848,3,Ui.Overlay,0,0,false,0.011680000,7,7,true
848,4,DLSS.RayReconstruction,1,1,false,0.989216000,7,7,true
848,5,Present.Convert,1,1,false,0.049504000,7,7,true
848,6,Present.CopyToSwapchain,1,2,true,0.025472000,7,7,true
849,0,ASBuild.BuildTLAS,0,0,false,0.103456000,7,7,true
849,1,LightPrepare.Upload,0,0,false,0.001760000,7,7,true
849,2,PathTracing.Trace,0,0,false,0.578848000,7,7,true
849,3,Ui.Overlay,0,0,false,0.012480000,7,7,true
849,4,DLSS.RayReconstruction,1,1,false,1.557760000,7,7,true
849,5,Present.Convert,1,1,false,0.201184000,7,7,true
849,6,Present.CopyToSwapchain,1,2,true,0.034336000,7,7,true
850,0,ASBuild.BuildTLAS,0,0,false,0.123552000,7,7,true
850,1,LightPrepare.Upload,0,0,false,0.002080000,7,7,true
850,2,PathTracing.Trace,0,0,false,0.942976000,7,7,true
850,3,Ui.Overlay,0,0,false,0.013248000,7,7,true
850,4,DLSS.RayReconstruction,1,1,false,0.996128000,7,7,true
850,5,Present.Convert,1,1,false,0.098240000,7,7,true
850,6,Present.CopyToSwapchain,1,2,true,0.328160000,7,7,true
851,0,ASBuild.BuildTLAS,0,0,false,0.125760000,7,7,true
851,1,LightPrepare.Upload,0,0,false,0.002080000,7,7,true
851,2,PathTracing.Trace,0,0,false,0.612224000,7,7,true
851,3,Ui.Overlay,0,0,false,0.012384000,7,7,true
851,4,DLSS.RayReconstruction,1,1,false,1.000096000,7,7,true
851,5,Present.Convert,1,1,false,0.047424000,7,7,true
851,6,Present.CopyToSwapchain,1,2,true,0.025088000,7,7,true
852,0,ASBuild.BuildTLAS,0,0,false,0.120512000,7,7,true
852,1,LightPrepare.Upload,0,0,false,0.001632000,7,7,true
852,2,PathTracing.Trace,0,0,false,0.583072000,7,7,true
852,3,Ui.Overlay,0,0,false,0.012224000,7,7,true
852,4,DLSS.RayReconstruction,1,1,false,1.487040000,7,7,true
852,5,Present.Convert,1,1,false,0.055584000,7,7,true
852,6,Present.CopyToSwapchain,1,2,true,0.026496000,7,7,true
853,0,ASBuild.BuildTLAS,0,0,false,0.123264000,7,7,true
853,1,LightPrepare.Upload,0,0,false,0.002400000,7,7,true
853,2,PathTracing.Trace,0,0,false,0.718400000,7,7,true
853,3,Ui.Overlay,0,0,false,0.012544000,7,7,true
853,4,DLSS.RayReconstruction,1,1,false,1.167648000,7,7,true
853,5,Present.Convert,1,1,false,0.096544000,7,7,true
853,6,Present.CopyToSwapchain,1,2,true,0.323520000,7,7,true
854,0,ASBuild.BuildTLAS,0,0,false,0.312448000,7,7,true
854,1,LightPrepare.Upload,0,0,false,0.006528000,7,7,true
854,2,PathTracing.Trace,0,0,false,0.586272000,7,7,true
854,3,Ui.Overlay,0,0,false,0.012256000,7,7,true
854,4,DLSS.RayReconstruction,1,1,false,1.002400000,7,7,true
854,5,Present.Convert,1,1,false,0.047488000,7,7,true
854,6,Present.CopyToSwapchain,1,2,true,0.023328000,7,7,true
855,0,ASBuild.BuildTLAS,0,0,false,0.093344000,7,7,true
855,1,LightPrepare.Upload,0,0,false,0.001696000,7,7,true
855,2,PathTracing.Trace,0,0,false,0.570720000,7,7,true
855,3,Ui.Overlay,0,0,false,0.012416000,7,7,true
855,4,DLSS.RayReconstruction,1,1,false,0.977152000,7,7,true
855,5,Present.Convert,1,1,false,0.052384000,7,7,true
855,6,Present.CopyToSwapchain,1,2,true,0.027488000,7,7,true
856,0,ASBuild.BuildTLAS,0,0,false,0.091264000,7,7,true
856,1,LightPrepare.Upload,0,0,false,0.001696000,7,7,true
856,2,PathTracing.Trace,0,0,false,0.589152000,7,7,true
856,3,Ui.Overlay,0,0,false,0.012608000,7,7,true
856,4,DLSS.RayReconstruction,1,1,false,1.497440000,7,7,true
856,5,Present.Convert,1,1,false,0.051424000,7,7,true
856,6,Present.CopyToSwapchain,1,2,true,0.023392000,7,7,true
857,0,ASBuild.BuildTLAS,0,0,false,0.096096000,7,7,true
857,1,LightPrepare.Upload,0,0,false,0.002080000,7,7,true
857,2,PathTracing.Trace,0,0,false,0.632736000,7,7,true
857,3,Ui.Overlay,0,0,false,0.020096000,7,7,true
857,4,DLSS.RayReconstruction,1,1,false,1.681248000,7,7,true
857,5,Present.Convert,1,1,false,0.052544000,7,7,true
857,6,Present.CopyToSwapchain,1,2,true,0.023904000,7,7,true
858,0,ASBuild.BuildTLAS,0,0,false,0.123136000,7,7,true
858,1,LightPrepare.Upload,0,0,false,0.004192000,7,7,true
858,2,PathTracing.Trace,0,0,false,0.675648000,7,7,true
858,3,Ui.Overlay,0,0,false,0.021632000,7,7,true
858,4,DLSS.RayReconstruction,1,1,false,1.498944000,7,7,true
858,5,Present.Convert,1,1,false,0.052544000,7,7,true
858,6,Present.CopyToSwapchain,1,2,true,0.023392000,7,7,true
859,0,ASBuild.BuildTLAS,0,0,false,0.120192000,7,7,true
859,1,LightPrepare.Upload,0,0,false,0.002208000,7,7,true
859,2,PathTracing.Trace,0,0,false,0.689920000,7,7,true
859,3,Ui.Overlay,0,0,false,0.028672000,7,7,true
859,4,DLSS.RayReconstruction,1,1,false,1.495744000,7,7,true
859,5,Present.Convert,1,1,false,0.050432000,7,7,true
859,6,Present.CopyToSwapchain,1,2,true,0.025600000,7,7,true
860,0,ASBuild.BuildTLAS,0,0,false,0.127200000,7,7,true
860,1,LightPrepare.Upload,0,0,false,0.002080000,7,7,true
860,2,PathTracing.Trace,0,0,false,0.685984000,7,7,true
860,3,Ui.Overlay,0,0,false,0.023424000,7,7,true
860,4,DLSS.RayReconstruction,1,1,false,1.688992000,7,7,true
860,5,Present.Convert,1,1,false,0.052992000,7,7,true
860,6,Present.CopyToSwapchain,1,2,true,0.026304000,7,7,true
861,0,ASBuild.BuildTLAS,0,0,false,0.098752000,7,7,true
861,1,LightPrepare.Upload,0,0,false,0.003488000,7,7,true
861,2,PathTracing.Trace,0,0,false,0.721440000,7,7,true
861,3,Ui.Overlay,0,0,false,0.020832000,7,7,true
861,4,DLSS.RayReconstruction,1,1,false,1.463328000,7,7,true
861,5,Present.Convert,1,1,false,0.052480000,7,7,true
861,6,Present.CopyToSwapchain,1,2,true,0.023424000,7,7,true
862,0,ASBuild.BuildTLAS,0,0,false,0.126016000,7,7,true
862,1,LightPrepare.Upload,0,0,false,0.002048000,7,7,true
862,2,PathTracing.Trace,0,0,false,0.755648000,7,7,true
862,3,Ui.Overlay,0,0,false,0.025408000,7,7,true
862,4,DLSS.RayReconstruction,1,1,false,1.520480000,7,7,true
862,5,Present.Convert,1,1,false,0.052576000,7,7,true
862,6,Present.CopyToSwapchain,1,2,true,0.026144000,7,7,true
863,0,ASBuild.BuildTLAS,0,0,false,0.117856000,7,7,true
863,1,LightPrepare.Upload,0,0,false,0.002464000,7,7,true
863,2,PathTracing.Trace,0,0,false,0.667168000,7,7,true
863,3,Ui.Overlay,0,0,false,0.029088000,7,7,true
863,4,DLSS.RayReconstruction,1,1,false,1.485024000,7,7,true
863,5,Present.Convert,1,1,false,0.051584000,7,7,true
863,6,Present.CopyToSwapchain,1,2,true,0.023904000,7,7,true
864,0,ASBuild.BuildTLAS,0,0,false,0.125888000,7,7,true
864,1,LightPrepare.Upload,0,0,false,0.002112000,7,7,true
864,2,PathTracing.Trace,0,0,false,0.694112000,7,7,true
864,3,Ui.Overlay,0,0,false,0.012256000,7,7,true
864,4,DLSS.RayReconstruction,1,1,false,1.000768000,7,7,true
864,5,Present.Convert,1,1,false,0.047552000,7,7,true
864,6,Present.CopyToSwapchain,1,2,true,0.022816000,7,7,true
865,0,ASBuild.BuildTLAS,0,0,false,0.114848000,7,7,true
865,1,LightPrepare.Upload,0,0,false,0.001600000,7,7,true
865,2,PathTracing.Trace,0,0,false,0.605632000,7,7,true
865,3,Ui.Overlay,0,0,false,0.012640000,7,7,true
865,4,DLSS.RayReconstruction,1,1,false,1.466656000,7,7,true
865,5,Present.Convert,1,1,false,0.050464000,7,7,true
865,6,Present.CopyToSwapchain,1,2,true,0.023648000,7,7,true
866,0,ASBuild.BuildTLAS,0,0,false,0.122720000,7,7,true
866,1,LightPrepare.Upload,0,0,false,0.002144000,7,7,true
866,2,PathTracing.Trace,0,0,false,0.653120000,7,7,true
866,3,Ui.Overlay,0,0,false,0.021696000,7,7,true
866,4,DLSS.RayReconstruction,1,1,false,0.999968000,7,7,true
866,5,Present.Convert,1,1,false,0.052608000,7,7,true
866,6,Present.CopyToSwapchain,1,2,true,0.023808000,7,7,true
867,0,ASBuild.BuildTLAS,0,0,false,0.090848000,7,7,true
867,1,LightPrepare.Upload,0,0,false,0.001696000,7,7,true
867,2,PathTracing.Trace,0,0,false,0.578912000,7,7,true
867,3,Ui.Overlay,0,0,false,0.012512000,7,7,true
867,4,DLSS.RayReconstruction,1,1,false,1.001824000,7,7,true
867,5,Present.Convert,1,1,false,0.045792000,7,7,true
867,6,Present.CopyToSwapchain,1,2,true,0.023648000,7,7,true
868,0,ASBuild.BuildTLAS,0,0,false,0.092608000,7,7,true
868,1,LightPrepare.Upload,0,0,false,0.001632000,7,7,true
868,2,PathTracing.Trace,0,0,false,0.595360000,7,7,true
868,3,Ui.Overlay,0,0,false,0.012416000,7,7,true
868,4,DLSS.RayReconstruction,1,1,false,1.654688000,7,7,true
868,5,Present.Convert,1,1,false,0.059488000,7,7,true
868,6,Present.CopyToSwapchain,1,2,true,0.025504000,7,7,true
869,0,ASBuild.BuildTLAS,0,0,false,0.124768000,7,7,true
869,1,LightPrepare.Upload,0,0,false,0.002112000,7,7,true
869,2,PathTracing.Trace,0,0,false,0.706432000,7,7,true
869,3,Ui.Overlay,0,0,false,0.012000000,7,7,true
869,4,DLSS.RayReconstruction,1,1,false,1.505920000,7,7,true
869,5,Present.Convert,1,1,false,0.053568000,7,7,true
869,6,Present.CopyToSwapchain,1,2,true,0.023904000,7,7,true
870,0,ASBuild.BuildTLAS,0,0,false,0.106400000,7,7,true
870,1,LightPrepare.Upload,0,0,false,0.005408000,7,7,true
870,2,PathTracing.Trace,0,0,false,0.692736000,7,7,true
870,3,Ui.Overlay,0,0,false,0.027584000,7,7,true
870,4,DLSS.RayReconstruction,1,1,false,1.477728000,7,7,true
870,5,Present.Convert,1,1,false,0.052576000,7,7,true
870,6,Present.CopyToSwapchain,1,2,true,0.024352000,7,7,true
871,0,ASBuild.BuildTLAS,0,0,false,0.134688000,7,7,true
871,1,LightPrepare.Upload,0,0,false,0.002112000,7,7,true
871,2,PathTracing.Trace,0,0,false,0.673632000,7,7,true
871,3,Ui.Overlay,0,0,false,0.025824000,7,7,true
871,4,DLSS.RayReconstruction,1,1,false,1.493120000,7,7,true
871,5,Present.Convert,1,1,false,0.045440000,7,7,true
871,6,Present.CopyToSwapchain,1,2,true,0.023904000,7,7,true
872,0,ASBuild.BuildTLAS,0,0,false,0.126368000,7,7,true
872,1,LightPrepare.Upload,0,0,false,0.003008000,7,7,true
872,2,PathTracing.Trace,0,0,false,0.666592000,7,7,true
872,3,Ui.Overlay,0,0,false,0.020256000,7,7,true
872,4,DLSS.RayReconstruction,1,1,false,1.637984000,7,7,true
872,5,Present.Convert,1,1,false,0.047520000,7,7,true
872,6,Present.CopyToSwapchain,1,2,true,0.028384000,7,7,true
873,0,ASBuild.BuildTLAS,0,0,false,0.160224000,7,7,true
873,1,LightPrepare.Upload,0,0,false,0.003520000,7,7,true
873,2,PathTracing.Trace,0,0,false,0.670208000,7,7,true
873,3,Ui.Overlay,0,0,false,0.029536000,7,7,true
873,4,DLSS.RayReconstruction,1,1,false,1.496992000,7,7,true
873,5,Present.Convert,1,1,false,0.048448000,7,7,true
873,6,Present.CopyToSwapchain,1,2,true,0.023520000,7,7,true
874,0,ASBuild.BuildTLAS,0,0,false,0.118112000,7,7,true
874,1,LightPrepare.Upload,0,0,false,0.002080000,7,7,true
874,2,PathTracing.Trace,0,0,false,0.683904000,7,7,true
874,3,Ui.Overlay,0,0,false,0.028192000,7,7,true
874,4,DLSS.RayReconstruction,1,1,false,1.518528000,7,7,true
874,5,Present.Convert,1,1,false,0.047168000,7,7,true
874,6,Present.CopyToSwapchain,1,2,true,0.024032000,7,7,true
875,0,ASBuild.BuildTLAS,0,0,false,0.143552000,7,7,true
875,1,LightPrepare.Upload,0,0,false,0.002080000,7,7,true
875,2,PathTracing.Trace,0,0,false,0.736992000,7,7,true
875,3,Ui.Overlay,0,0,false,0.021888000,7,7,true
875,4,DLSS.RayReconstruction,1,1,false,1.505088000,7,7,true
875,5,Present.Convert,1,1,false,0.049504000,7,7,true
875,6,Present.CopyToSwapchain,1,2,true,0.025536000,7,7,true
876,0,ASBuild.BuildTLAS,0,0,false,0.118592000,7,7,true
876,1,LightPrepare.Upload,0,0,false,0.002080000,7,7,true
876,2,PathTracing.Trace,0,0,false,0.706432000,7,7,true
876,3,Ui.Overlay,0,0,false,0.012960000,7,7,true
876,4,DLSS.RayReconstruction,1,1,false,1.146048000,7,7,true
876,5,Present.Convert,1,1,false,0.047424000,7,7,true
876,6,Present.CopyToSwapchain,1,2,true,0.024256000,7,7,true
877,0,ASBuild.BuildTLAS,0,0,false,0.104992000,7,7,true
877,1,LightPrepare.Upload,0,0,false,0.001568000,7,7,true
877,2,PathTracing.Trace,0,0,false,1.154528000,7,7,true
877,3,Ui.Overlay,0,0,false,0.030720000,7,7,true
877,4,DLSS.RayReconstruction,1,1,false,1.499104000,7,7,true
877,5,Present.Convert,1,1,false,0.063712000,7,7,true
877,6,Present.CopyToSwapchain,1,2,true,0.025888000,7,7,true
878,0,ASBuild.BuildTLAS,0,0,false,0.092000000,7,7,true
878,1,LightPrepare.Upload,0,0,false,0.001920000,7,7,true
878,2,PathTracing.Trace,0,0,false,0.554112000,7,7,true
878,3,Ui.Overlay,0,0,false,0.012576000,7,7,true
878,4,DLSS.RayReconstruction,1,1,false,1.003136000,7,7,true
878,5,Present.Convert,1,1,false,0.052544000,7,7,true
878,6,Present.CopyToSwapchain,1,2,true,0.024064000,7,7,true
879,0,ASBuild.BuildTLAS,0,0,false,0.123296000,7,7,true
879,1,LightPrepare.Upload,0,0,false,0.002976000,7,7,true
879,2,PathTracing.Trace,0,0,false,0.709632000,7,7,true
879,3,Ui.Overlay,0,0,false,0.012128000,7,7,true
879,4,DLSS.RayReconstruction,1,1,false,1.672320000,7,7,true
879,5,Present.Convert,1,1,false,0.050048000,7,7,true
879,6,Present.CopyToSwapchain,1,2,true,0.025376000,7,7,true
880,0,ASBuild.BuildTLAS,0,0,false,0.121504000,7,7,true
880,1,LightPrepare.Upload,0,0,false,0.002080000,7,7,true
880,2,PathTracing.Trace,0,0,false,0.770112000,7,7,true
880,3,Ui.Overlay,0,0,false,0.022304000,7,7,true
880,4,DLSS.RayReconstruction,1,1,false,1.484992000,7,7,true
880,5,Present.Convert,1,1,false,0.045440000,7,7,true
880,6,Present.CopyToSwapchain,1,2,true,0.023488000,7,7,true
881,0,ASBuild.BuildTLAS,0,0,false,0.124384000,7,7,true
881,1,LightPrepare.Upload,0,0,false,0.002080000,7,7,true
881,2,PathTracing.Trace,0,0,false,0.769952000,7,7,true
881,3,Ui.Overlay,0,0,false,0.021536000,7,7,true
881,4,DLSS.RayReconstruction,1,1,false,1.016832000,7,7,true
881,5,Present.Convert,1,1,false,0.362080000,7,7,true
881,6,Present.CopyToSwapchain,1,2,true,0.168960000,7,7,true
882,0,ASBuild.BuildTLAS,0,0,false,0.127392000,7,7,true
882,1,LightPrepare.Upload,0,0,false,0.002144000,7,7,true
882,2,PathTracing.Trace,0,0,false,0.644928000,7,7,true
882,3,Ui.Overlay,0,0,false,0.012512000,7,7,true
882,4,DLSS.RayReconstruction,1,1,false,0.978080000,7,7,true
882,5,Present.Convert,1,1,false,0.051072000,7,7,true
882,6,Present.CopyToSwapchain,1,2,true,0.023456000,7,7,true
883,0,ASBuild.BuildTLAS,0,0,false,0.092992000,7,7,true
883,1,LightPrepare.Upload,0,0,false,0.001632000,7,7,true
883,2,PathTracing.Trace,0,0,false,0.593312000,7,7,true
883,3,Ui.Overlay,0,0,false,0.012640000,7,7,true
883,4,DLSS.RayReconstruction,1,1,false,0.995392000,7,7,true
883,5,Present.Convert,1,1,false,0.050528000,7,7,true
883,6,Present.CopyToSwapchain,1,2,true,0.027648000,7,7,true
884,0,ASBuild.BuildTLAS,0,0,false,0.091072000,7,7,true
884,1,LightPrepare.Upload,0,0,false,0.001824000,7,7,true
884,2,PathTracing.Trace,0,0,false,0.562400000,7,7,true
884,3,Ui.Overlay,0,0,false,0.012672000,7,7,true
884,4,DLSS.RayReconstruction,1,1,false,0.999488000,7,7,true
884,5,Present.Convert,1,1,false,0.054592000,7,7,true
884,6,Present.CopyToSwapchain,1,2,true,0.023904000,7,7,true
885,0,ASBuild.BuildTLAS,0,0,false,0.090880000,7,7,true
885,1,LightPrepare.Upload,0,0,false,0.001664000,7,7,true
885,2,PathTracing.Trace,0,0,false,0.583040000,7,7,true
885,3,Ui.Overlay,0,0,false,0.012096000,7,7,true
885,4,DLSS.RayReconstruction,1,1,false,0.976992000,7,7,true
885,5,Present.Convert,1,1,false,0.047264000,7,7,true
885,6,Present.CopyToSwapchain,1,2,true,0.023936000,7,7,true
886,0,ASBuild.BuildTLAS,0,0,false,0.092512000,7,7,true
886,1,LightPrepare.Upload,0,0,false,0.001664000,7,7,true
886,2,PathTracing.Trace,0,0,false,0.595328000,7,7,true
886,3,Ui.Overlay,0,0,false,0.012416000,7,7,true
886,4,DLSS.RayReconstruction,1,1,false,1.006112000,7,7,true
886,5,Present.Convert,1,1,false,0.045440000,7,7,true
886,6,Present.CopyToSwapchain,1,2,true,0.023744000,7,7,true
887,0,ASBuild.BuildTLAS,0,0,false,0.093632000,7,7,true
887,1,LightPrepare.Upload,0,0,false,0.001664000,7,7,true
887,2,PathTracing.Trace,0,0,false,0.576864000,7,7,true
887,3,Ui.Overlay,0,0,false,0.012640000,7,7,true
887,4,DLSS.RayReconstruction,1,1,false,1.003648000,7,7,true
887,5,Present.Convert,1,1,false,0.045472000,7,7,true
887,6,Present.CopyToSwapchain,1,2,true,0.025248000,7,7,true
888,0,ASBuild.BuildTLAS,0,0,false,0.091328000,7,7,true
888,1,LightPrepare.Upload,0,0,false,0.001664000,7,7,true
888,2,PathTracing.Trace,0,0,false,0.564576000,7,7,true
888,3,Ui.Overlay,0,0,false,0.012512000,7,7,true
888,4,DLSS.RayReconstruction,1,1,false,0.985024000,7,7,true
888,5,Present.Convert,1,1,false,0.047520000,7,7,true
888,6,Present.CopyToSwapchain,1,2,true,0.025472000,7,7,true
889,0,ASBuild.BuildTLAS,0,0,false,0.090912000,7,7,true
889,1,LightPrepare.Upload,0,0,false,0.001664000,7,7,true
889,2,PathTracing.Trace,0,0,false,0.576896000,7,7,true
889,3,Ui.Overlay,0,0,false,0.012512000,7,7,true
889,4,DLSS.RayReconstruction,1,1,false,1.161472000,7,7,true
889,5,Present.Convert,1,1,false,0.352320000,7,7,true
889,6,Present.CopyToSwapchain,1,2,true,0.039520000,7,7,true
890,0,ASBuild.BuildTLAS,0,0,false,0.124544000,7,7,true
890,1,LightPrepare.Upload,0,0,false,0.006304000,7,7,true
890,2,PathTracing.Trace,0,0,false,0.675584000,7,7,true
890,3,Ui.Overlay,0,0,false,0.012352000,7,7,true
890,4,DLSS.RayReconstruction,1,1,false,1.163968000,7,7,true
890,5,Present.Convert,1,1,false,0.047424000,7,7,true
890,6,Present.CopyToSwapchain,1,2,true,0.026144000,7,7,true
891,0,ASBuild.BuildTLAS,0,0,false,0.091136000,7,7,true
891,1,LightPrepare.Upload,0,0,false,0.001888000,7,7,true
891,2,PathTracing.Trace,0,0,false,0.582816000,7,7,true
891,3,Ui.Overlay,0,0,false,0.021792000,7,7,true
891,4,DLSS.RayReconstruction,1,1,false,1.454944000,7,7,true
891,5,Present.Convert,1,1,false,0.047488000,7,7,true
891,6,Present.CopyToSwapchain,1,2,true,0.024864000,7,7,true
892,0,ASBuild.BuildTLAS,0,0,false,0.090048000,7,7,true
892,1,LightPrepare.Upload,0,0,false,0.001600000,7,7,true
892,2,PathTracing.Trace,0,0,false,0.686560000,7,7,true
892,3,Ui.Overlay,0,0,false,0.022976000,7,7,true
892,4,DLSS.RayReconstruction,1,1,false,1.456480000,7,7,true
892,5,Present.Convert,1,1,false,0.045376000,7,7,true
892,6,Present.CopyToSwapchain,1,2,true,0.023744000,7,7,true
893,0,ASBuild.BuildTLAS,0,0,false,0.149600000,7,7,true
893,1,LightPrepare.Upload,0,0,false,0.002048000,7,7,true
893,2,PathTracing.Trace,0,0,false,0.671648000,7,7,true
893,3,Ui.Overlay,0,0,false,0.026656000,7,7,true
893,4,DLSS.RayReconstruction,1,1,false,1.645728000,7,7,true
893,5,Present.Convert,1,1,false,0.048224000,7,7,true
893,6,Present.CopyToSwapchain,1,2,true,0.025312000,7,7,true
894,0,ASBuild.BuildTLAS,0,0,false,0.123424000,7,7,true
894,1,LightPrepare.Upload,0,0,false,0.002336000,7,7,true
894,2,PathTracing.Trace,0,0,false,0.897376000,7,7,true
894,3,Ui.Overlay,0,0,false,0.020480000,7,7,true
894,4,DLSS.RayReconstruction,1,1,false,1.543776000,7,7,true
894,5,Present.Convert,1,1,false,0.052608000,7,7,true
894,6,Present.CopyToSwapchain,1,2,true,0.024032000,7,7,true
895,0,ASBuild.BuildTLAS,0,0,false,0.120128000,7,7,true
895,1,LightPrepare.Upload,0,0,false,0.002112000,7,7,true
895,2,PathTracing.Trace,0,0,false,0.763744000,7,7,true
895,3,Ui.Overlay,0,0,false,0.029760000,7,7,true
895,4,DLSS.RayReconstruction,1,1,false,0.986784000,7,7,true
895,5,Present.Convert,1,1,false,0.055552000,7,7,true
895,6,Present.CopyToSwapchain,1,2,true,0.210752000,7,7,true
896,0,ASBuild.BuildTLAS,0,0,false,0.129184000,7,7,true
896,1,LightPrepare.Upload,0,0,false,0.002176000,7,7,true
896,2,PathTracing.Trace,0,0,false,0.622368000,7,7,true
896,3,Ui.Overlay,0,0,false,0.012352000,7,7,true
896,4,DLSS.RayReconstruction,1,1,false,1.503648000,7,7,true
896,5,Present.Convert,1,1,false,0.224608000,7,7,true
896,6,Present.CopyToSwapchain,1,2,true,0.026240000,7,7,true
897,0,ASBuild.BuildTLAS,0,0,false,0.123456000,7,7,true
897,1,LightPrepare.Upload,0,0,false,0.006208000,7,7,true
897,2,PathTracing.Trace,0,0,false,0.720768000,7,7,true
897,3,Ui.Overlay,0,0,false,0.028384000,7,7,true
897,4,DLSS.RayReconstruction,1,1,false,0.995040000,7,7,true
897,5,Present.Convert,1,1,false,0.118688000,7,7,true
897,6,Present.CopyToSwapchain,1,2,true,0.373056000,7,7,true
898,0,ASBuild.BuildTLAS,0,0,false,0.125824000,7,7,true
898,1,LightPrepare.Upload,0,0,false,0.002080000,7,7,true
898,2,PathTracing.Trace,0,0,false,0.626592000,7,7,true
898,3,Ui.Overlay,0,0,false,0.012256000,7,7,true
898,4,DLSS.RayReconstruction,1,1,false,1.005504000,7,7,true
898,5,Present.Convert,1,1,false,0.052544000,7,7,true
898,6,Present.CopyToSwapchain,1,2,true,0.024800000,7,7,true
899,0,ASBuild.BuildTLAS,0,0,false,0.091584000,7,7,true
899,1,LightPrepare.Upload,0,0,false,0.001792000,7,7,true
899,2,PathTracing.Trace,0,0,false,0.586976000,7,7,true
899,3,Ui.Overlay,0,0,false,0.012544000,7,7,true
899,4,DLSS.RayReconstruction,1,1,false,0.989472000,7,7,true
899,5,Present.Convert,1,1,false,0.047456000,7,7,true
899,6,Present.CopyToSwapchain,1,2,true,0.023520000,7,7,true
900,0,ASBuild.BuildTLAS,0,0,false,0.092768000,7,7,true
900,1,LightPrepare.Upload,0,0,false,0.001632000,7,7,true
900,2,PathTracing.Trace,0,0,false,0.578976000,7,7,true
900,3,Ui.Overlay,0,0,false,0.012704000,7,7,true
900,4,DLSS.RayReconstruction,1,1,false,1.155008000,7,7,true
900,5,Present.Convert,1,1,false,0.098624000,7,7,true
900,6,Present.CopyToSwapchain,1,2,true,0.023776000,7,7,true
901,0,ASBuild.BuildTLAS,0,0,false,0.091264000,7,7,true
901,1,LightPrepare.Upload,0,0,false,0.001568000,7,7,true
901,2,PathTracing.Trace,0,0,false,0.574944000,7,7,true
901,3,Ui.Overlay,0,0,false,0.012256000,7,7,true
901,4,DLSS.RayReconstruction,1,1,false,0.995232000,7,7,true
901,5,Present.Convert,1,1,false,0.048512000,7,7,true
901,6,Present.CopyToSwapchain,1,2,true,0.022400000,7,7,true
902,0,ASBuild.BuildTLAS,0,0,false,0.093472000,7,7,true
902,1,LightPrepare.Upload,0,0,false,0.001984000,7,7,true
902,2,PathTracing.Trace,0,0,false,0.625728000,7,7,true
902,3,Ui.Overlay,0,0,false,0.011776000,7,7,true
902,4,DLSS.RayReconstruction,1,1,false,0.976864000,7,7,true
902,5,Present.Convert,1,1,false,0.050528000,7,7,true
902,6,Present.CopyToSwapchain,1,2,true,0.023520000,7,7,true
903,0,ASBuild.BuildTLAS,0,0,false,0.090112000,7,7,true
903,1,LightPrepare.Upload,0,0,false,0.001568000,7,7,true
903,2,PathTracing.Trace,0,0,false,0.570848000,7,7,true
903,3,Ui.Overlay,0,0,false,0.012192000,7,7,true
903,4,DLSS.RayReconstruction,1,1,false,1.001472000,7,7,true
903,5,Present.Convert,1,1,false,0.052512000,7,7,true
903,6,Present.CopyToSwapchain,1,2,true,0.025696000,7,7,true
904,0,ASBuild.BuildTLAS,0,0,false,0.114048000,7,7,true
904,1,LightPrepare.Upload,0,0,false,0.001600000,7,7,true
904,2,PathTracing.Trace,0,0,false,0.616896000,7,7,true
904,3,Ui.Overlay,0,0,false,0.012128000,7,7,true
904,4,DLSS.RayReconstruction,1,1,false,1.001376000,7,7,true
904,5,Present.Convert,1,1,false,0.050496000,7,7,true
904,6,Present.CopyToSwapchain,1,2,true,0.023648000,7,7,true
905,0,ASBuild.BuildTLAS,0,0,false,0.092480000,7,7,true
905,1,LightPrepare.Upload,0,0,false,0.002048000,7,7,true
905,2,PathTracing.Trace,0,0,false,0.762912000,7,7,true
905,3,Ui.Overlay,0,0,false,0.012032000,7,7,true
905,4,DLSS.RayReconstruction,1,1,false,0.980992000,7,7,true
905,5,Present.Convert,1,1,false,0.050304000,7,7,true
905,6,Present.CopyToSwapchain,1,2,true,0.024576000,7,7,true
906,0,ASBuild.BuildTLAS,0,0,false,0.090752000,7,7,true
906,1,LightPrepare.Upload,0,0,false,0.001600000,7,7,true
906,2,PathTracing.Trace,0,0,false,0.562624000,7,7,true
906,3,Ui.Overlay,0,0,false,0.012256000,7,7,true
906,4,DLSS.RayReconstruction,1,1,false,1.003296000,7,7,true
906,5,Present.Convert,1,1,false,0.050560000,7,7,true
906,6,Present.CopyToSwapchain,1,2,true,0.025152000,7,7,true
907,0,ASBuild.BuildTLAS,0,0,false,0.090624000,7,7,true
907,1,LightPrepare.Upload,0,0,false,0.001888000,7,7,true
907,2,PathTracing.Trace,0,0,false,0.574624000,7,7,true
907,3,Ui.Overlay,0,0,false,0.012320000,7,7,true
907,4,DLSS.RayReconstruction,1,1,false,0.980992000,7,7,true
907,5,Present.Convert,1,1,false,0.047200000,7,7,true
907,6,Present.CopyToSwapchain,1,2,true,0.023904000,7,7,true
908,0,ASBuild.BuildTLAS,0,0,false,0.101472000,7,7,true
908,1,LightPrepare.Upload,0,0,false,0.001600000,7,7,true
908,2,PathTracing.Trace,0,0,false,0.584160000,7,7,true
908,3,Ui.Overlay,0,0,false,0.012384000,7,7,true
908,4,DLSS.RayReconstruction,1,1,false,1.001056000,7,7,true
908,5,Present.Convert,1,1,false,0.047488000,7,7,true
908,6,Present.CopyToSwapchain,1,2,true,0.025536000,7,7,true
909,0,ASBuild.BuildTLAS,0,0,false,0.091008000,7,7,true
909,1,LightPrepare.Upload,0,0,false,0.001600000,7,7,true
909,2,PathTracing.Trace,0,0,false,0.599488000,7,7,true
909,3,Ui.Overlay,0,0,false,0.012352000,7,7,true
909,4,DLSS.RayReconstruction,1,1,false,1.005984000,7,7,true
909,5,Present.Convert,1,1,false,0.050848000,7,7,true
909,6,Present.CopyToSwapchain,1,2,true,0.023264000,7,7,true
910,0,ASBuild.BuildTLAS,0,0,false,0.093696000,7,7,true
910,1,LightPrepare.Upload,0,0,false,0.001536000,7,7,true
910,2,PathTracing.Trace,0,0,false,0.607712000,7,7,true
910,3,Ui.Overlay,0,0,false,0.012160000,7,7,true
910,4,DLSS.RayReconstruction,1,1,false,1.163488000,7,7,true
910,5,Present.Convert,1,1,false,0.054624000,7,7,true
910,6,Present.CopyToSwapchain,1,2,true,0.023328000,7,7,true
911,0,ASBuild.BuildTLAS,0,0,false,0.093632000,7,7,true
911,1,LightPrepare.Upload,0,0,false,0.001536000,7,7,true
911,2,PathTracing.Trace,0,0,false,0.561632000,7,7,true
911,3,Ui.Overlay,0,0,false,0.012672000,7,7,true
911,4,DLSS.RayReconstruction,1,1,false,0.995264000,7,7,true
911,5,Present.Convert,1,1,false,0.050592000,7,7,true
911,6,Present.CopyToSwapchain,1,2,true,0.024736000,7,7,true
912,0,ASBuild.BuildTLAS,0,0,false,0.090656000,7,7,true
912,1,LightPrepare.Upload,0,0,false,0.001664000,7,7,true
912,2,PathTracing.Trace,0,0,false,0.576896000,7,7,true
912,3,Ui.Overlay,0,0,false,0.012000000,7,7,true
912,4,DLSS.RayReconstruction,1,1,false,0.992992000,7,7,true
912,5,Present.Convert,1,1,false,0.053888000,7,7,true
912,6,Present.CopyToSwapchain,1,2,true,0.024320000,7,7,true
913,0,ASBuild.BuildTLAS,0,0,false,0.091328000,7,7,true
913,1,LightPrepare.Upload,0,0,false,0.001568000,7,7,true
913,2,PathTracing.Trace,0,0,false,0.579040000,7,7,true
913,3,Ui.Overlay,0,0,false,0.012608000,7,7,true
913,4,DLSS.RayReconstruction,1,1,false,0.982720000,7,7,true
913,5,Present.Convert,1,1,false,0.046464000,7,7,true
913,6,Present.CopyToSwapchain,1,2,true,0.024128000,7,7,true
914,0,ASBuild.BuildTLAS,0,0,false,0.093504000,7,7,true
914,1,LightPrepare.Upload,0,0,false,0.001888000,7,7,true
914,2,PathTracing.Trace,0,0,false,0.564352000,7,7,true
914,3,Ui.Overlay,0,0,false,0.012128000,7,7,true
914,4,DLSS.RayReconstruction,1,1,false,1.009632000,7,7,true
914,5,Present.Convert,1,1,false,0.356576000,7,7,true
914,6,Present.CopyToSwapchain,1,2,true,0.166144000,7,7,true
915,0,ASBuild.BuildTLAS,0,0,false,0.121824000,7,7,true
915,1,LightPrepare.Upload,0,0,false,0.001856000,7,7,true
915,2,PathTracing.Trace,0,0,false,0.616512000,7,7,true
915,3,Ui.Overlay,0,0,false,0.012480000,7,7,true
915,4,DLSS.RayReconstruction,1,1,false,1.167424000,7,7,true
915,5,Present.Convert,1,1,false,0.052416000,7,7,true
915,6,Present.CopyToSwapchain,1,2,true,0.026272000,7,7,true
916,0,ASBuild.BuildTLAS,0,0,false,0.091328000,7,7,true
916,1,LightPrepare.Upload,0,0,false,0.001568000,7,7,true
916,2,PathTracing.Trace,0,0,false,0.570848000,7,7,true
916,3,Ui.Overlay,0,0,false,0.012352000,7,7,true
916,4,DLSS.RayReconstruction,1,1,false,1.000096000,7,7,true
916,5,Present.Convert,1,1,false,0.045280000,7,7,true
916,6,Present.CopyToSwapchain,1,2,true,0.022656000,7,7,true
917,0,ASBuild.BuildTLAS,0,0,false,0.093408000,7,7,true
917,1,LightPrepare.Upload,0,0,false,0.001856000,7,7,true
917,2,PathTracing.Trace,0,0,false,0.568544000,7,7,true
917,3,Ui.Overlay,0,0,false,0.012128000,7,7,true
917,4,DLSS.RayReconstruction,1,1,false,0.979488000,7,7,true
917,5,Present.Convert,1,1,false,0.047392000,7,7,true
917,6,Present.CopyToSwapchain,1,2,true,0.023424000,7,7,true
918,0,ASBuild.BuildTLAS,0,0,false,0.091424000,7,7,true
918,1,LightPrepare.Upload,0,0,false,0.001600000,7,7,true
918,2,PathTracing.Trace,0,0,false,0.762304000,7,7,true
918,3,Ui.Overlay,0,0,false,0.011872000,7,7,true
918,4,DLSS.RayReconstruction,1,1,false,0.981664000,7,7,true
918,5,Present.Convert,1,1,false,0.045760000,7,7,true
918,6,Present.CopyToSwapchain,1,2,true,0.023712000,7,7,true
919,0,ASBuild.BuildTLAS,0,0,false,0.090720000,7,7,true
919,1,LightPrepare.Upload,0,0,false,0.001568000,7,7,true
919,2,PathTracing.Trace,0,0,false,0.582112000,7,7,true
919,3,Ui.Overlay,0,0,false,0.012544000,7,7,true
919,4,DLSS.RayReconstruction,1,1,false,1.003296000,7,7,true
919,5,Present.Convert,1,1,false,0.050464000,7,7,true
919,6,Present.CopyToSwapchain,1,2,true,0.024256000,7,7,true
920,0,ASBuild.BuildTLAS,0,0,false,0.092960000,7,7,true
920,1,LightPrepare.Upload,0,0,false,0.001536000,7,7,true
920,2,PathTracing.Trace,0,0,false,0.616960000,7,7,true
920,3,Ui.Overlay,0,0,false,0.012192000,7,7,true
920,4,DLSS.RayReconstruction,1,1,false,0.974496000,7,7,true
920,5,Present.Convert,1,1,false,0.048448000,7,7,true
920,6,Present.CopyToSwapchain,1,2,true,0.023424000,7,7,true
921,0,ASBuild.BuildTLAS,0,0,false,0.090944000,7,7,true
921,1,LightPrepare.Upload,0,0,false,0.001568000,7,7,true
921,2,PathTracing.Trace,0,0,false,0.572896000,7,7,true
921,3,Ui.Overlay,0,0,false,0.012224000,7,7,true
921,4,DLSS.RayReconstruction,1,1,false,1.148768000,7,7,true
921,5,Present.Convert,1,1,false,0.048992000,7,7,true
921,6,Present.CopyToSwapchain,1,2,true,0.025472000,7,7,true
922,0,ASBuild.BuildTLAS,0,0,false,0.093696000,7,7,true
922,1,LightPrepare.Upload,0,0,false,0.001632000,7,7,true
922,2,PathTracing.Trace,0,0,false,0.597408000,7,7,true
922,3,Ui.Overlay,0,0,false,0.012448000,7,7,true
922,4,DLSS.RayReconstruction,1,1,false,1.511936000,7,7,true
922,5,Present.Convert,1,1,false,0.049472000,7,7,true
922,6,Present.CopyToSwapchain,1,2,true,0.023968000,7,7,true
923,0,ASBuild.BuildTLAS,0,0,false,0.126272000,7,7,true
923,1,LightPrepare.Upload,0,0,false,0.002112000,7,7,true
923,2,PathTracing.Trace,0,0,false,0.706400000,7,7,true
923,3,Ui.Overlay,0,0,false,0.025920000,7,7,true
923,4,DLSS.RayReconstruction,1,1,false,0.979680000,7,7,true
923,5,Present.Convert,1,1,false,0.050624000,7,7,true
923,6,Present.CopyToSwapchain,1,2,true,0.023264000,7,7,true
924,0,ASBuild.BuildTLAS,0,0,false,0.091168000,7,7,true
924,1,LightPrepare.Upload,0,0,false,0.001536000,7,7,true
924,2,PathTracing.Trace,0,0,false,0.576992000,7,7,true
924,3,Ui.Overlay,0,0,false,0.012384000,7,7,true
924,4,DLSS.RayReconstruction,1,1,false,1.001632000,7,7,true
924,5,Present.Convert,1,1,false,0.050528000,7,7,true
924,6,Present.CopyToSwapchain,1,2,true,0.025376000,7,7,true
925,0,ASBuild.BuildTLAS,0,0,false,0.090848000,7,7,true
925,1,LightPrepare.Upload,0,0,false,0.001568000,7,7,true
925,2,PathTracing.Trace,0,0,false,0.613856000,7,7,true
925,3,Ui.Overlay,0,0,false,0.012352000,7,7,true
925,4,DLSS.RayReconstruction,1,1,false,1.012032000,7,7,true
925,5,Present.Convert,1,1,false,0.055616000,7,7,true
925,6,Present.CopyToSwapchain,1,2,true,0.187296000,7,7,true
926,0,ASBuild.BuildTLAS,0,0,false,0.123584000,7,7,true
926,1,LightPrepare.Upload,0,0,false,0.001888000,7,7,true
926,2,PathTracing.Trace,0,0,false,0.591968000,7,7,true
926,3,Ui.Overlay,0,0,false,0.012096000,7,7,true
926,4,DLSS.RayReconstruction,1,1,false,0.984928000,7,7,true
926,5,Present.Convert,1,1,false,0.048512000,7,7,true
926,6,Present.CopyToSwapchain,1,2,true,0.023552000,7,7,true
927,0,ASBuild.BuildTLAS,0,0,false,0.091136000,7,7,true
927,1,LightPrepare.Upload,0,0,false,0.001536000,7,7,true
927,2,PathTracing.Trace,0,0,false,0.589280000,7,7,true
927,3,Ui.Overlay,0,0,false,0.012416000,7,7,true
927,4,DLSS.RayReconstruction,1,1,false,1.006144000,7,7,true
927,5,Present.Convert,1,1,false,0.047424000,7,7,true
927,6,Present.CopyToSwapchain,1,2,true,0.022208000,7,7,true
928,0,ASBuild.BuildTLAS,0,0,false,0.110016000,7,7,true
928,1,LightPrepare.Upload,0,0,false,0.001568000,7,7,true
928,2,PathTracing.Trace,0,0,false,0.588256000,7,7,true
928,3,Ui.Overlay,0,0,false,0.012448000,7,7,true
928,4,DLSS.RayReconstruction,1,1,false,1.182848000,7,7,true
928,5,Present.Convert,1,1,false,0.052640000,7,7,true
928,6,Present.CopyToSwapchain,1,2,true,0.024288000,7,7,true
929,0,ASBuild.BuildTLAS,0,0,false,0.092928000,7,7,true
929,1,LightPrepare.Upload,0,0,false,0.001600000,7,7,true
929,2,PathTracing.Trace,0,0,false,0.560576000,7,7,true
929,3,Ui.Overlay,0,0,false,0.012224000,7,7,true
929,4,DLSS.RayReconstruction,1,1,false,0.999040000,7,7,true
929,5,Present.Convert,1,1,false,0.047104000,7,7,true
929,6,Present.CopyToSwapchain,1,2,true,0.025920000,7,7,true
930,0,ASBuild.BuildTLAS,0,0,false,0.093632000,7,7,true
930,1,LightPrepare.Upload,0,0,false,0.001728000,7,7,true
930,2,PathTracing.Trace,0,0,false,0.564544000,7,7,true
930,3,Ui.Overlay,0,0,false,0.012160000,7,7,true
930,4,DLSS.RayReconstruction,1,1,false,0.993568000,7,7,true
930,5,Present.Convert,1,1,false,0.050848000,7,7,true
930,6,Present.CopyToSwapchain,1,2,true,0.023392000,7,7,true
931,0,ASBuild.BuildTLAS,0,0,false,0.093504000,7,7,true
931,1,LightPrepare.Upload,0,0,false,0.001856000,7,7,true
931,2,PathTracing.Trace,0,0,false,0.576704000,7,7,true
931,3,Ui.Overlay,0,0,false,0.012416000,7,7,true
931,4,DLSS.RayReconstruction,1,1,false,1.166240000,7,7,true
931,5,Present.Convert,1,1,false,0.045824000,7,7,true
931,6,Present.CopyToSwapchain,1,2,true,0.024000000,7,7,true
932,0,ASBuild.BuildTLAS,0,0,false,0.093184000,7,7,true
932,1,LightPrepare.Upload,0,0,false,0.001632000,7,7,true
932,2,PathTracing.Trace,0,0,false,0.551360000,7,7,true
932,3,Ui.Overlay,0,0,false,0.012416000,7,7,true
932,4,DLSS.RayReconstruction,1,1,false,1.003392000,7,7,true
932,5,Present.Convert,1,1,false,0.049472000,7,7,true
932,6,Present.CopyToSwapchain,1,2,true,0.176640000,7,7,true
933,0,ASBuild.BuildTLAS,0,0,false,0.126464000,7,7,true
933,1,LightPrepare.Upload,0,0,false,0.001888000,7,7,true
933,2,PathTracing.Trace,0,0,false,0.591936000,7,7,true
933,3,Ui.Overlay,0,0,false,0.012160000,7,7,true
933,4,DLSS.RayReconstruction,1,1,false,0.981600000,7,7,true
933,5,Present.Convert,1,1,false,0.050944000,7,7,true
933,6,Present.CopyToSwapchain,1,2,true,0.024224000,7,7,true
934,0,ASBuild.BuildTLAS,0,0,false,0.093568000,7,7,true
934,1,LightPrepare.Upload,0,0,false,0.001568000,7,7,true
934,2,PathTracing.Trace,0,0,false,0.579040000,7,7,true
934,3,Ui.Overlay,0,0,false,0.012224000,7,7,true
934,4,DLSS.RayReconstruction,1,1,false,1.161696000,7,7,true
934,5,Present.Convert,1,1,false,0.050496000,7,7,true
934,6,Present.CopyToSwapchain,1,2,true,0.023904000,7,7,true
935,0,ASBuild.BuildTLAS,0,0,false,0.091392000,7,7,true
935,1,LightPrepare.Upload,0,0,false,0.001760000,7,7,true
935,2,PathTracing.Trace,0,0,false,0.562464000,7,7,true
935,3,Ui.Overlay,0,0,false,0.012160000,7,7,true
935,4,DLSS.RayReconstruction,1,1,false,0.999872000,7,7,true
935,5,Present.Convert,1,1,false,0.050528000,7,7,true
935,6,Present.CopyToSwapchain,1,2,true,0.024000000,7,7,true
936,0,ASBuild.BuildTLAS,0,0,false,0.091264000,7,7,true
936,1,LightPrepare.Upload,0,0,false,0.001472000,7,7,true
936,2,PathTracing.Trace,0,0,false,0.597568000,7,7,true
936,3,Ui.Overlay,0,0,false,0.012672000,7,7,true
936,4,DLSS.RayReconstruction,1,1,false,0.979104000,7,7,true
936,5,Present.Convert,1,1,false,0.050560000,7,7,true
936,6,Present.CopyToSwapchain,1,2,true,0.023360000,7,7,true
937,0,ASBuild.BuildTLAS,0,0,false,0.092896000,7,7,true
937,1,LightPrepare.Upload,0,0,false,0.001600000,7,7,true
937,2,PathTracing.Trace,0,0,false,0.566720000,7,7,true
937,3,Ui.Overlay,0,0,false,0.012640000,7,7,true
937,4,DLSS.RayReconstruction,1,1,false,1.176576000,7,7,true
937,5,Present.Convert,1,1,false,0.057024000,7,7,true
937,6,Present.CopyToSwapchain,1,2,true,0.025280000,7,7,true
938,0,ASBuild.BuildTLAS,0,0,false,0.091872000,7,7,true
938,1,LightPrepare.Upload,0,0,false,0.001504000,7,7,true
938,2,PathTracing.Trace,0,0,false,0.582176000,7,7,true
938,3,Ui.Overlay,0,0,false,0.012448000,7,7,true
938,4,DLSS.RayReconstruction,1,1,false,1.003168000,7,7,true
938,5,Present.Convert,1,1,false,0.045344000,7,7,true
938,6,Present.CopyToSwapchain,1,2,true,0.023616000,7,7,true
939,0,ASBuild.BuildTLAS,0,0,false,0.090848000,7,7,true
939,1,LightPrepare.Upload,0,0,false,0.001504000,7,7,true
939,2,PathTracing.Trace,0,0,false,0.558592000,7,7,true
939,3,Ui.Overlay,0,0,false,0.011968000,7,7,true
939,4,DLSS.RayReconstruction,1,1,false,0.979136000,7,7,true
939,5,Present.Convert,1,1,false,0.050528000,7,7,true
939,6,Present.CopyToSwapchain,1,2,true,0.023776000,7,7,true
940,0,ASBuild.BuildTLAS,0,0,false,0.090976000,7,7,true
940,1,LightPrepare.Upload,0,0,false,0.001472000,7,7,true
940,2,PathTracing.Trace,0,0,false,0.586304000,7,7,true
940,3,Ui.Overlay,0,0,false,0.012736000,7,7,true
940,4,DLSS.RayReconstruction,1,1,false,0.997184000,7,7,true
940,5,Present.Convert,1,1,false,0.049472000,7,7,true
940,6,Present.CopyToSwapchain,1,2,true,0.024448000,7,7,true
941,0,ASBuild.BuildTLAS,0,0,false,0.093664000,7,7,true
941,1,LightPrepare.Upload,0,0,false,0.001600000,7,7,true
941,2,PathTracing.Trace,0,0,false,0.576992000,7,7,true
941,3,Ui.Overlay,0,0,false,0.012256000,7,7,true
941,4,DLSS.RayReconstruction,1,1,false,0.995840000,7,7,true
941,5,Present.Convert,1,1,false,0.047328000,7,7,true
941,6,Present.CopyToSwapchain,1,2,true,0.108192000,7,7,true
942,0,ASBuild.BuildTLAS,0,0,false,0.122272000,7,7,true
942,1,LightPrepare.Upload,0,0,false,0.001792000,7,7,true
942,2,PathTracing.Trace,0,0,false,0.601184000,7,7,true
942,3,Ui.Overlay,0,0,false,0.012160000,7,7,true
942,4,DLSS.RayReconstruction,1,1,false,1.179616000,7,7,true
942,5,Present.Convert,1,1,false,0.053024000,7,7,true
942,6,Present.CopyToSwapchain,1,2,true,0.025344000,7,7,true
943,0,ASBuild.BuildTLAS,0,0,false,0.091424000,7,7,true
943,1,LightPrepare.Upload,0,0,false,0.001568000,7,7,true
943,2,PathTracing.Trace,0,0,false,0.571872000,7,7,true
943,3,Ui.Overlay,0,0,false,0.012000000,7,7,true
943,4,DLSS.RayReconstruction,1,1,false,1.001824000,7,7,true
943,5,Present.Convert,1,1,false,0.050560000,7,7,true
943,6,Present.CopyToSwapchain,1,2,true,0.024416000,7,7,true
944,0,ASBuild.BuildTLAS,0,0,false,0.092928000,7,7,true
944,1,LightPrepare.Upload,0,0,false,0.002368000,7,7,true
944,2,PathTracing.Trace,0,0,false,0.566976000,7,7,true
944,3,Ui.Overlay,0,0,false,0.012384000,7,7,true
944,4,DLSS.RayReconstruction,1,1,false,0.973344000,7,7,true
944,5,Present.Convert,1,1,false,0.050560000,7,7,true
944,6,Present.CopyToSwapchain,1,2,true,0.023520000,7,7,true
945,0,ASBuild.BuildTLAS,0,0,false,0.091328000,7,7,true
945,1,LightPrepare.Upload,0,0,false,0.001536000,7,7,true
945,2,PathTracing.Trace,0,0,false,0.587264000,7,7,true
945,3,Ui.Overlay,0,0,false,0.012608000,7,7,true
945,4,DLSS.RayReconstruction,1,1,false,0.999360000,7,7,true
945,5,Present.Convert,1,1,false,0.047424000,7,7,true
945,6,Present.CopyToSwapchain,1,2,true,0.024512000,7,7,true
946,0,ASBuild.BuildTLAS,0,0,false,0.091264000,7,7,true
946,1,LightPrepare.Upload,0,0,false,0.001600000,7,7,true
946,2,PathTracing.Trace,0,0,false,0.581056000,7,7,true
946,3,Ui.Overlay,0,0,false,0.012224000,7,7,true
946,4,DLSS.RayReconstruction,1,1,false,0.997344000,7,7,true
946,5,Present.Convert,1,1,false,0.045376000,7,7,true
946,6,Present.CopyToSwapchain,1,2,true,0.023456000,7,7,true
947,0,ASBuild.BuildTLAS,0,0,false,0.093376000,7,7,true
947,1,LightPrepare.Upload,0,0,false,0.001568000,7,7,true
947,2,PathTracing.Trace,0,0,false,0.578016000,7,7,true
947,3,Ui.Overlay,0,0,false,0.012288000,7,7,true
947,4,DLSS.RayReconstruction,1,1,false,1.167552000,7,7,true
947,5,Present.Convert,1,1,false,0.051424000,7,7,true
947,6,Present.CopyToSwapchain,1,2,true,0.025728000,7,7,true
948,0,ASBuild.BuildTLAS,0,0,false,0.125952000,7,7,true
948,1,LightPrepare.Upload,0,0,false,0.002560000,7,7,true
948,2,PathTracing.Trace,0,0,false,0.569248000,7,7,true
948,3,Ui.Overlay,0,0,false,0.012032000,7,7,true
948,4,DLSS.RayReconstruction,1,1,false,1.003584000,7,7,true
948,5,Present.Convert,1,1,false,0.050624000,7,7,true
948,6,Present.CopyToSwapchain,1,2,true,0.023488000,7,7,true
949,0,ASBuild.BuildTLAS,0,0,false,0.091456000,7,7,true
949,1,LightPrepare.Upload,0,0,false,0.001536000,7,7,true
949,2,PathTracing.Trace,0,0,false,0.591360000,7,7,true
949,3,Ui.Overlay,0,0,false,0.012192000,7,7,true
949,4,DLSS.RayReconstruction,1,1,false,0.980896000,7,7,true
949,5,Present.Convert,1,1,false,0.050272000,7,7,true
949,6,Present.CopyToSwapchain,1,2,true,0.023520000,7,7,true
950,0,ASBuild.BuildTLAS,0,0,false,0.092416000,7,7,true
950,1,LightPrepare.Upload,0,0,false,0.001568000,7,7,true
950,2,PathTracing.Trace,0,0,false,0.577024000,7,7,true
950,3,Ui.Overlay,0,0,false,0.012192000,7,7,true
950,4,DLSS.RayReconstruction,1,1,false,0.995744000,7,7,true
950,5,Present.Convert,1,1,false,0.050528000,7,7,true
950,6,Present.CopyToSwapchain,1,2,true,0.025248000,7,7,true
951,0,ASBuild.BuildTLAS,0,0,false,0.264032000,7,7,true
951,1,LightPrepare.Upload,0,0,false,0.001504000,7,7,true
951,2,PathTracing.Trace,0,0,false,0.570144000,7,7,true
951,3,Ui.Overlay,0,0,false,0.011872000,7,7,true
951,4,DLSS.RayReconstruction,1,1,false,1.001184000,7,7,true
951,5,Present.Convert,1,1,false,0.054624000,7,7,true
951,6,Present.CopyToSwapchain,1,2,true,0.023648000,7,7,true
952,0,ASBuild.BuildTLAS,0,0,false,0.093216000,7,7,true
952,1,LightPrepare.Upload,0,0,false,0.001536000,7,7,true
952,2,PathTracing.Trace,0,0,false,0.583168000,7,7,true
952,3,Ui.Overlay,0,0,false,0.012192000,7,7,true
952,4,DLSS.RayReconstruction,1,1,false,0.980384000,7,7,true
952,5,Present.Convert,1,1,false,0.050464000,7,7,true
952,6,Present.CopyToSwapchain,1,2,true,0.025248000,7,7,true
953,0,ASBuild.BuildTLAS,0,0,false,0.090784000,7,7,true
953,1,LightPrepare.Upload,0,0,false,0.001696000,7,7,true
953,2,PathTracing.Trace,0,0,false,0.558432000,7,7,true
953,3,Ui.Overlay,0,0,false,0.012192000,7,7,true
953,4,DLSS.RayReconstruction,1,1,false,1.652736000,7,7,true
953,5,Present.Convert,1,1,false,0.051072000,7,7,true
953,6,Present.CopyToSwapchain,1,2,true,0.026240000,7,7,true
954,0,ASBuild.BuildTLAS,0,0,false,0.096416000,7,7,true
954,1,LightPrepare.Upload,0,0,false,0.001888000,7,7,true
954,2,PathTracing.Trace,0,0,false,0.686144000,7,7,true
954,3,Ui.Overlay,0,0,false,0.020928000,7,7,true
954,4,DLSS.RayReconstruction,1,1,false,0.982112000,7,7,true
954,5,Present.Convert,1,1,false,0.049440000,7,7,true
954,6,Present.CopyToSwapchain,1,2,true,0.024768000,7,7,true
955,0,ASBuild.BuildTLAS,0,0,false,0.120672000,7,7,true
955,1,LightPrepare.Upload,0,0,false,0.006336000,7,7,true
955,2,PathTracing.Trace,0,0,false,0.597760000,7,7,true
955,3,Ui.Overlay,0,0,false,0.012480000,7,7,true
955,4,DLSS.RayReconstruction,1,1,false,1.004000000,7,7,true
955,5,Present.Convert,1,1,false,0.050400000,7,7,true
955,6,Present.CopyToSwapchain,1,2,true,0.025600000,7,7,true
956,0,ASBuild.BuildTLAS,0,0,false,0.091328000,7,7,true
956,1,LightPrepare.Upload,0,0,false,0.001472000,7,7,true
956,2,PathTracing.Trace,0,0,false,0.560704000,7,7,true
956,3,Ui.Overlay,0,0,false,0.011808000,7,7,true
956,4,DLSS.RayReconstruction,1,1,false,1.491296000,7,7,true
956,5,Present.Convert,1,1,false,0.054752000,7,7,true
956,6,Present.CopyToSwapchain,1,2,true,0.023232000,7,7,true
957,0,ASBuild.BuildTLAS,0,0,false,0.126304000,7,7,true
957,1,LightPrepare.Upload,0,0,false,0.002432000,7,7,true
957,2,PathTracing.Trace,0,0,false,0.685600000,7,7,true
957,3,Ui.Overlay,0,0,false,0.014208000,7,7,true
957,4,DLSS.RayReconstruction,1,1,false,1.705728000,7,7,true
957,5,Present.Convert,1,1,false,0.049472000,7,7,true
957,6,Present.CopyToSwapchain,1,2,true,0.026176000,7,7,true
958,0,ASBuild.BuildTLAS,0,0,false,0.121984000,7,7,true
958,1,LightPrepare.Upload,0,0,false,0.005856000,7,7,true
958,2,PathTracing.Trace,0,0,false,0.859328000,7,7,true
958,3,Ui.Overlay,0,0,false,0.022528000,7,7,true
958,4,DLSS.RayReconstruction,1,1,false,1.004448000,7,7,true
958,5,Present.Convert,1,1,false,0.045408000,7,7,true
958,6,Present.CopyToSwapchain,1,2,true,0.021824000,7,7,true
959,0,ASBuild.BuildTLAS,0,0,false,0.091904000,7,7,true
959,1,LightPrepare.Upload,0,0,false,0.001696000,7,7,true
959,2,PathTracing.Trace,0,0,false,0.585056000,7,7,true
959,3,Ui.Overlay,0,0,false,0.012128000,7,7,true
959,4,DLSS.RayReconstruction,1,1,false,0.984992000,7,7,true
959,5,Present.Convert,1,1,false,0.045408000,7,7,true
959,6,Present.CopyToSwapchain,1,2,true,0.026016000,7,7,true
960,0,ASBuild.BuildTLAS,0,0,false,0.092576000,7,7,true
960,1,LightPrepare.Upload,0,0,false,0.001504000,7,7,true
960,2,PathTracing.Trace,0,0,false,0.576000000,7,7,true
960,3,Ui.Overlay,0,0,false,0.012448000,7,7,true
960,4,DLSS.RayReconstruction,1,1,false,0.997312000,7,7,true
960,5,Present.Convert,1,1,false,0.050592000,7,7,true
960,6,Present.CopyToSwapchain,1,2,true,0.023232000,7,7,true
961,0,ASBuild.BuildTLAS,0,0,false,0.090944000,7,7,true
961,1,LightPrepare.Upload,0,0,false,0.001536000,7,7,true
961,2,PathTracing.Trace,0,0,false,0.587264000,7,7,true
961,3,Ui.Overlay,0,0,false,0.016768000,7,7,true
961,4,DLSS.RayReconstruction,1,1,false,0.973120000,7,7,true
961,5,Present.Convert,1,1,false,0.050496000,7,7,true
961,6,Present.CopyToSwapchain,1,2,true,0.023808000,7,7,true
962,0,ASBuild.BuildTLAS,0,0,false,0.091456000,7,7,true
962,1,LightPrepare.Upload,0,0,false,0.001536000,7,7,true
962,2,PathTracing.Trace,0,0,false,0.576000000,7,7,true
962,3,Ui.Overlay,0,0,false,0.012256000,7,7,true
962,4,DLSS.RayReconstruction,1,1,false,0.993760000,7,7,true
962,5,Present.Convert,1,1,false,0.050560000,7,7,true
962,6,Present.CopyToSwapchain,1,2,true,0.025696000,7,7,true
963,0,ASBuild.BuildTLAS,0,0,false,0.093312000,7,7,true
963,1,LightPrepare.Upload,0,0,false,0.002304000,7,7,true
963,2,PathTracing.Trace,0,0,false,0.569088000,7,7,true
963,3,Ui.Overlay,0,0,false,0.012160000,7,7,true
963,4,DLSS.RayReconstruction,1,1,false,0.999008000,7,7,true
963,5,Present.Convert,1,1,false,0.045760000,7,7,true
963,6,Present.CopyToSwapchain,1,2,true,0.022528000,7,7,true
964,0,ASBuild.BuildTLAS,0,0,false,0.093760000,7,7,true
964,1,LightPrepare.Upload,0,0,false,0.001504000,7,7,true
964,2,PathTracing.Trace,0,0,false,0.578048000,7,7,true
964,3,Ui.Overlay,0,0,false,0.012256000,7,7,true
964,4,DLSS.RayReconstruction,1,1,false,0.984160000,7,7,true
964,5,Present.Convert,1,1,false,0.050336000,7,7,true
964,6,Present.CopyToSwapchain,1,2,true,0.027360000,7,7,true
965,0,ASBuild.BuildTLAS,0,0,false,0.093472000,7,7,true
965,1,LightPrepare.Upload,0,0,false,0.001568000,7,7,true
965,2,PathTracing.Trace,0,0,false,0.566720000,7,7,true
965,3,Ui.Overlay,0,0,false,0.012256000,7,7,true
965,4,DLSS.RayReconstruction,1,1,false,0.995904000,7,7,true
965,5,Present.Convert,1,1,false,0.048480000,7,7,true
965,6,Present.CopyToSwapchain,1,2,true,0.025472000,7,7,true
966,0,ASBuild.BuildTLAS,0,0,false,0.090656000,7,7,true
966,1,LightPrepare.Upload,0,0,false,0.001568000,7,7,true
966,2,PathTracing.Trace,0,0,false,0.590304000,7,7,true
966,3,Ui.Overlay,0,0,false,0.012224000,7,7,true
966,4,DLSS.RayReconstruction,1,1,false,0.979296000,7,7,true
966,5,Present.Convert,1,1,false,0.050432000,7,7,true
966,6,Present.CopyToSwapchain,1,2,true,0.026336000,7,7,true
967,0,ASBuild.BuildTLAS,0,0,false,0.095328000,7,7,true
967,1,LightPrepare.Upload,0,0,false,0.001536000,7,7,true
967,2,PathTracing.Trace,0,0,false,0.605696000,7,7,true
967,3,Ui.Overlay,0,0,false,0.012192000,7,7,true
967,4,DLSS.RayReconstruction,1,1,false,1.003104000,7,7,true
967,5,Present.Convert,1,1,false,0.048448000,7,7,true
967,6,Present.CopyToSwapchain,1,2,true,0.023840000,7,7,true
968,0,ASBuild.BuildTLAS,0,0,false,0.093344000,7,7,true
968,1,LightPrepare.Upload,0,0,false,0.001600000,7,7,true
968,2,PathTracing.Trace,0,0,false,0.611776000,7,7,true
968,3,Ui.Overlay,0,0,false,0.012128000,7,7,true
968,4,DLSS.RayReconstruction,1,1,false,0.997344000,7,7,true
968,5,Present.Convert,1,1,false,0.047392000,7,7,true
968,6,Present.CopyToSwapchain,1,2,true,0.024128000,7,7,true
969,0,ASBuild.BuildTLAS,0,0,false,0.125088000,7,7,true
969,1,LightPrepare.Upload,0,0,false,0.001504000,7,7,true
969,2,PathTracing.Trace,0,0,false,0.583200000,7,7,true
969,3,Ui.Overlay,0,0,false,0.012224000,7,7,true
969,4,DLSS.RayReconstruction,1,1,false,0.985696000,7,7,true
969,5,Present.Convert,1,1,false,0.053568000,7,7,true
969,6,Present.CopyToSwapchain,1,2,true,0.025632000,7,7,true
970,0,ASBuild.BuildTLAS,0,0,false,0.090656000,7,7,true
970,1,LightPrepare.Upload,0,0,false,0.001568000,7,7,true
970,2,PathTracing.Trace,0,0,false,0.579040000,7,7,true
970,3,Ui.Overlay,0,0,false,0.012320000,7,7,true
970,4,DLSS.RayReconstruction,1,1,false,1.006208000,7,7,true
970,5,Present.Convert,1,1,false,0.050528000,7,7,true
970,6,Present.CopyToSwapchain,1,2,true,0.023456000,7,7,true
971,0,ASBuild.BuildTLAS,0,0,false,0.093184000,7,7,true
971,1,LightPrepare.Upload,0,0,false,0.001536000,7,7,true
971,2,PathTracing.Trace,0,0,false,0.587232000,7,7,true
971,3,Ui.Overlay,0,0,false,0.011904000,7,7,true
971,4,DLSS.RayReconstruction,1,1,false,1.351136000,7,7,true
971,5,Present.Convert,1,1,false,0.047424000,7,7,true
971,6,Present.CopyToSwapchain,1,2,true,0.024000000,7,7,true
972,0,ASBuild.BuildTLAS,0,0,false,0.091392000,7,7,true
972,1,LightPrepare.Upload,0,0,false,0.001568000,7,7,true
972,2,PathTracing.Trace,0,0,false,0.600544000,7,7,true
972,3,Ui.Overlay,0,0,false,0.012256000,7,7,true
972,4,DLSS.RayReconstruction,1,1,false,0.999936000,7,7,true
972,5,Present.Convert,1,1,false,0.045632000,7,7,true
972,6,Present.CopyToSwapchain,1,2,true,0.024224000,7,7,true
973,0,ASBuild.BuildTLAS,0,0,false,0.092864000,7,7,true
973,1,LightPrepare.Upload,0,0,false,0.001600000,7,7,true
973,2,PathTracing.Trace,0,0,false,0.564672000,7,7,true
973,3,Ui.Overlay,0,0,false,0.012384000,7,7,true
973,4,DLSS.RayReconstruction,1,1,false,0.982784000,7,7,true
973,5,Present.Convert,1,1,false,0.053632000,7,7,true
973,6,Present.CopyToSwapchain,1,2,true,0.023520000,7,7,true
974,0,ASBuild.BuildTLAS,0,0,false,0.091744000,7,7,true
974,1,LightPrepare.Upload,0,0,false,0.001568000,7,7,true
974,2,PathTracing.Trace,0,0,false,0.556480000,7,7,true
974,3,Ui.Overlay,0,0,false,0.012288000,7,7,true
974,4,DLSS.RayReconstruction,1,1,false,1.012224000,7,7,true
974,5,Present.Convert,1,1,false,0.053536000,7,7,true
974,6,Present.CopyToSwapchain,1,2,true,0.120480000,7,7,true
975,0,ASBuild.BuildTLAS,0,0,false,0.125600000,7,7,true
975,1,LightPrepare.Upload,0,0,false,0.004064000,7,7,true
975,2,PathTracing.Trace,0,0,false,0.605152000,7,7,true
975,3,Ui.Overlay,0,0,false,0.012320000,7,7,true
975,4,DLSS.RayReconstruction,1,1,false,0.979040000,7,7,true
975,5,Present.Convert,1,1,false,0.052544000,7,7,true
975,6,Present.CopyToSwapchain,1,2,true,0.023488000,7,7,true
976,0,ASBuild.BuildTLAS,0,0,false,0.092160000,7,7,true
976,1,LightPrepare.Upload,0,0,false,0.001536000,7,7,true
976,2,PathTracing.Trace,0,0,false,0.581120000,7,7,true
976,3,Ui.Overlay,0,0,false,0.012256000,7,7,true
976,4,DLSS.RayReconstruction,1,1,false,1.170080000,7,7,true
976,5,Present.Convert,1,1,false,0.048800000,7,7,true
976,6,Present.CopyToSwapchain,1,2,true,0.026208000,7,7,true
977,0,ASBuild.BuildTLAS,0,0,false,0.092000000,7,7,true
977,1,LightPrepare.Upload,0,0,false,0.001632000,7,7,true
977,2,PathTracing.Trace,0,0,false,0.571808000,7,7,true
977,3,Ui.Overlay,0,0,false,0.012000000,7,7,true
977,4,DLSS.RayReconstruction,1,1,false,0.995264000,7,7,true
977,5,Present.Convert,1,1,false,0.049536000,7,7,true
977,6,Present.CopyToSwapchain,1,2,true,0.023552000,7,7,true
978,0,ASBuild.BuildTLAS,0,0,false,0.091712000,7,7,true
978,1,LightPrepare.Upload,0,0,false,0.001568000,7,7,true
978,2,PathTracing.Trace,0,0,false,0.570816000,7,7,true
978,3,Ui.Overlay,0,0,false,0.012000000,7,7,true
978,4,DLSS.RayReconstruction,1,1,false,0.978816000,7,7,true
978,5,Present.Convert,1,1,false,0.050592000,7,7,true
978,6,Present.CopyToSwapchain,1,2,true,0.027136000,7,7,true
979,0,ASBuild.BuildTLAS,0,0,false,0.091488000,7,7,true
979,1,LightPrepare.Upload,0,0,false,0.001568000,7,7,true
979,2,PathTracing.Trace,0,0,false,0.600512000,7,7,true
979,3,Ui.Overlay,0,0,false,0.012320000,7,7,true
979,4,DLSS.RayReconstruction,1,1,false,1.001824000,7,7,true
979,5,Present.Convert,1,1,false,0.054624000,7,7,true
979,6,Present.CopyToSwapchain,1,2,true,0.021696000,7,7,true
980,0,ASBuild.BuildTLAS,0,0,false,0.092768000,7,7,true
980,1,LightPrepare.Upload,0,0,false,0.001536000,7,7,true
980,2,PathTracing.Trace,0,0,false,0.594432000,7,7,true
980,3,Ui.Overlay,0,0,false,0.012416000,7,7,true
980,4,DLSS.RayReconstruction,1,1,false,0.973664000,7,7,true
980,5,Present.Convert,1,1,false,0.045280000,7,7,true
980,6,Present.CopyToSwapchain,1,2,true,0.028064000,7,7,true
981,0,ASBuild.BuildTLAS,0,0,false,0.092896000,7,7,true
981,1,LightPrepare.Upload,0,0,false,0.001696000,7,7,true
981,2,PathTracing.Trace,0,0,false,0.609632000,7,7,true
981,3,Ui.Overlay,0,0,false,0.012416000,7,7,true
981,4,DLSS.RayReconstruction,1,1,false,0.996896000,7,7,true
981,5,Present.Convert,1,1,false,0.050080000,7,7,true
981,6,Present.CopyToSwapchain,1,2,true,0.023648000,7,7,true
982,0,ASBuild.BuildTLAS,0,0,false,0.091584000,7,7,true
982,1,LightPrepare.Upload,0,0,false,0.001536000,7,7,true
982,2,PathTracing.Trace,0,0,false,0.572928000,7,7,true
982,3,Ui.Overlay,0,0,false,0.011744000,7,7,true
982,4,DLSS.RayReconstruction,1,1,false,0.999072000,7,7,true
982,5,Present.Convert,1,1,false,0.050592000,7,7,true
982,6,Present.CopyToSwapchain,1,2,true,0.024416000,7,7,true
983,0,ASBuild.BuildTLAS,0,0,false,0.092896000,7,7,true
983,1,LightPrepare.Upload,0,0,false,0.001568000,7,7,true
983,2,PathTracing.Trace,0,0,false,0.581088000,7,7,true
983,3,Ui.Overlay,0,0,false,0.012512000,7,7,true
983,4,DLSS.RayReconstruction,1,1,false,0.982560000,7,7,true
983,5,Present.Convert,1,1,false,0.052448000,7,7,true
983,6,Present.CopyToSwapchain,1,2,true,0.024000000,7,7,true
984,0,ASBuild.BuildTLAS,0,0,false,0.093440000,7,7,true
984,1,LightPrepare.Upload,0,0,false,0.001536000,7,7,true
984,2,PathTracing.Trace,0,0,false,0.577024000,7,7,true
984,3,Ui.Overlay,0,0,false,0.012224000,7,7,true
984,4,DLSS.RayReconstruction,1,1,false,0.997696000,7,7,true
984,5,Present.Convert,1,1,false,0.045632000,7,7,true
984,6,Present.CopyToSwapchain,1,2,true,0.023392000,7,7,true
985,0,ASBuild.BuildTLAS,0,0,false,0.091264000,7,7,true
985,1,LightPrepare.Upload,0,0,false,0.001568000,7,7,true
985,2,PathTracing.Trace,0,0,false,0.596448000,7,7,true
985,3,Ui.Overlay,0,0,false,0.012160000,7,7,true
985,4,DLSS.RayReconstruction,1,1,false,1.159744000,7,7,true
985,5,Present.Convert,1,1,false,0.050528000,7,7,true
985,6,Present.CopyToSwapchain,1,2,true,0.023872000,7,7,true
986,0,ASBuild.BuildTLAS,0,0,false,0.092448000,7,7,true
986,1,LightPrepare.Upload,0,0,false,0.001856000,7,7,true
986,2,PathTracing.Trace,0,0,false,0.568512000,7,7,true
986,3,Ui.Overlay,0,0,false,0.012416000,7,7,true
986,4,DLSS.RayReconstruction,1,1,false,1.003424000,7,7,true
986,5,Present.Convert,1,1,false,0.049472000,7,7,true
986,6,Present.CopyToSwapchain,1,2,true,0.025280000,7,7,true
987,0,ASBuild.BuildTLAS,0,0,false,0.121312000,7,7,true
987,1,LightPrepare.Upload,0,0,false,0.001472000,7,7,true
987,2,PathTracing.Trace,0,0,false,0.561728000,7,7,true
987,3,Ui.Overlay,0,0,false,0.012128000,7,7,true
987,4,DLSS.RayReconstruction,1,1,false,0.974432000,7,7,true
987,5,Present.Convert,1,1,false,0.050464000,7,7,true
987,6,Present.CopyToSwapchain,1,2,true,0.028000000,7,7,true
988,0,ASBuild.BuildTLAS,0,0,false,0.093440000,7,7,true
988,1,LightPrepare.Upload,0,0,false,0.001536000,7,7,true
988,2,PathTracing.Trace,0,0,false,0.607744000,7,7,true
988,3,Ui.Overlay,0,0,false,0.012608000,7,7,true
988,4,DLSS.RayReconstruction,1,1,false,1.900512000,7,7,true
988,5,Present.Convert,1,1,false,0.057184000,7,7,true
988,6,Present.CopyToSwapchain,1,2,true,0.024416000,7,7,true
989,0,ASBuild.BuildTLAS,0,0,false,0.119040000,7,7,true
989,1,LightPrepare.Upload,0,0,false,0.002016000,7,7,true
989,2,PathTracing.Trace,0,0,false,1.076128000,7,7,true
989,3,Ui.Overlay,0,0,false,0.012704000,7,7,true
989,4,DLSS.RayReconstruction,1,1,false,0.987712000,7,7,true
989,5,Present.Convert,1,1,false,0.047424000,7,7,true
989,6,Present.CopyToSwapchain,1,2,true,0.024096000,7,7,true
990,0,ASBuild.BuildTLAS,0,0,false,0.126784000,7,7,true
990,1,LightPrepare.Upload,0,0,false,0.001504000,7,7,true
990,2,PathTracing.Trace,0,0,false,0.581152000,7,7,true
990,3,Ui.Overlay,0,0,false,0.012256000,7,7,true
990,4,DLSS.RayReconstruction,1,1,false,1.002048000,7,7,true
990,5,Present.Convert,1,1,false,0.047392000,7,7,true
990,6,Present.CopyToSwapchain,1,2,true,0.023872000,7,7,true
991,0,ASBuild.BuildTLAS,0,0,false,0.089408000,7,7,true
991,1,LightPrepare.Upload,0,0,false,0.001504000,7,7,true
991,2,PathTracing.Trace,0,0,false,0.580128000,7,7,true
991,3,Ui.Overlay,0,0,false,0.011808000,7,7,true
991,4,DLSS.RayReconstruction,1,1,false,0.999200000,7,7,true
991,5,Present.Convert,1,1,false,0.045312000,7,7,true
991,6,Present.CopyToSwapchain,1,2,true,0.025472000,7,7,true
992,0,ASBuild.BuildTLAS,0,0,false,0.091648000,7,7,true
992,1,LightPrepare.Upload,0,0,false,0.001664000,7,7,true
992,2,PathTracing.Trace,0,0,false,0.580992000,7,7,true
992,3,Ui.Overlay,0,0,false,0.012320000,7,7,true
992,4,DLSS.RayReconstruction,1,1,false,1.166624000,7,7,true
992,5,Present.Convert,1,1,false,0.047392000,7,7,true
992,6,Present.CopyToSwapchain,1,2,true,0.027424000,7,7,true
993,0,ASBuild.BuildTLAS,0,0,false,0.104864000,7,7,true
993,1,LightPrepare.Upload,0,0,false,0.001472000,7,7,true
993,2,PathTracing.Trace,0,0,false,0.586304000,7,7,true
993,3,Ui.Overlay,0,0,false,0.012224000,7,7,true
993,4,DLSS.RayReconstruction,1,1,false,1.001568000,7,7,true
993,5,Present.Convert,1,1,false,0.050784000,7,7,true
993,6,Present.CopyToSwapchain,1,2,true,0.023296000,7,7,true
994,0,ASBuild.BuildTLAS,0,0,false,0.091488000,7,7,true
994,1,LightPrepare.Upload,0,0,false,0.001536000,7,7,true
994,2,PathTracing.Trace,0,0,false,0.585216000,7,7,true
994,3,Ui.Overlay,0,0,false,0.012384000,7,7,true
994,4,DLSS.RayReconstruction,1,1,false,1.494592000,7,7,true
994,5,Present.Convert,1,1,false,0.052576000,7,7,true
994,6,Present.CopyToSwapchain,1,2,true,0.023968000,7,7,true
995,0,ASBuild.BuildTLAS,0,0,false,0.142240000,7,7,true
995,1,LightPrepare.Upload,0,0,false,0.005760000,7,7,true
995,2,PathTracing.Trace,0,0,false,0.702784000,7,7,true
995,3,Ui.Overlay,0,0,false,0.021536000,7,7,true
995,4,DLSS.RayReconstruction,1,1,false,1.004256000,7,7,true
995,5,Present.Convert,1,1,false,0.051456000,7,7,true
995,6,Present.CopyToSwapchain,1,2,true,0.044672000,7,7,true
996,0,ASBuild.BuildTLAS,0,0,false,0.120544000,7,7,true
996,1,LightPrepare.Upload,0,0,false,0.002304000,7,7,true
996,2,PathTracing.Trace,0,0,false,0.562848000,7,7,true
996,3,Ui.Overlay,0,0,false,0.012032000,7,7,true
996,4,DLSS.RayReconstruction,1,1,false,0.981408000,7,7,true
996,5,Present.Convert,1,1,false,0.045632000,7,7,true
996,6,Present.CopyToSwapchain,1,2,true,0.024352000,7,7,true
997,0,ASBuild.BuildTLAS,0,0,false,0.093376000,7,7,true
997,1,LightPrepare.Upload,0,0,false,0.001536000,7,7,true
997,2,PathTracing.Trace,0,0,false,0.561664000,7,7,true
997,3,Ui.Overlay,0,0,false,0.012320000,7,7,true
997,4,DLSS.RayReconstruction,1,1,false,1.004000000,7,7,true
997,5,Present.Convert,1,1,false,0.049408000,7,7,true
997,6,Present.CopyToSwapchain,1,2,true,0.024096000,7,7,true
998,0,ASBuild.BuildTLAS,0,0,false,0.091456000,7,7,true
998,1,LightPrepare.Upload,0,0,false,0.001696000,7,7,true
998,2,PathTracing.Trace,0,0,false,0.580928000,7,7,true
998,3,Ui.Overlay,0,0,false,0.012096000,7,7,true
998,4,DLSS.RayReconstruction,1,1,false,1.007456000,7,7,true
998,5,Present.Convert,1,1,false,0.047360000,7,7,true
998,6,Present.CopyToSwapchain,1,2,true,0.026368000,7,7,true
999,0,ASBuild.BuildTLAS,0,0,false,0.126816000,7,7,true
999,1,LightPrepare.Upload,0,0,false,0.002304000,7,7,true
999,2,PathTracing.Trace,0,0,false,0.581216000,7,7,true
999,3,Ui.Overlay,0,0,false,0.012352000,7,7,true
999,4,DLSS.RayReconstruction,1,1,false,1.150112000,7,7,true
999,5,Present.Convert,1,1,false,0.048704000,7,7,true
999,6,Present.CopyToSwapchain,1,2,true,0.025664000,7,7,true
1000,0,ASBuild.BuildTLAS,0,0,false,0.121248000,7,7,true
1000,1,LightPrepare.Upload,0,0,false,0.001600000,7,7,true
1000,2,PathTracing.Trace,0,0,false,0.590272000,7,7,true
1000,3,Ui.Overlay,0,0,false,0.012448000,7,7,true
1000,4,DLSS.RayReconstruction,1,1,false,1.007808000,7,7,true
1000,5,Present.Convert,1,1,false,0.050496000,7,7,true
1000,6,Present.CopyToSwapchain,1,2,true,0.022528000,7,7,true
1001,0,ASBuild.BuildTLAS,0,0,false,0.093344000,7,7,true
1001,1,LightPrepare.Upload,0,0,false,0.001536000,7,7,true
1001,2,PathTracing.Trace,0,0,false,0.570880000,7,7,true
1001,3,Ui.Overlay,0,0,false,0.012064000,7,7,true
1001,4,DLSS.RayReconstruction,1,1,false,0.975680000,7,7,true
1001,5,Present.Convert,1,1,false,0.050208000,7,7,true
1001,6,Present.CopyToSwapchain,1,2,true,0.025856000,7,7,true
1002,0,ASBuild.BuildTLAS,0,0,false,0.090976000,7,7,true
1002,1,LightPrepare.Upload,0,0,false,0.001632000,7,7,true
1002,2,PathTracing.Trace,0,0,false,0.580000000,7,7,true
1002,3,Ui.Overlay,0,0,false,0.012384000,7,7,true
1002,4,DLSS.RayReconstruction,1,1,false,0.995712000,7,7,true
1002,5,Present.Convert,1,1,false,0.045408000,7,7,true
1002,6,Present.CopyToSwapchain,1,2,true,0.025664000,7,7,true
1003,0,ASBuild.BuildTLAS,0,0,false,0.092928000,7,7,true
1003,1,LightPrepare.Upload,0,0,false,0.001600000,7,7,true
1003,2,PathTracing.Trace,0,0,false,0.580032000,7,7,true
1003,3,Ui.Overlay,0,0,false,0.011872000,7,7,true
1003,4,DLSS.RayReconstruction,1,1,false,0.995712000,7,7,true
1003,5,Present.Convert,1,1,false,0.050528000,7,7,true
1003,6,Present.CopyToSwapchain,1,2,true,0.023392000,7,7,true
1004,0,ASBuild.BuildTLAS,0,0,false,0.091168000,7,7,true
1004,1,LightPrepare.Upload,0,0,false,0.001504000,7,7,true
1004,2,PathTracing.Trace,0,0,false,0.624160000,7,7,true
1004,3,Ui.Overlay,0,0,false,0.012416000,7,7,true
1004,4,DLSS.RayReconstruction,1,1,false,1.144928000,7,7,true
1004,5,Present.Convert,1,1,false,0.050176000,7,7,true
1004,6,Present.CopyToSwapchain,1,2,true,0.025728000,7,7,true
1005,0,ASBuild.BuildTLAS,0,0,false,0.091136000,7,7,true
1005,1,LightPrepare.Upload,0,0,false,0.001536000,7,7,true
1005,2,PathTracing.Trace,0,0,false,0.591328000,7,7,true
1005,3,Ui.Overlay,0,0,false,0.012096000,7,7,true
1005,4,DLSS.RayReconstruction,1,1,false,0.997440000,7,7,true
1005,5,Present.Convert,1,1,false,0.051104000,7,7,true
1005,6,Present.CopyToSwapchain,1,2,true,0.023840000,7,7,true
1006,0,ASBuild.BuildTLAS,0,0,false,0.093536000,7,7,true
1006,1,LightPrepare.Upload,0,0,false,0.001696000,7,7,true
1006,2,PathTracing.Trace,0,0,false,0.593248000,7,7,true
1006,3,Ui.Overlay,0,0,false,0.012288000,7,7,true
1006,4,DLSS.RayReconstruction,1,1,false,1.001600000,7,7,true
1006,5,Present.Convert,1,1,false,0.048480000,7,7,true
1006,6,Present.CopyToSwapchain,1,2,true,0.024192000,7,7,true
1007,0,ASBuild.BuildTLAS,0,0,false,0.091360000,7,7,true
1007,1,LightPrepare.Upload,0,0,false,0.001888000,7,7,true
1007,2,PathTracing.Trace,0,0,false,0.605344000,7,7,true
1007,3,Ui.Overlay,0,0,false,0.012192000,7,7,true
1007,4,DLSS.RayReconstruction,1,1,false,0.990944000,7,7,true
1007,5,Present.Convert,1,1,false,0.053440000,7,7,true
1007,6,Present.CopyToSwapchain,1,2,true,0.023776000,7,7,true
1008,0,ASBuild.BuildTLAS,0,0,false,0.090912000,7,7,true
1008,1,LightPrepare.Upload,0,0,false,0.001632000,7,7,true
1008,2,PathTracing.Trace,0,0,false,0.586144000,7,7,true
1008,3,Ui.Overlay,0,0,false,0.012160000,7,7,true
1008,4,DLSS.RayReconstruction,1,1,false,1.497312000,7,7,true
1008,5,Present.Convert,1,1,false,0.050528000,7,7,true
1008,6,Present.CopyToSwapchain,1,2,true,0.025376000,7,7,true
1009,0,ASBuild.BuildTLAS,0,0,false,0.115264000,7,7,true
1009,1,LightPrepare.Upload,0,0,false,0.001920000,7,7,true
1009,2,PathTracing.Trace,0,0,false,0.692224000,7,7,true
1009,3,Ui.Overlay,0,0,false,0.022112000,7,7,true
1009,4,DLSS.RayReconstruction,1,1,false,1.143392000,7,7,true
1009,5,Present.Convert,1,1,false,0.049504000,7,7,true
1009,6,Present.CopyToSwapchain,1,2,true,0.024352000,7,7,true
1010,0,ASBuild.BuildTLAS,0,0,false,0.093472000,7,7,true
1010,1,LightPrepare.Upload,0,0,false,0.001568000,7,7,true
1010,2,PathTracing.Trace,0,0,false,0.579040000,7,7,true
1010,3,Ui.Overlay,0,0,false,0.012288000,7,7,true
1010,4,DLSS.RayReconstruction,1,1,false,1.488928000,7,7,true
1010,5,Present.Convert,1,1,false,0.050560000,7,7,true
1010,6,Present.CopyToSwapchain,1,2,true,0.025184000,7,7,true
1011,0,ASBuild.BuildTLAS,0,0,false,0.118560000,7,7,true
1011,1,LightPrepare.Upload,0,0,false,0.001984000,7,7,true
1011,2,PathTracing.Trace,0,0,false,0.702432000,7,7,true
1011,3,Ui.Overlay,0,0,false,0.012064000,7,7,true
1011,4,DLSS.RayReconstruction,1,1,false,1.517152000,7,7,true
1011,5,Present.Convert,1,1,false,0.050432000,7,7,true
1011,6,Present.CopyToSwapchain,1,2,true,0.023808000,7,7,true
1012,0,ASBuild.BuildTLAS,0,0,false,0.093184000,7,7,true
1012,1,LightPrepare.Upload,0,0,false,0.005184000,7,7,true
1012,2,PathTracing.Trace,0,0,false,0.758656000,7,7,true
1012,3,Ui.Overlay,0,0,false,0.021824000,7,7,true
1012,4,DLSS.RayReconstruction,1,1,false,1.701376000,7,7,true
1012,5,Present.Convert,1,1,false,0.063168000,7,7,true
1012,6,Present.CopyToSwapchain,1,2,true,0.027968000,7,7,true
1013,0,ASBuild.BuildTLAS,0,0,false,0.128384000,7,7,true
1013,1,LightPrepare.Upload,0,0,false,0.001920000,7,7,true
1013,2,PathTracing.Trace,0,0,false,0.967744000,7,7,true
1013,3,Ui.Overlay,0,0,false,0.011840000,7,7,true
1013,4,DLSS.RayReconstruction,1,1,false,1.487712000,7,7,true
1013,5,Present.Convert,1,1,false,0.065760000,7,7,true
1013,6,Present.CopyToSwapchain,1,2,true,0.024512000,7,7,true
1014,0,ASBuild.BuildTLAS,0,0,false,0.126496000,7,7,true
1014,1,LightPrepare.Upload,0,0,false,0.001888000,7,7,true
1014,2,PathTracing.Trace,0,0,false,0.673856000,7,7,true
1014,3,Ui.Overlay,0,0,false,0.012224000,7,7,true
1014,4,DLSS.RayReconstruction,1,1,false,0.985120000,7,7,true
1014,5,Present.Convert,1,1,false,0.045408000,7,7,true
1014,6,Present.CopyToSwapchain,1,2,true,0.025536000,7,7,true
1015,0,ASBuild.BuildTLAS,0,0,false,0.092224000,7,7,true
1015,1,LightPrepare.Upload,0,0,false,0.001472000,7,7,true
1015,2,PathTracing.Trace,0,0,false,0.601664000,7,7,true
1015,3,Ui.Overlay,0,0,false,0.011968000,7,7,true
1015,4,DLSS.RayReconstruction,1,1,false,1.490624000,7,7,true
1015,5,Present.Convert,1,1,false,0.050496000,7,7,true
1015,6,Present.CopyToSwapchain,1,2,true,0.023488000,7,7,true
1016,0,ASBuild.BuildTLAS,0,0,false,0.124768000,7,7,true
1016,1,LightPrepare.Upload,0,0,false,0.001888000,7,7,true
1016,2,PathTracing.Trace,0,0,false,0.671808000,7,7,true
1016,3,Ui.Overlay,0,0,false,0.020384000,7,7,true
1016,4,DLSS.RayReconstruction,1,1,false,1.648736000,7,7,true
1016,5,Present.Convert,1,1,false,0.050496000,7,7,true
1016,6,Present.CopyToSwapchain,1,2,true,0.024480000,7,7,true
1017,0,ASBuild.BuildTLAS,0,0,false,0.298880000,7,7,true
1017,1,LightPrepare.Upload,0,0,false,0.001792000,7,7,true
1017,2,PathTracing.Trace,0,0,false,0.766144000,7,7,true
1017,3,Ui.Overlay,0,0,false,0.018816000,7,7,true
1017,4,DLSS.RayReconstruction,1,1,false,1.454144000,7,7,true
1017,5,Present.Convert,1,1,false,0.052576000,7,7,true
1017,6,Present.CopyToSwapchain,1,2,true,0.023392000,7,7,true
1018,0,ASBuild.BuildTLAS,0,0,false,0.147360000,7,7,true
1018,1,LightPrepare.Upload,0,0,false,0.002688000,7,7,true
1018,2,PathTracing.Trace,0,0,false,0.664896000,7,7,true
1018,3,Ui.Overlay,0,0,false,0.028384000,7,7,true
1018,4,DLSS.RayReconstruction,1,1,false,1.471072000,7,7,true
1018,5,Present.Convert,1,1,false,0.059680000,7,7,true
1018,6,Present.CopyToSwapchain,1,2,true,0.021984000,7,7,true
1019,0,ASBuild.BuildTLAS,0,0,false,0.127616000,7,7,true
1019,1,LightPrepare.Upload,0,0,false,0.005760000,7,7,true
1019,2,PathTracing.Trace,0,0,false,0.663840000,7,7,true
1019,3,Ui.Overlay,0,0,false,0.015872000,7,7,true
1019,4,DLSS.RayReconstruction,1,1,false,1.485312000,7,7,true
1019,5,Present.Convert,1,1,false,0.052544000,7,7,true
1019,6,Present.CopyToSwapchain,1,2,true,0.023456000,7,7,true
1020,0,ASBuild.BuildTLAS,0,0,false,0.094912000,7,7,true
1020,1,LightPrepare.Upload,0,0,false,0.002176000,7,7,true
1020,2,PathTracing.Trace,0,0,false,0.659264000,7,7,true
1020,3,Ui.Overlay,0,0,false,0.019200000,7,7,true
1020,4,DLSS.RayReconstruction,1,1,false,1.661888000,7,7,true
1020,5,Present.Convert,1,1,false,0.045504000,7,7,true
1020,6,Present.CopyToSwapchain,1,2,true,0.023744000,7,7,true
1021,0,ASBuild.BuildTLAS,0,0,false,0.121856000,7,7,true
1021,1,LightPrepare.Upload,0,0,false,0.001888000,7,7,true
1021,2,PathTracing.Trace,0,0,false,0.813088000,7,7,true
1021,3,Ui.Overlay,0,0,false,0.030176000,7,7,true
1021,4,DLSS.RayReconstruction,1,1,false,1.504992000,7,7,true
1021,5,Present.Convert,1,1,false,0.050560000,7,7,true
1021,6,Present.CopyToSwapchain,1,2,true,0.023392000,7,7,true
1022,0,ASBuild.BuildTLAS,0,0,false,0.128256000,7,7,true
1022,1,LightPrepare.Upload,0,0,false,0.001920000,7,7,true
1022,2,PathTracing.Trace,0,0,false,0.677952000,7,7,true
1022,3,Ui.Overlay,0,0,false,0.027680000,7,7,true
1022,4,DLSS.RayReconstruction,1,1,false,1.460704000,7,7,true
1022,5,Present.Convert,1,1,false,0.054592000,7,7,true
1022,6,Present.CopyToSwapchain,1,2,true,0.025632000,7,7,true
1023,0,ASBuild.BuildTLAS,0,0,false,0.094624000,7,7,true
1023,1,LightPrepare.Upload,0,0,false,0.001824000,7,7,true
1023,2,PathTracing.Trace,0,0,false,0.651424000,7,7,true
1023,3,Ui.Overlay,0,0,false,0.017376000,7,7,true
1023,4,DLSS.RayReconstruction,1,1,false,1.482304000,7,7,true
1023,5,Present.Convert,1,1,false,0.050784000,7,7,true
1023,6,Present.CopyToSwapchain,1,2,true,0.023136000,7,7,true
1024,0,ASBuild.BuildTLAS,0,0,false,0.097152000,7,7,true
1024,1,LightPrepare.Upload,0,0,false,0.002240000,7,7,true
1024,2,PathTracing.Trace,0,0,false,0.722720000,7,7,true
1024,3,Ui.Overlay,0,0,false,0.020896000,7,7,true
1024,4,DLSS.RayReconstruction,1,1,false,1.709344000,7,7,true
1024,5,Present.Convert,1,1,false,0.050496000,7,7,true
1024,6,Present.CopyToSwapchain,1,2,true,0.024512000,7,7,true
1025,0,ASBuild.BuildTLAS,0,0,false,0.135264000,7,7,true
1025,1,LightPrepare.Upload,0,0,false,0.001856000,7,7,true
1025,2,PathTracing.Trace,0,0,false,0.851808000,7,7,true
1025,3,Ui.Overlay,0,0,false,0.033760000,7,7,true
1025,4,DLSS.RayReconstruction,1,1,false,1.499744000,7,7,true
1025,5,Present.Convert,1,1,false,0.050528000,7,7,true
1025,6,Present.CopyToSwapchain,1,2,true,0.023616000,7,7,true
1026,0,ASBuild.BuildTLAS,0,0,false,0.138016000,7,7,true
1026,1,LightPrepare.Upload,0,0,false,0.001888000,7,7,true
1026,2,PathTracing.Trace,0,0,false,0.694336000,7,7,true
1026,3,Ui.Overlay,0,0,false,0.022432000,7,7,true
1026,4,DLSS.RayReconstruction,1,1,false,1.512096000,7,7,true
1026,5,Present.Convert,1,1,false,0.050400000,7,7,true
1026,6,Present.CopyToSwapchain,1,2,true,0.025216000,7,7,true
1027,0,ASBuild.BuildTLAS,0,0,false,0.109408000,7,7,true
1027,1,LightPrepare.Upload,0,0,false,0.003456000,7,7,true
1027,2,PathTracing.Trace,0,0,false,0.758400000,7,7,true
1027,3,Ui.Overlay,0,0,false,0.021408000,7,7,true
1027,4,DLSS.RayReconstruction,1,1,false,1.478080000,7,7,true
1027,5,Present.Convert,1,1,false,0.057568000,7,7,true
1027,6,Present.CopyToSwapchain,1,2,true,0.025664000,7,7,true
1028,0,ASBuild.BuildTLAS,0,0,false,0.123840000,7,7,true
1028,1,LightPrepare.Upload,0,0,false,0.001888000,7,7,true
1028,2,PathTracing.Trace,0,0,false,0.702528000,7,7,true
1028,3,Ui.Overlay,0,0,false,0.012352000,7,7,true
1028,4,DLSS.RayReconstruction,1,1,false,1.167840000,7,7,true
1028,5,Present.Convert,1,1,false,0.050688000,7,7,true
1028,6,Present.CopyToSwapchain,1,2,true,0.029696000,7,7,true
1029,0,ASBuild.BuildTLAS,0,0,false,0.091360000,7,7,true
1029,1,LightPrepare.Upload,0,0,false,0.001536000,7,7,true
1029,2,PathTracing.Trace,0,0,false,0.572928000,7,7,true
1029,3,Ui.Overlay,0,0,false,0.012256000,7,7,true
1029,4,DLSS.RayReconstruction,1,1,false,0.997024000,7,7,true
1029,5,Present.Convert,1,1,false,0.051584000,7,7,true
1029,6,Present.CopyToSwapchain,1,2,true,0.023456000,7,7,true
1030,0,ASBuild.BuildTLAS,0,0,false,0.092736000,7,7,true
1030,1,LightPrepare.Upload,0,0,false,0.001632000,7,7,true
1030,2,PathTracing.Trace,0,0,false,0.605600000,7,7,true
1030,3,Ui.Overlay,0,0,false,0.012256000,7,7,true
1030,4,DLSS.RayReconstruction,1,1,false,0.985184000,7,7,true
1030,5,Present.Convert,1,1,false,0.050496000,7,7,true
1030,6,Present.CopyToSwapchain,1,2,true,0.023392000,7,7,true
1031,0,ASBuild.BuildTLAS,0,0,false,0.093888000,7,7,true
1031,1,LightPrepare.Upload,0,0,false,0.001536000,7,7,true
1031,2,PathTracing.Trace,0,0,false,0.578048000,7,7,true
1031,3,Ui.Overlay,0,0,false,0.012352000,7,7,true
1031,4,DLSS.RayReconstruction,1,1,false,1.640576000,7,7,true
1031,5,Present.Convert,1,1,false,0.045376000,7,7,true
1031,6,Present.CopyToSwapchain,1,2,true,0.024256000,7,7,true
1032,0,ASBuild.BuildTLAS,0,0,false,0.128320000,7,7,true
1032,1,LightPrepare.Upload,0,0,false,0.001888000,7,7,true
1032,2,PathTracing.Trace,0,0,false,0.618560000,7,7,true
1032,3,Ui.Overlay,0,0,false,0.025888000,7,7,true
1032,4,DLSS.RayReconstruction,1,1,false,1.006048000,7,7,true
1032,5,Present.Convert,1,1,false,0.050464000,7,7,true
1032,6,Present.CopyToSwapchain,1,2,true,0.025504000,7,7,true
1033,0,ASBuild.BuildTLAS,0,0,false,0.093376000,7,7,true
1033,1,LightPrepare.Upload,0,0,false,0.001536000,7,7,true
1033,2,PathTracing.Trace,0,0,false,0.587264000,7,7,true
1033,3,Ui.Overlay,0,0,false,0.012000000,7,7,true
1033,4,DLSS.RayReconstruction,1,1,false,0.984896000,7,7,true
1033,5,Present.Convert,1,1,false,0.050592000,7,7,true
1033,6,Present.CopyToSwapchain,1,2,true,0.024192000,7,7,true
1034,0,ASBuild.BuildTLAS,0,0,false,0.093184000,7,7,true
1034,1,LightPrepare.Upload,0,0,false,0.001568000,7,7,true
1034,2,PathTracing.Trace,0,0,false,0.615904000,7,7,true
1034,3,Ui.Overlay,0,0,false,0.012736000,7,7,true
1034,4,DLSS.RayReconstruction,1,1,false,1.001984000,7,7,true
1034,5,Present.Convert,1,1,false,0.054656000,7,7,true
1034,6,Present.CopyToSwapchain,1,2,true,0.025312000,7,7,true
1035,0,ASBuild.BuildTLAS,0,0,false,0.091744000,7,7,true
1035,1,LightPrepare.Upload,0,0,false,0.001504000,7,7,true
1035,2,PathTracing.Trace,0,0,false,0.568832000,7,7,true
1035,3,Ui.Overlay,0,0,false,0.012416000,7,7,true
1035,4,DLSS.RayReconstruction,1,1,false,1.003488000,7,7,true
1035,5,Present.Convert,1,1,false,0.051488000,7,7,true
1035,6,Present.CopyToSwapchain,1,2,true,0.023552000,7,7,true
1036,0,ASBuild.BuildTLAS,0,0,false,0.091008000,7,7,true
1036,1,LightPrepare.Upload,0,0,false,0.001856000,7,7,true
1036,2,PathTracing.Trace,0,0,false,0.571584000,7,7,true
1036,3,Ui.Overlay,0,0,false,0.012192000,7,7,true
1036,4,DLSS.RayReconstruction,1,1,false,0.987968000,7,7,true
1036,5,Present.Convert,1,1,false,0.050368000,7,7,true
1036,6,Present.CopyToSwapchain,1,2,true,0.023488000,7,7,true
1037,0,ASBuild.BuildTLAS,0,0,false,0.091424000,7,7,true
1037,1,LightPrepare.Upload,0,0,false,0.001472000,7,7,true
1037,2,PathTracing.Trace,0,0,false,0.568928000,7,7,true
1037,3,Ui.Overlay,0,0,false,0.012288000,7,7,true
1037,4,DLSS.RayReconstruction,1,1,false,0.997536000,7,7,true
1037,5,Present.Convert,1,1,false,0.050496000,7,7,true
1037,6,Present.CopyToSwapchain,1,2,true,0.023648000,7,7,true
1038,0,ASBuild.BuildTLAS,0,0,false,0.258464000,7,7,true
1038,1,LightPrepare.Upload,0,0,false,0.001568000,7,7,true
1038,2,PathTracing.Trace,0,0,false,0.570816000,7,7,true
1038,3,Ui.Overlay,0,0,false,0.012032000,7,7,true
1038,4,DLSS.RayReconstruction,1,1,false,1.489184000,7,7,true
1038,5,Present.Convert,1,1,false,0.052544000,7,7,true
1038,6,Present.CopyToSwapchain,1,2,true,0.024384000,7,7,true
1039,0,ASBuild.BuildTLAS,0,0,false,0.122016000,7,7,true
1039,1,LightPrepare.Upload,0,0,false,0.001856000,7,7,true
1039,2,PathTracing.Trace,0,0,false,0.673888000,7,7,true
1039,3,Ui.Overlay,0,0,false,0.021984000,7,7,true
1039,4,DLSS.RayReconstruction,1,1,false,1.515808000,7,7,true
1039,5,Present.Convert,1,1,false,0.055616000,7,7,true
1039,6,Present.CopyToSwapchain,1,2,true,0.023744000,7,7,true
1040,0,ASBuild.BuildTLAS,0,0,false,0.152576000,7,7,true
1040,1,LightPrepare.Upload,0,0,false,0.001888000,7,7,true
1040,2,PathTracing.Trace,0,0,false,0.684096000,7,7,true
1040,3,Ui.Overlay,0,0,false,0.029504000,7,7,true
1040,4,DLSS.RayReconstruction,1,1,false,0.999680000,7,7,true
1040,5,Present.Convert,1,1,false,0.050560000,7,7,true
1040,6,Present.CopyToSwapchain,1,2,true,0.025376000,7,7,true
1041,0,ASBuild.BuildTLAS,0,0,false,0.093024000,7,7,true
1041,1,LightPrepare.Upload,0,0,false,0.001696000,7,7,true
1041,2,PathTracing.Trace,0,0,false,0.595296000,7,7,true
1041,3,Ui.Overlay,0,0,false,0.012544000,7,7,true
1041,4,DLSS.RayReconstruction,1,1,false,1.155072000,7,7,true
1041,5,Present.Convert,1,1,false,0.051040000,7,7,true
1041,6,Present.CopyToSwapchain,1,2,true,0.026112000,7,7,true
1042,0,ASBuild.BuildTLAS,0,0,false,0.092448000,7,7,true
1042,1,LightPrepare.Upload,0,0,false,0.001504000,7,7,true
1042,2,PathTracing.Trace,0,0,false,0.579072000,7,7,true
1042,3,Ui.Overlay,0,0,false,0.012096000,7,7,true
1042,4,DLSS.RayReconstruction,1,1,false,1.486528000,7,7,true
1042,5,Present.Convert,1,1,false,0.050560000,7,7,true
1042,6,Present.CopyToSwapchain,1,2,true,0.023232000,7,7,true
1043,0,ASBuild.BuildTLAS,0,0,false,0.120576000,7,7,true
1043,1,LightPrepare.Upload,0,0,false,0.002592000,7,7,true
1043,2,PathTracing.Trace,0,0,false,0.683392000,7,7,true
1043,3,Ui.Overlay,0,0,false,0.020768000,7,7,true
1043,4,DLSS.RayReconstruction,1,1,false,1.474560000,7,7,true
1043,5,Present.Convert,1,1,false,0.053600000,7,7,true
1043,6,Present.CopyToSwapchain,1,2,true,0.025184000,7,7,true
1044,0,ASBuild.BuildTLAS,0,0,false,0.126272000,7,7,true
1044,1,LightPrepare.Upload,0,0,false,0.010016000,7,7,true
1044,2,PathTracing.Trace,0,0,false,0.706688000,7,7,true
1044,3,Ui.Overlay,0,0,false,0.029344000,7,7,true
1044,4,DLSS.RayReconstruction,1,1,false,1.482592000,7,7,true
1044,5,Present.Convert,1,1,false,0.063808000,7,7,true
1044,6,Present.CopyToSwapchain,1,2,true,0.023296000,7,7,true
1045,0,ASBuild.BuildTLAS,0,0,false,0.120384000,7,7,true
1045,1,LightPrepare.Upload,0,0,false,0.001920000,7,7,true
1045,2,PathTracing.Trace,0,0,false,0.699072000,7,7,true
1045,3,Ui.Overlay,0,0,false,0.017280000,7,7,true
1045,4,DLSS.RayReconstruction,1,1,false,1.643584000,7,7,true
1045,5,Present.Convert,1,1,false,0.061600000,7,7,true
1045,6,Present.CopyToSwapchain,1,2,true,0.026592000,7,7,true
1046,0,ASBuild.BuildTLAS,0,0,false,0.126272000,7,7,true
1046,1,LightPrepare.Upload,0,0,false,0.001888000,7,7,true
1046,2,PathTracing.Trace,0,0,false,0.686144000,7,7,true
1046,3,Ui.Overlay,0,0,false,0.011968000,7,7,true
1046,4,DLSS.RayReconstruction,1,1,false,0.999168000,7,7,true
1046,5,Present.Convert,1,1,false,0.051552000,7,7,true
1046,6,Present.CopyToSwapchain,1,2,true,0.023616000,7,7,true
1047,0,ASBuild.BuildTLAS,0,0,false,0.093152000,7,7,true
1047,1,LightPrepare.Upload,0,0,false,0.001568000,7,7,true
1047,2,PathTracing.Trace,0,0,false,0.567744000,7,7,true
1047,3,Ui.Overlay,0,0,false,0.011840000,7,7,true
1047,4,DLSS.RayReconstruction,1,1,false,0.980928000,7,7,true
1047,5,Present.Convert,1,1,false,0.045760000,7,7,true
1047,6,Present.CopyToSwapchain,1,2,true,0.025888000,7,7,true
1048,0,ASBuild.BuildTLAS,0,0,false,0.093152000,7,7,true
1048,1,LightPrepare.Upload,0,0,false,0.001536000,7,7,true
1048,2,PathTracing.Trace,0,0,false,0.569856000,7,7,true
1048,3,Ui.Overlay,0,0,false,0.012416000,7,7,true
1048,4,DLSS.RayReconstruction,1,1,false,1.001632000,7,7,true
1048,5,Present.Convert,1,1,false,0.047424000,7,7,true
1048,6,Present.CopyToSwapchain,1,2,true,0.127872000,7,7,true
1049,0,ASBuild.BuildTLAS,0,0,false,0.126432000,7,7,true
1049,1,LightPrepare.Upload,0,0,false,0.002496000,7,7,true
1049,2,PathTracing.Trace,0,0,false,0.576032000,7,7,true
1049,3,Ui.Overlay,0,0,false,0.012288000,7,7,true
1049,4,DLSS.RayReconstruction,1,1,false,1.176608000,7,7,true
1049,5,Present.Convert,1,1,false,0.050560000,7,7,true
1049,6,Present.CopyToSwapchain,1,2,true,0.023840000,7,7,true
1050,0,ASBuild.BuildTLAS,0,0,false,0.092992000,7,7,true
1050,1,LightPrepare.Upload,0,0,false,0.001536000,7,7,true
1050,2,PathTracing.Trace,0,0,false,0.561632000,7,7,true
1050,3,Ui.Overlay,0,0,false,0.012192000,7,7,true
1050,4,DLSS.RayReconstruction,1,1,false,0.997920000,7,7,true
1050,5,Present.Convert,1,1,false,0.052800000,7,7,true
1050,6,Present.CopyToSwapchain,1,2,true,0.023424000,7,7,true
1051,0,ASBuild.BuildTLAS,0,0,false,0.091328000,7,7,true
1051,1,LightPrepare.Upload,0,0,false,0.001504000,7,7,true
1051,2,PathTracing.Trace,0,0,false,0.620064000,7,7,true
1051,3,Ui.Overlay,0,0,false,0.012128000,7,7,true
1051,4,DLSS.RayReconstruction,1,1,false,1.503136000,7,7,true
1051,5,Present.Convert,1,1,false,0.052544000,7,7,true
1051,6,Present.CopyToSwapchain,1,2,true,0.023552000,7,7,true
1052,0,ASBuild.BuildTLAS,0,0,false,0.116384000,7,7,true
1052,1,LightPrepare.Upload,0,0,false,0.001888000,7,7,true
1052,2,PathTracing.Trace,0,0,false,0.751680000,7,7,true
1052,3,Ui.Overlay,0,0,false,0.029056000,7,7,true
1052,4,DLSS.RayReconstruction,1,1,false,1.720512000,7,7,true
1052,5,Present.Convert,1,1,false,0.049696000,7,7,true
1052,6,Present.CopyToSwapchain,1,2,true,0.026592000,7,7,true
1053,0,ASBuild.BuildTLAS,0,0,false,0.116288000,7,7,true
1053,1,LightPrepare.Upload,0,0,false,0.002080000,7,7,true
1053,2,PathTracing.Trace,0,0,false,0.804736000,7,7,true
1053,3,Ui.Overlay,0,0,false,0.031072000,7,7,true
1053,4,DLSS.RayReconstruction,1,1,false,0.989408000,7,7,true
1053,5,Present.Convert,1,1,false,0.063744000,7,7,true
1053,6,Present.CopyToSwapchain,1,2,true,0.225376000,7,7,true
1054,0,ASBuild.BuildTLAS,0,0,false,0.127712000,7,7,true
1054,1,LightPrepare.Upload,0,0,false,0.001888000,7,7,true
1054,2,PathTracing.Trace,0,0,false,0.616544000,7,7,true
1054,3,Ui.Overlay,0,0,false,0.012320000,7,7,true
1054,4,DLSS.RayReconstruction,1,1,false,0.999968000,7,7,true
1054,5,Present.Convert,1,1,false,0.050528000,7,7,true
1054,6,Present.CopyToSwapchain,1,2,true,0.024224000,7,7,true
1055,0,ASBuild.BuildTLAS,0,0,false,0.091808000,7,7,true
1055,1,LightPrepare.Upload,0,0,false,0.001568000,7,7,true
1055,2,PathTracing.Trace,0,0,false,0.588256000,7,7,true
1055,3,Ui.Overlay,0,0,false,0.012224000,7,7,true
1055,4,DLSS.RayReconstruction,1,1,false,0.997824000,7,7,true
1055,5,Present.Convert,1,1,false,0.053600000,7,7,true
1055,6,Present.CopyToSwapchain,1,2,true,0.023584000,7,7,true
1056,0,ASBuild.BuildTLAS,0,0,false,0.091264000,7,7,true
1056,1,LightPrepare.Upload,0,0,false,0.001824000,7,7,true
1056,2,PathTracing.Trace,0,0,false,0.564448000,7,7,true
1056,3,Ui.Overlay,0,0,false,0.012224000,7,7,true
1056,4,DLSS.RayReconstruction,1,1,false,0.987328000,7,7,true
1056,5,Present.Convert,1,1,false,0.047424000,7,7,true
1056,6,Present.CopyToSwapchain,1,2,true,0.025376000,7,7,true
1057,0,ASBuild.BuildTLAS,0,0,false,0.091808000,7,7,true
1057,1,LightPrepare.Upload,0,0,false,0.001664000,7,7,true
1057,2,PathTracing.Trace,0,0,false,0.583040000,7,7,true
1057,3,Ui.Overlay,0,0,false,0.012224000,7,7,true
1057,4,DLSS.RayReconstruction,1,1,false,0.997248000,7,7,true
1057,5,Present.Convert,1,1,false,0.050496000,7,7,true
1057,6,Present.CopyToSwapchain,1,2,true,0.025376000,7,7,true
1058,0,ASBuild.BuildTLAS,0,0,false,0.092544000,7,7,true
1058,1,LightPrepare.Upload,0,0,false,0.001600000,7,7,true
1058,2,PathTracing.Trace,0,0,false,0.581024000,7,7,true
1058,3,Ui.Overlay,0,0,false,0.012384000,7,7,true
1058,4,DLSS.RayReconstruction,1,1,false,1.491392000,7,7,true
1058,5,Present.Convert,1,1,false,0.051456000,7,7,true
1058,6,Present.CopyToSwapchain,1,2,true,0.024128000,7,7,true
1059,0,ASBuild.BuildTLAS,0,0,false,0.116416000,7,7,true
1059,1,LightPrepare.Upload,0,0,false,0.001888000,7,7,true
1059,2,PathTracing.Trace,0,0,false,0.780352000,7,7,true
1059,3,Ui.Overlay,0,0,false,0.011904000,7,7,true
1059,4,DLSS.RayReconstruction,1,1,false,1.664896000,7,7,true
1059,5,Present.Convert,1,1,false,0.060128000,7,7,true
1059,6,Present.CopyToSwapchain,1,2,true,0.027424000,7,7,true
1060,0,ASBuild.BuildTLAS,0,0,false,0.299136000,7,7,true
1060,1,LightPrepare.Upload,0,0,false,0.004160000,7,7,true
1060,2,PathTracing.Trace,0,0,false,0.667488000,7,7,true
1060,3,Ui.Overlay,0,0,false,0.012064000,7,7,true
1060,4,DLSS.RayReconstruction,1,1,false,1.378176000,7,7,true
1060,5,Present.Convert,1,1,false,0.128928000,7,7,true
1060,6,Present.CopyToSwapchain,1,2,true,0.029216000,7,7,true
1061,0,ASBuild.BuildTLAS,0,0,false,0.125408000,7,7,true
1061,1,LightPrepare.Upload,0,0,false,0.001888000,7,7,true
1061,2,PathTracing.Trace,0,0,false,0.655424000,7,7,true
1061,3,Ui.Overlay,0,0,false,0.012192000,7,7,true
1061,4,DLSS.RayReconstruction,1,1,false,1.004160000,7,7,true
1061,5,Present.Convert,1,1,false,0.047296000,7,7,true
1061,6,Present.CopyToSwapchain,1,2,true,0.027648000,7,7,true
1062,0,ASBuild.BuildTLAS,0,0,false,0.091104000,7,7,true
1062,1,LightPrepare.Upload,0,0,false,0.001568000,7,7,true
1062,2,PathTracing.Trace,0,0,false,0.584160000,7,7,true
1062,3,Ui.Overlay,0,0,false,0.012288000,7,7,true
1062,4,DLSS.RayReconstruction,1,1,false,1.480736000,7,7,true
1062,5,Present.Convert,1,1,false,0.057408000,7,7,true
1062,6,Present.CopyToSwapchain,1,2,true,0.024864000,7,7,true
1063,0,ASBuild.BuildTLAS,0,0,false,0.122912000,7,7,true
1063,1,LightPrepare.Upload,0,0,false,0.001920000,7,7,true
1063,2,PathTracing.Trace,0,0,false,0.682016000,7,7,true
1063,3,Ui.Overlay,0,0,false,0.012576000,7,7,true
1063,4,DLSS.RayReconstruction,1,1,false,1.122944000,7,7,true
1063,5,Present.Convert,1,1,false,0.047456000,7,7,true
1063,6,Present.CopyToSwapchain,1,2,true,0.023840000,7,7,true
1064,0,ASBuild.BuildTLAS,0,0,false,0.115488000,7,7,true
1064,1,LightPrepare.Upload,0,0,false,0.001504000,7,7,true
1064,2,PathTracing.Trace,0,0,false,0.570944000,7,7,true
1064,3,Ui.Overlay,0,0,false,0.012512000,7,7,true
1064,4,DLSS.RayReconstruction,1,1,false,1.499360000,7,7,true
1064,5,Present.Convert,1,1,false,0.053568000,7,7,true
1064,6,Present.CopyToSwapchain,1,2,true,0.023648000,7,7,true
1065,0,ASBuild.BuildTLAS,0,0,false,0.132096000,7,7,true
1065,1,LightPrepare.Upload,0,0,false,0.001888000,7,7,true
1065,2,PathTracing.Trace,0,0,false,0.718912000,7,7,true
1065,3,Ui.Overlay,0,0,false,0.022144000,7,7,true
1065,4,DLSS.RayReconstruction,1,1,false,1.473056000,7,7,true
1065,5,Present.Convert,1,1,false,0.055552000,7,7,true
1065,6,Present.CopyToSwapchain,1,2,true,0.032096000,7,7,true
1066,0,ASBuild.BuildTLAS,0,0,false,0.121536000,7,7,true
1066,1,LightPrepare.Upload,0,0,false,0.001888000,7,7,true
1066,2,PathTracing.Trace,0,0,false,0.706624000,7,7,true
1066,3,Ui.Overlay,0,0,false,0.017216000,7,7,true
1066,4,DLSS.RayReconstruction,1,1,false,1.499968000,7,7,true
1066,5,Present.Convert,1,1,false,0.050496000,7,7,true
1066,6,Present.CopyToSwapchain,1,2,true,0.023840000,7,7,true
1067,0,ASBuild.BuildTLAS,0,0,false,0.138912000,7,7,true
1067,1,LightPrepare.Upload,0,0,false,0.001888000,7,7,true
1067,2,PathTracing.Trace,0,0,false,0.653408000,7,7,true
1067,3,Ui.Overlay,0,0,false,0.023680000,7,7,true
1067,4,DLSS.RayReconstruction,1,1,false,1.649088000,7,7,true
1067,5,Present.Convert,1,1,false,0.055328000,7,7,true
1067,6,Present.CopyToSwapchain,1,2,true,0.027424000,7,7,true
1068,0,ASBuild.BuildTLAS,0,0,false,0.295168000,7,7,true
1068,1,LightPrepare.Upload,0,0,false,0.001856000,7,7,true
1068,2,PathTracing.Trace,0,0,false,0.651360000,7,7,true
1068,3,Ui.Overlay,0,0,false,0.026112000,7,7,true
1068,4,DLSS.RayReconstruction,1,1,false,1.005952000,7,7,true
1068,5,Present.Convert,1,1,false,0.050752000,7,7,true
1068,6,Present.CopyToSwapchain,1,2,true,0.023296000,7,7,true
1069,0,ASBuild.BuildTLAS,0,0,false,0.090752000,7,7,true
1069,1,LightPrepare.Upload,0,0,false,0.002848000,7,7,true
1069,2,PathTracing.Trace,0,0,false,0.579808000,7,7,true
1069,3,Ui.Overlay,0,0,false,0.012512000,7,7,true
1069,4,DLSS.RayReconstruction,1,1,false,0.973536000,7,7,true
1069,5,Present.Convert,1,1,false,0.050400000,7,7,true
1069,6,Present.CopyToSwapchain,1,2,true,0.025536000,7,7,true
1070,0,ASBuild.BuildTLAS,0,0,false,0.093632000,7,7,true
1070,1,LightPrepare.Upload,0,0,false,0.001536000,7,7,true
1070,2,PathTracing.Trace,0,0,false,0.570880000,7,7,true
1070,3,Ui.Overlay,0,0,false,0.012096000,7,7,true
1070,4,DLSS.RayReconstruction,1,1,false,1.001184000,7,7,true
1070,5,Present.Convert,1,1,false,0.050528000,7,7,true
1070,6,Present.CopyToSwapchain,1,2,true,0.025440000,7,7,true
1071,0,ASBuild.BuildTLAS,0,0,false,0.091456000,7,7,true
1071,1,LightPrepare.Upload,0,0,false,0.001632000,7,7,true
1071,2,PathTracing.Trace,0,0,false,0.566688000,7,7,true
1071,3,Ui.Overlay,0,0,false,0.012576000,7,7,true
1071,4,DLSS.RayReconstruction,1,1,false,0.997152000,7,7,true
1071,5,Present.Convert,1,1,false,0.048512000,7,7,true
1071,6,Present.CopyToSwapchain,1,2,true,0.023520000,7,7,true
1072,0,ASBuild.BuildTLAS,0,0,false,0.091264000,7,7,true
1072,1,LightPrepare.Upload,0,0,false,0.001536000,7,7,true
1072,2,PathTracing.Trace,0,0,false,0.562688000,7,7,true
1072,3,Ui.Overlay,0,0,false,0.012384000,7,7,true
1072,4,DLSS.RayReconstruction,1,1,false,0.978272000,7,7,true
1072,5,Present.Convert,1,1,false,0.051552000,7,7,true
1072,6,Present.CopyToSwapchain,1,2,true,0.023904000,7,7,true
1073,0,ASBuild.BuildTLAS,0,0,false,0.093248000,7,7,true
1073,1,LightPrepare.Upload,0,0,false,0.001632000,7,7,true
1073,2,PathTracing.Trace,0,0,false,0.576928000,7,7,true
1073,3,Ui.Overlay,0,0,false,0.012352000,7,7,true
1073,4,DLSS.RayReconstruction,1,1,false,0.999648000,7,7,true
1073,5,Present.Convert,1,1,false,0.051488000,7,7,true
1073,6,Present.CopyToSwapchain,1,2,true,0.024032000,7,7,true
1074,0,ASBuild.BuildTLAS,0,0,false,0.113632000,7,7,true
1074,1,LightPrepare.Upload,0,0,false,0.001568000,7,7,true
1074,2,PathTracing.Trace,0,0,false,0.592352000,7,7,true
1074,3,Ui.Overlay,0,0,false,0.012512000,7,7,true
1074,4,DLSS.RayReconstruction,1,1,false,0.985152000,7,7,true
1074,5,Present.Convert,1,1,false,0.050592000,7,7,true
1074,6,Present.CopyToSwapchain,1,2,true,0.025280000,7,7,true
1075,0,ASBuild.BuildTLAS,0,0,false,0.091104000,7,7,true
1075,1,LightPrepare.Upload,0,0,false,0.001568000,7,7,true
1075,2,PathTracing.Trace,0,0,false,0.599520000,7,7,true
1075,3,Ui.Overlay,0,0,false,0.012224000,7,7,true
1075,4,DLSS.RayReconstruction,1,1,false,1.001280000,7,7,true
1075,5,Present.Convert,1,1,false,0.050528000,7,7,true
1075,6,Present.CopyToSwapchain,1,2,true,0.024032000,7,7,true
1076,0,ASBuild.BuildTLAS,0,0,false,0.093600000,7,7,true
1076,1,LightPrepare.Upload,0,0,false,0.001472000,7,7,true
1076,2,PathTracing.Trace,0,0,false,0.593472000,7,7,true
1076,3,Ui.Overlay,0,0,false,0.012384000,7,7,true
1076,4,DLSS.RayReconstruction,1,1,false,0.999040000,7,7,true
1076,5,Present.Convert,1,1,false,0.050528000,7,7,true
1076,6,Present.CopyToSwapchain,1,2,true,0.025760000,7,7,true
1077,0,ASBuild.BuildTLAS,0,0,false,0.091136000,7,7,true
1077,1,LightPrepare.Upload,0,0,false,0.001536000,7,7,true
1077,2,PathTracing.Trace,0,0,false,0.558592000,7,7,true
1077,3,Ui.Overlay,0,0,false,0.012192000,7,7,true
1077,4,DLSS.RayReconstruction,1,1,false,1.155968000,7,7,true
1077,5,Present.Convert,1,1,false,0.051200000,7,7,true
1077,6,Present.CopyToSwapchain,1,2,true,0.027424000,7,7,true
1078,0,ASBuild.BuildTLAS,0,0,false,0.091680000,7,7,true
1078,1,LightPrepare.Upload,0,0,false,0.001568000,7,7,true
1078,2,PathTracing.Trace,0,0,false,0.584160000,7,7,true
1078,3,Ui.Overlay,0,0,false,0.012288000,7,7,true
1078,4,DLSS.RayReconstruction,1,1,false,0.997600000,7,7,true
1078,5,Present.Convert,1,1,false,0.050496000,7,7,true
1078,6,Present.CopyToSwapchain,1,2,true,0.023936000,7,7,true
1079,0,ASBuild.BuildTLAS,0,0,false,0.094112000,7,7,true
1079,1,LightPrepare.Upload,0,0,false,0.001856000,7,7,true
1079,2,PathTracing.Trace,0,0,false,0.582848000,7,7,true
1079,3,Ui.Overlay,0,0,false,0.012032000,7,7,true
1079,4,DLSS.RayReconstruction,1,1,false,0.979040000,7,7,true
1079,5,Present.Convert,1,1,false,0.054688000,7,7,true
1079,6,Present.CopyToSwapchain,1,2,true,0.023552000,7,7,true
1080,0,ASBuild.BuildTLAS,0,0,false,0.092096000,7,7,true
1080,1,LightPrepare.Upload,0,0,false,0.001536000,7,7,true
1080,2,PathTracing.Trace,0,0,false,0.564736000,7,7,true
1080,3,Ui.Overlay,0,0,false,0.012224000,7,7,true
1080,4,DLSS.RayReconstruction,1,1,false,0.997280000,7,7,true
1080,5,Present.Convert,1,1,false,0.050528000,7,7,true
1080,6,Present.CopyToSwapchain,1,2,true,0.024064000,7,7,true
1081,0,ASBuild.BuildTLAS,0,0,false,0.091360000,7,7,true
1081,1,LightPrepare.Upload,0,0,false,0.001472000,7,7,true
1081,2,PathTracing.Trace,0,0,false,0.562752000,7,7,true
1081,3,Ui.Overlay,0,0,false,0.012192000,7,7,true
1081,4,DLSS.RayReconstruction,1,1,false,0.995136000,7,7,true
1081,5,Present.Convert,1,1,false,0.045408000,7,7,true
1081,6,Present.CopyToSwapchain,1,2,true,0.023616000,7,7,true
1082,0,ASBuild.BuildTLAS,0,0,false,0.091232000,7,7,true
1082,1,LightPrepare.Upload,0,0,false,0.001632000,7,7,true
1082,2,PathTracing.Trace,0,0,false,0.569728000,7,7,true
1082,3,Ui.Overlay,0,0,false,0.011808000,7,7,true
1082,4,DLSS.RayReconstruction,1,1,false,0.981376000,7,7,true
1082,5,Present.Convert,1,1,false,0.050208000,7,7,true
1082,6,Present.CopyToSwapchain,1,2,true,0.025728000,7,7,true
1083,0,ASBuild.BuildTLAS,0,0,false,0.091648000,7,7,true
1083,1,LightPrepare.Upload,0,0,false,0.001536000,7,7,true
1083,2,PathTracing.Trace,0,0,false,0.581120000,7,7,true
1083,3,Ui.Overlay,0,0,false,0.012352000,7,7,true
1083,4,DLSS.RayReconstruction,1,1,false,0.999712000,7,7,true
1083,5,Present.Convert,1,1,false,0.050528000,7,7,true
1083,6,Present.CopyToSwapchain,1,2,true,0.025472000,7,7,true
1084,0,ASBuild.BuildTLAS,0,0,false,0.090656000,7,7,true
1084,1,LightPrepare.Upload,0,0,false,0.001472000,7,7,true
1084,2,PathTracing.Trace,0,0,false,0.594496000,7,7,true
1084,3,Ui.Overlay,0,0,false,0.011968000,7,7,true
1084,4,DLSS.RayReconstruction,1,1,false,1.004288000,7,7,true
1084,5,Present.Convert,1,1,false,0.050496000,7,7,true
1084,6,Present.CopyToSwapchain,1,2,true,0.023680000,7,7,true
1085,0,ASBuild.BuildTLAS,0,0,false,0.093728000,7,7,true
1085,1,LightPrepare.Upload,0,0,false,0.001568000,7,7,true
1085,2,PathTracing.Trace,0,0,false,0.588288000,7,7,true
1085,3,Ui.Overlay,0,0,false,0.012320000,7,7,true
1085,4,DLSS.RayReconstruction,1,1,false,1.151744000,7,7,true
1085,5,Present.Convert,1,1,false,0.048480000,7,7,true
1085,6,Present.CopyToSwapchain,1,2,true,0.025504000,7,7,true
1086,0,ASBuild.BuildTLAS,0,0,false,0.090912000,7,7,true
1086,1,LightPrepare.Upload,0,0,false,0.001504000,7,7,true
1086,2,PathTracing.Trace,0,0,false,0.575008000,7,7,true
1086,3,Ui.Overlay,0,0,false,0.012320000,7,7,true
1086,4,DLSS.RayReconstruction,1,1,false,1.001632000,7,7,true
1086,5,Present.Convert,1,1,false,0.050656000,7,7,true
1086,6,Present.CopyToSwapchain,1,2,true,0.023392000,7,7,true
1087,0,ASBuild.BuildTLAS,0,0,false,0.092800000,7,7,true
1087,1,LightPrepare.Upload,0,0,false,0.001600000,7,7,true
1087,2,PathTracing.Trace,0,0,false,0.587200000,7,7,true
1087,3,Ui.Overlay,0,0,false,0.012128000,7,7,true
1087,4,DLSS.RayReconstruction,1,1,false,0.977312000,7,7,true
1087,5,Present.Convert,1,1,false,0.049504000,7,7,true
1087,6,Present.CopyToSwapchain,1,2,true,0.023680000,7,7,true
1088,0,ASBuild.BuildTLAS,0,0,false,0.092768000,7,7,true
1088,1,LightPrepare.Upload,0,0,false,0.001536000,7,7,true
1088,2,PathTracing.Trace,0,0,false,0.604640000,7,7,true
1088,3,Ui.Overlay,0,0,false,0.012512000,7,7,true
1088,4,DLSS.RayReconstruction,1,1,false,1.001344000,7,7,true
1088,5,Present.Convert,1,1,false,0.050496000,7,7,true
1088,6,Present.CopyToSwapchain,1,2,true,0.025248000,7,7,true
1089,0,ASBuild.BuildTLAS,0,0,false,0.090880000,7,7,true
1089,1,LightPrepare.Upload,0,0,false,0.001472000,7,7,true
1089,2,PathTracing.Trace,0,0,false,0.574016000,7,7,true
1089,3,Ui.Overlay,0,0,false,0.011840000,7,7,true
1089,4,DLSS.RayReconstruction,1,1,false,1.478272000,7,7,true
1089,5,Present.Convert,1,1,false,0.061696000,7,7,true
1089,6,Present.CopyToSwapchain,1,2,true,0.025408000,7,7,true
1090,0,ASBuild.BuildTLAS,0,0,false,0.124928000,7,7,true
1090,1,LightPrepare.Upload,0,0,false,0.002048000,7,7,true
1090,2,PathTracing.Trace,0,0,false,0.710560000,7,7,true
1090,3,Ui.Overlay,0,0,false,0.012384000,7,7,true
1090,4,DLSS.RayReconstruction,1,1,false,0.986720000,7,7,true
1090,5,Present.Convert,1,1,false,0.050496000,7,7,true
1090,6,Present.CopyToSwapchain,1,2,true,0.023200000,7,7,true
1091,0,ASBuild.BuildTLAS,0,0,false,0.092896000,7,7,true
1091,1,LightPrepare.Upload,0,0,false,0.001568000,7,7,true
1091,2,PathTracing.Trace,0,0,false,0.586208000,7,7,true
1091,3,Ui.Overlay,0,0,false,0.012320000,7,7,true
1091,4,DLSS.RayReconstruction,1,1,false,1.001280000,7,7,true
1091,5,Present.Convert,1,1,false,0.050496000,7,7,true
1091,6,Present.CopyToSwapchain,1,2,true,0.023840000,7,7,true
1092,0,ASBuild.BuildTLAS,0,0,false,0.093600000,7,7,true
1092,1,LightPrepare.Upload,0,0,false,0.001536000,7,7,true
1092,2,PathTracing.Trace,0,0,false,0.587232000,7,7,true
1092,3,Ui.Overlay,0,0,false,0.012192000,7,7,true
1092,4,DLSS.RayReconstruction,1,1,false,0.983520000,7,7,true
1092,5,Present.Convert,1,1,false,0.049888000,7,7,true
1092,6,Present.CopyToSwapchain,1,2,true,0.023360000,7,7,true
1093,0,ASBuild.BuildTLAS,0,0,false,0.120928000,7,7,true
1093,1,LightPrepare.Upload,0,0,false,0.002112000,7,7,true
1093,2,PathTracing.Trace,0,0,false,0.582624000,7,7,true
1093,3,Ui.Overlay,0,0,false,0.012320000,7,7,true
1093,4,DLSS.RayReconstruction,1,1,false,0.993504000,7,7,true
1093,5,Present.Convert,1,1,false,0.050528000,7,7,true
1093,6,Present.CopyToSwapchain,1,2,true,0.028576000,7,7,true
1094,0,ASBuild.BuildTLAS,0,0,false,0.091616000,7,7,true
1094,1,LightPrepare.Upload,0,0,false,0.001568000,7,7,true
1094,2,PathTracing.Trace,0,0,false,0.568768000,7,7,true
1094,3,Ui.Overlay,0,0,false,0.012320000,7,7,true
1094,4,DLSS.RayReconstruction,1,1,false,0.999648000,7,7,true
1094,5,Present.Convert,1,1,false,0.050496000,7,7,true
1094,6,Present.CopyToSwapchain,1,2,true,0.025440000,7,7,true
1095,0,ASBuild.BuildTLAS,0,0,false,0.091584000,7,7,true
1095,1,LightPrepare.Upload,0,0,false,0.001568000,7,7,true
1095,2,PathTracing.Trace,0,0,false,0.568800000,7,7,true
1095,3,Ui.Overlay,0,0,false,0.012384000,7,7,true
1095,4,DLSS.RayReconstruction,1,1,false,1.150944000,7,7,true
1095,5,Present.Convert,1,1,false,0.047264000,7,7,true
1095,6,Present.CopyToSwapchain,1,2,true,0.026432000,7,7,true
1096,0,ASBuild.BuildTLAS,0,0,false,0.090656000,7,7,true
1096,1,LightPrepare.Upload,0,0,false,0.001568000,7,7,true
1096,2,PathTracing.Trace,0,0,false,0.582112000,7,7,true
1096,3,Ui.Overlay,0,0,false,0.012544000,7,7,true
1096,4,DLSS.RayReconstruction,1,1,false,0.999776000,7,7,true
1096,5,Present.Convert,1,1,false,0.050528000,7,7,true
1096,6,Present.CopyToSwapchain,1,2,true,0.023264000,7,7,true
1097,0,ASBuild.BuildTLAS,0,0,false,0.092128000,7,7,true
1097,1,LightPrepare.Upload,0,0,false,0.001472000,7,7,true
1097,2,PathTracing.Trace,0,0,false,0.601664000,7,7,true
1097,3,Ui.Overlay,0,0,false,0.011936000,7,7,true
1097,4,DLSS.RayReconstruction,1,1,false,0.986784000,7,7,true
1097,5,Present.Convert,1,1,false,0.050528000,7,7,true
1097,6,Present.CopyToSwapchain,1,2,true,0.025664000,7,7,true
1098,0,ASBuild.BuildTLAS,0,0,false,0.091328000,7,7,true
1098,1,LightPrepare.Upload,0,0,false,0.001632000,7,7,true
1098,2,PathTracing.Trace,0,0,false,0.585056000,7,7,true
1098,3,Ui.Overlay,0,0,false,0.012288000,7,7,true
1098,4,DLSS.RayReconstruction,1,1,false,0.997280000,7,7,true
1098,5,Present.Convert,1,1,false,0.054624000,7,7,true
1098,6,Present.CopyToSwapchain,1,2,true,0.025344000,7,7,true
1099,0,ASBuild.BuildTLAS,0,0,false,0.092832000,7,7,true
1099,1,LightPrepare.Upload,0,0,false,0.001472000,7,7,true
1099,2,PathTracing.Trace,0,0,false,0.577088000,7,7,true
1099,3,Ui.Overlay,0,0,false,0.012320000,7,7,true
1099,4,DLSS.RayReconstruction,1,1,false,1.007552000,7,7,true
1099,5,Present.Convert,1,1,false,0.055648000,7,7,true
1099,6,Present.CopyToSwapchain,1,2,true,0.023744000,7,7,true
1100,0,ASBuild.BuildTLAS,0,0,false,0.113088000,7,7,true
1100,1,LightPrepare.Upload,0,0,false,0.001536000,7,7,true
1100,2,PathTracing.Trace,0,0,false,0.589312000,7,7,true
1100,3,Ui.Overlay,0,0,false,0.012224000,7,7,true
1100,4,DLSS.RayReconstruction,1,1,false,1.157376000,7,7,true
1100,5,Present.Convert,1,1,false,0.050656000,7,7,true
1100,6,Present.CopyToSwapchain,1,2,true,0.025344000,7,7,true
1101,0,ASBuild.BuildTLAS,0,0,false,0.090464000,7,7,true
1101,1,LightPrepare.Upload,0,0,false,0.001472000,7,7,true
1101,2,PathTracing.Trace,0,0,false,0.597568000,7,7,true
1101,3,Ui.Overlay,0,0,false,0.012128000,7,7,true
1101,4,DLSS.RayReconstruction,1,1,false,1.004032000,7,7,true
1101,5,Present.Convert,1,1,false,0.047424000,7,7,true
1101,6,Present.CopyToSwapchain,1,2,true,0.023328000,7,7,true
1102,0,ASBuild.BuildTLAS,0,0,false,0.091520000,7,7,true
1102,1,LightPrepare.Upload,0,0,false,0.001600000,7,7,true
1102,2,PathTracing.Trace,0,0,false,0.589248000,7,7,true
1102,3,Ui.Overlay,0,0,false,0.012384000,7,7,true
1102,4,DLSS.RayReconstruction,1,1,false,0.981568000,7,7,true
1102,5,Present.Convert,1,1,false,0.045472000,7,7,true
1102,6,Present.CopyToSwapchain,1,2,true,0.023552000,7,7,true
1103,0,ASBuild.BuildTLAS,0,0,false,0.093184000,7,7,true
1103,1,LightPrepare.Upload,0,0,false,0.001568000,7,7,true
1103,2,PathTracing.Trace,0,0,false,0.561664000,7,7,true
1103,3,Ui.Overlay,0,0,false,0.012352000,7,7,true
1103,4,DLSS.RayReconstruction,1,1,false,1.167808000,7,7,true
1103,5,Present.Convert,1,1,false,0.052448000,7,7,true
1103,6,Present.CopyToSwapchain,1,2,true,0.029440000,7,7,true
1104,0,ASBuild.BuildTLAS,0,0,false,0.091456000,7,7,true
1104,1,LightPrepare.Upload,0,0,false,0.001568000,7,7,true
1104,2,PathTracing.Trace,0,0,false,0.566720000,7,7,true
1104,3,Ui.Overlay,0,0,false,0.012352000,7,7,true
1104,4,DLSS.RayReconstruction,1,1,false,0.993664000,7,7,true
1104,5,Present.Convert,1,1,false,0.049824000,7,7,true
1104,6,Present.CopyToSwapchain,1,2,true,0.023136000,7,7,true
1105,0,ASBuild.BuildTLAS,0,0,false,0.091360000,7,7,true
1105,1,LightPrepare.Upload,0,0,false,0.001536000,7,7,true
1105,2,PathTracing.Trace,0,0,false,0.597504000,7,7,true
1105,3,Ui.Overlay,0,0,false,0.012384000,7,7,true
1105,4,DLSS.RayReconstruction,1,1,false,0.984064000,7,7,true
1105,5,Present.Convert,1,1,false,0.050496000,7,7,true
1105,6,Present.CopyToSwapchain,1,2,true,0.025344000,7,7,true
1106,0,ASBuild.BuildTLAS,0,0,false,0.092544000,7,7,true
1106,1,LightPrepare.Upload,0,0,false,0.001536000,7,7,true
1106,2,PathTracing.Trace,0,0,false,0.605696000,7,7,true
1106,3,Ui.Overlay,0,0,false,0.012352000,7,7,true
1106,4,DLSS.RayReconstruction,1,1,false,1.003264000,7,7,true
1106,5,Present.Convert,1,1,false,0.050464000,7,7,true
1106,6,Present.CopyToSwapchain,1,2,true,0.025440000,7,7,true
1107,0,ASBuild.BuildTLAS,0,0,false,0.090880000,7,7,true
1107,1,LightPrepare.Upload,0,0,false,0.001664000,7,7,true
1107,2,PathTracing.Trace,0,0,false,0.568672000,7,7,true
1107,3,Ui.Overlay,0,0,false,0.012288000,7,7,true
1107,4,DLSS.RayReconstruction,1,1,false,0.999296000,7,7,true
1107,5,Present.Convert,1,1,false,0.051520000,7,7,true
1107,6,Present.CopyToSwapchain,1,2,true,0.024192000,7,7,true
1108,0,ASBuild.BuildTLAS,0,0,false,0.115552000,7,7,true
1108,1,LightPrepare.Upload,0,0,false,0.001568000,7,7,true
1108,2,PathTracing.Trace,0,0,false,0.589280000,7,7,true
1108,3,Ui.Overlay,0,0,false,0.013280000,7,7,true
1108,4,DLSS.RayReconstruction,1,1,false,1.159072000,7,7,true
1108,5,Present.Convert,1,1,false,0.049216000,7,7,true
1108,6,Present.CopyToSwapchain,1,2,true,0.023744000,7,7,true
1109,0,ASBuild.BuildTLAS,0,0,false,0.109472000,7,7,true
1109,1,LightPrepare.Upload,0,0,false,0.001504000,7,7,true
1109,2,PathTracing.Trace,0,0,false,0.585248000,7,7,true
1109,3,Ui.Overlay,0,0,false,0.012288000,7,7,true
1109,4,DLSS.RayReconstruction,1,1,false,1.505472000,7,7,true
1109,5,Present.Convert,1,1,false,0.047488000,7,7,true
1109,6,Present.CopyToSwapchain,1,2,true,0.023648000,7,7,true
1110,0,ASBuild.BuildTLAS,0,0,false,0.137632000,7,7,true
1110,1,LightPrepare.Upload,0,0,false,0.001952000,7,7,true
1110,2,PathTracing.Trace,0,0,false,0.735264000,7,7,true
1110,3,Ui.Overlay,0,0,false,0.023936000,7,7,true
1110,4,DLSS.RayReconstruction,1,1,false,0.980704000,7,7,true
1110,5,Present.Convert,1,1,false,0.045312000,7,7,true
1110,6,Present.CopyToSwapchain,1,2,true,0.027968000,7,7,true
1111,0,ASBuild.BuildTLAS,0,0,false,0.093984000,7,7,true
1111,1,LightPrepare.Upload,0,0,false,0.001632000,7,7,true
1111,2,PathTracing.Trace,0,0,false,0.597408000,7,7,true
1111,3,Ui.Overlay,0,0,false,0.012256000,7,7,true
1111,4,DLSS.RayReconstruction,1,1,false,1.001856000,7,7,true
1111,5,Present.Convert,1,1,false,0.054368000,7,7,true
1111,6,Present.CopyToSwapchain,1,2,true,0.024256000,7,7,true
1112,0,ASBuild.BuildTLAS,0,0,false,0.121120000,7,7,true
1112,1,LightPrepare.Upload,0,0,false,0.001824000,7,7,true
1112,2,PathTracing.Trace,0,0,false,0.607456000,7,7,true
1112,3,Ui.Overlay,0,0,false,0.012320000,7,7,true
1112,4,DLSS.RayReconstruction,1,1,false,0.986944000,7,7,true
1112,5,Present.Convert,1,1,false,0.045472000,7,7,true
1112,6,Present.CopyToSwapchain,1,2,true,0.025504000,7,7,true
1113,0,ASBuild.BuildTLAS,0,0,false,0.091008000,7,7,true
1113,1,LightPrepare.Upload,0,0,false,0.001568000,7,7,true
1113,2,PathTracing.Trace,0,0,false,0.588256000,7,7,true
1113,3,Ui.Overlay,0,0,false,0.012416000,7,7,true
1113,4,DLSS.RayReconstruction,1,1,false,0.999488000,7,7,true
1113,5,Present.Convert,1,1,false,0.050304000,7,7,true
1113,6,Present.CopyToSwapchain,1,2,true,0.023680000,7,7,true
1114,0,ASBuild.BuildTLAS,0,0,false,0.092992000,7,7,true
1114,1,LightPrepare.Upload,0,0,false,0.001568000,7,7,true
1114,2,PathTracing.Trace,0,0,false,0.576960000,7,7,true
1114,3,Ui.Overlay,0,0,false,0.017600000,7,7,true
1114,4,DLSS.RayReconstruction,1,1,false,1.001408000,7,7,true
1114,5,Present.Convert,1,1,false,0.050528000,7,7,true
1114,6,Present.CopyToSwapchain,1,2,true,0.023680000,7,7,true
1115,0,ASBuild.BuildTLAS,0,0,false,0.093472000,7,7,true
1115,1,LightPrepare.Upload,0,0,false,0.001536000,7,7,true
1115,2,PathTracing.Trace,0,0,false,0.579040000,7,7,true
1115,3,Ui.Overlay,0,0,false,0.012896000,7,7,true
1115,4,DLSS.RayReconstruction,1,1,false,0.987200000,7,7,true
1115,5,Present.Convert,1,1,false,0.047328000,7,7,true
1115,6,Present.CopyToSwapchain,1,2,true,0.026080000,7,7,true
1116,0,ASBuild.BuildTLAS,0,0,false,0.127616000,7,7,true
1116,1,LightPrepare.Upload,0,0,false,0.001472000,7,7,true
1116,2,PathTracing.Trace,0,0,false,0.608832000,7,7,true
1116,3,Ui.Overlay,0,0,false,0.011936000,7,7,true
1116,4,DLSS.RayReconstruction,1,1,false,1.469952000,7,7,true
1116,5,Present.Convert,1,1,false,0.054560000,7,7,true
1116,6,Present.CopyToSwapchain,1,2,true,0.023392000,7,7,true
1117,0,ASBuild.BuildTLAS,0,0,false,0.121984000,7,7,true
1117,1,LightPrepare.Upload,0,0,false,0.009344000,7,7,true
1117,2,PathTracing.Trace,0,0,false,0.715520000,7,7,true
1117,3,Ui.Overlay,0,0,false,0.021120000,7,7,true
1117,4,DLSS.RayReconstruction,1,1,false,1.648768000,7,7,true
1117,5,Present.Convert,1,1,false,0.055648000,7,7,true
1117,6,Present.CopyToSwapchain,1,2,true,0.023968000,7,7,true
1118,0,ASBuild.BuildTLAS,0,0,false,0.125536000,7,7,true
1118,1,LightPrepare.Upload,0,0,false,0.002368000,7,7,true
1118,2,PathTracing.Trace,0,0,false,0.638560000,7,7,true
1118,3,Ui.Overlay,0,0,false,0.027936000,7,7,true
1118,4,DLSS.RayReconstruction,1,1,false,1.523520000,7,7,true
1118,5,Present.Convert,1,1,false,0.050400000,7,7,true
1118,6,Present.CopyToSwapchain,1,2,true,0.025568000,7,7,true
1119,0,ASBuild.BuildTLAS,0,0,false,0.094080000,7,7,true
1119,1,LightPrepare.Upload,0,0,false,0.002464000,7,7,true
1119,2,PathTracing.Trace,0,0,false,0.720192000,7,7,true
1119,3,Ui.Overlay,0,0,false,0.020544000,7,7,true
1119,4,DLSS.RayReconstruction,1,1,false,1.452160000,7,7,true
1119,5,Present.Convert,1,1,false,0.050912000,7,7,true
1119,6,Present.CopyToSwapchain,1,2,true,0.023584000,7,7,true
1120,0,ASBuild.BuildTLAS,0,0,false,0.126240000,7,7,true
1120,1,LightPrepare.Upload,0,0,false,0.005888000,7,7,true
1120,2,PathTracing.Trace,0,0,false,0.696448000,7,7,true
1120,3,Ui.Overlay,0,0,false,0.030272000,7,7,true
1120,4,DLSS.RayReconstruction,1,1,false,0.999392000,7,7,true
1120,5,Present.Convert,1,1,false,0.045344000,7,7,true
1120,6,Present.CopyToSwapchain,1,2,true,0.024224000,7,7,true
1121,0,ASBuild.BuildTLAS,0,0,false,0.091360000,7,7,true
1121,1,LightPrepare.Upload,0,0,false,0.001504000,7,7,true
1121,2,PathTracing.Trace,0,0,false,0.585184000,7,7,true
1121,3,Ui.Overlay,0,0,false,0.012000000,7,7,true
1121,4,DLSS.RayReconstruction,1,1,false,0.986880000,7,7,true
1121,5,Present.Convert,1,1,false,0.047104000,7,7,true
1121,6,Present.CopyToSwapchain,1,2,true,0.024448000,7,7,true
1122,0,ASBuild.BuildTLAS,0,0,false,0.111328000,7,7,true
1122,1,LightPrepare.Upload,0,0,false,0.001504000,7,7,true
1122,2,PathTracing.Trace,0,0,false,0.580128000,7,7,true
1122,3,Ui.Overlay,0,0,false,0.012416000,7,7,true
1122,4,DLSS.RayReconstruction,1,1,false,1.180544000,7,7,true
1122,5,Present.Convert,1,1,false,0.302240000,7,7,true
1122,6,Present.CopyToSwapchain,1,2,true,0.234976000,7,7,true
1123,0,ASBuild.BuildTLAS,0,0,false,0.126464000,7,7,true
1123,1,LightPrepare.Upload,0,0,false,0.001888000,7,7,true
1123,2,PathTracing.Trace,0,0,false,0.663616000,7,7,true
1123,3,Ui.Overlay,0,0,false,0.012544000,7,7,true
1123,4,DLSS.RayReconstruction,1,1,false,1.007680000,7,7,true
1123,5,Present.Convert,1,1,false,0.092256000,7,7,true
1123,6,Present.CopyToSwapchain,1,2,true,0.310336000,7,7,true
1124,0,ASBuild.BuildTLAS,0,0,false,0.125088000,7,7,true
1124,1,LightPrepare.Upload,0,0,false,0.002432000,7,7,true
1124,2,PathTracing.Trace,0,0,false,0.601088000,7,7,true
1124,3,Ui.Overlay,0,0,false,0.012640000,7,7,true
1124,4,DLSS.RayReconstruction,1,1,false,0.983680000,7,7,true
1124,5,Present.Convert,1,1,false,0.050464000,7,7,true
1124,6,Present.CopyToSwapchain,1,2,true,0.027424000,7,7,true
1125,0,ASBuild.BuildTLAS,0,0,false,0.090464000,7,7,true
1125,1,LightPrepare.Upload,0,0,false,0.001568000,7,7,true
1125,2,PathTracing.Trace,0,0,false,0.613856000,7,7,true
1125,3,Ui.Overlay,0,0,false,0.012192000,7,7,true
1125,4,DLSS.RayReconstruction,1,1,false,0.999744000,7,7,true
1125,5,Present.Convert,1,1,false,0.052672000,7,7,true
1125,6,Present.CopyToSwapchain,1,2,true,0.023808000,7,7,true
1126,0,ASBuild.BuildTLAS,0,0,false,0.091360000,7,7,true
1126,1,LightPrepare.Upload,0,0,false,0.001824000,7,7,true
1126,2,PathTracing.Trace,0,0,false,0.586976000,7,7,true
1126,3,Ui.Overlay,0,0,false,0.012224000,7,7,true
1126,4,DLSS.RayReconstruction,1,1,false,0.985024000,7,7,true
1126,5,Present.Convert,1,1,false,0.050496000,7,7,true
1126,6,Present.CopyToSwapchain,1,2,true,0.024192000,7,7,true
1127,0,ASBuild.BuildTLAS,0,0,false,0.092992000,7,7,true
1127,1,LightPrepare.Upload,0,0,false,0.001632000,7,7,true
1127,2,PathTracing.Trace,0,0,false,0.583072000,7,7,true
1127,3,Ui.Overlay,0,0,false,0.012384000,7,7,true
1127,4,DLSS.RayReconstruction,1,1,false,1.149472000,7,7,true
1127,5,Present.Convert,1,1,false,0.050496000,7,7,true
1127,6,Present.CopyToSwapchain,1,2,true,0.026624000,7,7,true
1128,0,ASBuild.BuildTLAS,0,0,false,0.117600000,7,7,true
1128,1,LightPrepare.Upload,0,0,false,0.001472000,7,7,true
1128,2,PathTracing.Trace,0,0,false,0.583232000,7,7,true
1128,3,Ui.Overlay,0,0,false,0.012288000,7,7,true
1128,4,DLSS.RayReconstruction,1,1,false,1.001216000,7,7,true
1128,5,Present.Convert,1,1,false,0.050880000,7,7,true
1128,6,Present.CopyToSwapchain,1,2,true,0.023232000,7,7,true
1129,0,ASBuild.BuildTLAS,0,0,false,0.091488000,7,7,true
1129,1,LightPrepare.Upload,0,0,false,0.001760000,7,7,true
1129,2,PathTracing.Trace,0,0,false,0.591136000,7,7,true
1129,3,Ui.Overlay,0,0,false,0.011808000,7,7,true
1129,4,DLSS.RayReconstruction,1,1,false,0.982240000,7,7,true
1129,5,Present.Convert,1,1,false,0.045440000,7,7,true
1129,6,Present.CopyToSwapchain,1,2,true,0.023936000,7,7,true
1130,0,ASBuild.BuildTLAS,0,0,false,0.092000000,7,7,true
1130,1,LightPrepare.Upload,0,0,false,0.001536000,7,7,true
1130,2,PathTracing.Trace,0,0,false,0.574944000,7,7,true
1130,3,Ui.Overlay,0,0,false,0.012320000,7,7,true
1130,4,DLSS.RayReconstruction,1,1,false,1.173088000,7,7,true
1130,5,Present.Convert,1,1,false,0.049376000,7,7,true
1130,6,Present.CopyToSwapchain,1,2,true,0.025728000,7,7,true
1131,0,ASBuild.BuildTLAS,0,0,false,0.091552000,7,7,true
1131,1,LightPrepare.Upload,0,0,false,0.001536000,7,7,true
1131,2,PathTracing.Trace,0,0,false,0.590304000,7,7,true
1131,3,Ui.Overlay,0,0,false,0.012224000,7,7,true
1131,4,DLSS.RayReconstruction,1,1,false,1.001600000,7,7,true
1131,5,Present.Convert,1,1,false,0.047520000,7,7,true
1131,6,Present.CopyToSwapchain,1,2,true,0.024064000,7,7,true
1132,0,ASBuild.BuildTLAS,0,0,false,0.093600000,7,7,true
1132,1,LightPrepare.Upload,0,0,false,0.001536000,7,7,true
1132,2,PathTracing.Trace,0,0,false,0.585216000,7,7,true
1132,3,Ui.Overlay,0,0,false,0.012256000,7,7,true
1132,4,DLSS.RayReconstruction,1,1,false,0.981184000,7,7,true
1132,5,Present.Convert,1,1,false,0.050656000,7,7,true
1132,6,Present.CopyToSwapchain,1,2,true,0.023744000,7,7,true
1133,0,ASBuild.BuildTLAS,0,0,false,0.091840000,7,7,true
1133,1,LightPrepare.Upload,0,0,false,0.001536000,7,7,true
1133,2,PathTracing.Trace,0,0,false,0.584192000,7,7,true
1133,3,Ui.Overlay,0,0,false,0.012736000,7,7,true
1133,4,DLSS.RayReconstruction,1,1,false,1.002944000,7,7,true
1133,5,Present.Convert,1,1,false,0.051488000,7,7,true
1133,6,Present.CopyToSwapchain,1,2,true,0.023328000,7,7,true
1134,0,ASBuild.BuildTLAS,0,0,false,0.091680000,7,7,true
1134,1,LightPrepare.Upload,0,0,false,0.001600000,7,7,true
1134,2,PathTracing.Trace,0,0,false,0.601536000,7,7,true
1134,3,Ui.Overlay,0,0,false,0.012544000,7,7,true
1134,4,DLSS.RayReconstruction,1,1,false,0.981120000,7,7,true
1134,5,Present.Convert,1,1,false,0.050368000,7,7,true
1134,6,Present.CopyToSwapchain,1,2,true,0.025632000,7,7,true
1135,0,ASBuild.BuildTLAS,0,0,false,0.090656000,7,7,true
1135,1,LightPrepare.Upload,0,0,false,0.001536000,7,7,true
1135,2,PathTracing.Trace,0,0,false,0.591360000,7,7,true
1135,3,Ui.Overlay,0,0,false,0.012448000,7,7,true
1135,4,DLSS.RayReconstruction,1,1,false,1.001888000,7,7,true
1135,5,Present.Convert,1,1,false,0.052608000,7,7,true
1135,6,Present.CopyToSwapchain,1,2,true,0.025152000,7,7,true
1136,0,ASBuild.BuildTLAS,0,0,false,0.111904000,7,7,true
1136,1,LightPrepare.Upload,0,0,false,0.001472000,7,7,true
1136,2,PathTracing.Trace,0,0,false,0.583232000,7,7,true
1136,3,Ui.Overlay,0,0,false,0.012160000,7,7,true
1136,4,DLSS.RayReconstruction,1,1,false,0.995136000,7,7,true
1136,5,Present.Convert,1,1,false,0.047424000,7,7,true
1136,6,Present.CopyToSwapchain,1,2,true,0.025632000,7,7,true
1137,0,ASBuild.BuildTLAS,0,0,false,0.093184000,7,7,true
1137,1,LightPrepare.Upload,0,0,false,0.001536000,7,7,true
1137,2,PathTracing.Trace,0,0,false,0.568832000,7,7,true
1137,3,Ui.Overlay,0,0,false,0.012224000,7,7,true
1137,4,DLSS.RayReconstruction,1,1,false,1.163840000,7,7,true
1137,5,Present.Convert,1,1,false,0.051008000,7,7,true
1137,6,Present.CopyToSwapchain,1,2,true,0.025152000,7,7,true
1138,0,ASBuild.BuildTLAS,0,0,false,0.090912000,7,7,true
1138,1,LightPrepare.Upload,0,0,false,0.001568000,7,7,true
1138,2,PathTracing.Trace,0,0,false,0.580064000,7,7,true
1138,3,Ui.Overlay,0,0,false,0.012128000,7,7,true
1138,4,DLSS.RayReconstruction,1,1,false,1.009952000,7,7,true
1138,5,Present.Convert,1,1,false,0.051488000,7,7,true
1138,6,Present.CopyToSwapchain,1,2,true,0.024320000,7,7,true
1139,0,ASBuild.BuildTLAS,0,0,false,0.115584000,7,7,true
1139,1,LightPrepare.Upload,0,0,false,0.001984000,7,7,true
1139,2,PathTracing.Trace,0,0,false,0.589792000,7,7,true
1139,3,Ui.Overlay,0,0,false,0.012000000,7,7,true
1139,4,DLSS.RayReconstruction,1,1,false,0.994272000,7,7,true
1139,5,Present.Convert,1,1,false,0.047456000,7,7,true
1139,6,Present.CopyToSwapchain,1,2,true,0.025376000,7,7,true
1140,0,ASBuild.BuildTLAS,0,0,false,0.091168000,7,7,true
1140,1,LightPrepare.Upload,0,0,false,0.001568000,7,7,true
1140,2,PathTracing.Trace,0,0,false,0.566752000,7,7,true
1140,3,Ui.Overlay,0,0,false,0.012352000,7,7,true
1140,4,DLSS.RayReconstruction,1,1,false,1.013536000,7,7,true
1140,5,Present.Convert,1,1,false,0.366304000,7,7,true
1140,6,Present.CopyToSwapchain,1,2,true,0.157248000,7,7,true
1141,0,ASBuild.BuildTLAS,0,0,false,0.124768000,7,7,true
1141,1,LightPrepare.Upload,0,0,false,0.001984000,7,7,true
1141,2,PathTracing.Trace,0,0,false,0.636896000,7,7,true
1141,3,Ui.Overlay,0,0,false,0.012192000,7,7,true
1141,4,DLSS.RayReconstruction,1,1,false,0.977696000,7,7,true
1141,5,Present.Convert,1,1,false,0.045536000,7,7,true
1141,6,Present.CopyToSwapchain,1,2,true,0.025344000,7,7,true
1142,0,ASBuild.BuildTLAS,0,0,false,0.095552000,7,7,true
1142,1,LightPrepare.Upload,0,0,false,0.001536000,7,7,true
1142,2,PathTracing.Trace,0,0,false,0.579072000,7,7,true
1142,3,Ui.Overlay,0,0,false,0.012448000,7,7,true
1142,4,DLSS.RayReconstruction,1,1,false,1.001568000,7,7,true
1142,5,Present.Convert,1,1,false,0.051552000,7,7,true
1142,6,Present.CopyToSwapchain,1,2,true,0.024256000,7,7,true
1143,0,ASBuild.BuildTLAS,0,0,false,0.112512000,7,7,true
1143,1,LightPrepare.Upload,0,0,false,0.001536000,7,7,true
1143,2,PathTracing.Trace,0,0,false,0.564736000,7,7,true
1143,3,Ui.Overlay,0,0,false,0.012128000,7,7,true
1143,4,DLSS.RayReconstruction,1,1,false,0.981184000,7,7,true
1143,5,Present.Convert,1,1,false,0.045920000,7,7,true
1143,6,Present.CopyToSwapchain,1,2,true,0.023840000,7,7,true
1144,0,ASBuild.BuildTLAS,0,0,false,0.092928000,7,7,true
1144,1,LightPrepare.Upload,0,0,false,0.001536000,7,7,true
1144,2,PathTracing.Trace,0,0,false,0.589312000,7,7,true
1144,3,Ui.Overlay,0,0,false,0.012576000,7,7,true
1144,4,DLSS.RayReconstruction,1,1,false,1.158176000,7,7,true
1144,5,Present.Convert,1,1,false,0.051872000,7,7,true
1144,6,Present.CopyToSwapchain,1,2,true,0.025216000,7,7,true
1145,0,ASBuild.BuildTLAS,0,0,false,0.094144000,7,7,true
1145,1,LightPrepare.Upload,0,0,false,0.001536000,7,7,true
1145,2,PathTracing.Trace,0,0,false,0.585216000,7,7,true
1145,3,Ui.Overlay,0,0,false,0.012480000,7,7,true
1145,4,DLSS.RayReconstruction,1,1,false,1.480384000,7,7,true
1145,5,Present.Convert,1,1,false,0.071872000,7,7,true
1145,6,Present.CopyToSwapchain,1,2,true,0.026368000,7,7,true
1146,0,ASBuild.BuildTLAS,0,0,false,0.127456000,7,7,true
1146,1,LightPrepare.Upload,0,0,false,0.001888000,7,7,true
1146,2,PathTracing.Trace,0,0,false,0.716864000,7,7,true
1146,3,Ui.Overlay,0,0,false,0.012064000,7,7,true
1146,4,DLSS.RayReconstruction,1,1,false,0.981568000,7,7,true
1146,5,Present.Convert,1,1,false,0.053600000,7,7,true
1146,6,Present.CopyToSwapchain,1,2,true,0.023424000,7,7,true
1147,0,ASBuild.BuildTLAS,0,0,false,0.090848000,7,7,true
1147,1,LightPrepare.Upload,0,0,false,0.001568000,7,7,true
1147,2,PathTracing.Trace,0,0,false,0.566752000,7,7,true
1147,3,Ui.Overlay,0,0,false,0.012448000,7,7,true
1147,4,DLSS.RayReconstruction,1,1,false,1.000992000,7,7,true
1147,5,Present.Convert,1,1,false,0.051456000,7,7,true
1147,6,Present.CopyToSwapchain,1,2,true,0.023584000,7,7,true
1148,0,ASBuild.BuildTLAS,0,0,false,0.127648000,7,7,true
1148,1,LightPrepare.Upload,0,0,false,0.001792000,7,7,true
1148,2,PathTracing.Trace,0,0,false,0.584928000,7,7,true
1148,3,Ui.Overlay,0,0,false,0.012032000,7,7,true
1148,4,DLSS.RayReconstruction,1,1,false,0.980960000,7,7,true
1148,5,Present.Convert,1,1,false,0.045440000,7,7,true
1148,6,Present.CopyToSwapchain,1,2,true,0.025408000,7,7,true
1149,0,ASBuild.BuildTLAS,0,0,false,0.093408000,7,7,true
1149,1,LightPrepare.Upload,0,0,false,0.001664000,7,7,true
1149,2,PathTracing.Trace,0,0,false,0.562528000,7,7,true
1149,3,Ui.Overlay,0,0,false,0.012320000,7,7,true
1149,4,DLSS.RayReconstruction,1,1,false,1.001888000,7,7,true
1149,5,Present.Convert,1,1,false,0.052512000,7,7,true
1149,6,Present.CopyToSwapchain,1,2,true,0.025600000,7,7,true
1150,0,ASBuild.BuildTLAS,0,0,false,0.090784000,7,7,true
1150,1,LightPrepare.Upload,0,0,false,0.001536000,7,7,true
1150,2,PathTracing.Trace,0,0,false,0.572928000,7,7,true
1150,3,Ui.Overlay,0,0,false,0.011904000,7,7,true
1150,4,DLSS.RayReconstruction,1,1,false,1.005280000,7,7,true
1150,5,Present.Convert,1,1,false,0.104672000,7,7,true
1150,6,Present.CopyToSwapchain,1,2,true,0.330976000,7,7,true
1151,0,ASBuild.BuildTLAS,0,0,false,0.128288000,7,7,true
1151,1,LightPrepare.Upload,0,0,false,0.001888000,7,7,true
1151,2,PathTracing.Trace,0,0,false,0.622688000,7,7,true
1151,3,Ui.Overlay,0,0,false,0.012448000,7,7,true
1151,4,DLSS.RayReconstruction,1,1,false,1.129984000,7,7,true
1151,5,Present.Convert,1,1,false,0.055072000,7,7,true
1151,6,Present.CopyToSwapchain,1,2,true,0.026240000,7,7,true
1152,0,ASBuild.BuildTLAS,0,0,false,0.124416000,7,7,true
1152,1,LightPrepare.Upload,0,0,false,0.001536000,7,7,true
1152,2,PathTracing.Trace,0,0,false,0.614880000,7,7,true
1152,3,Ui.Overlay,0,0,false,0.011968000,7,7,true
1152,4,DLSS.RayReconstruction,1,1,false,1.022624000,7,7,true
1152,5,Present.Convert,1,1,false,0.360512000,7,7,true
1152,6,Present.CopyToSwapchain,1,2,true,0.157952000,7,7,true
1153,0,ASBuild.BuildTLAS,0,0,false,0.125152000,7,7,true
1153,1,LightPrepare.Upload,0,0,false,0.001920000,7,7,true
1153,2,PathTracing.Trace,0,0,false,0.628768000,7,7,true
1153,3,Ui.Overlay,0,0,false,0.012128000,7,7,true
1153,4,DLSS.RayReconstruction,1,1,false,1.478176000,7,7,true
1153,5,Present.Convert,1,1,false,0.050496000,7,7,true
1153,6,Present.CopyToSwapchain,1,2,true,0.024320000,7,7,true
1154,0,ASBuild.BuildTLAS,0,0,false,0.096352000,7,7,true
1154,1,LightPrepare.Upload,0,0,false,0.008864000,7,7,true
1154,2,PathTracing.Trace,0,0,false,0.701728000,7,7,true
1154,3,Ui.Overlay,0,0,false,0.020640000,7,7,true
1154,4,DLSS.RayReconstruction,1,1,false,1.470176000,7,7,true
1154,5,Present.Convert,1,1,false,0.050496000,7,7,true
1154,6,Present.CopyToSwapchain,1,2,true,0.025504000,7,7,true
1155,0,ASBuild.BuildTLAS,0,0,false,0.151136000,7,7,true
1155,1,LightPrepare.Upload,0,0,false,0.004992000,7,7,true
1155,2,PathTracing.Trace,0,0,false,0.642080000,7,7,true
1155,3,Ui.Overlay,0,0,false,0.027232000,7,7,true
1155,4,DLSS.RayReconstruction,1,1,false,1.159936000,7,7,true
1155,5,Present.Convert,1,1,false,0.335776000,7,7,true
1155,6,Present.CopyToSwapchain,1,2,true,0.038304000,7,7,true
1156,0,ASBuild.BuildTLAS,0,0,false,0.124928000,7,7,true
1156,1,LightPrepare.Upload,0,0,false,0.002496000,7,7,true
1156,2,PathTracing.Trace,0,0,false,0.705984000,7,7,true
1156,3,Ui.Overlay,0,0,false,0.012384000,7,7,true
1156,4,DLSS.RayReconstruction,1,1,false,1.003360000,7,7,true
1156,5,Present.Convert,1,1,false,0.056704000,7,7,true
1156,6,Present.CopyToSwapchain,1,2,true,0.024992000,7,7,true
1157,0,ASBuild.BuildTLAS,0,0,false,0.119008000,7,7,true
1157,1,LightPrepare.Upload,0,0,false,0.001504000,7,7,true
1157,2,PathTracing.Trace,0,0,false,0.580064000,7,7,true
1157,3,Ui.Overlay,0,0,false,0.012256000,7,7,true
1157,4,DLSS.RayReconstruction,1,1,false,0.985632000,7,7,true
1157,5,Present.Convert,1,1,false,0.053600000,7,7,true
1157,6,Present.CopyToSwapchain,1,2,true,0.023552000,7,7,true
1158,0,ASBuild.BuildTLAS,0,0,false,0.091424000,7,7,true
1158,1,LightPrepare.Upload,0,0,false,0.001760000,7,7,true
1158,2,PathTracing.Trace,0,0,false,0.576768000,7,7,true
1158,3,Ui.Overlay,0,0,false,0.012512000,7,7,true
1158,4,DLSS.RayReconstruction,1,1,false,0.981568000,7,7,true
1158,5,Present.Convert,1,1,false,0.047456000,7,7,true
1158,6,Present.CopyToSwapchain,1,2,true,0.027808000,7,7,true
1159,0,ASBuild.BuildTLAS,0,0,false,0.093664000,7,7,true
1159,1,LightPrepare.Upload,0,0,false,0.001632000,7,7,true
1159,2,PathTracing.Trace,0,0,false,0.597408000,7,7,true
1159,3,Ui.Overlay,0,0,false,0.012480000,7,7,true
1159,4,DLSS.RayReconstruction,1,1,false,1.001824000,7,7,true
1159,5,Present.Convert,1,1,false,0.053760000,7,7,true
1159,6,Present.CopyToSwapchain,1,2,true,0.024064000,7,7,true
1160,0,ASBuild.BuildTLAS,0,0,false,0.093120000,7,7,true
1160,1,LightPrepare.Upload,0,0,false,0.001824000,7,7,true
1160,2,PathTracing.Trace,0,0,false,0.783584000,7,7,true
1160,3,Ui.Overlay,0,0,false,0.012064000,7,7,true
1160,4,DLSS.RayReconstruction,1,1,false,0.997248000,7,7,true
1160,5,Present.Convert,1,1,false,0.047392000,7,7,true
1160,6,Present.CopyToSwapchain,1,2,true,0.025888000,7,7,true
1161,0,ASBuild.BuildTLAS,0,0,false,0.118368000,7,7,true
1161,1,LightPrepare.Upload,0,0,false,0.001600000,7,7,true
1161,2,PathTracing.Trace,0,0,false,0.582080000,7,7,true
1161,3,Ui.Overlay,0,0,false,0.012480000,7,7,true
1161,4,DLSS.RayReconstruction,1,1,false,0.981184000,7,7,true
1161,5,Present.Convert,1,1,false,0.052384000,7,7,true
1161,6,Present.CopyToSwapchain,1,2,true,0.023712000,7,7,true
1162,0,ASBuild.BuildTLAS,0,0,false,0.089344000,7,7,true
1162,1,LightPrepare.Upload,0,0,false,0.001536000,7,7,true
1162,2,PathTracing.Trace,0,0,false,0.569856000,7,7,true
1162,3,Ui.Overlay,0,0,false,0.012352000,7,7,true
1162,4,DLSS.RayReconstruction,1,1,false,1.001600000,7,7,true
1162,5,Present.Convert,1,1,false,0.046432000,7,7,true
1162,6,Present.CopyToSwapchain,1,2,true,0.024448000,7,7,true
1163,0,ASBuild.BuildTLAS,0,0,false,0.090976000,7,7,true
1163,1,LightPrepare.Upload,0,0,false,0.001536000,7,7,true
1163,2,PathTracing.Trace,0,0,false,0.571872000,7,7,true
1163,3,Ui.Overlay,0,0,false,0.012160000,7,7,true
1163,4,DLSS.RayReconstruction,1,1,false,1.149280000,7,7,true
1163,5,Present.Convert,1,1,false,0.054400000,7,7,true
1163,6,Present.CopyToSwapchain,1,2,true,0.024256000,7,7,true
1164,0,ASBuild.BuildTLAS,0,0,false,0.090976000,7,7,true
1164,1,LightPrepare.Upload,0,0,false,0.001568000,7,7,true
1164,2,PathTracing.Trace,0,0,false,0.560576000,7,7,true
1164,3,Ui.Overlay,0,0,false,0.012192000,7,7,true
1164,4,DLSS.RayReconstruction,1,1,false,1.004192000,7,7,true
1164,5,Present.Convert,1,1,false,0.050240000,7,7,true
1164,6,Present.CopyToSwapchain,1,2,true,0.025504000,7,7,true
1165,0,ASBuild.BuildTLAS,0,0,false,0.091456000,7,7,true
1165,1,LightPrepare.Upload,0,0,false,0.001632000,7,7,true
1165,2,PathTracing.Trace,0,0,false,0.586144000,7,7,true
1165,3,Ui.Overlay,0,0,false,0.011808000,7,7,true
1165,4,DLSS.RayReconstruction,1,1,false,1.008000000,7,7,true
1165,5,Present.Convert,1,1,false,0.049408000,7,7,true
1165,6,Present.CopyToSwapchain,1,2,true,0.023712000,7,7,true
1166,0,ASBuild.BuildTLAS,0,0,false,0.123296000,7,7,true
1166,1,LightPrepare.Upload,0,0,false,0.010400000,7,7,true
1166,2,PathTracing.Trace,0,0,false,0.552800000,7,7,true
1166,3,Ui.Overlay,0,0,false,0.018144000,7,7,true
1166,4,DLSS.RayReconstruction,1,1,false,1.421024000,7,7,true
1166,5,Present.Convert,1,1,false,0.147520000,7,7,true
1166,6,Present.CopyToSwapchain,1,2,true,0.387104000,7,7,true
1167,0,ASBuild.BuildTLAS,0,0,false,0.122880000,7,7,true
1167,1,LightPrepare.Upload,0,0,false,0.002208000,7,7,true
1167,2,PathTracing.Trace,0,0,false,0.612096000,7,7,true
1167,3,Ui.Overlay,0,0,false,0.011904000,7,7,true
1167,4,DLSS.RayReconstruction,1,1,false,0.993472000,7,7,true
1167,5,Present.Convert,1,1,false,0.047488000,7,7,true
1167,6,Present.CopyToSwapchain,1,2,true,0.023328000,7,7,true
1168,0,ASBuild.BuildTLAS,0,0,false,0.093056000,7,7,true
1168,1,LightPrepare.Upload,0,0,false,0.001600000,7,7,true
1168,2,PathTracing.Trace,0,0,false,0.596416000,7,7,true
1168,3,Ui.Overlay,0,0,false,0.012288000,7,7,true
1168,4,DLSS.RayReconstruction,1,1,false,0.979008000,7,7,true
1168,5,Present.Convert,1,1,false,0.050496000,7,7,true
1168,6,Present.CopyToSwapchain,1,2,true,0.024064000,7,7,true
1169,0,ASBuild.BuildTLAS,0,0,false,0.094080000,7,7,true
1169,1,LightPrepare.Upload,0,0,false,0.001568000,7,7,true
1169,2,PathTracing.Trace,0,0,false,0.588224000,7,7,true
1169,3,Ui.Overlay,0,0,false,0.012160000,7,7,true
1169,4,DLSS.RayReconstruction,1,1,false,1.001216000,7,7,true
1169,5,Present.Convert,1,1,false,0.050560000,7,7,true
1169,6,Present.CopyToSwapchain,1,2,true,0.025312000,7,7,true
1170,0,ASBuild.BuildTLAS,0,0,false,0.090592000,7,7,true
1170,1,LightPrepare.Upload,0,0,false,0.001568000,7,7,true
1170,2,PathTracing.Trace,0,0,false,0.562656000,7,7,true
1170,3,Ui.Overlay,0,0,false,0.012064000,7,7,true
1170,4,DLSS.RayReconstruction,1,1,false,0.978880000,7,7,true
1170,5,Present.Convert,1,1,false,0.050656000,7,7,true
1170,6,Present.CopyToSwapchain,1,2,true,0.023936000,7,7,true
1171,0,ASBuild.BuildTLAS,0,0,false,0.091104000,7,7,true
1171,1,LightPrepare.Upload,0,0,false,0.001536000,7,7,true
1171,2,PathTracing.Trace,0,0,false,0.574944000,7,7,true
1171,3,Ui.Overlay,0,0,false,0.012256000,7,7,true
1171,4,DLSS.RayReconstruction,1,1,false,0.983904000,7,7,true
1171,5,Present.Convert,1,1,false,0.050560000,7,7,true
1171,6,Present.CopyToSwapchain,1,2,true,0.024608000,7,7,true
1172,0,ASBuild.BuildTLAS,0,0,false,0.091776000,7,7,true
1172,1,LightPrepare.Upload,0,0,false,0.001824000,7,7,true
1172,2,PathTracing.Trace,0,0,false,0.579840000,7,7,true
1172,3,Ui.Overlay,0,0,false,0.012352000,7,7,true
1172,4,DLSS.RayReconstruction,1,1,false,1.478208000,7,7,true
1172,5,Present.Convert,1,1,false,0.063744000,7,7,true
1172,6,Present.CopyToSwapchain,1,2,true,0.025664000,7,7,true
1173,0,ASBuild.BuildTLAS,0,0,false,0.131296000,7,7,true
1173,1,LightPrepare.Upload,0,0,false,0.001952000,7,7,true
1173,2,PathTracing.Trace,0,0,false,0.696320000,7,7,true
1173,3,Ui.Overlay,0,0,false,0.012416000,7,7,true
1173,4,DLSS.RayReconstruction,1,1,false,1.161600000,7,7,true
1173,5,Present.Convert,1,1,false,0.051424000,7,7,true
1173,6,Present.CopyToSwapchain,1,2,true,0.024544000,7,7,true
1174,0,ASBuild.BuildTLAS,0,0,false,0.113120000,7,7,true
1174,1,LightPrepare.Upload,0,0,false,0.001472000,7,7,true
1174,2,PathTracing.Trace,0,0,false,0.586304000,7,7,true
1174,3,Ui.Overlay,0,0,false,0.012544000,7,7,true
1174,4,DLSS.RayReconstruction,1,1,false,1.007616000,7,7,true
1174,5,Present.Convert,1,1,false,0.051488000,7,7,true
1174,6,Present.CopyToSwapchain,1,2,true,0.108928000,7,7,true
1175,0,ASBuild.BuildTLAS,0,0,false,0.120384000,7,7,true
1175,1,LightPrepare.Upload,0,0,false,0.006592000,7,7,true
1175,2,PathTracing.Trace,0,0,false,0.566848000,7,7,true
1175,3,Ui.Overlay,0,0,false,0.012224000,7,7,true
1175,4,DLSS.RayReconstruction,1,1,false,0.985888000,7,7,true
1175,5,Present.Convert,1,1,false,0.050592000,7,7,true
1175,6,Present.CopyToSwapchain,1,2,true,0.027232000,7,7,true
1176,0,ASBuild.BuildTLAS,0,0,false,0.091872000,7,7,true
1176,1,LightPrepare.Upload,0,0,false,0.001568000,7,7,true
1176,2,PathTracing.Trace,0,0,false,0.590304000,7,7,true
1176,3,Ui.Overlay,0,0,false,0.013120000,7,7,true
1176,4,DLSS.RayReconstruction,1,1,false,0.999488000,7,7,true
1176,5,Present.Convert,1,1,false,0.050592000,7,7,true
1176,6,Present.CopyToSwapchain,1,2,true,0.023520000,7,7,true
1177,0,ASBuild.BuildTLAS,0,0,false,0.091040000,7,7,true
1177,1,LightPrepare.Upload,0,0,false,0.001664000,7,7,true
1177,2,PathTracing.Trace,0,0,false,0.570720000,7,7,true
1177,3,Ui.Overlay,0,0,false,0.025248000,7,7,true
1177,4,DLSS.RayReconstruction,1,1,false,0.982432000,7,7,true
1177,5,Present.Convert,1,1,false,0.045408000,7,7,true
1177,6,Present.CopyToSwapchain,1,2,true,0.023808000,7,7,true
1178,0,ASBuild.BuildTLAS,0,0,false,0.093952000,7,7,true
1178,1,LightPrepare.Upload,0,0,false,0.001504000,7,7,true
1178,2,PathTracing.Trace,0,0,false,0.626208000,7,7,true
1178,3,Ui.Overlay,0,0,false,0.012480000,7,7,true
1178,4,DLSS.RayReconstruction,1,1,false,1.003776000,7,7,true
1178,5,Present.Convert,1,1,false,0.047488000,7,7,true
1178,6,Present.CopyToSwapchain,1,2,true,0.025152000,7,7,true
1179,0,ASBuild.BuildTLAS,0,0,false,0.091552000,7,7,true
1179,1,LightPrepare.Upload,0,0,false,0.001632000,7,7,true
1179,2,PathTracing.Trace,0,0,false,0.574880000,7,7,true
1179,3,Ui.Overlay,0,0,false,0.012352000,7,7,true
1179,4,DLSS.RayReconstruction,1,1,false,1.001856000,7,7,true
1179,5,Present.Convert,1,1,false,0.053536000,7,7,true
1179,6,Present.CopyToSwapchain,1,2,true,0.022688000,7,7,true
1180,0,ASBuild.BuildTLAS,0,0,false,0.091168000,7,7,true
1180,1,LightPrepare.Upload,0,0,false,0.001792000,7,7,true
1180,2,PathTracing.Trace,0,0,false,0.570592000,7,7,true
1180,3,Ui.Overlay,0,0,false,0.012480000,7,7,true
1180,4,DLSS.RayReconstruction,1,1,false,1.239392000,7,7,true
1180,5,Present.Convert,1,1,false,0.428192000,7,7,true
1180,6,Present.CopyToSwapchain,1,2,true,0.046432000,7,7,true
1181,0,ASBuild.BuildTLAS,0,0,false,0.128096000,7,7,true
1181,1,LightPrepare.Upload,0,0,false,0.001952000,7,7,true
1181,2,PathTracing.Trace,0,0,false,0.647200000,7,7,true
1181,3,Ui.Overlay,0,0,false,0.012256000,7,7,true
1181,4,DLSS.RayReconstruction,1,1,false,1.005376000,7,7,true
1181,5,Present.Convert,1,1,false,0.048384000,7,7,true
1181,6,Present.CopyToSwapchain,1,2,true,0.024288000,7,7,true
1182,0,ASBuild.BuildTLAS,0,0,false,0.093408000,7,7,true
1182,1,LightPrepare.Upload,0,0,false,0.001536000,7,7,true
1182,2,PathTracing.Trace,0,0,false,0.617952000,7,7,true
1182,3,Ui.Overlay,0,0,false,0.011936000,7,7,true
1182,4,DLSS.RayReconstruction,1,1,false,0.976992000,7,7,true
1182,5,Present.Convert,1,1,false,0.050528000,7,7,true
1182,6,Present.CopyToSwapchain,1,2,true,0.023584000,7,7,true
1183,0,ASBuild.BuildTLAS,0,0,false,0.093696000,7,7,true
1183,1,LightPrepare.Upload,0,0,false,0.001504000,7,7,true
1183,2,PathTracing.Trace,0,0,false,0.597536000,7,7,true
1183,3,Ui.Overlay,0,0,false,0.012192000,7,7,true
1183,4,DLSS.RayReconstruction,1,1,false,1.010112000,7,7,true
1183,5,Present.Convert,1,1,false,0.153504000,7,7,true
1183,6,Present.CopyToSwapchain,1,2,true,0.370368000,7,7,true
1184,0,ASBuild.BuildTLAS,0,0,false,0.124000000,7,7,true
1184,1,LightPrepare.Upload,0,0,false,0.001952000,7,7,true
1184,2,PathTracing.Trace,0,0,false,0.626688000,7,7,true
1184,3,Ui.Overlay,0,0,false,0.012128000,7,7,true
1184,4,DLSS.RayReconstruction,1,1,false,0.983200000,7,7,true
1184,5,Present.Convert,1,1,false,0.047424000,7,7,true
1184,6,Present.CopyToSwapchain,1,2,true,0.025248000,7,7,true
1185,0,ASBuild.BuildTLAS,0,0,false,0.093408000,7,7,true
1185,1,LightPrepare.Upload,0,0,false,0.001568000,7,7,true
1185,2,PathTracing.Trace,0,0,false,0.570848000,7,7,true
1185,3,Ui.Overlay,0,0,false,0.012288000,7,7,true
1185,4,DLSS.RayReconstruction,1,1,false,0.999808000,7,7,true
1185,5,Present.Convert,1,1,false,0.045376000,7,7,true
1185,6,Present.CopyToSwapchain,1,2,true,0.025696000,7,7,true
1186,0,ASBuild.BuildTLAS,0,0,false,0.090688000,7,7,true
1186,1,LightPrepare.Upload,0,0,false,0.001472000,7,7,true
1186,2,PathTracing.Trace,0,0,false,0.574016000,7,7,true
1186,3,Ui.Overlay,0,0,false,0.012544000,7,7,true
1186,4,DLSS.RayReconstruction,1,1,false,0.997472000,7,7,true
1186,5,Present.Convert,1,1,false,0.045440000,7,7,true
1186,6,Present.CopyToSwapchain,1,2,true,0.026656000,7,7,true
1187,0,ASBuild.BuildTLAS,0,0,false,0.092608000,7,7,true
1187,1,LightPrepare.Upload,0,0,false,0.001728000,7,7,true
1187,2,PathTracing.Trace,0,0,false,0.580896000,7,7,true
1187,3,Ui.Overlay,0,0,false,0.012096000,7,7,true
1187,4,DLSS.RayReconstruction,1,1,false,1.140992000,7,7,true
1187,5,Present.Convert,1,1,false,0.045376000,7,7,true
1187,6,Present.CopyToSwapchain,1,2,true,0.025152000,7,7,true
1188,0,ASBuild.BuildTLAS,0,0,false,0.090784000,7,7,true
1188,1,LightPrepare.Upload,0,0,false,0.001536000,7,7,true
1188,2,PathTracing.Trace,0,0,false,0.578048000,7,7,true
1188,3,Ui.Overlay,0,0,false,0.012480000,7,7,true
1188,4,DLSS.RayReconstruction,1,1,false,0.995392000,7,7,true
1188,5,Present.Convert,1,1,false,0.049952000,7,7,true
1188,6,Present.CopyToSwapchain,1,2,true,0.023168000,7,7,true
1189,0,ASBuild.BuildTLAS,0,0,false,0.091712000,7,7,true
1189,1,LightPrepare.Upload,0,0,false,0.001536000,7,7,true
1189,2,PathTracing.Trace,0,0,false,0.584192000,7,7,true
1189,3,Ui.Overlay,0,0,false,0.012448000,7,7,true
1189,4,DLSS.RayReconstruction,1,1,false,0.981536000,7,7,true
1189,5,Present.Convert,1,1,false,0.050560000,7,7,true
1189,6,Present.CopyToSwapchain,1,2,true,0.025152000,7,7,true
1190,0,ASBuild.BuildTLAS,0,0,false,0.091136000,7,7,true
1190,1,LightPrepare.Upload,0,0,false,0.001536000,7,7,true
1190,2,PathTracing.Trace,0,0,false,0.593440000,7,7,true
1190,3,Ui.Overlay,0,0,false,0.012288000,7,7,true
1190,4,DLSS.RayReconstruction,1,1,false,0.999872000,7,7,true
1190,5,Present.Convert,1,1,false,0.052576000,7,7,true
1190,6,Present.CopyToSwapchain,1,2,true,0.026496000,7,7,true
1191,0,ASBuild.BuildTLAS,0,0,false,0.090944000,7,7,true
1191,1,LightPrepare.Upload,0,0,false,0.001856000,7,7,true
1191,2,PathTracing.Trace,0,0,false,0.588992000,7,7,true
1191,3,Ui.Overlay,0,0,false,0.012128000,7,7,true
1191,4,DLSS.RayReconstruction,1,1,false,1.003904000,7,7,true
1191,5,Present.Convert,1,1,false,0.047360000,7,7,true
1191,6,Present.CopyToSwapchain,1,2,true,0.023392000,7,7,true
1192,0,ASBuild.BuildTLAS,0,0,false,0.093152000,7,7,true
1192,1,LightPrepare.Upload,0,0,false,0.001568000,7,7,true
1192,2,PathTracing.Trace,0,0,false,0.584160000,7,7,true
1192,3,Ui.Overlay,0,0,false,0.011968000,7,7,true
1192,4,DLSS.RayReconstruction,1,1,false,0.982624000,7,7,true
1192,5,Present.Convert,1,1,false,0.050560000,7,7,true
1192,6,Present.CopyToSwapchain,1,2,true,0.025952000,7,7,true
1193,0,ASBuild.BuildTLAS,0,0,false,0.091040000,7,7,true
1193,1,LightPrepare.Upload,0,0,false,0.059168000,7,7,true
1193,2,PathTracing.Trace,0,0,false,0.575712000,7,7,true
1193,3,Ui.Overlay,0,0,false,0.012384000,7,7,true
1193,4,DLSS.RayReconstruction,1,1,false,1.007744000,7,7,true
1193,5,Present.Convert,1,1,false,0.050496000,7,7,true
1193,6,Present.CopyToSwapchain,1,2,true,0.025472000,7,7,true
1194,0,ASBuild.BuildTLAS,0,0,false,0.091296000,7,7,true
1194,1,LightPrepare.Upload,0,0,false,0.001568000,7,7,true
1194,2,PathTracing.Trace,0,0,false,0.570848000,7,7,true
1194,3,Ui.Overlay,0,0,false,0.012160000,7,7,true
1194,4,DLSS.RayReconstruction,1,1,false,0.997888000,7,7,true
1194,5,Present.Convert,1,1,false,0.046432000,7,7,true
1194,6,Present.CopyToSwapchain,1,2,true,0.023520000,7,7,true
1195,0,ASBuild.BuildTLAS,0,0,false,0.091616000,7,7,true
1195,1,LightPrepare.Upload,0,0,false,0.001632000,7,7,true
1195,2,PathTracing.Trace,0,0,false,0.585120000,7,7,true
1195,3,Ui.Overlay,0,0,false,0.015040000,7,7,true
1195,4,DLSS.RayReconstruction,1,1,false,1.157120000,7,7,true
1195,5,Present.Convert,1,1,false,0.052576000,7,7,true
1195,6,Present.CopyToSwapchain,1,2,true,0.026080000,7,7,true
1196,0,ASBuild.BuildTLAS,0,0,false,0.094144000,7,7,true
1196,1,LightPrepare.Upload,0,0,false,0.001568000,7,7,true
1196,2,PathTracing.Trace,0,0,false,0.607712000,7,7,true
1196,3,Ui.Overlay,0,0,false,0.012288000,7,7,true
1196,4,DLSS.RayReconstruction,1,1,false,0.997408000,7,7,true
1196,5,Present.Convert,1,1,false,0.050496000,7,7,true
1196,6,Present.CopyToSwapchain,1,2,true,0.023616000,7,7,true
1197,0,ASBuild.BuildTLAS,0,0,false,0.090784000,7,7,true
1197,1,LightPrepare.Upload,0,0,false,0.001536000,7,7,true
1197,2,PathTracing.Trace,0,0,false,0.595424000,7,7,true
1197,3,Ui.Overlay,0,0,false,0.012416000,7,7,true
1197,4,DLSS.RayReconstruction,1,1,false,0.981376000,7,7,true
1197,5,Present.Convert,1,1,false,0.050784000,7,7,true
1197,6,Present.CopyToSwapchain,1,2,true,0.023296000,7,7,true
1198,0,ASBuild.BuildTLAS,0,0,false,0.091520000,7,7,true
1198,1,LightPrepare.Upload,0,0,false,0.001600000,7,7,true
1198,2,PathTracing.Trace,0,0,false,0.579008000,7,7,true
1198,3,Ui.Overlay,0,0,false,0.012672000,7,7,true
1198,4,DLSS.RayReconstruction,1,1,false,1.160352000,7,7,true
1198,5,Present.Convert,1,1,false,0.052896000,7,7,true
1198,6,Present.CopyToSwapchain,1,2,true,0.025344000,7,7,true
1199,0,ASBuild.BuildTLAS,0,0,false,0.091552000,7,7,true
1199,1,LightPrepare.Upload,0,0,false,0.001600000,7,7,true
1199,2,PathTracing.Trace,0,0,false,0.606656000,7,7,true
1199,3,Ui.Overlay,0,0,false,0.012672000,7,7,true
1199,4,DLSS.RayReconstruction,1,1,false,1.005600000,7,7,true
1199,5,Present.Convert,1,1,false,0.045376000,7,7,true
1199,6,Present.CopyToSwapchain,1,2,true,0.023840000,7,7,true
1200,0,ASBuild.BuildTLAS,0,0,false,0.093312000,7,7,true
1200,1,LightPrepare.Upload,0,0,false,0.001760000,7,7,true
1200,2,PathTracing.Trace,0,0,false,0.604448000,7,7,true
1200,3,Ui.Overlay,0,0,false,0.011968000,7,7,true
1200,4,DLSS.RayReconstruction,1,1,false,0.982944000,7,7,true
1200,5,Present.Convert,1,1,false,0.051520000,7,7,true
1200,6,Present.CopyToSwapchain,1,2,true,0.024288000,7,7,true
1201,0,ASBuild.BuildTLAS,0,0,false,0.091584000,7,7,true
1201,1,LightPrepare.Upload,0,0,false,0.001536000,7,7,true
1201,2,PathTracing.Trace,0,0,false,0.590336000,7,7,true
1201,3,Ui.Overlay,0,0,false,0.012192000,7,7,true
1201,4,DLSS.RayReconstruction,1,1,false,0.997024000,7,7,true
1201,5,Present.Convert,1,1,false,0.050528000,7,7,true
1201,6,Present.CopyToSwapchain,1,2,true,0.023904000,7,7,true
1202,0,ASBuild.BuildTLAS,0,0,false,0.091776000,7,7,true
1202,1,LightPrepare.Upload,0,0,false,0.001632000,7,7,true
1202,2,PathTracing.Trace,0,0,false,0.591232000,7,7,true
1202,3,Ui.Overlay,0,0,false,0.011968000,7,7,true
1202,4,DLSS.RayReconstruction,1,1,false,1.464640000,7,7,true
1202,5,Present.Convert,1,1,false,0.067616000,7,7,true
1202,6,Present.CopyToSwapchain,1,2,true,0.027104000,7,7,true
1203,0,ASBuild.BuildTLAS,0,0,false,0.125888000,7,7,true
1203,1,LightPrepare.Upload,0,0,false,0.001920000,7,7,true
1203,2,PathTracing.Trace,0,0,false,0.737312000,7,7,true
1203,3,Ui.Overlay,0,0,false,0.012448000,7,7,true
1203,4,DLSS.RayReconstruction,1,1,false,1.005376000,7,7,true
1203,5,Present.Convert,1,1,false,0.051424000,7,7,true
1203,6,Present.CopyToSwapchain,1,2,true,0.024448000,7,7,true
1204,0,ASBuild.BuildTLAS,0,0,false,0.090784000,7,7,true
1204,1,LightPrepare.Upload,0,0,false,0.001600000,7,7,true
1204,2,PathTracing.Trace,0,0,false,0.590272000,7,7,true
1204,3,Ui.Overlay,0,0,false,0.012320000,7,7,true
1204,4,DLSS.RayReconstruction,1,1,false,0.995744000,7,7,true
1204,5,Present.Convert,1,1,false,0.045344000,7,7,true
1204,6,Present.CopyToSwapchain,1,2,true,0.024576000,7,7,true
1205,0,ASBuild.BuildTLAS,0,0,false,0.093408000,7,7,true
1205,1,LightPrepare.Upload,0,0,false,0.001568000,7,7,true
1205,2,PathTracing.Trace,0,0,false,0.587200000,7,7,true
1205,3,Ui.Overlay,0,0,false,0.012320000,7,7,true
1205,4,DLSS.RayReconstruction,1,1,false,0.984512000,7,7,true
1205,5,Present.Convert,1,1,false,0.052608000,7,7,true
1205,6,Present.CopyToSwapchain,1,2,true,0.027616000,7,7,true
1206,0,ASBuild.BuildTLAS,0,0,false,0.091680000,7,7,true
1206,1,LightPrepare.Upload,0,0,false,0.001600000,7,7,true
1206,2,PathTracing.Trace,0,0,false,0.594368000,7,7,true
1206,3,Ui.Overlay,0,0,false,0.012416000,7,7,true
1206,4,DLSS.RayReconstruction,1,1,false,1.001888000,7,7,true
1206,5,Present.Convert,1,1,false,0.053728000,7,7,true
1206,6,Present.CopyToSwapchain,1,2,true,0.023360000,7,7,true
1207,0,ASBuild.BuildTLAS,0,0,false,0.091488000,7,7,true
1207,1,LightPrepare.Upload,0,0,false,0.001664000,7,7,true
1207,2,PathTracing.Trace,0,0,false,0.798080000,7,7,true
1207,3,Ui.Overlay,0,0,false,0.012544000,7,7,true
1207,4,DLSS.RayReconstruction,1,1,false,0.975456000,7,7,true
1207,5,Present.Convert,1,1,false,0.050400000,7,7,true
1207,6,Present.CopyToSwapchain,1,2,true,0.025184000,7,7,true
1208,0,ASBuild.BuildTLAS,0,0,false,0.093664000,7,7,true
1208,1,LightPrepare.Upload,0,0,false,0.001600000,7,7,true
1208,2,PathTracing.Trace,0,0,false,0.597472000,7,7,true
1208,3,Ui.Overlay,0,0,false,0.012096000,7,7,true
1208,4,DLSS.RayReconstruction,1,1,false,0.982592000,7,7,true
1208,5,Present.Convert,1,1,false,0.048512000,7,7,true
1208,6,Present.CopyToSwapchain,1,2,true,0.026208000,7,7,true
1209,0,ASBuild.BuildTLAS,0,0,false,0.093280000,7,7,true
1209,1,LightPrepare.Upload,0,0,false,0.001568000,7,7,true
1209,2,PathTracing.Trace,0,0,false,0.579008000,7,7,true
1209,3,Ui.Overlay,0,0,false,0.012384000,7,7,true
1209,4,DLSS.RayReconstruction,1,1,false,0.999648000,7,7,true
1209,5,Present.Convert,1,1,false,0.050880000,7,7,true
1209,6,Present.CopyToSwapchain,1,2,true,0.024000000,7,7,true
1210,0,ASBuild.BuildTLAS,0,0,false,0.092576000,7,7,true
1210,1,LightPrepare.Upload,0,0,false,0.001952000,7,7,true
1210,2,PathTracing.Trace,0,0,false,0.595008000,7,7,true
1210,3,Ui.Overlay,0,0,false,0.012224000,7,7,true
1210,4,DLSS.RayReconstruction,1,1,false,0.980768000,7,7,true
1210,5,Present.Convert,1,1,false,0.049440000,7,7,true
1210,6,Present.CopyToSwapchain,1,2,true,0.025280000,7,7,true
1211,0,ASBuild.BuildTLAS,0,0,false,0.091872000,7,7,true
1211,1,LightPrepare.Upload,0,0,false,0.001536000,7,7,true
1211,2,PathTracing.Trace,0,0,false,0.577024000,7,7,true
1211,3,Ui.Overlay,0,0,false,0.012352000,7,7,true
1211,4,DLSS.RayReconstruction,1,1,false,0.993632000,7,7,true
1211,5,Present.Convert,1,1,false,0.052448000,7,7,true
1211,6,Present.CopyToSwapchain,1,2,true,0.027328000,7,7,true
1212,0,ASBuild.BuildTLAS,0,0,false,0.091200000,7,7,true
1212,1,LightPrepare.Upload,0,0,false,0.001600000,7,7,true
1212,2,PathTracing.Trace,0,0,false,0.583104000,7,7,true
1212,3,Ui.Overlay,0,0,false,0.012768000,7,7,true
1212,4,DLSS.RayReconstruction,1,1,false,1.005152000,7,7,true
1212,5,Present.Convert,1,1,false,0.050912000,7,7,true
1212,6,Present.CopyToSwapchain,1,2,true,0.023136000,7,7,true
1213,0,ASBuild.BuildTLAS,0,0,false,0.092992000,7,7,true
1213,1,LightPrepare.Upload,0,0,false,0.001632000,7,7,true
1213,2,PathTracing.Trace,0,0,false,0.587168000,7,7,true
1213,3,Ui.Overlay,0,0,false,0.012416000,7,7,true
1213,4,DLSS.RayReconstruction,1,1,false,1.160736000,7,7,true
1213,5,Present.Convert,1,1,false,0.050432000,7,7,true
1213,6,Present.CopyToSwapchain,1,2,true,0.023520000,7,7,true
1214,0,ASBuild.BuildTLAS,0,0,false,0.091808000,7,7,true
1214,1,LightPrepare.Upload,0,0,false,0.001568000,7,7,true
1214,2,PathTracing.Trace,0,0,false,0.582112000,7,7,true
1214,3,Ui.Overlay,0,0,false,0.012192000,7,7,true
1214,4,DLSS.RayReconstruction,1,1,false,0.997408000,7,7,true
1214,5,Present.Convert,1,1,false,0.050528000,7,7,true
1214,6,Present.CopyToSwapchain,1,2,true,0.024032000,7,7,true
1215,0,ASBuild.BuildTLAS,0,0,false,0.090944000,7,7,true
1215,1,LightPrepare.Upload,0,0,false,0.001536000,7,7,true
1215,2,PathTracing.Trace,0,0,false,0.566752000,7,7,true
1215,3,Ui.Overlay,0,0,false,0.012160000,7,7,true
1215,4,DLSS.RayReconstruction,1,1,false,0.979264000,7,7,true
1215,5,Present.Convert,1,1,false,0.053024000,7,7,true
1215,6,Present.CopyToSwapchain,1,2,true,0.023936000,7,7,true
1216,0,ASBuild.BuildTLAS,0,0,false,0.093312000,7,7,true
1216,1,LightPrepare.Upload,0,0,false,0.001568000,7,7,true
1216,2,PathTracing.Trace,0,0,false,0.568800000,7,7,true
1216,3,Ui.Overlay,0,0,false,0.012544000,7,7,true
1216,4,DLSS.RayReconstruction,1,1,false,1.158144000,7,7,true
1216,5,Present.Convert,1,1,false,0.050560000,7,7,true
1216,6,Present.CopyToSwapchain,1,2,true,0.025760000,7,7,true
1217,0,ASBuild.BuildTLAS,0,0,false,0.093984000,7,7,true
1217,1,LightPrepare.Upload,0,0,false,0.001568000,7,7,true
1217,2,PathTracing.Trace,0,0,false,0.584128000,7,7,true
1217,3,Ui.Overlay,0,0,false,0.012416000,7,7,true
1217,4,DLSS.RayReconstruction,1,1,false,1.001120000,7,7,true
1217,5,Present.Convert,1,1,false,0.045472000,7,7,true
1217,6,Present.CopyToSwapchain,1,2,true,0.023424000,7,7,true
1218,0,ASBuild.BuildTLAS,0,0,false,0.090752000,7,7,true
1218,1,LightPrepare.Upload,0,0,false,0.001536000,7,7,true
1218,2,PathTracing.Trace,0,0,false,0.569856000,7,7,true
1218,3,Ui.Overlay,0,0,false,0.012032000,7,7,true
1218,4,DLSS.RayReconstruction,1,1,false,0.977472000,7,7,true
1218,5,Present.Convert,1,1,false,0.050912000,7,7,true
1218,6,Present.CopyToSwapchain,1,2,true,0.023232000,7,7,true
1219,0,ASBuild.BuildTLAS,0,0,false,0.090880000,7,7,true
1219,1,LightPrepare.Upload,0,0,false,0.001632000,7,7,true
1219,2,PathTracing.Trace,0,0,false,0.580000000,7,7,true
1219,3,Ui.Overlay,0,0,false,0.012512000,7,7,true
1219,4,DLSS.RayReconstruction,1,1,false,0.999744000,7,7,true
1219,5,Present.Convert,1,1,false,0.050304000,7,7,true
1219,6,Present.CopyToSwapchain,1,2,true,0.023456000,7,7,true
1220,0,ASBuild.BuildTLAS,0,0,false,0.093152000,7,7,true
1220,1,LightPrepare.Upload,0,0,false,0.001600000,7,7,true
1220,2,PathTracing.Trace,0,0,false,0.585152000,7,7,true
1220,3,Ui.Overlay,0,0,false,0.012320000,7,7,true
1220,4,DLSS.RayReconstruction,1,1,false,0.992864000,7,7,true
1220,5,Present.Convert,1,1,false,0.050464000,7,7,true
1220,6,Present.CopyToSwapchain,1,2,true,0.025664000,7,7,true
1221,0,ASBuild.BuildTLAS,0,0,false,0.093600000,7,7,true
1221,1,LightPrepare.Upload,0,0,false,0.001504000,7,7,true
1221,2,PathTracing.Trace,0,0,false,0.581152000,7,7,true
1221,3,Ui.Overlay,0,0,false,0.012128000,7,7,true
1221,4,DLSS.RayReconstruction,1,1,false,1.149536000,7,7,true
1221,5,Present.Convert,1,1,false,0.047456000,7,7,true
1221,6,Present.CopyToSwapchain,1,2,true,0.025472000,7,7,true
1222,0,ASBuild.BuildTLAS,0,0,false,0.091680000,7,7,true
1222,1,LightPrepare.Upload,0,0,false,0.001568000,7,7,true
1222,2,PathTracing.Trace,0,0,false,0.581088000,7,7,true
1222,3,Ui.Overlay,0,0,false,0.012320000,7,7,true
1222,4,DLSS.RayReconstruction,1,1,false,0.997216000,7,7,true
1222,5,Present.Convert,1,1,false,0.045408000,7,7,true
1222,6,Present.CopyToSwapchain,1,2,true,0.023552000,7,7,true
1223,0,ASBuild.BuildTLAS,0,0,false,0.091552000,7,7,true
1223,1,LightPrepare.Upload,0,0,false,0.001664000,7,7,true
1223,2,PathTracing.Trace,0,0,false,0.591200000,7,7,true
1223,3,Ui.Overlay,0,0,false,0.012384000,7,7,true
1223,4,DLSS.RayReconstruction,1,1,false,0.976672000,7,7,true
1223,5,Present.Convert,1,1,false,0.050528000,7,7,true
1223,6,Present.CopyToSwapchain,1,2,true,0.025472000,7,7,true
1224,0,ASBuild.BuildTLAS,0,0,false,0.090368000,7,7,true
1224,1,LightPrepare.Upload,0,0,false,0.001568000,7,7,true
1224,2,PathTracing.Trace,0,0,false,0.583104000,7,7,true
1224,3,Ui.Overlay,0,0,false,0.012640000,7,7,true
1224,4,DLSS.RayReconstruction,1,1,false,0.999680000,7,7,true
1224,5,Present.Convert,1,1,false,0.050656000,7,7,true
1224,6,Present.CopyToSwapchain,1,2,true,0.023488000,7,7,true
1225,0,ASBuild.BuildTLAS,0,0,false,0.090848000,7,7,true
1225,1,LightPrepare.Upload,0,0,false,0.001536000,7,7,true
1225,2,PathTracing.Trace,0,0,false,0.596480000,7,7,true
1225,3,Ui.Overlay,0,0,false,0.012512000,7,7,true
1225,4,DLSS.RayReconstruction,1,1,false,1.001440000,7,7,true
1225,5,Present.Convert,1,1,false,0.045248000,7,7,true
1225,6,Present.CopyToSwapchain,1,2,true,0.024064000,7,7,true
1226,0,ASBuild.BuildTLAS,0,0,false,0.092256000,7,7,true
1226,1,LightPrepare.Upload,0,0,false,0.001536000,7,7,true
1226,2,PathTracing.Trace,0,0,false,0.580064000,7,7,true
1226,3,Ui.Overlay,0,0,false,0.012064000,7,7,true
1226,4,DLSS.RayReconstruction,1,1,false,1.182528000,7,7,true
1226,5,Present.Convert,1,1,false,0.052224000,7,7,true
1226,6,Present.CopyToSwapchain,1,2,true,0.025824000,7,7,true
1227,0,ASBuild.BuildTLAS,0,0,false,0.090784000,7,7,true
1227,1,LightPrepare.Upload,0,0,false,0.001536000,7,7,true
1227,2,PathTracing.Trace,0,0,false,0.558592000,7,7,true
1227,3,Ui.Overlay,0,0,false,0.012416000,7,7,true
1227,4,DLSS.RayReconstruction,1,1,false,0.984960000,7,7,true
1227,5,Present.Convert,1,1,false,0.047424000,7,7,true
1227,6,Present.CopyToSwapchain,1,2,true,0.023680000,7,7,true
1228,0,ASBuild.BuildTLAS,0,0,false,0.092032000,7,7,true
1228,1,LightPrepare.Upload,0,0,false,0.001504000,7,7,true
1228,2,PathTracing.Trace,0,0,false,0.594464000,7,7,true
1228,3,Ui.Overlay,0,0,false,0.012384000,7,7,true
1228,4,DLSS.RayReconstruction,1,1,false,1.000000000,7,7,true
1228,5,Present.Convert,1,1,false,0.050560000,7,7,true
1228,6,Present.CopyToSwapchain,1,2,true,0.023616000,7,7,true
1229,0,ASBuild.BuildTLAS,0,0,false,0.093408000,7,7,true
1229,1,LightPrepare.Upload,0,0,false,0.001568000,7,7,true
1229,2,PathTracing.Trace,0,0,false,0.601600000,7,7,true
1229,3,Ui.Overlay,0,0,false,0.012384000,7,7,true
1229,4,DLSS.RayReconstruction,1,1,false,1.149280000,7,7,true
1229,5,Present.Convert,1,1,false,0.052608000,7,7,true
1229,6,Present.CopyToSwapchain,1,2,true,0.025792000,7,7,true
1230,0,ASBuild.BuildTLAS,0,0,false,0.091072000,7,7,true
1230,1,LightPrepare.Upload,0,0,false,0.001536000,7,7,true
1230,2,PathTracing.Trace,0,0,false,0.561664000,7,7,true
1230,3,Ui.Overlay,0,0,false,0.012448000,7,7,true
1230,4,DLSS.RayReconstruction,1,1,false,1.003584000,7,7,true
1230,5,Present.Convert,1,1,false,0.050880000,7,7,true
1230,6,Present.CopyToSwapchain,1,2,true,0.023232000,7,7,true
1231,0,ASBuild.BuildTLAS,0,0,false,0.091424000,7,7,true
1231,1,LightPrepare.Upload,0,0,false,0.001472000,7,7,true
1231,2,PathTracing.Trace,0,0,false,0.563776000,7,7,true
1231,3,Ui.Overlay,0,0,false,0.012000000,7,7,true
1231,4,DLSS.RayReconstruction,1,1,false,0.995328000,7,7,true
1231,5,Present.Convert,1,1,false,0.049312000,7,7,true
1231,6,Present.CopyToSwapchain,1,2,true,0.023456000,7,7,true
1232,0,ASBuild.BuildTLAS,0,0,false,0.094400000,7,7,true
1232,1,LightPrepare.Upload,0,0,false,0.001536000,7,7,true
1232,2,PathTracing.Trace,0,0,false,0.597472000,7,7,true
1232,3,Ui.Overlay,0,0,false,0.012576000,7,7,true
1232,4,DLSS.RayReconstruction,1,1,false,1.168704000,7,7,true
1232,5,Present.Convert,1,1,false,0.048928000,7,7,true
1232,6,Present.CopyToSwapchain,1,2,true,0.026080000,7,7,true
1233,0,ASBuild.BuildTLAS,0,0,false,0.090976000,7,7,true
1233,1,LightPrepare.Upload,0,0,false,0.001632000,7,7,true
1233,2,PathTracing.Trace,0,0,false,0.585120000,7,7,true
1233,3,Ui.Overlay,0,0,false,0.011744000,7,7,true
1233,4,DLSS.RayReconstruction,1,1,false,1.003552000,7,7,true
1233,5,Present.Convert,1,1,false,0.052768000,7,7,true
1233,6,Present.CopyToSwapchain,1,2,true,0.023072000,7,7,true
1234,0,ASBuild.BuildTLAS,0,0,false,0.114368000,7,7,true
1234,1,LightPrepare.Upload,0,0,false,0.001600000,7,7,true
1234,2,PathTracing.Trace,0,0,false,0.574912000,7,7,true
1234,3,Ui.Overlay,0,0,false,0.011872000,7,7,true
1234,4,DLSS.RayReconstruction,1,1,false,0.982912000,7,7,true
1234,5,Present.Convert,1,1,false,0.252000000,7,7,true
1234,6,Present.CopyToSwapchain,1,2,true,0.276768000,7,7,true
1235,0,ASBuild.BuildTLAS,0,0,false,0.127328000,7,7,true
1235,1,LightPrepare.Upload,0,0,false,0.002016000,7,7,true
1235,2,PathTracing.Trace,0,0,false,0.608160000,7,7,true
1235,3,Ui.Overlay,0,0,false,0.012000000,7,7,true
1235,4,DLSS.RayReconstruction,1,1,false,1.005440000,7,7,true
1235,5,Present.Convert,1,1,false,0.050528000,7,7,true
1235,6,Present.CopyToSwapchain,1,2,true,0.023584000,7,7,true
1236,0,ASBuild.BuildTLAS,0,0,false,0.091008000,7,7,true
1236,1,LightPrepare.Upload,0,0,false,0.001824000,7,7,true
1236,2,PathTracing.Trace,0,0,false,0.808160000,7,7,true
1236,3,Ui.Overlay,0,0,false,0.011808000,7,7,true
1236,4,DLSS.RayReconstruction,1,1,false,0.993152000,7,7,true
1236,5,Present.Convert,1,1,false,0.050880000,7,7,true
1236,6,Present.CopyToSwapchain,1,2,true,0.022368000,7,7,true
1237,0,ASBuild.BuildTLAS,0,0,false,0.094592000,7,7,true
1237,1,LightPrepare.Upload,0,0,false,0.001568000,7,7,true
1237,2,PathTracing.Trace,0,0,false,0.572864000,7,7,true
1237,3,Ui.Overlay,0,0,false,0.012192000,7,7,true
1237,4,DLSS.RayReconstruction,1,1,false,0.981248000,7,7,true
1237,5,Present.Convert,1,1,false,0.049152000,7,7,true
1237,6,Present.CopyToSwapchain,1,2,true,0.025376000,7,7,true
1238,0,ASBuild.BuildTLAS,0,0,false,0.091968000,7,7,true
1238,1,LightPrepare.Upload,0,0,false,0.001568000,7,7,true
1238,2,PathTracing.Trace,0,0,false,0.580064000,7,7,true
1238,3,Ui.Overlay,0,0,false,0.012352000,7,7,true
1238,4,DLSS.RayReconstruction,1,1,false,1.001536000,7,7,true
1238,5,Present.Convert,1,1,false,0.050528000,7,7,true
1238,6,Present.CopyToSwapchain,1,2,true,0.025632000,7,7,true
1239,0,ASBuild.BuildTLAS,0,0,false,0.091648000,7,7,true
1239,1,LightPrepare.Upload,0,0,false,0.001920000,7,7,true
1239,2,PathTracing.Trace,0,0,false,0.570496000,7,7,true
1239,3,Ui.Overlay,0,0,false,0.012000000,7,7,true
1239,4,DLSS.RayReconstruction,1,1,false,0.985568000,7,7,true
1239,5,Present.Convert,1,1,false,0.052512000,7,7,true
1239,6,Present.CopyToSwapchain,1,2,true,0.023392000,7,7,true
1240,0,ASBuild.BuildTLAS,0,0,false,0.091392000,7,7,true
1240,1,LightPrepare.Upload,0,0,false,0.001600000,7,7,true
1240,2,PathTracing.Trace,0,0,false,0.622016000,7,7,true
1240,3,Ui.Overlay,0,0,false,0.012576000,7,7,true
1240,4,DLSS.RayReconstruction,1,1,false,0.977728000,7,7,true
1240,5,Present.Convert,1,1,false,0.054656000,7,7,true
1240,6,Present.CopyToSwapchain,1,2,true,0.023328000,7,7,true
1241,0,ASBuild.BuildTLAS,0,0,false,0.092032000,7,7,true
1241,1,LightPrepare.Upload,0,0,false,0.001728000,7,7,true
1241,2,PathTracing.Trace,0,0,false,0.582976000,7,7,true
1241,3,Ui.Overlay,0,0,false,0.012352000,7,7,true
1241,4,DLSS.RayReconstruction,1,1,false,1.001824000,7,7,true
1241,5,Present.Convert,1,1,false,0.050592000,7,7,true
1241,6,Present.CopyToSwapchain,1,2,true,0.023584000,7,7,true
1242,0,ASBuild.BuildTLAS,0,0,false,0.091040000,7,7,true
1242,1,LightPrepare.Upload,0,0,false,0.001504000,7,7,true
1242,2,PathTracing.Trace,0,0,false,0.841248000,7,7,true
1242,3,Ui.Overlay,0,0,false,0.012224000,7,7,true
1242,4,DLSS.RayReconstruction,1,1,false,1.009568000,7,7,true
1242,5,Present.Convert,1,1,false,0.301152000,7,7,true
1242,6,Present.CopyToSwapchain,1,2,true,0.222272000,7,7,true
1243,0,ASBuild.BuildTLAS,0,0,false,0.128960000,7,7,true
1243,1,LightPrepare.Upload,0,0,false,0.005856000,7,7,true
1243,2,PathTracing.Trace,0,0,false,0.612544000,7,7,true
1243,3,Ui.Overlay,0,0,false,0.012384000,7,7,true
1243,4,DLSS.RayReconstruction,1,1,false,0.993376000,7,7,true
1243,5,Present.Convert,1,1,false,0.050592000,7,7,true
1243,6,Present.CopyToSwapchain,1,2,true,0.025376000,7,7,true
1244,0,ASBuild.BuildTLAS,0,0,false,0.091296000,7,7,true
1244,1,LightPrepare.Upload,0,0,false,0.001440000,7,7,true
1244,2,PathTracing.Trace,0,0,false,0.585312000,7,7,true
1244,3,Ui.Overlay,0,0,false,0.012352000,7,7,true
1244,4,DLSS.RayReconstruction,1,1,false,0.997984000,7,7,true
1244,5,Present.Convert,1,1,false,0.045408000,7,7,true
1244,6,Present.CopyToSwapchain,1,2,true,0.024224000,7,7,true
1245,0,ASBuild.BuildTLAS,0,0,false,0.090272000,7,7,true
1245,1,LightPrepare.Upload,0,0,false,0.001536000,7,7,true
1245,2,PathTracing.Trace,0,0,false,0.587264000,7,7,true
1245,3,Ui.Overlay,0,0,false,0.012384000,7,7,true
1245,4,DLSS.RayReconstruction,1,1,false,1.141984000,7,7,true
1245,5,Present.Convert,1,1,false,0.050656000,7,7,true
1245,6,Present.CopyToSwapchain,1,2,true,0.023264000,7,7,true
1246,0,ASBuild.BuildTLAS,0,0,false,0.093120000,7,7,true
1246,1,LightPrepare.Upload,0,0,false,0.001504000,7,7,true
1246,2,PathTracing.Trace,0,0,false,0.587264000,7,7,true
1246,3,Ui.Overlay,0,0,false,0.012160000,7,7,true
1246,4,DLSS.RayReconstruction,1,1,false,0.995360000,7,7,true
1246,5,Present.Convert,1,1,false,0.045344000,7,7,true
1246,6,Present.CopyToSwapchain,1,2,true,0.024032000,7,7,true
1247,0,ASBuild.BuildTLAS,0,0,false,0.091168000,7,7,true
1247,1,LightPrepare.Upload,0,0,false,0.001600000,7,7,true
1247,2,PathTracing.Trace,0,0,false,0.579008000,7,7,true
1247,3,Ui.Overlay,0,0,false,0.012352000,7,7,true
1247,4,DLSS.RayReconstruction,1,1,false,0.995520000,7,7,true
1247,5,Present.Convert,1,1,false,0.049504000,7,7,true
1247,6,Present.CopyToSwapchain,1,2,true,0.025696000,7,7,true
1248,0,ASBuild.BuildTLAS,0,0,false,0.101312000,7,7,true
1248,1,LightPrepare.Upload,0,0,false,0.001664000,7,7,true
1248,2,PathTracing.Trace,0,0,false,0.588128000,7,7,true
1248,3,Ui.Overlay,0,0,false,0.012160000,7,7,true
1248,4,DLSS.RayReconstruction,1,1,false,0.979520000,7,7,true
1248,5,Present.Convert,1,1,false,0.050912000,7,7,true
1248,6,Present.CopyToSwapchain,1,2,true,0.024000000,7,7,true
1249,0,ASBuild.BuildTLAS,0,0,false,0.091488000,7,7,true
1249,1,LightPrepare.Upload,0,0,false,0.001472000,7,7,true
1249,2,PathTracing.Trace,0,0,false,0.572992000,7,7,true
1249,3,Ui.Overlay,0,0,false,0.012224000,7,7,true
1249,4,DLSS.RayReconstruction,1,1,false,1.005632000,7,7,true
1249,5,Present.Convert,1,1,false,0.106656000,7,7,true
1249,6,Present.CopyToSwapchain,1,2,true,0.329792000,7,7,true
1250,0,ASBuild.BuildTLAS,0,0,false,0.123968000,7,7,true
1250,1,LightPrepare.Upload,0,0,false,0.003392000,7,7,true
1250,2,PathTracing.Trace,0,0,false,0.604768000,7,7,true
1250,3,Ui.Overlay,0,0,false,0.012256000,7,7,true
1250,4,DLSS.RayReconstruction,1,1,false,1.140256000,7,7,true
1250,5,Present.Convert,1,1,false,0.045376000,7,7,true
1250,6,Present.CopyToSwapchain,1,2,true,0.029248000,7,7,true
1251,0,ASBuild.BuildTLAS,0,0,false,0.093472000,7,7,true
1251,1,LightPrepare.Upload,0,0,false,0.001824000,7,7,true
1251,2,PathTracing.Trace,0,0,false,0.564416000,7,7,true
1251,3,Ui.Overlay,0,0,false,0.012384000,7,7,true
1251,4,DLSS.RayReconstruction,1,1,false,0.992832000,7,7,true
1251,5,Present.Convert,1,1,false,0.047392000,7,7,true
1251,6,Present.CopyToSwapchain,1,2,true,0.023424000,7,7,true
1252,0,ASBuild.BuildTLAS,0,0,false,0.092960000,7,7,true
1252,1,LightPrepare.Upload,0,0,false,0.001600000,7,7,true
1252,2,PathTracing.Trace,0,0,false,0.583104000,7,7,true
1252,3,Ui.Overlay,0,0,false,0.012192000,7,7,true
1252,4,DLSS.RayReconstruction,1,1,false,0.981856000,7,7,true
1252,5,Present.Convert,1,1,false,0.050496000,7,7,true
1252,6,Present.CopyToSwapchain,1,2,true,0.023520000,7,7,true
1253,0,ASBuild.BuildTLAS,0,0,false,0.093312000,7,7,true
1253,1,LightPrepare.Upload,0,0,false,0.001696000,7,7,true
1253,2,PathTracing.Trace,0,0,false,0.593248000,7,7,true
1253,3,Ui.Overlay,0,0,false,0.012288000,7,7,true
1253,4,DLSS.RayReconstruction,1,1,false,0.998144000,7,7,true
1253,5,Present.Convert,1,1,false,0.045568000,7,7,true
1253,6,Present.CopyToSwapchain,1,2,true,0.025344000,7,7,true
1254,0,ASBuild.BuildTLAS,0,0,false,0.091616000,7,7,true
1254,1,LightPrepare.Upload,0,0,false,0.001568000,7,7,true
1254,2,PathTracing.Trace,0,0,false,0.556512000,7,7,true
1254,3,Ui.Overlay,0,0,false,0.012224000,7,7,true
1254,4,DLSS.RayReconstruction,1,1,false,1.509184000,7,7,true
1254,5,Present.Convert,1,1,false,0.050016000,7,7,true
1254,6,Present.CopyToSwapchain,1,2,true,0.024032000,7,7,true
1255,0,ASBuild.BuildTLAS,0,0,false,0.092256000,7,7,true
1255,1,LightPrepare.Upload,0,0,false,0.002144000,7,7,true
1255,2,PathTracing.Trace,0,0,false,0.683872000,7,7,true
1255,3,Ui.Overlay,0,0,false,0.013920000,7,7,true
1255,4,DLSS.RayReconstruction,1,1,false,1.479520000,7,7,true
1255,5,Present.Convert,1,1,false,0.050496000,7,7,true
1255,6,Present.CopyToSwapchain,1,2,true,0.024000000,7,7,true
1256,0,ASBuild.BuildTLAS,0,0,false,0.141952000,7,7,true
1256,1,LightPrepare.Upload,0,0,false,0.005568000,7,7,true
1256,2,PathTracing.Trace,0,0,false,0.721408000,7,7,true
1256,3,Ui.Overlay,0,0,false,0.012192000,7,7,true
1256,4,DLSS.RayReconstruction,1,1,false,1.538560000,7,7,true
1256,5,Present.Convert,1,1,false,0.050464000,7,7,true
1256,6,Present.CopyToSwapchain,1,2,true,0.027360000,7,7,true
1257,0,ASBuild.BuildTLAS,0,0,false,0.136448000,7,7,true
1257,1,LightPrepare.Upload,0,0,false,0.001888000,7,7,true
1257,2,PathTracing.Trace,0,0,false,0.786496000,7,7,true
1257,3,Ui.Overlay,0,0,false,0.012256000,7,7,true
1257,4,DLSS.RayReconstruction,1,1,false,1.478560000,7,7,true
1257,5,Present.Convert,1,1,false,0.052544000,7,7,true
1257,6,Present.CopyToSwapchain,1,2,true,0.022528000,7,7,true
1258,0,ASBuild.BuildTLAS,0,0,false,0.156800000,7,7,true
1258,1,LightPrepare.Upload,0,0,false,0.001920000,7,7,true
1258,2,PathTracing.Trace,0,0,false,0.657440000,7,7,true
1258,3,Ui.Overlay,0,0,false,0.035296000,7,7,true
1258,4,DLSS.RayReconstruction,1,1,false,1.501632000,7,7,true
1258,5,Present.Convert,1,1,false,0.050176000,7,7,true
1258,6,Present.CopyToSwapchain,1,2,true,0.024192000,7,7,true
1259,0,ASBuild.BuildTLAS,0,0,false,0.131872000,7,7,true
1259,1,LightPrepare.Upload,0,0,false,0.002432000,7,7,true
1259,2,PathTracing.Trace,0,0,false,0.691744000,7,7,true
1259,3,Ui.Overlay,0,0,false,0.021440000,7,7,true
1259,4,DLSS.RayReconstruction,1,1,false,1.474016000,7,7,true
1259,5,Present.Convert,1,1,false,0.057568000,7,7,true
1259,6,Present.CopyToSwapchain,1,2,true,0.028192000,7,7,true
1260,0,ASBuild.BuildTLAS,0,0,false,0.120064000,7,7,true
1260,1,LightPrepare.Upload,0,0,false,0.001856000,7,7,true
1260,2,PathTracing.Trace,0,0,false,0.696384000,7,7,true
1260,3,Ui.Overlay,0,0,false,0.015104000,7,7,true
1260,4,DLSS.RayReconstruction,1,1,false,1.002016000,7,7,true
1260,5,Present.Convert,1,1,false,0.053600000,7,7,true
1260,6,Present.CopyToSwapchain,1,2,true,0.023616000,7,7,true
1261,0,ASBuild.BuildTLAS,0,0,false,0.102688000,7,7,true
1261,1,LightPrepare.Upload,0,0,false,0.001568000,7,7,true
1261,2,PathTracing.Trace,0,0,false,0.588256000,7,7,true
1261,3,Ui.Overlay,0,0,false,0.012032000,7,7,true
1261,4,DLSS.RayReconstruction,1,1,false,0.986336000,7,7,true
1261,5,Present.Convert,1,1,false,0.052608000,7,7,true
1261,6,Present.CopyToSwapchain,1,2,true,0.026048000,7,7,true
1262,0,ASBuild.BuildTLAS,0,0,false,0.091424000,7,7,true
1262,1,LightPrepare.Upload,0,0,false,0.001536000,7,7,true
1262,2,PathTracing.Trace,0,0,false,0.574976000,7,7,true
1262,3,Ui.Overlay,0,0,false,0.012448000,7,7,true
1262,4,DLSS.RayReconstruction,1,1,false,1.001856000,7,7,true
1262,5,Present.Convert,1,1,false,0.045408000,7,7,true
1262,6,Present.CopyToSwapchain,1,2,true,0.025280000,7,7,true
1263,0,ASBuild.BuildTLAS,0,0,false,0.090944000,7,7,true
1263,1,LightPrepare.Upload,0,0,false,0.001568000,7,7,true
1263,2,PathTracing.Trace,0,0,false,0.630208000,7,7,true
1263,3,Ui.Overlay,0,0,false,0.012000000,7,7,true
1263,4,DLSS.RayReconstruction,1,1,false,0.981472000,7,7,true
1263,5,Present.Convert,1,1,false,0.045760000,7,7,true
1263,6,Present.CopyToSwapchain,1,2,true,0.023968000,7,7,true
1264,0,ASBuild.BuildTLAS,0,0,false,0.090944000,7,7,true
1264,1,LightPrepare.Upload,0,0,false,0.001536000,7,7,true
1264,2,PathTracing.Trace,0,0,false,0.628224000,7,7,true
1264,3,Ui.Overlay,0,0,false,0.012288000,7,7,true
1264,4,DLSS.RayReconstruction,1,1,false,1.007520000,7,7,true
1264,5,Present.Convert,1,1,false,0.051552000,7,7,true
1264,6,Present.CopyToSwapchain,1,2,true,0.024096000,7,7,true
1265,0,ASBuild.BuildTLAS,0,0,false,0.091200000,7,7,true
1265,1,LightPrepare.Upload,0,0,false,0.001472000,7,7,true
1265,2,PathTracing.Trace,0,0,false,0.595520000,7,7,true
1265,3,Ui.Overlay,0,0,false,0.012384000,7,7,true
1265,4,DLSS.RayReconstruction,1,1,false,1.499552000,7,7,true
1265,5,Present.Convert,1,1,false,0.052608000,7,7,true
1265,6,Present.CopyToSwapchain,1,2,true,0.025248000,7,7,true
1266,0,ASBuild.BuildTLAS,0,0,false,0.119424000,7,7,true
1266,1,LightPrepare.Upload,0,0,false,0.001888000,7,7,true
1266,2,PathTracing.Trace,0,0,false,0.622624000,7,7,true
1266,3,Ui.Overlay,0,0,false,0.025824000,7,7,true
1266,4,DLSS.RayReconstruction,1,1,false,0.997472000,7,7,true
1266,5,Present.Convert,1,1,false,0.047392000,7,7,true
1266,6,Present.CopyToSwapchain,1,2,true,0.309728000,7,7,true
1267,0,ASBuild.BuildTLAS,0,0,false,0.118976000,7,7,true
1267,1,LightPrepare.Upload,0,0,false,0.001504000,7,7,true
1267,2,PathTracing.Trace,0,0,false,0.788000000,7,7,true
1267,3,Ui.Overlay,0,0,false,0.012320000,7,7,true
1267,4,DLSS.RayReconstruction,1,1,false,1.467232000,7,7,true
1267,5,Present.Convert,1,1,false,0.061472000,7,7,true
1267,6,Present.CopyToSwapchain,1,2,true,0.025440000,7,7,true
1268,0,ASBuild.BuildTLAS,0,0,false,0.125280000,7,7,true
1268,1,LightPrepare.Upload,0,0,false,0.001888000,7,7,true
1268,2,PathTracing.Trace,0,0,false,0.649248000,7,7,true
1268,3,Ui.Overlay,0,0,false,0.012128000,7,7,true
1268,4,DLSS.RayReconstruction,1,1,false,1.454304000,7,7,true
1268,5,Present.Convert,1,1,false,0.073952000,7,7,true
1268,6,Present.CopyToSwapchain,1,2,true,0.027840000,7,7,true
1269,0,ASBuild.BuildTLAS,0,0,false,0.133920000,7,7,true
1269,1,LightPrepare.Upload,0,0,false,0.001888000,7,7,true
1269,2,PathTracing.Trace,0,0,false,0.729152000,7,7,true
1269,3,Ui.Overlay,0,0,false,0.011872000,7,7,true
1269,4,DLSS.RayReconstruction,1,1,false,1.486912000,7,7,true
1269,5,Present.Convert,1,1,false,0.050880000,7,7,true
1269,6,Present.CopyToSwapchain,1,2,true,0.024096000,7,7,true
1270,0,ASBuild.BuildTLAS,0,0,false,0.130496000,7,7,true
1270,1,LightPrepare.Upload,0,0,false,0.005056000,7,7,true
1270,2,PathTracing.Trace,0,0,false,0.654304000,7,7,true
1270,3,Ui.Overlay,0,0,false,0.030976000,7,7,true
1270,4,DLSS.RayReconstruction,1,1,false,1.682912000,7,7,true
1270,5,Present.Convert,1,1,false,0.061152000,7,7,true
1270,6,Present.CopyToSwapchain,1,2,true,0.034624000,7,7,true
1271,0,ASBuild.BuildTLAS,0,0,false,0.128416000,7,7,true
1271,1,LightPrepare.Upload,0,0,false,0.010048000,7,7,true
1271,2,PathTracing.Trace,0,0,false,0.869472000,7,7,true
1271,3,Ui.Overlay,0,0,false,0.015488000,7,7,true
1271,4,DLSS.RayReconstruction,1,1,false,1.489984000,7,7,true
1271,5,Present.Convert,1,1,false,0.052576000,7,7,true
1271,6,Present.CopyToSwapchain,1,2,true,0.023584000,7,7,true
1272,0,ASBuild.BuildTLAS,0,0,false,0.120448000,7,7,true
1272,1,LightPrepare.Upload,0,0,false,0.002368000,7,7,true
1272,2,PathTracing.Trace,0,0,false,0.659072000,7,7,true
1272,3,Ui.Overlay,0,0,false,0.029376000,7,7,true
1272,4,DLSS.RayReconstruction,1,1,false,1.501248000,7,7,true
1272,5,Present.Convert,1,1,false,0.050464000,7,7,true
1272,6,Present.CopyToSwapchain,1,2,true,0.026176000,7,7,true
1273,0,ASBuild.BuildTLAS,0,0,false,0.124832000,7,7,true
1273,1,LightPrepare.Upload,0,0,false,0.001856000,7,7,true
1273,2,PathTracing.Trace,0,0,false,0.657504000,7,7,true
1273,3,Ui.Overlay,0,0,false,0.022144000,7,7,true
1273,4,DLSS.RayReconstruction,1,1,false,1.498688000,7,7,true
1273,5,Present.Convert,1,1,false,0.050592000,7,7,true
1273,6,Present.CopyToSwapchain,1,2,true,0.023552000,7,7,true
1274,0,ASBuild.BuildTLAS,0,0,false,0.146784000,7,7,true
1274,1,LightPrepare.Upload,0,0,false,0.001984000,7,7,true
1274,2,PathTracing.Trace,0,0,false,0.636928000,7,7,true
1274,3,Ui.Overlay,0,0,false,0.022624000,7,7,true
1274,4,DLSS.RayReconstruction,1,1,false,1.711328000,7,7,true
1274,5,Present.Convert,1,1,false,0.049984000,7,7,true
1274,6,Present.CopyToSwapchain,1,2,true,0.026144000,7,7,true
1275,0,ASBuild.BuildTLAS,0,0,false,0.128384000,7,7,true
1275,1,LightPrepare.Upload,0,0,false,0.002240000,7,7,true
1275,2,PathTracing.Trace,0,0,false,0.825088000,7,7,true
1275,3,Ui.Overlay,0,0,false,0.021888000,7,7,true
1275,4,DLSS.RayReconstruction,1,1,false,0.989568000,7,7,true
1275,5,Present.Convert,1,1,false,0.050880000,7,7,true
1275,6,Present.CopyToSwapchain,1,2,true,0.023168000,7,7,true
1276,0,ASBuild.BuildTLAS,0,0,false,0.092992000,7,7,true
1276,1,LightPrepare.Upload,0,0,false,0.001568000,7,7,true
1276,2,PathTracing.Trace,0,0,false,0.607712000,7,7,true
1276,3,Ui.Overlay,0,0,false,0.012512000,7,7,true
1276,4,DLSS.RayReconstruction,1,1,false,0.994112000,7,7,true
1276,5,Present.Convert,1,1,false,0.219136000,7,7,true
1276,6,Present.CopyToSwapchain,1,2,true,0.314144000,7,7,true
1277,0,ASBuild.BuildTLAS,0,0,false,0.122208000,7,7,true
1277,1,LightPrepare.Upload,0,0,false,0.002656000,7,7,true
1277,2,PathTracing.Trace,0,0,false,0.634272000,7,7,true
1277,3,Ui.Overlay,0,0,false,0.011936000,7,7,true
1277,4,DLSS.RayReconstruction,1,1,false,1.479168000,7,7,true
1277,5,Present.Convert,1,1,false,0.050560000,7,7,true
1277,6,Present.CopyToSwapchain,1,2,true,0.025408000,7,7,true
1278,0,ASBuild.BuildTLAS,0,0,false,0.144736000,7,7,true
1278,1,LightPrepare.Upload,0,0,false,0.001888000,7,7,true
1278,2,PathTracing.Trace,0,0,false,0.704576000,7,7,true
1278,3,Ui.Overlay,0,0,false,0.020448000,7,7,true
1278,4,DLSS.RayReconstruction,1,1,false,1.657760000,7,7,true
1278,5,Present.Convert,1,1,false,0.052544000,7,7,true
1278,6,Present.CopyToSwapchain,1,2,true,0.025600000,7,7,true
1279,0,ASBuild.BuildTLAS,0,0,false,0.121984000,7,7,true
1279,1,LightPrepare.Upload,0,0,false,0.001920000,7,7,true
1279,2,PathTracing.Trace,0,0,false,0.667680000,7,7,true
1279,3,Ui.Overlay,0,0,false,0.022176000,7,7,true
1279,4,DLSS.RayReconstruction,1,1,false,1.009248000,7,7,true
1279,5,Present.Convert,1,1,false,0.073984000,7,7,true
1279,6,Present.CopyToSwapchain,1,2,true,0.248000000,7,7,true
1280,0,ASBuild.BuildTLAS,0,0,false,0.132928000,7,7,true
1280,1,LightPrepare.Upload,0,0,false,0.001920000,7,7,true
1280,2,PathTracing.Trace,0,0,false,0.608128000,7,7,true
1280,3,Ui.Overlay,0,0,false,0.012608000,7,7,true
1280,4,DLSS.RayReconstruction,1,1,false,0.991744000,7,7,true
1280,5,Present.Convert,1,1,false,0.050176000,7,7,true
1280,6,Present.CopyToSwapchain,1,2,true,0.031200000,7,7,true
1281,0,ASBuild.BuildTLAS,0,0,false,0.090496000,7,7,true
1281,1,LightPrepare.Upload,0,0,false,0.001536000,7,7,true
1281,2,PathTracing.Trace,0,0,false,0.581120000,7,7,true
1281,3,Ui.Overlay,0,0,false,0.012064000,7,7,true
1281,4,DLSS.RayReconstruction,1,1,false,1.015936000,7,7,true
1281,5,Present.Convert,1,1,false,0.108480000,7,7,true
1281,6,Present.CopyToSwapchain,1,2,true,0.334336000,7,7,true
1282,0,ASBuild.BuildTLAS,0,0,false,0.128064000,7,7,true
1282,1,LightPrepare.Upload,0,0,false,0.002592000,7,7,true
1282,2,PathTracing.Trace,0,0,false,0.640064000,7,7,true
1282,3,Ui.Overlay,0,0,false,0.012416000,7,7,true
1282,4,DLSS.RayReconstruction,1,1,false,1.157056000,7,7,true
1282,5,Present.Convert,1,1,false,0.047552000,7,7,true
1282,6,Present.CopyToSwapchain,1,2,true,0.024320000,7,7,true
1283,0,ASBuild.BuildTLAS,0,0,false,0.115424000,7,7,true
1283,1,LightPrepare.Upload,0,0,false,0.001440000,7,7,true
1283,2,PathTracing.Trace,0,0,false,0.584288000,7,7,true
1283,3,Ui.Overlay,0,0,false,0.012288000,7,7,true
1283,4,DLSS.RayReconstruction,1,1,false,1.491584000,7,7,true
1283,5,Present.Convert,1,1,false,0.053504000,7,7,true
1283,6,Present.CopyToSwapchain,1,2,true,0.026432000,7,7,true
1284,0,ASBuild.BuildTLAS,0,0,false,0.125472000,7,7,true
1284,1,LightPrepare.Upload,0,0,false,0.005888000,7,7,true
1284,2,PathTracing.Trace,0,0,false,0.723072000,7,7,true
1284,3,Ui.Overlay,0,0,false,0.012256000,7,7,true
1284,4,DLSS.RayReconstruction,1,1,false,1.489504000,7,7,true
1284,5,Present.Convert,1,1,false,0.057344000,7,7,true
1284,6,Present.CopyToSwapchain,1,2,true,0.032224000,7,7,true
1285,0,ASBuild.BuildTLAS,0,0,false,0.124928000,7,7,true
1285,1,LightPrepare.Upload,0,0,false,0.002144000,7,7,true
1285,2,PathTracing.Trace,0,0,false,0.706368000,7,7,true
1285,3,Ui.Overlay,0,0,false,0.015392000,7,7,true
1285,4,DLSS.RayReconstruction,1,1,false,1.472832000,7,7,true
1285,5,Present.Convert,1,1,false,0.050560000,7,7,true
1285,6,Present.CopyToSwapchain,1,2,true,0.026240000,7,7,true
1286,0,ASBuild.BuildTLAS,0,0,false,0.152704000,7,7,true
1286,1,LightPrepare.Upload,0,0,false,0.009152000,7,7,true
1286,2,PathTracing.Trace,0,0,false,0.748544000,7,7,true
1286,3,Ui.Overlay,0,0,false,0.020864000,7,7,true
1286,4,DLSS.RayReconstruction,1,1,false,1.490368000,7,7,true
1286,5,Present.Convert,1,1,false,0.050560000,7,7,true
1286,6,Present.CopyToSwapchain,1,2,true,0.023616000,7,7,true
1287,0,ASBuild.BuildTLAS,0,0,false,0.125632000,7,7,true
1287,1,LightPrepare.Upload,0,0,false,0.004384000,7,7,true
1287,2,PathTracing.Trace,0,0,false,0.673408000,7,7,true
1287,3,Ui.Overlay,0,0,false,0.019232000,7,7,true
1287,4,DLSS.RayReconstruction,1,1,false,1.509280000,7,7,true
1287,5,Present.Convert,1,1,false,0.050048000,7,7,true
1287,6,Present.CopyToSwapchain,1,2,true,0.023744000,7,7,true
1288,0,ASBuild.BuildTLAS,0,0,false,0.126336000,7,7,true
1288,1,LightPrepare.Upload,0,0,false,0.006240000,7,7,true
1288,2,PathTracing.Trace,0,0,false,0.677696000,7,7,true
1288,3,Ui.Overlay,0,0,false,0.020384000,7,7,true
1288,4,DLSS.RayReconstruction,1,1,false,1.488096000,7,7,true
1288,5,Present.Convert,1,1,false,0.059616000,7,7,true
1288,6,Present.CopyToSwapchain,1,2,true,0.027168000,7,7,true
1289,0,ASBuild.BuildTLAS,0,0,false,0.124352000,7,7,true
1289,1,LightPrepare.Upload,0,0,false,0.001888000,7,7,true
1289,2,PathTracing.Trace,0,0,false,0.704608000,7,7,true
1289,3,Ui.Overlay,0,0,false,0.011872000,7,7,true
1289,4,DLSS.RayReconstruction,1,1,false,1.108192000,7,7,true
1289,5,Present.Convert,1,1,false,0.397248000,7,7,true
1289,6,Present.CopyToSwapchain,1,2,true,0.042560000,7,7,true
1290,0,ASBuild.BuildTLAS,0,0,false,0.126016000,7,7,true
1290,1,LightPrepare.Upload,0,0,false,0.001856000,7,7,true
1290,2,PathTracing.Trace,0,0,false,0.653408000,7,7,true
1290,3,Ui.Overlay,0,0,false,0.012384000,7,7,true
1290,4,DLSS.RayReconstruction,1,1,false,1.490112000,7,7,true
1290,5,Present.Convert,1,1,false,0.051584000,7,7,true
1290,6,Present.CopyToSwapchain,1,2,true,0.022272000,7,7,true
1291,0,ASBuild.BuildTLAS,0,0,false,0.129280000,7,7,true
1291,1,LightPrepare.Upload,0,0,false,0.005760000,7,7,true
1291,2,PathTracing.Trace,0,0,false,0.729376000,7,7,true
1291,3,Ui.Overlay,0,0,false,0.016288000,7,7,true
1291,4,DLSS.RayReconstruction,1,1,false,1.513984000,7,7,true
1291,5,Present.Convert,1,1,false,0.225216000,7,7,true
1291,6,Present.CopyToSwapchain,1,2,true,0.021824000,7,7,true
1292,0,ASBuild.BuildTLAS,0,0,false,0.111296000,7,7,true
1292,1,LightPrepare.Upload,0,0,false,0.001888000,7,7,true
1292,2,PathTracing.Trace,0,0,false,0.671840000,7,7,true
1292,3,Ui.Overlay,0,0,false,0.021632000,7,7,true
1292,4,DLSS.RayReconstruction,1,1,false,1.480832000,7,7,true
1292,5,Present.Convert,1,1,false,0.053568000,7,7,true
1292,6,Present.CopyToSwapchain,1,2,true,0.023712000,7,7,true
1293,0,ASBuild.BuildTLAS,0,0,false,0.124864000,7,7,true
1293,1,LightPrepare.Upload,0,0,false,0.001888000,7,7,true
1293,2,PathTracing.Trace,0,0,false,0.639040000,7,7,true
1293,3,Ui.Overlay,0,0,false,0.029792000,7,7,true
1293,4,DLSS.RayReconstruction,1,1,false,1.507680000,7,7,true
1293,5,Present.Convert,1,1,false,0.049344000,7,7,true
1293,6,Present.CopyToSwapchain,1,2,true,0.025184000,7,7,true
1294,0,ASBuild.BuildTLAS,0,0,false,0.124384000,7,7,true
1294,1,LightPrepare.Upload,0,0,false,0.001888000,7,7,true
1294,2,PathTracing.Trace,0,0,false,0.657472000,7,7,true
1294,3,Ui.Overlay,0,0,false,0.019680000,7,7,true
1294,4,DLSS.RayReconstruction,1,1,false,1.470144000,7,7,true
1294,5,Present.Convert,1,1,false,0.053536000,7,7,true
1294,6,Present.CopyToSwapchain,1,2,true,0.024928000,7,7,true
1295,0,ASBuild.BuildTLAS,0,0,false,0.128672000,7,7,true
1295,1,LightPrepare.Upload,0,0,false,0.002176000,7,7,true
1295,2,PathTracing.Trace,0,0,false,0.730912000,7,7,true
1295,3,Ui.Overlay,0,0,false,0.012192000,7,7,true
1295,4,DLSS.RayReconstruction,1,1,false,1.002080000,7,7,true
1295,5,Present.Convert,1,1,false,0.050528000,7,7,true
1295,6,Present.CopyToSwapchain,1,2,true,0.025280000,7,7,true
1296,0,ASBuild.BuildTLAS,0,0,false,0.091168000,7,7,true
1296,1,LightPrepare.Upload,0,0,false,0.001536000,7,7,true
1296,2,PathTracing.Trace,0,0,false,0.579072000,7,7,true
1296,3,Ui.Overlay,0,0,false,0.012000000,7,7,true
1296,4,DLSS.RayReconstruction,1,1,false,1.007648000,7,7,true
1296,5,Present.Convert,1,1,false,0.050912000,7,7,true
1296,6,Present.CopyToSwapchain,1,2,true,0.023168000,7,7,true
1297,0,ASBuild.BuildTLAS,0,0,false,0.091008000,7,7,true
1297,1,LightPrepare.Upload,0,0,false,0.001536000,7,7,true
1297,2,PathTracing.Trace,0,0,false,0.564736000,7,7,true
1297,3,Ui.Overlay,0,0,false,0.012256000,7,7,true
1297,4,DLSS.RayReconstruction,1,1,false,0.987168000,7,7,true
1297,5,Present.Convert,1,1,false,0.045440000,7,7,true
1297,6,Present.CopyToSwapchain,1,2,true,0.023264000,7,7,true
1298,0,ASBuild.BuildTLAS,0,0,false,0.091232000,7,7,true
1298,1,LightPrepare.Upload,0,0,false,0.001440000,7,7,true
1298,2,PathTracing.Trace,0,0,false,0.570944000,7,7,true
1298,3,Ui.Overlay,0,0,false,0.012160000,7,7,true
1298,4,DLSS.RayReconstruction,1,1,false,0.997600000,7,7,true
1298,5,Present.Convert,1,1,false,0.050496000,7,7,true
1298,6,Present.CopyToSwapchain,1,2,true,0.023552000,7,7,true
1299,0,ASBuild.BuildTLAS,0,0,false,0.092928000,7,7,true
1299,1,LightPrepare.Upload,0,0,false,0.001728000,7,7,true
1299,2,PathTracing.Trace,0,0,false,0.784672000,7,7,true
1299,3,Ui.Overlay,0,0,false,0.012352000,7,7,true
1299,4,DLSS.RayReconstruction,1,1,false,0.995680000,7,7,true
1299,5,Present.Convert,1,1,false,0.045792000,7,7,true
1299,6,Present.CopyToSwapchain,1,2,true,0.024064000,7,7,true
1300,0,ASBuild.BuildTLAS,0,0,false,0.092928000,7,7,true
1300,1,LightPrepare.Upload,0,0,false,0.001568000,7,7,true
1300,2,PathTracing.Trace,0,0,false,0.567744000,7,7,true
1300,3,Ui.Overlay,0,0,false,0.012288000,7,7,true
1300,4,DLSS.RayReconstruction,1,1,false,0.986976000,7,7,true
1300,5,Present.Convert,1,1,false,0.050528000,7,7,true
1300,6,Present.CopyToSwapchain,1,2,true,0.024224000,7,7,true
1301,0,ASBuild.BuildTLAS,0,0,false,0.091616000,7,7,true
1301,1,LightPrepare.Upload,0,0,false,0.001600000,7,7,true
1301,2,PathTracing.Trace,0,0,false,0.579008000,7,7,true
1301,3,Ui.Overlay,0,0,false,0.012256000,7,7,true
1301,4,DLSS.RayReconstruction,1,1,false,0.999936000,7,7,true
1301,5,Present.Convert,1,1,false,0.050432000,7,7,true
1301,6,Present.CopyToSwapchain,1,2,true,0.023296000,7,7,true
1302,0,ASBuild.BuildTLAS,0,0,false,0.091104000,7,7,true
1302,1,LightPrepare.Upload,0,0,false,0.001536000,7,7,true
1302,2,PathTracing.Trace,0,0,false,1.021440000,7,7,true
1302,3,Ui.Overlay,0,0,false,0.012480000,7,7,true
1302,4,DLSS.RayReconstruction,1,1,false,1.001664000,7,7,true
1302,5,Present.Convert,1,1,false,0.045632000,7,7,true
1302,6,Present.CopyToSwapchain,1,2,true,0.024032000,7,7,true
1303,0,ASBuild.BuildTLAS,0,0,false,0.093664000,7,7,true
1303,1,LightPrepare.Upload,0,0,false,0.001696000,7,7,true
1303,2,PathTracing.Trace,0,0,false,0.583008000,7,7,true
1303,3,Ui.Overlay,0,0,false,0.012032000,7,7,true
1303,4,DLSS.RayReconstruction,1,1,false,0.987232000,7,7,true
1303,5,Present.Convert,1,1,false,0.050528000,7,7,true
1303,6,Present.CopyToSwapchain,1,2,true,0.023968000,7,7,true
1304,0,ASBuild.BuildTLAS,0,0,false,0.091168000,7,7,true
1304,1,LightPrepare.Upload,0,0,false,0.001536000,7,7,true
1304,2,PathTracing.Trace,0,0,false,0.603648000,7,7,true
1304,3,Ui.Overlay,0,0,false,0.012448000,7,7,true
1304,4,DLSS.RayReconstruction,1,1,false,1.477120000,7,7,true
1304,5,Present.Convert,1,1,false,0.059680000,7,7,true
1304,6,Present.CopyToSwapchain,1,2,true,0.026400000,7,7,true
1305,0,ASBuild.BuildTLAS,0,0,false,0.124352000,7,7,true
1305,1,LightPrepare.Upload,0,0,false,0.001888000,7,7,true
1305,2,PathTracing.Trace,0,0,false,0.690240000,7,7,true
1305,3,Ui.Overlay,0,0,false,0.012128000,7,7,true
1305,4,DLSS.RayReconstruction,1,1,false,0.989568000,7,7,true
1305,5,Present.Convert,1,1,false,0.051072000,7,7,true
1305,6,Present.CopyToSwapchain,1,2,true,0.024512000,7,7,true
1306,0,ASBuild.BuildTLAS,0,0,false,0.093824000,7,7,true
1306,1,LightPrepare.Upload,0,0,false,0.001632000,7,7,true
1306,2,PathTracing.Trace,0,0,false,0.590240000,7,7,true
1306,3,Ui.Overlay,0,0,false,0.012288000,7,7,true
1306,4,DLSS.RayReconstruction,1,1,false,1.001312000,7,7,true
1306,5,Present.Convert,1,1,false,0.047488000,7,7,true
1306,6,Present.CopyToSwapchain,1,2,true,0.024896000,7,7,true
1307,0,ASBuild.BuildTLAS,0,0,false,0.119776000,7,7,true
1307,1,LightPrepare.Upload,0,0,false,0.001536000,7,7,true
1307,2,PathTracing.Trace,0,0,false,0.568832000,7,7,true
1307,3,Ui.Overlay,0,0,false,0.012640000,7,7,true
1307,4,DLSS.RayReconstruction,1,1,false,1.657632000,7,7,true
1307,5,Present.Convert,1,1,false,0.047424000,7,7,true
1307,6,Present.CopyToSwapchain,1,2,true,0.023808000,7,7,true
1308,0,ASBuild.BuildTLAS,0,0,false,0.125408000,7,7,true
1308,1,LightPrepare.Upload,0,0,false,0.005984000,7,7,true
1308,2,PathTracing.Trace,0,0,false,0.688192000,7,7,true
1308,3,Ui.Overlay,0,0,false,0.030400000,7,7,true
1308,4,DLSS.RayReconstruction,1,1,false,1.505408000,7,7,true
1308,5,Present.Convert,1,1,false,0.047424000,7,7,true
1308,6,Present.CopyToSwapchain,1,2,true,0.023520000,7,7,true
1309,0,ASBuild.BuildTLAS,0,0,false,0.123424000,7,7,true
1309,1,LightPrepare.Upload,0,0,false,0.001920000,7,7,true
1309,2,PathTracing.Trace,0,0,false,0.673824000,7,7,true
1309,3,Ui.Overlay,0,0,false,0.019200000,7,7,true
1309,4,DLSS.RayReconstruction,1,1,false,1.460224000,7,7,true
1309,5,Present.Convert,1,1,false,0.063712000,7,7,true
1309,6,Present.CopyToSwapchain,1,2,true,0.022880000,7,7,true
1310,0,ASBuild.BuildTLAS,0,0,false,0.125760000,7,7,true
1310,1,LightPrepare.Upload,0,0,false,0.001888000,7,7,true
1310,2,PathTracing.Trace,0,0,false,0.710720000,7,7,true
1310,3,Ui.Overlay,0,0,false,0.012096000,7,7,true
1310,4,DLSS.RayReconstruction,1,1,false,1.496768000,7,7,true
1310,5,Present.Convert,1,1,false,0.056672000,7,7,true
1310,6,Present.CopyToSwapchain,1,2,true,0.023968000,7,7,true
1311,0,ASBuild.BuildTLAS,0,0,false,0.127488000,7,7,true
1311,1,LightPrepare.Upload,0,0,false,0.001824000,7,7,true
1311,2,PathTracing.Trace,0,0,false,0.637056000,7,7,true
1311,3,Ui.Overlay,0,0,false,0.021888000,7,7,true
1311,4,DLSS.RayReconstruction,1,1,false,1.645568000,7,7,true
1311,5,Present.Convert,1,1,false,0.050912000,7,7,true
1311,6,Present.CopyToSwapchain,1,2,true,0.025856000,7,7,true
1312,0,ASBuild.BuildTLAS,0,0,false,0.120608000,7,7,true
1312,1,LightPrepare.Upload,0,0,false,0.002208000,7,7,true
1312,2,PathTracing.Trace,0,0,false,0.694016000,7,7,true
1312,3,Ui.Overlay,0,0,false,0.029952000,7,7,true
1312,4,DLSS.RayReconstruction,1,1,false,1.488960000,7,7,true
1312,5,Present.Convert,1,1,false,0.050528000,7,7,true
1312,6,Present.CopyToSwapchain,1,2,true,0.023840000,7,7,true
1313,0,ASBuild.BuildTLAS,0,0,false,0.123168000,7,7,true
1313,1,LightPrepare.Upload,0,0,false,0.005728000,7,7,true
1313,2,PathTracing.Trace,0,0,false,0.692544000,7,7,true
1313,3,Ui.Overlay,0,0,false,0.024800000,7,7,true
1313,4,DLSS.RayReconstruction,1,1,false,1.458304000,7,7,true
1313,5,Present.Convert,1,1,false,0.065792000,7,7,true
1313,6,Present.CopyToSwapchain,1,2,true,0.028320000,7,7,true
1314,0,ASBuild.BuildTLAS,0,0,false,0.124576000,7,7,true
1314,1,LightPrepare.Upload,0,0,false,0.002400000,7,7,true
1314,2,PathTracing.Trace,0,0,false,0.689696000,7,7,true
1314,3,Ui.Overlay,0,0,false,0.011776000,7,7,true
1314,4,DLSS.RayReconstruction,1,1,false,1.491232000,7,7,true
1314,5,Present.Convert,1,1,false,0.057504000,7,7,true
1314,6,Present.CopyToSwapchain,1,2,true,0.025792000,7,7,true
1315,0,ASBuild.BuildTLAS,0,0,false,0.125792000,7,7,true
1315,1,LightPrepare.Upload,0,0,false,0.001856000,7,7,true
1315,2,PathTracing.Trace,0,0,false,0.735328000,7,7,true
1315,3,Ui.Overlay,0,0,false,0.012192000,7,7,true
1315,4,DLSS.RayReconstruction,1,1,false,1.178272000,7,7,true
1315,5,Present.Convert,1,1,false,0.050592000,7,7,true
1315,6,Present.CopyToSwapchain,1,2,true,0.023872000,7,7,true
1316,0,ASBuild.BuildTLAS,0,0,false,0.098112000,7,7,true
1316,1,LightPrepare.Upload,0,0,false,0.001760000,7,7,true
1316,2,PathTracing.Trace,0,0,false,0.588064000,7,7,true
1316,3,Ui.Overlay,0,0,false,0.012768000,7,7,true
1316,4,DLSS.RayReconstruction,1,1,false,1.016352000,7,7,true
1316,5,Present.Convert,1,1,false,0.047392000,7,7,true
1316,6,Present.CopyToSwapchain,1,2,true,0.114688000,7,7,true
1317,0,ASBuild.BuildTLAS,0,0,false,0.131712000,7,7,true
1317,1,LightPrepare.Upload,0,0,false,0.001952000,7,7,true
1317,2,PathTracing.Trace,0,0,false,0.611744000,7,7,true
1317,3,Ui.Overlay,0,0,false,0.012224000,7,7,true
1317,4,DLSS.RayReconstruction,1,1,false,1.478720000,7,7,true
1317,5,Present.Convert,1,1,false,0.050848000,7,7,true
1317,6,Present.CopyToSwapchain,1,2,true,0.023840000,7,7,true
1318,0,ASBuild.BuildTLAS,0,0,false,0.121120000,7,7,true
1318,1,LightPrepare.Upload,0,0,false,0.001856000,7,7,true
1318,2,PathTracing.Trace,0,0,false,0.735360000,7,7,true
1318,3,Ui.Overlay,0,0,false,0.021632000,7,7,true
1318,4,DLSS.RayReconstruction,1,1,false,1.720288000,7,7,true
1318,5,Present.Convert,1,1,false,0.061088000,7,7,true
1318,6,Present.CopyToSwapchain,1,2,true,0.028128000,7,7,true
1319,0,ASBuild.BuildTLAS,0,0,false,0.129984000,7,7,true
1319,1,LightPrepare.Upload,0,0,false,0.001920000,7,7,true
1319,2,PathTracing.Trace,0,0,false,0.924736000,7,7,true
1319,3,Ui.Overlay,0,0,false,0.012000000,7,7,true
1319,4,DLSS.RayReconstruction,1,1,false,1.511360000,7,7,true
1319,5,Present.Convert,1,1,false,0.050464000,7,7,true
1319,6,Present.CopyToSwapchain,1,2,true,0.025664000,7,7,true
1320,0,ASBuild.BuildTLAS,0,0,false,0.148128000,7,7,true
1320,1,LightPrepare.Upload,0,0,false,0.001888000,7,7,true
1320,2,PathTracing.Trace,0,0,false,0.680000000,7,7,true
1320,3,Ui.Overlay,0,0,false,0.030112000,7,7,true
1320,4,DLSS.RayReconstruction,1,1,false,1.505824000,7,7,true
1320,5,Present.Convert,1,1,false,0.053600000,7,7,true
1320,6,Present.CopyToSwapchain,1,2,true,0.022528000,7,7,true
1321,0,ASBuild.BuildTLAS,0,0,false,0.128160000,7,7,true
1321,1,LightPrepare.Upload,0,0,false,0.001856000,7,7,true
1321,2,PathTracing.Trace,0,0,false,0.696416000,7,7,true
1321,3,Ui.Overlay,0,0,false,0.016160000,7,7,true
1321,4,DLSS.RayReconstruction,1,1,false,1.011008000,7,7,true
1321,5,Present.Convert,1,1,false,0.050496000,7,7,true
1321,6,Present.CopyToSwapchain,1,2,true,0.024224000,7,7,true
1322,0,ASBuild.BuildTLAS,0,0,false,0.093888000,7,7,true
1322,1,LightPrepare.Upload,0,0,false,0.001696000,7,7,true
1322,2,PathTracing.Trace,0,0,false,0.593248000,7,7,true
1322,3,Ui.Overlay,0,0,false,0.012192000,7,7,true
1322,4,DLSS.RayReconstruction,1,1,false,1.164768000,7,7,true
1322,5,Present.Convert,1,1,false,0.051488000,7,7,true
1322,6,Present.CopyToSwapchain,1,2,true,0.025536000,7,7,true
1323,0,ASBuild.BuildTLAS,0,0,false,0.092768000,7,7,true
1323,1,LightPrepare.Upload,0,0,false,0.001504000,7,7,true
1323,2,PathTracing.Trace,0,0,false,0.579104000,7,7,true
1323,3,Ui.Overlay,0,0,false,0.012320000,7,7,true
1323,4,DLSS.RayReconstruction,1,1,false,1.011616000,7,7,true
1323,5,Present.Convert,1,1,false,0.047424000,7,7,true
1323,6,Present.CopyToSwapchain,1,2,true,0.024960000,7,7,true
1324,0,ASBuild.BuildTLAS,0,0,false,0.128928000,7,7,true
1324,1,LightPrepare.Upload,0,0,false,0.001536000,7,7,true
1324,2,PathTracing.Trace,0,0,false,0.583136000,7,7,true
1324,3,Ui.Overlay,0,0,false,0.012576000,7,7,true
1324,4,DLSS.RayReconstruction,1,1,false,1.967264000,7,7,true
1324,5,Present.Convert,1,1,false,0.045408000,7,7,true
1324,6,Present.CopyToSwapchain,1,2,true,0.024320000,7,7,true
1325,0,ASBuild.BuildTLAS,0,0,false,0.123520000,7,7,true
1325,1,LightPrepare.Upload,0,0,false,0.001888000,7,7,true
1325,2,PathTracing.Trace,0,0,false,0.737344000,7,7,true
1325,3,Ui.Overlay,0,0,false,0.035264000,7,7,true
1325,4,DLSS.RayReconstruction,1,1,false,1.818144000,7,7,true
1325,5,Present.Convert,1,1,false,0.050528000,7,7,true
1325,6,Present.CopyToSwapchain,1,2,true,0.026112000,7,7,true
1326,0,ASBuild.BuildTLAS,0,0,false,0.114208000,7,7,true
1326,1,LightPrepare.Upload,0,0,false,0.001952000,7,7,true
1326,2,PathTracing.Trace,0,0,false,1.028096000,7,7,true
1326,3,Ui.Overlay,0,0,false,0.021504000,7,7,true
1326,4,DLSS.RayReconstruction,1,1,false,1.491200000,7,7,true
1326,5,Present.Convert,1,1,false,0.045408000,7,7,true
1326,6,Present.CopyToSwapchain,1,2,true,0.023904000,7,7,true
1327,0,ASBuild.BuildTLAS,0,0,false,0.165952000,7,7,true
1327,1,LightPrepare.Upload,0,0,false,0.001888000,7,7,true
1327,2,PathTracing.Trace,0,0,false,0.747584000,7,7,true
1327,3,Ui.Overlay,0,0,false,0.029056000,7,7,true
1327,4,DLSS.RayReconstruction,1,1,false,1.484960000,7,7,true
1327,5,Present.Convert,1,1,false,0.050560000,7,7,true
1327,6,Present.CopyToSwapchain,1,2,true,0.023520000,7,7,true
1328,0,ASBuild.BuildTLAS,0,0,false,0.108224000,7,7,true
1328,1,LightPrepare.Upload,0,0,false,0.002336000,7,7,true
1328,2,PathTracing.Trace,0,0,false,0.679584000,7,7,true
1328,3,Ui.Overlay,0,0,false,0.017792000,7,7,true
1328,4,DLSS.RayReconstruction,1,1,false,1.441984000,7,7,true
1328,5,Present.Convert,1,1,false,0.045312000,7,7,true
1328,6,Present.CopyToSwapchain,1,2,true,0.023712000,7,7,true
1329,0,ASBuild.BuildTLAS,0,0,false,0.138048000,7,7,true
1329,1,LightPrepare.Upload,0,0,false,0.002304000,7,7,true
1329,2,PathTracing.Trace,0,0,false,0.685728000,7,7,true
1329,3,Ui.Overlay,0,0,false,0.026560000,7,7,true
1329,4,DLSS.RayReconstruction,1,1,false,1.656960000,7,7,true
1329,5,Present.Convert,1,1,false,0.052416000,7,7,true
1329,6,Present.CopyToSwapchain,1,2,true,0.024192000,7,7,true
1330,0,ASBuild.BuildTLAS,0,0,false,0.275168000,7,7,true
1330,1,LightPrepare.Upload,0,0,false,0.005952000,7,7,true
1330,2,PathTracing.Trace,0,0,false,0.751744000,7,7,true
1330,3,Ui.Overlay,0,0,false,0.020160000,7,7,true
1330,4,DLSS.RayReconstruction,1,1,false,1.488672000,7,7,true
1330,5,Present.Convert,1,1,false,0.045504000,7,7,true
1330,6,Present.CopyToSwapchain,1,2,true,0.022368000,7,7,true
1331,0,ASBuild.BuildTLAS,0,0,false,0.124704000,7,7,true
1331,1,LightPrepare.Upload,0,0,false,0.001984000,7,7,true
1331,2,PathTracing.Trace,0,0,false,0.645088000,7,7,true
1331,3,Ui.Overlay,0,0,false,0.020960000,7,7,true
1331,4,DLSS.RayReconstruction,1,1,false,1.468864000,7,7,true
1331,5,Present.Convert,1,1,false,0.057632000,7,7,true
1331,6,Present.CopyToSwapchain,1,2,true,0.032480000,7,7,true
1332,0,ASBuild.BuildTLAS,0,0,false,0.127648000,7,7,true
1332,1,LightPrepare.Upload,0,0,false,0.001888000,7,7,true
1332,2,PathTracing.Trace,0,0,false,0.663616000,7,7,true
1332,3,Ui.Overlay,0,0,false,0.015648000,7,7,true
1332,4,DLSS.RayReconstruction,1,1,false,1.003456000,7,7,true
1332,5,Present.Convert,1,1,false,0.052672000,7,7,true
1332,6,Present.CopyToSwapchain,1,2,true,0.023392000,7,7,true
1333,0,ASBuild.BuildTLAS,0,0,false,0.092800000,7,7,true
1333,1,LightPrepare.Upload,0,0,false,0.001568000,7,7,true
1333,2,PathTracing.Trace,0,0,false,0.563680000,7,7,true
1333,3,Ui.Overlay,0,0,false,0.012064000,7,7,true
1333,4,DLSS.RayReconstruction,1,1,false,1.162560000,7,7,true
1333,5,Present.Convert,1,1,false,0.050528000,7,7,true
1333,6,Present.CopyToSwapchain,1,2,true,0.023584000,7,7,true
1334,0,ASBuild.BuildTLAS,0,0,false,0.091648000,7,7,true
1334,1,LightPrepare.Upload,0,0,false,0.001504000,7,7,true
1334,2,PathTracing.Trace,0,0,false,0.601632000,7,7,true
1334,3,Ui.Overlay,0,0,false,0.012160000,7,7,true
1334,4,DLSS.RayReconstruction,1,1,false,1.001600000,7,7,true
1334,5,Present.Convert,1,1,false,0.045408000,7,7,true
1334,6,Present.CopyToSwapchain,1,2,true,0.026592000,7,7,true
1335,0,ASBuild.BuildTLAS,0,0,false,0.092768000,7,7,true
1335,1,LightPrepare.Upload,0,0,false,0.001568000,7,7,true
1335,2,PathTracing.Trace,0,0,false,0.603616000,7,7,true
1335,3,Ui.Overlay,0,0,false,0.012128000,7,7,true
1335,4,DLSS.RayReconstruction,1,1,false,0.991200000,7,7,true
1335,5,Present.Convert,1,1,false,0.047456000,7,7,true
1335,6,Present.CopyToSwapchain,1,2,true,0.024096000,7,7,true
1336,0,ASBuild.BuildTLAS,0,0,false,0.094016000,7,7,true
1336,1,LightPrepare.Upload,0,0,false,0.001568000,7,7,true
1336,2,PathTracing.Trace,0,0,false,0.605664000,7,7,true
1336,3,Ui.Overlay,0,0,false,0.012320000,7,7,true
1336,4,DLSS.RayReconstruction,1,1,false,1.151328000,7,7,true
1336,5,Present.Convert,1,1,false,0.045440000,7,7,true
1336,6,Present.CopyToSwapchain,1,2,true,0.023744000,7,7,true
1337,0,ASBuild.BuildTLAS,0,0,false,0.091808000,7,7,true
1337,1,LightPrepare.Upload,0,0,false,0.002176000,7,7,true
1337,2,PathTracing.Trace,0,0,false,0.584576000,7,7,true
1337,3,Ui.Overlay,0,0,false,0.012096000,7,7,true
1337,4,DLSS.RayReconstruction,1,1,false,0.997184000,7,7,true
1337,5,Present.Convert,1,1,false,0.045440000,7,7,true
1337,6,Present.CopyToSwapchain,1,2,true,0.023872000,7,7,true
1338,0,ASBuild.BuildTLAS,0,0,false,0.090656000,7,7,true
1338,1,LightPrepare.Upload,0,0,false,0.001760000,7,7,true
1338,2,PathTracing.Trace,0,0,false,0.597216000,7,7,true
1338,3,Ui.Overlay,0,0,false,0.011808000,7,7,true
1338,4,DLSS.RayReconstruction,1,1,false,0.991712000,7,7,true
1338,5,Present.Convert,1,1,false,0.055584000,7,7,true
1338,6,Present.CopyToSwapchain,1,2,true,0.023488000,7,7,true
1339,0,ASBuild.BuildTLAS,0,0,false,0.093792000,7,7,true
1339,1,LightPrepare.Upload,0,0,false,0.001792000,7,7,true
1339,2,PathTracing.Trace,0,0,false,0.584960000,7,7,true
1339,3,Ui.Overlay,0,0,false,0.012256000,7,7,true
1339,4,DLSS.RayReconstruction,1,1,false,1.002048000,7,7,true
1339,5,Present.Convert,1,1,false,0.050496000,7,7,true
1339,6,Present.CopyToSwapchain,1,2,true,0.023360000,7,7,true
1340,0,ASBuild.BuildTLAS,0,0,false,0.100480000,7,7,true
1340,1,LightPrepare.Upload,0,0,false,0.001472000,7,7,true
1340,2,PathTracing.Trace,0,0,false,0.602688000,7,7,true
1340,3,Ui.Overlay,0,0,false,0.012224000,7,7,true
1340,4,DLSS.RayReconstruction,1,1,false,1.488736000,7,7,true
1340,5,Present.Convert,1,1,false,0.058624000,7,7,true
1340,6,Present.CopyToSwapchain,1,2,true,0.023328000,7,7,true
1341,0,ASBuild.BuildTLAS,0,0,false,0.123424000,7,7,true
1341,1,LightPrepare.Upload,0,0,false,0.001888000,7,7,true
1341,2,PathTracing.Trace,0,0,false,0.657472000,7,7,true
1341,3,Ui.Overlay,0,0,false,0.018336000,7,7,true
1341,4,DLSS.RayReconstruction,1,1,false,1.140032000,7,7,true
1341,5,Present.Convert,1,1,false,0.053280000,7,7,true
1341,6,Present.CopyToSwapchain,1,2,true,0.024192000,7,7,true
1342,0,ASBuild.BuildTLAS,0,0,false,0.090688000,7,7,true
1342,1,LightPrepare.Upload,0,0,false,0.001568000,7,7,true
1342,2,PathTracing.Trace,0,0,false,0.574944000,7,7,true
1342,3,Ui.Overlay,0,0,false,0.012512000,7,7,true
1342,4,DLSS.RayReconstruction,1,1,false,1.504000000,7,7,true
1342,5,Present.Convert,1,1,false,0.046112000,7,7,true
1342,6,Present.CopyToSwapchain,1,2,true,0.023872000,7,7,true
1343,0,ASBuild.BuildTLAS,0,0,false,0.120704000,7,7,true
1343,1,LightPrepare.Upload,0,0,false,0.001920000,7,7,true
1343,2,PathTracing.Trace,0,0,false,0.667712000,7,7,true
1343,3,Ui.Overlay,0,0,false,0.026560000,7,7,true
1343,4,DLSS.RayReconstruction,1,1,false,0.979456000,7,7,true
1343,5,Present.Convert,1,1,false,0.050496000,7,7,true
1343,6,Present.CopyToSwapchain,1,2,true,0.025408000,7,7,true
1344,0,ASBuild.BuildTLAS,0,0,false,0.092768000,7,7,true
1344,1,LightPrepare.Upload,0,0,false,0.001600000,7,7,true
1344,2,PathTracing.Trace,0,0,false,0.574912000,7,7,true
1344,3,Ui.Overlay,0,0,false,0.012160000,7,7,true
1344,4,DLSS.RayReconstruction,1,1,false,1.012096000,7,7,true
1344,5,Present.Convert,1,1,false,0.149408000,7,7,true
1344,6,Present.CopyToSwapchain,1,2,true,0.385760000,7,7,true
1345,0,ASBuild.BuildTLAS,0,0,false,0.121408000,7,7,true
1345,1,LightPrepare.Upload,0,0,false,0.009856000,7,7,true
1345,2,PathTracing.Trace,0,0,false,0.602432000,7,7,true
1345,3,Ui.Overlay,0,0,false,0.012448000,7,7,true
1345,4,DLSS.RayReconstruction,1,1,false,0.983328000,7,7,true
1345,5,Present.Convert,1,1,false,0.049504000,7,7,true
1345,6,Present.CopyToSwapchain,1,2,true,0.024224000,7,7,true
1346,0,ASBuild.BuildTLAS,0,0,false,0.092832000,7,7,true
1346,1,LightPrepare.Upload,0,0,false,0.001792000,7,7,true
1346,2,PathTracing.Trace,0,0,false,0.594144000,7,7,true
1346,3,Ui.Overlay,0,0,false,0.012576000,7,7,true
1346,4,DLSS.RayReconstruction,1,1,false,1.003360000,7,7,true
1346,5,Present.Convert,1,1,false,0.048672000,7,7,true
1346,6,Present.CopyToSwapchain,1,2,true,0.023904000,7,7,true
1347,0,ASBuild.BuildTLAS,0,0,false,0.093536000,7,7,true
1347,1,LightPrepare.Upload,0,0,false,0.001568000,7,7,true
1347,2,PathTracing.Trace,0,0,false,0.575968000,7,7,true
1347,3,Ui.Overlay,0,0,false,0.012512000,7,7,true
1347,4,DLSS.RayReconstruction,1,1,false,0.999328000,7,7,true
1347,5,Present.Convert,1,1,false,0.051488000,7,7,true
1347,6,Present.CopyToSwapchain,1,2,true,0.022080000,7,7,true
1348,0,ASBuild.BuildTLAS,0,0,false,0.114208000,7,7,true
1348,1,LightPrepare.Upload,0,0,false,0.001536000,7,7,true
1348,2,PathTracing.Trace,0,0,false,0.594432000,7,7,true
1348,3,Ui.Overlay,0,0,false,0.012576000,7,7,true
1348,4,DLSS.RayReconstruction,1,1,false,1.170912000,7,7,true
1348,5,Present.Convert,1,1,false,0.048480000,7,7,true
1348,6,Present.CopyToSwapchain,1,2,true,0.023872000,7,7,true
1349,0,ASBuild.BuildTLAS,0,0,false,0.093120000,7,7,true
1349,1,LightPrepare.Upload,0,0,false,0.001472000,7,7,true
1349,2,PathTracing.Trace,0,0,false,0.597536000,7,7,true
1349,3,Ui.Overlay,0,0,false,0.012192000,7,7,true
1349,4,DLSS.RayReconstruction,1,1,false,0.999456000,7,7,true
1349,5,Present.Convert,1,1,false,0.053664000,7,7,true
1349,6,Present.CopyToSwapchain,1,2,true,0.023552000,7,7,true
1350,0,ASBuild.BuildTLAS,0,0,false,0.091072000,7,7,true
1350,1,LightPrepare.Upload,0,0,false,0.001536000,7,7,true
1350,2,PathTracing.Trace,0,0,false,0.579072000,7,7,true
1350,3,Ui.Overlay,0,0,false,0.012128000,7,7,true
1350,4,DLSS.RayReconstruction,1,1,false,0.984736000,7,7,true
1350,5,Present.Convert,1,1,false,0.051488000,7,7,true
1350,6,Present.CopyToSwapchain,1,2,true,0.023744000,7,7,true
1351,0,ASBuild.BuildTLAS,0,0,false,0.092672000,7,7,true
1351,1,LightPrepare.Upload,0,0,false,0.001568000,7,7,true
1351,2,PathTracing.Trace,0,0,false,0.564704000,7,7,true
1351,3,Ui.Overlay,0,0,false,0.012352000,7,7,true
1351,4,DLSS.RayReconstruction,1,1,false,1.002112000,7,7,true
1351,5,Present.Convert,1,1,false,0.050496000,7,7,true
1351,6,Present.CopyToSwapchain,1,2,true,0.023968000,7,7,true
1352,0,ASBuild.BuildTLAS,0,0,false,0.264096000,7,7,true
1352,1,LightPrepare.Upload,0,0,false,0.001472000,7,7,true
1352,2,PathTracing.Trace,0,0,false,0.582208000,7,7,true
1352,3,Ui.Overlay,0,0,false,0.011840000,7,7,true
1352,4,DLSS.RayReconstruction,1,1,false,0.999744000,7,7,true
1352,5,Present.Convert,1,1,false,0.051424000,7,7,true
1352,6,Present.CopyToSwapchain,1,2,true,0.023712000,7,7,true
1353,0,ASBuild.BuildTLAS,0,0,false,0.091072000,7,7,true
1353,1,LightPrepare.Upload,0,0,false,0.001824000,7,7,true
1353,2,PathTracing.Trace,0,0,false,0.590048000,7,7,true
1353,3,Ui.Overlay,0,0,false,0.012480000,7,7,true
1353,4,DLSS.RayReconstruction,1,1,false,0.981280000,7,7,true
1353,5,Present.Convert,1,1,false,0.045152000,7,7,true
1353,6,Present.CopyToSwapchain,1,2,true,0.023104000,7,7,true
1354,0,ASBuild.BuildTLAS,0,0,false,0.091552000,7,7,true
1354,1,LightPrepare.Upload,0,0,false,0.001536000,7,7,true
1354,2,PathTracing.Trace,0,0,false,0.570880000,7,7,true
1354,3,Ui.Overlay,0,0,false,0.011968000,7,7,true
1354,4,DLSS.RayReconstruction,1,1,false,1.503744000,7,7,true
1354,5,Present.Convert,1,1,false,0.050272000,7,7,true
1354,6,Present.CopyToSwapchain,1,2,true,0.023648000,7,7,true
1355,0,ASBuild.BuildTLAS,0,0,false,0.107488000,7,7,true
1355,1,LightPrepare.Upload,0,0,false,0.001856000,7,7,true
1355,2,PathTracing.Trace,0,0,false,0.682112000,7,7,true
1355,3,Ui.Overlay,0,0,false,0.019552000,7,7,true
1355,4,DLSS.RayReconstruction,1,1,false,1.652704000,7,7,true
1355,5,Present.Convert,1,1,false,0.051456000,7,7,true
1355,6,Present.CopyToSwapchain,1,2,true,0.026048000,7,7,true
1356,0,ASBuild.BuildTLAS,0,0,false,0.117152000,7,7,true
1356,1,LightPrepare.Upload,0,0,false,0.001984000,7,7,true
1356,2,PathTracing.Trace,0,0,false,0.731104000,7,7,true
1356,3,Ui.Overlay,0,0,false,0.015200000,7,7,true
1356,4,DLSS.RayReconstruction,1,1,false,0.999360000,7,7,true
1356,5,Present.Convert,1,1,false,0.050592000,7,7,true
1356,6,Present.CopyToSwapchain,1,2,true,0.023424000,7,7,true
1357,0,ASBuild.BuildTLAS,0,0,false,0.091616000,7,7,true
1357,1,LightPrepare.Upload,0,0,false,0.001696000,7,7,true
1357,2,PathTracing.Trace,0,0,false,0.557408000,7,7,true
1357,3,Ui.Overlay,0,0,false,0.012064000,7,7,true
1357,4,DLSS.RayReconstruction,1,1,false,0.984672000,7,7,true
1357,5,Present.Convert,1,1,false,0.050496000,7,7,true
1357,6,Present.CopyToSwapchain,1,2,true,0.025504000,7,7,true
1358,0,ASBuild.BuildTLAS,0,0,false,0.091936000,7,7,true
1358,1,LightPrepare.Upload,0,0,false,0.002688000,7,7,true
1358,2,PathTracing.Trace,0,0,false,0.588160000,7,7,true
1358,3,Ui.Overlay,0,0,false,0.012192000,7,7,true
1358,4,DLSS.RayReconstruction,1,1,false,0.997280000,7,7,true
1358,5,Present.Convert,1,1,false,0.050560000,7,7,true
1358,6,Present.CopyToSwapchain,1,2,true,0.023744000,7,7,true
1359,0,ASBuild.BuildTLAS,0,0,false,0.091520000,7,7,true
1359,1,LightPrepare.Upload,0,0,false,0.001504000,7,7,true
1359,2,PathTracing.Trace,0,0,false,0.772640000,7,7,true
1359,3,Ui.Overlay,0,0,false,0.012000000,7,7,true
1359,4,DLSS.RayReconstruction,1,1,false,1.003328000,7,7,true
1359,5,Present.Convert,1,1,false,0.045760000,7,7,true
1359,6,Present.CopyToSwapchain,1,2,true,0.023136000,7,7,true
1360,0,ASBuild.BuildTLAS,0,0,false,0.092128000,7,7,true
1360,1,LightPrepare.Upload,0,0,false,0.001536000,7,7,true
1360,2,PathTracing.Trace,0,0,false,0.581088000,7,7,true
1360,3,Ui.Overlay,0,0,false,0.012192000,7,7,true
1360,4,DLSS.RayReconstruction,1,1,false,0.979104000,7,7,true
1360,5,Present.Convert,1,1,false,0.047424000,7,7,true
1360,6,Present.CopyToSwapchain,1,2,true,0.023616000,7,7,true
1361,0,ASBuild.BuildTLAS,0,0,false,0.091776000,7,7,true
1361,1,LightPrepare.Upload,0,0,false,0.001536000,7,7,true
1361,2,PathTracing.Trace,0,0,false,0.607744000,7,7,true
1361,3,Ui.Overlay,0,0,false,0.012320000,7,7,true
1361,4,DLSS.RayReconstruction,1,1,false,1.507008000,7,7,true
1361,5,Present.Convert,1,1,false,0.050560000,7,7,true
1361,6,Present.CopyToSwapchain,1,2,true,0.023552000,7,7,true
1362,0,ASBuild.BuildTLAS,0,0,false,0.116896000,7,7,true
1362,1,LightPrepare.Upload,0,0,false,0.005824000,7,7,true
1362,2,PathTracing.Trace,0,0,false,0.669952000,7,7,true
1362,3,Ui.Overlay,0,0,false,0.031904000,7,7,true
1362,4,DLSS.RayReconstruction,1,1,false,1.645440000,7,7,true
1362,5,Present.Convert,1,1,false,0.050368000,7,7,true
1362,6,Present.CopyToSwapchain,1,2,true,0.024288000,7,7,true
1363,0,ASBuild.BuildTLAS,0,0,false,0.113536000,7,7,true
1363,1,LightPrepare.Upload,0,0,false,0.002176000,7,7,true
1363,2,PathTracing.Trace,0,0,false,0.655168000,7,7,true
1363,3,Ui.Overlay,0,0,false,0.020224000,7,7,true
1363,4,DLSS.RayReconstruction,1,1,false,1.490720000,7,7,true
1363,5,Present.Convert,1,1,false,0.053504000,7,7,true
1363,6,Present.CopyToSwapchain,1,2,true,0.031168000,7,7,true
1364,0,ASBuild.BuildTLAS,0,0,false,0.127296000,7,7,true
1364,1,LightPrepare.Upload,0,0,false,0.006016000,7,7,true
1364,2,PathTracing.Trace,0,0,false,0.680192000,7,7,true
1364,3,Ui.Overlay,0,0,false,0.017728000,7,7,true
1364,4,DLSS.RayReconstruction,1,1,false,0.979744000,7,7,true
1364,5,Present.Convert,1,1,false,0.051584000,7,7,true
1364,6,Present.CopyToSwapchain,1,2,true,0.025472000,7,7,true
1365,0,ASBuild.BuildTLAS,0,0,false,0.093472000,7,7,true
1365,1,LightPrepare.Upload,0,0,false,0.001536000,7,7,true
1365,2,PathTracing.Trace,0,0,false,0.589280000,7,7,true
1365,3,Ui.Overlay,0,0,false,0.012320000,7,7,true
1365,4,DLSS.RayReconstruction,1,1,false,1.001376000,7,7,true
1365,5,Present.Convert,1,1,false,0.052928000,7,7,true
1365,6,Present.CopyToSwapchain,1,2,true,0.023488000,7,7,true
1366,0,ASBuild.BuildTLAS,0,0,false,0.091232000,7,7,true
1366,1,LightPrepare.Upload,0,0,false,0.001696000,7,7,true
1366,2,PathTracing.Trace,0,0,false,0.552288000,7,7,true
1366,3,Ui.Overlay,0,0,false,0.012128000,7,7,true
1366,4,DLSS.RayReconstruction,1,1,false,1.513376000,7,7,true
1366,5,Present.Convert,1,1,false,0.045376000,7,7,true
1366,6,Present.CopyToSwapchain,1,2,true,0.024256000,7,7,true
1367,0,ASBuild.BuildTLAS,0,0,false,0.114560000,7,7,true
1367,1,LightPrepare.Upload,0,0,false,0.002112000,7,7,true
1367,2,PathTracing.Trace,0,0,false,0.737152000,7,7,true
1367,3,Ui.Overlay,0,0,false,0.020192000,7,7,true
1367,4,DLSS.RayReconstruction,1,1,false,1.698336000,7,7,true
1367,5,Present.Convert,1,1,false,0.048736000,7,7,true
1367,6,Present.CopyToSwapchain,1,2,true,0.026336000,7,7,true
1368,0,ASBuild.BuildTLAS,0,0,false,0.125056000,7,7,true
1368,1,LightPrepare.Upload,0,0,false,0.001856000,7,7,true
1368,2,PathTracing.Trace,0,0,false,0.855104000,7,7,true
1368,3,Ui.Overlay,0,0,false,0.029952000,7,7,true
1368,4,DLSS.RayReconstruction,1,1,false,1.491168000,7,7,true
1368,5,Present.Convert,1,1,false,0.050528000,7,7,true
1368,6,Present.CopyToSwapchain,1,2,true,0.023520000,7,7,true
1369,0,ASBuild.BuildTLAS,0,0,false,0.123104000,7,7,true
1369,1,LightPrepare.Upload,0,0,false,0.001664000,7,7,true
1369,2,PathTracing.Trace,0,0,false,0.645408000,7,7,true
1369,3,Ui.Overlay,0,0,false,0.029152000,7,7,true
1369,4,DLSS.RayReconstruction,1,1,false,0.985888000,7,7,true
1369,5,Present.Convert,1,1,false,0.050592000,7,7,true
1369,6,Present.CopyToSwapchain,1,2,true,0.025792000,7,7,true
1370,0,ASBuild.BuildTLAS,0,0,false,0.092192000,7,7,true
1370,1,LightPrepare.Upload,0,0,false,0.001536000,7,7,true
1370,2,PathTracing.Trace,0,0,false,0.581120000,7,7,true
1370,3,Ui.Overlay,0,0,false,0.012288000,7,7,true
1370,4,DLSS.RayReconstruction,1,1,false,1.001312000,7,7,true
1370,5,Present.Convert,1,1,false,0.049440000,7,7,true
1370,6,Present.CopyToSwapchain,1,2,true,0.023968000,7,7,true
1371,0,ASBuild.BuildTLAS,0,0,false,0.125344000,7,7,true
1371,1,LightPrepare.Upload,0,0,false,0.001600000,7,7,true
1371,2,PathTracing.Trace,0,0,false,0.569760000,7,7,true
1371,3,Ui.Overlay,0,0,false,0.012544000,7,7,true
1371,4,DLSS.RayReconstruction,1,1,false,0.984896000,7,7,true
1371,5,Present.Convert,1,1,false,0.045664000,7,7,true
1371,6,Present.CopyToSwapchain,1,2,true,0.026336000,7,7,true
1372,0,ASBuild.BuildTLAS,0,0,false,0.091264000,7,7,true
1372,1,LightPrepare.Upload,0,0,false,0.001664000,7,7,true
1372,2,PathTracing.Trace,0,0,false,0.580992000,7,7,true
1372,3,Ui.Overlay,0,0,false,0.012256000,7,7,true
1372,4,DLSS.RayReconstruction,1,1,false,1.000192000,7,7,true
1372,5,Present.Convert,1,1,false,0.045376000,7,7,true
1372,6,Present.CopyToSwapchain,1,2,true,0.023232000,7,7,true
1373,0,ASBuild.BuildTLAS,0,0,false,0.091616000,7,7,true
1373,1,LightPrepare.Upload,0,0,false,0.001568000,7,7,true
1373,2,PathTracing.Trace,0,0,false,0.813568000,7,7,true
1373,3,Ui.Overlay,0,0,false,0.011968000,7,7,true
1373,4,DLSS.RayReconstruction,1,1,false,1.484512000,7,7,true
1373,5,Present.Convert,1,1,false,0.061600000,7,7,true
1373,6,Present.CopyToSwapchain,1,2,true,0.026560000,7,7,true
1374,0,ASBuild.BuildTLAS,0,0,false,0.125664000,7,7,true
1374,1,LightPrepare.Upload,0,0,false,0.001856000,7,7,true
1374,2,PathTracing.Trace,0,0,false,0.708640000,7,7,true
1374,3,Ui.Overlay,0,0,false,0.012000000,7,7,true
1374,4,DLSS.RayReconstruction,1,1,false,1.484928000,7,7,true
1374,5,Present.Convert,1,1,false,0.050464000,7,7,true
1374,6,Present.CopyToSwapchain,1,2,true,0.024736000,7,7,true
1375,0,ASBuild.BuildTLAS,0,0,false,0.165792000,7,7,true
1375,1,LightPrepare.Upload,0,0,false,0.001824000,7,7,true
1375,2,PathTracing.Trace,0,0,false,0.759936000,7,7,true
1375,3,Ui.Overlay,0,0,false,0.018848000,7,7,true
1375,4,DLSS.RayReconstruction,1,1,false,1.484128000,7,7,true
1375,5,Present.Convert,1,1,false,0.053600000,7,7,true
1375,6,Present.CopyToSwapchain,1,2,true,0.025632000,7,7,true
1376,0,ASBuild.BuildTLAS,0,0,false,0.154976000,7,7,true
1376,1,LightPrepare.Upload,0,0,false,0.001888000,7,7,true
1376,2,PathTracing.Trace,0,0,false,0.739424000,7,7,true
1376,3,Ui.Overlay,0,0,false,0.031584000,7,7,true
1376,4,DLSS.RayReconstruction,1,1,false,1.706080000,7,7,true
1376,5,Present.Convert,1,1,false,0.050656000,7,7,true
1376,6,Present.CopyToSwapchain,1,2,true,0.028352000,7,7,true
1377,0,ASBuild.BuildTLAS,0,0,false,0.123424000,7,7,true
1377,1,LightPrepare.Upload,0,0,false,0.004000000,7,7,true
1377,2,PathTracing.Trace,0,0,false,0.876544000,7,7,true
1377,3,Ui.Overlay,0,0,false,0.031872000,7,7,true
1377,4,DLSS.RayReconstruction,1,1,false,1.013376000,7,7,true
1377,5,Present.Convert,1,1,false,0.477088000,7,7,true
1377,6,Present.CopyToSwapchain,1,2,true,0.056224000,7,7,true
1378,0,ASBuild.BuildTLAS,0,0,false,0.121856000,7,7,true
1378,1,LightPrepare.Upload,0,0,false,0.001888000,7,7,true
1378,2,PathTracing.Trace,0,0,false,0.630848000,7,7,true
1378,3,Ui.Overlay,0,0,false,0.012288000,7,7,true
1378,4,DLSS.RayReconstruction,1,1,false,0.988864000,7,7,true
1378,5,Present.Convert,1,1,false,0.050464000,7,7,true
1378,6,Present.CopyToSwapchain,1,2,true,0.024192000,7,7,true
1379,0,ASBuild.BuildTLAS,0,0,false,0.093504000,7,7,true
1379,1,LightPrepare.Upload,0,0,false,0.001536000,7,7,true
1379,2,PathTracing.Trace,0,0,false,0.597504000,7,7,true
1379,3,Ui.Overlay,0,0,false,0.012416000,7,7,true
1379,4,DLSS.RayReconstruction,1,1,false,1.001568000,7,7,true
1379,5,Present.Convert,1,1,false,0.047424000,7,7,true
1379,6,Present.CopyToSwapchain,1,2,true,0.023520000,7,7,true
1380,0,ASBuild.BuildTLAS,0,0,false,0.091552000,7,7,true
1380,1,LightPrepare.Upload,0,0,false,0.001568000,7,7,true
1380,2,PathTracing.Trace,0,0,false,0.584128000,7,7,true
1380,3,Ui.Overlay,0,0,false,0.012384000,7,7,true
1380,4,DLSS.RayReconstruction,1,1,false,0.980704000,7,7,true
1380,5,Present.Convert,1,1,false,0.050592000,7,7,true
1380,6,Present.CopyToSwapchain,1,2,true,0.024064000,7,7,true
1381,0,ASBuild.BuildTLAS,0,0,false,0.091232000,7,7,true
1381,1,LightPrepare.Upload,0,0,false,0.001568000,7,7,true
1381,2,PathTracing.Trace,0,0,false,0.566720000,7,7,true
1381,3,Ui.Overlay,0,0,false,0.012320000,7,7,true
1381,4,DLSS.RayReconstruction,1,1,false,1.003520000,7,7,true
1381,5,Present.Convert,1,1,false,0.046400000,7,7,true
1381,6,Present.CopyToSwapchain,1,2,true,0.023744000,7,7,true
1382,0,ASBuild.BuildTLAS,0,0,false,0.093952000,7,7,true
1382,1,LightPrepare.Upload,0,0,false,0.001568000,7,7,true
1382,2,PathTracing.Trace,0,0,false,0.566720000,7,7,true
1382,3,Ui.Overlay,0,0,false,0.017632000,7,7,true
1382,4,DLSS.RayReconstruction,1,1,false,0.997632000,7,7,true
1382,5,Present.Convert,1,1,false,0.047456000,7,7,true
1382,6,Present.CopyToSwapchain,1,2,true,0.025248000,7,7,true
1383,0,ASBuild.BuildTLAS,0,0,false,0.092704000,7,7,true
1383,1,LightPrepare.Upload,0,0,false,0.001568000,7,7,true
1383,2,PathTracing.Trace,0,0,false,0.587232000,7,7,true
1383,3,Ui.Overlay,0,0,false,0.012096000,7,7,true
1383,4,DLSS.RayReconstruction,1,1,false,1.151040000,7,7,true
1383,5,Present.Convert,1,1,false,0.050720000,7,7,true
1383,6,Present.CopyToSwapchain,1,2,true,0.023776000,7,7,true
1384,0,ASBuild.BuildTLAS,0,0,false,0.091136000,7,7,true
1384,1,LightPrepare.Upload,0,0,false,0.001536000,7,7,true
1384,2,PathTracing.Trace,0,0,false,0.569856000,7,7,true
1384,3,Ui.Overlay,0,0,false,0.012352000,7,7,true
1384,4,DLSS.RayReconstruction,1,1,false,0.999264000,7,7,true
1384,5,Present.Convert,1,1,false,0.050400000,7,7,true
1384,6,Present.CopyToSwapchain,1,2,true,0.025504000,7,7,true
1385,0,ASBuild.BuildTLAS,0,0,false,0.091328000,7,7,true
1385,1,LightPrepare.Upload,0,0,false,0.001536000,7,7,true
1385,2,PathTracing.Trace,0,0,false,0.595456000,7,7,true
1385,3,Ui.Overlay,0,0,false,0.011872000,7,7,true
1385,4,DLSS.RayReconstruction,1,1,false,0.998848000,7,7,true
1385,5,Present.Convert,1,1,false,0.053600000,7,7,true
1385,6,Present.CopyToSwapchain,1,2,true,0.025696000,7,7,true
1386,0,ASBuild.BuildTLAS,0,0,false,0.093600000,7,7,true
1386,1,LightPrepare.Upload,0,0,false,0.001664000,7,7,true
1386,2,PathTracing.Trace,0,0,false,0.590176000,7,7,true
1386,3,Ui.Overlay,0,0,false,0.012352000,7,7,true
1386,4,DLSS.RayReconstruction,1,1,false,1.149440000,7,7,true
1386,5,Present.Convert,1,1,false,0.052512000,7,7,true
1386,6,Present.CopyToSwapchain,1,2,true,0.025920000,7,7,true
1387,0,ASBuild.BuildTLAS,0,0,false,0.093504000,7,7,true
1387,1,LightPrepare.Upload,0,0,false,0.001504000,7,7,true
1387,2,PathTracing.Trace,0,0,false,0.575008000,7,7,true
1387,3,Ui.Overlay,0,0,false,0.012000000,7,7,true
1387,4,DLSS.RayReconstruction,1,1,false,0.997248000,7,7,true
1387,5,Present.Convert,1,1,false,0.050528000,7,7,true
1387,6,Present.CopyToSwapchain,1,2,true,0.022368000,7,7,true
1388,0,ASBuild.BuildTLAS,0,0,false,0.091328000,7,7,true
1388,1,LightPrepare.Upload,0,0,false,0.001760000,7,7,true
1388,2,PathTracing.Trace,0,0,false,0.578816000,7,7,true
1388,3,Ui.Overlay,0,0,false,0.011968000,7,7,true
1388,4,DLSS.RayReconstruction,1,1,false,0.977408000,7,7,true
1388,5,Present.Convert,1,1,false,0.050464000,7,7,true
1388,6,Present.CopyToSwapchain,1,2,true,0.025536000,7,7,true
1389,0,ASBuild.BuildTLAS,0,0,false,0.091232000,7,7,true
1389,1,LightPrepare.Upload,0,0,false,0.001568000,7,7,true
1389,2,PathTracing.Trace,0,0,false,0.586208000,7,7,true
1389,3,Ui.Overlay,0,0,false,0.012512000,7,7,true
1389,4,DLSS.RayReconstruction,1,1,false,0.999424000,7,7,true
1389,5,Present.Convert,1,1,false,0.050944000,7,7,true
1389,6,Present.CopyToSwapchain,1,2,true,0.025248000,7,7,true
1390,0,ASBuild.BuildTLAS,0,0,false,0.092960000,7,7,true
1390,1,LightPrepare.Upload,0,0,false,0.001472000,7,7,true
1390,2,PathTracing.Trace,0,0,false,0.566816000,7,7,true
1390,3,Ui.Overlay,0,0,false,0.012384000,7,7,true
1390,4,DLSS.RayReconstruction,1,1,false,0.996032000,7,7,true
1390,5,Present.Convert,1,1,false,0.050528000,7,7,true
1390,6,Present.CopyToSwapchain,1,2,true,0.023584000,7,7,true
1391,0,ASBuild.BuildTLAS,0,0,false,0.093568000,7,7,true
1391,1,LightPrepare.Upload,0,0,false,0.001568000,7,7,true
1391,2,PathTracing.Trace,0,0,false,0.779712000,7,7,true
1391,3,Ui.Overlay,0,0,false,0.012224000,7,7,true
1391,4,DLSS.RayReconstruction,1,1,false,0.977184000,7,7,true
1391,5,Present.Convert,1,1,false,0.049504000,7,7,true
1391,6,Present.CopyToSwapchain,1,2,true,0.024384000,7,7,true
1392,0,ASBuild.BuildTLAS,0,0,false,0.113952000,7,7,true
1392,1,LightPrepare.Upload,0,0,false,0.001536000,7,7,true
1392,2,PathTracing.Trace,0,0,false,0.588288000,7,7,true
1392,3,Ui.Overlay,0,0,false,0.012480000,7,7,true
1392,4,DLSS.RayReconstruction,1,1,false,1.005888000,7,7,true
1392,5,Present.Convert,1,1,false,0.053632000,7,7,true
1392,6,Present.CopyToSwapchain,1,2,true,0.025600000,7,7,true
1393,0,ASBuild.BuildTLAS,0,0,false,0.090944000,7,7,true
1393,1,LightPrepare.Upload,0,0,false,0.001472000,7,7,true
1393,2,PathTracing.Trace,0,0,false,0.579136000,7,7,true
1393,3,Ui.Overlay,0,0,false,0.012288000,7,7,true
1393,4,DLSS.RayReconstruction,1,1,false,1.000064000,7,7,true
1393,5,Present.Convert,1,1,false,0.050432000,7,7,true
1393,6,Present.CopyToSwapchain,1,2,true,0.025184000,7,7,true
1394,0,ASBuild.BuildTLAS,0,0,false,0.103104000,7,7,true
1394,1,LightPrepare.Upload,0,0,false,0.001536000,7,7,true
1394,2,PathTracing.Trace,0,0,false,0.581120000,7,7,true
1394,3,Ui.Overlay,0,0,false,0.012192000,7,7,true
1394,4,DLSS.RayReconstruction,1,1,false,1.159904000,7,7,true
1394,5,Present.Convert,1,1,false,0.053632000,7,7,true
1394,6,Present.CopyToSwapchain,1,2,true,0.024128000,7,7,true
1395,0,ASBuild.BuildTLAS,0,0,false,0.119680000,7,7,true
1395,1,LightPrepare.Upload,0,0,false,0.001504000,7,7,true
1395,2,PathTracing.Trace,0,0,false,0.580096000,7,7,true
1395,3,Ui.Overlay,0,0,false,0.012032000,7,7,true
1395,4,DLSS.RayReconstruction,1,1,false,1.008224000,7,7,true
1395,5,Present.Convert,1,1,false,0.051072000,7,7,true
1395,6,Present.CopyToSwapchain,1,2,true,0.023424000,7,7,true
1396,0,ASBuild.BuildTLAS,0,0,false,0.091136000,7,7,true
1396,1,LightPrepare.Upload,0,0,false,0.001536000,7,7,true
1396,2,PathTracing.Trace,0,0,false,0.564736000,7,7,true
1396,3,Ui.Overlay,0,0,false,0.012224000,7,7,true
1396,4,DLSS.RayReconstruction,1,1,false,0.977600000,7,7,true
1396,5,Present.Convert,1,1,false,0.050336000,7,7,true
1396,6,Present.CopyToSwapchain,1,2,true,0.025472000,7,7,true
1397,0,ASBuild.BuildTLAS,0,0,false,0.093248000,7,7,true
1397,1,LightPrepare.Upload,0,0,false,0.001536000,7,7,true
1397,2,PathTracing.Trace,0,0,false,0.603616000,7,7,true
1397,3,Ui.Overlay,0,0,false,0.012160000,7,7,true
1397,4,DLSS.RayReconstruction,1,1,false,0.995520000,7,7,true
1397,5,Present.Convert,1,1,false,0.052480000,7,7,true
1397,6,Present.CopyToSwapchain,1,2,true,0.024608000,7,7,true
1398,0,ASBuild.BuildTLAS,0,0,false,0.090912000,7,7,true
1398,1,LightPrepare.Upload,0,0,false,0.001472000,7,7,true
1398,2,PathTracing.Trace,0,0,false,0.567872000,7,7,true
1398,3,Ui.Overlay,0,0,false,0.012000000,7,7,true
1398,4,DLSS.RayReconstruction,1,1,false,0.997824000,7,7,true
1398,5,Present.Convert,1,1,false,0.049440000,7,7,true
1398,6,Present.CopyToSwapchain,1,2,true,0.023520000,7,7,true
1399,0,ASBuild.BuildTLAS,0,0,false,0.093216000,7,7,true
1399,1,LightPrepare.Upload,0,0,false,0.001536000,7,7,true
1399,2,PathTracing.Trace,0,0,false,0.591360000,7,7,true
1399,3,Ui.Overlay,0,0,false,0.012256000,7,7,true
1399,4,DLSS.RayReconstruction,1,1,false,1.153216000,7,7,true
1399,5,Present.Convert,1,1,false,0.050560000,7,7,true
1399,6,Present.CopyToSwapchain,1,2,true,0.024288000,7,7,true
1400,0,ASBuild.BuildTLAS,0,0,false,0.091712000,7,7,true
1400,1,LightPrepare.Upload,0,0,false,0.001568000,7,7,true
1400,2,PathTracing.Trace,0,0,false,0.581088000,7,7,true
1400,3,Ui.Overlay,0,0,false,0.012128000,7,7,true
1400,4,DLSS.RayReconstruction,1,1,false,0.993504000,7,7,true
1400,5,Present.Convert,1,1,false,0.050528000,7,7,true
1400,6,Present.CopyToSwapchain,1,2,true,0.023392000,7,7,true
1401,0,ASBuild.BuildTLAS,0,0,false,0.093152000,7,7,true
1401,1,LightPrepare.Upload,0,0,false,0.001632000,7,7,true
1401,2,PathTracing.Trace,0,0,false,0.577952000,7,7,true
1401,3,Ui.Overlay,0,0,false,0.012096000,7,7,true
1401,4,DLSS.RayReconstruction,1,1,false,0.983296000,7,7,true
1401,5,Present.Convert,1,1,false,0.050816000,7,7,true
1401,6,Present.CopyToSwapchain,1,2,true,0.025280000,7,7,true
1402,0,ASBuild.BuildTLAS,0,0,false,0.092800000,7,7,true
1402,1,LightPrepare.Upload,0,0,false,0.001696000,7,7,true
1402,2,PathTracing.Trace,0,0,false,0.573792000,7,7,true
1402,3,Ui.Overlay,0,0,false,0.012416000,7,7,true
1402,4,DLSS.RayReconstruction,1,1,false,0.999552000,7,7,true
1402,5,Present.Convert,1,1,false,0.048448000,7,7,true
1402,6,Present.CopyToSwapchain,1,2,true,0.025152000,7,7,true
1403,0,ASBuild.BuildTLAS,0,0,false,0.091392000,7,7,true
1403,1,LightPrepare.Upload,0,0,false,0.001568000,7,7,true
1403,2,PathTracing.Trace,0,0,false,0.579008000,7,7,true
1403,3,Ui.Overlay,0,0,false,0.012256000,7,7,true
1403,4,DLSS.RayReconstruction,1,1,false,0.995776000,7,7,true
1403,5,Present.Convert,1,1,false,0.047424000,7,7,true
1403,6,Present.CopyToSwapchain,1,2,true,0.023456000,7,7,true
1404,0,ASBuild.BuildTLAS,0,0,false,0.091136000,7,7,true
1404,1,LightPrepare.Upload,0,0,false,0.001536000,7,7,true
1404,2,PathTracing.Trace,0,0,false,0.585184000,7,7,true
1404,3,Ui.Overlay,0,0,false,0.012384000,7,7,true
1404,4,DLSS.RayReconstruction,1,1,false,1.149824000,7,7,true
1404,5,Present.Convert,1,1,false,0.050528000,7,7,true
1404,6,Present.CopyToSwapchain,1,2,true,0.025696000,7,7,true
1405,0,ASBuild.BuildTLAS,0,0,false,0.093088000,7,7,true
1405,1,LightPrepare.Upload,0,0,false,0.001536000,7,7,true
1405,2,PathTracing.Trace,0,0,false,0.578048000,7,7,true
1405,3,Ui.Overlay,0,0,false,0.012384000,7,7,true
1405,4,DLSS.RayReconstruction,1,1,false,1.000000000,7,7,true
1405,5,Present.Convert,1,1,false,0.050592000,7,7,true
1405,6,Present.CopyToSwapchain,1,2,true,0.023424000,7,7,true
1406,0,ASBuild.BuildTLAS,0,0,false,0.094112000,7,7,true
1406,1,LightPrepare.Upload,0,0,false,0.001632000,7,7,true
1406,2,PathTracing.Trace,0,0,false,0.563616000,7,7,true
1406,3,Ui.Overlay,0,0,false,0.011936000,7,7,true
1406,4,DLSS.RayReconstruction,1,1,false,0.999200000,7,7,true
1406,5,Present.Convert,1,1,false,0.047392000,7,7,true
1406,6,Present.CopyToSwapchain,1,2,true,0.026272000,7,7,true
1407,0,ASBuild.BuildTLAS,0,0,false,0.131488000,7,7,true
1407,1,LightPrepare.Upload,0,0,false,0.001792000,7,7,true
1407,2,PathTracing.Trace,0,0,false,0.560288000,7,7,true
1407,3,Ui.Overlay,0,0,false,0.012320000,7,7,true
1407,4,DLSS.RayReconstruction,1,1,false,1.003424000,7,7,true
1407,5,Present.Convert,1,1,false,0.222816000,7,7,true
1407,6,Present.CopyToSwapchain,1,2,true,0.023136000,7,7,true
1408,0,ASBuild.BuildTLAS,0,0,false,0.090592000,7,7,true
1408,1,LightPrepare.Upload,0,0,false,0.001568000,7,7,true
1408,2,PathTracing.Trace,0,0,false,0.590304000,7,7,true
1408,3,Ui.Overlay,0,0,false,0.012352000,7,7,true
1408,4,DLSS.RayReconstruction,1,1,false,0.995360000,7,7,true
1408,5,Present.Convert,1,1,false,0.045408000,7,7,true
1408,6,Present.CopyToSwapchain,1,2,true,0.023584000,7,7,true
1409,0,ASBuild.BuildTLAS,0,0,false,0.094048000,7,7,true
1409,1,LightPrepare.Upload,0,0,false,0.001504000,7,7,true
1409,2,PathTracing.Trace,0,0,false,0.591360000,7,7,true
1409,3,Ui.Overlay,0,0,false,0.012256000,7,7,true
1409,4,DLSS.RayReconstruction,1,1,false,0.978816000,7,7,true
1409,5,Present.Convert,1,1,false,0.051520000,7,7,true
1409,6,Present.CopyToSwapchain,1,2,true,0.025280000,7,7,true
1410,0,ASBuild.BuildTLAS,0,0,false,0.121632000,7,7,true
1410,1,LightPrepare.Upload,0,0,false,0.001600000,7,7,true
1410,2,PathTracing.Trace,0,0,false,0.563616000,7,7,true
1410,3,Ui.Overlay,0,0,false,0.012192000,7,7,true
1410,4,DLSS.RayReconstruction,1,1,false,1.003488000,7,7,true
1410,5,Present.Convert,1,1,false,0.045472000,7,7,true
1410,6,Present.CopyToSwapchain,1,2,true,0.023712000,7,7,true
1411,0,ASBuild.BuildTLAS,0,0,false,0.090656000,7,7,true
1411,1,LightPrepare.Upload,0,0,false,0.001504000,7,7,true
1411,2,PathTracing.Trace,0,0,false,0.603680000,7,7,true
1411,3,Ui.Overlay,0,0,false,0.011936000,7,7,true
1411,4,DLSS.RayReconstruction,1,1,false,0.997568000,7,7,true
1411,5,Present.Convert,1,1,false,0.050496000,7,7,true
1411,6,Present.CopyToSwapchain,1,2,true,0.023680000,7,7,true
1412,0,ASBuild.BuildTLAS,0,0,false,0.091040000,7,7,true
1412,1,LightPrepare.Upload,0,0,false,0.001536000,7,7,true
1412,2,PathTracing.Trace,0,0,false,0.583168000,7,7,true
1412,3,Ui.Overlay,0,0,false,0.012256000,7,7,true
1412,4,DLSS.RayReconstruction,1,1,false,1.174880000,7,7,true
1412,5,Present.Convert,1,1,false,0.051488000,7,7,true
1412,6,Present.CopyToSwapchain,1,2,true,0.026080000,7,7,true
1413,0,ASBuild.BuildTLAS,0,0,false,0.121376000,7,7,true
1413,1,LightPrepare.Upload,0,0,false,0.002944000,7,7,true
1413,2,PathTracing.Trace,0,0,false,0.570336000,7,7,true
1413,3,Ui.Overlay,0,0,false,0.012288000,7,7,true
1413,4,DLSS.RayReconstruction,1,1,false,1.490144000,7,7,true
1413,5,Present.Convert,1,1,false,0.059680000,7,7,true
1413,6,Present.CopyToSwapchain,1,2,true,0.021664000,7,7,true
1414,0,ASBuild.BuildTLAS,0,0,false,0.121024000,7,7,true
1414,1,LightPrepare.Upload,0,0,false,0.007232000,7,7,true
1414,2,PathTracing.Trace,0,0,false,0.648064000,7,7,true
1414,3,Ui.Overlay,0,0,false,0.015456000,7,7,true
1414,4,DLSS.RayReconstruction,1,1,false,0.985536000,7,7,true
1414,5,Present.Convert,1,1,false,0.045408000,7,7,true
1414,6,Present.CopyToSwapchain,1,2,true,0.023936000,7,7,true
1415,0,ASBuild.BuildTLAS,0,0,false,0.091392000,7,7,true
1415,1,LightPrepare.Upload,0,0,false,0.001504000,7,7,true
1415,2,PathTracing.Trace,0,0,false,0.572960000,7,7,true
1415,3,Ui.Overlay,0,0,false,0.012224000,7,7,true
1415,4,DLSS.RayReconstruction,1,1,false,1.001184000,7,7,true
1415,5,Present.Convert,1,1,false,0.048480000,7,7,true
1415,6,Present.CopyToSwapchain,1,2,true,0.023904000,7,7,true
1416,0,ASBuild.BuildTLAS,0,0,false,0.091232000,7,7,true
1416,1,LightPrepare.Upload,0,0,false,0.001536000,7,7,true
1416,2,PathTracing.Trace,0,0,false,0.604640000,7,7,true
1416,3,Ui.Overlay,0,0,false,0.012512000,7,7,true
1416,4,DLSS.RayReconstruction,1,1,false,1.517888000,7,7,true
1416,5,Present.Convert,1,1,false,0.050496000,7,7,true
1416,6,Present.CopyToSwapchain,1,2,true,0.023936000,7,7,true
1417,0,ASBuild.BuildTLAS,0,0,false,0.139104000,7,7,true
1417,1,LightPrepare.Upload,0,0,false,0.001824000,7,7,true
1417,2,PathTracing.Trace,0,0,false,0.780384000,7,7,true
1417,3,Ui.Overlay,0,0,false,0.022048000,7,7,true
1417,4,DLSS.RayReconstruction,1,1,false,1.494528000,7,7,true
1417,5,Present.Convert,1,1,false,0.050528000,7,7,true
1417,6,Present.CopyToSwapchain,1,2,true,0.023456000,7,7,true
1418,0,ASBuild.BuildTLAS,0,0,false,0.138464000,7,7,true
1418,1,LightPrepare.Upload,0,0,false,0.002496000,7,7,true
1418,2,PathTracing.Trace,0,0,false,0.708096000,7,7,true
1418,3,Ui.Overlay,0,0,false,0.030304000,7,7,true
1418,4,DLSS.RayReconstruction,1,1,false,1.492480000,7,7,true
1418,5,Present.Convert,1,1,false,0.057696000,7,7,true
1418,6,Present.CopyToSwapchain,1,2,true,0.023488000,7,7,true
1419,0,ASBuild.BuildTLAS,0,0,false,0.121760000,7,7,true
1419,1,LightPrepare.Upload,0,0,false,0.001920000,7,7,true
1419,2,PathTracing.Trace,0,0,false,0.690208000,7,7,true
1419,3,Ui.Overlay,0,0,false,0.019328000,7,7,true
1419,4,DLSS.RayReconstruction,1,1,false,1.166720000,7,7,true
1419,5,Present.Convert,1,1,false,0.049280000,7,7,true
1419,6,Present.CopyToSwapchain,1,2,true,0.025568000,7,7,true
1420,0,ASBuild.BuildTLAS,0,0,false,0.119136000,7,7,true
1420,1,LightPrepare.Upload,0,0,false,0.001568000,7,7,true
1420,2,PathTracing.Trace,0,0,false,0.581088000,7,7,true
1420,3,Ui.Overlay,0,0,false,0.012288000,7,7,true
1420,4,DLSS.RayReconstruction,1,1,false,0.999712000,7,7,true
1420,5,Present.Convert,1,1,false,0.050464000,7,7,true
1420,6,Present.CopyToSwapchain,1,2,true,0.023360000,7,7,true
1421,0,ASBuild.BuildTLAS,0,0,false,0.091552000,7,7,true
1421,1,LightPrepare.Upload,0,0,false,0.001568000,7,7,true
1421,2,PathTracing.Trace,0,0,false,0.574912000,7,7,true
1421,3,Ui.Overlay,0,0,false,0.012096000,7,7,true
1421,4,DLSS.RayReconstruction,1,1,false,1.488736000,7,7,true
1421,5,Present.Convert,1,1,false,0.050496000,7,7,true
1421,6,Present.CopyToSwapchain,1,2,true,0.023840000,7,7,true
1422,0,ASBuild.BuildTLAS,0,0,false,0.139424000,7,7,true
1422,1,LightPrepare.Upload,0,0,false,0.002144000,7,7,true
1422,2,PathTracing.Trace,0,0,false,0.683808000,7,7,true
1422,3,Ui.Overlay,0,0,false,0.029216000,7,7,true
1422,4,DLSS.RayReconstruction,1,1,false,1.000032000,7,7,true
1422,5,Present.Convert,1,1,false,0.050624000,7,7,true
1422,6,Present.CopyToSwapchain,1,2,true,0.025568000,7,7,true
1423,0,ASBuild.BuildTLAS,0,0,false,0.090528000,7,7,true
1423,1,LightPrepare.Upload,0,0,false,0.001504000,7,7,true
1423,2,PathTracing.Trace,0,0,false,0.607776000,7,7,true
1423,3,Ui.Overlay,0,0,false,0.012064000,7,7,true
1423,4,DLSS.RayReconstruction,1,1,false,0.995232000,7,7,true
1423,5,Present.Convert,1,1,false,0.050464000,7,7,true
1423,6,Present.CopyToSwapchain,1,2,true,0.024000000,7,7,true
1424,0,ASBuild.BuildTLAS,0,0,false,0.092448000,7,7,true
1424,1,LightPrepare.Upload,0,0,false,0.001632000,7,7,true
1424,2,PathTracing.Trace,0,0,false,0.567712000,7,7,true
1424,3,Ui.Overlay,0,0,false,0.012256000,7,7,true
1424,4,DLSS.RayReconstruction,1,1,false,0.977760000,7,7,true
1424,5,Present.Convert,1,1,false,0.052256000,7,7,true
1424,6,Present.CopyToSwapchain,1,2,true,0.026048000,7,7,true
1425,0,ASBuild.BuildTLAS,0,0,false,0.093568000,7,7,true
1425,1,LightPrepare.Upload,0,0,false,0.001632000,7,7,true
1425,2,PathTracing.Trace,0,0,false,0.589216000,7,7,true
1425,3,Ui.Overlay,0,0,false,0.012384000,7,7,true
1425,4,DLSS.RayReconstruction,1,1,false,0.997440000,7,7,true
1425,5,Present.Convert,1,1,false,0.047424000,7,7,true
1425,6,Present.CopyToSwapchain,1,2,true,0.023904000,7,7,true
1426,0,ASBuild.BuildTLAS,0,0,false,0.092352000,7,7,true
1426,1,LightPrepare.Upload,0,0,false,0.001632000,7,7,true
1426,2,PathTracing.Trace,0,0,false,0.565664000,7,7,true
1426,3,Ui.Overlay,0,0,false,0.012320000,7,7,true
1426,4,DLSS.RayReconstruction,1,1,false,0.974880000,7,7,true
1426,5,Present.Convert,1,1,false,0.050624000,7,7,true
1426,6,Present.CopyToSwapchain,1,2,true,0.024480000,7,7,true
1427,0,ASBuild.BuildTLAS,0,0,false,0.091552000,7,7,true
1427,1,LightPrepare.Upload,0,0,false,0.001632000,7,7,true
1427,2,PathTracing.Trace,0,0,false,0.558496000,7,7,true
1427,3,Ui.Overlay,0,0,false,0.012448000,7,7,true
1427,4,DLSS.RayReconstruction,1,1,false,1.001376000,7,7,true
1427,5,Present.Convert,1,1,false,0.050528000,7,7,true
1427,6,Present.CopyToSwapchain,1,2,true,0.025600000,7,7,true
1428,0,ASBuild.BuildTLAS,0,0,false,0.091232000,7,7,true
1428,1,LightPrepare.Upload,0,0,false,0.001728000,7,7,true
1428,2,PathTracing.Trace,0,0,false,0.591168000,7,7,true
1428,3,Ui.Overlay,0,0,false,0.012032000,7,7,true
1428,4,DLSS.RayReconstruction,1,1,false,0.997312000,7,7,true
1428,5,Present.Convert,1,1,false,0.049344000,7,7,true
1428,6,Present.CopyToSwapchain,1,2,true,0.024128000,7,7,true
1429,0,ASBuild.BuildTLAS,0,0,false,0.093056000,7,7,true
1429,1,LightPrepare.Upload,0,0,false,0.001888000,7,7,true
1429,2,PathTracing.Trace,0,0,false,0.570528000,7,7,true
1429,3,Ui.Overlay,0,0,false,0.012288000,7,7,true
1429,4,DLSS.RayReconstruction,1,1,false,1.166944000,7,7,true
1429,5,Present.Convert,1,1,false,0.045408000,7,7,true
1429,6,Present.CopyToSwapchain,1,2,true,0.025792000,7,7,true
1430,0,ASBuild.BuildTLAS,0,0,false,0.093664000,7,7,true
1430,1,LightPrepare.Upload,0,0,false,0.001696000,7,7,true
1430,2,PathTracing.Trace,0,0,false,0.589152000,7,7,true
1430,3,Ui.Overlay,0,0,false,0.012672000,7,7,true
1430,4,DLSS.RayReconstruction,1,1,false,1.002144000,7,7,true
1430,5,Present.Convert,1,1,false,0.052608000,7,7,true
1430,6,Present.CopyToSwapchain,1,2,true,0.023872000,7,7,true
1431,0,ASBuild.BuildTLAS,0,0,false,0.091616000,7,7,true
1431,1,LightPrepare.Upload,0,0,false,0.001664000,7,7,true
1431,2,PathTracing.Trace,0,0,false,0.607616000,7,7,true
1431,3,Ui.Overlay,0,0,false,0.012352000,7,7,true
1431,4,DLSS.RayReconstruction,1,1,false,0.995360000,7,7,true
1431,5,Present.Convert,1,1,false,0.047424000,7,7,true
1431,6,Present.CopyToSwapchain,1,2,true,0.023712000,7,7,true
1432,0,ASBuild.BuildTLAS,0,0,false,0.091680000,7,7,true
1432,1,LightPrepare.Upload,0,0,false,0.001600000,7,7,true
1432,2,PathTracing.Trace,0,0,false,0.576960000,7,7,true
1432,3,Ui.Overlay,0,0,false,0.012704000,7,7,true
1432,4,DLSS.RayReconstruction,1,1,false,0.994112000,7,7,true
1432,5,Present.Convert,1,1,false,0.050464000,7,7,true
1432,6,Present.CopyToSwapchain,1,2,true,0.025760000,7,7,true
1433,0,ASBuild.BuildTLAS,0,0,false,0.091424000,7,7,true
1433,1,LightPrepare.Upload,0,0,false,0.001632000,7,7,true
1433,2,PathTracing.Trace,0,0,false,0.585120000,7,7,true
1433,3,Ui.Overlay,0,0,false,0.012672000,7,7,true
1433,4,DLSS.RayReconstruction,1,1,false,1.001216000,7,7,true
1433,5,Present.Convert,1,1,false,0.045440000,7,7,true
1433,6,Present.CopyToSwapchain,1,2,true,0.024096000,7,7,true
1434,0,ASBuild.BuildTLAS,0,0,false,0.091520000,7,7,true
1434,1,LightPrepare.Upload,0,0,false,0.001664000,7,7,true
1434,2,PathTracing.Trace,0,0,false,0.597376000,7,7,true
1434,3,Ui.Overlay,0,0,false,0.012160000,7,7,true
1434,4,DLSS.RayReconstruction,1,1,false,1.170496000,7,7,true
1434,5,Present.Convert,1,1,false,0.054656000,7,7,true
1434,6,Present.CopyToSwapchain,1,2,true,0.023968000,7,7,true
1435,0,ASBuild.BuildTLAS,0,0,false,0.093248000,7,7,true
1435,1,LightPrepare.Upload,0,0,false,0.001696000,7,7,true
1435,2,PathTracing.Trace,0,0,false,0.574816000,7,7,true
1435,3,Ui.Overlay,0,0,false,0.012352000,7,7,true
1435,4,DLSS.RayReconstruction,1,1,false,1.000224000,7,7,true
1435,5,Present.Convert,1,1,false,0.049376000,7,7,true
1435,6,Present.CopyToSwapchain,1,2,true,0.023680000,7,7,true
1436,0,ASBuild.BuildTLAS,0,0,false,0.091968000,7,7,true
1436,1,LightPrepare.Upload,0,0,false,0.001728000,7,7,true
1436,2,PathTracing.Trace,0,0,false,0.597312000,7,7,true
1436,3,Ui.Overlay,0,0,false,0.012352000,7,7,true
1436,4,DLSS.RayReconstruction,1,1,false,0.999264000,7,7,true
1436,5,Present.Convert,1,1,false,0.054624000,7,7,true
1436,6,Present.CopyToSwapchain,1,2,true,0.025856000,7,7,true
1437,0,ASBuild.BuildTLAS,0,0,false,0.092928000,7,7,true
1437,1,LightPrepare.Upload,0,0,false,0.001632000,7,7,true
1437,2,PathTracing.Trace,0,0,false,0.603552000,7,7,true
1437,3,Ui.Overlay,0,0,false,0.012288000,7,7,true
1437,4,DLSS.RayReconstruction,1,1,false,0.985120000,7,7,true
1437,5,Present.Convert,1,1,false,0.048672000,7,7,true
1437,6,Present.CopyToSwapchain,1,2,true,0.025728000,7,7,true
1438,0,ASBuild.BuildTLAS,0,0,false,0.094880000,7,7,true
1438,1,LightPrepare.Upload,0,0,false,0.001664000,7,7,true
1438,2,PathTracing.Trace,0,0,false,0.599424000,7,7,true
1438,3,Ui.Overlay,0,0,false,0.012576000,7,7,true
1438,4,DLSS.RayReconstruction,1,1,false,0.995712000,7,7,true
1438,5,Present.Convert,1,1,false,0.050560000,7,7,true
1438,6,Present.CopyToSwapchain,1,2,true,0.024160000,7,7,true
1439,0,ASBuild.BuildTLAS,0,0,false,0.091936000,7,7,true
1439,1,LightPrepare.Upload,0,0,false,0.001632000,7,7,true
1439,2,PathTracing.Trace,0,0,false,0.791936000,7,7,true
1439,3,Ui.Overlay,0,0,false,0.012096000,7,7,true
1439,4,DLSS.RayReconstruction,1,1,false,1.003360000,7,7,true
1439,5,Present.Convert,1,1,false,0.047392000,7,7,true
1439,6,Present.CopyToSwapchain,1,2,true,0.026016000,7,7,true
1440,0,ASBuild.BuildTLAS,0,0,false,0.090912000,7,7,true
1440,1,LightPrepare.Upload,0,0,false,0.001664000,7,7,true
1440,2,PathTracing.Trace,0,0,false,0.587072000,7,7,true
1440,3,Ui.Overlay,0,0,false,0.012384000,7,7,true
1440,4,DLSS.RayReconstruction,1,1,false,0.980864000,7,7,true
1440,5,Present.Convert,1,1,false,0.052512000,7,7,true
1440,6,Present.CopyToSwapchain,1,2,true,0.023968000,7,7,true
1441,0,ASBuild.BuildTLAS,0,0,false,0.093088000,7,7,true
1441,1,LightPrepare.Upload,0,0,false,0.001632000,7,7,true
1441,2,PathTracing.Trace,0,0,false,0.578976000,7,7,true
1441,3,Ui.Overlay,0,0,false,0.012384000,7,7,true
1441,4,DLSS.RayReconstruction,1,1,false,0.997472000,7,7,true
1441,5,Present.Convert,1,1,false,0.047488000,7,7,true
1441,6,Present.CopyToSwapchain,1,2,true,0.023968000,7,7,true
1442,0,ASBuild.BuildTLAS,0,0,false,0.093568000,7,7,true
1442,1,LightPrepare.Upload,0,0,false,0.001920000,7,7,true
1442,2,PathTracing.Trace,0,0,false,0.566432000,7,7,true
1442,3,Ui.Overlay,0,0,false,0.012512000,7,7,true
1442,4,DLSS.RayReconstruction,1,1,false,0.985216000,7,7,true
1442,5,Present.Convert,1,1,false,0.045376000,7,7,true
1442,6,Present.CopyToSwapchain,1,2,true,0.026784000,7,7,true
1443,0,ASBuild.BuildTLAS,0,0,false,0.091168000,7,7,true
1443,1,LightPrepare.Upload,0,0,false,0.001920000,7,7,true
1443,2,PathTracing.Trace,0,0,false,0.574592000,7,7,true
1443,3,Ui.Overlay,0,0,false,0.012288000,7,7,true
1443,4,DLSS.RayReconstruction,1,1,false,1.002144000,7,7,true
1443,5,Present.Convert,1,1,false,0.047424000,7,7,true
1443,6,Present.CopyToSwapchain,1,2,true,0.025504000,7,7,true
1444,0,ASBuild.BuildTLAS,0,0,false,0.089408000,7,7,true
1444,1,LightPrepare.Upload,0,0,false,0.001600000,7,7,true
1444,2,PathTracing.Trace,0,0,false,0.562592000,7,7,true
1444,3,Ui.Overlay,0,0,false,0.012128000,7,7,true
1444,4,DLSS.RayReconstruction,1,1,false,1.006144000,7,7,true
1444,5,Present.Convert,1,1,false,0.051424000,7,7,true
1444,6,Present.CopyToSwapchain,1,2,true,0.025024000,7,7,true
1445,0,ASBuild.BuildTLAS,0,0,false,0.133696000,7,7,true
1445,1,LightPrepare.Upload,0,0,false,0.001728000,7,7,true
1445,2,PathTracing.Trace,0,0,false,0.551232000,7,7,true
1445,3,Ui.Overlay,0,0,false,0.012320000,7,7,true
1445,4,DLSS.RayReconstruction,1,1,false,1.166784000,7,7,true
1445,5,Present.Convert,1,1,false,0.049504000,7,7,true
1445,6,Present.CopyToSwapchain,1,2,true,0.028000000,7,7,true
1446,0,ASBuild.BuildTLAS,0,0,false,0.090752000,7,7,true
1446,1,LightPrepare.Upload,0,0,false,0.001792000,7,7,true
1446,2,PathTracing.Trace,0,0,false,0.605440000,7,7,true
1446,3,Ui.Overlay,0,0,false,0.012384000,7,7,true
1446,4,DLSS.RayReconstruction,1,1,false,1.513280000,7,7,true
1446,5,Present.Convert,1,1,false,0.046112000,7,7,true
1446,6,Present.CopyToSwapchain,1,2,true,0.024480000,7,7,true
1447,0,ASBuild.BuildTLAS,0,0,false,0.128576000,7,7,true
1447,1,LightPrepare.Upload,0,0,false,0.002144000,7,7,true
1447,2,PathTracing.Trace,0,0,false,0.743232000,7,7,true
1447,3,Ui.Overlay,0,0,false,0.033248000,7,7,true
1447,4,DLSS.RayReconstruction,1,1,false,0.988000000,7,7,true
1447,5,Present.Convert,1,1,false,0.055296000,7,7,true
1447,6,Present.CopyToSwapchain,1,2,true,0.195840000,7,7,true
1448,0,ASBuild.BuildTLAS,0,0,false,0.126464000,7,7,true
1448,1,LightPrepare.Upload,0,0,false,0.006176000,7,7,true
1448,2,PathTracing.Trace,0,0,false,0.610112000,7,7,true
1448,3,Ui.Overlay,0,0,false,0.012160000,7,7,true
1448,4,DLSS.RayReconstruction,1,1,false,1.487104000,7,7,true
1448,5,Present.Convert,1,1,false,0.047392000,7,7,true
1448,6,Present.CopyToSwapchain,1,2,true,0.023968000,7,7,true
1449,0,ASBuild.BuildTLAS,0,0,false,0.121184000,7,7,true
1449,1,LightPrepare.Upload,0,0,false,0.003136000,7,7,true
1449,2,PathTracing.Trace,0,0,false,0.693088000,7,7,true
1449,3,Ui.Overlay,0,0,false,0.023424000,7,7,true
1449,4,DLSS.RayReconstruction,1,1,false,1.658400000,7,7,true
1449,5,Present.Convert,1,1,false,0.045472000,7,7,true
1449,6,Present.CopyToSwapchain,1,2,true,0.025088000,7,7,true
1450,0,ASBuild.BuildTLAS,0,0,false,0.129600000,7,7,true
1450,1,LightPrepare.Upload,0,0,false,0.002400000,7,7,true
1450,2,PathTracing.Trace,0,0,false,0.644672000,7,7,true
1450,3,Ui.Overlay,0,0,false,0.023616000,7,7,true
1450,4,DLSS.RayReconstruction,1,1,false,1.484704000,7,7,true
1450,5,Present.Convert,1,1,false,0.047520000,7,7,true
1450,6,Present.CopyToSwapchain,1,2,true,0.024128000,7,7,true
1451,0,ASBuild.BuildTLAS,0,0,false,0.124928000,7,7,true
1451,1,LightPrepare.Upload,0,0,false,0.002368000,7,7,true
1451,2,PathTracing.Trace,0,0,false,0.642688000,7,7,true
1451,3,Ui.Overlay,0,0,false,0.019296000,7,7,true
1451,4,DLSS.RayReconstruction,1,1,false,1.488352000,7,7,true
1451,5,Present.Convert,1,1,false,0.051584000,7,7,true
1451,6,Present.CopyToSwapchain,1,2,true,0.024224000,7,7,true
1452,0,ASBuild.BuildTLAS,0,0,false,0.154432000,7,7,true
1452,1,LightPrepare.Upload,0,0,false,0.002336000,7,7,true
1452,2,PathTracing.Trace,0,0,false,0.683808000,7,7,true
1452,3,Ui.Overlay,0,0,false,0.022272000,7,7,true
1452,4,DLSS.RayReconstruction,1,1,false,1.462240000,7,7,true
1452,5,Present.Convert,1,1,false,0.236352000,7,7,true
1452,6,Present.CopyToSwapchain,1,2,true,0.024992000,7,7,true
1453,0,ASBuild.BuildTLAS,0,0,false,0.136960000,7,7,true
1453,1,LightPrepare.Upload,0,0,false,0.001824000,7,7,true
1453,2,PathTracing.Trace,0,0,false,0.721056000,7,7,true
1453,3,Ui.Overlay,0,0,false,0.024000000,7,7,true
1453,4,DLSS.RayReconstruction,1,1,false,1.514880000,7,7,true
1453,5,Present.Convert,1,1,false,0.050528000,7,7,true
1453,6,Present.CopyToSwapchain,1,2,true,0.023936000,7,7,true
1454,0,ASBuild.BuildTLAS,0,0,false,0.123264000,7,7,true
1454,1,LightPrepare.Upload,0,0,false,0.002080000,7,7,true
1454,2,PathTracing.Trace,0,0,false,0.728704000,7,7,true
1454,3,Ui.Overlay,0,0,false,0.012480000,7,7,true
1454,4,DLSS.RayReconstruction,1,1,false,1.494784000,7,7,true
1454,5,Present.Convert,1,1,false,0.052512000,7,7,true
1454,6,Present.CopyToSwapchain,1,2,true,0.026752000,7,7,true
1455,0,ASBuild.BuildTLAS,0,0,false,0.138784000,7,7,true
1455,1,LightPrepare.Upload,0,0,false,0.001952000,7,7,true
1455,2,PathTracing.Trace,0,0,false,0.755712000,7,7,true
1455,3,Ui.Overlay,0,0,false,0.019936000,7,7,true
1455,4,DLSS.RayReconstruction,1,1,false,1.056608000,7,7,true
1455,5,Present.Convert,1,1,false,0.429920000,7,7,true
1455,6,Present.CopyToSwapchain,1,2,true,0.049728000,7,7,true
1456,0,ASBuild.BuildTLAS,0,0,false,0.127104000,7,7,true
1456,1,LightPrepare.Upload,0,0,false,0.002080000,7,7,true
1456,2,PathTracing.Trace,0,0,false,0.667520000,7,7,true
1456,3,Ui.Overlay,0,0,false,0.012608000,7,7,true
1456,4,DLSS.RayReconstruction,1,1,false,0.997408000,7,7,true
1456,5,Present.Convert,1,1,false,0.045440000,7,7,true
1456,6,Present.CopyToSwapchain,1,2,true,0.025952000,7,7,true
1457,0,ASBuild.BuildTLAS,0,0,false,0.116064000,7,7,true
1457,1,LightPrepare.Upload,0,0,false,0.001568000,7,7,true
1457,2,PathTracing.Trace,0,0,false,0.581088000,7,7,true
1457,3,Ui.Overlay,0,0,false,0.012064000,7,7,true
1457,4,DLSS.RayReconstruction,1,1,false,0.992832000,7,7,true
1457,5,Present.Convert,1,1,false,0.047456000,7,7,true
1457,6,Present.CopyToSwapchain,1,2,true,0.025824000,7,7,true
1458,0,ASBuild.BuildTLAS,0,0,false,0.090816000,7,7,true
1458,1,LightPrepare.Upload,0,0,false,0.001664000,7,7,true
1458,2,PathTracing.Trace,0,0,false,0.578912000,7,7,true
1458,3,Ui.Overlay,0,0,false,0.012416000,7,7,true
1458,4,DLSS.RayReconstruction,1,1,false,1.171072000,7,7,true
1458,5,Present.Convert,1,1,false,0.045120000,7,7,true
1458,6,Present.CopyToSwapchain,1,2,true,0.023712000,7,7,true
1459,0,ASBuild.BuildTLAS,0,0,false,0.093568000,7,7,true
1459,1,LightPrepare.Upload,0,0,false,0.001632000,7,7,true
1459,2,PathTracing.Trace,0,0,false,0.565664000,7,7,true
1459,3,Ui.Overlay,0,0,false,0.012544000,7,7,true
1459,4,DLSS.RayReconstruction,1,1,false,1.007232000,7,7,true
1459,5,Present.Convert,1,1,false,0.050496000,7,7,true
1459,6,Present.CopyToSwapchain,1,2,true,0.023712000,7,7,true
1460,0,ASBuild.BuildTLAS,0,0,false,0.092576000,7,7,true
1460,1,LightPrepare.Upload,0,0,false,0.001728000,7,7,true
1460,2,PathTracing.Trace,0,0,false,0.580896000,7,7,true
1460,3,Ui.Overlay,0,0,false,0.012256000,7,7,true
1460,4,DLSS.RayReconstruction,1,1,false,0.980928000,7,7,true
1460,5,Present.Convert,1,1,false,0.052544000,7,7,true
1460,6,Present.CopyToSwapchain,1,2,true,0.024032000,7,7,true
1461,0,ASBuild.BuildTLAS,0,0,false,0.090848000,7,7,true
1461,1,LightPrepare.Upload,0,0,false,0.001632000,7,7,true
1461,2,PathTracing.Trace,0,0,false,0.592256000,7,7,true
1461,3,Ui.Overlay,0,0,false,0.012320000,7,7,true
1461,4,DLSS.RayReconstruction,1,1,false,1.728864000,7,7,true
1461,5,Present.Convert,1,1,false,0.047232000,7,7,true
1461,6,Present.CopyToSwapchain,1,2,true,0.024000000,7,7,true
1462,0,ASBuild.BuildTLAS,0,0,false,0.122080000,7,7,true
1462,1,LightPrepare.Upload,0,0,false,0.002048000,7,7,true
1462,2,PathTracing.Trace,0,0,false,0.920480000,7,7,true
1462,3,Ui.Overlay,0,0,false,0.022976000,7,7,true
1462,4,DLSS.RayReconstruction,1,1,false,1.460672000,7,7,true
1462,5,Present.Convert,1,1,false,0.045472000,7,7,true
1462,6,Present.CopyToSwapchain,1,2,true,0.024992000,7,7,true
1463,0,ASBuild.BuildTLAS,0,0,false,0.130048000,7,7,true
1463,1,LightPrepare.Upload,0,0,false,0.002272000,7,7,true
1463,2,PathTracing.Trace,0,0,false,0.679616000,7,7,true
1463,3,Ui.Overlay,0,0,false,0.031040000,7,7,true
1463,4,DLSS.RayReconstruction,1,1,false,1.495872000,7,7,true
1463,5,Present.Convert,1,1,false,0.054592000,7,7,true
1463,6,Present.CopyToSwapchain,1,2,true,0.024608000,7,7,true
1464,0,ASBuild.BuildTLAS,0,0,false,0.146720000,7,7,true
1464,1,LightPrepare.Upload,0,0,false,0.002048000,7,7,true
1464,2,PathTracing.Trace,0,0,false,0.661408000,7,7,true
1464,3,Ui.Overlay,0,0,false,0.020288000,7,7,true
1464,4,DLSS.RayReconstruction,1,1,false,1.482976000,7,7,true
1464,5,Present.Convert,1,1,false,0.052544000,7,7,true
1464,6,Present.CopyToSwapchain,1,2,true,0.023264000,7,7,true
1465,0,ASBuild.BuildTLAS,0,0,false,0.150336000,7,7,true
1465,1,LightPrepare.Upload,0,0,false,0.002048000,7,7,true
1465,2,PathTracing.Trace,0,0,false,0.642944000,7,7,true
1465,3,Ui.Overlay,0,0,false,0.013184000,7,7,true
1465,4,DLSS.RayReconstruction,1,1,false,1.651648000,7,7,true
1465,5,Present.Convert,1,1,false,0.054624000,7,7,true
1465,6,Present.CopyToSwapchain,1,2,true,0.024288000,7,7,true
1466,0,ASBuild.BuildTLAS,0,0,false,0.101536000,7,7,true
1466,1,LightPrepare.Upload,0,0,false,0.001728000,7,7,true
1466,2,PathTracing.Trace,0,0,false,0.678144000,7,7,true
1466,3,Ui.Overlay,0,0,false,0.021856000,7,7,true
1466,4,DLSS.RayReconstruction,1,1,false,1.460864000,7,7,true
1466,5,Present.Convert,1,1,false,0.048512000,7,7,true
1466,6,Present.CopyToSwapchain,1,2,true,0.025600000,7,7,true
1467,0,ASBuild.BuildTLAS,0,0,false,0.131040000,7,7,true
1467,1,LightPrepare.Upload,0,0,false,0.003328000,7,7,true
1467,2,PathTracing.Trace,0,0,false,0.719520000,7,7,true
1467,3,Ui.Overlay,0,0,false,0.021312000,7,7,true
1467,4,DLSS.RayReconstruction,1,1,false,1.450272000,7,7,true
1467,5,Present.Convert,1,1,false,0.053344000,7,7,true
1467,6,Present.CopyToSwapchain,1,2,true,0.024960000,7,7,true
1468,0,ASBuild.BuildTLAS,0,0,false,0.124384000,7,7,true
1468,1,LightPrepare.Upload,0,0,false,0.002016000,7,7,true
1468,2,PathTracing.Trace,0,0,false,0.700352000,7,7,true
1468,3,Ui.Overlay,0,0,false,0.021792000,7,7,true
1468,4,DLSS.RayReconstruction,1,1,false,1.437536000,7,7,true
1468,5,Present.Convert,1,1,false,0.050496000,7,7,true
1468,6,Present.CopyToSwapchain,1,2,true,0.023648000,7,7,true
1469,0,ASBuild.BuildTLAS,0,0,false,0.119296000,7,7,true
1469,1,LightPrepare.Upload,0,0,false,0.002048000,7,7,true
1469,2,PathTracing.Trace,0,0,false,0.655040000,7,7,true
1469,3,Ui.Overlay,0,0,false,0.020736000,7,7,true
1469,4,DLSS.RayReconstruction,1,1,false,1.689312000,7,7,true
1469,5,Present.Convert,1,1,false,0.052544000,7,7,true
1469,6,Present.CopyToSwapchain,1,2,true,0.026304000,7,7,true
1470,0,ASBuild.BuildTLAS,0,0,false,0.121568000,7,7,true
1470,1,LightPrepare.Upload,0,0,false,0.002144000,7,7,true
1470,2,PathTracing.Trace,0,0,false,0.720704000,7,7,true
1470,3,Ui.Overlay,0,0,false,0.012288000,7,7,true
1470,4,DLSS.RayReconstruction,1,1,false,1.543168000,7,7,true
1470,5,Present.Convert,1,1,false,0.052576000,7,7,true
1470,6,Present.CopyToSwapchain,1,2,true,0.023872000,7,7,true
1471,0,ASBuild.BuildTLAS,0,0,false,0.117440000,7,7,true
1471,1,LightPrepare.Upload,0,0,false,0.002432000,7,7,true
1471,2,PathTracing.Trace,0,0,false,0.775712000,7,7,true
1471,3,Ui.Overlay,0,0,false,0.019200000,7,7,true
1471,4,DLSS.RayReconstruction,1,1,false,1.475456000,7,7,true
1471,5,Present.Convert,1,1,false,0.050496000,7,7,true
1471,6,Present.CopyToSwapchain,1,2,true,0.026176000,7,7,true
1472,0,ASBuild.BuildTLAS,0,0,false,0.161600000,7,7,true
1472,1,LightPrepare.Upload,0,0,false,0.002048000,7,7,true
1472,2,PathTracing.Trace,0,0,false,0.812960000,7,7,true
1472,3,Ui.Overlay,0,0,false,0.022464000,7,7,true
1472,4,DLSS.RayReconstruction,1,1,false,1.512096000,7,7,true
1472,5,Present.Convert,1,1,false,0.050496000,7,7,true
1472,6,Present.CopyToSwapchain,1,2,true,0.024352000,7,7,true
1473,0,ASBuild.BuildTLAS,0,0,false,0.128480000,7,7,true
1473,1,LightPrepare.Upload,0,0,false,0.002080000,7,7,true
1473,2,PathTracing.Trace,0,0,false,0.714624000,7,7,true
1473,3,Ui.Overlay,0,0,false,0.021184000,7,7,true
1473,4,DLSS.RayReconstruction,1,1,false,1.717216000,7,7,true
1473,5,Present.Convert,1,1,false,0.052544000,7,7,true
1473,6,Present.CopyToSwapchain,1,2,true,0.024608000,7,7,true
1474,0,ASBuild.BuildTLAS,0,0,false,0.124864000,7,7,true
1474,1,LightPrepare.Upload,0,0,false,0.006208000,7,7,true
1474,2,PathTracing.Trace,0,0,false,0.924512000,7,7,true
1474,3,Ui.Overlay,0,0,false,0.015040000,7,7,true
1474,4,DLSS.RayReconstruction,1,1,false,1.497696000,7,7,true
1474,5,Present.Convert,1,1,false,0.050784000,7,7,true
1474,6,Present.CopyToSwapchain,1,2,true,0.023968000,7,7,true
1475,0,ASBuild.BuildTLAS,0,0,false,0.132000000,7,7,true
1475,1,LightPrepare.Upload,0,0,false,0.001952000,7,7,true
1475,2,PathTracing.Trace,0,0,false,0.720928000,7,7,true
1475,3,Ui.Overlay,0,0,false,0.021792000,7,7,true
1475,4,DLSS.RayReconstruction,1,1,false,1.499488000,7,7,true
1475,5,Present.Convert,1,1,false,0.053408000,7,7,true
1475,6,Present.CopyToSwapchain,1,2,true,0.026144000,7,7,true
1476,0,ASBuild.BuildTLAS,0,0,false,0.102976000,7,7,true
1476,1,LightPrepare.Upload,0,0,false,0.003264000,7,7,true
1476,2,PathTracing.Trace,0,0,false,0.674560000,7,7,true
1476,3,Ui.Overlay,0,0,false,0.021216000,7,7,true
1476,4,DLSS.RayReconstruction,1,1,false,1.454400000,7,7,true
1476,5,Present.Convert,1,1,false,0.047456000,7,7,true
1476,6,Present.CopyToSwapchain,1,2,true,0.023744000,7,7,true
1477,0,ASBuild.BuildTLAS,0,0,false,0.144928000,7,7,true
1477,1,LightPrepare.Upload,0,0,false,0.002176000,7,7,true
1477,2,PathTracing.Trace,0,0,false,0.692032000,7,7,true
1477,3,Ui.Overlay,0,0,false,0.021792000,7,7,true
1477,4,DLSS.RayReconstruction,1,1,false,2.217728000,7,7,true
1477,5,Present.Convert,1,1,false,0.047136000,7,7,true
1477,6,Present.CopyToSwapchain,1,2,true,0.025472000,7,7,true
1478,0,ASBuild.BuildTLAS,0,0,false,0.100928000,7,7,true
1478,1,LightPrepare.Upload,0,0,false,0.002272000,7,7,true
1478,2,PathTracing.Trace,0,0,false,1.449696000,7,7,true
1478,3,Ui.Overlay,0,0,false,0.031072000,7,7,true
1478,4,DLSS.RayReconstruction,1,1,false,1.523776000,7,7,true
1478,5,Present.Convert,1,1,false,0.047488000,7,7,true
1478,6,Present.CopyToSwapchain,1,2,true,0.023680000,7,7,true
1479,0,ASBuild.BuildTLAS,0,0,false,0.119296000,7,7,true
1479,1,LightPrepare.Upload,0,0,false,0.002144000,7,7,true
1479,2,PathTracing.Trace,0,0,false,0.700224000,7,7,true
1479,3,Ui.Overlay,0,0,false,0.023904000,7,7,true
1479,4,DLSS.RayReconstruction,1,1,false,1.762784000,7,7,true
1479,5,Present.Convert,1,1,false,0.051360000,7,7,true
1479,6,Present.CopyToSwapchain,1,2,true,0.035136000,7,7,true
1480,0,ASBuild.BuildTLAS,0,0,false,0.120960000,7,7,true
1480,1,LightPrepare.Upload,0,0,false,0.002880000,7,7,true
1480,2,PathTracing.Trace,0,0,false,0.999520000,7,7,true
1480,3,Ui.Overlay,0,0,false,0.021312000,7,7,true
1480,4,DLSS.RayReconstruction,1,1,false,1.441440000,7,7,true
1480,5,Present.Convert,1,1,false,0.047328000,7,7,true
1480,6,Present.CopyToSwapchain,1,2,true,0.023680000,7,7,true
1481,0,ASBuild.BuildTLAS,0,0,false,0.118336000,7,7,true
1481,1,LightPrepare.Upload,0,0,false,0.003008000,7,7,true
1481,2,PathTracing.Trace,0,0,false,1.227776000,7,7,true
1481,3,Ui.Overlay,0,0,false,0.026336000,7,7,true
1481,4,DLSS.RayReconstruction,1,1,false,1.540416000,7,7,true
1481,5,Present.Convert,1,1,false,0.052608000,7,7,true
1481,6,Present.CopyToSwapchain,1,2,true,0.024000000,7,7,true
1482,0,ASBuild.BuildTLAS,0,0,false,0.119456000,7,7,true
1482,1,LightPrepare.Upload,0,0,false,0.002080000,7,7,true
1482,2,PathTracing.Trace,0,0,false,0.798560000,7,7,true
1482,3,Ui.Overlay,0,0,false,0.013088000,7,7,true
1482,4,DLSS.RayReconstruction,1,1,false,1.542336000,7,7,true
1482,5,Present.Convert,1,1,false,0.046528000,7,7,true
1482,6,Present.CopyToSwapchain,1,2,true,0.025568000,7,7,true
1483,0,ASBuild.BuildTLAS,0,0,false,0.122272000,7,7,true
1483,1,LightPrepare.Upload,0,0,false,0.002080000,7,7,true
1483,2,PathTracing.Trace,0,0,false,0.712576000,7,7,true
1483,3,Ui.Overlay,0,0,false,0.029056000,7,7,true
1483,4,DLSS.RayReconstruction,1,1,false,1.548544000,7,7,true
1483,5,Present.Convert,1,1,false,0.051552000,7,7,true
1483,6,Present.CopyToSwapchain,1,2,true,0.022656000,7,7,true
1484,0,ASBuild.BuildTLAS,0,0,false,0.156256000,7,7,true
1484,1,LightPrepare.Upload,0,0,false,0.002144000,7,7,true
1484,2,PathTracing.Trace,0,0,false,0.771904000,7,7,true
1484,3,Ui.Overlay,0,0,false,0.012480000,7,7,true
1484,4,DLSS.RayReconstruction,1,1,false,1.470656000,7,7,true
1484,5,Present.Convert,1,1,false,0.047456000,7,7,true
1484,6,Present.CopyToSwapchain,1,2,true,0.024704000,7,7,true
1485,0,ASBuild.BuildTLAS,0,0,false,0.113664000,7,7,true
1485,1,LightPrepare.Upload,0,0,false,0.001696000,7,7,true
1485,2,PathTracing.Trace,0,0,false,1.189216000,7,7,true
1485,3,Ui.Overlay,0,0,false,0.012640000,7,7,true
1485,4,DLSS.RayReconstruction,1,1,false,1.310688000,7,7,true
1485,5,Present.Convert,1,1,false,0.223392000,7,7,true
1485,6,Present.CopyToSwapchain,1,2,true,0.032768000,7,7,true
1486,0,ASBuild.BuildTLAS,0,0,false,0.140000000,7,7,true
1486,1,LightPrepare.Upload,0,0,false,0.002944000,7,7,true
1486,2,PathTracing.Trace,0,0,false,0.726048000,7,7,true
1486,3,Ui.Overlay,0,0,false,0.013472000,7,7,true
1486,4,DLSS.RayReconstruction,1,1,false,1.175104000,7,7,true
1486,5,Present.Convert,1,1,false,0.052256000,7,7,true
1486,6,Present.CopyToSwapchain,1,2,true,0.024128000,7,7,true
1487,0,ASBuild.BuildTLAS,0,0,false,0.127136000,7,7,true
1487,1,LightPrepare.Upload,0,0,false,0.002144000,7,7,true
1487,2,PathTracing.Trace,0,0,false,0.671552000,7,7,true
1487,3,Ui.Overlay,0,0,false,0.012608000,7,7,true
1487,4,DLSS.RayReconstruction,1,1,false,1.520960000,7,7,true
1487,5,Present.Convert,1,1,false,0.052576000,7,7,true
1487,6,Present.CopyToSwapchain,1,2,true,0.023840000,7,7,true
1488,0,ASBuild.BuildTLAS,0,0,false,0.122304000,7,7,true
1488,1,LightPrepare.Upload,0,0,false,0.007360000,7,7,true
1488,2,PathTracing.Trace,0,0,false,0.748256000,7,7,true
1488,3,Ui.Overlay,0,0,false,0.022528000,7,7,true
1488,4,DLSS.RayReconstruction,1,1,false,1.452224000,7,7,true
1488,5,Present.Convert,1,1,false,0.050528000,7,7,true
1488,6,Present.CopyToSwapchain,1,2,true,0.023904000,7,7,true
1489,0,ASBuild.BuildTLAS,0,0,false,0.129664000,7,7,true
1489,1,LightPrepare.Upload,0,0,false,0.006112000,7,7,true
1489,2,PathTracing.Trace,0,0,false,0.671680000,7,7,true
1489,3,Ui.Overlay,0,0,false,0.013440000,7,7,true
1489,4,DLSS.RayReconstruction,1,1,false,1.513120000,7,7,true
1489,5,Present.Convert,1,1,false,0.051648000,7,7,true
1489,6,Present.CopyToSwapchain,1,2,true,0.024064000,7,7,true
1490,0,ASBuild.BuildTLAS,0,0,false,0.099872000,7,7,true
1490,1,LightPrepare.Upload,0,0,false,0.002208000,7,7,true
1490,2,PathTracing.Trace,0,0,false,0.681760000,7,7,true
1490,3,Ui.Overlay,0,0,false,0.019072000,7,7,true
1490,4,DLSS.RayReconstruction,1,1,false,1.175232000,7,7,true
1490,5,Present.Convert,1,1,false,0.048608000,7,7,true
1490,6,Present.CopyToSwapchain,1,2,true,0.045376000,7,7,true
1491,0,ASBuild.BuildTLAS,0,0,false,0.127808000,7,7,true
1491,1,LightPrepare.Upload,0,0,false,0.003616000,7,7,true
1491,2,PathTracing.Trace,0,0,false,0.606528000,7,7,true
1491,3,Ui.Overlay,0,0,false,0.012448000,7,7,true
1491,4,DLSS.RayReconstruction,1,1,false,1.022112000,7,7,true
1491,5,Present.Convert,1,1,false,0.053600000,7,7,true
1491,6,Present.CopyToSwapchain,1,2,true,0.139712000,7,7,true
1492,0,ASBuild.BuildTLAS,0,0,false,0.126176000,7,7,true
1492,1,LightPrepare.Upload,0,0,false,0.004128000,7,7,true
1492,2,PathTracing.Trace,0,0,false,0.577344000,7,7,true
1492,3,Ui.Overlay,0,0,false,0.012576000,7,7,true
1492,4,DLSS.RayReconstruction,1,1,false,0.996192000,7,7,true
1492,5,Present.Convert,1,1,false,0.045440000,7,7,true
1492,6,Present.CopyToSwapchain,1,2,true,0.025984000,7,7,true
1493,0,ASBuild.BuildTLAS,0,0,false,0.091040000,7,7,true
1493,1,LightPrepare.Upload,0,0,false,0.001920000,7,7,true
1493,2,PathTracing.Trace,0,0,false,0.603232000,7,7,true
1493,3,Ui.Overlay,0,0,false,0.012704000,7,7,true
1493,4,DLSS.RayReconstruction,1,1,false,1.014144000,7,7,true
1493,5,Present.Convert,1,1,false,0.051520000,7,7,true
1493,6,Present.CopyToSwapchain,1,2,true,0.025312000,7,7,true
1494,0,ASBuild.BuildTLAS,0,0,false,0.111584000,7,7,true
1494,1,LightPrepare.Upload,0,0,false,0.001664000,7,7,true
1494,2,PathTracing.Trace,0,0,false,0.585088000,7,7,true
1494,3,Ui.Overlay,0,0,false,0.012704000,7,7,true
1494,4,DLSS.RayReconstruction,1,1,false,0.993088000,7,7,true
1494,5,Present.Convert,1,1,false,0.045920000,7,7,true
1494,6,Present.CopyToSwapchain,1,2,true,0.023360000,7,7,true
1495,0,ASBuild.BuildTLAS,0,0,false,0.092608000,7,7,true
1495,1,LightPrepare.Upload,0,0,false,0.001664000,7,7,true
1495,2,PathTracing.Trace,0,0,false,0.574848000,7,7,true
1495,3,Ui.Overlay,0,0,false,0.012384000,7,7,true
1495,4,DLSS.RayReconstruction,1,1,false,1.019744000,7,7,true
1495,5,Present.Convert,1,1,false,0.051488000,7,7,true
1495,6,Present.CopyToSwapchain,1,2,true,0.026112000,7,7,true
1496,0,ASBuild.BuildTLAS,0,0,false,0.119872000,7,7,true
1496,1,LightPrepare.Upload,0,0,false,0.007648000,7,7,true
1496,2,PathTracing.Trace,0,0,false,0.620992000,7,7,true
1496,3,Ui.Overlay,0,0,false,0.012224000,7,7,true
1496,4,DLSS.RayReconstruction,1,1,false,1.462400000,7,7,true
1496,5,Present.Convert,1,1,false,0.052544000,7,7,true
1496,6,Present.CopyToSwapchain,1,2,true,0.024192000,7,7,true
1497,0,ASBuild.BuildTLAS,0,0,false,0.145632000,7,7,true
1497,1,LightPrepare.Upload,0,0,false,0.006592000,7,7,true
1497,2,PathTracing.Trace,0,0,false,0.675200000,7,7,true
1497,3,Ui.Overlay,0,0,false,0.018240000,7,7,true
1497,4,DLSS.RayReconstruction,1,1,false,1.695552000,7,7,true
1497,5,Present.Convert,1,1,false,0.052576000,7,7,true
1497,6,Present.CopyToSwapchain,1,2,true,0.024448000,7,7,true
1498,0,ASBuild.BuildTLAS,0,0,false,0.120736000,7,7,true
1498,1,LightPrepare.Upload,0,0,false,0.002336000,7,7,true
1498,2,PathTracing.Trace,0,0,false,0.943808000,7,7,true
1498,3,Ui.Overlay,0,0,false,0.020864000,7,7,true
1498,4,DLSS.RayReconstruction,1,1,false,1.548224000,7,7,true
1498,5,Present.Convert,1,1,false,0.050496000,7,7,true
1498,6,Present.CopyToSwapchain,1,2,true,0.024192000,7,7,true
1499,0,ASBuild.BuildTLAS,0,0,false,0.120576000,7,7,true
1499,1,LightPrepare.Upload,0,0,false,0.002048000,7,7,true
1499,2,PathTracing.Trace,0,0,false,0.726912000,7,7,true
1499,3,Ui.Overlay,0,0,false,0.029440000,7,7,true
1499,4,DLSS.RayReconstruction,1,1,false,1.520960000,7,7,true
1499,5,Present.Convert,1,1,false,0.047296000,7,7,true
1499,6,Present.CopyToSwapchain,1,2,true,0.026048000,7,7,true
1500,0,ASBuild.BuildTLAS,0,0,false,0.116096000,7,7,true
1500,1,LightPrepare.Upload,0,0,false,0.003776000,7,7,true
1500,2,PathTracing.Trace,0,0,false,0.794816000,7,7,true
1500,3,Ui.Overlay,0,0,false,0.012416000,7,7,true
1500,4,DLSS.RayReconstruction,1,1,false,1.570880000,7,7,true
1500,5,Present.Convert,1,1,false,0.051488000,7,7,true
1500,6,Present.CopyToSwapchain,1,2,true,0.022976000,7,7,true
1501,0,ASBuild.BuildTLAS,0,0,false,0.117632000,7,7,true
1501,1,LightPrepare.Upload,0,0,false,0.002496000,7,7,true
1501,2,PathTracing.Trace,0,0,false,0.769504000,7,7,true
1501,3,Ui.Overlay,0,0,false,0.013888000,7,7,true
1501,4,DLSS.RayReconstruction,1,1,false,2.326752000,7,7,true
1501,5,Present.Convert,1,1,false,0.061760000,7,7,true
1501,6,Present.CopyToSwapchain,1,2,true,0.024256000,7,7,true
1502,0,ASBuild.BuildTLAS,0,0,false,0.113472000,7,7,true
1502,1,LightPrepare.Upload,0,0,false,0.001600000,7,7,true
1502,2,PathTracing.Trace,0,0,false,1.196448000,7,7,true
1502,3,Ui.Overlay,0,0,false,0.016704000,7,7,true
1502,4,DLSS.RayReconstruction,1,1,false,1.006048000,7,7,true
1502,5,Present.Convert,1,1,false,0.047424000,7,7,true
1502,6,Present.CopyToSwapchain,1,2,true,0.023936000,7,7,true
1503,0,ASBuild.BuildTLAS,0,0,false,0.125600000,7,7,true
1503,1,LightPrepare.Upload,0,0,false,0.002112000,7,7,true
1503,2,PathTracing.Trace,0,0,false,0.994144000,7,7,true
1503,3,Ui.Overlay,0,0,false,0.014848000,7,7,true
1503,4,DLSS.RayReconstruction,1,1,false,0.988960000,7,7,true
1503,5,Present.Convert,1,1,false,0.047456000,7,7,true
1503,6,Present.CopyToSwapchain,1,2,true,0.024160000,7,7,true
1504,0,ASBuild.BuildTLAS,0,0,false,0.092864000,7,7,true
1504,1,LightPrepare.Upload,0,0,false,0.001664000,7,7,true
1504,2,PathTracing.Trace,0,0,false,0.567680000,7,7,true
1504,3,Ui.Overlay,0,0,false,0.012928000,7,7,true
1504,4,DLSS.RayReconstruction,1,1,false,1.529760000,7,7,true
1504,5,Present.Convert,1,1,false,0.047456000,7,7,true
1504,6,Present.CopyToSwapchain,1,2,true,0.023584000,7,7,true
1505,0,ASBuild.BuildTLAS,0,0,false,0.120384000,7,7,true
1505,1,LightPrepare.Upload,0,0,false,0.002176000,7,7,true
1505,2,PathTracing.Trace,0,0,false,0.646944000,7,7,true
1505,3,Ui.Overlay,0,0,false,0.044384000,7,7,true
1505,4,DLSS.RayReconstruction,1,1,false,1.721824000,7,7,true
1505,5,Present.Convert,1,1,false,0.047456000,7,7,true
1505,6,Present.CopyToSwapchain,1,2,true,0.026016000,7,7,true
1506,0,ASBuild.BuildTLAS,0,0,false,0.140224000,7,7,true
1506,1,LightPrepare.Upload,0,0,false,0.002176000,7,7,true
1506,2,PathTracing.Trace,0,0,false,0.963360000,7,7,true
1506,3,Ui.Overlay,0,0,false,0.014048000,7,7,true
1506,4,DLSS.RayReconstruction,1,1,false,1.527680000,7,7,true
1506,5,Present.Convert,1,1,false,0.047424000,7,7,true
1506,6,Present.CopyToSwapchain,1,2,true,0.024224000,7,7,true
1507,0,ASBuild.BuildTLAS,0,0,false,0.120992000,7,7,true
1507,1,LightPrepare.Upload,0,0,false,0.002080000,7,7,true
1507,2,PathTracing.Trace,0,0,false,0.722816000,7,7,true
1507,3,Ui.Overlay,0,0,false,0.013632000,7,7,true
1507,4,DLSS.RayReconstruction,1,1,false,1.545248000,7,7,true
1507,5,Present.Convert,1,1,false,0.050496000,7,7,true
1507,6,Present.CopyToSwapchain,1,2,true,0.023584000,7,7,true
1508,0,ASBuild.BuildTLAS,0,0,false,0.114144000,7,7,true
1508,1,LightPrepare.Upload,0,0,false,0.002144000,7,7,true
1508,2,PathTracing.Trace,0,0,false,0.806752000,7,7,true
1508,3,Ui.Overlay,0,0,false,0.014784000,7,7,true
1508,4,DLSS.RayReconstruction,1,1,false,1.517504000,7,7,true
1508,5,Present.Convert,1,1,false,0.052608000,7,7,true
1508,6,Present.CopyToSwapchain,1,2,true,0.025312000,7,7,true
1509,0,ASBuild.BuildTLAS,0,0,false,0.118720000,7,7,true
1509,1,LightPrepare.Upload,0,0,false,0.002080000,7,7,true
1509,2,PathTracing.Trace,0,0,false,0.730976000,7,7,true
1509,3,Ui.Overlay,0,0,false,0.024352000,7,7,true
1509,4,DLSS.RayReconstruction,1,1,false,0.984704000,7,7,true
1509,5,Present.Convert,1,1,false,0.047616000,7,7,true
1509,6,Present.CopyToSwapchain,1,2,true,0.025536000,7,7,true
1510,0,ASBuild.BuildTLAS,0,0,false,0.090912000,7,7,true
1510,1,LightPrepare.Upload,0,0,false,0.001568000,7,7,true
1510,2,PathTracing.Trace,0,0,false,0.585152000,7,7,true
1510,3,Ui.Overlay,0,0,false,0.012160000,7,7,true
1510,4,DLSS.RayReconstruction,1,1,false,1.028000000,7,7,true
1510,5,Present.Convert,1,1,false,0.454592000,7,7,true
1510,6,Present.CopyToSwapchain,1,2,true,0.068352000,7,7,true
1511,0,ASBuild.BuildTLAS,0,0,false,0.111840000,7,7,true
1511,1,LightPrepare.Upload,0,0,false,0.001664000,7,7,true
1511,2,PathTracing.Trace,0,0,false,0.609664000,7,7,true
1511,3,Ui.Overlay,0,0,false,0.012480000,7,7,true
1511,4,DLSS.RayReconstruction,1,1,false,1.005344000,7,7,true
1511,5,Present.Convert,1,1,false,0.047456000,7,7,true
1511,6,Present.CopyToSwapchain,1,2,true,0.024768000,7,7,true
1512,0,ASBuild.BuildTLAS,0,0,false,0.124608000,7,7,true
1512,1,LightPrepare.Upload,0,0,false,0.002368000,7,7,true
1512,2,PathTracing.Trace,0,0,false,0.634432000,7,7,true
1512,3,Ui.Overlay,0,0,false,0.012160000,7,7,true
1512,4,DLSS.RayReconstruction,1,1,false,1.531328000,7,7,true
1512,5,Present.Convert,1,1,false,0.052544000,7,7,true
1512,6,Present.CopyToSwapchain,1,2,true,0.025312000,7,7,true
1513,0,ASBuild.BuildTLAS,0,0,false,0.121952000,7,7,true
1513,1,LightPrepare.Upload,0,0,false,0.002080000,7,7,true
1513,2,PathTracing.Trace,0,0,false,0.728992000,7,7,true
1513,3,Ui.Overlay,0,0,false,0.015200000,7,7,true
1513,4,DLSS.RayReconstruction,1,1,false,1.515584000,7,7,true
1513,5,Present.Convert,1,1,false,0.049504000,7,7,true
1513,6,Present.CopyToSwapchain,1,2,true,0.023328000,7,7,true
1514,0,ASBuild.BuildTLAS,0,0,false,0.140512000,7,7,true
1514,1,LightPrepare.Upload,0,0,false,0.002144000,7,7,true
1514,2,PathTracing.Trace,0,0,false,0.681824000,7,7,true
1514,3,Ui.Overlay,0,0,false,0.014048000,7,7,true
1514,4,DLSS.RayReconstruction,1,1,false,1.721504000,7,7,true
1514,5,Present.Convert,1,1,false,0.052704000,7,7,true
1514,6,Present.CopyToSwapchain,1,2,true,0.025024000,7,7,true
1515,0,ASBuild.BuildTLAS,0,0,false,0.122464000,7,7,true
1515,1,LightPrepare.Upload,0,0,false,0.002080000,7,7,true
1515,2,PathTracing.Trace,0,0,false,0.675712000,7,7,true
1515,3,Ui.Overlay,0,0,false,0.038528000,7,7,true
1515,4,DLSS.RayReconstruction,1,1,false,1.570752000,7,7,true
1515,5,Present.Convert,1,1,false,0.052000000,7,7,true
1515,6,Present.CopyToSwapchain,1,2,true,0.023808000,7,7,true
1516,0,ASBuild.BuildTLAS,0,0,false,0.120224000,7,7,true
1516,1,LightPrepare.Upload,0,0,false,0.002080000,7,7,true
1516,2,PathTracing.Trace,0,0,false,0.849792000,7,7,true
1516,3,Ui.Overlay,0,0,false,0.012576000,7,7,true
1516,4,DLSS.RayReconstruction,1,1,false,1.517504000,7,7,true
1516,5,Present.Convert,1,1,false,0.052320000,7,7,true
1516,6,Present.CopyToSwapchain,1,2,true,0.023552000,7,7,true
1517,0,ASBuild.BuildTLAS,0,0,false,0.128608000,7,7,true
1517,1,LightPrepare.Upload,0,0,false,0.002464000,7,7,true
1517,2,PathTracing.Trace,0,0,false,0.714240000,7,7,true
1517,3,Ui.Overlay,0,0,false,0.012480000,7,7,true
1517,4,DLSS.RayReconstruction,1,1,false,1.481888000,7,7,true
1517,5,Present.Convert,1,1,false,0.052576000,7,7,true
1517,6,Present.CopyToSwapchain,1,2,true,0.025728000,7,7,true
1518,0,ASBuild.BuildTLAS,0,0,false,0.163040000,7,7,true
1518,1,LightPrepare.Upload,0,0,false,0.002944000,7,7,true
1518,2,PathTracing.Trace,0,0,false,0.736288000,7,7,true
1518,3,Ui.Overlay,0,0,false,0.018432000,7,7,true
1518,4,DLSS.RayReconstruction,1,1,false,1.710560000,7,7,true
1518,5,Present.Convert,1,1,false,0.049152000,7,7,true
1518,6,Present.CopyToSwapchain,1,2,true,0.025792000,7,7,true
1519,0,ASBuild.BuildTLAS,0,0,false,0.121984000,7,7,true
1519,1,LightPrepare.Upload,0,0,false,0.002080000,7,7,true
1519,2,PathTracing.Trace,0,0,false,0.677984000,7,7,true
1519,3,Ui.Overlay,0,0,false,0.044704000,7,7,true
1519,4,DLSS.RayReconstruction,1,1,false,1.384096000,7,7,true
1519,5,Present.Convert,1,1,false,0.051200000,7,7,true
1519,6,Present.CopyToSwapchain,1,2,true,0.191008000,7,7,true
1520,0,ASBuild.BuildTLAS,0,0,false,0.105952000,7,7,true
1520,1,LightPrepare.Upload,0,0,false,0.001600000,7,7,true
1520,2,PathTracing.Trace,0,0,false,1.159616000,7,7,true
1520,3,Ui.Overlay,0,0,false,0.027392000,7,7,true
1520,4,DLSS.RayReconstruction,1,1,false,2.156032000,7,7,true
1520,5,Present.Convert,1,1,false,0.063456000,7,7,true
1520,6,Present.CopyToSwapchain,1,2,true,0.024800000,7,7,true
1521,0,ASBuild.BuildTLAS,0,0,false,0.128640000,7,7,true
1521,1,LightPrepare.Upload,0,0,false,0.002080000,7,7,true
1521,2,PathTracing.Trace,0,0,false,1.171552000,7,7,true
1521,3,Ui.Overlay,0,0,false,0.025024000,7,7,true
1521,4,DLSS.RayReconstruction,1,1,false,1.013248000,7,7,true
1521,5,Present.Convert,1,1,false,0.052448000,7,7,true
1521,6,Present.CopyToSwapchain,1,2,true,0.023488000,7,7,true
1522,0,ASBuild.BuildTLAS,0,0,false,0.125792000,7,7,true
1522,1,LightPrepare.Upload,0,0,false,0.002080000,7,7,true
1522,2,PathTracing.Trace,0,0,false,0.667520000,7,7,true
1522,3,Ui.Overlay,0,0,false,0.460992000,7,7,true
1522,4,DLSS.RayReconstruction,1,1,false,1.519232000,7,7,true
1522,5,Present.Convert,1,1,false,0.051520000,7,7,true
1522,6,Present.CopyToSwapchain,1,2,true,0.024384000,7,7,true
1523,0,ASBuild.BuildTLAS,0,0,false,0.144576000,7,7,true
1523,1,LightPrepare.Upload,0,0,false,0.002208000,7,7,true
1523,2,PathTracing.Trace,0,0,false,0.800512000,7,7,true
1523,3,Ui.Overlay,0,0,false,0.017504000,7,7,true
1523,4,DLSS.RayReconstruction,1,1,false,1.474112000,7,7,true
1523,5,Present.Convert,1,1,false,0.047424000,7,7,true
1523,6,Present.CopyToSwapchain,1,2,true,0.024064000,7,7,true
1524,0,ASBuild.BuildTLAS,0,0,false,0.156192000,7,7,true
1524,1,LightPrepare.Upload,0,0,false,0.002080000,7,7,true
1524,2,PathTracing.Trace,0,0,false,0.800640000,7,7,true
1524,3,Ui.Overlay,0,0,false,0.021536000,7,7,true
1524,4,DLSS.RayReconstruction,1,1,false,1.655488000,7,7,true
1524,5,Present.Convert,1,1,false,0.050656000,7,7,true
1524,6,Present.CopyToSwapchain,1,2,true,0.024064000,7,7,true
1525,0,ASBuild.BuildTLAS,0,0,false,0.122592000,7,7,true
1525,1,LightPrepare.Upload,0,0,false,0.006240000,7,7,true
1525,2,PathTracing.Trace,0,0,false,0.645184000,7,7,true
1525,3,Ui.Overlay,0,0,false,0.026880000,7,7,true
1525,4,DLSS.RayReconstruction,1,1,false,1.487360000,7,7,true
1525,5,Present.Convert,1,1,false,0.047456000,7,7,true
1525,6,Present.CopyToSwapchain,1,2,true,0.023584000,7,7,true
1526,0,ASBuild.BuildTLAS,0,0,false,0.127008000,7,7,true
1526,1,LightPrepare.Upload,0,0,false,0.001984000,7,7,true
1526,2,PathTracing.Trace,0,0,false,0.694240000,7,7,true
1526,3,Ui.Overlay,0,0,false,0.033664000,7,7,true
1526,4,DLSS.RayReconstruction,1,1,false,1.501632000,7,7,true
1526,5,Present.Convert,1,1,false,0.051584000,7,7,true
1526,6,Present.CopyToSwapchain,1,2,true,0.024032000,7,7,true
1527,0,ASBuild.BuildTLAS,0,0,false,0.133120000,7,7,true
1527,1,LightPrepare.Upload,0,0,false,0.002880000,7,7,true
1527,2,PathTracing.Trace,0,0,false,0.719968000,7,7,true
1527,3,Ui.Overlay,0,0,false,0.014432000,7,7,true
1527,4,DLSS.RayReconstruction,1,1,false,1.537504000,7,7,true
1527,5,Present.Convert,1,1,false,0.047456000,7,7,true
1527,6,Present.CopyToSwapchain,1,2,true,0.023520000,7,7,true
1528,0,ASBuild.BuildTLAS,0,0,false,0.119712000,7,7,true
1528,1,LightPrepare.Upload,0,0,false,0.002240000,7,7,true
1528,2,PathTracing.Trace,0,0,false,0.726752000,7,7,true
1528,3,Ui.Overlay,0,0,false,0.012672000,7,7,true
1528,4,DLSS.RayReconstruction,1,1,false,1.689728000,7,7,true
1528,5,Present.Convert,1,1,false,0.050240000,7,7,true
1528,6,Present.CopyToSwapchain,1,2,true,0.023840000,7,7,true
1529,0,ASBuild.BuildTLAS,0,0,false,0.122432000,7,7,true
1529,1,LightPrepare.Upload,0,0,false,0.002304000,7,7,true
1529,2,PathTracing.Trace,0,0,false,0.865952000,7,7,true
1529,3,Ui.Overlay,0,0,false,0.012480000,7,7,true
1529,4,DLSS.RayReconstruction,1,1,false,1.560576000,7,7,true
1529,5,Present.Convert,1,1,false,0.047488000,7,7,true
1529,6,Present.CopyToSwapchain,1,2,true,0.024256000,7,7,true
1530,0,ASBuild.BuildTLAS,0,0,false,0.118496000,7,7,true
1530,1,LightPrepare.Upload,0,0,false,0.002144000,7,7,true
1530,2,PathTracing.Trace,0,0,false,0.792384000,7,7,true
1530,3,Ui.Overlay,0,0,false,0.021792000,7,7,true
1530,4,DLSS.RayReconstruction,1,1,false,1.525312000,7,7,true
1530,5,Present.Convert,1,1,false,0.052576000,7,7,true
1530,6,Present.CopyToSwapchain,1,2,true,0.024064000,7,7,true
1531,0,ASBuild.BuildTLAS,0,0,false,0.123680000,7,7,true
1531,1,LightPrepare.Upload,0,0,false,0.002112000,7,7,true
1531,2,PathTracing.Trace,0,0,false,0.765760000,7,7,true
1531,3,Ui.Overlay,0,0,false,0.012736000,7,7,true
1531,4,DLSS.RayReconstruction,1,1,false,1.543392000,7,7,true
1531,5,Present.Convert,1,1,false,0.052256000,7,7,true
1531,6,Present.CopyToSwapchain,1,2,true,0.023776000,7,7,true
1532,0,ASBuild.BuildTLAS,0,0,false,0.122176000,7,7,true
1532,1,LightPrepare.Upload,0,0,false,0.006176000,7,7,true
1532,2,PathTracing.Trace,0,0,false,0.737152000,7,7,true
1532,3,Ui.Overlay,0,0,false,0.028896000,7,7,true
1532,4,DLSS.RayReconstruction,1,1,false,1.520128000,7,7,true
1532,5,Present.Convert,1,1,false,0.047360000,7,7,true
1532,6,Present.CopyToSwapchain,1,2,true,0.025856000,7,7,true
1533,0,ASBuild.BuildTLAS,0,0,false,0.121248000,7,7,true
1533,1,LightPrepare.Upload,0,0,false,0.002304000,7,7,true
1533,2,PathTracing.Trace,0,0,false,0.698016000,7,7,true
1533,3,Ui.Overlay,0,0,false,0.023968000,7,7,true
1533,4,DLSS.RayReconstruction,1,1,false,1.598784000,7,7,true
1533,5,Present.Convert,1,1,false,0.047232000,7,7,true
1533,6,Present.CopyToSwapchain,1,2,true,0.025920000,7,7,true
1534,0,ASBuild.BuildTLAS,0,0,false,0.120256000,7,7,true
1534,1,LightPrepare.Upload,0,0,false,0.002208000,7,7,true
1534,2,PathTracing.Trace,0,0,false,0.847616000,7,7,true
1534,3,Ui.Overlay,0,0,false,0.012736000,7,7,true
1534,4,DLSS.RayReconstruction,1,1,false,1.532768000,7,7,true
1534,5,Present.Convert,1,1,false,0.050560000,7,7,true
1534,6,Present.CopyToSwapchain,1,2,true,0.025440000,7,7,true
1535,0,ASBuild.BuildTLAS,0,0,false,0.130560000,7,7,true
1535,1,LightPrepare.Upload,0,0,false,0.003168000,7,7,true
1535,2,PathTracing.Trace,0,0,false,0.727872000,7,7,true
1535,3,Ui.Overlay,0,0,false,0.022144000,7,7,true
1535,4,DLSS.RayReconstruction,1,1,false,1.727744000,7,7,true
1535,5,Present.Convert,1,1,false,0.050880000,7,7,true
1535,6,Present.CopyToSwapchain,1,2,true,0.026560000,7,7,true
1536,0,ASBuild.BuildTLAS,0,0,false,0.147552000,7,7,true
1536,1,LightPrepare.Upload,0,0,false,0.002368000,7,7,true
1536,2,PathTracing.Trace,0,0,false,0.697952000,7,7,true
1536,3,Ui.Overlay,0,0,false,0.013696000,7,7,true
1536,4,DLSS.RayReconstruction,1,1,false,1.576384000,7,7,true
1536,5,Present.Convert,1,1,false,0.052576000,7,7,true
1536,6,Present.CopyToSwapchain,1,2,true,0.023968000,7,7,true
1537,0,ASBuild.BuildTLAS,0,0,false,0.115648000,7,7,true
1537,1,LightPrepare.Upload,0,0,false,0.002080000,7,7,true
1537,2,PathTracing.Trace,0,0,false,0.768064000,7,7,true
1537,3,Ui.Overlay,0,0,false,0.052064000,7,7,true
1537,4,DLSS.RayReconstruction,1,1,false,2.460480000,7,7,true
1537,5,Present.Convert,1,1,false,0.049856000,7,7,true
1537,6,Present.CopyToSwapchain,1,2,true,0.024256000,7,7,true
1538,0,ASBuild.BuildTLAS,0,0,false,0.116768000,7,7,true
1538,1,LightPrepare.Upload,0,0,false,0.002112000,7,7,true
1538,2,PathTracing.Trace,0,0,false,0.712544000,7,7,true
1538,3,Ui.Overlay,0,0,false,0.044384000,7,7,true
1538,4,DLSS.RayReconstruction,1,1,false,1.010528000,7,7,true
1538,5,Present.Convert,1,1,false,0.047456000,7,7,true
1538,6,Present.CopyToSwapchain,1,2,true,0.025632000,7,7,true
1539,0,ASBuild.BuildTLAS,0,0,false,0.127456000,7,7,true
1539,1,LightPrepare.Upload,0,0,false,0.006080000,7,7,true
1539,2,PathTracing.Trace,0,0,false,1.087424000,7,7,true
1539,3,Ui.Overlay,0,0,false,0.030816000,7,7,true
1539,4,DLSS.RayReconstruction,1,1,false,1.752544000,7,7,true
1539,5,Present.Convert,1,1,false,0.049344000,7,7,true
1539,6,Present.CopyToSwapchain,1,2,true,0.024576000,7,7,true
1540,0,ASBuild.BuildTLAS,0,0,false,0.115552000,7,7,true
1540,1,LightPrepare.Upload,0,0,false,0.002112000,7,7,true
1540,2,PathTracing.Trace,0,0,false,0.991072000,7,7,true
1540,3,Ui.Overlay,0,0,false,0.021984000,7,7,true
1540,4,DLSS.RayReconstruction,1,1,false,1.458400000,7,7,true
1540,5,Present.Convert,1,1,false,0.057600000,7,7,true
1540,6,Present.CopyToSwapchain,1,2,true,0.216096000,7,7,true
1541,0,ASBuild.BuildTLAS,0,0,false,0.118368000,7,7,true
1541,1,LightPrepare.Upload,0,0,false,0.001600000,7,7,true
1541,2,PathTracing.Trace,0,0,false,1.317280000,7,7,true
1541,3,Ui.Overlay,0,0,false,0.021792000,7,7,true
1541,4,DLSS.RayReconstruction,1,1,false,1.182304000,7,7,true
1541,5,Present.Convert,1,1,false,0.051552000,7,7,true
1541,6,Present.CopyToSwapchain,1,2,true,0.024096000,7,7,true
1542,0,ASBuild.BuildTLAS,0,0,false,0.127648000,7,7,true
1542,1,LightPrepare.Upload,0,0,false,0.003264000,7,7,true
1542,2,PathTracing.Trace,0,0,false,0.987840000,7,7,true
1542,3,Ui.Overlay,0,0,false,0.024128000,7,7,true
1542,4,DLSS.RayReconstruction,1,1,false,1.549792000,7,7,true
1542,5,Present.Convert,1,1,false,0.050368000,7,7,true
1542,6,Present.CopyToSwapchain,1,2,true,0.027680000,7,7,true
1543,0,ASBuild.BuildTLAS,0,0,false,0.122080000,7,7,true
1543,1,LightPrepare.Upload,0,0,false,0.002144000,7,7,true
1543,2,PathTracing.Trace,0,0,false,0.696128000,7,7,true
1543,3,Ui.Overlay,0,0,false,0.013920000,7,7,true
1543,4,DLSS.RayReconstruction,1,1,false,1.716800000,7,7,true
1543,5,Present.Convert,1,1,false,0.047424000,7,7,true
1543,6,Present.CopyToSwapchain,1,2,true,0.024288000,7,7,true
1544,0,ASBuild.BuildTLAS,0,0,false,0.321504000,7,7,true
1544,1,LightPrepare.Upload,0,0,false,0.002368000,7,7,true
1544,2,PathTracing.Trace,0,0,false,0.675424000,7,7,true
1544,3,Ui.Overlay,0,0,false,0.028736000,7,7,true
1544,4,DLSS.RayReconstruction,1,1,false,1.561984000,7,7,true
1544,5,Present.Convert,1,1,false,0.052608000,7,7,true
1544,6,Present.CopyToSwapchain,1,2,true,0.025856000,7,7,true
1545,0,ASBuild.BuildTLAS,0,0,false,0.122272000,7,7,true
1545,1,LightPrepare.Upload,0,0,false,0.002112000,7,7,true
1545,2,PathTracing.Trace,0,0,false,0.753504000,7,7,true
1545,3,Ui.Overlay,0,0,false,0.013920000,7,7,true
1545,4,DLSS.RayReconstruction,1,1,false,1.510944000,7,7,true
1545,5,Present.Convert,1,1,false,0.055680000,7,7,true
1545,6,Present.CopyToSwapchain,1,2,true,0.023840000,7,7,true
1546,0,ASBuild.BuildTLAS,0,0,false,0.125088000,7,7,true
1546,1,LightPrepare.Upload,0,0,false,0.002080000,7,7,true
1546,2,PathTracing.Trace,0,0,false,0.739104000,7,7,true
1546,3,Ui.Overlay,0,0,false,0.015520000,7,7,true
1546,4,DLSS.RayReconstruction,1,1,false,1.763648000,7,7,true
1546,5,Present.Convert,1,1,false,0.051680000,7,7,true
1546,6,Present.CopyToSwapchain,1,2,true,0.024288000,7,7,true
1547,0,ASBuild.BuildTLAS,0,0,false,0.126112000,7,7,true
1547,1,LightPrepare.Upload,0,0,false,0.003104000,7,7,true
1547,2,PathTracing.Trace,0,0,false,0.795520000,7,7,true
1547,3,Ui.Overlay,0,0,false,0.024992000,7,7,true
1547,4,DLSS.RayReconstruction,1,1,false,1.486880000,7,7,true
1547,5,Present.Convert,1,1,false,0.057600000,7,7,true
1547,6,Present.CopyToSwapchain,1,2,true,0.031808000,7,7,true
1548,0,ASBuild.BuildTLAS,0,0,false,0.127008000,7,7,true
1548,1,LightPrepare.Upload,0,0,false,0.003200000,7,7,true
1548,2,PathTracing.Trace,0,0,false,0.693024000,7,7,true
1548,3,Ui.Overlay,0,0,false,0.016896000,7,7,true
1548,4,DLSS.RayReconstruction,1,1,false,1.016000000,7,7,true
1548,5,Present.Convert,1,1,false,0.045536000,7,7,true
1548,6,Present.CopyToSwapchain,1,2,true,0.024512000,7,7,true
1549,0,ASBuild.BuildTLAS,0,0,false,0.093504000,7,7,true
1549,1,LightPrepare.Upload,0,0,false,0.001600000,7,7,true
1549,2,PathTracing.Trace,0,0,false,0.609728000,7,7,true
1549,3,Ui.Overlay,0,0,false,0.012320000,7,7,true
1549,4,DLSS.RayReconstruction,1,1,false,1.514880000,7,7,true
1549,5,Present.Convert,1,1,false,0.052576000,7,7,true
1549,6,Present.CopyToSwapchain,1,2,true,0.022432000,7,7,true
1550,0,ASBuild.BuildTLAS,0,0,false,0.123456000,7,7,true
1550,1,LightPrepare.Upload,0,0,false,0.002048000,7,7,true
1550,2,PathTracing.Trace,0,0,false,0.686016000,7,7,true
1550,3,Ui.Overlay,0,0,false,0.025760000,7,7,true
1550,4,DLSS.RayReconstruction,1,1,false,1.646496000,7,7,true
1550,5,Present.Convert,1,1,false,0.065088000,7,7,true
1550,6,Present.CopyToSwapchain,1,2,true,0.027392000,7,7,true
1551,0,ASBuild.BuildTLAS,0,0,false,0.131008000,7,7,true
1551,1,LightPrepare.Upload,0,0,false,0.002144000,7,7,true
1551,2,PathTracing.Trace,0,0,false,0.689984000,7,7,true
1551,3,Ui.Overlay,0,0,false,0.012480000,7,7,true
1551,4,DLSS.RayReconstruction,1,1,false,1.016896000,7,7,true
1551,5,Present.Convert,1,1,false,0.047680000,7,7,true
1551,6,Present.CopyToSwapchain,1,2,true,0.066528000,7,7,true
1552,0,ASBuild.BuildTLAS,0,0,false,0.126752000,7,7,true
1552,1,LightPrepare.Upload,0,0,false,0.002976000,7,7,true
1552,2,PathTracing.Trace,0,0,false,0.598112000,7,7,true
1552,3,Ui.Overlay,0,0,false,0.012512000,7,7,true
1552,4,DLSS.RayReconstruction,1,1,false,1.001824000,7,7,true
1552,5,Present.Convert,1,1,false,0.051552000,7,7,true
1552,6,Present.CopyToSwapchain,1,2,true,0.024032000,7,7,true
1553,0,ASBuild.BuildTLAS,0,0,false,0.094976000,7,7,true
1553,1,LightPrepare.Upload,0,0,false,0.001632000,7,7,true
1553,2,PathTracing.Trace,0,0,false,0.562592000,7,7,true
1553,3,Ui.Overlay,0,0,false,0.013248000,7,7,true
1553,4,DLSS.RayReconstruction,1,1,false,1.007808000,7,7,true
1553,5,Present.Convert,1,1,false,0.051488000,7,7,true
1553,6,Present.CopyToSwapchain,1,2,true,0.024096000,7,7,true
1554,0,ASBuild.BuildTLAS,0,0,false,0.092448000,7,7,true
1554,1,LightPrepare.Upload,0,0,false,0.001728000,7,7,true
1554,2,PathTracing.Trace,0,0,false,0.575808000,7,7,true
1554,3,Ui.Overlay,0,0,false,0.012064000,7,7,true
1554,4,DLSS.RayReconstruction,1,1,false,0.999488000,7,7,true
1554,5,Present.Convert,1,1,false,0.051232000,7,7,true
1554,6,Present.CopyToSwapchain,1,2,true,0.024192000,7,7,true
1555,0,ASBuild.BuildTLAS,0,0,false,0.095200000,7,7,true
1555,1,LightPrepare.Upload,0,0,false,0.001632000,7,7,true
1555,2,PathTracing.Trace,0,0,false,0.588160000,7,7,true
1555,3,Ui.Overlay,0,0,false,0.012896000,7,7,true
1555,4,DLSS.RayReconstruction,1,1,false,1.503136000,7,7,true
1555,5,Present.Convert,1,1,false,0.057536000,7,7,true
1555,6,Present.CopyToSwapchain,1,2,true,0.030112000,7,7,true
1556,0,ASBuild.BuildTLAS,0,0,false,0.126976000,7,7,true
1556,1,LightPrepare.Upload,0,0,false,0.002208000,7,7,true
1556,2,PathTracing.Trace,0,0,false,0.689984000,7,7,true
1556,3,Ui.Overlay,0,0,false,0.015648000,7,7,true
1556,4,DLSS.RayReconstruction,1,1,false,1.489472000,7,7,true
1556,5,Present.Convert,1,1,false,0.061728000,7,7,true
1556,6,Present.CopyToSwapchain,1,2,true,0.026560000,7,7,true
1557,0,ASBuild.BuildTLAS,0,0,false,0.129056000,7,7,true
1557,1,LightPrepare.Upload,0,0,false,0.006336000,7,7,true
1557,2,PathTracing.Trace,0,0,false,0.700128000,7,7,true
1557,3,Ui.Overlay,0,0,false,0.012224000,7,7,true
1557,4,DLSS.RayReconstruction,1,1,false,1.005440000,7,7,true
1557,5,Present.Convert,1,1,false,0.047392000,7,7,true
1557,6,Present.CopyToSwapchain,1,2,true,0.024448000,7,7,true
1558,0,ASBuild.BuildTLAS,0,0,false,0.094816000,7,7,true
1558,1,LightPrepare.Upload,0,0,false,0.001600000,7,7,true
1558,2,PathTracing.Trace,0,0,false,0.593344000,7,7,true
1558,3,Ui.Overlay,0,0,false,0.012576000,7,7,true
1558,4,DLSS.RayReconstruction,1,1,false,1.507200000,7,7,true
1558,5,Present.Convert,1,1,false,0.055552000,7,7,true
1558,6,Present.CopyToSwapchain,1,2,true,0.027456000,7,7,true
1559,0,ASBuild.BuildTLAS,0,0,false,0.128960000,7,7,true
1559,1,LightPrepare.Upload,0,0,false,0.002080000,7,7,true
1559,2,PathTracing.Trace,0,0,false,0.716672000,7,7,true
1559,3,Ui.Overlay,0,0,false,0.012896000,7,7,true
1559,4,DLSS.RayReconstruction,1,1,false,1.473184000,7,7,true
1559,5,Present.Convert,1,1,false,0.067840000,7,7,true
1559,6,Present.CopyToSwapchain,1,2,true,0.027648000,7,7,true
1560,0,ASBuild.BuildTLAS,0,0,false,0.127936000,7,7,true
1560,1,LightPrepare.Upload,0,0,false,0.002240000,7,7,true
1560,2,PathTracing.Trace,0,0,false,0.710368000,7,7,true
1560,3,Ui.Overlay,0,0,false,0.012128000,7,7,true
1560,4,DLSS.RayReconstruction,1,1,false,1.013568000,7,7,true
1560,5,Present.Convert,1,1,false,0.053536000,7,7,true
1560,6,Present.CopyToSwapchain,1,2,true,0.026464000,7,7,true
1561,0,ASBuild.BuildTLAS,0,0,false,0.117856000,7,7,true
1561,1,LightPrepare.Upload,0,0,false,0.001664000,7,7,true
1561,2,PathTracing.Trace,0,0,false,0.586112000,7,7,true
1561,3,Ui.Overlay,0,0,false,0.012256000,7,7,true
1561,4,DLSS.RayReconstruction,1,1,false,1.157792000,7,7,true
1561,5,Present.Convert,1,1,false,0.047200000,7,7,true
1561,6,Present.CopyToSwapchain,1,2,true,0.026528000,7,7,true
1562,0,ASBuild.BuildTLAS,0,0,false,0.091968000,7,7,true
1562,1,LightPrepare.Upload,0,0,false,0.001760000,7,7,true
1562,2,PathTracing.Trace,0,0,false,0.580896000,7,7,true
1562,3,Ui.Overlay,0,0,false,0.012480000,7,7,true
1562,4,DLSS.RayReconstruction,1,1,false,1.003840000,7,7,true
1562,5,Present.Convert,1,1,false,0.047488000,7,7,true
1562,6,Present.CopyToSwapchain,1,2,true,0.023360000,7,7,true
1563,0,ASBuild.BuildTLAS,0,0,false,0.091552000,7,7,true
1563,1,LightPrepare.Upload,0,0,false,0.001696000,7,7,true
1563,2,PathTracing.Trace,0,0,false,0.580960000,7,7,true
1563,3,Ui.Overlay,0,0,false,0.012320000,7,7,true
1563,4,DLSS.RayReconstruction,1,1,false,0.979520000,7,7,true
1563,5,Present.Convert,1,1,false,0.046400000,7,7,true
1563,6,Present.CopyToSwapchain,1,2,true,0.024096000,7,7,true
1564,0,ASBuild.BuildTLAS,0,0,false,0.092064000,7,7,true
1564,1,LightPrepare.Upload,0,0,false,0.001664000,7,7,true
1564,2,PathTracing.Trace,0,0,false,0.587136000,7,7,true
1564,3,Ui.Overlay,0,0,false,0.012800000,7,7,true
1564,4,DLSS.RayReconstruction,1,1,false,1.170144000,7,7,true
1564,5,Present.Convert,1,1,false,0.049856000,7,7,true
1564,6,Present.CopyToSwapchain,1,2,true,0.025600000,7,7,true
1565,0,ASBuild.BuildTLAS,0,0,false,0.093824000,7,7,true
1565,1,LightPrepare.Upload,0,0,false,0.001632000,7,7,true
1565,2,PathTracing.Trace,0,0,false,0.570784000,7,7,true
1565,3,Ui.Overlay,0,0,false,0.012384000,7,7,true
1565,4,DLSS.RayReconstruction,1,1,false,1.007968000,7,7,true
1565,5,Present.Convert,1,1,false,0.052576000,7,7,true
1565,6,Present.CopyToSwapchain,1,2,true,0.023904000,7,7,true
1566,0,ASBuild.BuildTLAS,0,0,false,0.091520000,7,7,true
1566,1,LightPrepare.Upload,0,0,false,0.001792000,7,7,true
1566,2,PathTracing.Trace,0,0,false,0.587008000,7,7,true
1566,3,Ui.Overlay,0,0,false,0.012352000,7,7,true
1566,4,DLSS.RayReconstruction,1,1,false,1.509152000,7,7,true
1566,5,Present.Convert,1,1,false,0.052544000,7,7,true
1566,6,Present.CopyToSwapchain,1,2,true,0.024224000,7,7,true
1567,0,ASBuild.BuildTLAS,0,0,false,0.149664000,7,7,true
1567,1,LightPrepare.Upload,0,0,false,0.002112000,7,7,true
1567,2,PathTracing.Trace,0,0,false,0.644960000,7,7,true
1567,3,Ui.Overlay,0,0,false,0.021888000,7,7,true
1567,4,DLSS.RayReconstruction,1,1,false,1.696576000,7,7,true
1567,5,Present.Convert,1,1,false,0.052832000,7,7,true
1567,6,Present.CopyToSwapchain,1,2,true,0.033536000,7,7,true
1568,0,ASBuild.BuildTLAS,0,0,false,0.333408000,7,7,true
1568,1,LightPrepare.Upload,0,0,false,0.002144000,7,7,true
1568,2,PathTracing.Trace,0,0,false,0.751456000,7,7,true
1568,3,Ui.Overlay,0,0,false,0.018720000,7,7,true
1568,4,DLSS.RayReconstruction,1,1,false,1.497280000,7,7,true
1568,5,Present.Convert,1,1,false,0.054560000,7,7,true
1568,6,Present.CopyToSwapchain,1,2,true,0.024064000,7,7,true
1569,0,ASBuild.BuildTLAS,0,0,false,0.125888000,7,7,true
1569,1,LightPrepare.Upload,0,0,false,0.002080000,7,7,true
1569,2,PathTracing.Trace,0,0,false,0.649056000,7,7,true
1569,3,Ui.Overlay,0,0,false,0.022080000,7,7,true
1569,4,DLSS.RayReconstruction,1,1,false,0.981408000,7,7,true
1569,5,Present.Convert,1,1,false,0.047136000,7,7,true
1569,6,Present.CopyToSwapchain,1,2,true,0.026016000,7,7,true
1570,0,ASBuild.BuildTLAS,0,0,false,0.093792000,7,7,true
1570,1,LightPrepare.Upload,0,0,false,0.001664000,7,7,true
1570,2,PathTracing.Trace,0,0,false,0.587136000,7,7,true
1570,3,Ui.Overlay,0,0,false,0.012544000,7,7,true
1570,4,DLSS.RayReconstruction,1,1,false,1.001664000,7,7,true
1570,5,Present.Convert,1,1,false,0.054624000,7,7,true
1570,6,Present.CopyToSwapchain,1,2,true,0.024096000,7,7,true
1571,0,ASBuild.BuildTLAS,0,0,false,0.093600000,7,7,true
1571,1,LightPrepare.Upload,0,0,false,0.002528000,7,7,true
1571,2,PathTracing.Trace,0,0,false,0.564768000,7,7,true
1571,3,Ui.Overlay,0,0,false,0.012096000,7,7,true
1571,4,DLSS.RayReconstruction,1,1,false,1.187552000,7,7,true
1571,5,Present.Convert,1,1,false,0.050560000,7,7,true
1571,6,Present.CopyToSwapchain,1,2,true,0.025568000,7,7,true
1572,0,ASBuild.BuildTLAS,0,0,false,0.091584000,7,7,true
1572,1,LightPrepare.Upload,0,0,false,0.001632000,7,7,true
1572,2,PathTracing.Trace,0,0,false,0.564640000,7,7,true
1572,3,Ui.Overlay,0,0,false,0.012800000,7,7,true
1572,4,DLSS.RayReconstruction,1,1,false,1.003328000,7,7,true
1572,5,Present.Convert,1,1,false,0.050624000,7,7,true
1572,6,Present.CopyToSwapchain,1,2,true,0.024064000,7,7,true
1573,0,ASBuild.BuildTLAS,0,0,false,0.090176000,7,7,true
1573,1,LightPrepare.Upload,0,0,false,0.001568000,7,7,true
1573,2,PathTracing.Trace,0,0,false,0.581088000,7,7,true
1573,3,Ui.Overlay,0,0,false,0.012512000,7,7,true
1573,4,DLSS.RayReconstruction,1,1,false,1.468672000,7,7,true
1573,5,Present.Convert,1,1,false,0.237984000,7,7,true
1573,6,Present.CopyToSwapchain,1,2,true,0.024608000,7,7,true
1574,0,ASBuild.BuildTLAS,0,0,false,0.126368000,7,7,true
1574,1,LightPrepare.Upload,0,0,false,0.002112000,7,7,true
1574,2,PathTracing.Trace,0,0,false,0.720768000,7,7,true
1574,3,Ui.Overlay,0,0,false,0.031328000,7,7,true
1574,4,DLSS.RayReconstruction,1,1,false,1.482944000,7,7,true
1574,5,Present.Convert,1,1,false,0.047488000,7,7,true
1574,6,Present.CopyToSwapchain,1,2,true,0.024000000,7,7,true
1575,0,ASBuild.BuildTLAS,0,0,false,0.122848000,7,7,true
1575,1,LightPrepare.Upload,0,0,false,0.002304000,7,7,true
1575,2,PathTracing.Trace,0,0,false,0.661152000,7,7,true
1575,3,Ui.Overlay,0,0,false,0.022368000,7,7,true
1575,4,DLSS.RayReconstruction,1,1,false,1.001504000,7,7,true
1575,5,Present.Convert,1,1,false,0.047424000,7,7,true
1575,6,Present.CopyToSwapchain,1,2,true,0.023840000,7,7,true
1576,0,ASBuild.BuildTLAS,0,0,false,0.091040000,7,7,true
1576,1,LightPrepare.Upload,0,0,false,0.001664000,7,7,true
1576,2,PathTracing.Trace,0,0,false,0.590208000,7,7,true
1576,3,Ui.Overlay,0,0,false,0.012448000,7,7,true
1576,4,DLSS.RayReconstruction,1,1,false,0.992832000,7,7,true
1576,5,Present.Convert,1,1,false,0.050432000,7,7,true
1576,6,Present.CopyToSwapchain,1,2,true,0.024352000,7,7,true
1577,0,ASBuild.BuildTLAS,0,0,false,0.101632000,7,7,true
1577,1,LightPrepare.Upload,0,0,false,0.001600000,7,7,true
1577,2,PathTracing.Trace,0,0,false,0.592288000,7,7,true
1577,3,Ui.Overlay,0,0,false,0.012320000,7,7,true
1577,4,DLSS.RayReconstruction,1,1,false,1.189504000,7,7,true
1577,5,Present.Convert,1,1,false,0.056896000,7,7,true
1577,6,Present.CopyToSwapchain,1,2,true,0.028096000,7,7,true
1578,0,ASBuild.BuildTLAS,0,0,false,0.091072000,7,7,true
1578,1,LightPrepare.Upload,0,0,false,0.001568000,7,7,true
1578,2,PathTracing.Trace,0,0,false,0.603584000,7,7,true
1578,3,Ui.Overlay,0,0,false,0.012512000,7,7,true
1578,4,DLSS.RayReconstruction,1,1,false,1.015456000,7,7,true
1578,5,Present.Convert,1,1,false,0.049440000,7,7,true
1578,6,Present.CopyToSwapchain,1,2,true,0.228672000,7,7,true
1579,0,ASBuild.BuildTLAS,0,0,false,0.126336000,7,7,true
1579,1,LightPrepare.Upload,0,0,false,0.002048000,7,7,true
1579,2,PathTracing.Trace,0,0,false,0.593568000,7,7,true
1579,3,Ui.Overlay,0,0,false,0.012384000,7,7,true
1579,4,DLSS.RayReconstruction,1,1,false,0.986496000,7,7,true
1579,5,Present.Convert,1,1,false,0.052608000,7,7,true
1579,6,Present.CopyToSwapchain,1,2,true,0.024000000,7,7,true
1580,0,ASBuild.BuildTLAS,0,0,false,0.091712000,7,7,true
1580,1,LightPrepare.Upload,0,0,false,0.001728000,7,7,true
1580,2,PathTracing.Trace,0,0,false,0.554304000,7,7,true
1580,3,Ui.Overlay,0,0,false,0.012448000,7,7,true
1580,4,DLSS.RayReconstruction,1,1,false,1.011712000,7,7,true
1580,5,Present.Convert,1,1,false,0.135136000,7,7,true
1580,6,Present.CopyToSwapchain,1,2,true,0.390688000,7,7,true
1581,0,ASBuild.BuildTLAS,0,0,false,0.121920000,7,7,true
1581,1,LightPrepare.Upload,0,0,false,0.002144000,7,7,true
1581,2,PathTracing.Trace,0,0,false,0.626528000,7,7,true
1581,3,Ui.Overlay,0,0,false,0.012384000,7,7,true
1581,4,DLSS.RayReconstruction,1,1,false,0.981120000,7,7,true
1581,5,Present.Convert,1,1,false,0.047488000,7,7,true
1581,6,Present.CopyToSwapchain,1,2,true,0.023872000,7,7,true
1582,0,ASBuild.BuildTLAS,0,0,false,0.093504000,7,7,true
1582,1,LightPrepare.Upload,0,0,false,0.001664000,7,7,true
1582,2,PathTracing.Trace,0,0,false,0.601472000,7,7,true
1582,3,Ui.Overlay,0,0,false,0.012384000,7,7,true
1582,4,DLSS.RayReconstruction,1,1,false,1.013504000,7,7,true
1582,5,Present.Convert,1,1,false,0.238848000,7,7,true
1582,6,Present.CopyToSwapchain,1,2,true,0.288800000,7,7,true
1583,0,ASBuild.BuildTLAS,0,0,false,0.125376000,7,7,true
1583,1,LightPrepare.Upload,0,0,false,0.002048000,7,7,true
1583,2,PathTracing.Trace,0,0,false,0.623520000,7,7,true
1583,3,Ui.Overlay,0,0,false,0.012288000,7,7,true
1583,4,DLSS.RayReconstruction,1,1,false,1.466144000,7,7,true
1583,5,Present.Convert,1,1,false,0.059648000,7,7,true
1583,6,Present.CopyToSwapchain,1,2,true,0.025536000,7,7,true
1584,0,ASBuild.BuildTLAS,0,0,false,0.126560000,7,7,true
1584,1,LightPrepare.Upload,0,0,false,0.002144000,7,7,true
1584,2,PathTracing.Trace,0,0,false,0.722752000,7,7,true
1584,3,Ui.Overlay,0,0,false,0.012192000,7,7,true
1584,4,DLSS.RayReconstruction,1,1,false,1.003520000,7,7,true
1584,5,Present.Convert,1,1,false,0.052576000,7,7,true
1584,6,Present.CopyToSwapchain,1,2,true,0.024192000,7,7,true
1585,0,ASBuild.BuildTLAS,0,0,false,0.092832000,7,7,true
1585,1,LightPrepare.Upload,0,0,false,0.001888000,7,7,true
1585,2,PathTracing.Trace,0,0,false,0.572576000,7,7,true
1585,3,Ui.Overlay,0,0,false,0.012384000,7,7,true
1585,4,DLSS.RayReconstruction,1,1,false,1.007776000,7,7,true
1585,5,Present.Convert,1,1,false,0.047424000,7,7,true
1585,6,Present.CopyToSwapchain,1,2,true,0.023360000,7,7,true
1586,0,ASBuild.BuildTLAS,0,0,false,0.119840000,7,7,true
1586,1,LightPrepare.Upload,0,0,false,0.001664000,7,7,true
1586,2,PathTracing.Trace,0,0,false,0.593280000,7,7,true
1586,3,Ui.Overlay,0,0,false,0.012288000,7,7,true
1586,4,DLSS.RayReconstruction,1,1,false,0.981344000,7,7,true
1586,5,Present.Convert,1,1,false,0.047488000,7,7,true
1586,6,Present.CopyToSwapchain,1,2,true,0.025888000,7,7,true
1587,0,ASBuild.BuildTLAS,0,0,false,0.091520000,7,7,true
1587,1,LightPrepare.Upload,0,0,false,0.001632000,7,7,true
1587,2,PathTracing.Trace,0,0,false,0.580000000,7,7,true
1587,3,Ui.Overlay,0,0,false,0.012448000,7,7,true
1587,4,DLSS.RayReconstruction,1,1,false,1.018400000,7,7,true
1587,5,Present.Convert,1,1,false,0.055488000,7,7,true
1587,6,Present.CopyToSwapchain,1,2,true,0.023872000,7,7,true
1588,0,ASBuild.BuildTLAS,0,0,false,0.091488000,7,7,true
1588,1,LightPrepare.Upload,0,0,false,0.001600000,7,7,true
1588,2,PathTracing.Trace,0,0,false,1.038752000,7,7,true
1588,3,Ui.Overlay,0,0,false,0.013120000,7,7,true
1588,4,DLSS.RayReconstruction,1,1,false,1.511904000,7,7,true
1588,5,Present.Convert,1,1,false,0.047424000,7,7,true
1588,6,Present.CopyToSwapchain,1,2,true,0.022464000,7,7,true
1589,0,ASBuild.BuildTLAS,0,0,false,0.134208000,7,7,true
1589,1,LightPrepare.Upload,0,0,false,0.002080000,7,7,true
1589,2,PathTracing.Trace,0,0,false,0.745344000,7,7,true
1589,3,Ui.Overlay,0,0,false,0.022336000,7,7,true
1589,4,DLSS.RayReconstruction,1,1,false,1.480544000,7,7,true
1589,5,Present.Convert,1,1,false,0.052576000,7,7,true
1589,6,Present.CopyToSwapchain,1,2,true,0.023776000,7,7,true
1590,0,ASBuild.BuildTLAS,0,0,false,0.128416000,7,7,true
1590,1,LightPrepare.Upload,0,0,false,0.003008000,7,7,true
1590,2,PathTracing.Trace,0,0,false,0.801792000,7,7,true
1590,3,Ui.Overlay,0,0,false,0.022048000,7,7,true
1590,4,DLSS.RayReconstruction,1,1,false,1.767872000,7,7,true
1590,5,Present.Convert,1,1,false,0.052320000,7,7,true
1590,6,Present.CopyToSwapchain,1,2,true,0.024352000,7,7,true
1591,0,ASBuild.BuildTLAS,0,0,false,0.120384000,7,7,true
1591,1,LightPrepare.Upload,0,0,false,0.002016000,7,7,true
1591,2,PathTracing.Trace,0,0,false,0.978912000,7,7,true
1591,3,Ui.Overlay,0,0,false,0.021632000,7,7,true
1591,4,DLSS.RayReconstruction,1,1,false,1.455424000,7,7,true
1591,5,Present.Convert,1,1,false,0.050496000,7,7,true
1591,6,Present.CopyToSwapchain,1,2,true,0.024576000,7,7,true
1592,0,ASBuild.BuildTLAS,0,0,false,0.137536000,7,7,true
1592,1,LightPrepare.Upload,0,0,false,0.003200000,7,7,true
1592,2,PathTracing.Trace,0,0,false,0.711552000,7,7,true
1592,3,Ui.Overlay,0,0,false,0.041408000,7,7,true
1592,4,DLSS.RayReconstruction,1,1,false,1.521856000,7,7,true
1592,5,Present.Convert,1,1,false,0.052608000,7,7,true
1592,6,Present.CopyToSwapchain,1,2,true,0.026112000,7,7,true
1593,0,ASBuild.BuildTLAS,0,0,false,0.121888000,7,7,true
1593,1,LightPrepare.Upload,0,0,false,0.002368000,7,7,true
1593,2,PathTracing.Trace,0,0,false,0.718432000,7,7,true
1593,3,Ui.Overlay,0,0,false,0.012320000,7,7,true
1593,4,DLSS.RayReconstruction,1,1,false,1.472128000,7,7,true
1593,5,Present.Convert,1,1,false,0.052576000,7,7,true
1593,6,Present.CopyToSwapchain,1,2,true,0.024928000,7,7,true
1594,0,ASBuild.BuildTLAS,0,0,false,0.126336000,7,7,true
1594,1,LightPrepare.Upload,0,0,false,0.002112000,7,7,true
1594,2,PathTracing.Trace,0,0,false,0.638816000,7,7,true
1594,3,Ui.Overlay,0,0,false,0.022368000,7,7,true
1594,4,DLSS.RayReconstruction,1,1,false,1.003104000,7,7,true
1594,5,Present.Convert,1,1,false,0.051392000,7,7,true
1594,6,Present.CopyToSwapchain,1,2,true,0.024800000,7,7,true
1595,0,ASBuild.BuildTLAS,0,0,false,0.091040000,7,7,true
1595,1,LightPrepare.Upload,0,0,false,0.001664000,7,7,true
1595,2,PathTracing.Trace,0,0,false,0.562592000,7,7,true
1595,3,Ui.Overlay,0,0,false,0.012224000,7,7,true
1595,4,DLSS.RayReconstruction,1,1,false,0.999488000,7,7,true
1595,5,Present.Convert,1,1,false,0.050560000,7,7,true
1595,6,Present.CopyToSwapchain,1,2,true,0.024064000,7,7,true
1596,0,ASBuild.BuildTLAS,0,0,false,0.093536000,7,7,true
1596,1,LightPrepare.Upload,0,0,false,0.001664000,7,7,true
1596,2,PathTracing.Trace,0,0,false,0.591232000,7,7,true
1596,3,Ui.Overlay,0,0,false,0.012416000,7,7,true
1596,4,DLSS.RayReconstruction,1,1,false,1.017568000,7,7,true
1596,5,Present.Convert,1,1,false,0.078240000,7,7,true
1596,6,Present.CopyToSwapchain,1,2,true,0.022048000,7,7,true
1597,0,ASBuild.BuildTLAS,0,0,false,0.092672000,7,7,true
1597,1,LightPrepare.Upload,0,0,false,0.001664000,7,7,true
1597,2,PathTracing.Trace,0,0,false,0.572800000,7,7,true
1597,3,Ui.Overlay,0,0,false,0.012640000,7,7,true
1597,4,DLSS.RayReconstruction,1,1,false,1.005536000,7,7,true
1597,5,Present.Convert,1,1,false,0.045472000,7,7,true
1597,6,Present.CopyToSwapchain,1,2,true,0.023616000,7,7,true
1598,0,ASBuild.BuildTLAS,0,0,false,0.092800000,7,7,true
1598,1,LightPrepare.Upload,0,0,false,0.001696000,7,7,true
1598,2,PathTracing.Trace,0,0,false,0.574784000,7,7,true
1598,3,Ui.Overlay,0,0,false,0.012320000,7,7,true
1598,4,DLSS.RayReconstruction,1,1,false,0.993120000,7,7,true
1598,5,Present.Convert,1,1,false,0.051584000,7,7,true
1598,6,Present.CopyToSwapchain,1,2,true,0.023776000,7,7,true
1599,0,ASBuild.BuildTLAS,0,0,false,0.091744000,7,7,true
1599,1,LightPrepare.Upload,0,0,false,0.001664000,7,7,true
1599,2,PathTracing.Trace,0,0,false,0.591232000,7,7,true
1599,3,Ui.Overlay,0,0,false,0.012544000,7,7,true
1599,4,DLSS.RayReconstruction,1,1,false,0.991808000,7,7,true
1599,5,Present.Convert,1,1,false,0.050720000,7,7,true
1599,6,Present.CopyToSwapchain,1,2,true,0.024192000,7,7,true
1600,0,ASBuild.BuildTLAS,0,0,false,0.092576000,7,7,true
1600,1,LightPrepare.Upload,0,0,false,0.001792000,7,7,true
1600,2,PathTracing.Trace,0,0,false,0.569600000,7,7,true
1600,3,Ui.Overlay,0,0,false,0.012160000,7,7,true
1600,4,DLSS.RayReconstruction,1,1,false,0.996640000,7,7,true
1600,5,Present.Convert,1,1,false,0.053568000,7,7,true
1600,6,Present.CopyToSwapchain,1,2,true,0.026080000,7,7,true
1601,0,ASBuild.BuildTLAS,0,0,false,0.091456000,7,7,true
1601,1,LightPrepare.Upload,0,0,false,0.001856000,7,7,true
1601,2,PathTracing.Trace,0,0,false,0.558240000,7,7,true
1601,3,Ui.Overlay,0,0,false,0.012032000,7,7,true
1601,4,DLSS.RayReconstruction,1,1,false,1.157088000,7,7,true
1601,5,Present.Convert,1,1,false,0.047488000,7,7,true
1601,6,Present.CopyToSwapchain,1,2,true,0.025344000,7,7,true
1602,0,ASBuild.BuildTLAS,0,0,false,0.091712000,7,7,true
1602,1,LightPrepare.Upload,0,0,false,0.001696000,7,7,true
1602,2,PathTracing.Trace,0,0,false,0.578912000,7,7,true
1602,3,Ui.Overlay,0,0,false,0.012512000,7,7,true
1602,4,DLSS.RayReconstruction,1,1,false,0.999936000,7,7,true
1602,5,Present.Convert,1,1,false,0.051584000,7,7,true
1602,6,Present.CopyToSwapchain,1,2,true,0.023872000,7,7,true
1603,0,ASBuild.BuildTLAS,0,0,false,0.091136000,7,7,true
1603,1,LightPrepare.Upload,0,0,false,0.001632000,7,7,true
1603,2,PathTracing.Trace,0,0,false,0.577952000,7,7,true
1603,3,Ui.Overlay,0,0,false,0.011968000,7,7,true
1603,4,DLSS.RayReconstruction,1,1,false,0.983392000,7,7,true
1603,5,Present.Convert,1,1,false,0.050432000,7,7,true
1603,6,Present.CopyToSwapchain,1,2,true,0.026048000,7,7,true
1604,0,ASBuild.BuildTLAS,0,0,false,0.094048000,7,7,true
1604,1,LightPrepare.Upload,0,0,false,0.001632000,7,7,true
1604,2,PathTracing.Trace,0,0,false,0.569728000,7,7,true
1604,3,Ui.Overlay,0,0,false,0.012416000,7,7,true
1604,4,DLSS.RayReconstruction,1,1,false,1.177728000,7,7,true
1604,5,Present.Convert,1,1,false,0.054976000,7,7,true
1604,6,Present.CopyToSwapchain,1,2,true,0.025792000,7,7,true
1605,0,ASBuild.BuildTLAS,0,0,false,0.091168000,7,7,true
1605,1,LightPrepare.Upload,0,0,false,0.001856000,7,7,true
1605,2,PathTracing.Trace,0,0,false,0.597184000,7,7,true
1605,3,Ui.Overlay,0,0,false,0.012736000,7,7,true
1605,4,DLSS.RayReconstruction,1,1,false,1.004288000,7,7,true
1605,5,Present.Convert,1,1,false,0.052544000,7,7,true
1605,6,Present.CopyToSwapchain,1,2,true,0.023840000,7,7,true
1606,0,ASBuild.BuildTLAS,0,0,false,0.093472000,7,7,true
1606,1,LightPrepare.Upload,0,0,false,0.001632000,7,7,true
1606,2,PathTracing.Trace,0,0,false,0.599456000,7,7,true
1606,3,Ui.Overlay,0,0,false,0.012256000,7,7,true
1606,4,DLSS.RayReconstruction,1,1,false,0.983104000,7,7,true
1606,5,Present.Convert,1,1,false,0.050176000,7,7,true
1606,6,Present.CopyToSwapchain,1,2,true,0.023456000,7,7,true
1607,0,ASBuild.BuildTLAS,0,0,false,0.091488000,7,7,true
1607,1,LightPrepare.Upload,0,0,false,0.001760000,7,7,true
1607,2,PathTracing.Trace,0,0,false,0.591136000,7,7,true
1607,3,Ui.Overlay,0,0,false,0.012576000,7,7,true
1607,4,DLSS.RayReconstruction,1,1,false,1.003744000,7,7,true
1607,5,Present.Convert,1,1,false,0.052576000,7,7,true
1607,6,Present.CopyToSwapchain,1,2,true,0.024000000,7,7,true
1608,0,ASBuild.BuildTLAS,0,0,false,0.093216000,7,7,true
1608,1,LightPrepare.Upload,0,0,false,0.001696000,7,7,true
1608,2,PathTracing.Trace,0,0,false,0.736608000,7,7,true
1608,3,Ui.Overlay,0,0,false,0.012000000,7,7,true
1608,4,DLSS.RayReconstruction,1,1,false,0.997824000,7,7,true
1608,5,Present.Convert,1,1,false,0.047456000,7,7,true
1608,6,Present.CopyToSwapchain,1,2,true,0.023936000,7,7,true
1609,0,ASBuild.BuildTLAS,0,0,false,0.091392000,7,7,true
1609,1,LightPrepare.Upload,0,0,false,0.001632000,7,7,true
1609,2,PathTracing.Trace,0,0,false,0.578976000,7,7,true
1609,3,Ui.Overlay,0,0,false,0.012352000,7,7,true
1609,4,DLSS.RayReconstruction,1,1,false,0.985504000,7,7,true
1609,5,Present.Convert,1,1,false,0.050528000,7,7,true
1609,6,Present.CopyToSwapchain,1,2,true,0.023712000,7,7,true
1610,0,ASBuild.BuildTLAS,0,0,false,0.091872000,7,7,true
1610,1,LightPrepare.Upload,0,0,false,0.001568000,7,7,true
1610,2,PathTracing.Trace,0,0,false,0.575968000,7,7,true
1610,3,Ui.Overlay,0,0,false,0.012576000,7,7,true
1610,4,DLSS.RayReconstruction,1,1,false,0.995616000,7,7,true
1610,5,Present.Convert,1,1,false,0.052544000,7,7,true
1610,6,Present.CopyToSwapchain,1,2,true,0.023552000,7,7,true
1611,0,ASBuild.BuildTLAS,0,0,false,0.089600000,7,7,true
1611,1,LightPrepare.Upload,0,0,false,0.001568000,7,7,true
1611,2,PathTracing.Trace,0,0,false,0.589248000,7,7,true
1611,3,Ui.Overlay,0,0,false,0.011872000,7,7,true
1611,4,DLSS.RayReconstruction,1,1,false,0.997376000,7,7,true
1611,5,Present.Convert,1,1,false,0.052544000,7,7,true
1611,6,Present.CopyToSwapchain,1,2,true,0.023904000,7,7,true
1612,0,ASBuild.BuildTLAS,0,0,false,0.093120000,7,7,true
1612,1,LightPrepare.Upload,0,0,false,0.001664000,7,7,true
1612,2,PathTracing.Trace,0,0,false,0.613760000,7,7,true
1612,3,Ui.Overlay,0,0,false,0.012352000,7,7,true
1612,4,DLSS.RayReconstruction,1,1,false,0.989760000,7,7,true
1612,5,Present.Convert,1,1,false,0.045376000,7,7,true
1612,6,Present.CopyToSwapchain,1,2,true,0.023616000,7,7,true
1613,0,ASBuild.BuildTLAS,0,0,false,0.093504000,7,7,true
1613,1,LightPrepare.Upload,0,0,false,0.001664000,7,7,true
1613,2,PathTracing.Trace,0,0,false,0.565600000,7,7,true
1613,3,Ui.Overlay,0,0,false,0.012288000,7,7,true
1613,4,DLSS.RayReconstruction,1,1,false,1.491424000,7,7,true
1613,5,Present.Convert,1,1,false,0.055552000,7,7,true
1613,6,Present.CopyToSwapchain,1,2,true,0.034432000,7,7,true
1614,0,ASBuild.BuildTLAS,0,0,false,0.120896000,7,7,true
1614,1,LightPrepare.Upload,0,0,false,0.007744000,7,7,true
1614,2,PathTracing.Trace,0,0,false,0.698720000,7,7,true
1614,3,Ui.Overlay,0,0,false,0.019552000,7,7,true
1614,4,DLSS.RayReconstruction,1,1,false,1.185344000,7,7,true
1614,5,Present.Convert,1,1,false,0.047168000,7,7,true
1614,6,Present.CopyToSwapchain,1,2,true,0.026592000,7,7,true
1615,0,ASBuild.BuildTLAS,0,0,false,0.117504000,7,7,true
1615,1,LightPrepare.Upload,0,0,false,0.001632000,7,7,true
1615,2,PathTracing.Trace,0,0,false,0.562592000,7,7,true
1615,3,Ui.Overlay,0,0,false,0.012224000,7,7,true
1615,4,DLSS.RayReconstruction,1,1,false,1.003936000,7,7,true
1615,5,Present.Convert,1,1,false,0.047424000,7,7,true
1615,6,Present.CopyToSwapchain,1,2,true,0.024032000,7,7,true
1616,0,ASBuild.BuildTLAS,0,0,false,0.091264000,7,7,true
1616,1,LightPrepare.Upload,0,0,false,0.001632000,7,7,true
1616,2,PathTracing.Trace,0,0,false,0.566656000,7,7,true
1616,3,Ui.Overlay,0,0,false,0.011904000,7,7,true
1616,4,DLSS.RayReconstruction,1,1,false,0.982816000,7,7,true
1616,5,Present.Convert,1,1,false,0.045248000,7,7,true
1616,6,Present.CopyToSwapchain,1,2,true,0.026144000,7,7,true
1617,0,ASBuild.BuildTLAS,0,0,false,0.090880000,7,7,true
1617,1,LightPrepare.Upload,0,0,false,0.001792000,7,7,true
1617,2,PathTracing.Trace,0,0,false,0.589056000,7,7,true
1617,3,Ui.Overlay,0,0,false,0.012288000,7,7,true
1617,4,DLSS.RayReconstruction,1,1,false,1.003616000,7,7,true
1617,5,Present.Convert,1,1,false,0.052544000,7,7,true
1617,6,Present.CopyToSwapchain,1,2,true,0.023968000,7,7,true
1618,0,ASBuild.BuildTLAS,0,0,false,0.090848000,7,7,true
1618,1,LightPrepare.Upload,0,0,false,0.001632000,7,7,true
1618,2,PathTracing.Trace,0,0,false,0.589184000,7,7,true
1618,3,Ui.Overlay,0,0,false,0.012352000,7,7,true
1618,4,DLSS.RayReconstruction,1,1,false,1.005536000,7,7,true
1618,5,Present.Convert,1,1,false,0.051584000,7,7,true
1618,6,Present.CopyToSwapchain,1,2,true,0.023904000,7,7,true
1619,0,ASBuild.BuildTLAS,0,0,false,0.093920000,7,7,true
1619,1,LightPrepare.Upload,0,0,false,0.001664000,7,7,true
1619,2,PathTracing.Trace,0,0,false,0.583040000,7,7,true
1619,3,Ui.Overlay,0,0,false,0.012128000,7,7,true
1619,4,DLSS.RayReconstruction,1,1,false,1.158144000,7,7,true
1619,5,Present.Convert,1,1,false,0.047488000,7,7,true
1619,6,Present.CopyToSwapchain,1,2,true,0.024000000,7,7,true
1620,0,ASBuild.BuildTLAS,0,0,false,0.091808000,7,7,true
1620,1,LightPrepare.Upload,0,0,false,0.001664000,7,7,true
1620,2,PathTracing.Trace,0,0,false,0.562560000,7,7,true
1620,3,Ui.Overlay,0,0,false,0.012704000,7,7,true
1620,4,DLSS.RayReconstruction,1,1,false,0.997664000,7,7,true
1620,5,Present.Convert,1,1,false,0.047552000,7,7,true
1620,6,Present.CopyToSwapchain,1,2,true,0.023904000,7,7,true
1621,0,ASBuild.BuildTLAS,0,0,false,0.091392000,7,7,true
1621,1,LightPrepare.Upload,0,0,false,0.001568000,7,7,true
1621,2,PathTracing.Trace,0,0,false,0.650720000,7,7,true
1621,3,Ui.Overlay,0,0,false,0.012448000,7,7,true
1621,4,DLSS.RayReconstruction,1,1,false,0.978560000,7,7,true
1621,5,Present.Convert,1,1,false,0.045408000,7,7,true
1621,6,Present.CopyToSwapchain,1,2,true,0.023296000,7,7,true
1622,0,ASBuild.BuildTLAS,0,0,false,0.093408000,7,7,true
1622,1,LightPrepare.Upload,0,0,false,0.001568000,7,7,true
1622,2,PathTracing.Trace,0,0,false,0.595392000,7,7,true
1622,3,Ui.Overlay,0,0,false,0.012672000,7,7,true
1622,4,DLSS.RayReconstruction,1,1,false,1.189216000,7,7,true
1622,5,Present.Convert,1,1,false,0.051936000,7,7,true
1622,6,Present.CopyToSwapchain,1,2,true,0.025888000,7,7,true
1623,0,ASBuild.BuildTLAS,0,0,false,0.092928000,7,7,true
1623,1,LightPrepare.Upload,0,0,false,0.001632000,7,7,true
1623,2,PathTracing.Trace,0,0,false,0.586144000,7,7,true
1623,3,Ui.Overlay,0,0,false,0.012704000,7,7,true
1623,4,DLSS.RayReconstruction,1,1,false,0.997440000,7,7,true
1623,5,Present.Convert,1,1,false,0.047392000,7,7,true
1623,6,Present.CopyToSwapchain,1,2,true,0.024032000,7,7,true
1624,0,ASBuild.BuildTLAS,0,0,false,0.091040000,7,7,true
1624,1,LightPrepare.Upload,0,0,false,0.001664000,7,7,true
1624,2,PathTracing.Trace,0,0,false,0.599424000,7,7,true
1624,3,Ui.Overlay,0,0,false,0.012224000,7,7,true
1624,4,DLSS.RayReconstruction,1,1,false,0.993408000,7,7,true
1624,5,Present.Convert,1,1,false,0.049440000,7,7,true
1624,6,Present.CopyToSwapchain,1,2,true,0.207424000,7,7,true
1625,0,ASBuild.BuildTLAS,0,0,false,0.131616000,7,7,true
1625,1,LightPrepare.Upload,0,0,false,0.002432000,7,7,true
1625,2,PathTracing.Trace,0,0,false,0.650816000,7,7,true
1625,3,Ui.Overlay,0,0,false,0.012256000,7,7,true
1625,4,DLSS.RayReconstruction,1,1,false,1.487264000,7,7,true
1625,5,Present.Convert,1,1,false,0.063488000,7,7,true
1625,6,Present.CopyToSwapchain,1,2,true,0.026176000,7,7,true
1626,0,ASBuild.BuildTLAS,0,0,false,0.125792000,7,7,true
1626,1,LightPrepare.Upload,0,0,false,0.002432000,7,7,true
1626,2,PathTracing.Trace,0,0,false,0.710176000,7,7,true
1626,3,Ui.Overlay,0,0,false,0.011840000,7,7,true
1626,4,DLSS.RayReconstruction,1,1,false,0.978944000,7,7,true
1626,5,Present.Convert,1,1,false,0.047488000,7,7,true
1626,6,Present.CopyToSwapchain,1,2,true,0.028032000,7,7,true
1627,0,ASBuild.BuildTLAS,0,0,false,0.093024000,7,7,true
1627,1,LightPrepare.Upload,0,0,false,0.001632000,7,7,true
1627,2,PathTracing.Trace,0,0,false,0.585120000,7,7,true
1627,3,Ui.Overlay,0,0,false,0.012576000,7,7,true
1627,4,DLSS.RayReconstruction,1,1,false,1.005312000,7,7,true
1627,5,Present.Convert,1,1,false,0.046432000,7,7,true
1627,6,Present.CopyToSwapchain,1,2,true,0.023584000,7,7,true
1628,0,ASBuild.BuildTLAS,0,0,false,0.093184000,7,7,true
1628,1,LightPrepare.Upload,0,0,false,0.001632000,7,7,true
1628,2,PathTracing.Trace,0,0,false,0.568736000,7,7,true
1628,3,Ui.Overlay,0,0,false,0.012416000,7,7,true
1628,4,DLSS.RayReconstruction,1,1,false,0.999648000,7,7,true
1628,5,Present.Convert,1,1,false,0.047456000,7,7,true
1628,6,Present.CopyToSwapchain,1,2,true,0.026048000,7,7,true
1629,0,ASBuild.BuildTLAS,0,0,false,0.093536000,7,7,true
1629,1,LightPrepare.Upload,0,0,false,0.001664000,7,7,true
1629,2,PathTracing.Trace,0,0,false,0.597376000,7,7,true
1629,3,Ui.Overlay,0,0,false,0.012256000,7,7,true
1629,4,DLSS.RayReconstruction,1,1,false,1.162048000,7,7,true
1629,5,Present.Convert,1,1,false,0.047456000,7,7,true
1629,6,Present.CopyToSwapchain,1,2,true,0.023968000,7,7,true
1630,0,ASBuild.BuildTLAS,0,0,false,0.091104000,7,7,true
1630,1,LightPrepare.Upload,0,0,false,0.001728000,7,7,true
1630,2,PathTracing.Trace,0,0,false,0.630080000,7,7,true
1630,3,Ui.Overlay,0,0,false,0.012320000,7,7,true
1630,4,DLSS.RayReconstruction,1,1,false,1.005216000,7,7,true
1630,5,Present.Convert,1,1,false,0.045056000,7,7,true
1630,6,Present.CopyToSwapchain,1,2,true,0.025856000,7,7,true
1631,0,ASBuild.BuildTLAS,0,0,false,0.091584000,7,7,true
1631,1,LightPrepare.Upload,0,0,false,0.001632000,7,7,true
1631,2,PathTracing.Trace,0,0,false,0.603552000,7,7,true
1631,3,Ui.Overlay,0,0,false,0.011936000,7,7,true
1631,4,DLSS.RayReconstruction,1,1,false,1.001504000,7,7,true
1631,5,Present.Convert,1,1,false,0.053600000,7,7,true
1631,6,Present.CopyToSwapchain,1,2,true,0.025920000,7,7,true
1632,0,ASBuild.BuildTLAS,0,0,false,0.093216000,7,7,true
1632,1,LightPrepare.Upload,0,0,false,0.001792000,7,7,true
1632,2,PathTracing.Trace,0,0,false,0.574688000,7,7,true
1632,3,Ui.Overlay,0,0,false,0.012480000,7,7,true
1632,4,DLSS.RayReconstruction,1,1,false,1.193632000,7,7,true
1632,5,Present.Convert,1,1,false,0.051808000,7,7,true
1632,6,Present.CopyToSwapchain,1,2,true,0.023776000,7,7,true
1633,0,ASBuild.BuildTLAS,0,0,false,0.093248000,7,7,true
1633,1,LightPrepare.Upload,0,0,false,0.001632000,7,7,true
1633,2,PathTracing.Trace,0,0,false,0.599456000,7,7,true
1633,3,Ui.Overlay,0,0,false,0.012416000,7,7,true
1633,4,DLSS.RayReconstruction,1,1,false,1.005632000,7,7,true
1633,5,Present.Convert,1,1,false,0.046464000,7,7,true
1633,6,Present.CopyToSwapchain,1,2,true,0.022656000,7,7,true
1634,0,ASBuild.BuildTLAS,0,0,false,0.093344000,7,7,true
1634,1,LightPrepare.Upload,0,0,false,0.001696000,7,7,true
1634,2,PathTracing.Trace,0,0,false,0.578848000,7,7,true
1634,3,Ui.Overlay,0,0,false,0.012416000,7,7,true
1634,4,DLSS.RayReconstruction,1,1,false,0.983680000,7,7,true
1634,5,Present.Convert,1,1,false,0.052608000,7,7,true
1634,6,Present.CopyToSwapchain,1,2,true,0.024256000,7,7,true
1635,0,ASBuild.BuildTLAS,0,0,false,0.090912000,7,7,true
1635,1,LightPrepare.Upload,0,0,false,0.001792000,7,7,true
1635,2,PathTracing.Trace,0,0,false,0.869632000,7,7,true
1635,3,Ui.Overlay,0,0,false,0.012608000,7,7,true
1635,4,DLSS.RayReconstruction,1,1,false,0.984960000,7,7,true
1635,5,Present.Convert,1,1,false,0.047424000,7,7,true
1635,6,Present.CopyToSwapchain,1,2,true,0.022016000,7,7,true
1636,0,ASBuild.BuildTLAS,0,0,false,0.091584000,7,7,true
1636,1,LightPrepare.Upload,0,0,false,0.001632000,7,7,true
1636,2,PathTracing.Trace,0,0,false,0.612768000,7,7,true
1636,3,Ui.Overlay,0,0,false,0.012256000,7,7,true
1636,4,DLSS.RayReconstruction,1,1,false,0.982816000,7,7,true
1636,5,Present.Convert,1,1,false,0.045440000,7,7,true
1636,6,Present.CopyToSwapchain,1,2,true,0.024384000,7,7,true
1637,0,ASBuild.BuildTLAS,0,0,false,0.093248000,7,7,true
1637,1,LightPrepare.Upload,0,0,false,0.001568000,7,7,true
1637,2,PathTracing.Trace,0,0,false,0.607680000,7,7,true
1637,3,Ui.Overlay,0,0,false,0.012320000,7,7,true
1637,4,DLSS.RayReconstruction,1,1,false,1.213536000,7,7,true
1637,5,Present.Convert,1,1,false,0.046880000,7,7,true
1637,6,Present.CopyToSwapchain,1,2,true,0.025664000,7,7,true
1638,0,ASBuild.BuildTLAS,0,0,false,0.091616000,7,7,true
1638,1,LightPrepare.Upload,0,0,false,0.001536000,7,7,true
1638,2,PathTracing.Trace,0,0,false,0.573920000,7,7,true
1638,3,Ui.Overlay,0,0,false,0.012480000,7,7,true
1638,4,DLSS.RayReconstruction,1,1,false,1.497088000,7,7,true
1638,5,Present.Convert,1,1,false,0.059648000,7,7,true
1638,6,Present.CopyToSwapchain,1,2,true,0.024000000,7,7,true
1639,0,ASBuild.BuildTLAS,0,0,false,0.118624000,7,7,true
1639,1,LightPrepare.Upload,0,0,false,0.005792000,7,7,true
1639,2,PathTracing.Trace,0,0,false,0.672000000,7,7,true
1639,3,Ui.Overlay,0,0,false,0.015968000,7,7,true
1639,4,DLSS.RayReconstruction,1,1,false,0.983680000,7,7,true
1639,5,Present.Convert,1,1,false,0.050528000,7,7,true
1639,6,Present.CopyToSwapchain,1,2,true,0.023296000,7,7,true
1640,0,ASBuild.BuildTLAS,0,0,false,0.091520000,7,7,true
1640,1,LightPrepare.Upload,0,0,false,0.001440000,7,7,true
1640,2,PathTracing.Trace,0,0,false,0.587360000,7,7,true
1640,3,Ui.Overlay,0,0,false,0.012384000,7,7,true
1640,4,DLSS.RayReconstruction,1,1,false,1.007776000,7,7,true
1640,5,Present.Convert,1,1,false,0.047456000,7,7,true
1640,6,Present.CopyToSwapchain,1,2,true,0.023296000,7,7,true
1641,0,ASBuild.BuildTLAS,0,0,false,0.093600000,7,7,true
1641,1,LightPrepare.Upload,0,0,false,0.001536000,7,7,true
1641,2,PathTracing.Trace,0,0,false,0.818688000,7,7,true
1641,3,Ui.Overlay,0,0,false,0.012000000,7,7,true
1641,4,DLSS.RayReconstruction,1,1,false,0.989216000,7,7,true
1641,5,Present.Convert,1,1,false,0.051040000,7,7,true
1641,6,Present.CopyToSwapchain,1,2,true,0.023808000,7,7,true
1642,0,ASBuild.BuildTLAS,0,0,false,0.092992000,7,7,true
1642,1,LightPrepare.Upload,0,0,false,0.001536000,7,7,true
1642,2,PathTracing.Trace,0,0,false,0.572928000,7,7,true
1642,3,Ui.Overlay,0,0,false,0.012736000,7,7,true
1642,4,DLSS.RayReconstruction,1,1,false,0.991200000,7,7,true
1642,5,Present.Convert,1,1,false,0.048480000,7,7,true
1642,6,Present.CopyToSwapchain,1,2,true,0.024448000,7,7,true
1643,0,ASBuild.BuildTLAS,0,0,false,0.093696000,7,7,true
1643,1,LightPrepare.Upload,0,0,false,0.001760000,7,7,true
1643,2,PathTracing.Trace,0,0,false,0.566560000,7,7,true
1643,3,Ui.Overlay,0,0,false,0.012640000,7,7,true
1643,4,DLSS.RayReconstruction,1,1,false,1.007744000,7,7,true
1643,5,Present.Convert,1,1,false,0.052480000,7,7,true
1643,6,Present.CopyToSwapchain,1,2,true,0.023904000,7,7,true
1644,0,ASBuild.BuildTLAS,0,0,false,0.093568000,7,7,true
1644,1,LightPrepare.Upload,0,0,false,0.001632000,7,7,true
1644,2,PathTracing.Trace,0,0,false,0.561568000,7,7,true
1644,3,Ui.Overlay,0,0,false,0.012288000,7,7,true
1644,4,DLSS.RayReconstruction,1,1,false,1.233728000,7,7,true
1644,5,Present.Convert,1,1,false,0.050752000,7,7,true
1644,6,Present.CopyToSwapchain,1,2,true,0.025664000,7,7,true
1645,0,ASBuild.BuildTLAS,0,0,false,0.090752000,7,7,true
1645,1,LightPrepare.Upload,0,0,false,0.001632000,7,7,true
1645,2,PathTracing.Trace,0,0,false,0.596352000,7,7,true
1645,3,Ui.Overlay,0,0,false,0.012448000,7,7,true
1645,4,DLSS.RayReconstruction,1,1,false,1.005856000,7,7,true
1645,5,Present.Convert,1,1,false,0.050400000,7,7,true
1645,6,Present.CopyToSwapchain,1,2,true,0.024608000,7,7,true
1646,0,ASBuild.BuildTLAS,0,0,false,0.093568000,7,7,true
1646,1,LightPrepare.Upload,0,0,false,0.001632000,7,7,true
1646,2,PathTracing.Trace,0,0,false,0.601472000,7,7,true
1646,3,Ui.Overlay,0,0,false,0.012480000,7,7,true
1646,4,DLSS.RayReconstruction,1,1,false,1.497184000,7,7,true
1646,5,Present.Convert,1,1,false,0.061728000,7,7,true
1646,6,Present.CopyToSwapchain,1,2,true,0.022016000,7,7,true
1647,0,ASBuild.BuildTLAS,0,0,false,0.119968000,7,7,true
1647,1,LightPrepare.Upload,0,0,false,0.002176000,7,7,true
1647,2,PathTracing.Trace,0,0,false,0.655136000,7,7,true
1647,3,Ui.Overlay,0,0,false,0.016608000,7,7,true
1647,4,DLSS.RayReconstruction,1,1,false,1.676192000,7,7,true
1647,5,Present.Convert,1,1,false,0.055616000,7,7,true
1647,6,Present.CopyToSwapchain,1,2,true,0.032896000,7,7,true
1648,0,ASBuild.BuildTLAS,0,0,false,0.121920000,7,7,true
1648,1,LightPrepare.Upload,0,0,false,0.002080000,7,7,true
1648,2,PathTracing.Trace,0,0,false,0.729184000,7,7,true
1648,3,Ui.Overlay,0,0,false,0.018976000,7,7,true
1648,4,DLSS.RayReconstruction,1,1,false,1.002944000,7,7,true
1648,5,Present.Convert,1,1,false,0.050464000,7,7,true
1648,6,Present.CopyToSwapchain,1,2,true,0.024256000,7,7,true
1649,0,ASBuild.BuildTLAS,0,0,false,0.093664000,7,7,true
1649,1,LightPrepare.Upload,0,0,false,0.001632000,7,7,true
1649,2,PathTracing.Trace,0,0,false,0.572832000,7,7,true
1649,3,Ui.Overlay,0,0,false,0.012000000,7,7,true
1649,4,DLSS.RayReconstruction,1,1,false,0.989408000,7,7,true
1649,5,Present.Convert,1,1,false,0.052608000,7,7,true
1649,6,Present.CopyToSwapchain,1,2,true,0.023904000,7,7,true
1650,0,ASBuild.BuildTLAS,0,0,false,0.093344000,7,7,true
1650,1,LightPrepare.Upload,0,0,false,0.001984000,7,7,true
1650,2,PathTracing.Trace,0,0,false,0.584736000,7,7,true
1650,3,Ui.Overlay,0,0,false,0.012352000,7,7,true
1650,4,DLSS.RayReconstruction,1,1,false,1.711584000,7,7,true
1650,5,Present.Convert,1,1,false,0.061056000,7,7,true
1650,6,Present.CopyToSwapchain,1,2,true,0.024704000,7,7,true
1651,0,ASBuild.BuildTLAS,0,0,false,0.123008000,7,7,true
1651,1,LightPrepare.Upload,0,0,false,0.002112000,7,7,true
1651,2,PathTracing.Trace,0,0,false,0.905056000,7,7,true
1651,3,Ui.Overlay,0,0,false,0.015232000,7,7,true
1651,4,DLSS.RayReconstruction,1,1,false,1.517312000,7,7,true
1651,5,Present.Convert,1,1,false,0.047456000,7,7,true
1651,6,Present.CopyToSwapchain,1,2,true,0.026336000,7,7,true
1652,0,ASBuild.BuildTLAS,0,0,false,0.093472000,7,7,true
1652,1,LightPrepare.Upload,0,0,false,0.002272000,7,7,true
1652,2,PathTracing.Trace,0,0,false,0.751296000,7,7,true
1652,3,Ui.Overlay,0,0,false,0.019808000,7,7,true
1652,4,DLSS.RayReconstruction,1,1,false,0.991712000,7,7,true
1652,5,Present.Convert,1,1,false,0.188544000,7,7,true
1652,6,Present.CopyToSwapchain,1,2,true,0.340832000,7,7,true
1653,0,ASBuild.BuildTLAS,0,0,false,0.125696000,7,7,true
1653,1,LightPrepare.Upload,0,0,false,0.001664000,7,7,true
1653,2,PathTracing.Trace,0,0,false,0.592256000,7,7,true
1653,3,Ui.Overlay,0,0,false,0.011904000,7,7,true
1653,4,DLSS.RayReconstruction,1,1,false,0.999200000,7,7,true
1653,5,Present.Convert,1,1,false,0.047584000,7,7,true
1653,6,Present.CopyToSwapchain,1,2,true,0.024864000,7,7,true
1654,0,ASBuild.BuildTLAS,0,0,false,0.103488000,7,7,true
1654,1,LightPrepare.Upload,0,0,false,0.001760000,7,7,true
1654,2,PathTracing.Trace,0,0,false,0.599328000,7,7,true
1654,3,Ui.Overlay,0,0,false,0.012352000,7,7,true
1654,4,DLSS.RayReconstruction,1,1,false,0.987616000,7,7,true
1654,5,Present.Convert,1,1,false,0.168096000,7,7,true
1654,6,Present.CopyToSwapchain,1,2,true,0.362816000,7,7,true
1655,0,ASBuild.BuildTLAS,0,0,false,0.123936000,7,7,true
1655,1,LightPrepare.Upload,0,0,false,0.002496000,7,7,true
1655,2,PathTracing.Trace,0,0,false,0.611840000,7,7,true
1655,3,Ui.Overlay,0,0,false,0.012128000,7,7,true
1655,4,DLSS.RayReconstruction,1,1,false,1.001856000,7,7,true
1655,5,Present.Convert,1,1,false,0.052576000,7,7,true
1655,6,Present.CopyToSwapchain,1,2,true,0.025728000,7,7,true
1656,0,ASBuild.BuildTLAS,0,0,false,0.091104000,7,7,true
1656,1,LightPrepare.Upload,0,0,false,0.001632000,7,7,true
1656,2,PathTracing.Trace,0,0,false,0.589216000,7,7,true
1656,3,Ui.Overlay,0,0,false,0.012224000,7,7,true
1656,4,DLSS.RayReconstruction,1,1,false,1.655744000,7,7,true
1656,5,Present.Convert,1,1,false,0.059648000,7,7,true
1656,6,Present.CopyToSwapchain,1,2,true,0.022656000,7,7,true
1657,0,ASBuild.BuildTLAS,0,0,false,0.124896000,7,7,true
1657,1,LightPrepare.Upload,0,0,false,0.002176000,7,7,true
1657,2,PathTracing.Trace,0,0,false,0.673568000,7,7,true
1657,3,Ui.Overlay,0,0,false,0.016288000,7,7,true
1657,4,DLSS.RayReconstruction,1,1,false,1.017792000,7,7,true
1657,5,Present.Convert,1,1,false,0.317408000,7,7,true
1657,6,Present.CopyToSwapchain,1,2,true,0.223744000,7,7,true
1658,0,ASBuild.BuildTLAS,0,0,false,0.124768000,7,7,true
1658,1,LightPrepare.Upload,0,0,false,0.002112000,7,7,true
1658,2,PathTracing.Trace,0,0,false,0.653120000,7,7,true
1658,3,Ui.Overlay,0,0,false,0.012224000,7,7,true
1658,4,DLSS.RayReconstruction,1,1,false,0.987072000,7,7,true
1658,5,Present.Convert,1,1,false,0.051520000,7,7,true
1658,6,Present.CopyToSwapchain,1,2,true,0.024064000,7,7,true
1659,0,ASBuild.BuildTLAS,0,0,false,0.091456000,7,7,true
1659,1,LightPrepare.Upload,0,0,false,0.001632000,7,7,true
1659,2,PathTracing.Trace,0,0,false,0.570752000,7,7,true
1659,3,Ui.Overlay,0,0,false,0.012448000,7,7,true
1659,4,DLSS.RayReconstruction,1,1,false,1.006080000,7,7,true
1659,5,Present.Convert,1,1,false,0.047040000,7,7,true
1659,6,Present.CopyToSwapchain,1,2,true,0.059680000,7,7,true
1660,0,ASBuild.BuildTLAS,0,0,false,0.119488000,7,7,true
1660,1,LightPrepare.Upload,0,0,false,0.001920000,7,7,true
1660,2,PathTracing.Trace,0,0,false,0.575552000,7,7,true
1660,3,Ui.Overlay,0,0,false,0.012000000,7,7,true
1660,4,DLSS.RayReconstruction,1,1,false,0.993984000,7,7,true
1660,5,Present.Convert,1,1,false,0.047392000,7,7,true
1660,6,Present.CopyToSwapchain,1,2,true,0.137152000,7,7,true
1661,0,ASBuild.BuildTLAS,0,0,false,0.131552000,7,7,true
1661,1,LightPrepare.Upload,0,0,false,0.002528000,7,7,true
1661,2,PathTracing.Trace,0,0,false,0.581504000,7,7,true
1661,3,Ui.Overlay,0,0,false,0.012416000,7,7,true
1661,4,DLSS.RayReconstruction,1,1,false,1.012704000,7,7,true
1661,5,Present.Convert,1,1,false,0.047360000,7,7,true
1661,6,Present.CopyToSwapchain,1,2,true,0.027328000,7,7,true
1662,0,ASBuild.BuildTLAS,0,0,false,0.131904000,7,7,true
1662,1,LightPrepare.Upload,0,0,false,0.001632000,7,7,true
1662,2,PathTracing.Trace,0,0,false,0.604576000,7,7,true
1662,3,Ui.Overlay,0,0,false,0.012160000,7,7,true
1662,4,DLSS.RayReconstruction,1,1,false,1.304128000,7,7,true
1662,5,Present.Convert,1,1,false,0.190592000,7,7,true
1662,6,Present.CopyToSwapchain,1,2,true,0.030784000,7,7,true
1663,0,ASBuild.BuildTLAS,0,0,false,0.126144000,7,7,true
1663,1,LightPrepare.Upload,0,0,false,0.002080000,7,7,true
1663,2,PathTracing.Trace,0,0,false,0.694080000,7,7,true
1663,3,Ui.Overlay,0,0,false,0.012576000,7,7,true
1663,4,DLSS.RayReconstruction,1,1,false,1.781312000,7,7,true
1663,5,Present.Convert,1,1,false,0.049856000,7,7,true
1663,6,Present.CopyToSwapchain,1,2,true,0.026944000,7,7,true
1664,0,ASBuild.BuildTLAS,0,0,false,0.123200000,7,7,true
1664,1,LightPrepare.Upload,0,0,false,0.002144000,7,7,true
1664,2,PathTracing.Trace,0,0,false,0.937792000,7,7,true
1664,3,Ui.Overlay,0,0,false,0.024128000,7,7,true
1664,4,DLSS.RayReconstruction,1,1,false,1.513760000,7,7,true
1664,5,Present.Convert,1,1,false,0.052608000,7,7,true
1664,6,Present.CopyToSwapchain,1,2,true,0.023904000,7,7,true
1665,0,ASBuild.BuildTLAS,0,0,false,0.142560000,7,7,true
1665,1,LightPrepare.Upload,0,0,false,0.002080000,7,7,true
1665,2,PathTracing.Trace,0,0,false,0.698240000,7,7,true
1665,3,Ui.Overlay,0,0,false,0.022656000,7,7,true
1665,4,DLSS.RayReconstruction,1,1,false,1.512640000,7,7,true
1665,5,Present.Convert,1,1,false,0.052448000,7,7,true
1665,6,Present.CopyToSwapchain,1,2,true,0.027264000,7,7,true
1666,0,ASBuild.BuildTLAS,0,0,false,0.119168000,7,7,true
1666,1,LightPrepare.Upload,0,0,false,0.003520000,7,7,true
1666,2,PathTracing.Trace,0,0,false,0.659968000,7,7,true
1666,3,Ui.Overlay,0,0,false,0.031360000,7,7,true
1666,4,DLSS.RayReconstruction,1,1,false,1.449440000,7,7,true
1666,5,Present.Convert,1,1,false,0.050432000,7,7,true
1666,6,Present.CopyToSwapchain,1,2,true,0.022336000,7,7,true
1667,0,ASBuild.BuildTLAS,0,0,false,0.132448000,7,7,true
1667,1,LightPrepare.Upload,0,0,false,0.006208000,7,7,true
1667,2,PathTracing.Trace,0,0,false,0.704352000,7,7,true
1667,3,Ui.Overlay,0,0,false,0.021792000,7,7,true
1667,4,DLSS.RayReconstruction,1,1,false,1.700288000,7,7,true
1667,5,Present.Convert,1,1,false,0.049664000,7,7,true
1667,6,Present.CopyToSwapchain,1,2,true,0.028288000,7,7,true
1668,0,ASBuild.BuildTLAS,0,0,false,0.121056000,7,7,true
1668,1,LightPrepare.Upload,0,0,false,0.006496000,7,7,true
1668,2,PathTracing.Trace,0,0,false,0.706112000,7,7,true
1668,3,Ui.Overlay,0,0,false,0.012544000,7,7,true
1668,4,DLSS.RayReconstruction,1,1,false,1.520704000,7,7,true
1668,5,Present.Convert,1,1,false,0.052576000,7,7,true
1668,6,Present.CopyToSwapchain,1,2,true,0.023264000,7,7,true
1669,0,ASBuild.BuildTLAS,0,0,false,0.122144000,7,7,true
1669,1,LightPrepare.Upload,0,0,false,0.002080000,7,7,true
1669,2,PathTracing.Trace,0,0,false,0.718688000,7,7,true
1669,3,Ui.Overlay,0,0,false,0.019808000,7,7,true
1669,4,DLSS.RayReconstruction,1,1,false,1.501728000,7,7,true
1669,5,Present.Convert,1,1,false,0.046336000,7,7,true
1669,6,Present.CopyToSwapchain,1,2,true,0.024288000,7,7,true
1670,0,ASBuild.BuildTLAS,0,0,false,0.162112000,7,7,true
1670,1,LightPrepare.Upload,0,0,false,0.002048000,7,7,true
1670,2,PathTracing.Trace,0,0,false,0.628672000,7,7,true
1670,3,Ui.Overlay,0,0,false,0.022368000,7,7,true
1670,4,DLSS.RayReconstruction,1,1,false,1.514592000,7,7,true
1670,5,Present.Convert,1,1,false,0.050592000,7,7,true
1670,6,Present.CopyToSwapchain,1,2,true,0.024256000,7,7,true
1671,0,ASBuild.BuildTLAS,0,0,false,0.138528000,7,7,true
1671,1,LightPrepare.Upload,0,0,false,0.002016000,7,7,true
1671,2,PathTracing.Trace,0,0,false,0.739296000,7,7,true
1671,3,Ui.Overlay,0,0,false,0.021792000,7,7,true
1671,4,DLSS.RayReconstruction,1,1,false,1.530720000,7,7,true
1671,5,Present.Convert,1,1,false,0.038880000,7,7,true
1671,6,Present.CopyToSwapchain,1,2,true,0.047616000,7,7,true
1672,0,ASBuild.BuildTLAS,0,0,false,0.153344000,7,7,true
1672,1,LightPrepare.Upload,0,0,false,0.002048000,7,7,true
1672,2,PathTracing.Trace,0,0,false,0.653216000,7,7,true
1672,3,Ui.Overlay,0,0,false,0.034976000,7,7,true
1672,4,DLSS.RayReconstruction,1,1,false,1.501344000,7,7,true
1672,5,Present.Convert,1,1,false,0.052544000,7,7,true
1672,6,Present.CopyToSwapchain,1,2,true,0.023936000,7,7,true
1673,0,ASBuild.BuildTLAS,0,0,false,0.103456000,7,7,true
1673,1,LightPrepare.Upload,0,0,false,0.001952000,7,7,true
1673,2,PathTracing.Trace,0,0,false,0.757760000,7,7,true
1673,3,Ui.Overlay,0,0,false,0.022240000,7,7,true
1673,4,DLSS.RayReconstruction,1,1,false,1.485312000,7,7,true
1673,5,Present.Convert,1,1,false,0.052576000,7,7,true
1673,6,Present.CopyToSwapchain,1,2,true,0.023904000,7,7,true
1674,0,ASBuild.BuildTLAS,0,0,false,0.127680000,7,7,true
1674,1,LightPrepare.Upload,0,0,false,0.003520000,7,7,true
1674,2,PathTracing.Trace,0,0,false,0.825824000,7,7,true
1674,3,Ui.Overlay,0,0,false,0.022752000,7,7,true
1674,4,DLSS.RayReconstruction,1,1,false,1.562784000,7,7,true
1674,5,Present.Convert,1,1,false,0.052608000,7,7,true
1674,6,Present.CopyToSwapchain,1,2,true,0.023424000,7,7,true
1675,0,ASBuild.BuildTLAS,0,0,false,0.118592000,7,7,true
1675,1,LightPrepare.Upload,0,0,false,0.002112000,7,7,true
1675,2,PathTracing.Trace,0,0,false,0.788320000,7,7,true
1675,3,Ui.Overlay,0,0,false,0.022176000,7,7,true
1675,4,DLSS.RayReconstruction,1,1,false,1.816768000,7,7,true
1675,5,Present.Convert,1,1,false,0.052288000,7,7,true
1675,6,Present.CopyToSwapchain,1,2,true,0.359360000,7,7,true
1676,0,ASBuild.BuildTLAS,0,0,false,0.152512000,7,7,true
1676,1,LightPrepare.Upload,0,0,false,0.002112000,7,7,true
1676,2,PathTracing.Trace,0,0,false,0.916320000,7,7,true
1676,3,Ui.Overlay,0,0,false,0.016512000,7,7,true
1676,4,DLSS.RayReconstruction,1,1,false,1.507808000,7,7,true
1676,5,Present.Convert,1,1,false,0.055584000,7,7,true
1676,6,Present.CopyToSwapchain,1,2,true,0.027456000,7,7,true
1677,0,ASBuild.BuildTLAS,0,0,false,0.094720000,7,7,true
1677,1,LightPrepare.Upload,0,0,false,0.001664000,7,7,true
1677,2,PathTracing.Trace,0,0,false,0.615808000,7,7,true
1677,3,Ui.Overlay,0,0,false,0.012704000,7,7,true
1677,4,DLSS.RayReconstruction,1,1,false,0.994720000,7,7,true
1677,5,Present.Convert,1,1,false,0.051520000,7,7,true
1677,6,Present.CopyToSwapchain,1,2,true,0.024032000,7,7,true
1678,0,ASBuild.BuildTLAS,0,0,false,0.142336000,7,7,true
1678,1,LightPrepare.Upload,0,0,false,0.009632000,7,7,true
1678,2,PathTracing.Trace,0,0,false,0.725504000,7,7,true
1678,3,Ui.Overlay,0,0,false,0.012672000,7,7,true
1678,4,DLSS.RayReconstruction,1,1,false,1.723744000,7,7,true
1678,5,Present.Convert,1,1,false,0.052672000,7,7,true
1678,6,Present.CopyToSwapchain,1,2,true,0.026688000,7,7,true
1679,0,ASBuild.BuildTLAS,0,0,false,0.095872000,7,7,true
1679,1,LightPrepare.Upload,0,0,false,0.001632000,7,7,true
1679,2,PathTracing.Trace,0,0,false,0.590240000,7,7,true
1679,3,Ui.Overlay,0,0,false,0.012896000,7,7,true
1679,4,DLSS.RayReconstruction,1,1,false,1.012512000,7,7,true
1679,5,Present.Convert,1,1,false,0.049184000,7,7,true
1679,6,Present.CopyToSwapchain,1,2,true,0.025536000,7,7,true
1680,0,ASBuild.BuildTLAS,0,0,false,0.123936000,7,7,true
1680,1,LightPrepare.Upload,0,0,false,0.006240000,7,7,true
1680,2,PathTracing.Trace,0,0,false,0.856864000,7,7,true
1680,3,Ui.Overlay,0,0,false,0.024224000,7,7,true
1680,4,DLSS.RayReconstruction,1,1,false,1.020160000,7,7,true
1680,5,Present.Convert,1,1,false,0.057568000,7,7,true
1680,6,Present.CopyToSwapchain,1,2,true,0.146720000,7,7,true
1681,0,ASBuild.BuildTLAS,0,0,false,0.108000000,7,7,true
1681,1,LightPrepare.Upload,0,0,false,0.001664000,7,7,true
1681,2,PathTracing.Trace,0,0,false,0.591232000,7,7,true
1681,3,Ui.Overlay,0,0,false,0.012736000,7,7,true
1681,4,DLSS.RayReconstruction,1,1,false,1.003328000,7,7,true
1681,5,Present.Convert,1,1,false,0.051520000,7,7,true
1681,6,Present.CopyToSwapchain,1,2,true,0.025600000,7,7,true
1682,0,ASBuild.BuildTLAS,0,0,false,0.125984000,7,7,true
1682,1,LightPrepare.Upload,0,0,false,0.006752000,7,7,true
1682,2,PathTracing.Trace,0,0,false,0.588128000,7,7,true
1682,3,Ui.Overlay,0,0,false,0.012448000,7,7,true
1682,4,DLSS.RayReconstruction,1,1,false,1.537600000,7,7,true
1682,5,Present.Convert,1,1,false,0.052640000,7,7,true
1682,6,Present.CopyToSwapchain,1,2,true,0.025792000,7,7,true
1683,0,ASBuild.BuildTLAS,0,0,false,0.122624000,7,7,true
1683,1,LightPrepare.Upload,0,0,false,0.002208000,7,7,true
1683,2,PathTracing.Trace,0,0,false,0.665344000,7,7,true
1683,3,Ui.Overlay,0,0,false,0.041568000,7,7,true
1683,4,DLSS.RayReconstruction,1,1,false,1.470496000,7,7,true
1683,5,Present.Convert,1,1,false,0.065792000,7,7,true
1683,6,Present.CopyToSwapchain,1,2,true,0.025280000,7,7,true
1684,0,ASBuild.BuildTLAS,0,0,false,0.128704000,7,7,true
1684,1,LightPrepare.Upload,0,0,false,0.002880000,7,7,true
1684,2,PathTracing.Trace,0,0,false,0.666720000,7,7,true
1684,3,Ui.Overlay,0,0,false,0.012640000,7,7,true
1684,4,DLSS.RayReconstruction,1,1,false,1.013984000,7,7,true
1684,5,Present.Convert,1,1,false,0.050400000,7,7,true
1684,6,Present.CopyToSwapchain,1,2,true,0.023680000,7,7,true
1685,0,ASBuild.BuildTLAS,0,0,false,0.093888000,7,7,true
1685,1,LightPrepare.Upload,0,0,false,0.001856000,7,7,true
1685,2,PathTracing.Trace,0,0,false,0.574624000,7,7,true
1685,3,Ui.Overlay,0,0,false,0.012224000,7,7,true
1685,4,DLSS.RayReconstruction,1,1,false,1.021984000,7,7,true
1685,5,Present.Convert,1,1,false,0.233792000,7,7,true
1685,6,Present.CopyToSwapchain,1,2,true,0.300704000,7,7,true
1686,0,ASBuild.BuildTLAS,0,0,false,0.128096000,7,7,true
1686,1,LightPrepare.Upload,0,0,false,0.006400000,7,7,true
1686,2,PathTracing.Trace,0,0,false,0.644864000,7,7,true
1686,3,Ui.Overlay,0,0,false,0.012608000,7,7,true
1686,4,DLSS.RayReconstruction,1,1,false,1.165984000,7,7,true
1686,5,Present.Convert,1,1,false,0.047584000,7,7,true
1686,6,Present.CopyToSwapchain,1,2,true,0.024000000,7,7,true
1687,0,ASBuild.BuildTLAS,0,0,false,0.093600000,7,7,true
1687,1,LightPrepare.Upload,0,0,false,0.001568000,7,7,true
1687,2,PathTracing.Trace,0,0,false,0.583136000,7,7,true
1687,3,Ui.Overlay,0,0,false,0.012960000,7,7,true
1687,4,DLSS.RayReconstruction,1,1,false,1.499488000,7,7,true
1687,5,Present.Convert,1,1,false,0.049120000,7,7,true
1687,6,Present.CopyToSwapchain,1,2,true,0.024192000,7,7,true
1688,0,ASBuild.BuildTLAS,0,0,false,0.121856000,7,7,true
1688,1,LightPrepare.Upload,0,0,false,0.002336000,7,7,true
1688,2,PathTracing.Trace,0,0,false,0.669344000,7,7,true
1688,3,Ui.Overlay,0,0,false,0.031072000,7,7,true
1688,4,DLSS.RayReconstruction,1,1,false,1.000128000,7,7,true
1688,5,Present.Convert,1,1,false,0.195616000,7,7,true
1688,6,Present.CopyToSwapchain,1,2,true,0.341056000,7,7,true
1689,0,ASBuild.BuildTLAS,0,0,false,0.122656000,7,7,true
1689,1,LightPrepare.Upload,0,0,false,0.006048000,7,7,true
1689,2,PathTracing.Trace,0,0,false,0.631904000,7,7,true
1689,3,Ui.Overlay,0,0,false,0.012448000,7,7,true
1689,4,DLSS.RayReconstruction,1,1,false,1.009984000,7,7,true
1689,5,Present.Convert,1,1,false,0.047424000,7,7,true
1689,6,Present.CopyToSwapchain,1,2,true,0.023936000,7,7,true
1690,0,ASBuild.BuildTLAS,0,0,false,0.093632000,7,7,true
1690,1,LightPrepare.Upload,0,0,false,0.001632000,7,7,true
1690,2,PathTracing.Trace,0,0,false,0.595360000,7,7,true
1690,3,Ui.Overlay,0,0,false,0.011936000,7,7,true
1690,4,DLSS.RayReconstruction,1,1,false,1.498656000,7,7,true
1690,5,Present.Convert,1,1,false,0.051488000,7,7,true
1690,6,Present.CopyToSwapchain,1,2,true,0.022400000,7,7,true
1691,0,ASBuild.BuildTLAS,0,0,false,0.123360000,7,7,true
1691,1,LightPrepare.Upload,0,0,false,0.002272000,7,7,true
1691,2,PathTracing.Trace,0,0,false,0.648864000,7,7,true
1691,3,Ui.Overlay,0,0,false,0.021024000,7,7,true
1691,4,DLSS.RayReconstruction,1,1,false,1.197120000,7,7,true
1691,5,Present.Convert,1,1,false,0.365600000,7,7,true
1691,6,Present.CopyToSwapchain,1,2,true,0.160320000,7,7,true
1692,0,ASBuild.BuildTLAS,0,0,false,0.131296000,7,7,true
1692,1,LightPrepare.Upload,0,0,false,0.002368000,7,7,true
1692,2,PathTracing.Trace,0,0,false,0.640608000,7,7,true
1692,3,Ui.Overlay,0,0,false,0.012352000,7,7,true
1692,4,DLSS.RayReconstruction,1,1,false,0.999584000,7,7,true
1692,5,Present.Convert,1,1,false,0.053664000,7,7,true
1692,6,Present.CopyToSwapchain,1,2,true,0.023904000,7,7,true
1693,0,ASBuild.BuildTLAS,0,0,false,0.093856000,7,7,true
1693,1,LightPrepare.Upload,0,0,false,0.001664000,7,7,true
1693,2,PathTracing.Trace,0,0,false,0.583040000,7,7,true
1693,3,Ui.Overlay,0,0,false,0.012448000,7,7,true
1693,4,DLSS.RayReconstruction,1,1,false,0.985152000,7,7,true
1693,5,Present.Convert,1,1,false,0.047328000,7,7,true
1693,6,Present.CopyToSwapchain,1,2,true,0.025664000,7,7,true
1694,0,ASBuild.BuildTLAS,0,0,false,0.092000000,7,7,true
1694,1,LightPrepare.Upload,0,0,false,0.001696000,7,7,true
1694,2,PathTracing.Trace,0,0,false,0.558400000,7,7,true
1694,3,Ui.Overlay,0,0,false,0.012640000,7,7,true
1694,4,DLSS.RayReconstruction,1,1,false,1.487328000,7,7,true
1694,5,Present.Convert,1,1,false,0.047488000,7,7,true
1694,6,Present.CopyToSwapchain,1,2,true,0.024320000,7,7,true
1695,0,ASBuild.BuildTLAS,0,0,false,0.119552000,7,7,true
1695,1,LightPrepare.Upload,0,0,false,0.009408000,7,7,true
1695,2,PathTracing.Trace,0,0,false,0.643808000,7,7,true
1695,3,Ui.Overlay,0,0,false,0.020832000,7,7,true
1695,4,DLSS.RayReconstruction,1,1,false,1.478048000,7,7,true
1695,5,Present.Convert,1,1,false,0.052576000,7,7,true
1695,6,Present.CopyToSwapchain,1,2,true,0.024800000,7,7,true
1696,0,ASBuild.BuildTLAS,0,0,false,0.127904000,7,7,true
1696,1,LightPrepare.Upload,0,0,false,0.006336000,7,7,true
1696,2,PathTracing.Trace,0,0,false,0.653024000,7,7,true
1696,3,Ui.Overlay,0,0,false,0.021440000,7,7,true
1696,4,DLSS.RayReconstruction,1,1,false,1.676832000,7,7,true
1696,5,Present.Convert,1,1,false,0.050688000,7,7,true
1696,6,Present.CopyToSwapchain,1,2,true,0.024128000,7,7,true
1697,0,ASBuild.BuildTLAS,0,0,false,0.147488000,7,7,true
1697,1,LightPrepare.Upload,0,0,false,0.001984000,7,7,true
1697,2,PathTracing.Trace,0,0,false,0.727040000,7,7,true
1697,3,Ui.Overlay,0,0,false,0.018720000,7,7,true
1697,4,DLSS.RayReconstruction,1,1,false,1.507392000,7,7,true
1697,5,Present.Convert,1,1,false,0.052576000,7,7,true
1697,6,Present.CopyToSwapchain,1,2,true,0.023936000,7,7,true
1698,0,ASBuild.BuildTLAS,0,0,false,0.124288000,7,7,true
1698,1,LightPrepare.Upload,0,0,false,0.006144000,7,7,true
1698,2,PathTracing.Trace,0,0,false,0.712640000,7,7,true
1698,3,Ui.Overlay,0,0,false,0.024032000,7,7,true
1698,4,DLSS.RayReconstruction,1,1,false,1.499520000,7,7,true
1698,5,Present.Convert,1,1,false,0.050464000,7,7,true
1698,6,Present.CopyToSwapchain,1,2,true,0.025472000,7,7,true
1699,0,ASBuild.BuildTLAS,0,0,false,0.096864000,7,7,true
1699,1,LightPrepare.Upload,0,0,false,0.002976000,7,7,true
1699,2,PathTracing.Trace,0,0,false,0.676896000,7,7,true
1699,3,Ui.Overlay,0,0,false,0.020736000,7,7,true
1699,4,DLSS.RayReconstruction,1,1,false,1.438464000,7,7,true
1699,5,Present.Convert,1,1,false,0.050464000,7,7,true
1699,6,Present.CopyToSwapchain,1,2,true,0.023968000,7,7,true
1700,0,ASBuild.BuildTLAS,0,0,false,0.114400000,7,7,true
1700,1,LightPrepare.Upload,0,0,false,0.008832000,7,7,true
1700,2,PathTracing.Trace,0,0,false,0.804160000,7,7,true
1700,3,Ui.Overlay,0,0,false,0.019680000,7,7,true
1700,4,DLSS.RayReconstruction,1,1,false,1.668096000,7,7,true
1700,5,Present.Convert,1,1,false,0.058304000,7,7,true
1700,6,Present.CopyToSwapchain,1,2,true,0.026336000,7,7,true
1701,0,ASBuild.BuildTLAS,0,0,false,0.108352000,7,7,true
1701,1,LightPrepare.Upload,0,0,false,0.001984000,7,7,true
1701,2,PathTracing.Trace,0,0,false,0.704512000,7,7,true
1701,3,Ui.Overlay,0,0,false,0.021504000,7,7,true
1701,4,DLSS.RayReconstruction,1,1,false,1.516928000,7,7,true
1701,5,Present.Convert,1,1,false,0.047424000,7,7,true
1701,6,Present.CopyToSwapchain,1,2,true,0.023776000,7,7,true
1702,0,ASBuild.BuildTLAS,0,0,false,0.116416000,7,7,true
1702,1,LightPrepare.Upload,0,0,false,0.002144000,7,7,true
1702,2,PathTracing.Trace,0,0,false,0.720704000,7,7,true
1702,3,Ui.Overlay,0,0,false,0.027584000,7,7,true
1702,4,DLSS.RayReconstruction,1,1,false,1.529728000,7,7,true
1702,5,Present.Convert,1,1,false,0.050528000,7,7,true
1702,6,Present.CopyToSwapchain,1,2,true,0.023520000,7,7,true
1703,0,ASBuild.BuildTLAS,0,0,false,0.147744000,7,7,true
1703,1,LightPrepare.Upload,0,0,false,0.002112000,7,7,true
1703,2,PathTracing.Trace,0,0,false,0.745312000,7,7,true
1703,3,Ui.Overlay,0,0,false,0.020576000,7,7,true
1703,4,DLSS.RayReconstruction,1,1,false,0.985184000,7,7,true
1703,5,Present.Convert,1,1,false,0.051264000,7,7,true
1703,6,Present.CopyToSwapchain,1,2,true,0.027424000,7,7,true
1704,0,ASBuild.BuildTLAS,0,0,false,0.125728000,7,7,true
1704,1,LightPrepare.Upload,0,0,false,0.001856000,7,7,true
1704,2,PathTracing.Trace,0,0,false,0.576640000,7,7,true
1704,3,Ui.Overlay,0,0,false,0.012352000,7,7,true
1704,4,DLSS.RayReconstruction,1,1,false,1.005344000,7,7,true
1704,5,Present.Convert,1,1,false,0.047424000,7,7,true
1704,6,Present.CopyToSwapchain,1,2,true,0.025952000,7,7,true
1705,0,ASBuild.BuildTLAS,0,0,false,0.092832000,7,7,true
1705,1,LightPrepare.Upload,0,0,false,0.001536000,7,7,true
1705,2,PathTracing.Trace,0,0,false,0.633344000,7,7,true
1705,3,Ui.Overlay,0,0,false,0.012256000,7,7,true
1705,4,DLSS.RayReconstruction,1,1,false,1.003552000,7,7,true
1705,5,Present.Convert,1,1,false,0.045376000,7,7,true
1705,6,Present.CopyToSwapchain,1,2,true,0.023584000,7,7,true
1706,0,ASBuild.BuildTLAS,0,0,false,0.091616000,7,7,true
1706,1,LightPrepare.Upload,0,0,false,0.001536000,7,7,true
1706,2,PathTracing.Trace,0,0,false,0.570848000,7,7,true
1706,3,Ui.Overlay,0,0,false,0.012160000,7,7,true
1706,4,DLSS.RayReconstruction,1,1,false,1.148256000,7,7,true
1706,5,Present.Convert,1,1,false,0.052256000,7,7,true
1706,6,Present.CopyToSwapchain,1,2,true,0.025312000,7,7,true
1707,0,ASBuild.BuildTLAS,0,0,false,0.091424000,7,7,true
1707,1,LightPrepare.Upload,0,0,false,0.001568000,7,7,true
1707,2,PathTracing.Trace,0,0,false,0.570848000,7,7,true
1707,3,Ui.Overlay,0,0,false,0.012320000,7,7,true
1707,4,DLSS.RayReconstruction,1,1,false,1.003296000,7,7,true
1707,5,Present.Convert,1,1,false,0.051552000,7,7,true
1707,6,Present.CopyToSwapchain,1,2,true,0.024128000,7,7,true
1708,0,ASBuild.BuildTLAS,0,0,false,0.093088000,7,7,true
1708,1,LightPrepare.Upload,0,0,false,0.001568000,7,7,true
1708,2,PathTracing.Trace,0,0,false,0.606688000,7,7,true
1708,3,Ui.Overlay,0,0,false,0.012768000,7,7,true
1708,4,DLSS.RayReconstruction,1,1,false,0.987712000,7,7,true
1708,5,Present.Convert,1,1,false,0.050528000,7,7,true
1708,6,Present.CopyToSwapchain,1,2,true,0.023776000,7,7,true
1709,0,ASBuild.BuildTLAS,0,0,false,0.095136000,7,7,true
1709,1,LightPrepare.Upload,0,0,false,0.001664000,7,7,true
1709,2,PathTracing.Trace,0,0,false,0.570752000,7,7,true
1709,3,Ui.Overlay,0,0,false,0.012160000,7,7,true
1709,4,DLSS.RayReconstruction,1,1,false,1.007456000,7,7,true
1709,5,Present.Convert,1,1,false,0.050528000,7,7,true
1709,6,Present.CopyToSwapchain,1,2,true,0.025312000,7,7,true
1710,0,ASBuild.BuildTLAS,0,0,false,0.091904000,7,7,true
1710,1,LightPrepare.Upload,0,0,false,0.001792000,7,7,true
1710,2,PathTracing.Trace,0,0,false,0.572672000,7,7,true
1710,3,Ui.Overlay,0,0,false,0.012096000,7,7,true
1710,4,DLSS.RayReconstruction,1,1,false,0.983392000,7,7,true
1710,5,Present.Convert,1,1,false,0.047456000,7,7,true
1710,6,Present.CopyToSwapchain,1,2,true,0.023712000,7,7,true
1711,0,ASBuild.BuildTLAS,0,0,false,0.092640000,7,7,true
1711,1,LightPrepare.Upload,0,0,false,0.001536000,7,7,true
1711,2,PathTracing.Trace,0,0,false,0.588288000,7,7,true
1711,3,Ui.Overlay,0,0,false,0.012768000,7,7,true
1711,4,DLSS.RayReconstruction,1,1,false,1.009504000,7,7,true
1711,5,Present.Convert,1,1,false,0.048416000,7,7,true
1711,6,Present.CopyToSwapchain,1,2,true,0.026592000,7,7,true
1712,0,ASBuild.BuildTLAS,0,0,false,0.101088000,7,7,true
1712,1,LightPrepare.Upload,0,0,false,0.001504000,7,7,true
1712,2,PathTracing.Trace,0,0,false,0.610880000,7,7,true
1712,3,Ui.Overlay,0,0,false,0.012096000,7,7,true
1712,4,DLSS.RayReconstruction,1,1,false,1.497312000,7,7,true
1712,5,Present.Convert,1,1,false,0.050528000,7,7,true
1712,6,Present.CopyToSwapchain,1,2,true,0.023744000,7,7,true
1713,0,ASBuild.BuildTLAS,0,0,false,0.126560000,7,7,true
1713,1,LightPrepare.Upload,0,0,false,0.001856000,7,7,true
1713,2,PathTracing.Trace,0,0,false,0.669792000,7,7,true
1713,3,Ui.Overlay,0,0,false,0.021888000,7,7,true
1713,4,DLSS.RayReconstruction,1,1,false,1.719008000,7,7,true
1713,5,Present.Convert,1,1,false,0.047232000,7,7,true
1713,6,Present.CopyToSwapchain,1,2,true,0.024640000,7,7,true
1714,0,ASBuild.BuildTLAS,0,0,false,0.121536000,7,7,true
1714,1,LightPrepare.Upload,0,0,false,0.001920000,7,7,true
1714,2,PathTracing.Trace,0,0,false,0.875552000,7,7,true
1714,3,Ui.Overlay,0,0,false,0.022944000,7,7,true
1714,4,DLSS.RayReconstruction,1,1,false,1.539680000,7,7,true
1714,5,Present.Convert,1,1,false,0.050560000,7,7,true
1714,6,Present.CopyToSwapchain,1,2,true,0.024416000,7,7,true
1715,0,ASBuild.BuildTLAS,0,0,false,0.136896000,7,7,true
1715,1,LightPrepare.Upload,0,0,false,0.001952000,7,7,true
1715,2,PathTracing.Trace,0,0,false,0.800800000,7,7,true
1715,3,Ui.Overlay,0,0,false,0.021056000,7,7,true
1715,4,DLSS.RayReconstruction,1,1,false,1.501152000,7,7,true
1715,5,Present.Convert,1,1,false,0.059648000,7,7,true
1715,6,Present.CopyToSwapchain,1,2,true,0.024128000,7,7,true
1716,0,ASBuild.BuildTLAS,0,0,false,0.125760000,7,7,true
1716,1,LightPrepare.Upload,0,0,false,0.001920000,7,7,true
1716,2,PathTracing.Trace,0,0,false,0.735264000,7,7,true
1716,3,Ui.Overlay,0,0,false,0.015712000,7,7,true
1716,4,DLSS.RayReconstruction,1,1,false,1.011552000,7,7,true
1716,5,Present.Convert,1,1,false,0.047296000,7,7,true
1716,6,Present.CopyToSwapchain,1,2,true,0.054304000,7,7,true
1717,0,ASBuild.BuildTLAS,0,0,false,0.119584000,7,7,true
1717,1,LightPrepare.Upload,0,0,false,0.001568000,7,7,true
1717,2,PathTracing.Trace,0,0,false,0.600544000,7,7,true
1717,3,Ui.Overlay,0,0,false,0.012256000,7,7,true
1717,4,DLSS.RayReconstruction,1,1,false,1.243584000,7,7,true
1717,5,Present.Convert,1,1,false,0.050464000,7,7,true
1717,6,Present.CopyToSwapchain,1,2,true,0.025312000,7,7,true
1718,0,ASBuild.BuildTLAS,0,0,false,0.093184000,7,7,true
1718,1,LightPrepare.Upload,0,0,false,0.001760000,7,7,true
1718,2,PathTracing.Trace,0,0,false,0.571680000,7,7,true
1718,3,Ui.Overlay,0,0,false,0.011840000,7,7,true
1718,4,DLSS.RayReconstruction,1,1,false,1.001536000,7,7,true
1718,5,Present.Convert,1,1,false,0.050336000,7,7,true
1718,6,Present.CopyToSwapchain,1,2,true,0.027520000,7,7,true
1719,0,ASBuild.BuildTLAS,0,0,false,0.091488000,7,7,true
1719,1,LightPrepare.Upload,0,0,false,0.001536000,7,7,true
1719,2,PathTracing.Trace,0,0,false,0.562656000,7,7,true
1719,3,Ui.Overlay,0,0,false,0.012320000,7,7,true
1719,4,DLSS.RayReconstruction,1,1,false,0.976896000,7,7,true
1719,5,Present.Convert,1,1,false,0.050816000,7,7,true
1719,6,Present.CopyToSwapchain,1,2,true,0.024096000,7,7,true
1720,0,ASBuild.BuildTLAS,0,0,false,0.091392000,7,7,true
1720,1,LightPrepare.Upload,0,0,false,0.001536000,7,7,true
1720,2,PathTracing.Trace,0,0,false,0.579072000,7,7,true
1720,3,Ui.Overlay,0,0,false,0.012352000,7,7,true
1720,4,DLSS.RayReconstruction,1,1,false,1.003616000,7,7,true
1720,5,Present.Convert,1,1,false,0.045408000,7,7,true
1720,6,Present.CopyToSwapchain,1,2,true,0.023520000,7,7,true
1721,0,ASBuild.BuildTLAS,0,0,false,0.093440000,7,7,true
1721,1,LightPrepare.Upload,0,0,false,0.001504000,7,7,true
1721,2,PathTracing.Trace,0,0,false,0.571968000,7,7,true
1721,3,Ui.Overlay,0,0,false,0.012032000,7,7,true
1721,4,DLSS.RayReconstruction,1,1,false,0.997344000,7,7,true
1721,5,Present.Convert,1,1,false,0.047456000,7,7,true
1721,6,Present.CopyToSwapchain,1,2,true,0.025120000,7,7,true
1722,0,ASBuild.BuildTLAS,0,0,false,0.100672000,7,7,true
1722,1,LightPrepare.Upload,0,0,false,0.001568000,7,7,true
1722,2,PathTracing.Trace,0,0,false,0.596448000,7,7,true
1722,3,Ui.Overlay,0,0,false,0.012544000,7,7,true
1722,4,DLSS.RayReconstruction,1,1,false,1.162624000,7,7,true
1722,5,Present.Convert,1,1,false,0.050496000,7,7,true
1722,6,Present.CopyToSwapchain,1,2,true,0.023776000,7,7,true
1723,0,ASBuild.BuildTLAS,0,0,false,0.093088000,7,7,true
1723,1,LightPrepare.Upload,0,0,false,0.001536000,7,7,true
1723,2,PathTracing.Trace,0,0,false,0.579072000,7,7,true
1723,3,Ui.Overlay,0,0,false,0.012288000,7,7,true
1723,4,DLSS.RayReconstruction,1,1,false,1.005280000,7,7,true
1723,5,Present.Convert,1,1,false,0.050432000,7,7,true
1723,6,Present.CopyToSwapchain,1,2,true,0.022080000,7,7,true
1724,0,ASBuild.BuildTLAS,0,0,false,0.091392000,7,7,true
1724,1,LightPrepare.Upload,0,0,false,0.001568000,7,7,true
1724,2,PathTracing.Trace,0,0,false,0.571872000,7,7,true
1724,3,Ui.Overlay,0,0,false,0.012128000,7,7,true
1724,4,DLSS.RayReconstruction,1,1,false,0.981792000,7,7,true
1724,5,Present.Convert,1,1,false,0.054624000,7,7,true
1724,6,Present.CopyToSwapchain,1,2,true,0.025152000,7,7,true
1725,0,ASBuild.BuildTLAS,0,0,false,0.091776000,7,7,true
1725,1,LightPrepare.Upload,0,0,false,0.001632000,7,7,true
1725,2,PathTracing.Trace,0,0,false,0.569760000,7,7,true
1725,3,Ui.Overlay,0,0,false,0.012064000,7,7,true
1725,4,DLSS.RayReconstruction,1,1,false,0.993440000,7,7,true
1725,5,Present.Convert,1,1,false,0.047360000,7,7,true
1725,6,Present.CopyToSwapchain,1,2,true,0.025472000,7,7,true
1726,0,ASBuild.BuildTLAS,0,0,false,0.091712000,7,7,true
1726,1,LightPrepare.Upload,0,0,false,0.001568000,7,7,true
1726,2,PathTracing.Trace,0,0,false,0.585184000,7,7,true
1726,3,Ui.Overlay,0,0,false,0.012256000,7,7,true
1726,4,DLSS.RayReconstruction,1,1,false,0.979328000,7,7,true
1726,5,Present.Convert,1,1,false,0.046400000,7,7,true
1726,6,Present.CopyToSwapchain,1,2,true,0.023936000,7,7,true
1727,0,ASBuild.BuildTLAS,0,0,false,0.092960000,7,7,true
1727,1,LightPrepare.Upload,0,0,false,0.001632000,7,7,true
1727,2,PathTracing.Trace,0,0,false,0.562560000,7,7,true
1727,3,Ui.Overlay,0,0,false,0.012544000,7,7,true
1727,4,DLSS.RayReconstruction,1,1,false,0.985248000,7,7,true
1727,5,Present.Convert,1,1,false,0.047424000,7,7,true
1727,6,Present.CopyToSwapchain,1,2,true,0.025440000,7,7,true
1728,0,ASBuild.BuildTLAS,0,0,false,0.090944000,7,7,true
1728,1,LightPrepare.Upload,0,0,false,0.001760000,7,7,true
1728,2,PathTracing.Trace,0,0,false,0.595232000,7,7,true
1728,3,Ui.Overlay,0,0,false,0.012352000,7,7,true
1728,4,DLSS.RayReconstruction,1,1,false,0.993344000,7,7,true
1728,5,Present.Convert,1,1,false,0.049952000,7,7,true
1728,6,Present.CopyToSwapchain,1,2,true,0.023136000,7,7,true
1729,0,ASBuild.BuildTLAS,0,0,false,0.090784000,7,7,true
1729,1,LightPrepare.Upload,0,0,false,0.001504000,7,7,true
1729,2,PathTracing.Trace,0,0,false,0.553472000,7,7,true
1729,3,Ui.Overlay,0,0,false,0.012544000,7,7,true
1729,4,DLSS.RayReconstruction,1,1,false,1.136640000,7,7,true
1729,5,Present.Convert,1,1,false,0.045248000,7,7,true
1729,6,Present.CopyToSwapchain,1,2,true,0.026048000,7,7,true
1730,0,ASBuild.BuildTLAS,0,0,false,0.092768000,7,7,true
1730,1,LightPrepare.Upload,0,0,false,0.001536000,7,7,true
1730,2,PathTracing.Trace,0,0,false,0.578048000,7,7,true
1730,3,Ui.Overlay,0,0,false,0.012480000,7,7,true
1730,4,DLSS.RayReconstruction,1,1,false,0.999552000,7,7,true
1730,5,Present.Convert,1,1,false,0.045408000,7,7,true
1730,6,Present.CopyToSwapchain,1,2,true,0.023552000,7,7,true
1731,0,ASBuild.BuildTLAS,0,0,false,0.094112000,7,7,true
1731,1,LightPrepare.Upload,0,0,false,0.001568000,7,7,true
1731,2,PathTracing.Trace,0,0,false,0.583136000,7,7,true
1731,3,Ui.Overlay,0,0,false,0.012032000,7,7,true
1731,4,DLSS.RayReconstruction,1,1,false,0.978752000,7,7,true
1731,5,Present.Convert,1,1,false,0.045728000,7,7,true
1731,6,Present.CopyToSwapchain,1,2,true,0.023648000,7,7,true
1732,0,ASBuild.BuildTLAS,0,0,false,0.092416000,7,7,true
1732,1,LightPrepare.Upload,0,0,false,0.001536000,7,7,true
1732,2,PathTracing.Trace,0,0,false,0.606720000,7,7,true
1732,3,Ui.Overlay,0,0,false,0.012352000,7,7,true
1732,4,DLSS.RayReconstruction,1,1,false,0.991232000,7,7,true
1732,5,Present.Convert,1,1,false,0.049504000,7,7,true
1732,6,Present.CopyToSwapchain,1,2,true,0.024064000,7,7,true
1733,0,ASBuild.BuildTLAS,0,0,false,0.092096000,7,7,true
1733,1,LightPrepare.Upload,0,0,false,0.001536000,7,7,true
1733,2,PathTracing.Trace,0,0,false,0.861696000,7,7,true
1733,3,Ui.Overlay,0,0,false,0.012096000,7,7,true
1733,4,DLSS.RayReconstruction,1,1,false,0.995104000,7,7,true
1733,5,Present.Convert,1,1,false,0.051552000,7,7,true
1733,6,Present.CopyToSwapchain,1,2,true,0.023424000,7,7,true
1734,0,ASBuild.BuildTLAS,0,0,false,0.092992000,7,7,true
1734,1,LightPrepare.Upload,0,0,false,0.001536000,7,7,true
1734,2,PathTracing.Trace,0,0,false,0.573952000,7,7,true
1734,3,Ui.Overlay,0,0,false,0.012192000,7,7,true
1734,4,DLSS.RayReconstruction,1,1,false,0.984736000,7,7,true
1734,5,Present.Convert,1,1,false,0.050144000,7,7,true
1734,6,Present.CopyToSwapchain,1,2,true,0.024192000,7,7,true
1735,0,ASBuild.BuildTLAS,0,0,false,0.091616000,7,7,true
1735,1,LightPrepare.Upload,0,0,false,0.001696000,7,7,true
1735,2,PathTracing.Trace,0,0,false,0.575840000,7,7,true
1735,3,Ui.Overlay,0,0,false,0.012416000,7,7,true
1735,4,DLSS.RayReconstruction,1,1,false,1.001760000,7,7,true
1735,5,Present.Convert,1,1,false,0.045472000,7,7,true
1735,6,Present.CopyToSwapchain,1,2,true,0.023360000,7,7,true
1736,0,ASBuild.BuildTLAS,0,0,false,0.093696000,7,7,true
1736,1,LightPrepare.Upload,0,0,false,0.001536000,7,7,true
1736,2,PathTracing.Trace,0,0,false,0.579072000,7,7,true
1736,3,Ui.Overlay,0,0,false,0.012032000,7,7,true
1736,4,DLSS.RayReconstruction,1,1,false,0.978592000,7,7,true
1736,5,Present.Convert,1,1,false,0.050528000,7,7,true
1736,6,Present.CopyToSwapchain,1,2,true,0.026432000,7,7,true
1737,0,ASBuild.BuildTLAS,0,0,false,0.093728000,7,7,true
1737,1,LightPrepare.Upload,0,0,false,0.001536000,7,7,true
1737,2,PathTracing.Trace,0,0,false,0.581120000,7,7,true
1737,3,Ui.Overlay,0,0,false,0.012480000,7,7,true
1737,4,DLSS.RayReconstruction,1,1,false,0.997632000,7,7,true
1737,5,Present.Convert,1,1,false,0.050880000,7,7,true
1737,6,Present.CopyToSwapchain,1,2,true,0.025152000,7,7,true
1738,0,ASBuild.BuildTLAS,0,0,false,0.091584000,7,7,true
1738,1,LightPrepare.Upload,0,0,false,0.001632000,7,7,true
1738,2,PathTracing.Trace,0,0,false,0.581024000,7,7,true
1738,3,Ui.Overlay,0,0,false,0.012032000,7,7,true
1738,4,DLSS.RayReconstruction,1,1,false,1.001792000,7,7,true
1738,5,Present.Convert,1,1,false,0.045440000,7,7,true
1738,6,Present.CopyToSwapchain,1,2,true,0.023456000,7,7,true
1739,0,ASBuild.BuildTLAS,0,0,false,0.093184000,7,7,true
1739,1,LightPrepare.Upload,0,0,false,0.001568000,7,7,true
1739,2,PathTracing.Trace,0,0,false,0.602560000,7,7,true
1739,3,Ui.Overlay,0,0,false,0.012480000,7,7,true
1739,4,DLSS.RayReconstruction,1,1,false,1.546464000,7,7,true
1739,5,Present.Convert,1,1,false,0.045152000,7,7,true
1739,6,Present.CopyToSwapchain,1,2,true,0.024896000,7,7,true
1740,0,ASBuild.BuildTLAS,0,0,false,0.091360000,7,7,true
1740,1,LightPrepare.Upload,0,0,false,0.001760000,7,7,true
1740,2,PathTracing.Trace,0,0,false,0.592128000,7,7,true
1740,3,Ui.Overlay,0,0,false,0.012256000,7,7,true
1740,4,DLSS.RayReconstruction,1,1,false,1.009600000,7,7,true
1740,5,Present.Convert,1,1,false,0.050528000,7,7,true
1740,6,Present.CopyToSwapchain,1,2,true,0.023552000,7,7,true
1741,0,ASBuild.BuildTLAS,0,0,false,0.092832000,7,7,true
1741,1,LightPrepare.Upload,0,0,false,0.001696000,7,7,true
1741,2,PathTracing.Trace,0,0,false,0.612704000,7,7,true
1741,3,Ui.Overlay,0,0,false,0.012448000,7,7,true
1741,4,DLSS.RayReconstruction,1,1,false,0.995456000,7,7,true
1741,5,Present.Convert,1,1,false,0.045376000,7,7,true
1741,6,Present.CopyToSwapchain,1,2,true,0.022528000,7,7,true
1742,0,ASBuild.BuildTLAS,0,0,false,0.093472000,7,7,true
1742,1,LightPrepare.Upload,0,0,false,0.001472000,7,7,true
1742,2,PathTracing.Trace,0,0,false,0.593440000,7,7,true
1742,3,Ui.Overlay,0,0,false,0.012320000,7,7,true
1742,4,DLSS.RayReconstruction,1,1,false,1.211104000,7,7,true
1742,5,Present.Convert,1,1,false,0.157664000,7,7,true
1742,6,Present.CopyToSwapchain,1,2,true,0.371648000,7,7,true
1743,0,ASBuild.BuildTLAS,0,0,false,0.124224000,7,7,true
1743,1,LightPrepare.Upload,0,0,false,0.001888000,7,7,true
1743,2,PathTracing.Trace,0,0,false,0.606272000,7,7,true
1743,3,Ui.Overlay,0,0,false,0.012352000,7,7,true
1743,4,DLSS.RayReconstruction,1,1,false,1.001408000,7,7,true
1743,5,Present.Convert,1,1,false,0.050752000,7,7,true
1743,6,Present.CopyToSwapchain,1,2,true,0.023328000,7,7,true
1744,0,ASBuild.BuildTLAS,0,0,false,0.093120000,7,7,true
1744,1,LightPrepare.Upload,0,0,false,0.001536000,7,7,true
1744,2,PathTracing.Trace,0,0,false,0.595456000,7,7,true
1744,3,Ui.Overlay,0,0,false,0.012192000,7,7,true
1744,4,DLSS.RayReconstruction,1,1,false,0.985504000,7,7,true
1744,5,Present.Convert,1,1,false,0.045408000,7,7,true
1744,6,Present.CopyToSwapchain,1,2,true,0.024224000,7,7,true
1745,0,ASBuild.BuildTLAS,0,0,false,0.091776000,7,7,true
1745,1,LightPrepare.Upload,0,0,false,0.001472000,7,7,true
1745,2,PathTracing.Trace,0,0,false,0.566816000,7,7,true
1745,3,Ui.Overlay,0,0,false,0.012352000,7,7,true
1745,4,DLSS.RayReconstruction,1,1,false,0.999808000,7,7,true
1745,5,Present.Convert,1,1,false,0.048480000,7,7,true
1745,6,Present.CopyToSwapchain,1,2,true,0.023456000,7,7,true
1746,0,ASBuild.BuildTLAS,0,0,false,0.091232000,7,7,true
1746,1,LightPrepare.Upload,0,0,false,0.001536000,7,7,true
1746,2,PathTracing.Trace,0,0,false,0.556512000,7,7,true
1746,3,Ui.Overlay,0,0,false,0.011968000,7,7,true
1746,4,DLSS.RayReconstruction,1,1,false,0.981280000,7,7,true
1746,5,Present.Convert,1,1,false,0.051008000,7,7,true
1746,6,Present.CopyToSwapchain,1,2,true,0.023232000,7,7,true
1747,0,ASBuild.BuildTLAS,0,0,false,0.093920000,7,7,true
1747,1,LightPrepare.Upload,0,0,false,0.001568000,7,7,true
1747,2,PathTracing.Trace,0,0,false,0.598496000,7,7,true
1747,3,Ui.Overlay,0,0,false,0.012416000,7,7,true
1747,4,DLSS.RayReconstruction,1,1,false,1.168000000,7,7,true
1747,5,Present.Convert,1,1,false,0.045920000,7,7,true
1747,6,Present.CopyToSwapchain,1,2,true,0.028224000,7,7,true
1748,0,ASBuild.BuildTLAS,0,0,false,0.093568000,7,7,true
1748,1,LightPrepare.Upload,0,0,false,0.001728000,7,7,true
1748,2,PathTracing.Trace,0,0,false,0.601376000,7,7,true
1748,3,Ui.Overlay,0,0,false,0.012352000,7,7,true
1748,4,DLSS.RayReconstruction,1,1,false,1.493184000,7,7,true
1748,5,Present.Convert,1,1,false,0.055552000,7,7,true
1748,6,Present.CopyToSwapchain,1,2,true,0.023264000,7,7,true
1749,0,ASBuild.BuildTLAS,0,0,false,0.119488000,7,7,true
1749,1,LightPrepare.Upload,0,0,false,0.001888000,7,7,true
1749,2,PathTracing.Trace,0,0,false,0.669760000,7,7,true
1749,3,Ui.Overlay,0,0,false,0.016192000,7,7,true
1749,4,DLSS.RayReconstruction,1,1,false,1.483008000,7,7,true
1749,5,Present.Convert,1,1,false,0.055584000,7,7,true
1749,6,Present.CopyToSwapchain,1,2,true,0.021952000,7,7,true
1750,0,ASBuild.BuildTLAS,0,0,false,0.119872000,7,7,true
1750,1,LightPrepare.Upload,0,0,false,0.005728000,7,7,true
1750,2,PathTracing.Trace,0,0,false,0.696640000,7,7,true
1750,3,Ui.Overlay,0,0,false,0.016960000,7,7,true
1750,4,DLSS.RayReconstruction,1,1,false,1.013280000,7,7,true
1750,5,Present.Convert,1,1,false,0.049280000,7,7,true
1750,6,Present.CopyToSwapchain,1,2,true,0.024800000,7,7,true
1751,0,ASBuild.BuildTLAS,0,0,false,0.118848000,7,7,true
1751,1,LightPrepare.Upload,0,0,false,0.005792000,7,7,true
1751,2,PathTracing.Trace,0,0,false,0.579840000,7,7,true
1751,3,Ui.Overlay,0,0,false,0.012448000,7,7,true
1751,4,DLSS.RayReconstruction,1,1,false,1.181056000,7,7,true
1751,5,Present.Convert,1,1,false,0.050560000,7,7,true
1751,6,Present.CopyToSwapchain,1,2,true,0.025536000,7,7,true
1752,0,ASBuild.BuildTLAS,0,0,false,0.091104000,7,7,true
1752,1,LightPrepare.Upload,0,0,false,0.001600000,7,7,true
1752,2,PathTracing.Trace,0,0,false,0.583072000,7,7,true
1752,3,Ui.Overlay,0,0,false,0.012352000,7,7,true
1752,4,DLSS.RayReconstruction,1,1,false,1.001184000,7,7,true
1752,5,Present.Convert,1,1,false,0.050528000,7,7,true
1752,6,Present.CopyToSwapchain,1,2,true,0.023840000,7,7,true
1753,0,ASBuild.BuildTLAS,0,0,false,0.093152000,7,7,true
1753,1,LightPrepare.Upload,0,0,false,0.001824000,7,7,true
1753,2,PathTracing.Trace,0,0,false,0.574656000,7,7,true
1753,3,Ui.Overlay,0,0,false,0.012192000,7,7,true
1753,4,DLSS.RayReconstruction,1,1,false,1.484224000,7,7,true
1753,5,Present.Convert,1,1,false,0.050560000,7,7,true
1753,6,Present.CopyToSwapchain,1,2,true,0.024096000,7,7,true
1754,0,ASBuild.BuildTLAS,0,0,false,0.117280000,7,7,true
1754,1,LightPrepare.Upload,0,0,false,0.005856000,7,7,true
1754,2,PathTracing.Trace,0,0,false,0.710944000,7,7,true
1754,3,Ui.Overlay,0,0,false,0.020160000,7,7,true
1754,4,DLSS.RayReconstruction,1,1,false,1.472672000,7,7,true
1754,5,Present.Convert,1,1,false,0.261696000,7,7,true
1754,6,Present.CopyToSwapchain,1,2,true,0.036288000,7,7,true
1755,0,ASBuild.BuildTLAS,0,0,false,0.121760000,7,7,true
1755,1,LightPrepare.Upload,0,0,false,0.005952000,7,7,true
1755,2,PathTracing.Trace,0,0,false,0.747616000,7,7,true
1755,3,Ui.Overlay,0,0,false,0.020992000,7,7,true
1755,4,DLSS.RayReconstruction,1,1,false,1.520832000,7,7,true
1755,5,Present.Convert,1,1,false,0.052608000,7,7,true
1755,6,Present.CopyToSwapchain,1,2,true,0.022016000,7,7,true
1756,0,ASBuild.BuildTLAS,0,0,false,0.117952000,7,7,true
1756,1,LightPrepare.Upload,0,0,false,0.001920000,7,7,true
1756,2,PathTracing.Trace,0,0,false,0.708640000,7,7,true
1756,3,Ui.Overlay,0,0,false,0.028448000,7,7,true
1756,4,DLSS.RayReconstruction,1,1,false,1.047232000,7,7,true
1756,5,Present.Convert,1,1,false,0.448448000,7,7,true
1756,6,Present.CopyToSwapchain,1,2,true,0.057888000,7,7,true
1757,0,ASBuild.BuildTLAS,0,0,false,0.123104000,7,7,true
1757,1,LightPrepare.Upload,0,0,false,0.001856000,7,7,true
1757,2,PathTracing.Trace,0,0,false,0.663584000,7,7,true
1757,3,Ui.Overlay,0,0,false,0.011840000,7,7,true
1757,4,DLSS.RayReconstruction,1,1,false,0.998944000,7,7,true
1757,5,Present.Convert,1,1,false,0.048512000,7,7,true
1757,6,Present.CopyToSwapchain,1,2,true,0.023456000,7,7,true
1758,0,ASBuild.BuildTLAS,0,0,false,0.091168000,7,7,true
1758,1,LightPrepare.Upload,0,0,false,0.001536000,7,7,true
1758,2,PathTracing.Trace,0,0,false,0.601568000,7,7,true
1758,3,Ui.Overlay,0,0,false,0.012352000,7,7,true
1758,4,DLSS.RayReconstruction,1,1,false,1.155744000,7,7,true
1758,5,Present.Convert,1,1,false,0.045600000,7,7,true
1758,6,Present.CopyToSwapchain,1,2,true,0.023392000,7,7,true
1759,0,ASBuild.BuildTLAS,0,0,false,0.092992000,7,7,true
1759,1,LightPrepare.Upload,0,0,false,0.001600000,7,7,true
1759,2,PathTracing.Trace,0,0,false,0.575936000,7,7,true
1759,3,Ui.Overlay,0,0,false,0.011840000,7,7,true
1759,4,DLSS.RayReconstruction,1,1,false,0.998912000,7,7,true
1759,5,Present.Convert,1,1,false,0.050464000,7,7,true
1759,6,Present.CopyToSwapchain,1,2,true,0.026112000,7,7,true
1760,0,ASBuild.BuildTLAS,0,0,false,0.091040000,7,7,true
1760,1,LightPrepare.Upload,0,0,false,0.001536000,7,7,true
1760,2,PathTracing.Trace,0,0,false,0.557568000,7,7,true
1760,3,Ui.Overlay,0,0,false,0.012032000,7,7,true
1760,4,DLSS.RayReconstruction,1,1,false,0.987424000,7,7,true
1760,5,Present.Convert,1,1,false,0.053536000,7,7,true
1760,6,Present.CopyToSwapchain,1,2,true,0.026144000,7,7,true
1761,0,ASBuild.BuildTLAS,0,0,false,0.120128000,7,7,true
1761,1,LightPrepare.Upload,0,0,false,0.001632000,7,7,true
1761,2,PathTracing.Trace,0,0,false,0.596384000,7,7,true
1761,3,Ui.Overlay,0,0,false,0.012384000,7,7,true
1761,4,DLSS.RayReconstruction,1,1,false,1.003680000,7,7,true
1761,5,Present.Convert,1,1,false,0.050496000,7,7,true
1761,6,Present.CopyToSwapchain,1,2,true,0.025408000,7,7,true
1762,0,ASBuild.BuildTLAS,0,0,false,0.090432000,7,7,true
1762,1,LightPrepare.Upload,0,0,false,0.001472000,7,7,true
1762,2,PathTracing.Trace,0,0,false,0.846400000,7,7,true
1762,3,Ui.Overlay,0,0,false,0.013600000,7,7,true
1762,4,DLSS.RayReconstruction,1,1,false,0.997216000,7,7,true
1762,5,Present.Convert,1,1,false,0.045376000,7,7,true
1762,6,Present.CopyToSwapchain,1,2,true,0.027680000,7,7,true
1763,0,ASBuild.BuildTLAS,0,0,false,0.092064000,7,7,true
1763,1,LightPrepare.Upload,0,0,false,0.001600000,7,7,true
1763,2,PathTracing.Trace,0,0,false,0.562624000,7,7,true
1763,3,Ui.Overlay,0,0,false,0.012064000,7,7,true
1763,4,DLSS.RayReconstruction,1,1,false,0.983264000,7,7,true
1763,5,Present.Convert,1,1,false,0.049440000,7,7,true
1763,6,Present.CopyToSwapchain,1,2,true,0.140608000,7,7,true
1764,0,ASBuild.BuildTLAS,0,0,false,0.130144000,7,7,true
1764,1,LightPrepare.Upload,0,0,false,0.006240000,7,7,true
1764,2,PathTracing.Trace,0,0,false,0.581536000,7,7,true
1764,3,Ui.Overlay,0,0,false,0.012288000,7,7,true
1764,4,DLSS.RayReconstruction,1,1,false,1.492672000,7,7,true
1764,5,Present.Convert,1,1,false,0.061696000,7,7,true
1764,6,Present.CopyToSwapchain,1,2,true,0.023520000,7,7,true
1765,0,ASBuild.BuildTLAS,0,0,false,0.127200000,7,7,true
1765,1,LightPrepare.Upload,0,0,false,0.001888000,7,7,true
1765,2,PathTracing.Trace,0,0,false,0.659520000,7,7,true
1765,3,Ui.Overlay,0,0,false,0.016576000,7,7,true
1765,4,DLSS.RayReconstruction,1,1,false,1.193248000,7,7,true
1765,5,Present.Convert,1,1,false,0.356416000,7,7,true
1765,6,Present.CopyToSwapchain,1,2,true,0.168256000,7,7,true
1766,0,ASBuild.BuildTLAS,0,0,false,0.128928000,7,7,true
1766,1,LightPrepare.Upload,0,0,false,0.001888000,7,7,true
1766,2,PathTracing.Trace,0,0,false,0.632864000,7,7,true
1766,3,Ui.Overlay,0,0,false,0.012256000,7,7,true
1766,4,DLSS.RayReconstruction,1,1,false,1.004864000,7,7,true
1766,5,Present.Convert,1,1,false,0.051488000,7,7,true
1766,6,Present.CopyToSwapchain,1,2,true,0.025632000,7,7,true
1767,0,ASBuild.BuildTLAS,0,0,false,0.093056000,7,7,true
1767,1,LightPrepare.Upload,0,0,false,0.001632000,7,7,true
1767,2,PathTracing.Trace,0,0,false,0.570784000,7,7,true
1767,3,Ui.Overlay,0,0,false,0.011712000,7,7,true
1767,4,DLSS.RayReconstruction,1,1,false,1.005824000,7,7,true
1767,5,Present.Convert,1,1,false,0.051456000,7,7,true
1767,6,Present.CopyToSwapchain,1,2,true,0.059520000,7,7,true
1768,0,ASBuild.BuildTLAS,0,0,false,0.119712000,7,7,true
1768,1,LightPrepare.Upload,0,0,false,0.001728000,7,7,true
1768,2,PathTracing.Trace,0,0,false,0.579840000,7,7,true
1768,3,Ui.Overlay,0,0,false,0.012352000,7,7,true
1768,4,DLSS.RayReconstruction,1,1,false,1.007808000,7,7,true
1768,5,Present.Convert,1,1,false,0.045376000,7,7,true
1768,6,Present.CopyToSwapchain,1,2,true,0.027840000,7,7,true
1769,0,ASBuild.BuildTLAS,0,0,false,0.093312000,7,7,true
1769,1,LightPrepare.Upload,0,0,false,0.001728000,7,7,true
1769,2,PathTracing.Trace,0,0,false,0.593184000,7,7,true
1769,3,Ui.Overlay,0,0,false,0.011904000,7,7,true
1769,4,DLSS.RayReconstruction,1,1,false,0.993792000,7,7,true
1769,5,Present.Convert,1,1,false,0.050528000,7,7,true
1769,6,Present.CopyToSwapchain,1,2,true,0.025600000,7,7,true
1770,0,ASBuild.BuildTLAS,0,0,false,0.091456000,7,7,true
1770,1,LightPrepare.Upload,0,0,false,0.001536000,7,7,true
1770,2,PathTracing.Trace,0,0,false,0.572896000,7,7,true
1770,3,Ui.Overlay,0,0,false,0.012352000,7,7,true
1770,4,DLSS.RayReconstruction,1,1,false,0.981216000,7,7,true
1770,5,Present.Convert,1,1,false,0.045248000,7,7,true
1770,6,Present.CopyToSwapchain,1,2,true,0.027616000,7,7,true
1771,0,ASBuild.BuildTLAS,0,0,false,0.093376000,7,7,true
1771,1,LightPrepare.Upload,0,0,false,0.001536000,7,7,true
1771,2,PathTracing.Trace,0,0,false,0.585216000,7,7,true
1771,3,Ui.Overlay,0,0,false,0.012416000,7,7,true
1771,4,DLSS.RayReconstruction,1,1,false,1.007456000,7,7,true
1771,5,Present.Convert,1,1,false,0.050592000,7,7,true
1771,6,Present.CopyToSwapchain,1,2,true,0.024160000,7,7,true
1772,0,ASBuild.BuildTLAS,0,0,false,0.091264000,7,7,true
1772,1,LightPrepare.Upload,0,0,false,0.001792000,7,7,true
1772,2,PathTracing.Trace,0,0,false,0.568608000,7,7,true
1772,3,Ui.Overlay,0,0,false,0.012192000,7,7,true
1772,4,DLSS.RayReconstruction,1,1,false,1.468960000,7,7,true
1772,5,Present.Convert,1,1,false,0.055392000,7,7,true
1772,6,Present.CopyToSwapchain,1,2,true,0.028576000,7,7,true
1773,0,ASBuild.BuildTLAS,0,0,false,0.123488000,7,7,true
1773,1,LightPrepare.Upload,0,0,false,0.001888000,7,7,true
1773,2,PathTracing.Trace,0,0,false,0.708672000,7,7,true
1773,3,Ui.Overlay,0,0,false,0.011968000,7,7,true
1773,4,DLSS.RayReconstruction,1,1,false,1.503520000,7,7,true
1773,5,Present.Convert,1,1,false,0.050880000,7,7,true
1773,6,Present.CopyToSwapchain,1,2,true,0.024512000,7,7,true
1774,0,ASBuild.BuildTLAS,0,0,false,0.116256000,7,7,true
1774,1,LightPrepare.Upload,0,0,false,0.001888000,7,7,true
1774,2,PathTracing.Trace,0,0,false,0.694336000,7,7,true
1774,3,Ui.Overlay,0,0,false,0.028160000,7,7,true
1774,4,DLSS.RayReconstruction,1,1,false,0.988928000,7,7,true
1774,5,Present.Convert,1,1,false,0.050560000,7,7,true
1774,6,Present.CopyToSwapchain,1,2,true,0.024032000,7,7,true
1775,0,ASBuild.BuildTLAS,0,0,false,0.090944000,7,7,true
1775,1,LightPrepare.Upload,0,0,false,0.001536000,7,7,true
1775,2,PathTracing.Trace,0,0,false,0.576992000,7,7,true
1775,3,Ui.Overlay,0,0,false,0.012096000,7,7,true
1775,4,DLSS.RayReconstruction,1,1,false,0.999776000,7,7,true
1775,5,Present.Convert,1,1,false,0.050592000,7,7,true
1775,6,Present.CopyToSwapchain,1,2,true,0.025504000,7,7,true
1776,0,ASBuild.BuildTLAS,0,0,false,0.091264000,7,7,true
1776,1,LightPrepare.Upload,0,0,false,0.001536000,7,7,true
1776,2,PathTracing.Trace,0,0,false,0.781824000,7,7,true
1776,3,Ui.Overlay,0,0,false,0.012224000,7,7,true
1776,4,DLSS.RayReconstruction,1,1,false,1.102112000,7,7,true
1776,5,Present.Convert,1,1,false,0.405408000,7,7,true
1776,6,Present.CopyToSwapchain,1,2,true,0.042720000,7,7,true
1777,0,ASBuild.BuildTLAS,0,0,false,0.128192000,7,7,true
1777,1,LightPrepare.Upload,0,0,false,0.001888000,7,7,true
1777,2,PathTracing.Trace,0,0,false,0.641088000,7,7,true
1777,3,Ui.Overlay,0,0,false,0.012384000,7,7,true
1777,4,DLSS.RayReconstruction,1,1,false,0.995776000,7,7,true
1777,5,Present.Convert,1,1,false,0.050496000,7,7,true
1777,6,Present.CopyToSwapchain,1,2,true,0.023360000,7,7,true
1778,0,ASBuild.BuildTLAS,0,0,false,0.091680000,7,7,true
1778,1,LightPrepare.Upload,0,0,false,0.001728000,7,7,true
1778,2,PathTracing.Trace,0,0,false,0.566560000,7,7,true
1778,3,Ui.Overlay,0,0,false,0.012160000,7,7,true
1778,4,DLSS.RayReconstruction,1,1,false,0.993920000,7,7,true
1778,5,Present.Convert,1,1,false,0.053568000,7,7,true
1778,6,Present.CopyToSwapchain,1,2,true,0.023648000,7,7,true
1779,0,ASBuild.BuildTLAS,0,0,false,0.093376000,7,7,true
1779,1,LightPrepare.Upload,0,0,false,0.001792000,7,7,true
1779,2,PathTracing.Trace,0,0,false,0.570624000,7,7,true
1779,3,Ui.Overlay,0,0,false,0.012384000,7,7,true
1779,4,DLSS.RayReconstruction,1,1,false,1.164000000,7,7,true
1779,5,Present.Convert,1,1,false,0.047200000,7,7,true
1779,6,Present.CopyToSwapchain,1,2,true,0.023744000,7,7,true
1780,0,ASBuild.BuildTLAS,0,0,false,0.090400000,7,7,true
1780,1,LightPrepare.Upload,0,0,false,0.001536000,7,7,true
1780,2,PathTracing.Trace,0,0,false,0.589280000,7,7,true
1780,3,Ui.Overlay,0,0,false,0.012480000,7,7,true
1780,4,DLSS.RayReconstruction,1,1,false,0.999776000,7,7,true
1780,5,Present.Convert,1,1,false,0.050528000,7,7,true
1780,6,Present.CopyToSwapchain,1,2,true,0.023488000,7,7,true
1781,0,ASBuild.BuildTLAS,0,0,false,0.092320000,7,7,true
1781,1,LightPrepare.Upload,0,0,false,0.001696000,7,7,true
1781,2,PathTracing.Trace,0,0,false,0.579936000,7,7,true
1781,3,Ui.Overlay,0,0,false,0.012192000,7,7,true
1781,4,DLSS.RayReconstruction,1,1,false,0.979136000,7,7,true
1781,5,Present.Convert,1,1,false,0.045280000,7,7,true
1781,6,Present.CopyToSwapchain,1,2,true,0.023584000,7,7,true
1782,0,ASBuild.BuildTLAS,0,0,false,0.091168000,7,7,true
1782,1,LightPrepare.Upload,0,0,false,0.001568000,7,7,true
1782,2,PathTracing.Trace,0,0,false,0.581088000,7,7,true
1782,3,Ui.Overlay,0,0,false,0.012096000,7,7,true
1782,4,DLSS.RayReconstruction,1,1,false,1.693312000,7,7,true
1782,5,Present.Convert,1,1,false,0.047296000,7,7,true
1782,6,Present.CopyToSwapchain,1,2,true,0.024064000,7,7,true
1783,0,ASBuild.BuildTLAS,0,0,false,0.126112000,7,7,true
1783,1,LightPrepare.Upload,0,0,false,0.001856000,7,7,true
1783,2,PathTracing.Trace,0,0,false,0.639072000,7,7,true
1783,3,Ui.Overlay,0,0,false,0.020448000,7,7,true
1783,4,DLSS.RayReconstruction,1,1,false,1.521120000,7,7,true
1783,5,Present.Convert,1,1,false,0.050432000,7,7,true
1783,6,Present.CopyToSwapchain,1,2,true,0.022208000,7,7,true
1784,0,ASBuild.BuildTLAS,0,0,false,0.129504000,7,7,true
1784,1,LightPrepare.Upload,0,0,false,0.001888000,7,7,true
1784,2,PathTracing.Trace,0,0,false,0.727104000,7,7,true
1784,3,Ui.Overlay,0,0,false,0.021632000,7,7,true
1784,4,DLSS.RayReconstruction,1,1,false,1.505184000,7,7,true
1784,5,Present.Convert,1,1,false,0.049312000,7,7,true
1784,6,Present.CopyToSwapchain,1,2,true,0.025504000,7,7,true
1785,0,ASBuild.BuildTLAS,0,0,false,0.129216000,7,7,true
1785,1,LightPrepare.Upload,0,0,false,0.001920000,7,7,true
1785,2,PathTracing.Trace,0,0,false,0.659616000,7,7,true
1785,3,Ui.Overlay,0,0,false,0.019840000,7,7,true
1785,4,DLSS.RayReconstruction,1,1,false,1.003360000,7,7,true
1785,5,Present.Convert,1,1,false,0.052576000,7,7,true
1785,6,Present.CopyToSwapchain,1,2,true,0.401184000,7,7,true
1786,0,ASBuild.BuildTLAS,0,0,false,0.106848000,7,7,true
1786,1,LightPrepare.Upload,0,0,false,0.001536000,7,7,true
1786,2,PathTracing.Trace,0,0,false,0.589312000,7,7,true
1786,3,Ui.Overlay,0,0,false,0.012256000,7,7,true
1786,4,DLSS.RayReconstruction,1,1,false,0.989344000,7,7,true
1786,5,Present.Convert,1,1,false,0.050560000,7,7,true
1786,6,Present.CopyToSwapchain,1,2,true,0.023424000,7,7,true
1787,0,ASBuild.BuildTLAS,0,0,false,0.091136000,7,7,true
1787,1,LightPrepare.Upload,0,0,false,0.001536000,7,7,true
1787,2,PathTracing.Trace,0,0,false,0.574976000,7,7,true
1787,3,Ui.Overlay,0,0,false,0.012480000,7,7,true
1787,4,DLSS.RayReconstruction,1,1,false,1.003872000,7,7,true
1787,5,Present.Convert,1,1,false,0.053568000,7,7,true
1787,6,Present.CopyToSwapchain,1,2,true,0.023392000,7,7,true
1788,0,ASBuild.BuildTLAS,0,0,false,0.092928000,7,7,true
1788,1,LightPrepare.Upload,0,0,false,0.001792000,7,7,true
1788,2,PathTracing.Trace,0,0,false,0.615648000,7,7,true
1788,3,Ui.Overlay,0,0,false,0.012672000,7,7,true
1788,4,DLSS.RayReconstruction,1,1,false,1.208416000,7,7,true
1788,5,Present.Convert,1,1,false,0.050560000,7,7,true
1788,6,Present.CopyToSwapchain,1,2,true,0.026496000,7,7,true
1789,0,ASBuild.BuildTLAS,0,0,false,0.093504000,7,7,true
1789,1,LightPrepare.Upload,0,0,false,0.001536000,7,7,true
1789,2,PathTracing.Trace,0,0,false,0.562688000,7,7,true
1789,3,Ui.Overlay,0,0,false,0.012192000,7,7,true
1789,4,DLSS.RayReconstruction,1,1,false,1.001280000,7,7,true
1789,5,Present.Convert,1,1,false,0.050496000,7,7,true
1789,6,Present.CopyToSwapchain,1,2,true,0.022400000,7,7,true
1790,0,ASBuild.BuildTLAS,0,0,false,0.091872000,7,7,true
1790,1,LightPrepare.Upload,0,0,false,0.001536000,7,7,true
1790,2,PathTracing.Trace,0,0,false,0.593408000,7,7,true
1790,3,Ui.Overlay,0,0,false,0.012640000,7,7,true
1790,4,DLSS.RayReconstruction,1,1,false,1.490912000,7,7,true
1790,5,Present.Convert,1,1,false,0.050496000,7,7,true
1790,6,Present.CopyToSwapchain,1,2,true,0.025504000,7,7,true
1791,0,ASBuild.BuildTLAS,0,0,false,0.146464000,7,7,true
1791,1,LightPrepare.Upload,0,0,false,0.001952000,7,7,true
1791,2,PathTracing.Trace,0,0,false,0.684032000,7,7,true
1791,3,Ui.Overlay,0,0,false,0.031648000,7,7,true
1791,4,DLSS.RayReconstruction,1,1,false,1.718560000,7,7,true
1791,5,Present.Convert,1,1,false,0.055776000,7,7,true
1791,6,Present.CopyToSwapchain,1,2,true,0.028224000,7,7,true
1792,0,ASBuild.BuildTLAS,0,0,false,0.127808000,7,7,true
1792,1,LightPrepare.Upload,0,0,false,0.001920000,7,7,true
1792,2,PathTracing.Trace,0,0,false,0.944160000,7,7,true
1792,3,Ui.Overlay,0,0,false,0.018784000,7,7,true
1792,4,DLSS.RayReconstruction,1,1,false,1.009760000,7,7,true
1792,5,Present.Convert,1,1,false,0.047456000,7,7,true
1792,6,Present.CopyToSwapchain,1,2,true,0.062592000,7,7,true
1793,0,ASBuild.BuildTLAS,0,0,false,0.122112000,7,7,true
1793,1,LightPrepare.Upload,0,0,false,0.001536000,7,7,true
1793,2,PathTracing.Trace,0,0,false,0.576000000,7,7,true
1793,3,Ui.Overlay,0,0,false,0.012224000,7,7,true
1793,4,DLSS.RayReconstruction,1,1,false,0.989920000,7,7,true
1793,5,Present.Convert,1,1,false,0.047584000,7,7,true
1793,6,Present.CopyToSwapchain,1,2,true,0.028096000,7,7,true
1794,0,ASBuild.BuildTLAS,0,0,false,0.110944000,7,7,true
1794,1,LightPrepare.Upload,0,0,false,0.001472000,7,7,true
1794,2,PathTracing.Trace,0,0,false,0.567872000,7,7,true
1794,3,Ui.Overlay,0,0,false,0.012000000,7,7,true
1794,4,DLSS.RayReconstruction,1,1,false,0.999200000,7,7,true
1794,5,Present.Convert,1,1,false,0.045792000,7,7,true
1794,6,Present.CopyToSwapchain,1,2,true,0.023232000,7,7,true
1795,0,ASBuild.BuildTLAS,0,0,false,0.090848000,7,7,true
1795,1,LightPrepare.Upload,0,0,false,0.001504000,7,7,true
1795,2,PathTracing.Trace,0,0,false,0.582176000,7,7,true
1795,3,Ui.Overlay,0,0,false,0.012512000,7,7,true
1795,4,DLSS.RayReconstruction,1,1,false,1.200544000,7,7,true
1795,5,Present.Convert,1,1,false,0.253984000,7,7,true
1795,6,Present.CopyToSwapchain,1,2,true,0.287904000,7,7,true
1796,0,ASBuild.BuildTLAS,0,0,false,0.127488000,7,7,true
1796,1,LightPrepare.Upload,0,0,false,0.001888000,7,7,true
1796,2,PathTracing.Trace,0,0,false,0.639072000,7,7,true
1796,3,Ui.Overlay,0,0,false,0.012192000,7,7,true
1796,4,DLSS.RayReconstruction,1,1,false,1.000064000,7,7,true
1796,5,Present.Convert,1,1,false,0.049568000,7,7,true
1796,6,Present.CopyToSwapchain,1,2,true,0.022496000,7,7,true
1797,0,ASBuild.BuildTLAS,0,0,false,0.115808000,7,7,true
1797,1,LightPrepare.Upload,0,0,false,0.001536000,7,7,true
1797,2,PathTracing.Trace,0,0,false,0.570848000,7,7,true
1797,3,Ui.Overlay,0,0,false,0.012384000,7,7,true
1797,4,DLSS.RayReconstruction,1,1,false,0.979136000,7,7,true
1797,5,Present.Convert,1,1,false,0.051040000,7,7,true
1797,6,Present.CopyToSwapchain,1,2,true,0.024192000,7,7,true
1798,0,ASBuild.BuildTLAS,0,0,false,0.090816000,7,7,true
1798,1,LightPrepare.Upload,0,0,false,0.001536000,7,7,true
1798,2,PathTracing.Trace,0,0,false,0.583168000,7,7,true
1798,3,Ui.Overlay,0,0,false,0.012224000,7,7,true
1798,4,DLSS.RayReconstruction,1,1,false,1.007840000,7,7,true
1798,5,Present.Convert,1,1,false,0.149472000,7,7,true
1798,6,Present.CopyToSwapchain,1,2,true,0.383520000,7,7,true
1799,0,ASBuild.BuildTLAS,0,0,false,0.124000000,7,7,true
1799,1,LightPrepare.Upload,0,0,false,0.001856000,7,7,true
1799,2,PathTracing.Trace,0,0,false,0.594048000,7,7,true
1799,3,Ui.Overlay,0,0,false,0.011936000,7,7,true
1799,4,DLSS.RayReconstruction,1,1,false,1.163648000,7,7,true
1799,5,Present.Convert,1,1,false,0.045344000,7,7,true
1799,6,Present.CopyToSwapchain,1,2,true,0.024288000,7,7,true
