frame_ordinal,frame_slot,config_revision,display_width,display_height,render_width,render_height,dlss_quality,wait_gpu_ms,frame_setup_ms,scene_ms,build_ms,compile_ms,prepare_ms,execute_ms,present_ms,total_ms,cpu_work_ms,classified_ms,unclassified_ms,scene_begin_upload_ms,scene_raster_extract_ms,scene_tlas_extract_ms,scene_bridge_ms,tlas_texture_collection_ms,post_scene_ms,graph_prelude_ms,ui_collect_ms,node_loop_ms,raster_packets,rt_packets,tlas_packets,submit_batches,record_tasks,execute_executor_setup_ms,execute_completed_gpu_timing_readback_ms,execute_timing_setup_ms,execute_per_frame_lookup_ms,execute_swapchain_acquire_ms,execute_deferred_prepare_ms,execute_task_plan_launch_ms,execute_primary_record_before_collect_ms,execute_record_completion_wait_ms,execute_primary_replay_barrier_timestamp_ms,execute_primary_end_and_submit_build_ms,execute_queue_submit_ms,execute_initial_release_record_submit_ms,execute_synthetic_present_record_submit_ms,execute_finalization_ms,execute_accounted_main_thread_ms,execute_unclassified_ms,execute_compiled_batches,execute_acquire_batches,execute_record_tasks,execute_replayed_secondary_command_buffers,execute_queue_submits,node_build_0_ms,node_build_1_ms,node_build_2_ms,node_build_3_ms,node_build_4_ms,node_build_5_ms,as_recorded,as_available,as_cache_scan_ms,as_metadata_plan_ms,as_cpu_writes_ms,as_tlas_sizing_ms,as_graph_declare_ms,as_packets,as_instances,as_dirty_blas
600,0,1,1920,1080,640,360,ultra-performance,0.003200000,0.043700000,0.181400000,0.648000000,0.017300000,0.132500000,0.956300000,0.182900000,2.321700000,2.318500000,2.165300000,0.156400000,0.006600000,0.018600000,0.011400000,0.143900000,0.154800000,0.155200000,0.067800000,0.005500000,0.572900000,84,0,103,3,7,0.001500000,0.004100000,0.001300000,0.004000000,0.007600000,0.001600000,0.679100000,0.024000000,0.070200000,0.016300000,0.009000000,0.127100000,0.000200000,0.000000000,0.003300000,0.949300000,0.007000000,3,1,7,7,3,,0.226300000,0.006400000,0.202200000,0.076600000,0.013600000,0.047100000,true,true,0.036100000,0.156100000,0.011300000,0.005500000,0.012400000,103,103,0
601,1,1,1920,1080,640,360,ultra-performance,0.002300000,0.043400000,0.215500000,0.537900000,0.019500000,0.155900000,0.766900000,0.162000000,2.064600000,2.062300000,1.903400000,0.161200000,0.005700000,0.020900000,0.012700000,0.175100000,0.159800000,0.160100000,0.053700000,0.004100000,0.477900000,84,0,103,3,7,0.001300000,0.003700000,0.001900000,0.003400000,0.002600000,0.000500000,0.507500000,0.021300000,0.127000000,0.008700000,0.004000000,0.076800000,0.000200000,0.000000000,0.003400000,0.762300000,0.004600000,3,1,7,7,3,,0.155100000,0.004300000,0.187700000,0.059600000,0.014100000,0.056200000,true,true,0.024000000,0.108500000,0.007600000,0.004900000,0.007200000,103,103,0
602,2,1,1920,1080,640,360,ultra-performance,0.001800000,0.027200000,0.200900000,0.511900000,0.016000000,0.119500000,0.897900000,0.410100000,2.406200000,2.404400000,2.185300000,0.220900000,0.003300000,0.016600000,0.009600000,0.170700000,0.218200000,0.218400000,0.053600000,0.003100000,0.453300000,84,0,103,3,7,0.001500000,0.003600000,0.001200000,0.003400000,0.005600000,0.001400000,0.506900000,0.029200000,0.139500000,0.019200000,0.007700000,0.160300000,0.000200000,0.000000000,0.007500000,0.887200000,0.010700000,3,1,7,7,3,,0.138300000,0.004000000,0.198800000,0.065300000,0.012700000,0.033400000,true,true,0.020200000,0.094700000,0.007900000,0.005300000,0.007200000,103,103,0
603,0,1,1920,1080,640,360,ultra-performance,0.004400000,0.044300000,0.202800000,0.590200000,0.016700000,0.119000000,1.050700000,0.199100000,2.421300000,2.416900000,2.227200000,0.194100000,0.006100000,0.026900000,0.012400000,0.156600000,0.174700000,0.174800000,0.074900000,0.003600000,0.509800000,84,0,103,3,7,0.001300000,0.003400000,0.001700000,0.004100000,0.010100000,0.001800000,0.663900000,0.033500000,0.105400000,0.020300000,0.009100000,0.181300000,0.000200000,0.000000000,0.004300000,1.040400000,0.010300000,3,1,7,7,3,,0.176100000,0.004100000,0.209400000,0.069000000,0.012900000,0.037800000,true,true,0.027100000,0.123700000,0.009500000,0.004200000,0.008700000,103,103,0
604,1,1,1920,1080,640,360,ultra-performance,0.001800000,0.025600000,0.176800000,0.523800000,0.014700000,0.122300000,0.645900000,0.244500000,1.913400000,1.911600000,1.755400000,0.158000000,0.004100000,0.019600000,0.011100000,0.141200000,0.156000000,0.156300000,0.066100000,0.003300000,0.452400000,84,0,103,3,7,0.001600000,0.003600000,0.001100000,0.002900000,0.004200000,0.000800000,0.475000000,0.020400000,0.025100000,0.011100000,0.005300000,0.082500000,0.000100000,0.000000000,0.005200000,0.638900000,0.007000000,3,1,7,7,3,,0.143100000,0.003600000,0.199600000,0.057900000,0.012800000,0.034800000,true,true,0.020100000,0.099000000,0.008200000,0.004900000,0.008100000,103,103,0
605,2,1,1920,1080,640,360,ultra-performance,0.002200000,0.029400000,0.209700000,0.535300000,0.016000000,0.116600000,1.063000000,0.431400000,2.586000000,2.583800000,2.403600000,0.182400000,0.004700000,0.023900000,0.010400000,0.169700000,0.179400000,0.179600000,0.065000000,0.003400000,0.464900000,84,0,103,3,7,0.001300000,0.003000000,0.001400000,0.003600000,0.006100000,0.001500000,0.597200000,0.031500000,0.159300000,0.019800000,0.009100000,0.208500000,0.000100000,0.000000000,0.008900000,1.051300000,0.011700000,3,1,7,7,3,,0.151300000,0.003600000,0.204600000,0.054400000,0.013100000,0.037000000,true,true,0.022900000,0.104700000,0.008700000,0.003700000,0.008400000,103,103,0
606,0,1,1920,1080,640,360,ultra-performance,0.001900000,0.028200000,0.216500000,0.646500000,0.015300000,0.114500000,0.780500000,0.222000000,2.324300000,2.322400000,2.025400000,0.298900000,0.005000000,0.021800000,0.010900000,0.177900000,0.297100000,0.297500000,0.099800000,0.003800000,0.540900000,84,0,103,3,7,0.001300000,0.003100000,0.001200000,0.004200000,0.004100000,0.000900000,0.476700000,0.024000000,0.125800000,0.011000000,0.004700000,0.112300000,0.000100000,0.000000000,0.004100000,0.773500000,0.007000000,3,1,7,7,3,,0.236200000,0.003700000,0.197700000,0.053800000,0.012600000,0.036200000,true,true,0.033600000,0.171500000,0.011500000,0.004400000,0.011400000,103,103,0
607,1,1,1920,1080,640,360,ultra-performance,0.002500000,0.035300000,0.288800000,0.747900000,0.018400000,0.148300000,0.805100000,0.222500000,2.547800000,2.545300000,2.268800000,0.279000000,0.004600000,0.027000000,0.022300000,0.234000000,0.277200000,0.277400000,0.088900000,0.003700000,0.652600000,84,0,103,3,7,0.001800000,0.003800000,0.001700000,0.003900000,0.003300000,0.000400000,0.580400000,0.020300000,0.052100000,0.009400000,0.005200000,0.112200000,0.000000000,0.000000000,0.003800000,0.798300000,0.006800000,3,1,7,7,3,,0.228800000,0.004700000,0.285300000,0.063400000,0.016200000,0.053400000,true,true,0.026700000,0.173800000,0.010000000,0.004300000,0.009800000,103,103,0
608,2,1,1920,1080,640,360,ultra-performance,0.001900000,0.031800000,0.273100000,0.725600000,0.016800000,0.137800000,0.815000000,0.208700000,2.494400000,2.492500000,2.210700000,0.283700000,0.003900000,0.024300000,0.013700000,0.230400000,0.282100000,0.282300000,0.088500000,0.003300000,0.631400000,84,0,103,3,7,0.001900000,0.003300000,0.001400000,0.004300000,0.002300000,0.000600000,0.465100000,0.020900000,0.064900000,0.008700000,0.004700000,0.228500000,0.000000000,0.000000000,0.004100000,0.810700000,0.004300000,3,1,7,7,3,,0.210800000,0.004900000,0.290700000,0.057800000,0.015100000,0.051600000,true,true,0.026500000,0.156600000,0.010100000,0.004100000,0.009200000,103,103,0
609,0,1,1920,1080,640,360,ultra-performance,0.001900000,0.025500000,0.186900000,0.487400000,0.014500000,0.106700000,0.682700000,0.234300000,1.929200000,1.927300000,1.739900000,0.189300000,0.003900000,0.020300000,0.014000000,0.148300000,0.187600000,0.187800000,0.055500000,0.002400000,0.427700000,84,0,103,3,7,0.001300000,0.002700000,0.001300000,0.003800000,0.003400000,0.000600000,0.476100000,0.022000000,0.046500000,0.010100000,0.012000000,0.093900000,0.000100000,0.000000000,0.003900000,0.677700000,0.005000000,3,1,7,7,3,,0.139300000,0.003600000,0.188600000,0.049600000,0.011900000,0.034300000,true,true,0.018500000,0.099500000,0.007500000,0.003700000,0.007200000,103,103,0
610,1,1,1920,1080,640,360,ultra-performance,0.001900000,0.023200000,0.184600000,0.485500000,0.012300000,0.105900000,0.684600000,0.243600000,1.914700000,1.912800000,1.741600000,0.173100000,0.003600000,0.017700000,0.010500000,0.152400000,0.171700000,0.171800000,0.056000000,0.002300000,0.425600000,84,0,103,3,7,0.001100000,0.002700000,0.001400000,0.003400000,0.003000000,0.000500000,0.451400000,0.018500000,0.097000000,0.008600000,0.005100000,0.082500000,0.000100000,0.000000000,0.003400000,0.678700000,0.005900000,3,1,7,7,3,,0.136400000,0.003600000,0.192500000,0.046600000,0.011700000,0.034200000,true,true,0.017300000,0.099500000,0.006900000,0.003200000,0.006800000,103,103,0
611,2,1,1920,1080,640,360,ultra-performance,0.002000000,0.027500000,0.209500000,0.503200000,0.014800000,0.108100000,0.592200000,0.178900000,1.836900000,1.834900000,1.636200000,0.200700000,0.003900000,0.024800000,0.014300000,0.165800000,0.199300000,0.199400000,0.060600000,0.002300000,0.438300000,84,0,103,3,7,0.001400000,0.002800000,0.001200000,0.003500000,0.002700000,0.000600000,0.423300000,0.017700000,0.023000000,0.008500000,0.004000000,0.095900000,0.000000000,0.000000000,0.003300000,0.587900000,0.004300000,3,1,7,7,3,,0.142700000,0.003300000,0.193300000,0.050300000,0.012500000,0.035800000,true,true,0.023700000,0.098600000,0.007400000,0.003500000,0.006600000,103,103,0
612,0,1,1920,1080,640,360,ultra-performance,0.001800000,0.020500000,0.176900000,0.477200000,0.013100000,0.101500000,0.534800000,0.156500000,1.664000000,1.662200000,1.482300000,0.181700000,0.003200000,0.017100000,0.010100000,0.146100000,0.175500000,0.175700000,0.054900000,0.002200000,0.418500000,84,0,103,3,7,0.001200000,0.002500000,0.001100000,0.003300000,0.001900000,0.000400000,0.426500000,0.012800000,0.002300000,0.004800000,0.002600000,0.069200000,0.000000000,0.000000000,0.003100000,0.531700000,0.003100000,3,1,7,7,3,,0.141600000,0.003400000,0.182700000,0.044300000,0.011800000,0.034100000,true,true,0.016700000,0.099100000,0.006500000,0.003200000,0.013400000,103,103,0
613,1,1,1920,1080,640,360,ultra-performance,0.001700000,0.019400000,0.174700000,0.716000000,0.016700000,0.140600000,0.868400000,0.193400000,2.359900000,2.358200000,2.130900000,0.229000000,0.002800000,0.016900000,0.009000000,0.145400000,0.227200000,0.227300000,0.084700000,0.002700000,0.626000000,84,0,103,3,7,0.001800000,0.003400000,0.001500000,0.004800000,0.002800000,0.000400000,0.553800000,0.017800000,0.163600000,0.008100000,0.005600000,0.093700000,0.000000000,0.000000000,0.003800000,0.861100000,0.007300000,3,1,7,7,3,,0.203300000,0.004800000,0.293700000,0.059200000,0.015300000,0.048800000,true,true,0.029400000,0.146900000,0.009100000,0.004100000,0.009100000,103,103,0
614,2,1,1920,1080,640,360,ultra-performance,0.002000000,0.024200000,0.257500000,0.637600000,0.015400000,0.128800000,0.720600000,0.249200000,2.298700000,2.296700000,2.035300000,0.263400000,0.003500000,0.023100000,0.014100000,0.216500000,0.261900000,0.262100000,0.081000000,0.002600000,0.551600000,84,0,103,3,7,0.001500000,0.003000000,0.001500000,0.004200000,0.002700000,0.000700000,0.440200000,0.021900000,0.132100000,0.009400000,0.005900000,0.088600000,0.000100000,0.000000000,0.003200000,0.715000000,0.005600000,3,1,7,7,3,,0.183400000,0.003900000,0.252300000,0.052000000,0.013900000,0.045500000,true,true,0.021700000,0.137500000,0.008800000,0.003400000,0.008300000,103,103,0
615,0,1,1920,1080,640,360,ultra-performance,0.002300000,0.027300000,0.185700000,0.480900000,0.013000000,0.100700000,0.665200000,0.179000000,1.822100000,1.819800000,1.654100000,0.168000000,0.003300000,0.017800000,0.010100000,0.154200000,0.166700000,0.166800000,0.054700000,0.002300000,0.422000000,84,0,103,3,7,0.001100000,0.002500000,0.001100000,0.003200000,0.002300000,0.000600000,0.526300000,0.016100000,0.009200000,0.006800000,0.003500000,0.085200000,0.000100000,0.000000000,0.003000000,0.661000000,0.004200000,3,1,7,7,3,,0.145800000,0.003100000,0.184200000,0.044300000,0.011100000,0.033100000,true,true,0.017200000,0.109100000,0.006600000,0.003500000,0.006500000,103,103,0
616,1,1,1920,1080,640,360,ultra-performance,0.001700000,0.021400000,0.189400000,0.475800000,0.012000000,0.099700000,0.824400000,0.312100000,2.105400000,2.103700000,1.936500000,0.168900000,0.002900000,0.016600000,0.009600000,0.159800000,0.165800000,0.165900000,0.054600000,0.002100000,0.417200000,84,0,103,3,7,0.001200000,0.002800000,0.001400000,0.003700000,0.006200000,0.001100000,0.531400000,0.022200000,0.097700000,0.015800000,0.007400000,0.116300000,0.000100000,0.000000000,0.007300000,0.814600000,0.009800000,3,1,7,7,3,,0.132700000,0.003300000,0.191000000,0.045900000,0.010900000,0.032900000,true,true,0.017300000,0.096300000,0.006400000,0.003300000,0.006700000,103,103,0
617,2,1,1920,1080,640,360,ultra-performance,0.004000000,0.069500000,0.341800000,0.684500000,0.016500000,0.128100000,0.711400000,0.202800000,2.459300000,2.455300000,2.158600000,0.300700000,0.012700000,0.061000000,0.022800000,0.243800000,0.298600000,0.298700000,0.094900000,0.002800000,0.584500000,84,0,103,3,7,0.001700000,0.002800000,0.001900000,0.004500000,0.002900000,0.000500000,0.523300000,0.013500000,0.044300000,0.007300000,0.005000000,0.095200000,0.000000000,0.000000000,0.003900000,0.706800000,0.004600000,3,1,7,7,3,,0.191600000,0.003700000,0.273100000,0.053800000,0.014300000,0.047400000,true,true,0.023900000,0.142700000,0.009700000,0.004100000,0.007400000,103,103,0
618,0,1,1920,1080,640,360,ultra-performance,0.002100000,0.024500000,0.260400000,0.673900000,0.015400000,0.130200000,1.047400000,0.312500000,2.741100000,2.739000000,2.466400000,0.274700000,0.003800000,0.025300000,0.013800000,0.216900000,0.271400000,0.271600000,0.091500000,0.002400000,0.577100000,84,0,103,3,7,0.001700000,0.003500000,0.001600000,0.004300000,0.006800000,0.001300000,0.645600000,0.033100000,0.107700000,0.017500000,0.011800000,0.193400000,0.000100000,0.000000000,0.007800000,1.036200000,0.011200000,3,1,7,7,3,,0.188900000,0.004100000,0.267200000,0.056300000,0.013900000,0.045900000,true,true,0.022700000,0.141600000,0.008200000,0.003700000,0.008900000,103,103,0
619,1,1,1920,1080,640,360,ultra-performance,0.002700000,0.037200000,0.209400000,0.656400000,0.019000000,0.148800000,0.771200000,0.198600000,2.204200000,2.201500000,2.043300000,0.160900000,0.007100000,0.029200000,0.012800000,0.159200000,0.158800000,0.159300000,0.073200000,0.005100000,0.576400000,84,0,103,3,7,0.001500000,0.004200000,0.001400000,0.003500000,0.003000000,0.000700000,0.492900000,0.022700000,0.109100000,0.008800000,0.004800000,0.107900000,0.000100000,0.000000000,0.003800000,0.764400000,0.006800000,3,1,7,7,3,,0.205400000,0.005000000,0.218400000,0.091600000,0.014900000,0.040000000,true,true,0.049600000,0.120400000,0.014800000,0.007100000,0.010000000,103,103,0
620,2,1,1920,1080,640,360,ultra-performance,0.002300000,0.055300000,0.353900000,0.751000000,0.020000000,0.141500000,0.868600000,0.234700000,2.700300000,2.698000000,2.427300000,0.273000000,0.005000000,0.028600000,0.016200000,0.303000000,0.270600000,0.271100000,0.097300000,0.003600000,0.647600000,84,0,103,3,7,0.001800000,0.003700000,0.001500000,0.004200000,0.003200000,0.000600000,0.571600000,0.016800000,0.101800000,0.009600000,0.004800000,0.137900000,0.000000000,0.000000000,0.004300000,0.861800000,0.006800000,3,1,7,7,3,,0.212500000,0.004100000,0.293400000,0.072600000,0.015700000,0.048600000,true,true,0.027900000,0.153000000,0.011900000,0.004700000,0.011000000,103,103,0
621,0,1,1920,1080,640,360,ultra-performance,0.002300000,0.028200000,0.258300000,0.676100000,0.017800000,0.154900000,0.626100000,0.276000000,2.311300000,2.309000000,2.039700000,0.271600000,0.003600000,0.023800000,0.012500000,0.217900000,0.264800000,0.265100000,0.081900000,0.003100000,0.588700000,84,0,103,3,7,0.001800000,0.003500000,0.001800000,0.004000000,0.003500000,0.000600000,0.438900000,0.017500000,0.040500000,0.008200000,0.005000000,0.092100000,0.000000000,0.000000000,0.003700000,0.621100000,0.005000000,3,1,7,7,3,,0.196500000,0.004100000,0.270300000,0.054400000,0.014200000,0.048300000,true,true,0.026500000,0.143600000,0.009300000,0.003800000,0.009600000,103,103,0
622,1,1,1920,1080,640,360,ultra-performance,0.002400000,0.032700000,0.259500000,0.666800000,0.017100000,0.147800000,0.768500000,0.213800000,2.383500000,2.381100000,2.108600000,0.274900000,0.003600000,0.022400000,0.013600000,0.219300000,0.273300000,0.273500000,0.081300000,0.002400000,0.580600000,84,0,103,3,7,0.001500000,0.003500000,0.001500000,0.003700000,0.003900000,0.000600000,0.505500000,0.026100000,0.083100000,0.009600000,0.006400000,0.111900000,0.000000000,0.000000000,0.004200000,0.761500000,0.007000000,3,1,7,7,3,,0.193400000,0.003900000,0.267000000,0.052800000,0.014500000,0.048100000,true,true,0.024100000,0.144400000,0.008800000,0.003500000,0.008700000,103,103,0
623,2,1,1920,1080,640,360,ultra-performance,0.002200000,0.033400000,0.261700000,0.676500000,0.016900000,0.133500000,0.831900000,0.214600000,2.448800000,2.446600000,2.170700000,0.278100000,0.003400000,0.022800000,0.015300000,0.219800000,0.276500000,0.276700000,0.083900000,0.002600000,0.587500000,84,0,103,3,7,0.001700000,0.003200000,0.001500000,0.004300000,0.003100000,0.000400000,0.582300000,0.017200000,0.081000000,0.008100000,0.005300000,0.114800000,0.000000000,0.000000000,0.003700000,0.826600000,0.005300000,3,1,7,7,3,,0.197600000,0.003900000,0.269500000,0.054500000,0.014200000,0.047100000,true,true,0.022400000,0.149200000,0.009800000,0.004000000,0.008300000,103,103,0
624,0,1,1920,1080,640,360,ultra-performance,0.001800000,0.026900000,0.261500000,0.671300000,0.016700000,0.150600000,1.024100000,0.197300000,2.623100000,2.621300000,2.350200000,0.272900000,0.003400000,0.021600000,0.013800000,0.222400000,0.271100000,0.271200000,0.085300000,0.002700000,0.580800000,84,0,103,3,7,0.001700000,0.003900000,0.001500000,0.004100000,0.003700000,0.000600000,0.639700000,0.029700000,0.148200000,0.016000000,0.007300000,0.153600000,0.000100000,0.000000000,0.004200000,1.014300000,0.009800000,3,1,7,7,3,,0.193700000,0.004000000,0.267800000,0.052700000,0.013900000,0.048200000,true,true,0.022900000,0.145600000,0.009100000,0.003700000,0.008800000,103,103,0
625,1,1,1920,1080,640,360,ultra-performance,0.002100000,0.031100000,0.253400000,0.654800000,0.016200000,0.131300000,0.784800000,0.197500000,2.339100000,2.337000000,2.071200000,0.267900000,0.003800000,0.022100000,0.013200000,0.213800000,0.259300000,0.259400000,0.080600000,0.002700000,0.569200000,84,0,103,3,7,0.001600000,0.003000000,0.001600000,0.004100000,0.003100000,0.000400000,0.541400000,0.021000000,0.092100000,0.008200000,0.005400000,0.094500000,0.000100000,0.000000000,0.003700000,0.780200000,0.004600000,3,1,7,7,3,,0.193100000,0.003800000,0.260000000,0.051800000,0.014000000,0.046200000,true,true,0.022800000,0.145200000,0.008800000,0.004100000,0.008500000,103,103,0
626,2,1,1920,1080,640,360,ultra-performance,0.002100000,0.030700000,0.259300000,0.658000000,0.015800000,0.145500000,0.785700000,0.298200000,2.467600000,2.465500000,2.195300000,0.272300000,0.003500000,0.021800000,0.013100000,0.220300000,0.270500000,0.270800000,0.081900000,0.002400000,0.571300000,84,0,103,3,7,0.001500000,0.003100000,0.001400000,0.003500000,0.003300000,0.000400000,0.510000000,0.016600000,0.131800000,0.009300000,0.005200000,0.089100000,0.000100000,0.000000000,0.004300000,0.779600000,0.006100000,3,1,7,7,3,,0.191200000,0.003800000,0.261100000,0.054400000,0.013900000,0.046200000,true,true,0.022100000,0.145200000,0.008300000,0.003800000,0.008200000,103,103,0
627,0,1,1920,1080,640,360,ultra-performance,0.002600000,0.030300000,0.256800000,0.662200000,0.017000000,0.131700000,0.745200000,0.175200000,2.285100000,2.282500000,2.021000000,0.264100000,0.003500000,0.022500000,0.015100000,0.215200000,0.262500000,0.262800000,0.078600000,0.002500000,0.578500000,84,0,103,3,7,0.001400000,0.003400000,0.001400000,0.004400000,0.003000000,0.000500000,0.480000000,0.024900000,0.090100000,0.010300000,0.006100000,0.111000000,0.000000000,0.000000000,0.003000000,0.739500000,0.005700000,3,1,7,7,3,,0.181700000,0.004000000,0.277900000,0.053000000,0.014000000,0.047200000,true,true,0.021700000,0.136700000,0.008500000,0.003500000,0.007800000,103,103,0
628,1,1,1920,1080,640,360,ultra-performance,0.001800000,0.021700000,0.183700000,0.485400000,0.013300000,0.103800000,0.654500000,0.240600000,1.885700000,1.883900000,1.704800000,0.180900000,0.002900000,0.025800000,0.011600000,0.142900000,0.179700000,0.179800000,0.054400000,0.002300000,0.426900000,84,0,103,3,7,0.001300000,0.008100000,0.001400000,0.003000000,0.002300000,0.000400000,0.527300000,0.016700000,0.003100000,0.008000000,0.004500000,0.070700000,0.000000000,0.000000000,0.003000000,0.649800000,0.004700000,3,1,7,7,3,,0.145200000,0.003400000,0.187300000,0.043700000,0.011900000,0.034900000,true,true,0.017900000,0.106900000,0.007000000,0.003600000,0.006900000,103,103,0
629,2,1,1920,1080,640,360,ultra-performance,0.002500000,0.032700000,0.170100000,0.468000000,0.013300000,0.108000000,0.761400000,0.187500000,1.910700000,1.908200000,1.743500000,0.167200000,0.003900000,0.018100000,0.010200000,0.137600000,0.165700000,0.165800000,0.054000000,0.002400000,0.409700000,84,0,103,3,7,0.001400000,0.002600000,0.001400000,0.002800000,0.003300000,0.000600000,0.601500000,0.020700000,0.019100000,0.009600000,0.005400000,0.083600000,0.000000000,0.000000000,0.003700000,0.755700000,0.005700000,3,1,7,7,3,,0.132400000,0.003200000,0.184000000,0.044900000,0.011400000,0.033500000,true,true,0.017100000,0.096100000,0.006600000,0.003300000,0.006500000,103,103,0
630,0,1,1920,1080,640,360,ultra-performance,0.001900000,0.025100000,0.262100000,0.661400000,0.016400000,0.138400000,0.924300000,0.342400000,2.647200000,2.645300000,2.372000000,0.275200000,0.003500000,0.021000000,0.019200000,0.218000000,0.267900000,0.268000000,0.082500000,0.002600000,0.573800000,84,0,103,3,7,0.001500000,0.003200000,0.001500000,0.003400000,0.004100000,0.001100000,0.680400000,0.022500000,0.051300000,0.011600000,0.006000000,0.123800000,0.000100000,0.000000000,0.006500000,0.917000000,0.007300000,3,1,7,7,3,,0.188700000,0.004000000,0.263500000,0.055300000,0.014400000,0.047300000,true,true,0.022000000,0.142000000,0.008500000,0.003900000,0.008700000,103,103,0
631,1,1,1920,1080,640,360,ultra-performance,0.003100000,0.034700000,0.264200000,0.481000000,0.012900000,0.103300000,0.791100000,0.209700000,2.070700000,2.067600000,1.900000000,0.170700000,0.005300000,0.032100000,0.018400000,0.207700000,0.168900000,0.169000000,0.063300000,0.002200000,0.413600000,84,0,103,3,7,0.001200000,0.002500000,0.010500000,0.003200000,0.003100000,0.000600000,0.481400000,0.020500000,0.127400000,0.010300000,0.005200000,0.115200000,0.000000000,0.000000000,0.003800000,0.784900000,0.006200000,3,1,7,7,3,,0.135600000,0.003400000,0.185500000,0.043500000,0.011200000,0.033800000,true,true,0.017400000,0.098800000,0.006700000,0.003500000,0.006400000,103,103,0
632,2,1,1920,1080,640,360,ultra-performance,0.001900000,0.038800000,0.257200000,0.659700000,0.016500000,0.137100000,0.855100000,0.191500000,2.427000000,2.425100000,2.157800000,0.269200000,0.004200000,0.022500000,0.013000000,0.217000000,0.267500000,0.267700000,0.082700000,0.002700000,0.572000000,84,0,103,3,7,0.001800000,0.003400000,0.001600000,0.003700000,0.002700000,0.000500000,0.601500000,0.018400000,0.093100000,0.008600000,0.005000000,0.105100000,0.000100000,0.000000000,0.003800000,0.849300000,0.005800000,3,1,7,7,3,,0.189300000,0.004100000,0.261700000,0.054400000,0.014100000,0.047700000,true,true,0.022400000,0.141700000,0.008800000,0.003500000,0.009000000,103,103,0
633,0,1,1920,1080,640,360,ultra-performance,0.002100000,0.029200000,0.261700000,0.669600000,0.015700000,0.132100000,0.849100000,0.170500000,2.405600000,2.403500000,2.130000000,0.275600000,0.003900000,0.023200000,0.013000000,0.221400000,0.274300000,0.274500000,0.082300000,0.002500000,0.582000000,84,0,103,3,7,0.001900000,0.003200000,0.001600000,0.004100000,0.002800000,0.000700000,0.601800000,0.016700000,0.109400000,0.008000000,0.005800000,0.082400000,0.000000000,0.000000000,0.003900000,0.842300000,0.006800000,3,1,7,7,3,,0.189200000,0.004000000,0.272800000,0.052200000,0.014500000,0.048700000,true,true,0.022000000,0.142100000,0.009700000,0.003500000,0.008100000,103,103,0
634,1,1,1920,1080,640,360,ultra-performance,0.002000000,0.025700000,0.251700000,0.652800000,0.014900000,0.144900000,0.730200000,0.179900000,2.269600000,2.267600000,2.002100000,0.267500000,0.003500000,0.021400000,0.012000000,0.214200000,0.265900000,0.266100000,0.080100000,0.002900000,0.567300000,84,0,103,3,7,0.001500000,0.003200000,0.001400000,0.003400000,0.002900000,0.000600000,0.524100000,0.017400000,0.037800000,0.008200000,0.005300000,0.114800000,0.000100000,0.000000000,0.003800000,0.724500000,0.005700000,3,1,7,7,3,,0.188500000,0.003800000,0.258400000,0.053500000,0.014600000,0.047900000,true,true,0.023000000,0.142000000,0.008000000,0.003500000,0.008400000,103,103,0
635,2,1,1920,1080,640,360,ultra-performance,0.001900000,0.025800000,0.265700000,0.668800000,0.017200000,0.132800000,0.788000000,0.181400000,2.355600000,2.353700000,2.081600000,0.274000000,0.003400000,0.023700000,0.016000000,0.222000000,0.272400000,0.272500000,0.081300000,0.002600000,0.582500000,84,0,103,3,7,0.010400000,0.003000000,0.001500000,0.003700000,0.003400000,0.000600000,0.636800000,0.015600000,0.002200000,0.009000000,0.005200000,0.086400000,0.000100000,0.000000000,0.003700000,0.781600000,0.006400000,3,1,7,7,3,,0.198000000,0.004000000,0.265600000,0.052800000,0.013700000,0.048000000,true,true,0.023800000,0.147300000,0.010100000,0.003700000,0.009300000,103,103,0
636,0,1,1920,1080,640,360,ultra-performance,0.002000000,0.024900000,0.257000000,0.673900000,0.015200000,0.130500000,0.887200000,0.184800000,2.444900000,2.442900000,2.175500000,0.269400000,0.003200000,0.022600000,0.014900000,0.215800000,0.267800000,0.267900000,0.081300000,0.002500000,0.587700000,84,0,103,3,7,0.001700000,0.003200000,0.001500000,0.004300000,0.002700000,0.000500000,0.552500000,0.017000000,0.163200000,0.009600000,0.005300000,0.115800000,0.000000000,0.000000000,0.003700000,0.881000000,0.006200000,3,1,7,7,3,,0.192400000,0.003800000,0.276600000,0.052600000,0.013900000,0.047800000,true,true,0.022300000,0.145600000,0.008800000,0.003600000,0.008500000,103,103,0
637,1,1,1920,1080,640,360,ultra-performance,0.001900000,0.026800000,0.260300000,0.673400000,0.015400000,0.133300000,0.828700000,0.182400000,2.397300000,2.395400000,2.122200000,0.275100000,0.003000000,0.023100000,0.013500000,0.220400000,0.273000000,0.273200000,0.082000000,0.002800000,0.585900000,84,0,103,3,7,0.001500000,0.003200000,0.001700000,0.004000000,0.003200000,0.001000000,0.530400000,0.022300000,0.121200000,0.010300000,0.005700000,0.114100000,0.000000000,0.000000000,0.003400000,0.822000000,0.006700000,3,1,7,7,3,,0.191900000,0.003700000,0.275600000,0.052000000,0.013900000,0.048100000,true,true,0.022900000,0.144600000,0.008500000,0.004000000,0.008400000,103,103,0
638,2,1,1920,1080,640,360,ultra-performance,0.001700000,0.026100000,0.171600000,0.490800000,0.013600000,0.103000000,0.836800000,0.198500000,2.013000000,2.011300000,1.842100000,0.170900000,0.003100000,0.017100000,0.010100000,0.141000000,0.169300000,0.169400000,0.054900000,0.002400000,0.431500000,84,0,103,3,7,0.001300000,0.002700000,0.001100000,0.003200000,0.003800000,0.001300000,0.558900000,0.024400000,0.096100000,0.012600000,0.006900000,0.114800000,0.000100000,0.000000000,0.004200000,0.831400000,0.005400000,3,1,7,7,3,,0.139000000,0.003200000,0.199000000,0.043800000,0.011900000,0.034000000,true,true,0.017200000,0.101200000,0.007500000,0.003300000,0.007000000,103,103,0
639,0,1,1920,1080,640,360,ultra-performance,0.002000000,0.036000000,0.254400000,0.663300000,0.016900000,0.135200000,0.884200000,0.205200000,2.479800000,2.477800000,2.197200000,0.282600000,0.003600000,0.022800000,0.012800000,0.214800000,0.276100000,0.276400000,0.082200000,0.002800000,0.576000000,84,0,103,3,7,0.001600000,0.003200000,0.001500000,0.004100000,0.003500000,0.000600000,0.594700000,0.017400000,0.063300000,0.009800000,0.005100000,0.169800000,0.000100000,0.000000000,0.003700000,0.878400000,0.005800000,3,1,7,7,3,,0.188700000,0.004100000,0.264100000,0.055200000,0.014700000,0.048600000,true,true,0.021700000,0.142300000,0.008300000,0.003900000,0.008600000,103,103,0
640,1,1,1920,1080,640,360,ultra-performance,0.001900000,0.029700000,0.256100000,0.671400000,0.015300000,0.131500000,0.757400000,0.286400000,2.423900000,2.422000000,2.149700000,0.274200000,0.004300000,0.022400000,0.014000000,0.215100000,0.272800000,0.273000000,0.084700000,0.002600000,0.581800000,84,0,103,3,7,0.001500000,0.003000000,0.001400000,0.004100000,0.003100000,0.000400000,0.573600000,0.017500000,0.045000000,0.009000000,0.005000000,0.084100000,0.000000000,0.000000000,0.003900000,0.751600000,0.005800000,3,1,7,7,3,,0.192700000,0.004200000,0.270200000,0.052200000,0.014000000,0.047900000,true,true,0.022900000,0.145000000,0.008900000,0.003700000,0.008400000,103,103,0
641,2,1,1920,1080,640,360,ultra-performance,0.002000000,0.026600000,0.255400000,0.644500000,0.016100000,0.145600000,0.814600000,0.281500000,2.458600000,2.456600000,2.186300000,0.272300000,0.003200000,0.022700000,0.012700000,0.216400000,0.269200000,0.269400000,0.080400000,0.002500000,0.559300000,84,0,103,3,7,0.001500000,0.003300000,0.001700000,0.003700000,0.005000000,0.000900000,0.544800000,0.026200000,0.072300000,0.014100000,0.007400000,0.118500000,0.000100000,0.000000000,0.006100000,0.805600000,0.009000000,3,1,7,7,3,,0.186800000,0.003800000,0.256700000,0.051200000,0.013600000,0.046600000,true,true,0.022200000,0.142200000,0.007000000,0.003900000,0.007900000,103,103,0
642,0,1,1920,1080,640,360,ultra-performance,0.003900000,0.047100000,0.323400000,0.694300000,0.018700000,0.140500000,0.879800000,0.227600000,2.617200000,2.613300000,2.335300000,0.281900000,0.010000000,0.051000000,0.017000000,0.244000000,0.279300000,0.279700000,0.099900000,0.006900000,0.585200000,84,0,103,3,7,0.001400000,0.004200000,0.001300000,0.004000000,0.003900000,0.000800000,0.547800000,0.026500000,0.091900000,0.013700000,0.006400000,0.162500000,0.000100000,0.000000000,0.005700000,0.870200000,0.009600000,3,1,7,7,3,,0.211900000,0.004600000,0.213700000,0.097400000,0.017000000,0.039800000,true,true,0.057900000,0.120700000,0.009900000,0.008800000,0.011000000,103,103,0
643,1,1,1920,1080,640,360,ultra-performance,0.004400000,0.048000000,0.303100000,0.679700000,0.019500000,0.129700000,0.730600000,0.222600000,2.405000000,2.400600000,2.137600000,0.267400000,0.007600000,0.037200000,0.021800000,0.235600000,0.265000000,0.265300000,0.092600000,0.005100000,0.580100000,84,0,103,3,7,0.001400000,0.004300000,0.001100000,0.003500000,0.004800000,0.001000000,0.522300000,0.026700000,0.029300000,0.011600000,0.007700000,0.102400000,0.000200000,0.000000000,0.005700000,0.722000000,0.008600000,3,1,7,7,3,,0.247600000,0.006400000,0.205500000,0.068600000,0.014000000,0.037200000,true,true,0.042700000,0.170600000,0.010800000,0.008600000,0.010600000,103,103,0
644,2,1,1920,1080,640,360,ultra-performance,0.002900000,0.035600000,0.309000000,0.830600000,0.022300000,0.163200000,0.743100000,0.215500000,2.615300000,2.612400000,2.322200000,0.293100000,0.006300000,0.032000000,0.017200000,0.252400000,0.291400000,0.291600000,0.101500000,0.004400000,0.721800000,84,0,103,3,7,0.001900000,0.004300000,0.001600000,0.004500000,0.003200000,0.000700000,0.426000000,0.025000000,0.095400000,0.010300000,0.005300000,0.155500000,0.000100000,0.000000000,0.003700000,0.737500000,0.005600000,3,1,7,7,3,,0.238300000,0.005600000,0.322200000,0.078400000,0.018400000,0.058200000,true,true,0.035300000,0.172800000,0.009700000,0.004600000,0.011600000,103,103,0
645,0,1,1920,1080,640,360,ultra-performance,0.002700000,0.035000000,0.270400000,0.712500000,0.020900000,0.149400000,0.768700000,0.191300000,2.423800000,2.421100000,2.150900000,0.272900000,0.005800000,0.025700000,0.016500000,0.221500000,0.271500000,0.271700000,0.083000000,0.003700000,0.623300000,84,0,103,3,7,0.001600000,0.004000000,0.002000000,0.004400000,0.003300000,0.000500000,0.448200000,0.018300000,0.171800000,0.009300000,0.004900000,0.089900000,0.000100000,0.000000000,0.003900000,0.762200000,0.006500000,3,1,7,7,3,,0.207700000,0.005100000,0.278600000,0.065100000,0.015600000,0.050400000,true,true,0.031200000,0.148600000,0.008900000,0.004500000,0.010300000,103,103,0
646,1,1,1920,1080,640,360,ultra-performance,0.002200000,0.034000000,0.260900000,0.666200000,0.017000000,0.139300000,1.138400000,0.316900000,2.849400000,2.847200000,2.574900000,0.274500000,0.004000000,0.023900000,0.014000000,0.218300000,0.270500000,0.270700000,0.079900000,0.003300000,0.580700000,84,0,103,3,7,0.001600000,0.003500000,0.001400000,0.004200000,0.008300000,0.002100000,0.761300000,0.042700000,0.040200000,0.026300000,0.012600000,0.207800000,0.000100000,0.000000000,0.011700000,1.123800000,0.014600000,3,1,7,7,3,,0.194300000,0.004300000,0.260500000,0.058900000,0.014600000,0.047400000,true,true,0.025200000,0.143700000,0.009000000,0.004100000,0.008600000,103,103,0
647,2,1,1920,1080,640,360,ultra-performance,0.002500000,0.043300000,0.278700000,0.768600000,0.025500000,0.164300000,1.018300000,0.282300000,2.840300000,2.837800000,2.583500000,0.256800000,0.006900000,0.035000000,0.016500000,0.219300000,0.252700000,0.253000000,0.086100000,0.005900000,0.673400000,84,0,103,3,7,0.002100000,0.005200000,0.001600000,0.004400000,0.009600000,0.001900000,0.626400000,0.043200000,0.089000000,0.020100000,0.016100000,0.178200000,0.000100000,0.000000000,0.009000000,1.006900000,0.011400000,3,1,7,7,3,,0.226200000,0.006000000,0.274800000,0.095800000,0.017800000,0.052100000,true,true,0.041800000,0.149200000,0.010700000,0.008900000,0.011200000,103,103,0
648,0,1,1920,1080,640,360,ultra-performance,0.002400000,0.032200000,0.183700000,0.573900000,0.020200000,0.139100000,0.742100000,0.207700000,2.077200000,2.074800000,1.901300000,0.175900000,0.005400000,0.023900000,0.012100000,0.141300000,0.170600000,0.170900000,0.057800000,0.003300000,0.510800000,84,0,103,3,7,0.001400000,0.005200000,0.001800000,0.004400000,0.007300000,0.001300000,0.472000000,0.024600000,0.053300000,0.012200000,0.007400000,0.140100000,0.000100000,0.000000000,0.003800000,0.734900000,0.007200000,3,1,7,7,3,,0.159400000,0.004900000,0.214800000,0.079900000,0.014200000,0.036900000,true,true,0.030500000,0.103500000,0.007100000,0.007000000,0.008500000,103,103,0
649,1,1,1920,1080,640,360,ultra-performance,0.002400000,0.037100000,0.261900000,0.684200000,0.020800000,0.162100000,0.732100000,0.229600000,2.381400000,2.379000000,2.130200000,0.251200000,0.005700000,0.033900000,0.013900000,0.207200000,0.248600000,0.249000000,0.079500000,0.003800000,0.598600000,84,0,103,3,7,0.002000000,0.004400000,0.002200000,0.003600000,0.003900000,0.000700000,0.513100000,0.026300000,0.035000000,0.010700000,0.008500000,0.110100000,0.000100000,0.000000000,0.004700000,0.725300000,0.006800000,3,1,7,7,3,,0.203500000,0.004900000,0.254000000,0.072200000,0.016600000,0.046600000,true,true,0.030700000,0.142000000,0.009800000,0.008400000,0.008900000,103,103,0
650,2,1,1920,1080,640,360,ultra-performance,0.002900000,0.041100000,0.314400000,0.643800000,0.018500000,0.128000000,0.950000000,0.234700000,2.620100000,2.617200000,2.333400000,0.286700000,0.006600000,0.032600000,0.019000000,0.254900000,0.284700000,0.284900000,0.065500000,0.004400000,0.571700000,84,0,103,3,7,0.001500000,0.003500000,0.001400000,0.003500000,0.004400000,0.000800000,0.531000000,0.036200000,0.156800000,0.011400000,0.006900000,0.182400000,0.000100000,0.000000000,0.004000000,0.943900000,0.006100000,3,1,7,7,3,,0.168500000,0.004400000,0.265300000,0.073400000,0.019100000,0.040500000,true,true,0.025400000,0.117100000,0.008300000,0.004200000,0.010500000,103,103,0
651,0,1,1920,1080,640,360,ultra-performance,0.003300000,0.035200000,0.263100000,0.721500000,0.019700000,0.165700000,1.033900000,0.201600000,2.731300000,2.728000000,2.444000000,0.287300000,0.004400000,0.023900000,0.013000000,0.221100000,0.285400000,0.285900000,0.083800000,0.003700000,0.631400000,84,0,103,3,7,0.001800000,0.004200000,0.001700000,0.004700000,0.007000000,0.001500000,0.557400000,0.036600000,0.204500000,0.015900000,0.011000000,0.177500000,0.000200000,0.000000000,0.003300000,1.027300000,0.006600000,3,1,7,7,3,,0.215900000,0.004700000,0.275300000,0.067700000,0.016300000,0.050700000,true,true,0.030800000,0.155300000,0.010400000,0.005100000,0.010600000,103,103,0
652,1,1,1920,1080,640,360,ultra-performance,0.002000000,0.026800000,0.175200000,0.496700000,0.015300000,0.136700000,0.885500000,0.290700000,2.209600000,2.207600000,2.028900000,0.180700000,0.003600000,0.018900000,0.010900000,0.141200000,0.177600000,0.177900000,0.054600000,0.002500000,0.437600000,84,0,103,3,7,0.001400000,0.003600000,0.001200000,0.003600000,0.009400000,0.002000000,0.519100000,0.034000000,0.111800000,0.017200000,0.009500000,0.157000000,0.000200000,0.000000000,0.006000000,0.876000000,0.009500000,3,1,7,7,3,,0.141100000,0.004100000,0.190000000,0.053000000,0.013200000,0.035700000,true,true,0.018800000,0.100900000,0.007400000,0.003800000,0.007300000,103,103,0
653,2,1,1920,1080,640,360,ultra-performance,0.003600000,0.048300000,0.281400000,0.770900000,0.022800000,0.170700000,0.857000000,0.235100000,2.642100000,2.638500000,2.389800000,0.252300000,0.009500000,0.041000000,0.016000000,0.213900000,0.249500000,0.250000000,0.086600000,0.006200000,0.675900000,84,0,103,3,7,0.001700000,0.004800000,0.001800000,0.003800000,0.004500000,0.001300000,0.544900000,0.026100000,0.125300000,0.012400000,0.007300000,0.107900000,0.000300000,0.000000000,0.005600000,0.847700000,0.009300000,3,1,7,7,3,,0.241600000,0.006000000,0.273300000,0.087100000,0.016900000,0.050200000,true,true,0.049900000,0.156300000,0.010900000,0.009700000,0.010600000,103,103,0
654,0,1,1920,1080,640,360,ultra-performance,0.002300000,0.031200000,0.313800000,0.816300000,0.020700000,0.165000000,1.006500000,0.257300000,2.914300000,2.912000000,2.613100000,0.301200000,0.004900000,0.031600000,0.017200000,0.259200000,0.297900000,0.298200000,0.098600000,0.003800000,0.711000000,84,0,103,3,7,0.002300000,0.003900000,0.001800000,0.004800000,0.007300000,0.001600000,0.711300000,0.035900000,0.053200000,0.016400000,0.009700000,0.139900000,0.000100000,0.000000000,0.008300000,0.996500000,0.010000000,3,1,7,7,3,,0.228100000,0.005400000,0.318700000,0.084200000,0.017300000,0.056700000,true,true,0.030900000,0.167600000,0.010600000,0.004700000,0.010100000,103,103,0
655,1,1,1920,1080,640,360,ultra-performance,0.002700000,0.040700000,0.250000000,0.576900000,0.017200000,0.127300000,0.850000000,0.241200000,2.263100000,2.260400000,2.106000000,0.157100000,0.008500000,0.039100000,0.014800000,0.186800000,0.155300000,0.155500000,0.059700000,0.004500000,0.511000000,84,0,103,3,7,0.001200000,0.003800000,0.001100000,0.003400000,0.003600000,0.000700000,0.540500000,0.027500000,0.086200000,0.018900000,0.008100000,0.141600000,0.000100000,0.000000000,0.004300000,0.841000000,0.009000000,3,1,7,7,3,,0.177300000,0.004500000,0.202900000,0.075500000,0.013100000,0.037000000,true,true,0.039200000,0.111700000,0.008100000,0.006600000,0.008400000,103,103,0
656,2,1,1920,1080,640,360,ultra-performance,0.002100000,0.037200000,0.274200000,0.763400000,0.020500000,0.160600000,0.987900000,0.256200000,2.795100000,2.793000000,2.502100000,0.293000000,0.006500000,0.031700000,0.015800000,0.219300000,0.290200000,0.290500000,0.088900000,0.004500000,0.667300000,84,0,103,3,7,0.002500000,0.004500000,0.001600000,0.004300000,0.005000000,0.001300000,0.626200000,0.028300000,0.150800000,0.013800000,0.007000000,0.125200000,0.000100000,0.000000000,0.007700000,0.978300000,0.009600000,3,1,7,7,3,,0.232900000,0.006200000,0.276700000,0.078600000,0.017100000,0.055000000,true,true,0.032000000,0.169500000,0.009000000,0.006600000,0.010900000,103,103,0
657,0,1,1920,1080,640,360,ultra-performance,0.002300000,0.026200000,0.249100000,0.678000000,0.023300000,0.158900000,0.728900000,0.237600000,2.330800000,2.328500000,2.104300000,0.226500000,0.004200000,0.029100000,0.010900000,0.204200000,0.218600000,0.218800000,0.064500000,0.003400000,0.607000000,84,0,103,3,7,0.002000000,0.003900000,0.002100000,0.004700000,0.005500000,0.001400000,0.477800000,0.034900000,0.036100000,0.013600000,0.008000000,0.124000000,0.000100000,0.000000000,0.005800000,0.719900000,0.009000000,3,1,7,7,3,,0.166800000,0.005000000,0.275400000,0.081700000,0.014200000,0.063300000,true,true,0.024100000,0.113800000,0.010200000,0.005000000,0.010000000,103,103,0
658,1,1,1920,1080,640,360,ultra-performance,0.002600000,0.040400000,0.287900000,0.861300000,0.022400000,0.168900000,0.922400000,0.223300000,2.815600000,2.813000000,2.529200000,0.286400000,0.008000000,0.034900000,0.015800000,0.228200000,0.283800000,0.284400000,0.098300000,0.005500000,0.754600000,84,0,103,3,7,0.002200000,0.004700000,0.002000000,0.004700000,0.003600000,0.001000000,0.650600000,0.026600000,0.091600000,0.012700000,0.006600000,0.104700000,0.000200000,0.000000000,0.005000000,0.916200000,0.006200000,3,1,7,7,3,,0.252600000,0.005800000,0.313700000,0.101400000,0.018300000,0.061900000,true,true,0.039500000,0.169900000,0.019300000,0.007700000,0.011500000,103,103,0
659,2,1,1920,1080,640,360,ultra-performance,0.002700000,0.035400000,0.285700000,0.744700000,0.021800000,0.152200000,0.790300000,0.190400000,2.501400000,2.498700000,2.223200000,0.278200000,0.005200000,0.026200000,0.015700000,0.237900000,0.275300000,0.275600000,0.089800000,0.003400000,0.648900000,84,0,103,3,7,0.002100000,0.003800000,0.001800000,0.004200000,0.003000000,0.000600000,0.571100000,0.019500000,0.073500000,0.010000000,0.005400000,0.085400000,0.000100000,0.000000000,0.003800000,0.784300000,0.006000000,3,1,7,7,3,,0.211600000,0.004800000,0.286800000,0.076600000,0.016500000,0.051900000,true,true,0.026900000,0.154700000,0.011500000,0.004200000,0.010300000,103,103,0
660,0,1,1920,1080,640,360,ultra-performance,0.002200000,0.025400000,0.252900000,0.678700000,0.017900000,0.159600000,0.736400000,0.204700000,2.338300000,2.336100000,2.077800000,0.260500000,0.003800000,0.025600000,0.012800000,0.209800000,0.258300000,0.258400000,0.080200000,0.003300000,0.592500000,84,0,103,3,7,0.001700000,0.004000000,0.001700000,0.004200000,0.004100000,0.000600000,0.516600000,0.025000000,0.065200000,0.008800000,0.003900000,0.088000000,0.000200000,0.000000000,0.004700000,0.728700000,0.007700000,3,1,7,7,3,,0.191300000,0.004400000,0.262100000,0.061500000,0.017000000,0.055500000,true,true,0.024100000,0.142000000,0.008000000,0.004200000,0.009200000,103,103,0
661,1,1,1920,1080,640,360,ultra-performance,0.002200000,0.031100000,0.214100000,0.637700000,0.018700000,0.184400000,0.730300000,0.211200000,2.208800000,2.206600000,2.029700000,0.179100000,0.006100000,0.025900000,0.013100000,0.168300000,0.177100000,0.177400000,0.073000000,0.003900000,0.559000000,84,0,103,3,7,0.002100000,0.004400000,0.001900000,0.004600000,0.002700000,0.000500000,0.498600000,0.021000000,0.083700000,0.008700000,0.004800000,0.087700000,0.000100000,0.000000000,0.003600000,0.724400000,0.005900000,3,1,7,7,3,,0.219600000,0.005100000,0.205000000,0.077800000,0.014600000,0.035800000,true,true,0.034000000,0.153600000,0.010600000,0.006500000,0.010500000,103,103,0
662,2,1,1920,1080,640,360,ultra-performance,0.002100000,0.039100000,0.248900000,0.726100000,0.118400000,0.155100000,0.706300000,0.229300000,2.480400000,2.478300000,2.225300000,0.255100000,0.005800000,0.025300000,0.012800000,0.204300000,0.252200000,0.252400000,0.093300000,0.004700000,0.625900000,84,0,103,3,7,0.001700000,0.004200000,0.001600000,0.004400000,0.003800000,0.001000000,0.502800000,0.023400000,0.023900000,0.010400000,0.006400000,0.108000000,0.000200000,0.000000000,0.005900000,0.697700000,0.008600000,3,1,7,7,3,,0.208400000,0.005300000,0.270500000,0.074500000,0.017200000,0.049000000,true,true,0.032100000,0.144400000,0.010500000,0.006000000,0.011300000,103,103,0
663,0,1,1920,1080,640,360,ultra-performance,0.002100000,0.030400000,0.323700000,0.816200000,0.019100000,0.152200000,0.771300000,0.215700000,2.628300000,2.626200000,2.330700000,0.297600000,0.004900000,0.029700000,0.019600000,0.268700000,0.295600000,0.295700000,0.098100000,0.004300000,0.711000000,84,0,103,3,7,0.002100000,0.004600000,0.001700000,0.005000000,0.003000000,0.000600000,0.546300000,0.022200000,0.046000000,0.009600000,0.006000000,0.114900000,0.000200000,0.000000000,0.003900000,0.766100000,0.005200000,3,1,7,7,3,,0.233100000,0.005000000,0.322800000,0.077800000,0.017200000,0.054400000,true,true,0.030600000,0.172700000,0.010200000,0.004700000,0.010800000,103,103,0
664,1,1,1920,1080,640,360,ultra-performance,0.002400000,0.034900000,0.288800000,0.764600000,0.019700000,0.167400000,1.112500000,0.297700000,2.998000000,2.995600000,2.688000000,0.310000000,0.004400000,0.024700000,0.014200000,0.244600000,0.306300000,0.306500000,0.092400000,0.002900000,0.666400000,84,0,103,3,7,0.001900000,0.004200000,0.001900000,0.005100000,0.007100000,0.001900000,0.707800000,0.042700000,0.038900000,0.024000000,0.011300000,0.243000000,0.000200000,0.000000000,0.010500000,1.100500000,0.012000000,3,1,7,7,3,,0.214900000,0.005300000,0.296100000,0.060000000,0.016900000,0.072500000,true,true,0.027600000,0.159400000,0.009800000,0.003900000,0.009700000,103,103,0
665,2,1,1920,1080,640,360,ultra-performance,0.003000000,0.033200000,0.211900000,0.622100000,0.019900000,0.155400000,0.699900000,0.195800000,2.150400000,2.147400000,1.941200000,0.209200000,0.007900000,0.030000000,0.014000000,0.159300000,0.207500000,0.207800000,0.067200000,0.005000000,0.547600000,84,0,103,3,7,0.001500000,0.005200000,0.001700000,0.003600000,0.003300000,0.000600000,0.544300000,0.026800000,0.002100000,0.009200000,0.005000000,0.087800000,0.000100000,0.000000000,0.003100000,0.694300000,0.005600000,3,1,7,7,3,,0.183100000,0.004600000,0.203200000,0.097100000,0.016000000,0.042700000,true,true,0.039400000,0.114800000,0.008700000,0.007400000,0.009500000,103,103,0
666,0,1,1920,1080,640,360,ultra-performance,0.002400000,0.031600000,0.193400000,0.567100000,0.020300000,0.165400000,0.641900000,0.207400000,1.990000000,1.987600000,1.829500000,0.160500000,0.005900000,0.022200000,0.012100000,0.152400000,0.154300000,0.154700000,0.054400000,0.003400000,0.506900000,84,0,103,3,7,0.001800000,0.004600000,0.001400000,0.003500000,0.003500000,0.000500000,0.411000000,0.027300000,0.074900000,0.009100000,0.006000000,0.087900000,0.000100000,0.000000000,0.004000000,0.635600000,0.006300000,3,1,7,7,3,,0.165400000,0.004400000,0.197700000,0.069900000,0.017200000,0.051500000,true,true,0.028300000,0.110400000,0.007800000,0.007500000,0.008500000,103,103,0
667,1,1,1920,1080,640,360,ultra-performance,0.002500000,0.035200000,0.259800000,0.604000000,0.015600000,0.151800000,0.877600000,0.568000000,2.789000000,2.786500000,2.514500000,0.274500000,0.005600000,0.025500000,0.013100000,0.214500000,0.270700000,0.271100000,0.086800000,0.003800000,0.511600000,84,0,103,3,7,0.001900000,0.004700000,0.001600000,0.004500000,0.005500000,0.001200000,0.541700000,0.025600000,0.129300000,0.013300000,0.006800000,0.119600000,0.000200000,0.000000000,0.006900000,0.862800000,0.014800000,3,1,7,7,3,,0.209300000,0.005300000,0.191400000,0.058700000,0.012800000,0.033400000,true,true,0.027100000,0.152300000,0.009300000,0.006000000,0.009900000,103,103,0
668,2,1,1920,1080,640,360,ultra-performance,0.002400000,0.035200000,0.191100000,0.467700000,0.018700000,0.112500000,1.014600000,0.358900000,2.386300000,2.383900000,2.201100000,0.185200000,0.004600000,0.023800000,0.011600000,0.150300000,0.182400000,0.182700000,0.054300000,0.002600000,0.408500000,84,0,103,3,7,0.001200000,0.003600000,0.001000000,0.003000000,0.006900000,0.001200000,0.588900000,0.033900000,0.077900000,0.015300000,0.011300000,0.254700000,0.000100000,0.000000000,0.006600000,1.005600000,0.009000000,3,1,7,7,3,,0.130700000,0.003500000,0.178000000,0.050500000,0.012200000,0.033100000,true,true,0.018200000,0.092000000,0.006700000,0.004200000,0.006900000,103,103,0
669,0,1,1920,1080,640,360,ultra-performance,0.003400000,0.034800000,0.333800000,0.612800000,0.018100000,0.128100000,0.922300000,0.279000000,2.493800000,2.490400000,2.332300000,0.161500000,0.006000000,0.032900000,0.019500000,0.274500000,0.158400000,0.158800000,0.080100000,0.003100000,0.527000000,84,0,103,3,7,0.001500000,0.003100000,0.001300000,0.003500000,0.007700000,0.001700000,0.615400000,0.032300000,0.080600000,0.018500000,0.011400000,0.123600000,0.000200000,0.000000000,0.009800000,0.910600000,0.011700000,3,1,7,7,3,,0.189600000,0.003700000,0.200600000,0.062900000,0.016900000,0.052400000,true,true,0.022200000,0.145100000,0.007200000,0.004700000,0.007100000,103,103,0
670,1,1,1920,1080,640,360,ultra-performance,0.002800000,0.040500000,0.331600000,0.656300000,0.018000000,0.135200000,0.985100000,0.380700000,2.859700000,2.856900000,2.550200000,0.309500000,0.007200000,0.036900000,0.018300000,0.268200000,0.306600000,0.306800000,0.091900000,0.004500000,0.557600000,84,0,103,3,7,0.001400000,0.003600000,0.001400000,0.004500000,0.006700000,0.001300000,0.546200000,0.047000000,0.114000000,0.021300000,0.012400000,0.207800000,0.000100000,0.000000000,0.007600000,0.975300000,0.009800000,3,1,7,7,3,,0.192300000,0.004900000,0.229500000,0.076300000,0.014500000,0.039400000,true,true,0.037800000,0.126000000,0.009400000,0.006200000,0.009600000,103,103,0
671,2,1,1920,1080,640,360,ultra-performance,0.002800000,0.041000000,0.262200000,0.671600000,0.021600000,0.189300000,0.792700000,0.239800000,2.457400000,2.454600000,2.221000000,0.236400000,0.005300000,0.028700000,0.013600000,0.213700000,0.235000000,0.235200000,0.076300000,0.003800000,0.588900000,84,0,103,3,7,0.001800000,0.004400000,0.001700000,0.004700000,0.002500000,0.000500000,0.576300000,0.026500000,0.002500000,0.009100000,0.004000000,0.149500000,0.000200000,0.000000000,0.003700000,0.787400000,0.005300000,3,1,7,7,3,,0.198000000,0.004900000,0.247400000,0.069800000,0.015800000,0.052200000,true,true,0.029900000,0.137900000,0.009700000,0.006100000,0.010200000,103,103,0
672,0,1,1920,1080,640,360,ultra-performance,0.002300000,0.031400000,0.182600000,0.553200000,0.014800000,0.137700000,0.764100000,1.350700000,3.206200000,3.203900000,3.036800000,0.169400000,0.004300000,0.021800000,0.010900000,0.145000000,0.166700000,0.167000000,0.056400000,0.003000000,0.491500000,84,0,103,3,7,0.001300000,0.003700000,0.001300000,0.003500000,0.006000000,0.000900000,0.506100000,0.028000000,0.054900000,0.012100000,0.007800000,0.123200000,0.000100000,0.000000000,0.006000000,0.754900000,0.009200000,3,1,7,7,3,,0.150400000,0.004200000,0.221300000,0.064900000,0.013400000,0.036700000,true,true,0.025600000,0.102300000,0.006900000,0.004500000,0.008100000,103,103,0
673,1,1,1920,1080,640,360,ultra-performance,0.006500000,0.051700000,0.519900000,0.601300000,0.017600000,0.123800000,0.919800000,0.261300000,2.760100000,2.753600000,2.501900000,0.258200000,0.009800000,0.054900000,0.027400000,0.426400000,0.254400000,0.255200000,0.089500000,0.004300000,0.505500000,84,0,103,3,7,0.001400000,0.003800000,0.001400000,0.003700000,0.006600000,0.001100000,0.673700000,0.034700000,0.037300000,0.015800000,0.009200000,0.114500000,0.000200000,0.000000000,0.006700000,0.910100000,0.009700000,3,1,7,7,3,,0.177300000,0.004700000,0.204900000,0.068000000,0.013800000,0.036300000,true,true,0.034300000,0.116300000,0.009200000,0.005300000,0.009200000,103,103,0
674,2,1,1920,1080,640,360,ultra-performance,0.001900000,0.066400000,0.194000000,0.630800000,0.016400000,0.121500000,0.848000000,0.207500000,2.245800000,2.243900000,2.086500000,0.159300000,0.005100000,0.020400000,0.033500000,0.134200000,0.157500000,0.157900000,0.054400000,0.003300000,0.570500000,84,0,103,3,7,0.001700000,0.003500000,0.001100000,0.003600000,0.003100000,0.000600000,0.580900000,0.029000000,0.109900000,0.010700000,0.005500000,0.089000000,0.000100000,0.000000000,0.003200000,0.841900000,0.006100000,3,1,7,7,3,,0.148400000,0.004000000,0.305700000,0.062900000,0.013400000,0.035500000,true,true,0.024600000,0.099900000,0.006900000,0.005200000,0.008800000,103,103,0
675,0,1,1920,1080,640,360,ultra-performance,0.002300000,0.041800000,0.185900000,0.607600000,0.022200000,0.159600000,0.819500000,0.319100000,2.314700000,2.312400000,2.158000000,0.156700000,0.006000000,0.019500000,0.012000000,0.147500000,0.154000000,0.154400000,0.051800000,0.003400000,0.550200000,84,0,103,3,7,0.002200000,0.005100000,0.001900000,0.004100000,0.004600000,0.001100000,0.548500000,0.032500000,0.056900000,0.011800000,0.006900000,0.129100000,0.000100000,0.000000000,0.006500000,0.811300000,0.008200000,3,1,7,7,3,,0.188900000,0.005600000,0.212700000,0.067000000,0.016800000,0.058200000,true,true,0.020900000,0.138500000,0.010800000,0.005500000,0.009300000,103,103,0
676,1,1,1920,1080,640,360,ultra-performance,0.003800000,0.042600000,0.256100000,0.528600000,0.019200000,0.126400000,0.824600000,0.372900000,2.337100000,2.333300000,2.174200000,0.162900000,0.008500000,0.049500000,0.025800000,0.171000000,0.154400000,0.154800000,0.051400000,0.002900000,0.472200000,84,0,103,3,7,0.001500000,0.003800000,0.001400000,0.003400000,0.006000000,0.001100000,0.539500000,0.030200000,0.089400000,0.013400000,0.007600000,0.111700000,0.000100000,0.000000000,0.006100000,0.815200000,0.009400000,3,1,7,7,3,,0.151800000,0.003800000,0.188400000,0.064900000,0.015900000,0.046700000,true,true,0.023800000,0.101700000,0.007800000,0.005900000,0.009600000,103,103,0
677,2,1,1920,1080,640,360,ultra-performance,0.003600000,0.047500000,0.339000000,1.015900000,0.028600000,0.217800000,1.051800000,0.341700000,3.366600000,3.363000000,3.045900000,0.320700000,0.009200000,0.055600000,0.018800000,0.254400000,0.318700000,0.319100000,0.112700000,0.006900000,0.893400000,84,0,103,3,7,0.002400000,0.004900000,0.002400000,0.006300000,0.005000000,0.000800000,0.558100000,0.027500000,0.170300000,0.011800000,0.006900000,0.244900000,0.000500000,0.000000000,0.004600000,1.046400000,0.005400000,3,1,7,7,3,,0.387100000,0.006400000,0.323100000,0.097200000,0.019900000,0.058700000,true,true,0.053700000,0.296500000,0.012400000,0.006500000,0.013200000,103,103,0
678,0,1,1920,1080,640,360,ultra-performance,0.003200000,0.040700000,0.273100000,0.757700000,0.021800000,0.171600000,0.642800000,0.271300000,2.459900000,2.456700000,2.182200000,0.277700000,0.006300000,0.030700000,0.014800000,0.220000000,0.275400000,0.275900000,0.084500000,0.004700000,0.666000000,84,0,103,3,7,0.002000000,0.004800000,0.001700000,0.004700000,0.003400000,0.000600000,0.465200000,0.019500000,0.025600000,0.008700000,0.004500000,0.094000000,0.000100000,0.000000000,0.003600000,0.638400000,0.004400000,3,1,7,7,3,,0.226700000,0.005600000,0.280900000,0.083500000,0.017500000,0.050800000,true,true,0.035300000,0.159500000,0.008900000,0.006300000,0.012200000,103,103,0
679,1,1,1920,1080,640,360,ultra-performance,0.002200000,0.035900000,0.270800000,0.700700000,0.028500000,0.164500000,0.912500000,0.285900000,2.664500000,2.662300000,2.401000000,0.263500000,0.005100000,0.025500000,0.013300000,0.226400000,0.261300000,0.261600000,0.081300000,0.003500000,0.613800000,84,0,103,3,7,0.001800000,0.004200000,0.001700000,0.004300000,0.004200000,0.000700000,0.544600000,0.026900000,0.159700000,0.014100000,0.006100000,0.131500000,0.000100000,0.000000000,0.004400000,0.904300000,0.008200000,3,1,7,7,3,,0.197700000,0.005400000,0.273900000,0.072400000,0.016300000,0.047300000,true,true,0.024700000,0.145800000,0.009300000,0.004500000,0.009400000,103,103,0
680,2,1,1920,1080,640,360,ultra-performance,0.002300000,0.034700000,0.289600000,0.742800000,0.020400000,0.162800000,0.904300000,0.238400000,2.681900000,2.679600000,2.395300000,0.286600000,0.005200000,0.029100000,0.014800000,0.239400000,0.283800000,0.284000000,0.087800000,0.003100000,0.649100000,84,0,103,3,7,0.002000000,0.004000000,0.001600000,0.004200000,0.005200000,0.000800000,0.582300000,0.034500000,0.077200000,0.022500000,0.009800000,0.146100000,0.000200000,0.000000000,0.004800000,0.895200000,0.009100000,3,1,7,7,3,,0.209700000,0.005500000,0.292400000,0.070500000,0.017400000,0.052800000,true,true,0.024400000,0.155100000,0.008800000,0.006500000,0.010100000,103,103,0
681,0,1,1920,1080,640,360,ultra-performance,0.004100000,0.048000000,0.314100000,0.725600000,0.019600000,0.154800000,0.747900000,0.282300000,2.536900000,2.532800000,2.296400000,0.240500000,0.008700000,0.044200000,0.019300000,0.240900000,0.237500000,0.237800000,0.094900000,0.005600000,0.623200000,84,0,103,3,7,0.002000000,0.005100000,0.002000000,0.004400000,0.005300000,0.001100000,0.535400000,0.030800000,0.021600000,0.011000000,0.006900000,0.107800000,0.000200000,0.000000000,0.005900000,0.739500000,0.008400000,3,1,7,7,3,,0.238600000,0.004100000,0.231600000,0.089400000,0.016100000,0.042300000,true,true,0.045700000,0.164200000,0.008900000,0.007300000,0.009500000,103,103,0
682,1,1,1920,1080,640,360,ultra-performance,0.002700000,0.038600000,0.316400000,0.810000000,0.026300000,0.175400000,0.891000000,0.223800000,2.779600000,2.776900000,2.484200000,0.295400000,0.006200000,0.033200000,0.016300000,0.259900000,0.292700000,0.293100000,0.099900000,0.004800000,0.702200000,84,0,103,3,7,0.001400000,0.004000000,0.001300000,0.004700000,0.005500000,0.000900000,0.620200000,0.036700000,0.085700000,0.013700000,0.006900000,0.096500000,0.000100000,0.000000000,0.005300000,0.882900000,0.008100000,3,1,7,7,3,,0.250200000,0.007000000,0.289600000,0.077600000,0.018900000,0.057800000,true,true,0.039400000,0.178700000,0.009700000,0.004500000,0.013600000,103,103,0
683,2,1,1920,1080,640,360,ultra-performance,0.002400000,0.040700000,0.215600000,0.598700000,0.019000000,0.130000000,0.826200000,0.306200000,2.377200000,2.374800000,2.138800000,0.238400000,0.007500000,0.036900000,0.016400000,0.153400000,0.235700000,0.236000000,0.059900000,0.003700000,0.532800000,84,0,103,3,7,0.001400000,0.004000000,0.001200000,0.003300000,0.003600000,0.000700000,0.569100000,0.023400000,0.042200000,0.013600000,0.004800000,0.146400000,0.000100000,0.000000000,0.005500000,0.819300000,0.006900000,3,1,7,7,3,,0.167800000,0.004700000,0.217800000,0.084400000,0.017900000,0.039500000,true,true,0.031000000,0.109700000,0.008500000,0.007000000,0.008600000,103,103,0
684,0,1,1920,1080,640,360,ultra-performance,0.002300000,0.032500000,0.203800000,0.597900000,0.023300000,0.188600000,1.023100000,0.247300000,2.497000000,2.494700000,2.318800000,0.178200000,0.006600000,0.026900000,0.011600000,0.157700000,0.175600000,0.175900000,0.063900000,0.004300000,0.527100000,84,0,103,3,7,0.002100000,0.005400000,0.002000000,0.004800000,0.006200000,0.001200000,0.670600000,0.051000000,0.058500000,0.020900000,0.010700000,0.168700000,0.000200000,0.000000000,0.008600000,1.010900000,0.012200000,3,1,7,7,3,,0.170400000,0.008500000,0.213400000,0.073800000,0.014400000,0.045900000,true,true,0.029500000,0.110900000,0.008600000,0.004400000,0.012600000,103,103,0
685,1,1,1920,1080,640,360,ultra-performance,0.003400000,0.042400000,0.276700000,0.770300000,0.027000000,0.174400000,0.681000000,0.187900000,2.415500000,2.412100000,2.163100000,0.252400000,0.007900000,0.034100000,0.015700000,0.217800000,0.243000000,0.243600000,0.096300000,0.005000000,0.666300000,84,0,103,3,7,0.001400000,0.004300000,0.001900000,0.003800000,0.003000000,0.000500000,0.516300000,0.027300000,0.002000000,0.008900000,0.005400000,0.097800000,0.000100000,0.000000000,0.003200000,0.675900000,0.005100000,3,1,7,7,3,,0.236700000,0.006100000,0.281200000,0.074600000,0.017300000,0.049500000,true,true,0.040000000,0.159900000,0.012600000,0.008000000,0.011700000,103,103,0
686,2,1,1920,1080,640,360,ultra-performance,0.002400000,0.032200000,0.169600000,0.502200000,0.017300000,0.117700000,0.807700000,0.483800000,2.290900000,2.288500000,2.132900000,0.158000000,0.005200000,0.021700000,0.010200000,0.131300000,0.155400000,0.155600000,0.052300000,0.003000000,0.445100000,84,0,103,3,7,0.001400000,0.003600000,0.001100000,0.003200000,0.004800000,0.001000000,0.554600000,0.032300000,0.043500000,0.014800000,0.006600000,0.126000000,0.000100000,0.000000000,0.005800000,0.798800000,0.008900000,3,1,7,7,3,,0.146100000,0.004300000,0.190800000,0.056400000,0.012600000,0.034300000,true,true,0.023300000,0.099100000,0.007400000,0.005500000,0.007900000,103,103,0
687,0,1,1920,1080,640,360,ultra-performance,0.002300000,0.038100000,0.250500000,0.693400000,0.021200000,0.151600000,0.785900000,0.317700000,2.519100000,2.516800000,2.260700000,0.258400000,0.005300000,0.027300000,0.012800000,0.204000000,0.255400000,0.255800000,0.079000000,0.003700000,0.608400000,84,0,103,3,7,0.001700000,0.005000000,0.001400000,0.004000000,0.004300000,0.000900000,0.532300000,0.027200000,0.057900000,0.013300000,0.006700000,0.115800000,0.000200000,0.000000000,0.006400000,0.777100000,0.008800000,3,1,7,7,3,,0.202600000,0.006100000,0.262700000,0.068500000,0.016900000,0.050500000,true,true,0.029700000,0.145000000,0.009700000,0.005600000,0.008700000,103,103,0
688,1,1,1920,1080,640,360,ultra-performance,0.003800000,0.045800000,0.316900000,0.845800000,0.025100000,0.182200000,1.011400000,0.272600000,2.966800000,2.963000000,2.703600000,0.263200000,0.009400000,0.041100000,0.018100000,0.247400000,0.260800000,0.261300000,0.100000000,0.006400000,0.736800000,84,0,103,3,7,0.002100000,0.005100000,0.001700000,0.004800000,0.006000000,0.000900000,0.557900000,0.028800000,0.202100000,0.015500000,0.008000000,0.163300000,0.000100000,0.000000000,0.006000000,1.002300000,0.009100000,3,1,7,7,3,,0.258900000,0.006400000,0.301500000,0.093700000,0.019400000,0.055600000,true,true,0.053300000,0.168300000,0.013000000,0.007000000,0.012700000,103,103,0
689,2,1,1920,1080,640,360,ultra-performance,0.003800000,0.045600000,0.292300000,0.811400000,0.024500000,0.172200000,0.809200000,0.230200000,2.641600000,2.637800000,2.389200000,0.252400000,0.009000000,0.043100000,0.016200000,0.222600000,0.250500000,0.250900000,0.091400000,0.005500000,0.712100000,84,0,103,3,7,0.001900000,0.005200000,0.002400000,0.004600000,0.003700000,0.000800000,0.557100000,0.030800000,0.037100000,0.015500000,0.005900000,0.134200000,0.000200000,0.000000000,0.003300000,0.802700000,0.006500000,3,1,7,7,3,,0.243900000,0.006100000,0.285600000,0.104900000,0.018300000,0.052500000,true,true,0.051300000,0.157400000,0.012000000,0.007100000,0.011600000,103,103,0
690,0,1,1920,1080,640,360,ultra-performance,0.002400000,0.033000000,0.179900000,0.612400000,0.019800000,0.135100000,0.828300000,0.326100000,2.297300000,2.294900000,2.137000000,0.160300000,0.006200000,0.028400000,0.010700000,0.133700000,0.157200000,0.157700000,0.055500000,0.003900000,0.551100000,84,0,103,3,7,0.001600000,0.004800000,0.001200000,0.003700000,0.004900000,0.000900000,0.524500000,0.034300000,0.076400000,0.012200000,0.008100000,0.143200000,0.000200000,0.000000000,0.004800000,0.820800000,0.007500000,3,1,7,7,3,,0.201500000,0.004800000,0.209800000,0.081900000,0.014600000,0.037400000,true,true,0.029500000,0.143800000,0.009100000,0.006100000,0.009700000,103,103,0
691,1,1,1920,1080,640,360,ultra-performance,0.003200000,0.038500000,0.242600000,0.773900000,0.022100000,0.159100000,0.798600000,0.269800000,2.589900000,2.586700000,2.307800000,0.282100000,0.007700000,0.034200000,0.013100000,0.186200000,0.278800000,0.279400000,0.104200000,0.005200000,0.662300000,84,0,103,3,7,0.001700000,0.004800000,0.001400000,0.004700000,0.006000000,0.000800000,0.554300000,0.032500000,0.046000000,0.013200000,0.007900000,0.110600000,0.000100000,0.000000000,0.005600000,0.789600000,0.009000000,3,1,7,7,3,,0.249900000,0.005500000,0.253300000,0.091700000,0.017200000,0.043800000,true,true,0.057100000,0.163900000,0.009700000,0.005900000,0.009700000,103,103,0
692,2,1,1920,1080,640,360,ultra-performance,0.002900000,0.045600000,0.278700000,0.779900000,0.023400000,0.173100000,0.946800000,0.317300000,2.823200000,2.820300000,2.567700000,0.255500000,0.007900000,0.036000000,0.014500000,0.219300000,0.252700000,0.253400000,0.086600000,0.005600000,0.685000000,84,0,103,3,7,0.002200000,0.005200000,0.001600000,0.004100000,0.008400000,0.001600000,0.595100000,0.032800000,0.052800000,0.017900000,0.009300000,0.200200000,0.000100000,0.000000000,0.007100000,0.938400000,0.008400000,3,1,7,7,3,,0.237200000,0.005600000,0.283100000,0.086000000,0.018100000,0.054300000,true,true,0.044100000,0.157900000,0.012000000,0.007900000,0.011400000,103,103,0
693,0,1,1920,1080,640,360,ultra-performance,0.003500000,0.049800000,0.343100000,0.931000000,0.026000000,0.189800000,0.712300000,0.261800000,2.826200000,2.822700000,2.517300000,0.308900000,0.009200000,0.045400000,0.017700000,0.269500000,0.306400000,0.306800000,0.106800000,0.006000000,0.815400000,84,0,103,3,7,0.001900000,0.005300000,0.002000000,0.005100000,0.004200000,0.000800000,0.463300000,0.034400000,0.041700000,0.009800000,0.005400000,0.128700000,0.000200000,0.000000000,0.004000000,0.706800000,0.005500000,3,1,7,7,3,,0.275500000,0.007200000,0.341200000,0.107900000,0.020400000,0.062400000,true,true,0.048700000,0.191300000,0.011900000,0.006700000,0.012000000,103,103,0
694,1,1,1920,1080,640,360,ultra-performance,0.002900000,0.036400000,0.281800000,0.762000000,0.023100000,0.203000000,0.742800000,0.235900000,2.577700000,2.574800000,2.287900000,0.289800000,0.006700000,0.034600000,0.015400000,0.224000000,0.283900000,0.284500000,0.085000000,0.005000000,0.669600000,84,0,103,3,7,0.001900000,0.005500000,0.001700000,0.005100000,0.008100000,0.000600000,0.407400000,0.036800000,0.073900000,0.010100000,0.006000000,0.176300000,0.000100000,0.000000000,0.003600000,0.737100000,0.005700000,3,1,7,7,3,,0.225800000,0.006100000,0.283700000,0.082500000,0.018400000,0.052000000,true,true,0.037000000,0.156400000,0.011600000,0.005900000,0.010400000,103,103,0
695,2,1,1920,1080,640,360,ultra-performance,0.002600000,0.034900000,0.205400000,0.575600000,0.019100000,0.127400000,0.675300000,0.252000000,2.062200000,2.059600000,1.892300000,0.169900000,0.006000000,0.023900000,0.011700000,0.162900000,0.167000000,0.167300000,0.057100000,0.003300000,0.513100000,84,0,103,3,7,0.001800000,0.005400000,0.001600000,0.004400000,0.004900000,0.000800000,0.473900000,0.026500000,0.032800000,0.011000000,0.004400000,0.096000000,0.000200000,0.000000000,0.004500000,0.668200000,0.007100000,3,1,7,7,3,,0.161100000,0.004500000,0.193700000,0.081800000,0.017900000,0.053300000,true,true,0.024300000,0.113200000,0.007300000,0.005000000,0.007700000,103,103,0
696,0,1,1920,1080,640,360,ultra-performance,0.003200000,0.042800000,0.273600000,0.606000000,0.020800000,0.164700000,0.779700000,0.258400000,2.342100000,2.338900000,2.149200000,0.192900000,0.009500000,0.041400000,0.016100000,0.205400000,0.189900000,0.190600000,0.080500000,0.003400000,0.519900000,84,0,103,3,7,0.002100000,0.006400000,0.001700000,0.004500000,0.003100000,0.000400000,0.482900000,0.023300000,0.133200000,0.009500000,0.005100000,0.098600000,0.000100000,0.000000000,0.003800000,0.774700000,0.005000000,3,1,7,7,3,,0.158600000,0.004100000,0.215100000,0.072200000,0.018100000,0.051300000,true,true,0.022900000,0.110000000,0.009100000,0.005200000,0.008100000,103,103,0
697,1,1,1920,1080,640,360,ultra-performance,0.002600000,0.037200000,0.278600000,0.697400000,0.020400000,0.151200000,0.744800000,0.229100000,2.426300000,2.423700000,2.161300000,0.265000000,0.006100000,0.030700000,0.014600000,0.226100000,0.263100000,0.263500000,0.083200000,0.003500000,0.608600000,84,0,103,3,7,0.002100000,0.004700000,0.002000000,0.004500000,0.002800000,0.000500000,0.355200000,0.021400000,0.209600000,0.008800000,0.005200000,0.118000000,0.000200000,0.000000000,0.004100000,0.739100000,0.005700000,3,1,7,7,3,,0.202100000,0.005100000,0.266700000,0.068600000,0.016400000,0.048900000,true,true,0.024800000,0.149700000,0.009000000,0.004600000,0.010500000,103,103,0
698,2,1,1920,1080,640,360,ultra-performance,0.002400000,0.035900000,0.274000000,0.675300000,0.019100000,0.145000000,1.036100000,0.228600000,2.686100000,2.683700000,2.416400000,0.269700000,0.005000000,0.027500000,0.014000000,0.226500000,0.267900000,0.268400000,0.080900000,0.003100000,0.589000000,84,0,103,3,7,0.001800000,0.003800000,0.001700000,0.004300000,0.004300000,0.000700000,0.591900000,0.041600000,0.185700000,0.020600000,0.010200000,0.156900000,0.000100000,0.000000000,0.003500000,1.027100000,0.009000000,3,1,7,7,3,,0.193200000,0.004800000,0.261300000,0.064500000,0.015200000,0.049200000,true,true,0.023700000,0.144800000,0.007700000,0.004100000,0.009000000,103,103,0
699,0,1,1920,1080,640,360,ultra-performance,0.002500000,0.031600000,0.266800000,0.524000000,0.017200000,0.123900000,1.024200000,0.355400000,2.602000000,2.599500000,2.345600000,0.256400000,0.005600000,0.021900000,0.015300000,0.222900000,0.253200000,0.253600000,0.056700000,0.003000000,0.462400000,84,0,103,3,7,0.001500000,0.003800000,0.001400000,0.004000000,0.009100000,0.001800000,0.533200000,0.041100000,0.125400000,0.020900000,0.011800000,0.252900000,0.000100000,0.000000000,0.005900000,1.012900000,0.011300000,3,1,7,7,3,,0.154800000,0.004600000,0.191600000,0.060800000,0.013700000,0.036200000,true,true,0.029200000,0.103400000,0.007600000,0.004100000,0.007500000,103,103,0
700,1,1,1920,1080,640,360,ultra-performance,0.003900000,0.052400000,0.310000000,0.912000000,0.026800000,0.196300000,0.895900000,0.256100000,2.926100000,2.922200000,2.653400000,0.272700000,0.010400000,0.046800000,0.015200000,0.236300000,0.270100000,0.270500000,0.100200000,0.007200000,0.801400000,84,0,103,3,7,0.002200000,0.005900000,0.001900000,0.018800000,0.005900000,0.000800000,0.585900000,0.037200000,0.078200000,0.015800000,0.007600000,0.122500000,0.000100000,0.000000000,0.004500000,0.887300000,0.008600000,3,1,7,7,3,,0.275000000,0.007000000,0.331200000,0.101400000,0.020800000,0.065000000,true,true,0.054300000,0.178400000,0.013500000,0.010300000,0.012700000,103,103,0
701,2,1,1920,1080,640,360,ultra-performance,0.002500000,0.031300000,0.225100000,0.662200000,0.020300000,0.130900000,0.729000000,0.277100000,2.258600000,2.256100000,2.078400000,0.180200000,0.005300000,0.025400000,0.012300000,0.181100000,0.177600000,0.177900000,0.075700000,0.003500000,0.580700000,84,0,103,3,7,0.001500000,0.003800000,0.001700000,0.003800000,0.005200000,0.000900000,0.529700000,0.026600000,0.026200000,0.014300000,0.005900000,0.094500000,0.000200000,0.000000000,0.005800000,0.720100000,0.008900000,3,1,7,7,3,,0.160400000,0.004400000,0.279400000,0.081200000,0.015100000,0.039600000,true,true,0.024700000,0.111200000,0.008300000,0.004200000,0.008900000,103,103,0
702,0,1,1920,1080,640,360,ultra-performance,0.003600000,0.047500000,0.278700000,0.782700000,0.022500000,0.174100000,0.800400000,0.363000000,2.715200000,2.711600000,2.472500000,0.242700000,0.009200000,0.037100000,0.015200000,0.215800000,0.240900000,0.241400000,0.087700000,0.006900000,0.685100000,84,0,103,3,7,0.002200000,0.005000000,0.002100000,0.005100000,0.004200000,0.000600000,0.579700000,0.022000000,0.073600000,0.009600000,0.005400000,0.080000000,0.000100000,0.000000000,0.003600000,0.793200000,0.007200000,3,1,7,7,3,,0.238400000,0.005900000,0.279300000,0.088200000,0.018900000,0.053700000,true,true,0.050100000,0.149500000,0.012300000,0.010200000,0.011800000,103,103,0
703,1,1,1920,1080,640,360,ultra-performance,0.002600000,0.043900000,0.255300000,0.823900000,0.035800000,0.197500000,0.891700000,0.347400000,2.850600000,2.848000000,2.598100000,0.252500000,0.006600000,0.032800000,0.014000000,0.200700000,0.244500000,0.244900000,0.080100000,0.005300000,0.730200000,84,0,103,3,7,0.003000000,0.004700000,0.001900000,0.005400000,0.004600000,0.000800000,0.547100000,0.029600000,0.131000000,0.012700000,0.007200000,0.131400000,0.000100000,0.000000000,0.004600000,0.884100000,0.007600000,3,1,7,7,3,,0.228300000,0.005600000,0.261400000,0.130000000,0.026300000,0.077500000,true,true,0.039500000,0.154800000,0.010900000,0.009900000,0.009400000,103,103,0
704,2,1,1920,1080,640,360,ultra-performance,0.002700000,0.037600000,0.329300000,0.852400000,0.023600000,0.168200000,0.720400000,0.400300000,2.847100000,2.844400000,2.534500000,0.312600000,0.007300000,0.037700000,0.017100000,0.265900000,0.309700000,0.310200000,0.098300000,0.005100000,0.746400000,84,0,103,3,7,0.002000000,0.004200000,0.001600000,0.004600000,0.003800000,0.000500000,0.501800000,0.020900000,0.037500000,0.008800000,0.004900000,0.120200000,0.000100000,0.000000000,0.004200000,0.715100000,0.005300000,3,1,7,7,3,,0.267400000,0.005800000,0.321700000,0.073900000,0.018700000,0.058400000,true,true,0.055900000,0.179300000,0.010700000,0.005100000,0.011500000,103,103,0
705,0,1,1920,1080,640,360,ultra-performance,0.004500000,0.050500000,0.524600000,0.810000000,0.022400000,0.164400000,0.805300000,0.254000000,2.939100000,2.934600000,2.635700000,0.303400000,0.008100000,0.060300000,0.029500000,0.425300000,0.301100000,0.301400000,0.094400000,0.004600000,0.708500000,84,0,103,3,7,0.002300000,0.004800000,0.002100000,0.004800000,0.004600000,0.000700000,0.412900000,0.026200000,0.175800000,0.011000000,0.006300000,0.144000000,0.000100000,0.000000000,0.004200000,0.799800000,0.005500000,3,1,7,7,3,,0.247700000,0.005700000,0.311900000,0.069500000,0.017500000,0.055700000,true,true,0.034300000,0.181700000,0.010600000,0.004600000,0.011800000,103,103,0
706,1,1,1920,1080,640,360,ultra-performance,0.002900000,0.036700000,0.305500000,0.781000000,0.019900000,0.160100000,1.004400000,0.224600000,2.846900000,2.844000000,2.535100000,0.311800000,0.005400000,0.029900000,0.015900000,0.253100000,0.310200000,0.310400000,0.095800000,0.003400000,0.679200000,84,0,103,3,7,0.001800000,0.004100000,0.001800000,0.004400000,0.007200000,0.001300000,0.499600000,0.026200000,0.280500000,0.014900000,0.009100000,0.140500000,0.000000000,0.000000000,0.004000000,0.995400000,0.009000000,3,1,7,7,3,,0.228100000,0.005700000,0.306500000,0.065800000,0.017300000,0.055000000,true,true,0.028200000,0.172100000,0.008900000,0.004200000,0.010200000,103,103,0
707,2,1,1920,1080,640,360,ultra-performance,0.002200000,0.026400000,0.180500000,0.501200000,0.016500000,0.115100000,0.844200000,0.296500000,2.157500000,2.155300000,1.982600000,0.174900000,0.003900000,0.019900000,0.011100000,0.144600000,0.172200000,0.172500000,0.063400000,0.003000000,0.432700000,84,0,103,3,7,0.001600000,0.002800000,0.001300000,0.003600000,0.006200000,0.001300000,0.513400000,0.026200000,0.119300000,0.015100000,0.007500000,0.130200000,0.000000000,0.000000000,0.005600000,0.834100000,0.010100000,3,1,7,7,3,,0.139500000,0.004100000,0.190600000,0.049400000,0.013200000,0.035200000,true,true,0.018400000,0.100100000,0.006900000,0.004100000,0.006900000,103,103,0
708,0,1,1920,1080,640,360,ultra-performance,0.003700000,0.047400000,0.323700000,0.852400000,0.023700000,0.181000000,0.813100000,0.259200000,2.756900000,2.753200000,2.504200000,0.252700000,0.010600000,0.048500000,0.017200000,0.246500000,0.250000000,0.250400000,0.095700000,0.007300000,0.746700000,84,0,103,3,7,0.001900000,0.004900000,0.001600000,0.006400000,0.004600000,0.000900000,0.546300000,0.029200000,0.078600000,0.011900000,0.005900000,0.105000000,0.000100000,0.000000000,0.006300000,0.803600000,0.009500000,3,1,7,7,3,,0.260700000,0.006400000,0.304700000,0.098900000,0.018400000,0.056700000,true,true,0.057200000,0.164600000,0.012100000,0.010200000,0.012200000,103,103,0
709,1,1,1920,1080,640,360,ultra-performance,0.003500000,0.039100000,0.320600000,0.838300000,0.022200000,0.170000000,0.895200000,0.283400000,2.882900000,2.879400000,2.572300000,0.310600000,0.005400000,0.031300000,0.017800000,0.264800000,0.307700000,0.308000000,0.102900000,0.004700000,0.727800000,84,0,103,3,7,0.002100000,0.003500000,0.002000000,0.004300000,0.005000000,0.001100000,0.590300000,0.024100000,0.105200000,0.013400000,0.006400000,0.115400000,0.000100000,0.000000000,0.007000000,0.879900000,0.015300000,3,1,7,7,3,,0.229700000,0.005300000,0.336100000,0.080800000,0.018500000,0.056900000,true,true,0.030300000,0.169300000,0.010200000,0.005000000,0.010100000,103,103,0
710,2,1,1920,1080,640,360,ultra-performance,0.003600000,0.047600000,0.339100000,0.810200000,0.019000000,0.155500000,0.855200000,0.246000000,2.782300000,2.778700000,2.476200000,0.306100000,0.010100000,0.040800000,0.018100000,0.269000000,0.304000000,0.304400000,0.102800000,0.003100000,0.701500000,84,0,103,3,7,0.001600000,0.004000000,0.001800000,0.005000000,0.003500000,0.000800000,0.541700000,0.022800000,0.137600000,0.010100000,0.006100000,0.108600000,0.000000000,0.000000000,0.003900000,0.847500000,0.007700000,3,1,7,7,3,,0.236200000,0.004700000,0.322100000,0.064100000,0.018000000,0.055800000,true,true,0.027700000,0.168600000,0.019200000,0.004900000,0.011000000,103,103,0
711,0,1,1920,1080,640,360,ultra-performance,0.002800000,0.032200000,0.302300000,0.754600000,0.018400000,0.147800000,0.877800000,0.211400000,2.653400000,2.650600000,2.347300000,0.306100000,0.004100000,0.028900000,0.017700000,0.251000000,0.304400000,0.304700000,0.092800000,0.002800000,0.656400000,84,0,103,3,7,0.001700000,0.003600000,0.001600000,0.004700000,0.002900000,0.000600000,0.532200000,0.015200000,0.153100000,0.009600000,0.005300000,0.137400000,0.000000000,0.000000000,0.003900000,0.871800000,0.006000000,3,1,7,7,3,,0.213700000,0.004300000,0.305900000,0.061600000,0.016200000,0.053900000,true,true,0.024500000,0.162600000,0.008500000,0.003900000,0.009800000,103,103,0
712,1,1,1920,1080,640,360,ultra-performance,0.002200000,0.027500000,0.292800000,0.756700000,0.016400000,0.206400000,0.693200000,0.198200000,2.508100000,2.505900000,2.193400000,0.314700000,0.004100000,0.026000000,0.015600000,0.246400000,0.304500000,0.304700000,0.092900000,0.002600000,0.658500000,84,0,103,3,7,0.001600000,0.003900000,0.001700000,0.004200000,0.002900000,0.000700000,0.506000000,0.018100000,0.052000000,0.008400000,0.005300000,0.079200000,0.000000000,0.000000000,0.003800000,0.687800000,0.005400000,3,1,7,7,3,,0.211900000,0.004300000,0.317400000,0.054200000,0.016100000,0.053900000,true,true,0.024800000,0.161800000,0.008000000,0.003700000,0.009400000,103,103,0
713,2,1,1920,1080,640,360,ultra-performance,0.002200000,0.034400000,0.309500000,0.748800000,0.016900000,0.143800000,0.657400000,0.198700000,2.415200000,2.413000000,2.111700000,0.303500000,0.003700000,0.025800000,0.016000000,0.263300000,0.302000000,0.302300000,0.092500000,0.002800000,0.650800000,84,0,103,3,7,0.001700000,0.003300000,0.002000000,0.004200000,0.002700000,0.000500000,0.457700000,0.016900000,0.045800000,0.007600000,0.004900000,0.101100000,0.000000000,0.000000000,0.003800000,0.652200000,0.005200000,3,1,7,7,3,,0.212000000,0.004400000,0.309700000,0.054300000,0.016200000,0.053600000,true,true,0.025000000,0.161300000,0.008000000,0.004200000,0.009200000,103,103,0
714,0,1,1920,1080,640,360,ultra-performance,0.002000000,0.028800000,0.296100000,0.733400000,0.029800000,0.150500000,0.687700000,0.178500000,2.415700000,2.413700000,2.106800000,0.308900000,0.003700000,0.025600000,0.015200000,0.250800000,0.307100000,0.307300000,0.092800000,0.002700000,0.635300000,84,0,103,3,7,0.001900000,0.003200000,0.001700000,0.004100000,0.002700000,0.000500000,0.513300000,0.014300000,0.040900000,0.009000000,0.005100000,0.081200000,0.000000000,0.000000000,0.004100000,0.682000000,0.005700000,3,1,7,7,3,,0.209700000,0.004300000,0.299900000,0.051500000,0.015500000,0.053700000,true,true,0.023800000,0.161600000,0.007200000,0.003600000,0.009300000,103,103,0
715,1,1,1920,1080,640,360,ultra-performance,0.002100000,0.024200000,0.290600000,0.733300000,0.015300000,0.139500000,1.064500000,0.203600000,2.778500000,2.776400000,2.473100000,0.305400000,0.003600000,0.024900000,0.014700000,0.247000000,0.303700000,0.303900000,0.091800000,0.002800000,0.635900000,84,0,103,3,7,0.001600000,0.003300000,0.001600000,0.003900000,0.004000000,0.000600000,0.664500000,0.044600000,0.160300000,0.019100000,0.008900000,0.140500000,0.000000000,0.000000000,0.003900000,1.056800000,0.007700000,3,1,7,7,3,,0.206200000,0.004300000,0.305900000,0.050600000,0.015300000,0.052900000,true,true,0.023400000,0.159100000,0.007200000,0.003600000,0.008600000,103,103,0
716,2,1,1920,1080,640,360,ultra-performance,0.002100000,0.026800000,0.292900000,0.743100000,0.015800000,0.144700000,1.044700000,0.316400000,2.907100000,2.905000000,2.586500000,0.320600000,0.003800000,0.025400000,0.016000000,0.247200000,0.317500000,0.317700000,0.092400000,0.002900000,0.645000000,84,0,103,3,7,0.001700000,0.003300000,0.001600000,0.004500000,0.006400000,0.001200000,0.443600000,0.025200000,0.403700000,0.015100000,0.008500000,0.113600000,0.000000000,0.000000000,0.006200000,1.034600000,0.010100000,3,1,7,7,3,,0.211900000,0.004600000,0.302100000,0.055100000,0.016000000,0.054800000,true,true,0.024700000,0.161300000,0.007400000,0.004300000,0.009600000,103,103,0
717,0,1,1920,1080,640,360,ultra-performance,0.005100000,0.053300000,0.323800000,0.890800000,0.027000000,0.197500000,1.196600000,0.287800000,3.231500000,3.226400000,2.981900000,0.249600000,0.011000000,0.047600000,0.017700000,0.246300000,0.246400000,0.247100000,0.094100000,0.007800000,0.785400000,84,0,103,3,7,0.002500000,0.005900000,0.002400000,0.006300000,0.004500000,0.000800000,0.620300000,0.029200000,0.369400000,0.011900000,0.006400000,0.119500000,0.000100000,0.000000000,0.005600000,1.184800000,0.011800000,3,1,7,7,3,,0.276000000,0.006400000,0.317400000,0.106100000,0.018300000,0.060200000,true,true,0.059500000,0.176600000,0.013300000,0.009800000,0.012600000,103,103,0
718,1,1,1920,1080,640,360,ultra-performance,0.003000000,0.033100000,0.316300000,0.832600000,0.019900000,0.150900000,0.941700000,0.373900000,2.977700000,2.974700000,2.671400000,0.306300000,0.004900000,0.031100000,0.015700000,0.264100000,0.302400000,0.302600000,0.100800000,0.004100000,0.725000000,84,0,103,3,7,0.001800000,0.003400000,0.001700000,0.004500000,0.006700000,0.001400000,0.558300000,0.034200000,0.110700000,0.018000000,0.010700000,0.171000000,0.000000000,0.000000000,0.008600000,0.931000000,0.010700000,3,1,7,7,3,,0.238600000,0.005000000,0.327200000,0.074700000,0.016900000,0.061700000,true,true,0.031700000,0.171000000,0.016700000,0.004400000,0.010200000,103,103,0
719,2,1,1920,1080,640,360,ultra-performance,0.004800000,0.050300000,0.316300000,0.617700000,0.021400000,0.140800000,0.740000000,0.231200000,2.282900000,2.278100000,2.122500000,0.160400000,0.010500000,0.046800000,0.049000000,0.209000000,0.157900000,0.158200000,0.064100000,0.004600000,0.546900000,84,0,103,3,7,0.001400000,0.004900000,0.001200000,0.004200000,0.003600000,0.001000000,0.524000000,0.027000000,0.039500000,0.011900000,0.006000000,0.102100000,0.000200000,0.000000000,0.006000000,0.733000000,0.007000000,3,1,7,7,3,,0.193600000,0.005400000,0.214400000,0.079200000,0.014200000,0.039400000,true,true,0.044800000,0.118600000,0.009200000,0.008900000,0.008900000,103,103,0
720,0,1,1920,1080,640,360,ultra-performance,0.002800000,0.030800000,0.323400000,0.799500000,0.019700000,0.152700000,0.952500000,0.324900000,2.915600000,2.912800000,2.606300000,0.309300000,0.004400000,0.029400000,0.018200000,0.270900000,0.306600000,0.306700000,0.098900000,0.004100000,0.693700000,84,0,103,3,7,0.001700000,0.003400000,0.001900000,0.004100000,0.004900000,0.001100000,0.505700000,0.024500000,0.220100000,0.013200000,0.006500000,0.151600000,0.000000000,0.000000000,0.006700000,0.945400000,0.007100000,3,1,7,7,3,,0.226000000,0.004800000,0.315600000,0.072500000,0.017500000,0.056700000,true,true,0.028300000,0.167600000,0.010600000,0.004200000,0.010800000,103,103,0
721,1,1,1920,1080,640,360,ultra-performance,0.006300000,0.056600000,0.277200000,0.728300000,0.022100000,0.150000000,0.718600000,0.249400000,2.453500000,2.447200000,2.208500000,0.245000000,0.009600000,0.037500000,0.018800000,0.210100000,0.238100000,0.238600000,0.098100000,0.006500000,0.621400000,84,0,103,3,7,0.001500000,0.004400000,0.001800000,0.004500000,0.003300000,0.000400000,0.485800000,0.022400000,0.074900000,0.008000000,0.004100000,0.098500000,0.000100000,0.000000000,0.004100000,0.713800000,0.004800000,3,1,7,7,3,,0.245900000,0.005000000,0.233600000,0.079700000,0.015800000,0.040600000,true,true,0.047700000,0.159800000,0.013700000,0.010400000,0.010400000,103,103,0
722,2,1,1920,1080,640,360,ultra-performance,0.002600000,0.035600000,0.198000000,0.599500000,0.019200000,0.133200000,0.889000000,0.328300000,2.371700000,2.369100000,2.205400000,0.166300000,0.005700000,0.024500000,0.011600000,0.155000000,0.163200000,0.163500000,0.053300000,0.003900000,0.540200000,84,0,103,3,7,0.001300000,0.004200000,0.001200000,0.003800000,0.008100000,0.001100000,0.608700000,0.031200000,0.044500000,0.013800000,0.009200000,0.144300000,0.000100000,0.000000000,0.007300000,0.878800000,0.010200000,3,1,7,7,3,,0.194000000,0.005400000,0.221000000,0.068700000,0.013700000,0.036700000,true,true,0.026800000,0.135200000,0.009900000,0.007800000,0.010300000,103,103,0
723,0,1,1920,1080,640,360,ultra-performance,0.006100000,0.045100000,0.440800000,0.644100000,0.019200000,0.127200000,0.841000000,0.258300000,2.577300000,2.571200000,2.381800000,0.195500000,0.007600000,0.038400000,0.022100000,0.371700000,0.193100000,0.193300000,0.079200000,0.004600000,0.558100000,84,0,103,3,7,0.001300000,0.002700000,0.001200000,0.003600000,0.004000000,0.000900000,0.461600000,0.031500000,0.120800000,0.020500000,0.009600000,0.170600000,0.000000000,0.000000000,0.004100000,0.832400000,0.008600000,3,1,7,7,3,,0.173800000,0.003800000,0.243800000,0.063700000,0.019400000,0.053000000,true,true,0.034000000,0.114000000,0.009300000,0.004600000,0.008900000,103,103,0
724,1,1,1920,1080,640,360,ultra-performance,0.002500000,0.039100000,0.300000000,0.760300000,0.018600000,0.166800000,1.039500000,0.275500000,2.897200000,2.894700000,2.602300000,0.294900000,0.003800000,0.028000000,0.015500000,0.252100000,0.291800000,0.292000000,0.086900000,0.003600000,0.667200000,84,0,103,3,7,0.002200000,0.004400000,0.001800000,0.004400000,0.005100000,0.000900000,0.597900000,0.041900000,0.043600000,0.016600000,0.006300000,0.299200000,0.000000000,0.000000000,0.005500000,1.029800000,0.009700000,3,1,7,7,3,,0.237400000,0.005000000,0.287300000,0.063600000,0.017600000,0.055600000,true,true,0.030300000,0.176700000,0.009900000,0.004700000,0.011300000,103,103,0
725,2,1,1920,1080,640,360,ultra-performance,0.003300000,0.040500000,0.214500000,0.616700000,0.019600000,0.142200000,0.865800000,0.193300000,2.261700000,2.258400000,2.095900000,0.165800000,0.008900000,0.036600000,0.013800000,0.153800000,0.163200000,0.163600000,0.062600000,0.005200000,0.547100000,84,0,103,3,7,0.001700000,0.004500000,0.001500000,0.003600000,0.002400000,0.000600000,0.590200000,0.025900000,0.095500000,0.012400000,0.004900000,0.113100000,0.000200000,0.000000000,0.003100000,0.859600000,0.006200000,3,1,7,7,3,,0.188600000,0.005100000,0.213400000,0.085200000,0.015300000,0.038700000,true,true,0.040400000,0.118400000,0.009200000,0.008600000,0.008900000,103,103,0
726,0,1,1920,1080,640,360,ultra-performance,0.002600000,0.033200000,0.186700000,0.572300000,0.016100000,0.150700000,0.879900000,0.327300000,2.326300000,2.323700000,2.168800000,0.157500000,0.005100000,0.023600000,0.010900000,0.145600000,0.155100000,0.155400000,0.052900000,0.003800000,0.513600000,84,0,103,3,7,0.001600000,0.004400000,0.001600000,0.004300000,0.005000000,0.000800000,0.575400000,0.029000000,0.073400000,0.017400000,0.008100000,0.142600000,0.000100000,0.000000000,0.006200000,0.869900000,0.010000000,3,1,7,7,3,,0.158100000,0.005500000,0.234300000,0.066200000,0.013900000,0.034600000,true,true,0.022500000,0.105300000,0.007300000,0.009000000,0.010100000,103,103,0
727,1,1,1920,1080,640,360,ultra-performance,0.002800000,0.039000000,0.329700000,0.855200000,0.023300000,0.170000000,0.682200000,0.253600000,2.658300000,2.655500000,2.355800000,0.302500000,0.005900000,0.033800000,0.019700000,0.269400000,0.300400000,0.300600000,0.102500000,0.004900000,0.745100000,84,0,103,3,7,0.002000000,0.004500000,0.002000000,0.005100000,0.003200000,0.000400000,0.432300000,0.020700000,0.095300000,0.008300000,0.004700000,0.093600000,0.000000000,0.000000000,0.004500000,0.676600000,0.005600000,3,1,7,7,3,,0.243500000,0.005300000,0.329200000,0.088100000,0.019500000,0.059000000,true,true,0.035900000,0.175800000,0.010900000,0.004600000,0.011300000,103,103,0
728,2,1,1920,1080,640,360,ultra-performance,0.002100000,0.037500000,0.306000000,0.807300000,0.020700000,0.167400000,0.693000000,0.226700000,2.578600000,2.576500000,2.260700000,0.317900000,0.005100000,0.028700000,0.015300000,0.256100000,0.316100000,0.316300000,0.095400000,0.003600000,0.705500000,84,0,103,3,7,0.002300000,0.004600000,0.001600000,0.004400000,0.003200000,0.000500000,0.505000000,0.020000000,0.038200000,0.008100000,0.004700000,0.090300000,0.000100000,0.000000000,0.004100000,0.687100000,0.005900000,3,1,7,7,3,,0.237000000,0.005600000,0.322500000,0.065100000,0.017400000,0.057500000,true,true,0.030800000,0.177600000,0.009900000,0.004000000,0.010200000,103,103,0
729,0,1,1920,1080,640,360,ultra-performance,0.002400000,0.035200000,0.294200000,0.788300000,0.020800000,0.157100000,0.876000000,0.222200000,2.700400000,2.698000000,2.396200000,0.304200000,0.004000000,0.027000000,0.015400000,0.247100000,0.302500000,0.302800000,0.097600000,0.003300000,0.684600000,84,0,103,3,7,0.002000000,0.003900000,0.001900000,0.004500000,0.003000000,0.000500000,0.519700000,0.021800000,0.203200000,0.008600000,0.004800000,0.093200000,0.000100000,0.000000000,0.004000000,0.871200000,0.004800000,3,1,7,7,3,,0.223300000,0.005300000,0.306700000,0.075600000,0.017100000,0.055900000,true,true,0.028800000,0.167300000,0.008800000,0.004600000,0.009400000,103,103,0
730,1,1,1920,1080,640,360,ultra-performance,0.002100000,0.027000000,0.293300000,0.755700000,0.017100000,0.152000000,0.710200000,0.201800000,2.477000000,2.474900000,2.159200000,0.317800000,0.004100000,0.026800000,0.014900000,0.247000000,0.310500000,0.310700000,0.092500000,0.002800000,0.657600000,84,0,103,3,7,0.001800000,0.004000000,0.002000000,0.004200000,0.003000000,0.000500000,0.432900000,0.019700000,0.106300000,0.008700000,0.004800000,0.113600000,0.000100000,0.000000000,0.004200000,0.705800000,0.004400000,3,1,7,7,3,,0.213000000,0.004400000,0.307700000,0.059300000,0.017200000,0.055500000,true,true,0.025200000,0.162100000,0.008200000,0.003600000,0.009100000,103,103,0
731,2,1,1920,1080,640,360,ultra-performance,0.002000000,0.031100000,0.290400000,0.754800000,0.020000000,0.153600000,0.616500000,0.194100000,2.379200000,2.377200000,2.062500000,0.316700000,0.003600000,0.027000000,0.015200000,0.244000000,0.315200000,0.315300000,0.092500000,0.002800000,0.656800000,84,0,103,3,7,0.001800000,0.004100000,0.001700000,0.004300000,0.002400000,0.000500000,0.438700000,0.022100000,0.032000000,0.007900000,0.004300000,0.089100000,0.000100000,0.000000000,0.003500000,0.612500000,0.004000000,3,1,7,7,3,,0.213700000,0.004600000,0.307800000,0.059200000,0.016700000,0.054000000,true,true,0.025500000,0.162400000,0.007900000,0.004000000,0.009400000,103,103,0
732,0,1,1920,1080,640,360,ultra-performance,0.001900000,0.021800000,0.176300000,0.494300000,0.015100000,0.110500000,1.042100000,0.258400000,2.315600000,2.313700000,2.120400000,0.195200000,0.003000000,0.018200000,0.009600000,0.144900000,0.192700000,0.193100000,0.059400000,0.002300000,0.430800000,84,0,103,3,7,0.001300000,0.003500000,0.001100000,0.003600000,0.005800000,0.001100000,0.662100000,0.047900000,0.100600000,0.022500000,0.011600000,0.165600000,0.000100000,0.000000000,0.006800000,1.033600000,0.008500000,3,1,7,7,3,,0.144400000,0.003700000,0.186300000,0.049400000,0.012400000,0.034100000,true,true,0.018300000,0.105600000,0.006200000,0.003800000,0.007400000,103,103,0
733,1,1,1920,1080,640,360,ultra-performance,0.002200000,0.026200000,0.262700000,0.681100000,0.017800000,0.160300000,0.744000000,0.211500000,2.364300000,2.362100000,2.105800000,0.258500000,0.003500000,0.020500000,0.015500000,0.222600000,0.256500000,0.256900000,0.088200000,0.003000000,0.587300000,84,0,103,3,7,0.001700000,0.004200000,0.002100000,0.004200000,0.004600000,0.000900000,0.510800000,0.024500000,0.055200000,0.011500000,0.006700000,0.107000000,0.000100000,0.000000000,0.004000000,0.737500000,0.006500000,3,1,7,7,3,,0.186800000,0.004400000,0.269800000,0.059900000,0.016300000,0.049400000,true,true,0.022400000,0.139200000,0.008400000,0.004600000,0.008400000,103,103,0
734,2,1,1920,1080,640,360,ultra-performance,0.002000000,0.032300000,0.324400000,0.793000000,0.017900000,0.160000000,0.805500000,0.199200000,2.662900000,2.660900000,2.334300000,0.328600000,0.004100000,0.026300000,0.024400000,0.269100000,0.327000000,0.327200000,0.097700000,0.003100000,0.689500000,84,0,103,3,7,0.002000000,0.003800000,0.001800000,0.004300000,0.002900000,0.000600000,0.489800000,0.019200000,0.135300000,0.008100000,0.004800000,0.124700000,0.000000000,0.000000000,0.003900000,0.801200000,0.004300000,3,1,7,7,3,,0.233100000,0.004200000,0.316600000,0.060400000,0.017400000,0.057200000,true,true,0.025700000,0.181600000,0.008100000,0.004200000,0.009300000,103,103,0
735,0,1,1920,1080,640,360,ultra-performance,0.001900000,0.026600000,0.309200000,0.559200000,0.014400000,0.104200000,0.775100000,0.300100000,2.419800000,2.417900000,2.090700000,0.329100000,0.003500000,0.025500000,0.015000000,0.264500000,0.326000000,0.326200000,0.097300000,0.002700000,0.457700000,84,0,103,3,7,0.001400000,0.002700000,0.001100000,0.003200000,0.006300000,0.001200000,0.525000000,0.021600000,0.033800000,0.011200000,0.006200000,0.145300000,0.000000000,0.000000000,0.005400000,0.764400000,0.010700000,3,1,7,7,3,,0.185800000,0.003300000,0.181100000,0.041800000,0.011300000,0.034000000,true,true,0.024600000,0.143300000,0.005800000,0.003100000,0.006200000,103,103,0
736,1,1,1920,1080,640,360,ultra-performance,0.003400000,0.045900000,0.365400000,0.596800000,0.014200000,0.112600000,0.654900000,0.194200000,2.297300000,2.293900000,1.987400000,0.309900000,0.009800000,0.046200000,0.017600000,0.290800000,0.307100000,0.307500000,0.075600000,0.002600000,0.516500000,84,0,103,3,7,0.001500000,0.002800000,0.001100000,0.003600000,0.003400000,0.000900000,0.486500000,0.022600000,0.024200000,0.009700000,0.004500000,0.081600000,0.000000000,0.000000000,0.004800000,0.647200000,0.007700000,3,1,7,7,3,,0.145500000,0.003300000,0.262500000,0.049900000,0.013500000,0.041300000,true,true,0.021900000,0.102300000,0.006900000,0.004000000,0.007400000,103,103,0
737,2,1,1920,1080,640,360,ultra-performance,0.002200000,0.033500000,0.188700000,0.625200000,0.019400000,0.135200000,0.889200000,0.280100000,2.349000000,2.346800000,2.173500000,0.175500000,0.006300000,0.023900000,0.011600000,0.145900000,0.173200000,0.173500000,0.065500000,0.005000000,0.552800000,84,0,103,3,7,0.002000000,0.004600000,0.001400000,0.003500000,0.005400000,0.001300000,0.611400000,0.029700000,0.084900000,0.015500000,0.007500000,0.110400000,0.000100000,0.000000000,0.004600000,0.882300000,0.006900000,3,1,7,7,3,,0.194800000,0.004900000,0.223000000,0.075800000,0.014100000,0.039600000,true,true,0.042400000,0.123800000,0.009500000,0.006700000,0.009200000,103,103,0
738,0,1,1920,1080,640,360,ultra-performance,0.002000000,0.021100000,0.187700000,0.617700000,0.024100000,0.123900000,0.878900000,0.298300000,2.377500000,2.375500000,2.153700000,0.223800000,0.003600000,0.018900000,0.011400000,0.153300000,0.221400000,0.221600000,0.067600000,0.002700000,0.544800000,84,0,103,3,7,0.001300000,0.003100000,0.001200000,0.003600000,0.003900000,0.001000000,0.607000000,0.023700000,0.022700000,0.011900000,0.005100000,0.181500000,0.000100000,0.000000000,0.006200000,0.872300000,0.006600000,3,1,7,7,3,,0.146800000,0.003600000,0.240600000,0.076800000,0.019800000,0.056700000,true,true,0.020000000,0.105500000,0.006700000,0.003600000,0.008000000,103,103,0
739,1,1,1920,1080,640,360,ultra-performance,0.003400000,0.035200000,0.175100000,0.596500000,0.013600000,0.113200000,0.811800000,0.267300000,2.188800000,2.185400000,2.016100000,0.172700000,0.005300000,0.017400000,0.010200000,0.141600000,0.170300000,0.170500000,0.055000000,0.002200000,0.537300000,84,0,103,3,7,0.001200000,0.002700000,0.001300000,0.003600000,0.006600000,0.001200000,0.560900000,0.031700000,0.030400000,0.014700000,0.009200000,0.132200000,0.000000000,0.000000000,0.007500000,0.803200000,0.008600000,3,1,7,7,3,,0.160500000,0.003300000,0.249300000,0.063000000,0.015300000,0.045200000,true,true,0.022500000,0.117400000,0.006900000,0.003300000,0.007500000,103,103,0
740,2,1,1920,1080,640,360,ultra-performance,0.002100000,0.029200000,0.274100000,0.666400000,0.016300000,0.146800000,0.746000000,0.188100000,2.343800000,2.341700000,2.069000000,0.274800000,0.003700000,0.022900000,0.014800000,0.232200000,0.268300000,0.268500000,0.081100000,0.002600000,0.580400000,84,0,103,3,7,0.001500000,0.003300000,0.001500000,0.004100000,0.002500000,0.000500000,0.498400000,0.017200000,0.064400000,0.008600000,0.004700000,0.129800000,0.000100000,0.000000000,0.003800000,0.740400000,0.005600000,3,1,7,7,3,,0.196500000,0.004100000,0.260800000,0.052300000,0.015300000,0.050700000,true,true,0.028300000,0.141700000,0.008600000,0.004200000,0.009600000,103,103,0
741,0,1,1920,1080,640,360,ultra-performance,0.001800000,0.021100000,0.254200000,0.652500000,0.016400000,0.130200000,0.760600000,0.181200000,2.285700000,2.283900000,2.018000000,0.267700000,0.003400000,0.021700000,0.012300000,0.216300000,0.266400000,0.266500000,0.080500000,0.002200000,0.567300000,84,0,103,3,7,0.001400000,0.003300000,0.001800000,0.003600000,0.002600000,0.000400000,0.492600000,0.015400000,0.121900000,0.008800000,0.005000000,0.095100000,0.000000000,0.000000000,0.003600000,0.755500000,0.005100000,3,1,7,7,3,,0.188000000,0.003700000,0.265800000,0.048800000,0.014200000,0.046000000,true,true,0.022000000,0.142900000,0.008400000,0.003600000,0.007800000,103,103,0
742,1,1,1920,1080,640,360,ultra-performance,0.001900000,0.025100000,0.257700000,0.653300000,0.014800000,0.129600000,0.693800000,0.183000000,2.228000000,2.226100000,1.959200000,0.268800000,0.003500000,0.021500000,0.012200000,0.220000000,0.267100000,0.267300000,0.082200000,0.002500000,0.566200000,84,0,103,3,7,0.001400000,0.003000000,0.001400000,0.003800000,0.002800000,0.000500000,0.439200000,0.017100000,0.080900000,0.008500000,0.004900000,0.121400000,0.000000000,0.000000000,0.003600000,0.688500000,0.005300000,3,1,7,7,3,,0.186600000,0.003900000,0.265600000,0.049000000,0.013600000,0.047000000,true,true,0.022400000,0.141700000,0.007100000,0.003700000,0.008200000,103,103,0
743,2,1,1920,1080,640,360,ultra-performance,0.001800000,0.023300000,0.256800000,0.653200000,0.015800000,0.128700000,0.637900000,0.204200000,2.189800000,2.188000000,1.921700000,0.268100000,0.003500000,0.021700000,0.013000000,0.218100000,0.266900000,0.267100000,0.087500000,0.002300000,0.561000000,84,0,103,3,7,0.001600000,0.003400000,0.001500000,0.003800000,0.002700000,0.000500000,0.448900000,0.016100000,0.044100000,0.008200000,0.004900000,0.093500000,0.000000000,0.000000000,0.003700000,0.632900000,0.005000000,3,1,7,7,3,,0.188100000,0.004100000,0.258700000,0.048400000,0.013900000,0.047200000,true,true,0.022500000,0.142700000,0.007000000,0.003700000,0.008400000,103,103,0
744,0,1,1920,1080,640,360,ultra-performance,0.001900000,0.022200000,0.262200000,0.741200000,0.014600000,0.129500000,0.670400000,0.185600000,2.296500000,2.294600000,2.027600000,0.268900000,0.003300000,0.020800000,0.011600000,0.226100000,0.267400000,0.267600000,0.079700000,0.002400000,0.656900000,84,0,103,3,7,0.001500000,0.003500000,0.001400000,0.004200000,0.002700000,0.000400000,0.342600000,0.016000000,0.195200000,0.008200000,0.004700000,0.082600000,0.000000000,0.000000000,0.003600000,0.666600000,0.003800000,3,1,7,7,3,,0.273500000,0.003900000,0.268000000,0.048800000,0.015100000,0.046900000,true,true,0.091200000,0.158200000,0.007900000,0.003900000,0.008800000,103,103,0
745,1,1,1920,1080,640,360,ultra-performance,0.002000000,0.021400000,0.251600000,0.645800000,0.013900000,0.127300000,0.722700000,0.205100000,2.256700000,2.254700000,1.989800000,0.266900000,0.003300000,0.022400000,0.012200000,0.213000000,0.265700000,0.265800000,0.086900000,0.002200000,0.554700000,84,0,103,3,7,0.001800000,0.003700000,0.001900000,0.003900000,0.003200000,0.000500000,0.478600000,0.015900000,0.109200000,0.008600000,0.004700000,0.081700000,0.000000000,0.000000000,0.003600000,0.717300000,0.005400000,3,1,7,7,3,,0.186600000,0.003700000,0.254700000,0.047900000,0.013000000,0.048100000,true,true,0.021900000,0.142000000,0.007100000,0.003800000,0.008300000,103,103,0
746,2,1,1920,1080,640,360,ultra-performance,0.002900000,0.027400000,0.261100000,0.654800000,0.014500000,0.130100000,0.814900000,0.239200000,2.406600000,2.403700000,2.144900000,0.261700000,0.003700000,0.026800000,0.013000000,0.217100000,0.260300000,0.260500000,0.084200000,0.002600000,0.565700000,84,0,103,3,7,0.001500000,0.003200000,0.001400000,0.004100000,0.002800000,0.000800000,0.595700000,0.016200000,0.048200000,0.009200000,0.005000000,0.116500000,0.000000000,0.000000000,0.003700000,0.808300000,0.006600000,3,1,7,7,3,,0.187300000,0.003800000,0.264400000,0.049400000,0.013500000,0.046500000,true,true,0.021200000,0.142400000,0.008100000,0.003900000,0.008300000,103,103,0
747,0,1,1920,1080,640,360,ultra-performance,0.001800000,0.020600000,0.252800000,0.653400000,0.016500000,0.126000000,0.766700000,0.189000000,2.295600000,2.293800000,2.026800000,0.268800000,0.003300000,0.022100000,0.012300000,0.214700000,0.267400000,0.267600000,0.081200000,0.002300000,0.567600000,84,0,103,3,7,0.001700000,0.003000000,0.001300000,0.003800000,0.003000000,0.000400000,0.553400000,0.015700000,0.073900000,0.008500000,0.004700000,0.088100000,0.000000000,0.000000000,0.003700000,0.761200000,0.005500000,3,1,7,7,3,,0.189900000,0.003800000,0.267600000,0.047400000,0.013400000,0.045000000,true,true,0.022300000,0.146200000,0.006400000,0.003600000,0.008000000,103,103,0
748,1,1,1920,1080,640,360,ultra-performance,0.001900000,0.023100000,0.253400000,0.645100000,0.014400000,0.127000000,0.867400000,0.174500000,2.372000000,2.370100000,2.106800000,0.265200000,0.003200000,0.021200000,0.012800000,0.215700000,0.263800000,0.264000000,0.080500000,0.002200000,0.560000000,84,0,103,3,7,0.001700000,0.003000000,0.001400000,0.003500000,0.003100000,0.000500000,0.580800000,0.015200000,0.110500000,0.009200000,0.005100000,0.124100000,0.000000000,0.000000000,0.003600000,0.861700000,0.005700000,3,1,7,7,3,,0.185600000,0.003900000,0.254500000,0.047200000,0.023100000,0.045200000,true,true,0.021500000,0.140800000,0.007400000,0.003600000,0.008600000,103,103,0
749,2,1,1920,1080,640,360,ultra-performance,0.001700000,0.027300000,0.265700000,0.650300000,0.014400000,0.126600000,0.756600000,0.176500000,2.282500000,2.280800000,2.019100000,0.263400000,0.003200000,0.023400000,0.013400000,0.225300000,0.257500000,0.257600000,0.086700000,0.002500000,0.558900000,84,0,103,3,7,0.001600000,0.003400000,0.001700000,0.003800000,0.003100000,0.000700000,0.562300000,0.014800000,0.058000000,0.008900000,0.004800000,0.083600000,0.000000000,0.000000000,0.003700000,0.750400000,0.006200000,3,1,7,7,3,,0.187500000,0.004000000,0.259100000,0.047900000,0.014100000,0.045700000,true,true,0.023200000,0.140800000,0.008100000,0.003700000,0.008000000,103,103,0
750,0,1,1920,1080,640,360,ultra-performance,0.001800000,0.023900000,0.241600000,0.621700000,0.015300000,0.125400000,0.813900000,0.199800000,2.304500000,2.302700000,2.043400000,0.261100000,0.003000000,0.020100000,0.013400000,0.204800000,0.259300000,0.259500000,0.077800000,0.002500000,0.539100000,84,0,103,3,7,0.001500000,0.002600000,0.001400000,0.003700000,0.003000000,0.000400000,0.568400000,0.015400000,0.098100000,0.008900000,0.004900000,0.096300000,0.000100000,0.000000000,0.003800000,0.808500000,0.005400000,3,1,7,7,3,,0.181800000,0.003900000,0.249400000,0.047000000,0.013500000,0.042700000,true,true,0.021900000,0.136400000,0.008100000,0.003700000,0.008000000,103,103,0
751,1,1,1920,1080,640,360,ultra-performance,0.001900000,0.024500000,0.249200000,0.625500000,0.013700000,0.125100000,0.663500000,0.185900000,2.143900000,2.142000000,1.889300000,0.254600000,0.003300000,0.021900000,0.014300000,0.209400000,0.253300000,0.253500000,0.074800000,0.002400000,0.546100000,84,0,103,3,7,0.001600000,0.002700000,0.001400000,0.003800000,0.002500000,0.000400000,0.419700000,0.015200000,0.067900000,0.008400000,0.004900000,0.126200000,0.000000000,0.000000000,0.003300000,0.658000000,0.005500000,3,1,7,7,3,,0.177000000,0.003800000,0.251600000,0.053600000,0.013700000,0.046000000,true,true,0.023600000,0.131400000,0.006700000,0.003700000,0.008000000,103,103,0
752,2,1,1920,1080,640,360,ultra-performance,0.001800000,0.027200000,0.251600000,0.643800000,0.014900000,0.124800000,0.799100000,0.297100000,2.423900000,2.422100000,2.160300000,0.263600000,0.003300000,0.021000000,0.012800000,0.214100000,0.260300000,0.260600000,0.077500000,0.002200000,0.561600000,84,0,103,3,7,0.001800000,0.003200000,0.001400000,0.003800000,0.006500000,0.001800000,0.538200000,0.025300000,0.032300000,0.014300000,0.009000000,0.143900000,0.000000000,0.000000000,0.007600000,0.789100000,0.010000000,3,1,7,7,3,,0.182600000,0.003900000,0.251600000,0.047600000,0.013900000,0.061400000,true,true,0.022500000,0.137300000,0.007100000,0.003500000,0.008300000,103,103,0
753,0,1,1920,1080,640,360,ultra-performance,0.003300000,0.049200000,0.337400000,0.921200000,0.025200000,0.285800000,0.888300000,0.218100000,3.012200000,3.008900000,2.728500000,0.283700000,0.010600000,0.050900000,0.018800000,0.256200000,0.281500000,0.281900000,0.100800000,0.007100000,0.810700000,84,0,103,3,7,0.002300000,0.005500000,0.002200000,0.004700000,0.003700000,0.001000000,0.613000000,0.023200000,0.061300000,0.019000000,0.007600000,0.129900000,0.000100000,0.000000000,0.005400000,0.878900000,0.009400000,3,1,7,7,3,,0.280500000,0.006200000,0.333400000,0.111900000,0.018800000,0.059000000,true,true,0.055900000,0.184700000,0.012300000,0.009800000,0.013200000,103,103,0
754,1,1,1920,1080,640,360,ultra-performance,0.002200000,0.027700000,0.284500000,0.707800000,0.017100000,0.144400000,0.694800000,0.263300000,2.415700000,2.413500000,2.141800000,0.273900000,0.004800000,0.027500000,0.015000000,0.236600000,0.272400000,0.272500000,0.090200000,0.003800000,0.611200000,84,0,103,3,7,0.001700000,0.003100000,0.001600000,0.003900000,0.002900000,0.000500000,0.463200000,0.015600000,0.090800000,0.008500000,0.005100000,0.089000000,0.000000000,0.000000000,0.003900000,0.689800000,0.005000000,3,1,7,7,3,,0.203100000,0.004200000,0.276800000,0.062300000,0.015300000,0.048800000,true,true,0.028200000,0.148400000,0.009600000,0.004000000,0.009300000,103,103,0
755,2,1,1920,1080,640,360,ultra-performance,0.003400000,0.037500000,0.501600000,0.675100000,0.015600000,0.131700000,0.725200000,0.193500000,2.703900000,2.700500000,2.283600000,0.420300000,0.006300000,0.045300000,0.025800000,0.423300000,0.418700000,0.419000000,0.080700000,0.003000000,0.588900000,84,0,103,3,7,0.001500000,0.002800000,0.001400000,0.003900000,0.002800000,0.000600000,0.461500000,0.017600000,0.117600000,0.009200000,0.004700000,0.093200000,0.000000000,0.000000000,0.004100000,0.720900000,0.004300000,3,1,7,7,3,,0.194900000,0.003800000,0.276800000,0.051500000,0.014300000,0.047000000,true,true,0.025900000,0.144100000,0.008400000,0.003800000,0.009200000,103,103,0
756,0,1,1920,1080,640,360,ultra-performance,0.002200000,0.028000000,0.249700000,0.657000000,0.016800000,0.130100000,0.754700000,0.176500000,2.279200000,2.277000000,2.015000000,0.264200000,0.003400000,0.021900000,0.012400000,0.211600000,0.262900000,0.263000000,0.088100000,0.002700000,0.563900000,84,0,103,3,7,0.001600000,0.003400000,0.001300000,0.003700000,0.003000000,0.000600000,0.444200000,0.016000000,0.172600000,0.008000000,0.004900000,0.086100000,0.000100000,0.000000000,0.003800000,0.749300000,0.005400000,3,1,7,7,3,,0.188200000,0.003900000,0.261900000,0.048000000,0.013500000,0.047600000,true,true,0.024300000,0.139100000,0.008000000,0.003400000,0.009000000,103,103,0
757,1,1,1920,1080,640,360,ultra-performance,0.001800000,0.024400000,0.255500000,0.649900000,0.014900000,0.128200000,0.752800000,0.184700000,2.280100000,2.278300000,2.012200000,0.267900000,0.003100000,0.021500000,0.013200000,0.217300000,0.266200000,0.266500000,0.080400000,0.002600000,0.564800000,84,0,103,3,7,0.001800000,0.003100000,0.001800000,0.003800000,0.002800000,0.000600000,0.489800000,0.015900000,0.085000000,0.008700000,0.005400000,0.124300000,0.000000000,0.000000000,0.003900000,0.746900000,0.005900000,3,1,7,7,3,,0.183800000,0.003800000,0.267500000,0.048000000,0.014100000,0.046900000,true,true,0.021200000,0.139500000,0.007900000,0.003600000,0.007900000,103,103,0
758,2,1,1920,1080,640,360,ultra-performance,0.001800000,0.022200000,0.257600000,0.657600000,0.014000000,0.125500000,1.014100000,0.260000000,2.626800000,2.625000000,2.352800000,0.274000000,0.003400000,0.023300000,0.013900000,0.216500000,0.267900000,0.268000000,0.081900000,0.002500000,0.570700000,84,0,103,3,7,0.002100000,0.003200000,0.001600000,0.003800000,0.005500000,0.001500000,0.723200000,0.024300000,0.059800000,0.013800000,0.006700000,0.155600000,0.000000000,0.000000000,0.005400000,1.006500000,0.007600000,3,1,7,7,3,,0.187800000,0.003900000,0.260400000,0.057700000,0.013900000,0.046400000,true,true,0.022700000,0.141400000,0.007800000,0.003600000,0.008500000,103,103,0
759,0,1,1920,1080,640,360,ultra-performance,0.042100000,0.058500000,0.264300000,0.704000000,0.019800000,0.206800000,0.998700000,0.213200000,2.703400000,2.661300000,2.507400000,0.196000000,0.009000000,0.039100000,0.012400000,0.202600000,0.193200000,0.193700000,0.126300000,0.005300000,0.570600000,84,0,103,3,7,0.001500000,0.004700000,0.001200000,0.003900000,0.004700000,0.000900000,0.706600000,0.023500000,0.092000000,0.010200000,0.006800000,0.129100000,0.000100000,0.000000000,0.005700000,0.990900000,0.007800000,3,1,7,7,3,,0.200500000,0.004500000,0.215300000,0.094700000,0.015200000,0.039500000,true,true,0.047900000,0.122100000,0.009000000,0.008400000,0.009800000,103,103,0
760,1,1,1920,1080,640,360,ultra-performance,0.002500000,0.027000000,0.281000000,0.717900000,0.016600000,0.141700000,0.713800000,0.188900000,2.371700000,2.369200000,2.089400000,0.282300000,0.004700000,0.026000000,0.015500000,0.234100000,0.280900000,0.281100000,0.091900000,0.003500000,0.620100000,84,0,103,3,7,0.001500000,0.003500000,0.001500000,0.004500000,0.002700000,0.000700000,0.474800000,0.016500000,0.089000000,0.008800000,0.004700000,0.095700000,0.000000000,0.000000000,0.003900000,0.707800000,0.006000000,3,1,7,7,3,,0.206500000,0.004600000,0.282100000,0.064800000,0.014900000,0.046600000,true,true,0.029200000,0.150500000,0.009600000,0.004300000,0.009100000,103,103,0
761,2,1,1920,1080,640,360,ultra-performance,0.001900000,0.024400000,0.258100000,0.679900000,0.015000000,0.131100000,0.718900000,0.180800000,2.279300000,2.277400000,2.010100000,0.269200000,0.003600000,0.024600000,0.013900000,0.215400000,0.267400000,0.267600000,0.091300000,0.003100000,0.583100000,84,0,103,3,7,0.001600000,0.003400000,0.001700000,0.003700000,0.002900000,0.000500000,0.512900000,0.016800000,0.072600000,0.008100000,0.004800000,0.079400000,0.000000000,0.000000000,0.003800000,0.712200000,0.006700000,3,1,7,7,3,,0.196800000,0.004100000,0.269400000,0.050300000,0.014800000,0.047200000,true,true,0.025200000,0.148200000,0.008000000,0.003800000,0.008200000,103,103,0
762,0,1,1920,1080,640,360,ultra-performance,0.002000000,0.028600000,0.256300000,0.649400000,0.015400000,0.132400000,0.957200000,0.182500000,2.494800000,2.492800000,2.223800000,0.271000000,0.003400000,0.021600000,0.013100000,0.217900000,0.269800000,0.270000000,0.080500000,0.002800000,0.564000000,84,0,103,3,7,0.001800000,0.003100000,0.001700000,0.003700000,0.002500000,0.000700000,0.719600000,0.022900000,0.074200000,0.010500000,0.005100000,0.102400000,0.000100000,0.000000000,0.003700000,0.952000000,0.005200000,3,1,7,7,3,,0.188600000,0.003900000,0.262400000,0.048400000,0.013500000,0.046600000,true,true,0.022100000,0.142800000,0.008300000,0.003600000,0.008600000,103,103,0
763,1,1,1920,1080,640,360,ultra-performance,0.001700000,0.024400000,0.260000000,0.689600000,0.017400000,0.149000000,0.956000000,0.199000000,2.565900000,2.564200000,2.297100000,0.268800000,0.003600000,0.021400000,0.012600000,0.222100000,0.267000000,0.267200000,0.080700000,0.002600000,0.603900000,84,0,103,3,7,0.002000000,0.003700000,0.001700000,0.004400000,0.003100000,0.000700000,0.542600000,0.022300000,0.147500000,0.011200000,0.006200000,0.200700000,0.000000000,0.000000000,0.004000000,0.950100000,0.005900000,3,1,7,7,3,,0.191600000,0.004400000,0.284300000,0.056200000,0.014200000,0.052400000,true,true,0.021500000,0.145800000,0.007700000,0.003700000,0.008600000,103,103,0
764,2,1,1920,1080,640,360,ultra-performance,0.002200000,0.029000000,0.287100000,0.752500000,0.016800000,0.144200000,0.742800000,0.226900000,2.516100000,2.513900000,2.201500000,0.314600000,0.003900000,0.024800000,0.014400000,0.243300000,0.312600000,0.312700000,0.095300000,0.002800000,0.651900000,84,0,103,3,7,0.001700000,0.003500000,0.001900000,0.003900000,0.004700000,0.001000000,0.530900000,0.026100000,0.026300000,0.014200000,0.007300000,0.108000000,0.000000000,0.000000000,0.004800000,0.734300000,0.008500000,3,1,7,7,3,,0.222400000,0.004600000,0.300500000,0.055900000,0.015200000,0.052700000,true,true,0.024600000,0.165000000,0.008400000,0.010400000,0.009800000,103,103,0
765,0,1,1920,1080,640,360,ultra-performance,0.003100000,0.034900000,0.215000000,0.647200000,0.020600000,0.144200000,0.813500000,0.215800000,2.261000000,2.257900000,2.094300000,0.166700000,0.007300000,0.032100000,0.013300000,0.161400000,0.164300000,0.164700000,0.062200000,0.004600000,0.578300000,84,0,103,3,7,0.002300000,0.005700000,0.002500000,0.004500000,0.004700000,0.000900000,0.587800000,0.031600000,0.043100000,0.012500000,0.007300000,0.096500000,0.000200000,0.000000000,0.005600000,0.805200000,0.008300000,3,1,7,7,3,,0.217700000,0.004900000,0.211900000,0.090300000,0.014800000,0.038100000,true,true,0.042200000,0.143000000,0.010800000,0.007200000,0.010700000,103,103,0
766,1,1,1920,1080,640,360,ultra-performance,0.002100000,0.025400000,0.306000000,0.845100000,0.021200000,0.169300000,0.743000000,0.170200000,2.631600000,2.629500000,2.282300000,0.349300000,0.004500000,0.027300000,0.016500000,0.257100000,0.347600000,0.348000000,0.102100000,0.004800000,0.735500000,84,0,103,3,7,0.001800000,0.005000000,0.001700000,0.005600000,0.003700000,0.000800000,0.518200000,0.020400000,0.047700000,0.015300000,0.006300000,0.105300000,0.000100000,0.000000000,0.004500000,0.736400000,0.006600000,3,1,7,7,3,,0.245500000,0.005800000,0.330200000,0.082500000,0.016900000,0.054000000,true,true,0.037100000,0.171800000,0.011400000,0.008000000,0.012300000,103,103,0
767,2,1,1920,1080,640,360,ultra-performance,0.001800000,0.021000000,0.189100000,0.557800000,0.017000000,0.136100000,0.853800000,0.228000000,2.302100000,2.300300000,2.004600000,0.297500000,0.003200000,0.018000000,0.012000000,0.155300000,0.292000000,0.292300000,0.067700000,0.003800000,0.484300000,84,0,103,3,7,0.002000000,0.004400000,0.001800000,0.004500000,0.004500000,0.000700000,0.516600000,0.024000000,0.175700000,0.009100000,0.006200000,0.094300000,0.000100000,0.000000000,0.003400000,0.847300000,0.006500000,3,1,7,7,3,,0.160100000,0.003800000,0.209900000,0.061500000,0.013300000,0.035000000,true,true,0.024100000,0.111800000,0.007800000,0.005800000,0.007700000,103,103,0
768,0,1,1920,1080,640,360,ultra-performance,0.002100000,0.032000000,0.232900000,0.520200000,0.015500000,0.111100000,0.880300000,0.288800000,2.248600000,2.246500000,2.082900000,0.165700000,0.007300000,0.035100000,0.016100000,0.173200000,0.162500000,0.162800000,0.052500000,0.002800000,0.463000000,84,0,103,3,7,0.001200000,0.003400000,0.001100000,0.003300000,0.005200000,0.001400000,0.567300000,0.027400000,0.106000000,0.013700000,0.006300000,0.126300000,0.000000000,0.000000000,0.008100000,0.870700000,0.009600000,3,1,7,7,3,,0.133400000,0.004000000,0.225500000,0.053500000,0.012900000,0.033100000,true,true,0.017200000,0.094800000,0.006300000,0.004700000,0.007500000,103,103,0
769,1,1,1920,1080,640,360,ultra-performance,0.002000000,0.030300000,0.197600000,0.537400000,0.014900000,0.116000000,0.823400000,0.198500000,2.101200000,2.099200000,1.920100000,0.181100000,0.003800000,0.020100000,0.011800000,0.161300000,0.179500000,0.179600000,0.061900000,0.003000000,0.470500000,84,0,103,3,7,0.001200000,0.002700000,0.001600000,0.003200000,0.003200000,0.000900000,0.540000000,0.029500000,0.045500000,0.012900000,0.006000000,0.164600000,0.000100000,0.000000000,0.004100000,0.815500000,0.007900000,3,1,7,7,3,,0.148400000,0.003300000,0.214700000,0.055300000,0.012100000,0.036200000,true,true,0.020500000,0.105400000,0.008100000,0.003400000,0.008100000,103,103,0
770,2,1,1920,1080,640,360,ultra-performance,0.002300000,0.029800000,0.288600000,0.799500000,0.017800000,0.145800000,1.124000000,0.252000000,2.963300000,2.961000000,2.659800000,0.303500000,0.004500000,0.024400000,0.018300000,0.240900000,0.300500000,0.300800000,0.096900000,0.003200000,0.696500000,84,0,103,3,7,0.001800000,0.003900000,0.001700000,0.004700000,0.011400000,0.002100000,0.627000000,0.025000000,0.203600000,0.018800000,0.011700000,0.195400000,0.000000000,0.000000000,0.005900000,1.113000000,0.011000000,3,1,7,7,3,,0.224600000,0.004500000,0.332600000,0.060800000,0.016900000,0.056400000,true,true,0.027400000,0.169400000,0.009200000,0.003900000,0.010200000,103,103,0
771,0,1,1920,1080,640,360,ultra-performance,0.002400000,0.035700000,0.307600000,0.842600000,0.020400000,0.158600000,0.987800000,0.169300000,2.799300000,2.796900000,2.524400000,0.274900000,0.006700000,0.033500000,0.018700000,0.247400000,0.273300000,0.273500000,0.104900000,0.004200000,0.730700000,84,0,103,3,7,0.002000000,0.004400000,0.001500000,0.004500000,0.005800000,0.001200000,0.621000000,0.041500000,0.106800000,0.023100000,0.011600000,0.153900000,0.000000000,0.000000000,0.003200000,0.980500000,0.007300000,3,1,7,7,3,,0.245700000,0.005100000,0.315000000,0.089900000,0.018300000,0.055900000,true,true,0.032000000,0.180500000,0.010600000,0.006400000,0.011400000,103,103,0
772,1,1,1920,1080,640,360,ultra-performance,0.002000000,0.028100000,0.169000000,0.554700000,0.015700000,0.118500000,0.800400000,0.221800000,2.072400000,2.070400000,1.910200000,0.162200000,0.004000000,0.020000000,0.009700000,0.134400000,0.159400000,0.159500000,0.051600000,0.002700000,0.498500000,84,0,103,3,7,0.001200000,0.003600000,0.001100000,0.003400000,0.008000000,0.001500000,0.551100000,0.029200000,0.027900000,0.013200000,0.009900000,0.128500000,0.000000000,0.000000000,0.009400000,0.788000000,0.012400000,3,1,7,7,3,,0.155800000,0.004700000,0.239400000,0.051500000,0.012500000,0.033800000,true,true,0.019000000,0.110100000,0.008700000,0.004100000,0.009900000,103,103,0
773,2,1,1920,1080,640,360,ultra-performance,0.002200000,0.026900000,0.368000000,0.974100000,0.024200000,0.185200000,0.875400000,0.303700000,3.133100000,3.130900000,2.759700000,0.373400000,0.004400000,0.033800000,0.019000000,0.310100000,0.371200000,0.371500000,0.123100000,0.004600000,0.842900000,84,0,103,3,7,0.002600000,0.004300000,0.002900000,0.004900000,0.003400000,0.000800000,0.613300000,0.025400000,0.072100000,0.012600000,0.006100000,0.114400000,0.000100000,0.000000000,0.004500000,0.867400000,0.008000000,3,1,7,7,3,,0.284000000,0.005400000,0.386300000,0.077200000,0.021300000,0.068000000,true,true,0.038500000,0.211600000,0.011900000,0.004700000,0.011600000,103,103,0
774,0,1,1920,1080,640,360,ultra-performance,0.003500000,0.048400000,0.376700000,0.966000000,0.026700000,0.190100000,0.812900000,0.386700000,3.181700000,3.178200000,2.811000000,0.370700000,0.006500000,0.039400000,0.022100000,0.307900000,0.368400000,0.368600000,0.115200000,0.004900000,0.842700000,84,0,103,3,7,0.002100000,0.005000000,0.002000000,0.004800000,0.003900000,0.000800000,0.571800000,0.032900000,0.040700000,0.011000000,0.006600000,0.120300000,0.000000000,0.000000000,0.004000000,0.805900000,0.007000000,3,1,7,7,3,,0.298700000,0.005000000,0.374100000,0.077100000,0.019600000,0.067600000,true,true,0.047500000,0.213100000,0.014100000,0.006200000,0.012500000,103,103,0
775,1,1,1920,1080,640,360,ultra-performance,0.002900000,0.047500000,0.301500000,0.709400000,0.024500000,0.168100000,0.940000000,0.347900000,2.842800000,2.839900000,2.541800000,0.301000000,0.005300000,0.033300000,0.016600000,0.245500000,0.298600000,0.298900000,0.092400000,0.003900000,0.610200000,84,0,103,3,7,0.001500000,0.004700000,0.002000000,0.004700000,0.005100000,0.001100000,0.645100000,0.035800000,0.039800000,0.021800000,0.011200000,0.152200000,0.000000000,0.000000000,0.004500000,0.929500000,0.010500000,3,1,7,7,3,,0.229800000,0.005300000,0.239700000,0.053600000,0.017500000,0.063500000,true,true,0.031500000,0.164700000,0.011400000,0.005100000,0.012200000,103,103,0
776,2,1,1920,1080,640,360,ultra-performance,0.003600000,0.047000000,0.364900000,0.892300000,0.023300000,0.192500000,0.773500000,0.229900000,2.889400000,2.885800000,2.527000000,0.362400000,0.005400000,0.036100000,0.018400000,0.304300000,0.356100000,0.356300000,0.110900000,0.004100000,0.774100000,84,0,103,3,7,0.001900000,0.004400000,0.001900000,0.004800000,0.004900000,0.001300000,0.536200000,0.031700000,0.029600000,0.013400000,0.007000000,0.123800000,0.000100000,0.000000000,0.004900000,0.765900000,0.007600000,3,1,7,7,3,,0.263700000,0.005400000,0.352200000,0.069300000,0.019000000,0.063800000,true,true,0.035500000,0.195000000,0.011200000,0.005200000,0.011000000,103,103,0
777,0,1,1920,1080,640,360,ultra-performance,0.002800000,0.040100000,0.247200000,0.832000000,0.023100000,0.166300000,1.117200000,0.197800000,2.909200000,2.906400000,2.626500000,0.282700000,0.008400000,0.035900000,0.013700000,0.188300000,0.279600000,0.279900000,0.109000000,0.003500000,0.716800000,84,0,103,3,7,0.001900000,0.004100000,0.002500000,0.005000000,0.005500000,0.001400000,0.556600000,0.035400000,0.183700000,0.014400000,0.009000000,0.284300000,0.000100000,0.000000000,0.004700000,1.108600000,0.008600000,3,1,7,7,3,,0.228700000,0.004600000,0.323200000,0.081300000,0.019400000,0.059000000,true,true,0.027300000,0.171600000,0.010000000,0.005200000,0.010300000,103,103,0
778,1,1,1920,1080,640,360,ultra-performance,0.002500000,0.035000000,0.227300000,0.630400000,0.018700000,0.149100000,1.046900000,0.328600000,2.685100000,2.682600000,2.438500000,0.246600000,0.006100000,0.027700000,0.014100000,0.178300000,0.243100000,0.243900000,0.066800000,0.005800000,0.555800000,84,0,103,3,7,0.002400000,0.005400000,0.001500000,0.004300000,0.007000000,0.001400000,0.587000000,0.041000000,0.131700000,0.015100000,0.008300000,0.223600000,0.000200000,0.000000000,0.008000000,1.036900000,0.010000000,3,1,7,7,3,,0.194900000,0.005100000,0.224400000,0.077200000,0.014300000,0.039000000,true,true,0.041500000,0.122700000,0.009800000,0.006600000,0.011000000,103,103,0
779,2,1,1920,1080,640,360,ultra-performance,0.003400000,0.042800000,0.328500000,0.848400000,0.023500000,0.176200000,0.860100000,0.245600000,2.843900000,2.840500000,2.528500000,0.315400000,0.005800000,0.033200000,0.016900000,0.271500000,0.313100000,0.313400000,0.105400000,0.003900000,0.736200000,84,0,103,3,7,0.001700000,0.004100000,0.001700000,0.004600000,0.005200000,0.001000000,0.551200000,0.036600000,0.084800000,0.016900000,0.007400000,0.128100000,0.000100000,0.000000000,0.005600000,0.849000000,0.011100000,3,1,7,7,3,,0.236900000,0.005000000,0.327900000,0.082300000,0.019800000,0.063700000,true,true,0.031500000,0.174100000,0.011300000,0.004400000,0.011100000,103,103,0
780,0,1,1920,1080,640,360,ultra-performance,0.003000000,0.039500000,0.337100000,0.845600000,0.024100000,0.176200000,0.915100000,0.287300000,2.919100000,2.916100000,2.627900000,0.291200000,0.008300000,0.045700000,0.020700000,0.261500000,0.288500000,0.288900000,0.102500000,0.006500000,0.733900000,84,0,103,3,7,0.001900000,0.005000000,0.001700000,0.004600000,0.006500000,0.001500000,0.634700000,0.027900000,0.060200000,0.015700000,0.007600000,0.134100000,0.000100000,0.000000000,0.005400000,0.906900000,0.008200000,3,1,7,7,3,,0.265300000,0.006300000,0.301400000,0.087200000,0.018000000,0.054900000,true,true,0.051200000,0.177900000,0.011600000,0.008300000,0.011900000,103,103,0
781,1,1,1920,1080,640,360,ultra-performance,0.002500000,0.035300000,0.321600000,0.789000000,0.022400000,0.162700000,0.938600000,0.326300000,2.910200000,2.907700000,2.598400000,0.311800000,0.005400000,0.029700000,0.017300000,0.268500000,0.309500000,0.309900000,0.103000000,0.003700000,0.679600000,84,0,103,3,7,0.001700000,0.003800000,0.002300000,0.004900000,0.005100000,0.000900000,0.504600000,0.031700000,0.184600000,0.016100000,0.007000000,0.162100000,0.000100000,0.000000000,0.004900000,0.929800000,0.008800000,3,1,7,7,3,,0.225400000,0.004500000,0.307100000,0.069300000,0.017500000,0.055200000,true,true,0.029100000,0.166700000,0.010700000,0.004300000,0.010200000,103,103,0
782,2,1,1920,1080,640,360,ultra-performance,0.002600000,0.052000000,0.220200000,0.590000000,0.019100000,0.134100000,0.788700000,0.271800000,2.238400000,2.235800000,2.078500000,0.159900000,0.007700000,0.040900000,0.014400000,0.156100000,0.157300000,0.157800000,0.063800000,0.005200000,0.519000000,84,0,103,3,7,0.001500000,0.004100000,0.001700000,0.003600000,0.005000000,0.000900000,0.565000000,0.023600000,0.058900000,0.010400000,0.006600000,0.092400000,0.000100000,0.000000000,0.006100000,0.779900000,0.008800000,3,1,7,7,3,,0.178300000,0.004900000,0.211500000,0.071000000,0.014200000,0.038500000,true,true,0.036600000,0.112900000,0.009000000,0.007100000,0.009700000,103,103,0
783,0,1,1920,1080,640,360,ultra-performance,0.002800000,0.034400000,0.327400000,0.790100000,0.023000000,0.160300000,0.842500000,0.221200000,2.690500000,2.687700000,2.401700000,0.288800000,0.006100000,0.029900000,0.016200000,0.274100000,0.287200000,0.287400000,0.096600000,0.003900000,0.686900000,84,0,103,3,7,0.002000000,0.004000000,0.001400000,0.003900000,0.002800000,0.000600000,0.506900000,0.025400000,0.162000000,0.012100000,0.005400000,0.108200000,0.000000000,0.000000000,0.003500000,0.838200000,0.004300000,3,1,7,7,3,,0.217500000,0.004700000,0.310300000,0.079600000,0.017700000,0.056200000,true,true,0.028100000,0.159200000,0.011500000,0.004300000,0.010100000,103,103,0
784,1,1,1920,1080,640,360,ultra-performance,0.001900000,0.023900000,0.184300000,0.486300000,0.014300000,0.150000000,0.814400000,0.220900000,2.065700000,2.063800000,1.896000000,0.169700000,0.003900000,0.018500000,0.010800000,0.150500000,0.168000000,0.168100000,0.058900000,0.002500000,0.423000000,84,0,103,3,7,0.001700000,0.003900000,0.001600000,0.004300000,0.002800000,0.000500000,0.548800000,0.025800000,0.054200000,0.015600000,0.006200000,0.137200000,0.000000000,0.000000000,0.003900000,0.806500000,0.007900000,3,1,7,7,3,,0.138400000,0.003200000,0.187300000,0.046300000,0.012400000,0.035100000,true,true,0.018300000,0.099400000,0.006700000,0.003400000,0.007800000,103,103,0
785,2,1,1920,1080,640,360,ultra-performance,0.002200000,0.034800000,0.309900000,0.751400000,0.020100000,0.153900000,0.728800000,0.209200000,2.528500000,2.526300000,2.210300000,0.318200000,0.004400000,0.026100000,0.014800000,0.264100000,0.307900000,0.308100000,0.090700000,0.003100000,0.654900000,84,0,103,3,7,0.001900000,0.003600000,0.001900000,0.003900000,0.003000000,0.000600000,0.433800000,0.024100000,0.116800000,0.009600000,0.005000000,0.115700000,0.000100000,0.000000000,0.004000000,0.724000000,0.004800000,3,1,7,7,3,,0.216500000,0.004500000,0.301200000,0.059700000,0.016900000,0.055300000,true,true,0.024900000,0.164900000,0.008700000,0.004100000,0.009600000,103,103,0
786,0,1,1920,1080,640,360,ultra-performance,0.002200000,0.029500000,0.282600000,0.778400000,0.017900000,0.147000000,0.841300000,0.502900000,2.903200000,2.901000000,2.601800000,0.301400000,0.004100000,0.024800000,0.015400000,0.237700000,0.299300000,0.299600000,0.092500000,0.002800000,0.680300000,84,0,103,3,7,0.001700000,0.003500000,0.001700000,0.004400000,0.004100000,0.001000000,0.508600000,0.024900000,0.076900000,0.016200000,0.006500000,0.178500000,0.000100000,0.000000000,0.005200000,0.833300000,0.008000000,3,1,7,7,3,,0.228400000,0.004600000,0.309200000,0.065500000,0.017900000,0.054200000,true,true,0.026000000,0.172900000,0.009100000,0.005500000,0.010100000,103,103,0
787,1,1,1920,1080,640,360,ultra-performance,0.003300000,0.048100000,0.273600000,1.095700000,0.067800000,0.421500000,0.815600000,0.241300000,3.123700000,3.120400000,2.966900000,0.156800000,0.010100000,0.043200000,0.015600000,0.203300000,0.154700000,0.155000000,0.064200000,0.005300000,1.023000000,84,0,103,3,7,0.001700000,0.004600000,0.001400000,0.004400000,0.004700000,0.000700000,0.607700000,0.030200000,0.024500000,0.014300000,0.006300000,0.102600000,0.000100000,0.000000000,0.004000000,0.807200000,0.008400000,3,1,7,7,3,,0.328100000,0.006400000,0.435000000,0.120000000,0.063400000,0.069000000,true,true,0.045700000,0.239400000,0.013700000,0.011100000,0.013500000,103,103,0
788,2,1,1920,1080,640,360,ultra-performance,0.002800000,0.037700000,0.199000000,0.818600000,0.026500000,0.169900000,0.962000000,0.327100000,2.839500000,2.836700000,2.543600000,0.295900000,0.006500000,0.025000000,0.013400000,0.153200000,0.293200000,0.293600000,0.090400000,0.005700000,0.719600000,84,0,103,3,7,0.001600000,0.004700000,0.001500000,0.004500000,0.005600000,0.001200000,0.624400000,0.027500000,0.128800000,0.014000000,0.008200000,0.123000000,0.000100000,0.000000000,0.007700000,0.952800000,0.009200000,3,1,7,7,3,,0.233900000,0.005400000,0.319400000,0.085900000,0.019600000,0.054300000,true,true,0.043800000,0.154500000,0.011400000,0.009700000,0.010500000,103,103,0
789,0,1,1920,1080,640,360,ultra-performance,0.002900000,0.044600000,0.306000000,0.841600000,0.020300000,0.156500000,0.779100000,0.244700000,2.726400000,2.723500000,2.395700000,0.330700000,0.007600000,0.036400000,0.017300000,0.243600000,0.328400000,0.328900000,0.111600000,0.004100000,0.723300000,84,0,103,3,7,0.001800000,0.003900000,0.002200000,0.005100000,0.003700000,0.000600000,0.513600000,0.028400000,0.081200000,0.012000000,0.006900000,0.107900000,0.000100000,0.000000000,0.004700000,0.772100000,0.007000000,3,1,7,7,3,,0.236200000,0.004600000,0.325300000,0.080000000,0.019000000,0.057500000,true,true,0.030100000,0.173600000,0.011100000,0.005500000,0.011200000,103,103,0
790,1,1,1920,1080,640,360,ultra-performance,0.002600000,0.035100000,0.296900000,0.762100000,0.018300000,0.146400000,0.918300000,0.232700000,2.712100000,2.709500000,2.412400000,0.299700000,0.004800000,0.028100000,0.016500000,0.247000000,0.297300000,0.297400000,0.090300000,0.003100000,0.666100000,84,0,103,3,7,0.001700000,0.003800000,0.001700000,0.004500000,0.004900000,0.001000000,0.531400000,0.027400000,0.173500000,0.020200000,0.008800000,0.124500000,0.000000000,0.000000000,0.005300000,0.908700000,0.009600000,3,1,7,7,3,,0.218200000,0.004400000,0.311800000,0.061300000,0.016700000,0.053100000,true,true,0.026200000,0.162800000,0.009600000,0.004000000,0.011100000,103,103,0
791,2,1,1920,1080,640,360,ultra-performance,0.002900000,0.044100000,0.297600000,0.831900000,0.024600000,0.176100000,0.894200000,0.218200000,2.761200000,2.758300000,2.489600000,0.271600000,0.007500000,0.034800000,0.017100000,0.237300000,0.268700000,0.269200000,0.092600000,0.006500000,0.730300000,84,0,103,3,7,0.001600000,0.005200000,0.001700000,0.004800000,0.003700000,0.000900000,0.628800000,0.025700000,0.036500000,0.014800000,0.005900000,0.149900000,0.000100000,0.000000000,0.005800000,0.885400000,0.008800000,3,1,7,7,3,,0.258300000,0.005600000,0.302400000,0.088200000,0.018400000,0.056500000,true,true,0.052000000,0.171400000,0.010900000,0.008500000,0.011200000,103,103,0
792,0,1,1920,1080,640,360,ultra-performance,0.002100000,0.025600000,0.253100000,0.703900000,0.023600000,0.135400000,0.920000000,0.252200000,2.559200000,2.557100000,2.315900000,0.243300000,0.004000000,0.022500000,0.012000000,0.213900000,0.240600000,0.240900000,0.092300000,0.002900000,0.606000000,84,0,103,3,7,0.001200000,0.003300000,0.015200000,0.003600000,0.005200000,0.001400000,0.576700000,0.033300000,0.039300000,0.016500000,0.008200000,0.198800000,0.000100000,0.000000000,0.007400000,0.910200000,0.009800000,3,1,7,7,3,,0.154600000,0.004500000,0.314600000,0.055000000,0.017100000,0.059700000,true,true,0.019800000,0.111000000,0.007000000,0.003700000,0.009200000,103,103,0
793,1,1,1920,1080,640,360,ultra-performance,0.002000000,0.030500000,0.220500000,0.681000000,0.021100000,0.126800000,0.816800000,0.260800000,2.328000000,2.326000000,2.159500000,0.168500000,0.003400000,0.022500000,0.026700000,0.167000000,0.166100000,0.166300000,0.083800000,0.003200000,0.591000000,84,0,103,3,7,0.001200000,0.002900000,0.001300000,0.004000000,0.005300000,0.001100000,0.531700000,0.032500000,0.092700000,0.013500000,0.007800000,0.110900000,0.000100000,0.000000000,0.004700000,0.809700000,0.007100000,3,1,7,7,3,,0.200900000,0.004100000,0.264600000,0.046300000,0.013500000,0.060900000,true,true,0.025400000,0.149200000,0.008600000,0.003800000,0.010300000,103,103,0
794,2,1,1920,1080,640,360,ultra-performance,0.002700000,0.039200000,0.299500000,0.797700000,0.028300000,0.206000000,0.991500000,0.860200000,3.415700000,3.413000000,3.225100000,0.190600000,0.009300000,0.042700000,0.016800000,0.229300000,0.182100000,0.182500000,0.087600000,0.007300000,0.699500000,84,0,103,3,7,0.002400000,0.006400000,0.002700000,0.005700000,0.004900000,0.000900000,0.632900000,0.029500000,0.156200000,0.013800000,0.006700000,0.114600000,0.000100000,0.000000000,0.006300000,0.983100000,0.008400000,3,1,7,7,3,,0.266200000,0.006800000,0.245300000,0.094900000,0.020100000,0.065100000,true,true,0.052900000,0.176000000,0.011700000,0.007200000,0.013500000,103,103,0
795,0,1,1920,1080,640,360,ultra-performance,0.005200000,0.060800000,0.529700000,0.992100000,0.024800000,0.171300000,1.040300000,0.209400000,3.637400000,3.632200000,3.033600000,0.603800000,0.012000000,0.060100000,0.027000000,0.429100000,0.601200000,0.601900000,0.086800000,0.006600000,0.896100000,84,0,103,3,7,0.001600000,0.005400000,0.001600000,0.004900000,0.004100000,0.000600000,0.695600000,0.025200000,0.002500000,0.010500000,0.005500000,0.273000000,0.000300000,0.000000000,0.003800000,1.034600000,0.005700000,3,1,7,7,3,,0.462500000,0.006300000,0.272300000,0.084100000,0.018300000,0.051500000,true,true,0.051100000,0.375700000,0.011700000,0.007900000,0.011600000,103,103,0
796,1,1,1920,1080,640,360,ultra-performance,0.002300000,0.042900000,0.444400000,0.688200000,0.020200000,0.162000000,1.018000000,0.270600000,2.937100000,2.934800000,2.648600000,0.288500000,0.005800000,0.028900000,0.012000000,0.396500000,0.285700000,0.286000000,0.077300000,0.004600000,0.603900000,84,0,103,3,7,0.002000000,0.004700000,0.001600000,0.004000000,0.004700000,0.001000000,0.827600000,0.030300000,0.028400000,0.011100000,0.005100000,0.086700000,0.000100000,0.000000000,0.004400000,1.011700000,0.006300000,3,1,7,7,3,,0.204100000,0.005400000,0.254000000,0.069800000,0.015300000,0.054600000,true,true,0.032100000,0.141200000,0.009300000,0.007200000,0.010200000,103,103,0
797,2,1,1920,1080,640,360,ultra-performance,0.002500000,0.044300000,0.284700000,0.814500000,0.021000000,0.315500000,1.106400000,0.312000000,3.267900000,3.265400000,2.900900000,0.367000000,0.006100000,0.032600000,0.012900000,0.232200000,0.364100000,0.364700000,0.078400000,0.004700000,0.729000000,84,0,103,3,7,0.001700000,0.004400000,0.002200000,0.027800000,0.004400000,0.000700000,0.755400000,0.027900000,0.154200000,0.011500000,0.006500000,0.098200000,0.000100000,0.000000000,0.004100000,1.099100000,0.007300000,3,1,7,7,3,,0.207500000,0.004900000,0.317900000,0.133700000,0.016400000,0.047900000,true,true,0.034600000,0.143100000,0.010500000,0.006200000,0.009300000,103,103,0
798,0,1,1920,1080,640,360,ultra-performance,0.002500000,0.049200000,0.286000000,0.622600000,0.021500000,0.154700000,0.731800000,0.266200000,2.417100000,2.414600000,2.134500000,0.282600000,0.005700000,0.030900000,0.011300000,0.237200000,0.280600000,0.280900000,0.080800000,0.004200000,0.535200000,84,0,103,3,7,0.002000000,0.004800000,0.001600000,0.004100000,0.004100000,0.000800000,0.520300000,0.031800000,0.047600000,0.009100000,0.005900000,0.089700000,0.000100000,0.000000000,0.003500000,0.725400000,0.006400000,3,1,7,7,3,,0.179600000,0.005100000,0.215500000,0.072400000,0.015500000,0.046500000,true,true,0.026900000,0.127400000,0.008900000,0.005000000,0.008400000,103,103,0
799,1,1,1920,1080,640,360,ultra-performance,0.002200000,0.039000000,0.316200000,0.693700000,0.020100000,0.455800000,0.922300000,0.275500000,3.013000000,3.010800000,2.724800000,0.288200000,0.005400000,0.025800000,0.012800000,0.270900000,0.286100000,0.286400000,0.085200000,0.004300000,0.602100000,84,0,103,3,7,0.001900000,0.004100000,0.001500000,0.004000000,0.004500000,0.000700000,0.636800000,0.035600000,0.042800000,0.017400000,0.008900000,0.151100000,0.000400000,0.000000000,0.004200000,0.913900000,0.008400000,3,1,7,7,3,,0.210200000,0.005200000,0.254800000,0.066600000,0.016500000,0.048200000,true,true,0.028400000,0.145100000,0.009400000,0.005400000,0.009800000,103,103,0
800,2,1,1920,1080,640,360,ultra-performance,0.002500000,0.039300000,0.338100000,0.729300000,0.021200000,0.146800000,0.909500000,0.297500000,2.830100000,2.827600000,2.484200000,0.345900000,0.005200000,0.032900000,0.012800000,0.286200000,0.343600000,0.344000000,0.076900000,0.004100000,0.646100000,84,0,103,3,7,0.001800000,0.004100000,0.001300000,0.003900000,0.003500000,0.000800000,0.672300000,0.031700000,0.021300000,0.050800000,0.005000000,0.102500000,0.000000000,0.000000000,0.004500000,0.903500000,0.006000000,3,1,7,7,3,,0.262300000,0.004900000,0.250300000,0.065900000,0.015800000,0.046400000,true,true,0.028100000,0.202600000,0.010100000,0.004900000,0.012800000,103,103,0
801,0,1,1920,1080,640,360,ultra-performance,0.002300000,0.038200000,0.325400000,0.916200000,0.024700000,0.188300000,0.841600000,0.360500000,3.058300000,3.056000000,2.697200000,0.361100000,0.005200000,0.027400000,0.015500000,0.276200000,0.358300000,0.358600000,0.110100000,0.004500000,0.798600000,84,0,103,3,7,0.002400000,0.004600000,0.001900000,0.004600000,0.005800000,0.001000000,0.551600000,0.031600000,0.072700000,0.014300000,0.007000000,0.128300000,0.000100000,0.000000000,0.006600000,0.832500000,0.009100000,3,1,7,7,3,,0.267100000,0.006700000,0.360700000,0.076900000,0.020600000,0.065900000,true,true,0.034500000,0.199000000,0.011700000,0.005400000,0.011400000,103,103,0
802,1,1,1920,1080,640,360,ultra-performance,0.004000000,0.048600000,0.332900000,0.883700000,0.021900000,0.145400000,0.804800000,0.235900000,2.754100000,2.750100000,2.477200000,0.276900000,0.008700000,0.046700000,0.018500000,0.257700000,0.274400000,0.274700000,0.095100000,0.005800000,0.779700000,84,0,103,3,7,0.001900000,0.003900000,0.001300000,0.005600000,0.004800000,0.000900000,0.517800000,0.023800000,0.103200000,0.013100000,0.005200000,0.110900000,0.000200000,0.000000000,0.004700000,0.797300000,0.007500000,3,1,7,7,3,,0.244000000,0.007200000,0.341300000,0.104600000,0.019600000,0.062000000,true,true,0.047700000,0.161300000,0.009900000,0.006500000,0.013600000,103,103,0
803,2,1,1920,1080,640,360,ultra-performance,0.003000000,0.041200000,0.282800000,0.728800000,0.022400000,0.151900000,0.968800000,0.286300000,2.733100000,2.730100000,2.485200000,0.247900000,0.006400000,0.032400000,0.016200000,0.226600000,0.245600000,0.245900000,0.085400000,0.004400000,0.636700000,84,0,103,3,7,0.001800000,0.004000000,0.001400000,0.003700000,0.004200000,0.000900000,0.653200000,0.035600000,0.117300000,0.012500000,0.006900000,0.113400000,0.000100000,0.000000000,0.005900000,0.960900000,0.007900000,3,1,7,7,3,,0.212100000,0.005300000,0.268800000,0.085300000,0.016500000,0.048000000,true,true,0.034300000,0.148100000,0.010300000,0.005900000,0.009500000,103,103,0
804,0,1,1920,1080,640,360,ultra-performance,0.003700000,0.045300000,0.295500000,0.595100000,0.018200000,0.138200000,0.628600000,0.267500000,2.168300000,2.164600000,1.992100000,0.176200000,0.007400000,0.037100000,0.017200000,0.232300000,0.169300000,0.169600000,0.071100000,0.003900000,0.518100000,84,0,103,3,7,0.001700000,0.003900000,0.001800000,0.004700000,0.003700000,0.000700000,0.418100000,0.022300000,0.045900000,0.009900000,0.005000000,0.101000000,0.000100000,0.000000000,0.004300000,0.623100000,0.005500000,3,1,7,7,3,,0.173000000,0.004700000,0.211800000,0.075300000,0.014300000,0.037900000,true,true,0.030600000,0.115100000,0.008600000,0.005400000,0.010200000,103,103,0
805,1,1,1920,1080,640,360,ultra-performance,0.002900000,0.035700000,0.311800000,0.821800000,0.022700000,0.175800000,0.787800000,0.213300000,2.666600000,2.663700000,2.371800000,0.294800000,0.005800000,0.029300000,0.013700000,0.261500000,0.292200000,0.292700000,0.101600000,0.004500000,0.712700000,84,0,103,3,7,0.001900000,0.004800000,0.002300000,0.021000000,0.004200000,0.000800000,0.514000000,0.027900000,0.078400000,0.013200000,0.006000000,0.101800000,0.000200000,0.000000000,0.004900000,0.781400000,0.006400000,3,1,7,7,3,,0.228400000,0.005600000,0.317000000,0.084400000,0.019100000,0.057100000,true,true,0.029600000,0.167100000,0.010700000,0.005300000,0.010800000,103,103,0
806,2,1,1920,1080,640,360,ultra-performance,0.002700000,0.040500000,0.479900000,0.899500000,0.022800000,0.276800000,1.052500000,0.253300000,3.411400000,3.408700000,3.028000000,0.383400000,0.007400000,0.038300000,0.018100000,0.414700000,0.381100000,0.381700000,0.102400000,0.005500000,0.788500000,84,0,103,3,7,0.001800000,0.005900000,0.001700000,0.004800000,0.004200000,0.001300000,0.555700000,0.030500000,0.141700000,0.018400000,0.007500000,0.267200000,0.000100000,0.000000000,0.003800000,1.044600000,0.007900000,3,1,7,7,3,,0.246300000,0.006000000,0.311300000,0.085900000,0.018500000,0.119600000,true,true,0.041600000,0.170100000,0.011100000,0.006500000,0.012000000,103,103,0
807,0,1,1920,1080,640,360,ultra-performance,0.003400000,0.042700000,0.310300000,0.827300000,0.023400000,0.172400000,0.933000000,0.327000000,2.937700000,2.934300000,2.639500000,0.298200000,0.006700000,0.034900000,0.017300000,0.250400000,0.295300000,0.295700000,0.092400000,0.005200000,0.727200000,84,0,103,3,7,0.002000000,0.004500000,0.001700000,0.004800000,0.003400000,0.000800000,0.567700000,0.026000000,0.140300000,0.013900000,0.006200000,0.148000000,0.000100000,0.000000000,0.005600000,0.925000000,0.008000000,3,1,7,7,3,,0.252300000,0.006200000,0.312500000,0.074500000,0.019900000,0.061100000,true,true,0.036600000,0.184800000,0.010000000,0.005600000,0.010400000,103,103,0
808,1,1,1920,1080,640,360,ultra-performance,0.003000000,0.042200000,0.341100000,0.895200000,0.023300000,0.200600000,0.747700000,0.266300000,2.838200000,2.835200000,2.519400000,0.318800000,0.006700000,0.039100000,0.019700000,0.274600000,0.316300000,0.316600000,0.105800000,0.005900000,0.780500000,84,0,103,3,7,0.002000000,0.005400000,0.001900000,0.005400000,0.003400000,0.000600000,0.556100000,0.022400000,0.032700000,0.009900000,0.005400000,0.092200000,0.000200000,0.000000000,0.004100000,0.741700000,0.006000000,3,1,7,7,3,,0.262900000,0.006100000,0.338500000,0.089900000,0.020600000,0.061500000,true,true,0.040600000,0.186700000,0.011600000,0.006000000,0.012900000,103,103,0
809,2,1,1920,1080,640,360,ultra-performance,0.003300000,0.045900000,0.319500000,0.854000000,0.025300000,0.184900000,0.729000000,0.246000000,2.730600000,2.727300000,2.407900000,0.322700000,0.005500000,0.031400000,0.017300000,0.263900000,0.321300000,0.321600000,0.100500000,0.004800000,0.745700000,84,0,103,3,7,0.002000000,0.004700000,0.002200000,0.004600000,0.003300000,0.000600000,0.387100000,0.029300000,0.159500000,0.010800000,0.005200000,0.111000000,0.000000000,0.000000000,0.003700000,0.724000000,0.005000000,3,1,7,7,3,,0.250600000,0.006200000,0.331200000,0.078300000,0.018600000,0.060000000,true,true,0.034900000,0.183400000,0.010700000,0.005300000,0.011200000,103,103,0
810,0,1,1920,1080,640,360,ultra-performance,0.002600000,0.028300000,0.187300000,0.513900000,0.016200000,0.125300000,0.789800000,0.219000000,2.055600000,2.053000000,1.882400000,0.173200000,0.004500000,0.020500000,0.009700000,0.151600000,0.170700000,0.171000000,0.056400000,0.003200000,0.452500000,84,0,103,3,7,0.001500000,0.003800000,0.001200000,0.003600000,0.005100000,0.000900000,0.303900000,0.030500000,0.293800000,0.014200000,0.005800000,0.111800000,0.000000000,0.000000000,0.004400000,0.780500000,0.009300000,3,1,7,7,3,,0.151200000,0.004300000,0.190000000,0.057700000,0.013300000,0.035500000,true,true,0.019200000,0.109900000,0.006900000,0.004500000,0.007400000,103,103,0
811,1,1,1920,1080,640,360,ultra-performance,0.002800000,0.036200000,0.267500000,0.654800000,0.019200000,0.136900000,0.634100000,0.193600000,2.175400000,2.172600000,1.945100000,0.230300000,0.007100000,0.031400000,0.012400000,0.215600000,0.228200000,0.228800000,0.062700000,0.004700000,0.585200000,84,0,103,3,7,0.001600000,0.004400000,0.001200000,0.004600000,0.002200000,0.000400000,0.505000000,0.019100000,0.006800000,0.005800000,0.003300000,0.071600000,0.000100000,0.000000000,0.003100000,0.629200000,0.004900000,3,1,7,7,3,,0.172100000,0.004900000,0.277300000,0.075000000,0.015400000,0.039500000,true,true,0.034800000,0.110400000,0.008900000,0.005500000,0.009400000,103,103,0
812,2,1,1920,1080,640,360,ultra-performance,0.002300000,0.032600000,0.177100000,0.512500000,0.019300000,0.122600000,1.060300000,0.383300000,2.476900000,2.474600000,2.310000000,0.166900000,0.004900000,0.023300000,0.011200000,0.136900000,0.163400000,0.163700000,0.053600000,0.003600000,0.453500000,84,0,103,3,7,0.001500000,0.003300000,0.001100000,0.003300000,0.007900000,0.001700000,0.703900000,0.040900000,0.048800000,0.025200000,0.012700000,0.186800000,0.000100000,0.000000000,0.010600000,1.047800000,0.012500000,3,1,7,7,3,,0.152600000,0.004100000,0.191600000,0.057200000,0.012700000,0.034800000,true,true,0.028000000,0.101500000,0.007700000,0.004400000,0.007900000,103,103,0
813,0,1,1920,1080,640,360,ultra-performance,0.003600000,0.043100000,0.329000000,0.679100000,0.024700000,0.149900000,0.877900000,0.242800000,2.641200000,2.637600000,2.350100000,0.291100000,0.006400000,0.035500000,0.019300000,0.266800000,0.283700000,0.284100000,0.106100000,0.004200000,0.566200000,84,0,103,3,7,0.002000000,0.004700000,0.002400000,0.005000000,0.003500000,0.000800000,0.539300000,0.027100000,0.057900000,0.009900000,0.005800000,0.209100000,0.000000000,0.000000000,0.003800000,0.871300000,0.006600000,3,1,7,7,3,,0.162900000,0.004200000,0.241300000,0.081100000,0.018700000,0.057400000,true,true,0.027800000,0.110400000,0.008100000,0.004500000,0.008900000,103,103,0
814,1,1,1920,1080,640,360,ultra-performance,0.002500000,0.032900000,0.277500000,0.787600000,0.021300000,0.184400000,0.936900000,0.242800000,2.779500000,2.777000000,2.485900000,0.293600000,0.004200000,0.023200000,0.013200000,0.235600000,0.291800000,0.292100000,0.092900000,0.004400000,0.687600000,84,0,103,3,7,0.001600000,0.004000000,0.001600000,0.004200000,0.004100000,0.000900000,0.624900000,0.033600000,0.126200000,0.012600000,0.006700000,0.105500000,0.000000000,0.000000000,0.003700000,0.929600000,0.007300000,3,1,7,7,3,,0.234800000,0.005700000,0.296400000,0.078400000,0.018000000,0.053600000,true,true,0.028700000,0.174500000,0.010100000,0.004800000,0.011200000,103,103,0
815,2,1,1920,1080,640,360,ultra-performance,0.002500000,0.043100000,0.272200000,0.608000000,0.016500000,0.116300000,0.733800000,0.263700000,2.259600000,2.257100000,2.056100000,0.203500000,0.004200000,0.024500000,0.013200000,0.229400000,0.200700000,0.201100000,0.078200000,0.003500000,0.524300000,84,0,103,3,7,0.001400000,0.003300000,0.001200000,0.003800000,0.005000000,0.001200000,0.500300000,0.026200000,0.026700000,0.011300000,0.006300000,0.133000000,0.000000000,0.000000000,0.005400000,0.725100000,0.008700000,3,1,7,7,3,,0.165900000,0.006100000,0.248700000,0.053500000,0.013400000,0.035900000,true,true,0.020400000,0.115000000,0.010700000,0.004900000,0.010200000,103,103,0
816,0,1,1920,1080,640,360,ultra-performance,0.003900000,0.042100000,0.291000000,0.804400000,0.022000000,0.172500000,0.748700000,0.213200000,2.553900000,2.550000000,2.297800000,0.256100000,0.008800000,0.044300000,0.015900000,0.220700000,0.254000000,0.254400000,0.090600000,0.010600000,0.700400000,84,0,103,3,7,0.001800000,0.005000000,0.001800000,0.004500000,0.004100000,0.000900000,0.504200000,0.025000000,0.040100000,0.011400000,0.006100000,0.132400000,0.000300000,0.000000000,0.004600000,0.742200000,0.006500000,3,1,7,7,3,,0.250700000,0.006000000,0.283000000,0.089400000,0.018100000,0.052300000,true,true,0.052500000,0.157000000,0.016700000,0.008500000,0.012200000,103,103,0
817,1,1,1920,1080,640,360,ultra-performance,0.002100000,0.025000000,0.208800000,0.766600000,0.021500000,0.162400000,0.948600000,0.218500000,2.530900000,2.528800000,2.353500000,0.177400000,0.004200000,0.021000000,0.021500000,0.161400000,0.175800000,0.175900000,0.059400000,0.002900000,0.701100000,84,0,103,3,7,0.001800000,0.003900000,0.002200000,0.005000000,0.003000000,0.000600000,0.540400000,0.018400000,0.163900000,0.010100000,0.005700000,0.183700000,0.000000000,0.000000000,0.004100000,0.942800000,0.005800000,3,1,7,7,3,,0.227200000,0.005300000,0.323200000,0.071100000,0.017400000,0.056400000,true,true,0.020400000,0.176600000,0.010700000,0.004500000,0.010200000,103,103,0
818,2,1,1920,1080,640,360,ultra-performance,0.002400000,0.031100000,0.296900000,0.776900000,0.017600000,0.152700000,0.833000000,0.199200000,2.617300000,2.614900000,2.309800000,0.307500000,0.004000000,0.027000000,0.015400000,0.249700000,0.306100000,0.306200000,0.094100000,0.003400000,0.676100000,84,0,103,3,7,0.001900000,0.003600000,0.001600000,0.003800000,0.003100000,0.000600000,0.475700000,0.019600000,0.208200000,0.009400000,0.005200000,0.091100000,0.000000000,0.000000000,0.003700000,0.827500000,0.005500000,3,1,7,7,3,,0.228600000,0.004600000,0.309700000,0.060600000,0.016800000,0.055200000,true,true,0.027900000,0.174500000,0.008200000,0.004000000,0.009400000,103,103,0
819,0,1,1920,1080,640,360,ultra-performance,0.002300000,0.031300000,0.314400000,0.765800000,0.019600000,0.150600000,0.766700000,0.247100000,2.613200000,2.610900000,2.297800000,0.315400000,0.003600000,0.026700000,0.014800000,0.268800000,0.314200000,0.314300000,0.093500000,0.002600000,0.666800000,84,0,103,3,7,0.002000000,0.003400000,0.001800000,0.004400000,0.002800000,0.000500000,0.467400000,0.018200000,0.148200000,0.009300000,0.004700000,0.094800000,0.000000000,0.000000000,0.003900000,0.761400000,0.005300000,3,1,7,7,3,,0.218000000,0.004500000,0.312000000,0.059400000,0.017000000,0.055300000,true,true,0.024700000,0.167400000,0.008300000,0.004000000,0.009100000,103,103,0
820,1,1,1920,1080,640,360,ultra-performance,0.002100000,0.028200000,0.298600000,0.751200000,0.016100000,0.145900000,0.858900000,0.279600000,2.698800000,2.696700000,2.380600000,0.318200000,0.003500000,0.025200000,0.015400000,0.253800000,0.316800000,0.317000000,0.094600000,0.002800000,0.651000000,84,0,103,3,7,0.002000000,0.003400000,0.001600000,0.004700000,0.003300000,0.000400000,0.491600000,0.015100000,0.180900000,0.008800000,0.005800000,0.131600000,0.000100000,0.000000000,0.004000000,0.853300000,0.005600000,3,1,7,7,3,,0.216900000,0.004500000,0.303300000,0.055800000,0.015800000,0.054000000,true,true,0.024700000,0.166100000,0.008200000,0.004100000,0.009500000,103,103,0
821,2,1,1920,1080,640,360,ultra-performance,0.002100000,0.025300000,0.296700000,0.860900000,0.015800000,0.145600000,0.865000000,0.296600000,2.821400000,2.819300000,2.508000000,0.313400000,0.003300000,0.025800000,0.014900000,0.252200000,0.311800000,0.311900000,0.186500000,0.003000000,0.668600000,84,0,103,3,7,0.001700000,0.003300000,0.001800000,0.004000000,0.002900000,0.000500000,0.559500000,0.015300000,0.100300000,0.007600000,0.004500000,0.154300000,0.000000000,0.000000000,0.004000000,0.859700000,0.005300000,3,1,7,7,3,,0.216400000,0.004300000,0.321700000,0.054800000,0.015900000,0.054700000,true,true,0.025500000,0.165700000,0.007800000,0.003900000,0.009100000,103,103,0
822,0,1,1920,1080,640,360,ultra-performance,0.003500000,0.037600000,0.569500000,0.752400000,0.015500000,0.141000000,0.708200000,0.197800000,2.785500000,2.782000000,2.425500000,0.360000000,0.006300000,0.047000000,0.028200000,0.487100000,0.353100000,0.353300000,0.093200000,0.002700000,0.653800000,84,0,103,3,7,0.001700000,0.003600000,0.001700000,0.004100000,0.002400000,0.000400000,0.550600000,0.015200000,0.002000000,0.008300000,0.005300000,0.104400000,0.000100000,0.000000000,0.003800000,0.703600000,0.004600000,3,1,7,7,3,,0.225100000,0.004400000,0.299200000,0.054000000,0.015600000,0.054900000,true,true,0.024700000,0.175300000,0.007600000,0.003900000,0.009400000,103,103,0
823,1,1,1920,1080,640,360,ultra-performance,0.002100000,0.023800000,0.295800000,0.745000000,0.015900000,0.148300000,0.790400000,0.304400000,2.824900000,2.822800000,2.325700000,0.499200000,0.003400000,0.025000000,0.014700000,0.252200000,0.321700000,0.321900000,0.094300000,0.002700000,0.645200000,84,0,103,3,7,0.002000000,0.003300000,0.001700000,0.004200000,0.005000000,0.001100000,0.448200000,0.020600000,0.163500000,0.013900000,0.006600000,0.108000000,0.000000000,0.000000000,0.004600000,0.782700000,0.007700000,3,1,7,7,3,,0.214300000,0.004400000,0.303000000,0.053100000,0.015700000,0.054000000,true,true,0.024100000,0.165400000,0.007500000,0.003900000,0.009100000,103,103,0
824,2,1,1920,1080,640,360,ultra-performance,0.003300000,0.041600000,0.272400000,0.874600000,0.056800000,0.583800000,1.128300000,0.225000000,3.355800000,3.352500000,3.185800000,0.170000000,0.008400000,0.037600000,0.012600000,0.212900000,0.167300000,0.167600000,0.066800000,0.005400000,0.799400000,84,0,103,3,7,0.002100000,0.005400000,0.001600000,0.005600000,0.006700000,0.001500000,0.699100000,0.032700000,0.169900000,0.020000000,0.009100000,0.157100000,0.000100000,0.000000000,0.005700000,1.116600000,0.011700000,3,1,7,7,3,,0.320500000,0.004900000,0.217000000,0.101400000,0.020000000,0.134700000,true,true,0.046200000,0.241800000,0.009700000,0.008600000,0.011100000,103,103,0
825,0,1,1920,1080,640,360,ultra-performance,0.002300000,0.028800000,0.329800000,0.829500000,0.020000000,0.163000000,0.823800000,0.188900000,2.699900000,2.697600000,2.386100000,0.313800000,0.004900000,0.030700000,0.018900000,0.274500000,0.312400000,0.312600000,0.103200000,0.003900000,0.719300000,84,0,103,3,7,0.002400000,0.004100000,0.002300000,0.004600000,0.003300000,0.000600000,0.567400000,0.015400000,0.107300000,0.009600000,0.005600000,0.088800000,0.000100000,0.000000000,0.004300000,0.815800000,0.008000000,3,1,7,7,3,,0.235100000,0.004700000,0.330500000,0.073800000,0.017500000,0.057000000,true,true,0.030200000,0.175200000,0.010000000,0.004100000,0.010900000,103,103,0
826,1,1,1920,1080,640,360,ultra-performance,0.002100000,0.024500000,0.300400000,0.767400000,0.016000000,0.151200000,0.672000000,0.187500000,2.435100000,2.433000000,2.121100000,0.314000000,0.003600000,0.025700000,0.016000000,0.254600000,0.312300000,0.312500000,0.095600000,0.002900000,0.666100000,84,0,103,3,7,0.001900000,0.003300000,0.001700000,0.004100000,0.002700000,0.000500000,0.531400000,0.017500000,0.001700000,0.007200000,0.004600000,0.087400000,0.000000000,0.000000000,0.003700000,0.667700000,0.004300000,3,1,7,7,3,,0.218800000,0.004400000,0.317400000,0.053300000,0.015800000,0.055600000,true,true,0.025200000,0.166900000,0.008500000,0.003600000,0.010300000,103,103,0
827,2,1,1920,1080,640,360,ultra-performance,0.001900000,0.031200000,0.276600000,0.743700000,0.019400000,0.146400000,0.976400000,0.305400000,2.798700000,2.796800000,2.501000000,0.297700000,0.003500000,0.025500000,0.015700000,0.231400000,0.294700000,0.294900000,0.090700000,0.003000000,0.647000000,84,0,103,3,7,0.001900000,0.003900000,0.001700000,0.004900000,0.006200000,0.001100000,0.601300000,0.028300000,0.114900000,0.016700000,0.012800000,0.168100000,0.000100000,0.000000000,0.005600000,0.967500000,0.008900000,3,1,7,7,3,,0.214800000,0.004100000,0.305300000,0.054700000,0.016100000,0.051200000,true,true,0.025800000,0.163500000,0.008700000,0.004300000,0.008700000,103,103,0
828,0,1,1920,1080,640,360,ultra-performance,0.003900000,0.046300000,0.229600000,0.807100000,0.020100000,0.145400000,1.113000000,0.227300000,2.756400000,2.752500000,2.592700000,0.163700000,0.010000000,0.050100000,0.013700000,0.154900000,0.161400000,0.162000000,0.103200000,0.007700000,0.693900000,84,0,103,3,7,0.001700000,0.004600000,0.001200000,0.004500000,0.004100000,0.000800000,0.655300000,0.026100000,0.117100000,0.018400000,0.006400000,0.260200000,0.000200000,0.000000000,0.004300000,1.104900000,0.008100000,3,1,7,7,3,,0.238100000,0.005200000,0.297400000,0.095500000,0.015400000,0.041100000,true,true,0.060200000,0.143900000,0.010800000,0.008600000,0.011200000,103,103,0
829,1,1,1920,1080,640,360,ultra-performance,0.003000000,0.186100000,0.313400000,0.789200000,0.020200000,0.472200000,0.783600000,0.245300000,3.070500000,3.067500000,2.813000000,0.257500000,0.007300000,0.057500000,0.016000000,0.231200000,0.254800000,0.255200000,0.080500000,0.004600000,0.701700000,84,0,103,3,7,0.001700000,0.004200000,0.001800000,0.004300000,0.003300000,0.000800000,0.589400000,0.020700000,0.047700000,0.010100000,0.005100000,0.082200000,0.000000000,0.000000000,0.005400000,0.776700000,0.006900000,3,1,7,7,3,,0.219300000,0.005900000,0.270100000,0.076600000,0.017000000,0.112200000,true,true,0.036200000,0.150700000,0.009900000,0.007700000,0.010700000,103,103,0
830,2,1,1920,1080,640,360,ultra-performance,0.002700000,0.031300000,0.281100000,0.762900000,0.020200000,0.148800000,0.846700000,0.240500000,2.569600000,2.566900000,2.334200000,0.235400000,0.004400000,0.022900000,0.012600000,0.240600000,0.232100000,0.232500000,0.089700000,0.003200000,0.667400000,84,0,103,3,7,0.001700000,0.003900000,0.001600000,0.004900000,0.009300000,0.001600000,0.491500000,0.032500000,0.122300000,0.017000000,0.010800000,0.128800000,0.000100000,0.000000000,0.009000000,0.835000000,0.011700000,3,1,7,7,3,,0.183200000,0.007100000,0.307900000,0.090100000,0.018800000,0.059500000,true,true,0.025300000,0.122400000,0.011100000,0.007000000,0.012300000,103,103,0
831,0,1,1920,1080,640,360,ultra-performance,0.002400000,0.033000000,0.287900000,0.679000000,0.026600000,0.164800000,1.425900000,0.293800000,3.165300000,3.162900000,2.913400000,0.251900000,0.006200000,0.033400000,0.011900000,0.235000000,0.245700000,0.246100000,0.094000000,0.006300000,0.575800000,84,0,103,3,7,0.002000000,0.004000000,0.001300000,0.004500000,0.003600000,0.000500000,0.999200000,0.023600000,0.240600000,0.010900000,0.005700000,0.121700000,0.000000000,0.000000000,0.003400000,1.421000000,0.004900000,3,1,7,7,3,,0.197200000,0.006100000,0.208700000,0.075800000,0.015100000,0.072300000,true,true,0.052000000,0.113800000,0.008700000,0.007200000,0.011100000,103,103,0
832,1,1,1920,1080,640,360,ultra-performance,0.003000000,0.061800000,0.307300000,0.994400000,0.021100000,0.167200000,0.980900000,0.289200000,3.070200000,3.067200000,2.824900000,0.245300000,0.032000000,0.029900000,0.013700000,0.230900000,0.242300000,0.242800000,0.076900000,0.004600000,0.911000000,84,0,103,3,7,0.002000000,0.004100000,0.001600000,0.005100000,0.004600000,0.001100000,0.699600000,0.032500000,0.076700000,0.014800000,0.007900000,0.114800000,0.000000000,0.000000000,0.007200000,0.972000000,0.008900000,3,1,7,7,3,,0.205100000,0.005100000,0.586700000,0.064200000,0.013500000,0.035700000,true,true,0.032400000,0.141400000,0.009500000,0.006700000,0.010500000,103,103,0
833,2,1,1920,1080,640,360,ultra-performance,0.002500000,0.039100000,0.554500000,0.811100000,0.087600000,0.192900000,0.940600000,0.191600000,3.066800000,3.064300000,2.819900000,0.246900000,0.044200000,0.120500000,0.046200000,0.342800000,0.244400000,0.244800000,0.076900000,0.005000000,0.727000000,84,0,103,3,7,0.001700000,0.003700000,0.002000000,0.004200000,0.003800000,0.000500000,0.796300000,0.022300000,0.002600000,0.009400000,0.005300000,0.079600000,0.000100000,0.000000000,0.003700000,0.935200000,0.005400000,3,1,7,7,3,,0.323700000,0.005400000,0.254700000,0.077400000,0.016300000,0.048600000,true,true,0.031600000,0.262500000,0.009400000,0.006500000,0.009100000,103,103,0
834,0,1,1920,1080,640,360,ultra-performance,0.004100000,0.037800000,0.294000000,0.838100000,0.021900000,0.162300000,0.883500000,0.271300000,2.788900000,2.784800000,2.513000000,0.275900000,0.006700000,0.035300000,0.018800000,0.232400000,0.273400000,0.273700000,0.102300000,0.004500000,0.728700000,84,0,103,3,7,0.001900000,0.004300000,0.001500000,0.004800000,0.003200000,0.000500000,0.580300000,0.022900000,0.139000000,0.011300000,0.005500000,0.097800000,0.000100000,0.000000000,0.003700000,0.876800000,0.006700000,3,1,7,7,3,,0.238400000,0.005700000,0.319900000,0.089900000,0.018000000,0.055900000,true,true,0.040900000,0.164300000,0.011300000,0.005900000,0.011300000,103,103,0
835,1,1,1920,1080,640,360,ultra-performance,0.002300000,0.032300000,0.258000000,0.714100000,0.019800000,0.147400000,0.883600000,0.188300000,2.506000000,2.503700000,2.245800000,0.260200000,0.004800000,0.025800000,0.014800000,0.211700000,0.258100000,0.258400000,0.081000000,0.003300000,0.627100000,84,0,103,3,7,0.001600000,0.003600000,0.001400000,0.004300000,0.004600000,0.000800000,0.595600000,0.022500000,0.108200000,0.012700000,0.006500000,0.109900000,0.000200000,0.000000000,0.004300000,0.876200000,0.007400000,3,1,7,7,3,,0.205100000,0.004600000,0.287600000,0.062700000,0.016400000,0.050100000,true,true,0.029500000,0.147700000,0.009200000,0.005300000,0.009500000,103,103,0
836,2,1,1920,1080,640,360,ultra-performance,0.002900000,0.043200000,0.227100000,0.561500000,0.016300000,0.119700000,0.858200000,0.275200000,2.278200000,2.275300000,2.104100000,0.174100000,0.007300000,0.035100000,0.012600000,0.171300000,0.171000000,0.171400000,0.069600000,0.004000000,0.486200000,84,0,103,3,7,0.001200000,0.003700000,0.001100000,0.003400000,0.006300000,0.001200000,0.510000000,0.022800000,0.153400000,0.012900000,0.009500000,0.116000000,0.000000000,0.000000000,0.007600000,0.849100000,0.009100000,3,1,7,7,3,,0.170000000,0.004800000,0.198300000,0.065200000,0.012900000,0.034600000,true,true,0.030600000,0.114700000,0.008000000,0.004900000,0.008600000,103,103,0
837,0,1,1920,1080,640,360,ultra-performance,0.002400000,0.025300000,0.219800000,0.563000000,0.021700000,0.164700000,0.834600000,0.420600000,2.423200000,2.420800000,2.252100000,0.171100000,0.003900000,0.022200000,0.011100000,0.181900000,0.169200000,0.169400000,0.060800000,0.003200000,0.496500000,84,0,103,3,7,0.002100000,0.004000000,0.002000000,0.004700000,0.002800000,0.000500000,0.560600000,0.019800000,0.002200000,0.008300000,0.005200000,0.212400000,0.000100000,0.000000000,0.003900000,0.828600000,0.006000000,3,1,7,7,3,,0.149900000,0.003600000,0.202700000,0.061300000,0.017000000,0.061500000,true,true,0.020500000,0.105800000,0.007200000,0.005000000,0.008500000,103,103,0
838,1,1,1920,1080,640,360,ultra-performance,0.004100000,0.050600000,0.311100000,0.747100000,0.021000000,0.153600000,0.694700000,0.263900000,2.533100000,2.529000000,2.246100000,0.287000000,0.008900000,0.049200000,0.018700000,0.233300000,0.285200000,0.285600000,0.087500000,0.003600000,0.653300000,84,0,103,3,7,0.002200000,0.003600000,0.001700000,0.004500000,0.003100000,0.000700000,0.493300000,0.021000000,0.036100000,0.009000000,0.005000000,0.105800000,0.000100000,0.000000000,0.003800000,0.689900000,0.004800000,3,1,7,7,3,,0.226200000,0.005200000,0.284500000,0.066700000,0.016200000,0.053600000,true,true,0.032700000,0.161800000,0.010900000,0.005400000,0.011200000,103,103,0
839,2,1,1920,1080,640,360,ultra-performance,0.002500000,0.035600000,0.262200000,0.711700000,0.019800000,0.163200000,0.988600000,0.253000000,2.699600000,2.697100000,2.436600000,0.263000000,0.005400000,0.027100000,0.014400000,0.214600000,0.261200000,0.261400000,0.080300000,0.004300000,0.624500000,84,0,103,3,7,0.001800000,0.003900000,0.001500000,0.004200000,0.006900000,0.001900000,0.490600000,0.024000000,0.277700000,0.013600000,0.005900000,0.147100000,0.000100000,0.000000000,0.003200000,0.982400000,0.006200000,3,1,7,7,3,,0.209500000,0.005300000,0.277500000,0.064500000,0.016100000,0.050700000,true,true,0.032100000,0.150100000,0.009300000,0.004700000,0.009000000,103,103,0
840,0,1,1920,1080,640,360,ultra-performance,0.002300000,0.027100000,0.197800000,0.731600000,0.016600000,0.123100000,0.749000000,0.287500000,2.323500000,2.321200000,2.135000000,0.188500000,0.004300000,0.020300000,0.010700000,0.161800000,0.180300000,0.180600000,0.066700000,0.004900000,0.657900000,84,0,103,3,7,0.001300000,0.003300000,0.001200000,0.003900000,0.004200000,0.000700000,0.471100000,0.028000000,0.101100000,0.011400000,0.006600000,0.106200000,0.000200000,0.000000000,0.004000000,0.743200000,0.005800000,3,1,7,7,3,,0.229700000,0.005300000,0.305200000,0.061800000,0.017500000,0.037500000,true,true,0.035600000,0.165400000,0.009500000,0.004800000,0.010500000,103,103,0
841,1,1,1920,1080,640,360,ultra-performance,0.002300000,0.035500000,0.257300000,0.699800000,0.019300000,0.151000000,0.978700000,0.269800000,2.682400000,2.680100000,2.413700000,0.268700000,0.005200000,0.026200000,0.013000000,0.212200000,0.266600000,0.266900000,0.084200000,0.004000000,0.608800000,84,0,103,3,7,0.001700000,0.003800000,0.001700000,0.004200000,0.004000000,0.000700000,0.550000000,0.026700000,0.187700000,0.011200000,0.006300000,0.171400000,0.000100000,0.000000000,0.003600000,0.973100000,0.005600000,3,1,7,7,3,,0.209900000,0.005500000,0.265800000,0.061300000,0.016000000,0.049600000,true,true,0.033600000,0.149500000,0.009400000,0.004600000,0.009300000,103,103,0
842,2,1,1920,1080,640,360,ultra-performance,0.002400000,0.035100000,0.266100000,0.705600000,0.019100000,0.151800000,0.763200000,0.244100000,2.468900000,2.466500000,2.187400000,0.281500000,0.004600000,0.026200000,0.013900000,0.220500000,0.279800000,0.280100000,0.083900000,0.003400000,0.615700000,84,0,103,3,7,0.001800000,0.003600000,0.001600000,0.003800000,0.003000000,0.000500000,0.473200000,0.021000000,0.084900000,0.011000000,0.005100000,0.145700000,0.000100000,0.000000000,0.003500000,0.758800000,0.004400000,3,1,7,7,3,,0.218800000,0.005000000,0.264600000,0.061600000,0.015700000,0.049100000,true,true,0.029500000,0.161700000,0.009500000,0.004700000,0.009500000,103,103,0
843,0,1,1920,1080,640,360,ultra-performance,0.002100000,0.032800000,0.259200000,0.671600000,0.018500000,0.138800000,0.675100000,0.263600000,2.335000000,2.332900000,2.061700000,0.273300000,0.003700000,0.023800000,0.012700000,0.218100000,0.271700000,0.271900000,0.080800000,0.002900000,0.585500000,84,0,103,3,7,0.001700000,0.003500000,0.001700000,0.003900000,0.003300000,0.000500000,0.491300000,0.017600000,0.034000000,0.008600000,0.005200000,0.094200000,0.000100000,0.000000000,0.003800000,0.669400000,0.005700000,3,1,7,7,3,,0.197300000,0.004700000,0.263900000,0.056500000,0.015700000,0.046700000,true,true,0.026900000,0.145200000,0.008300000,0.004400000,0.008800000,103,103,0
844,1,1,1920,1080,640,360,ultra-performance,0.002200000,0.029700000,0.271100000,0.698400000,0.017700000,0.160900000,0.776100000,0.218600000,2.453600000,2.451400000,2.174700000,0.278900000,0.003800000,0.023600000,0.013100000,0.229700000,0.277400000,0.277600000,0.083900000,0.003600000,0.608400000,84,0,103,3,7,0.001800000,0.003700000,0.001600000,0.003800000,0.003800000,0.000600000,0.472700000,0.023300000,0.137200000,0.010400000,0.006300000,0.101400000,0.000200000,0.000000000,0.003600000,0.770400000,0.005700000,3,1,7,7,3,,0.208100000,0.004500000,0.272200000,0.057900000,0.015500000,0.049400000,true,true,0.025900000,0.156000000,0.009100000,0.003800000,0.009200000,103,103,0
845,2,1,1920,1080,640,360,ultra-performance,0.002400000,0.029800000,0.259900000,0.696200000,0.018300000,0.148600000,0.790100000,0.230200000,2.447600000,2.445200000,2.175500000,0.272100000,0.004600000,0.024100000,0.013800000,0.216700000,0.270400000,0.270600000,0.090300000,0.002900000,0.600500000,84,0,103,3,7,0.001500000,0.003400000,0.001700000,0.003700000,0.003700000,0.000500000,0.483400000,0.018400000,0.149800000,0.008900000,0.005000000,0.100800000,0.000100000,0.000000000,0.003700000,0.784600000,0.005500000,3,1,7,7,3,,0.204600000,0.004700000,0.266800000,0.058100000,0.016100000,0.049100000,true,true,0.027600000,0.151300000,0.009000000,0.004200000,0.008900000,103,103,0
846,0,1,1920,1080,640,360,ultra-performance,0.002300000,0.028800000,0.255800000,0.749100000,0.018400000,0.139400000,0.832500000,0.229100000,2.537900000,2.535600000,2.255400000,0.282500000,0.003600000,0.023400000,0.011800000,0.216000000,0.280600000,0.280900000,0.082900000,0.003000000,0.660300000,84,0,103,3,7,0.001900000,0.003500000,0.001400000,0.003800000,0.004300000,0.000800000,0.544100000,0.024000000,0.101900000,0.011000000,0.005900000,0.120000000,0.000100000,0.000000000,0.003900000,0.826600000,0.005900000,3,1,7,7,3,,0.201000000,0.005200000,0.333800000,0.055700000,0.015300000,0.048500000,true,true,0.026700000,0.150600000,0.007700000,0.003500000,0.008700000,103,103,0
847,1,1,1920,1080,640,360,ultra-performance,0.002100000,0.029700000,0.275900000,0.697300000,0.017700000,0.152100000,0.821700000,0.231000000,2.514500000,2.512400000,2.227500000,0.287000000,0.004300000,0.030300000,0.012100000,0.228500000,0.285600000,0.285700000,0.083100000,0.003400000,0.608400000,84,0,103,3,7,0.001600000,0.003600000,0.001400000,0.003900000,0.003000000,0.000600000,0.564200000,0.018600000,0.112700000,0.009400000,0.005100000,0.088800000,0.000100000,0.000000000,0.003600000,0.816600000,0.005100000,3,1,7,7,3,,0.208700000,0.004800000,0.272600000,0.058700000,0.015200000,0.047700000,true,true,0.026800000,0.155400000,0.008600000,0.004700000,0.009300000,103,103,0
848,2,1,1920,1080,640,360,ultra-performance,0.002200000,0.029200000,0.267100000,0.708900000,0.017200000,0.144100000,0.858900000,0.226900000,2.530800000,2.528600000,2.254500000,0.276300000,0.003900000,0.024800000,0.013200000,0.224400000,0.274600000,0.274900000,0.083000000,0.003000000,0.620400000,84,0,103,3,7,0.001700000,0.003500000,0.001500000,0.004000000,0.003300000,0.000500000,0.562300000,0.018400000,0.118400000,0.009000000,0.005200000,0.122100000,0.000100000,0.000000000,0.003400000,0.853400000,0.005500000,3,1,7,7,3,,0.203000000,0.005000000,0.287100000,0.058500000,0.015400000,0.050600000,true,true,0.027100000,0.150600000,0.008300000,0.004300000,0.008800000,103,103,0
849,0,1,1920,1080,640,360,ultra-performance,0.002600000,0.031400000,0.276100000,0.738200000,0.019600000,0.150900000,0.759000000,0.296400000,2.551500000,2.548900000,2.274200000,0.277300000,0.004100000,0.026000000,0.014700000,0.230700000,0.271100000,0.271300000,0.085000000,0.003300000,0.647700000,84,0,103,3,7,0.001700000,0.003600000,0.001700000,0.004100000,0.004300000,0.000800000,0.554700000,0.025000000,0.030300000,0.012000000,0.006400000,0.102700000,0.000000000,0.000000000,0.004600000,0.751900000,0.007100000,3,1,7,7,3,,0.215200000,0.004700000,0.288600000,0.057400000,0.016400000,0.064600000,true,true,0.027700000,0.161100000,0.009300000,0.004600000,0.008800000,103,103,0
850,1,1,1920,1080,640,360,ultra-performance,0.003400000,0.044100000,0.256700000,0.811400000,0.018700000,0.155700000,0.896800000,0.185100000,2.568100000,2.564700000,2.371900000,0.196200000,0.009100000,0.048600000,0.014600000,0.183000000,0.194400000,0.194900000,0.088300000,0.005100000,0.715800000,84,0,103,3,7,0.001700000,0.004800000,0.001600000,0.005300000,0.003400000,0.000500000,0.463300000,0.024800000,0.238200000,0.010300000,0.004500000,0.130200000,0.000100000,0.000000000,0.003300000,0.892000000,0.004800000,3,1,7,7,3,,0.253100000,0.006000000,0.294200000,0.098800000,0.018600000,0.044200000,true,true,0.051900000,0.165300000,0.011300000,0.006500000,0.013700000,103,103,0
851,2,1,1920,1080,640,360,ultra-performance,0.002300000,0.037700000,0.179300000,0.553800000,0.020400000,0.123600000,0.890400000,0.291200000,2.268100000,2.265800000,2.098700000,0.169400000,0.005400000,0.022800000,0.009500000,0.140700000,0.167300000,0.167700000,0.054800000,0.003800000,0.493300000,84,0,103,3,7,0.001400000,0.003700000,0.001100000,0.003300000,0.002700000,0.000600000,0.625400000,0.031700000,0.022900000,0.012800000,0.007100000,0.162900000,0.000100000,0.000000000,0.005000000,0.880700000,0.009700000,3,1,7,7,3,,0.153500000,0.004000000,0.207900000,0.063900000,0.015300000,0.047900000,true,true,0.027900000,0.102400000,0.007800000,0.005000000,0.007500000,103,103,0
852,0,1,1920,1080,640,360,ultra-performance,0.003000000,0.033200000,0.212600000,0.681800000,0.019800000,0.159100000,0.964400000,0.327300000,2.576000000,2.573000000,2.401200000,0.174800000,0.006800000,0.028800000,0.011000000,0.165100000,0.171700000,0.172200000,0.065600000,0.003900000,0.610100000,84,0,103,3,7,0.002200000,0.004600000,0.002100000,0.005500000,0.008400000,0.001500000,0.524400000,0.035100000,0.190400000,0.018100000,0.008200000,0.145900000,0.000100000,0.000000000,0.007800000,0.954300000,0.010100000,3,1,7,7,3,,0.191200000,0.004900000,0.256500000,0.085600000,0.020500000,0.050200000,true,true,0.039900000,0.123900000,0.008200000,0.005700000,0.010500000,103,103,0
853,1,1,1920,1080,640,360,ultra-performance,0.002600000,0.032200000,0.180300000,0.573600000,0.016500000,0.119000000,0.843900000,0.163100000,2.086100000,2.083500000,1.931200000,0.154900000,0.005700000,0.023200000,0.010900000,0.139700000,0.153100000,0.153400000,0.056900000,0.003000000,0.511800000,84,0,103,3,7,0.001500000,0.003300000,0.001400000,0.003600000,0.003400000,0.000700000,0.567100000,0.025800000,0.087700000,0.015200000,0.006700000,0.115500000,0.000100000,0.000000000,0.003800000,0.835800000,0.008100000,3,1,7,7,3,,0.206800000,0.004500000,0.195300000,0.058300000,0.012500000,0.033600000,true,true,0.029800000,0.146800000,0.008900000,0.005900000,0.010200000,103,103,0
854,2,1,1920,1080,640,360,ultra-performance,0.001700000,0.026200000,0.161300000,0.583000000,0.017600000,0.128400000,0.703400000,0.333200000,2.146300000,2.144600000,1.954800000,0.191500000,0.003900000,0.016700000,0.009200000,0.130800000,0.189200000,0.189600000,0.067700000,0.004600000,0.508400000,84,0,103,3,7,0.001600000,0.003300000,0.001300000,0.004200000,0.004200000,0.000700000,0.503100000,0.023400000,0.035300000,0.013200000,0.005200000,0.095800000,0.000100000,0.000000000,0.004900000,0.696300000,0.007100000,3,1,7,7,3,,0.136800000,0.003400000,0.248500000,0.057900000,0.015500000,0.045500000,true,true,0.020800000,0.094300000,0.007200000,0.004600000,0.007300000,103,103,0
855,0,1,1920,1080,640,360,ultra-performance,0.003900000,0.053100000,0.297100000,0.787400000,0.024200000,0.144800000,0.770200000,0.389500000,2.741400000,2.737500000,2.470200000,0.271200000,0.009300000,0.034800000,0.013600000,0.238600000,0.268900000,0.269400000,0.092200000,0.006900000,0.685100000,84,0,103,3,7,0.001700000,0.004000000,0.001300000,0.004300000,0.005700000,0.000700000,0.506700000,0.024300000,0.062100000,0.011400000,0.006300000,0.131000000,0.000300000,0.000000000,0.004300000,0.764100000,0.006100000,3,1,7,7,3,,0.235500000,0.004800000,0.270700000,0.094900000,0.018700000,0.059300000,true,true,0.040300000,0.166000000,0.008500000,0.006700000,0.010900000,103,103,0
856,1,1,1920,1080,640,360,ultra-performance,0.003800000,0.040000000,0.312100000,0.647900000,0.021200000,0.159100000,0.816500000,0.274500000,2.561100000,2.557300000,2.275100000,0.286000000,0.006500000,0.036500000,0.016700000,0.251600000,0.283900000,0.284200000,0.093800000,0.005800000,0.545900000,84,0,103,3,7,0.002000000,0.004300000,0.001500000,0.004700000,0.003300000,0.000600000,0.524000000,0.020500000,0.140500000,0.007500000,0.004500000,0.093700000,0.000100000,0.000000000,0.004400000,0.811600000,0.004900000,3,1,7,7,3,,0.196300000,0.004600000,0.198500000,0.075600000,0.017000000,0.053300000,true,true,0.037000000,0.130400000,0.009300000,0.004900000,0.010800000,103,103,0
857,2,1,1920,1080,640,360,ultra-performance,0.003100000,0.038800000,0.274300000,0.729600000,0.021900000,0.155500000,0.745000000,0.375000000,2.624500000,2.621400000,2.343200000,0.281300000,0.004700000,0.026600000,0.015700000,0.226200000,0.278300000,0.278600000,0.083200000,0.003800000,0.640100000,84,0,103,3,7,0.001600000,0.004600000,0.001900000,0.004300000,0.005300000,0.000900000,0.462200000,0.026900000,0.060700000,0.009700000,0.006500000,0.146800000,0.000100000,0.000000000,0.006600000,0.738100000,0.006900000,3,1,7,7,3,,0.210700000,0.005400000,0.270300000,0.069900000,0.016500000,0.066500000,true,true,0.029500000,0.153500000,0.009200000,0.004800000,0.009800000,103,103,0
858,0,1,1920,1080,640,360,ultra-performance,0.003800000,0.045500000,0.385300000,0.749700000,0.031700000,0.180000000,0.769800000,0.249500000,2.691000000,2.687200000,2.415300000,0.275700000,0.007300000,0.047000000,0.025200000,0.305000000,0.268400000,0.268700000,0.083500000,0.003800000,0.660000000,84,0,103,3,7,0.001700000,0.004300000,0.001800000,0.004300000,0.003900000,0.000500000,0.581900000,0.021200000,0.027300000,0.009800000,0.005600000,0.097600000,0.000200000,0.000000000,0.003700000,0.763800000,0.006000000,3,1,7,7,3,,0.214400000,0.005100000,0.277800000,0.084500000,0.017800000,0.059400000,true,true,0.026500000,0.160900000,0.008600000,0.004600000,0.009700000,103,103,0
859,1,1,1920,1080,640,360,ultra-performance,0.002500000,0.032400000,0.264200000,0.698300000,0.031800000,0.160300000,0.937900000,0.238200000,2.642000000,2.639500000,2.365600000,0.276400000,0.004300000,0.025100000,0.013300000,0.220900000,0.274700000,0.274900000,0.082800000,0.003300000,0.609600000,84,0,103,3,7,0.001700000,0.003800000,0.001500000,0.004200000,0.003300000,0.000400000,0.620800000,0.020700000,0.124000000,0.010500000,0.005300000,0.131200000,0.000100000,0.000000000,0.003800000,0.931300000,0.006600000,3,1,7,7,3,,0.204400000,0.005400000,0.269900000,0.063600000,0.016300000,0.049500000,true,true,0.027700000,0.149400000,0.009000000,0.004400000,0.010200000,103,103,0
860,2,1,1920,1080,640,360,ultra-performance,0.003000000,0.031600000,0.267900000,0.704300000,0.018300000,0.154100000,0.662700000,0.242000000,2.360000000,2.357000000,2.083900000,0.276100000,0.004500000,0.024900000,0.012800000,0.225100000,0.274500000,0.274800000,0.083500000,0.003500000,0.614900000,84,0,103,3,7,0.001900000,0.003600000,0.001500000,0.003900000,0.003300000,0.000500000,0.475800000,0.019800000,0.039400000,0.008700000,0.005200000,0.089600000,0.000100000,0.000000000,0.003700000,0.657000000,0.005700000,3,1,7,7,3,,0.203200000,0.005700000,0.277700000,0.062800000,0.016200000,0.048600000,true,true,0.026700000,0.149600000,0.009200000,0.004200000,0.009400000,103,103,0
861,0,1,1920,1080,640,360,ultra-performance,0.002500000,0.033400000,0.266500000,0.691600000,0.018700000,0.148700000,0.714600000,0.220600000,2.370900000,2.368400000,2.096600000,0.274300000,0.003800000,0.025400000,0.013800000,0.222800000,0.272500000,0.272700000,0.081400000,0.002900000,0.604800000,84,0,103,3,7,0.002100000,0.004000000,0.001800000,0.004200000,0.003100000,0.000400000,0.519300000,0.019900000,0.035400000,0.008400000,0.004600000,0.100500000,0.000100000,0.000000000,0.004300000,0.708100000,0.006500000,3,1,7,7,3,,0.177300000,0.004700000,0.292500000,0.061900000,0.016200000,0.051700000,true,true,0.023300000,0.129000000,0.009300000,0.004400000,0.007900000,103,103,0
862,1,1,1920,1080,640,360,ultra-performance,0.002300000,0.034500000,0.271500000,0.724200000,0.031000000,0.157600000,0.801800000,0.231600000,2.541900000,2.539600000,2.254500000,0.287400000,0.004300000,0.024100000,0.013600000,0.228900000,0.285600000,0.286000000,0.088300000,0.003500000,0.630000000,84,0,103,3,7,0.001700000,0.003900000,0.001500000,0.003900000,0.003400000,0.000700000,0.482200000,0.024500000,0.153100000,0.009400000,0.005000000,0.103700000,0.000100000,0.000000000,0.003600000,0.796700000,0.005100000,3,1,7,7,3,,0.216300000,0.005400000,0.276500000,0.061700000,0.017000000,0.052500000,true,true,0.027600000,0.158400000,0.010300000,0.004000000,0.011600000,103,103,0
863,2,1,1920,1080,640,360,ultra-performance,0.002400000,0.028700000,0.192400000,0.713600000,0.019800000,0.156200000,0.971700000,0.319500000,2.644500000,2.642100000,2.404300000,0.240200000,0.004400000,0.020500000,0.010200000,0.156600000,0.236900000,0.237100000,0.065300000,0.003600000,0.642300000,84,0,103,3,7,0.001800000,0.004200000,0.001600000,0.004800000,0.004600000,0.001100000,0.561500000,0.037100000,0.070000000,0.012200000,0.006600000,0.238500000,0.000200000,0.000000000,0.006100000,0.950300000,0.021400000,3,1,7,7,3,,0.221900000,0.005500000,0.284400000,0.062300000,0.016600000,0.051000000,true,true,0.028400000,0.165200000,0.009700000,0.004700000,0.009400000,103,103,0
864,0,1,1920,1080,640,360,ultra-performance,0.002100000,0.029500000,0.193800000,0.575600000,0.021100000,0.169300000,0.848800000,0.230700000,2.327500000,2.325400000,2.070900000,0.256600000,0.003600000,0.019200000,0.013700000,0.156700000,0.254600000,0.254800000,0.077900000,0.002900000,0.492700000,84,0,103,3,7,0.001800000,0.004200000,0.001400000,0.004400000,0.003100000,0.000600000,0.430500000,0.024400000,0.165600000,0.009000000,0.004700000,0.190100000,0.000100000,0.000000000,0.003800000,0.843700000,0.005100000,3,1,7,7,3,,0.176500000,0.005400000,0.194500000,0.065000000,0.013700000,0.037000000,true,true,0.021000000,0.126200000,0.009400000,0.004900000,0.010800000,103,103,0
865,1,1,1920,1080,640,360,ultra-performance,0.002300000,0.034800000,0.257800000,0.685400000,0.019600000,0.147700000,0.807400000,0.220500000,2.452700000,2.450400000,2.175500000,0.277200000,0.004600000,0.024400000,0.013900000,0.214000000,0.275700000,0.275900000,0.082100000,0.003400000,0.597500000,84,0,103,3,7,0.001700000,0.003900000,0.001700000,0.004300000,0.003000000,0.000500000,0.559200000,0.021100000,0.029400000,0.008100000,0.004600000,0.161200000,0.000200000,0.000000000,0.003800000,0.802700000,0.004700000,3,1,7,7,3,,0.199000000,0.005600000,0.263500000,0.062900000,0.017000000,0.048800000,true,true,0.026400000,0.145500000,0.009400000,0.004400000,0.009300000,103,103,0
866,2,1,1920,1080,640,360,ultra-performance,0.002100000,0.035500000,0.267600000,0.675700000,0.019800000,0.161100000,0.691000000,0.247900000,2.370300000,2.368200000,2.100700000,0.269600000,0.003900000,0.023800000,0.014400000,0.224900000,0.268300000,0.268500000,0.080700000,0.003300000,0.589000000,84,0,103,3,7,0.001900000,0.003600000,0.001500000,0.004000000,0.003200000,0.000500000,0.446300000,0.020400000,0.068200000,0.008600000,0.004800000,0.119100000,0.000100000,0.000000000,0.004200000,0.686400000,0.004600000,3,1,7,7,3,,0.196300000,0.004700000,0.264200000,0.057800000,0.015800000,0.049700000,true,true,0.024500000,0.146700000,0.008800000,0.004100000,0.008600000,103,103,0
867,0,1,1920,1080,640,360,ultra-performance,0.002100000,0.029100000,0.264900000,0.703600000,0.020600000,0.151500000,0.722200000,0.241200000,2.414300000,2.412200000,2.135200000,0.279100000,0.004100000,0.024300000,0.013200000,0.222700000,0.277200000,0.277500000,0.083600000,0.003200000,0.614200000,84,0,103,3,7,0.001700000,0.003800000,0.001700000,0.004500000,0.003200000,0.000600000,0.455000000,0.022100000,0.105600000,0.010100000,0.005100000,0.099900000,0.000200000,0.000000000,0.003900000,0.717400000,0.004800000,3,1,7,7,3,,0.201900000,0.004900000,0.279900000,0.059200000,0.015900000,0.051800000,true,true,0.023700000,0.151600000,0.009300000,0.004200000,0.008800000,103,103,0
868,1,1,1920,1080,640,360,ultra-performance,0.002200000,0.032800000,0.266300000,0.689700000,0.018200000,0.143800000,0.827000000,0.202700000,2.458500000,2.456300000,2.182700000,0.275800000,0.004800000,0.026100000,0.013700000,0.220800000,0.269200000,0.269500000,0.084900000,0.003400000,0.599000000,84,0,103,3,7,0.001600000,0.004200000,0.001500000,0.004100000,0.004700000,0.000900000,0.559200000,0.032700000,0.056300000,0.013100000,0.005300000,0.129900000,0.000200000,0.000000000,0.004900000,0.818600000,0.008400000,3,1,7,7,3,,0.201800000,0.004800000,0.268700000,0.058600000,0.015700000,0.048900000,true,true,0.025900000,0.148700000,0.009100000,0.004600000,0.009700000,103,103,0
869,2,1,1920,1080,640,360,ultra-performance,0.002000000,0.032500000,0.204400000,0.689900000,0.023000000,0.170000000,0.991000000,0.635800000,2.917900000,2.915900000,2.748600000,0.169300000,0.006500000,0.028700000,0.012100000,0.156000000,0.165900000,0.166400000,0.062700000,0.004100000,0.617600000,84,0,103,3,7,0.002500000,0.005000000,0.002500000,0.005400000,0.007800000,0.001400000,0.595600000,0.042400000,0.034900000,0.014800000,0.009800000,0.249200000,0.000100000,0.000000000,0.008400000,0.979800000,0.011200000,3,1,7,7,3,,0.170000000,0.005000000,0.280900000,0.093300000,0.017700000,0.049900000,true,true,0.034000000,0.110700000,0.009000000,0.004600000,0.008600000,103,103,0
870,0,1,1920,1080,640,360,ultra-performance,0.002600000,0.041400000,0.266100000,0.585400000,0.021000000,0.152500000,0.930600000,0.299600000,2.489800000,2.487200000,2.299200000,0.190600000,0.006300000,0.038900000,0.014300000,0.205400000,0.188500000,0.188700000,0.059400000,0.003000000,0.520700000,84,0,103,3,7,0.002300000,0.004300000,0.001400000,0.004400000,0.003700000,0.000600000,0.513400000,0.024500000,0.265900000,0.009300000,0.005900000,0.084800000,0.000100000,0.000000000,0.003600000,0.924200000,0.006400000,3,1,7,7,3,,0.189500000,0.005200000,0.215100000,0.051800000,0.012600000,0.045800000,true,true,0.030300000,0.132400000,0.008800000,0.004300000,0.009300000,103,103,0
871,1,1,1920,1080,640,360,ultra-performance,0.002900000,0.040500000,0.317300000,0.929300000,0.025300000,0.188900000,1.007300000,0.388900000,3.152000000,3.149100000,2.900400000,0.251600000,0.007800000,0.040000000,0.017500000,0.251000000,0.248700000,0.249100000,0.105000000,0.006000000,0.815600000,84,0,103,3,7,0.002700000,0.004800000,0.001900000,0.005800000,0.005800000,0.001400000,0.714400000,0.033200000,0.067300000,0.017400000,0.008000000,0.127800000,0.000100000,0.000000000,0.007100000,0.997700000,0.009600000,3,1,7,7,3,,0.282600000,0.006400000,0.348500000,0.093000000,0.021000000,0.063100000,true,true,0.050600000,0.189900000,0.012700000,0.010700000,0.013700000,103,103,0
872,2,1,1920,1080,640,360,ultra-performance,0.002100000,0.027900000,0.219100000,0.529500000,0.015700000,0.113100000,0.852700000,0.314200000,2.232000000,2.229900000,2.074300000,0.157700000,0.005200000,0.022500000,0.011100000,0.179200000,0.155300000,0.155600000,0.069200000,0.003000000,0.455500000,84,0,103,3,7,0.001300000,0.003500000,0.001700000,0.004000000,0.005700000,0.001000000,0.532300000,0.031400000,0.128400000,0.011500000,0.006900000,0.110800000,0.000100000,0.000000000,0.006400000,0.845000000,0.007700000,3,1,7,7,3,,0.146100000,0.003700000,0.188600000,0.067700000,0.013700000,0.035200000,true,true,0.022000000,0.101000000,0.008200000,0.003900000,0.008100000,103,103,0
873,0,1,1920,1080,640,360,ultra-performance,0.003300000,0.038900000,0.296000000,0.793300000,0.022900000,0.168800000,0.757200000,0.173800000,2.523100000,2.519800000,2.254200000,0.268900000,0.006600000,0.032100000,0.016000000,0.240600000,0.266700000,0.267300000,0.096400000,0.005000000,0.689500000,84,0,103,3,7,0.001900000,0.004300000,0.001900000,0.004600000,0.004700000,0.000700000,0.481400000,0.024700000,0.080100000,0.013700000,0.008400000,0.118000000,0.000100000,0.000000000,0.004600000,0.749100000,0.008100000,3,1,7,7,3,,0.245000000,0.005600000,0.290700000,0.077900000,0.017600000,0.051800000,true,true,0.044800000,0.165600000,0.011600000,0.008000000,0.010500000,103,103,0
874,1,1,1920,1080,640,360,ultra-performance,0.002000000,0.031300000,0.252600000,0.589600000,0.016300000,0.152900000,0.757900000,0.160400000,2.116700000,2.114700000,1.963000000,0.153700000,0.005200000,0.026900000,0.015700000,0.204200000,0.152200000,0.152400000,0.058800000,0.003300000,0.525500000,84,0,103,3,7,0.001700000,0.004000000,0.001700000,0.004600000,0.007600000,0.001500000,0.551700000,0.021700000,0.038600000,0.013500000,0.008600000,0.092900000,0.000100000,0.000000000,0.002800000,0.751000000,0.006900000,3,1,7,7,3,,0.149300000,0.006200000,0.219700000,0.087500000,0.017100000,0.044900000,true,true,0.023200000,0.098200000,0.007800000,0.005400000,0.010400000,103,103,0
875,2,1,1920,1080,640,360,ultra-performance,0.001800000,0.026500000,0.227400000,0.665900000,0.018800000,0.149200000,0.703700000,0.448700000,2.404900000,2.403100000,2.242000000,0.162900000,0.004200000,0.025500000,0.012200000,0.184500000,0.161500000,0.161800000,0.092300000,0.002700000,0.568200000,84,0,103,3,7,0.001900000,0.004000000,0.002100000,0.004600000,0.002300000,0.000300000,0.571800000,0.018600000,0.001800000,0.007900000,0.005000000,0.076400000,0.000000000,0.000000000,0.002900000,0.699600000,0.004100000,3,1,7,7,3,,0.192100000,0.004700000,0.247900000,0.057000000,0.015200000,0.050700000,true,true,0.028200000,0.136100000,0.009500000,0.004700000,0.009700000,103,103,0
876,0,1,1920,1080,640,360,ultra-performance,0.003400000,0.042500000,0.306400000,0.848900000,0.022600000,0.173900000,0.768700000,0.331000000,2.764000000,2.760600000,2.497400000,0.266600000,0.008300000,0.042200000,0.018300000,0.236300000,0.264000000,0.264300000,0.095800000,0.006200000,0.744200000,84,0,103,3,7,0.001900000,0.004900000,0.001800000,0.005000000,0.003800000,0.000600000,0.431300000,0.023200000,0.126800000,0.010600000,0.006200000,0.143000000,0.000100000,0.000000000,0.004300000,0.763500000,0.005200000,3,1,7,7,3,,0.264300000,0.005900000,0.304300000,0.089400000,0.019800000,0.059500000,true,true,0.052000000,0.176900000,0.011200000,0.007300000,0.012400000,103,103,0
877,1,1,1920,1080,640,360,ultra-performance,0.002600000,0.037100000,0.273300000,0.760500000,0.022000000,0.165200000,0.816200000,0.307800000,2.669100000,2.666500000,2.384700000,0.284400000,0.006500000,0.033000000,0.017100000,0.215800000,0.271100000,0.271600000,0.086800000,0.005400000,0.665900000,84,0,103,3,7,0.002000000,0.004600000,0.001700000,0.004800000,0.004100000,0.000800000,0.491200000,0.021700000,0.159400000,0.010100000,0.005000000,0.100100000,0.000100000,0.000000000,0.003900000,0.809500000,0.006700000,3,1,7,7,3,,0.238200000,0.005700000,0.274700000,0.077200000,0.017700000,0.051700000,true,true,0.045800000,0.161400000,0.010800000,0.005500000,0.010500000,103,103,0
878,2,1,1920,1080,640,360,ultra-performance,0.002100000,0.039900000,0.259500000,0.720000000,0.020600000,0.152500000,0.783800000,0.253000000,2.493200000,2.491100000,2.231400000,0.261800000,0.005800000,0.030100000,0.014000000,0.208800000,0.259700000,0.260200000,0.079900000,0.004400000,0.633000000,84,0,103,3,7,0.001900000,0.004400000,0.001800000,0.004100000,0.003200000,0.000500000,0.481900000,0.020800000,0.148200000,0.008300000,0.004900000,0.095500000,0.000100000,0.000000000,0.003900000,0.779500000,0.004300000,3,1,7,7,3,,0.220800000,0.005000000,0.261400000,0.073500000,0.016800000,0.054900000,true,true,0.036500000,0.156700000,0.009200000,0.005300000,0.009000000,103,103,0
879,0,1,1920,1080,640,360,ultra-performance,0.002400000,0.033200000,0.255100000,0.709600000,0.017900000,0.155700000,0.744000000,0.272000000,2.461400000,2.459000000,2.189900000,0.271500000,0.004600000,0.026700000,0.013200000,0.209700000,0.269600000,0.270000000,0.083600000,0.003800000,0.620000000,84,0,103,3,7,0.001600000,0.004400000,0.001500000,0.004100000,0.003500000,0.000500000,0.557600000,0.021000000,0.035700000,0.008300000,0.004600000,0.091300000,0.000000000,0.000000000,0.003800000,0.737900000,0.006100000,3,1,7,7,3,,0.213900000,0.005800000,0.266100000,0.067600000,0.016100000,0.049700000,true,true,0.029000000,0.158700000,0.008500000,0.004400000,0.009000000,103,103,0
880,1,1,1920,1080,640,360,ultra-performance,0.002400000,0.033200000,0.262500000,0.696100000,0.032200000,0.150500000,0.893700000,0.248800000,2.587400000,2.585000000,2.319400000,0.268000000,0.004300000,0.026100000,0.014100000,0.217000000,0.266400000,0.266700000,0.080800000,0.003800000,0.609000000,84,0,103,3,7,0.001900000,0.004200000,0.001800000,0.004100000,0.003500000,0.000400000,0.516100000,0.021100000,0.187500000,0.010800000,0.005400000,0.126700000,0.000000000,0.000000000,0.003700000,0.887200000,0.006500000,3,1,7,7,3,,0.208100000,0.005700000,0.263200000,0.064700000,0.016200000,0.050400000,true,true,0.029700000,0.148800000,0.009100000,0.004500000,0.011200000,103,103,0
881,2,1,1920,1080,640,360,ultra-performance,0.002000000,0.034600000,0.262400000,0.743800000,0.018800000,0.150900000,0.735900000,0.239300000,2.455600000,2.453600000,2.187700000,0.267900000,0.004300000,0.024900000,0.012900000,0.219100000,0.265800000,0.266200000,0.082600000,0.004100000,0.654800000,84,0,103,3,7,0.001800000,0.004000000,0.002000000,0.004000000,0.002900000,0.000500000,0.482300000,0.019000000,0.049600000,0.009600000,0.004600000,0.146300000,0.000000000,0.000000000,0.003600000,0.730200000,0.005700000,3,1,7,7,3,,0.267500000,0.004600000,0.257600000,0.062000000,0.015300000,0.046900000,true,true,0.026700000,0.214700000,0.009100000,0.004400000,0.008600000,103,103,0
882,0,1,1920,1080,640,360,ultra-performance,0.001900000,0.028900000,0.266200000,0.685300000,0.018400000,0.148300000,1.001000000,0.260400000,2.677400000,2.675500000,2.410400000,0.267000000,0.003600000,0.024400000,0.013200000,0.224000000,0.263800000,0.263900000,0.080100000,0.003000000,0.599800000,84,0,103,3,7,0.002200000,0.005900000,0.002600000,0.005100000,0.008200000,0.001900000,0.633700000,0.035400000,0.082100000,0.017300000,0.010600000,0.175400000,0.000000000,0.000000000,0.009600000,0.990000000,0.011000000,3,1,7,7,3,,0.190900000,0.004400000,0.278300000,0.061200000,0.015800000,0.048500000,true,true,0.023700000,0.142000000,0.008500000,0.004400000,0.008800000,103,103,0
883,1,1,1920,1080,640,360,ultra-performance,0.003300000,0.039200000,0.286400000,0.803000000,0.024700000,0.170200000,0.970300000,0.425300000,2.980300000,2.977000000,2.722400000,0.257900000,0.007500000,0.038800000,0.018500000,0.220500000,0.254200000,0.254700000,0.088200000,0.005400000,0.707100000,84,0,103,3,7,0.001700000,0.004600000,0.001600000,0.005000000,0.005900000,0.001500000,0.599800000,0.026800000,0.156200000,0.014700000,0.008100000,0.124800000,0.000100000,0.000000000,0.008700000,0.959500000,0.010800000,3,1,7,7,3,,0.241000000,0.006200000,0.292800000,0.097700000,0.018200000,0.050200000,true,true,0.044800000,0.160700000,0.013200000,0.005400000,0.012900000,103,103,0
884,2,1,1920,1080,640,360,ultra-performance,0.002200000,0.030000000,0.285300000,0.725300000,0.019500000,0.149100000,0.950100000,0.218800000,2.650900000,2.648700000,2.380300000,0.270600000,0.004400000,0.028300000,0.014700000,0.236900000,0.269000000,0.269100000,0.089400000,0.003800000,0.629700000,84,0,103,3,7,0.002100000,0.003500000,0.001700000,0.004100000,0.003300000,0.000700000,0.725900000,0.018900000,0.080600000,0.009400000,0.005100000,0.085900000,0.000100000,0.000000000,0.003800000,0.945100000,0.005000000,3,1,7,7,3,,0.210800000,0.005000000,0.280800000,0.067100000,0.015500000,0.049900000,true,true,0.027800000,0.155300000,0.009900000,0.004200000,0.009700000,103,103,0
885,0,1,1920,1080,640,360,ultra-performance,0.002200000,0.028200000,0.262600000,0.672600000,0.018100000,0.157400000,0.801200000,0.235200000,2.444900000,2.442700000,2.177500000,0.267400000,0.008400000,0.026600000,0.012100000,0.214900000,0.265400000,0.265600000,0.081600000,0.003000000,0.585600000,84,0,103,3,7,0.001800000,0.003900000,0.002000000,0.003600000,0.002900000,0.000500000,0.561000000,0.019100000,0.087200000,0.009600000,0.005200000,0.094300000,0.000000000,0.000000000,0.003900000,0.795000000,0.006200000,3,1,7,7,3,,0.193700000,0.004100000,0.266800000,0.056800000,0.015000000,0.048500000,true,true,0.025000000,0.144100000,0.008500000,0.004200000,0.008600000,103,103,0
886,1,1,1920,1080,640,360,ultra-performance,0.002700000,0.036300000,0.259200000,0.675300000,0.018100000,0.143600000,0.865700000,0.207800000,2.483700000,2.481000000,2.208700000,0.275000000,0.004300000,0.027200000,0.012500000,0.214300000,0.273100000,0.273200000,0.080600000,0.002900000,0.589400000,84,0,103,3,7,0.001900000,0.003400000,0.001400000,0.003900000,0.003200000,0.000400000,0.585000000,0.020300000,0.136800000,0.009700000,0.005600000,0.083600000,0.000100000,0.000000000,0.003800000,0.859100000,0.006600000,3,1,7,7,3,,0.193000000,0.004500000,0.272100000,0.055500000,0.015000000,0.048500000,true,true,0.024000000,0.142700000,0.009300000,0.004300000,0.009000000,103,103,0
887,2,1,1920,1080,640,360,ultra-performance,0.002100000,0.029100000,0.259900000,0.660000000,0.017100000,0.152900000,0.868900000,0.342900000,2.600800000,2.598700000,2.332900000,0.267900000,0.003900000,0.025700000,0.013100000,0.216500000,0.265300000,0.265500000,0.081000000,0.002700000,0.573900000,84,0,103,3,7,0.001800000,0.003300000,0.001400000,0.003800000,0.004800000,0.000700000,0.615300000,0.018300000,0.085400000,0.010000000,0.007000000,0.102200000,0.000100000,0.000000000,0.006500000,0.860600000,0.008300000,3,1,7,7,3,,0.191200000,0.004400000,0.262400000,0.053500000,0.014500000,0.047200000,true,true,0.022600000,0.144700000,0.008400000,0.003900000,0.008000000,103,103,0
888,0,1,1920,1080,640,360,ultra-performance,0.003100000,0.041200000,0.372500000,0.672400000,0.016700000,0.137800000,0.726000000,0.205700000,2.447800000,2.444700000,2.175400000,0.272400000,0.006700000,0.041700000,0.025000000,0.298200000,0.271000000,0.271100000,0.082600000,0.002600000,0.584700000,84,0,103,3,7,0.001700000,0.003200000,0.001400000,0.003800000,0.003800000,0.000600000,0.476500000,0.022400000,0.096800000,0.009700000,0.006000000,0.091600000,0.000000000,0.000000000,0.003700000,0.721200000,0.004800000,3,1,7,7,3,,0.199900000,0.004400000,0.260100000,0.051900000,0.014900000,0.052800000,true,true,0.022300000,0.153700000,0.008100000,0.003800000,0.008400000,103,103,0
889,1,1,1920,1080,640,360,ultra-performance,0.001900000,0.032000000,0.258300000,0.672200000,0.018100000,0.149200000,0.772400000,0.223500000,2.410200000,2.408300000,2.127600000,0.282600000,0.004100000,0.023800000,0.013300000,0.216600000,0.280900000,0.281200000,0.081400000,0.002600000,0.585700000,84,0,103,3,7,0.001600000,0.003400000,0.001700000,0.003700000,0.003100000,0.000600000,0.532200000,0.020900000,0.029000000,0.009700000,0.004900000,0.153100000,0.000000000,0.000000000,0.003700000,0.767600000,0.004800000,3,1,7,7,3,,0.199000000,0.004500000,0.264500000,0.055300000,0.015200000,0.046600000,true,true,0.024200000,0.148800000,0.008900000,0.004300000,0.008700000,103,103,0
890,2,1,1920,1080,640,360,ultra-performance,0.002000000,0.031100000,0.258600000,0.658100000,0.017600000,0.143500000,0.963300000,0.309400000,2.650700000,2.648700000,2.383600000,0.267100000,0.003600000,0.023000000,0.013800000,0.217700000,0.264600000,0.264700000,0.081400000,0.002800000,0.571500000,84,0,103,3,7,0.001900000,0.003600000,0.001500000,0.003900000,0.010700000,0.002200000,0.607000000,0.037000000,0.076300000,0.019800000,0.013800000,0.170100000,0.000000000,0.000000000,0.004900000,0.952700000,0.010600000,3,1,7,7,3,,0.194600000,0.004500000,0.256800000,0.053500000,0.014800000,0.046700000,true,true,0.024200000,0.145100000,0.008700000,0.003800000,0.008800000,103,103,0
891,0,1,1920,1080,640,360,ultra-performance,0.004400000,0.050200000,0.222200000,0.611000000,0.018700000,0.134300000,0.889000000,0.266000000,2.353500000,2.349100000,2.195800000,0.157700000,0.009400000,0.046700000,0.016900000,0.148200000,0.155200000,0.155600000,0.064700000,0.005200000,0.539300000,84,0,103,3,7,0.001500000,0.004100000,0.001200000,0.003700000,0.004900000,0.001000000,0.552900000,0.025200000,0.037900000,0.010200000,0.006100000,0.226000000,0.000100000,0.000000000,0.005400000,0.880200000,0.008800000,3,1,7,7,3,,0.190600000,0.004600000,0.214400000,0.077100000,0.013500000,0.038300000,true,true,0.047800000,0.115700000,0.009000000,0.005500000,0.009700000,103,103,0
892,1,1,1920,1080,640,360,ultra-performance,0.002200000,0.036500000,0.311300000,0.818700000,0.021000000,0.166400000,0.744700000,0.315500000,2.721100000,2.718900000,2.416300000,0.304800000,0.005000000,0.031600000,0.015900000,0.257800000,0.302700000,0.302900000,0.101300000,0.004200000,0.710500000,84,0,103,3,7,0.002100000,0.004500000,0.001800000,0.004900000,0.003600000,0.000800000,0.529100000,0.025700000,0.036000000,0.008700000,0.004300000,0.114100000,0.000100000,0.000000000,0.003800000,0.739500000,0.005200000,3,1,7,7,3,,0.236800000,0.005800000,0.322000000,0.070200000,0.018300000,0.056700000,true,true,0.035000000,0.171700000,0.011200000,0.004000000,0.010500000,103,103,0
893,2,1,1920,1080,640,360,ultra-performance,0.002300000,0.035500000,0.272400000,0.703300000,0.021700000,0.122600000,0.645400000,0.219400000,2.300200000,2.297900000,2.022600000,0.277600000,0.004900000,0.027400000,0.014900000,0.224400000,0.276000000,0.276300000,0.083800000,0.004100000,0.612800000,84,0,103,3,7,0.001400000,0.003000000,0.001300000,0.003700000,0.002600000,0.000400000,0.413200000,0.023100000,0.099100000,0.007200000,0.004600000,0.078200000,0.000000000,0.000000000,0.003500000,0.641300000,0.004100000,3,1,7,7,3,,0.224400000,0.003700000,0.239600000,0.076800000,0.017200000,0.050300000,true,true,0.032300000,0.162500000,0.011300000,0.004500000,0.010300000,103,103,0
894,0,1,1920,1080,640,360,ultra-performance,0.002100000,0.027300000,0.180100000,0.491700000,0.014700000,0.110700000,0.614800000,0.185500000,1.794000000,1.791900000,1.626900000,0.167100000,0.003600000,0.019300000,0.009700000,0.146800000,0.165600000,0.165800000,0.054700000,0.002800000,0.432300000,84,0,103,3,7,0.001300000,0.003200000,0.001300000,0.003200000,0.002100000,0.000400000,0.489700000,0.016800000,0.005700000,0.005400000,0.003000000,0.075600000,0.000000000,0.000000000,0.002900000,0.610600000,0.004200000,3,1,7,7,3,,0.139500000,0.003700000,0.194900000,0.047200000,0.012400000,0.034200000,true,true,0.019600000,0.099600000,0.006600000,0.003800000,0.007100000,103,103,0
895,1,1,1920,1080,640,360,ultra-performance,0.001700000,0.024100000,0.168400000,0.469400000,0.014500000,0.108400000,0.873500000,0.364700000,2.209100000,2.207400000,2.024700000,0.184400000,0.003100000,0.017700000,0.009700000,0.137300000,0.182000000,0.182100000,0.053500000,0.002700000,0.411500000,84,0,103,3,7,0.001400000,0.003200000,0.001300000,0.003000000,0.004600000,0.001100000,0.580100000,0.030100000,0.087700000,0.015000000,0.006600000,0.126300000,0.000000000,0.000000000,0.006100000,0.866500000,0.007000000,3,1,7,7,3,,0.135500000,0.003500000,0.181700000,0.044500000,0.012000000,0.033600000,true,true,0.018200000,0.098400000,0.006100000,0.003300000,0.006700000,103,103,0
896,2,1,1920,1080,640,360,ultra-performance,0.002100000,0.026100000,0.171700000,0.476700000,0.014700000,0.109300000,0.952100000,0.237800000,2.160000000,2.157900000,1.990500000,0.169500000,0.003200000,0.018500000,0.009500000,0.139900000,0.167300000,0.167500000,0.053500000,0.002400000,0.418900000,84,0,103,3,7,0.001300000,0.002900000,0.001300000,0.003300000,0.006900000,0.001500000,0.646700000,0.033500000,0.053900000,0.020500000,0.009500000,0.155100000,0.000100000,0.000000000,0.005400000,0.941900000,0.010200000,3,1,7,7,3,,0.135900000,0.003500000,0.185900000,0.045500000,0.013000000,0.034300000,true,true,0.017700000,0.098100000,0.006500000,0.003700000,0.006900000,103,103,0
897,0,1,1920,1080,640,360,ultra-performance,0.002600000,0.037800000,0.272100000,0.685500000,0.024100000,0.180700000,0.747400000,0.188100000,2.294100000,2.291500000,2.138300000,0.155800000,0.008600000,0.041300000,0.015900000,0.205400000,0.153700000,0.154100000,0.061700000,0.004500000,0.616900000,84,0,103,3,7,0.001900000,0.004700000,0.002000000,0.004400000,0.003900000,0.000600000,0.530000000,0.024000000,0.027900000,0.012200000,0.005400000,0.120500000,0.000100000,0.000000000,0.004000000,0.741600000,0.005800000,3,1,7,7,3,,0.224600000,0.004700000,0.213200000,0.098200000,0.018700000,0.056500000,true,true,0.035900000,0.155500000,0.011800000,0.007300000,0.010800000,103,103,0
898,1,1,1920,1080,640,360,ultra-performance,0.002100000,0.029000000,0.180500000,0.598000000,0.015500000,0.129700000,1.046900000,0.418700000,2.579100000,2.577000000,2.420400000,0.158700000,0.005300000,0.022700000,0.018400000,0.133400000,0.155500000,0.155800000,0.056600000,0.003900000,0.535600000,84,0,103,3,7,0.001900000,0.004400000,0.001900000,0.005100000,0.006000000,0.001400000,0.662800000,0.032600000,0.125600000,0.017700000,0.007400000,0.159500000,0.000200000,0.000000000,0.008800000,1.035300000,0.011600000,3,1,7,7,3,,0.202200000,0.008600000,0.221500000,0.056200000,0.012700000,0.033900000,true,true,0.031000000,0.138400000,0.010800000,0.005700000,0.011300000,103,103,0
899,2,1,1920,1080,640,360,ultra-performance,0.002500000,0.032900000,0.290500000,0.767400000,0.022200000,0.149200000,0.823400000,0.229200000,2.584500000,2.582000000,2.317300000,0.267200000,0.005200000,0.036500000,0.017100000,0.231000000,0.265500000,0.265600000,0.088600000,0.003900000,0.672400000,84,0,103,3,7,0.002000000,0.003600000,0.001500000,0.004200000,0.003600000,0.000500000,0.470900000,0.021100000,0.195900000,0.010600000,0.005000000,0.093600000,0.000100000,0.000000000,0.003600000,0.816200000,0.007200000,3,1,7,7,3,,0.229700000,0.005000000,0.290100000,0.079100000,0.016000000,0.051800000,true,true,0.034900000,0.165700000,0.011000000,0.004300000,0.009800000,103,103,0
900,0,1,1920,1080,640,360,ultra-performance,0.002400000,0.033100000,0.260100000,0.699300000,0.020700000,0.148000000,0.831400000,0.248400000,2.518800000,2.516400000,2.243400000,0.275400000,0.004600000,0.025400000,0.015100000,0.214100000,0.273700000,0.273900000,0.082500000,0.003600000,0.610900000,84,0,103,3,7,0.002000000,0.003800000,0.001500000,0.004000000,0.003000000,0.000600000,0.516800000,0.023000000,0.116400000,0.010700000,0.004800000,0.135200000,0.000100000,0.000000000,0.003900000,0.825800000,0.005600000,3,1,7,7,3,,0.207700000,0.005000000,0.271800000,0.059500000,0.016300000,0.049600000,true,true,0.029800000,0.149900000,0.009800000,0.004400000,0.010300000,103,103,0
901,1,1,1920,1080,640,360,ultra-performance,0.002000000,0.028700000,0.231700000,0.634100000,0.016300000,0.128200000,0.635900000,0.194000000,2.091200000,2.089200000,1.870900000,0.220300000,0.003900000,0.018600000,0.009800000,0.198700000,0.219100000,0.219300000,0.065900000,0.003200000,0.563000000,84,0,103,3,7,0.001300000,0.003400000,0.001500000,0.003500000,0.003000000,0.000700000,0.422900000,0.022600000,0.045000000,0.008900000,0.004400000,0.110700000,0.000200000,0.000000000,0.003600000,0.631700000,0.004200000,3,1,7,7,3,,0.169900000,0.005200000,0.264500000,0.061500000,0.016900000,0.044300000,true,true,0.022000000,0.117600000,0.010200000,0.005300000,0.010300000,103,103,0
902,2,1,1920,1080,640,360,ultra-performance,0.002100000,0.033600000,0.268000000,0.578100000,0.016400000,0.115000000,0.853500000,0.327200000,2.428400000,2.426300000,2.193900000,0.234500000,0.003800000,0.024000000,0.015200000,0.224500000,0.232000000,0.232200000,0.055500000,0.002600000,0.517900000,84,0,103,3,7,0.001400000,0.003200000,0.001200000,0.003700000,0.007000000,0.001200000,0.568400000,0.031500000,0.047100000,0.014000000,0.009600000,0.149200000,0.000000000,0.000000000,0.007000000,0.844500000,0.009000000,3,1,7,7,3,,0.138600000,0.003600000,0.273700000,0.052700000,0.013400000,0.035100000,true,true,0.018900000,0.099500000,0.006300000,0.003600000,0.007400000,103,103,0
903,0,1,1920,1080,640,360,ultra-performance,0.002100000,0.029200000,0.251400000,0.680300000,0.019300000,0.144800000,0.729500000,0.221000000,2.345300000,2.343200000,2.077600000,0.267700000,0.003500000,0.023300000,0.013600000,0.210500000,0.266300000,0.266400000,0.081400000,0.003000000,0.593600000,84,0,103,3,7,0.001600000,0.003800000,0.001500000,0.003800000,0.002700000,0.000600000,0.485000000,0.019400000,0.045700000,0.008600000,0.004500000,0.143300000,0.000000000,0.000000000,0.003800000,0.724300000,0.005200000,3,1,7,7,3,,0.193200000,0.004400000,0.272100000,0.058000000,0.015100000,0.050000000,true,true,0.023700000,0.143700000,0.008500000,0.004700000,0.009100000,103,103,0
904,1,1,1920,1080,640,360,ultra-performance,0.001800000,0.029500000,0.258600000,0.660600000,0.017600000,0.147400000,0.836200000,0.216400000,2.433900000,2.432100000,2.168100000,0.265800000,0.003700000,0.022200000,0.012700000,0.219600000,0.263800000,0.263900000,0.084700000,0.003100000,0.570400000,84,0,103,3,7,0.001600000,0.003900000,0.001600000,0.003700000,0.002900000,0.000400000,0.495500000,0.017300000,0.154700000,0.008700000,0.005200000,0.130700000,0.000100000,0.000000000,0.003700000,0.830000000,0.006200000,3,1,7,7,3,,0.186700000,0.004200000,0.265500000,0.052900000,0.014600000,0.046100000,true,true,0.023200000,0.139400000,0.007900000,0.004100000,0.008400000,103,103,0
905,2,1,1920,1080,640,360,ultra-performance,0.001900000,0.027700000,0.256800000,0.689200000,0.018300000,0.137900000,0.969400000,0.224100000,2.593300000,2.591400000,2.325300000,0.268000000,0.003200000,0.022000000,0.012500000,0.218600000,0.265900000,0.266200000,0.078600000,0.002800000,0.605500000,84,0,103,3,7,0.001700000,0.003100000,0.001600000,0.004000000,0.004400000,0.000600000,0.561000000,0.029100000,0.105600000,0.016700000,0.007900000,0.220600000,0.000100000,0.000000000,0.004500000,0.960900000,0.008500000,3,1,7,7,3,,0.190600000,0.004000000,0.292600000,0.053700000,0.016000000,0.048000000,true,true,0.021700000,0.145100000,0.008200000,0.003900000,0.007800000,103,103,0
906,0,1,1920,1080,640,360,ultra-performance,0.002700000,0.032700000,0.198400000,0.572300000,0.013900000,0.114800000,0.745900000,0.302700000,2.141400000,2.138700000,1.983400000,0.158000000,0.007200000,0.031800000,0.012500000,0.146000000,0.154800000,0.155300000,0.061400000,0.003900000,0.504800000,84,0,103,3,7,0.001200000,0.003000000,0.001100000,0.003500000,0.003800000,0.001000000,0.475000000,0.021300000,0.090700000,0.010700000,0.005400000,0.115900000,0.000100000,0.000000000,0.006300000,0.739000000,0.006900000,3,1,7,7,3,,0.208400000,0.003600000,0.197600000,0.047900000,0.011900000,0.034800000,true,true,0.033700000,0.148800000,0.008000000,0.004100000,0.010500000,103,103,0
907,1,1,1920,1080,640,360,ultra-performance,0.004500000,0.040300000,0.199600000,0.581800000,0.021900000,0.126600000,0.667900000,0.179900000,1.991700000,1.987200000,1.822500000,0.169200000,0.024900000,0.020800000,0.010900000,0.142200000,0.167700000,0.167900000,0.054800000,0.002800000,0.522000000,84,0,103,3,7,0.001600000,0.003200000,0.001400000,0.006800000,0.002600000,0.000400000,0.435100000,0.014300000,0.103900000,0.007400000,0.004600000,0.077700000,0.000000000,0.000000000,0.003700000,0.662700000,0.005200000,3,1,7,7,3,,0.155200000,0.003600000,0.253900000,0.049000000,0.013200000,0.046700000,true,true,0.019100000,0.115100000,0.006800000,0.003600000,0.007400000,103,103,0
908,2,1,1920,1080,640,360,ultra-performance,0.002400000,0.028300000,0.252700000,0.674300000,0.014500000,0.129100000,0.801300000,0.198600000,2.381600000,2.379200000,2.101200000,0.280400000,0.003200000,0.022200000,0.011400000,0.215400000,0.279300000,0.279400000,0.095600000,0.002700000,0.573300000,84,0,103,3,7,0.001600000,0.003100000,0.001400000,0.003500000,0.003100000,0.000500000,0.550200000,0.018900000,0.116800000,0.009300000,0.005000000,0.078400000,0.000000000,0.000000000,0.003600000,0.795400000,0.005900000,3,1,7,7,3,,0.193700000,0.003800000,0.263300000,0.048900000,0.013900000,0.049100000,true,true,0.024100000,0.145300000,0.007500000,0.003800000,0.008900000,103,103,0
909,0,1,1920,1080,640,360,ultra-performance,0.002000000,0.026600000,0.268600000,0.667600000,0.015300000,0.130900000,0.862600000,0.189300000,2.444800000,2.442800000,2.162900000,0.281900000,0.003400000,0.021700000,0.012800000,0.230400000,0.280600000,0.280800000,0.082900000,0.002700000,0.579800000,84,0,103,3,7,0.001700000,0.003000000,0.001500000,0.004000000,0.003200000,0.000600000,0.575000000,0.015100000,0.076000000,0.010000000,0.005500000,0.156400000,0.000100000,0.000000000,0.004100000,0.856200000,0.006400000,3,1,7,7,3,,0.192800000,0.004200000,0.271700000,0.047200000,0.014600000,0.048600000,true,true,0.021000000,0.149100000,0.007100000,0.003900000,0.008000000,103,103,0
910,1,1,1920,1080,640,360,ultra-performance,0.002000000,0.022100000,0.263700000,0.669600000,0.015000000,0.128500000,0.817300000,0.188300000,2.384600000,2.382600000,2.106500000,0.278100000,0.003500000,0.021800000,0.013100000,0.224900000,0.276600000,0.276700000,0.083200000,0.002400000,0.581800000,84,0,103,3,7,0.001500000,0.003500000,0.001400000,0.003800000,0.003100000,0.001100000,0.602800000,0.017000000,0.056500000,0.008600000,0.009600000,0.098800000,0.000100000,0.000000000,0.003700000,0.811500000,0.005800000,3,1,7,7,3,,0.190200000,0.003700000,0.278800000,0.048100000,0.014200000,0.046200000,true,true,0.022100000,0.144800000,0.007400000,0.003900000,0.008500000,103,103,0
911,2,1,1920,1080,640,360,ultra-performance,0.001900000,0.025400000,0.256500000,0.666900000,0.015100000,0.129000000,0.814300000,0.299500000,2.476300000,2.474400000,2.208600000,0.267700000,0.003500000,0.022000000,0.012700000,0.217800000,0.265300000,0.265400000,0.090300000,0.002400000,0.571800000,84,0,103,3,7,0.001400000,0.002900000,0.001500000,0.003700000,0.007000000,0.001500000,0.533700000,0.026600000,0.060000000,0.014000000,0.005500000,0.142600000,0.000000000,0.000000000,0.005200000,0.805600000,0.008700000,3,1,7,7,3,,0.193200000,0.004200000,0.259200000,0.054100000,0.014600000,0.045900000,true,true,0.022600000,0.145300000,0.008000000,0.005200000,0.008300000,103,103,0
912,0,1,1920,1080,640,360,ultra-performance,0.003000000,0.038200000,0.211700000,0.605500000,0.018500000,0.132900000,0.954600000,0.210300000,2.347000000,2.344000000,2.174700000,0.172300000,0.008800000,0.040200000,0.012600000,0.149200000,0.169700000,0.170200000,0.062500000,0.004700000,0.536600000,84,0,103,3,7,0.001300000,0.004500000,0.001200000,0.004500000,0.004100000,0.000900000,0.547500000,0.024300000,0.141800000,0.013100000,0.006600000,0.191000000,0.000100000,0.000000000,0.005300000,0.946200000,0.008400000,3,1,7,7,3,,0.186100000,0.004800000,0.211600000,0.079600000,0.014300000,0.039400000,true,true,0.040800000,0.116200000,0.009100000,0.006400000,0.010400000,103,103,0
913,1,1,1920,1080,640,360,ultra-performance,0.002400000,0.029700000,0.278900000,0.810700000,0.018700000,0.139100000,0.920000000,0.195300000,2.671500000,2.669100000,2.394800000,0.276700000,0.004100000,0.026400000,0.015100000,0.232300000,0.275200000,0.275300000,0.090800000,0.003500000,0.714000000,84,0,103,3,7,0.001500000,0.003400000,0.002200000,0.004300000,0.003100000,0.000400000,0.645100000,0.016400000,0.076100000,0.008900000,0.005500000,0.143000000,0.000000000,0.000000000,0.003600000,0.913500000,0.006500000,3,1,7,7,3,,0.204400000,0.004200000,0.383600000,0.056000000,0.016100000,0.049100000,true,true,0.027800000,0.150100000,0.009800000,0.004200000,0.008900000,103,103,0
914,2,1,1920,1080,640,360,ultra-performance,0.002100000,0.026100000,0.257200000,0.658400000,0.015000000,0.131400000,0.812900000,0.285300000,2.452500000,2.450400000,2.188400000,0.264100000,0.003500000,0.021900000,0.012600000,0.218800000,0.262500000,0.262600000,0.078700000,0.003100000,0.574100000,84,0,103,3,7,0.001800000,0.015800000,0.001600000,0.003800000,0.002900000,0.000400000,0.610700000,0.019000000,0.030200000,0.009200000,0.005100000,0.101800000,0.000000000,0.000000000,0.003800000,0.806100000,0.006800000,3,1,7,7,3,,0.194500000,0.003800000,0.264300000,0.049300000,0.014200000,0.047400000,true,true,0.026000000,0.144800000,0.008200000,0.003600000,0.008300000,103,103,0
915,0,1,1920,1080,640,360,ultra-performance,0.003500000,0.044400000,0.511600000,0.670000000,0.016600000,0.129700000,0.781800000,0.204500000,2.718300000,2.714800000,2.362100000,0.356200000,0.006200000,0.042700000,0.024800000,0.437000000,0.354900000,0.355100000,0.081300000,0.002800000,0.583600000,84,0,103,3,7,0.001500000,0.003200000,0.001500000,0.004100000,0.002800000,0.000500000,0.560000000,0.017000000,0.037800000,0.007700000,0.005000000,0.130400000,0.000100000,0.000000000,0.004000000,0.775600000,0.006200000,3,1,7,7,3,,0.196900000,0.003700000,0.271100000,0.048900000,0.014600000,0.047600000,true,true,0.021900000,0.150500000,0.008300000,0.004100000,0.008600000,103,103,0
916,1,1,1920,1080,640,360,ultra-performance,0.001900000,0.026800000,0.256800000,0.658800000,0.014500000,0.142900000,0.693100000,0.404600000,2.463600000,2.461700000,2.199400000,0.264200000,0.003200000,0.022200000,0.012800000,0.218200000,0.262700000,0.262800000,0.079700000,0.002500000,0.574200000,84,0,103,3,7,0.001800000,0.003600000,0.001500000,0.004300000,0.002600000,0.000600000,0.471500000,0.015900000,0.063200000,0.007300000,0.004800000,0.107700000,0.000000000,0.000000000,0.003300000,0.688100000,0.005000000,3,1,7,7,3,,0.201100000,0.003900000,0.259500000,0.048400000,0.013500000,0.047400000,true,true,0.034100000,0.142600000,0.007800000,0.003700000,0.009300000,103,103,0
917,2,1,1920,1080,640,360,ultra-performance,0.001800000,0.029500000,0.248800000,0.654600000,0.014600000,0.131500000,0.822300000,0.173400000,2.341100000,2.339300000,2.076500000,0.264600000,0.003500000,0.021100000,0.012600000,0.211100000,0.263100000,0.263400000,0.079700000,0.002500000,0.570200000,84,0,103,3,7,0.001500000,0.002900000,0.001600000,0.004000000,0.002600000,0.000400000,0.562200000,0.018400000,0.128800000,0.007800000,0.004400000,0.078200000,0.000000000,0.000000000,0.003800000,0.816600000,0.005700000,3,1,7,7,3,,0.187200000,0.003700000,0.258500000,0.048200000,0.013300000,0.058600000,true,true,0.022400000,0.141700000,0.007300000,0.004000000,0.008000000,103,103,0
918,0,1,1920,1080,640,360,ultra-performance,0.002000000,0.029700000,0.254300000,0.642800000,0.016300000,0.127000000,1.008600000,0.187200000,2.532100000,2.530100000,2.267900000,0.264200000,0.003300000,0.021200000,0.013400000,0.216000000,0.262800000,0.262900000,0.082200000,0.002600000,0.555600000,84,0,103,3,7,0.001600000,0.002900000,0.001400000,0.003900000,0.002900000,0.000600000,0.711500000,0.028700000,0.028900000,0.014800000,0.006700000,0.192700000,0.000100000,0.000000000,0.004300000,1.001000000,0.007600000,3,1,7,7,3,,0.186300000,0.003800000,0.256200000,0.047400000,0.013500000,0.048000000,true,true,0.021800000,0.141400000,0.007400000,0.003700000,0.008600000,103,103,0
919,1,1,1920,1080,640,360,ultra-performance,0.001800000,0.024600000,0.256100000,0.639600000,0.014800000,0.135100000,0.840300000,0.210200000,2.396900000,2.395100000,2.122500000,0.274400000,0.003300000,0.021200000,0.013400000,0.217800000,0.273200000,0.273300000,0.081400000,0.002500000,0.553200000,84,0,103,3,7,0.001600000,0.003200000,0.001600000,0.003500000,0.002600000,0.000400000,0.546700000,0.016800000,0.119200000,0.009700000,0.005400000,0.119800000,0.000000000,0.000000000,0.003600000,0.834100000,0.006200000,3,1,7,7,3,,0.186200000,0.003800000,0.255600000,0.047100000,0.013600000,0.046200000,true,true,0.023200000,0.139400000,0.008600000,0.003700000,0.007700000,103,103,0
920,2,1,1920,1080,640,360,ultra-performance,0.001900000,0.025900000,0.256000000,0.660100000,0.015100000,0.125300000,0.880700000,0.182100000,2.414800000,2.412900000,2.147100000,0.267700000,0.003400000,0.020900000,0.011800000,0.219600000,0.266400000,0.266600000,0.080600000,0.002500000,0.574500000,84,0,103,3,7,0.001400000,0.003200000,0.001400000,0.003700000,0.002600000,0.000400000,0.595300000,0.018200000,0.064400000,0.008200000,0.004800000,0.167500000,0.000100000,0.000000000,0.003500000,0.874700000,0.006000000,3,1,7,7,3,,0.192600000,0.004000000,0.269700000,0.048100000,0.013500000,0.046000000,true,true,0.022900000,0.145400000,0.008600000,0.003500000,0.008400000,103,103,0
921,0,1,1920,1080,640,360,ultra-performance,0.001800000,0.027600000,0.254100000,0.639300000,0.016300000,0.140900000,0.757000000,0.299000000,2.404700000,2.402900000,2.136000000,0.268700000,0.003200000,0.020200000,0.012600000,0.217400000,0.266500000,0.266800000,0.078600000,0.002800000,0.555300000,84,0,103,3,7,0.001700000,0.003100000,0.001800000,0.003900000,0.004600000,0.001100000,0.509400000,0.030500000,0.053700000,0.012700000,0.006000000,0.114500000,0.000000000,0.000000000,0.006700000,0.749700000,0.007300000,3,1,7,7,3,,0.186900000,0.004000000,0.257000000,0.048000000,0.013700000,0.045200000,true,true,0.023700000,0.139900000,0.007400000,0.004000000,0.008300000,103,103,0
922,1,1,1920,1080,640,360,ultra-performance,0.003300000,0.033500000,0.253800000,0.557800000,0.017400000,0.143500000,0.762100000,0.284300000,2.226700000,2.223400000,2.055700000,0.171000000,0.005500000,0.032200000,0.018700000,0.196900000,0.168200000,0.168300000,0.055600000,0.002300000,0.497000000,84,0,103,3,7,0.001800000,0.003400000,0.001700000,0.005000000,0.006100000,0.001200000,0.518400000,0.023800000,0.042600000,0.013700000,0.006800000,0.121500000,0.000100000,0.000000000,0.005500000,0.751600000,0.010500000,3,1,7,7,3,,0.134100000,0.003200000,0.242500000,0.053700000,0.014600000,0.048200000,true,true,0.016700000,0.098500000,0.005700000,0.003400000,0.007000000,103,103,0
923,2,1,1920,1080,640,360,ultra-performance,0.004100000,0.044400000,0.210800000,0.769800000,0.023900000,0.182100000,0.826700000,0.183200000,2.403500000,2.399400000,2.245000000,0.158500000,0.009200000,0.040400000,0.012100000,0.147800000,0.156800000,0.157100000,0.065100000,0.005000000,0.697200000,84,0,103,3,7,0.002200000,0.005100000,0.001800000,0.005200000,0.003600000,0.000700000,0.544600000,0.024200000,0.109900000,0.010900000,0.005600000,0.102000000,0.000200000,0.000000000,0.004400000,0.820400000,0.006300000,3,1,7,7,3,,0.250200000,0.005600000,0.279100000,0.092600000,0.017500000,0.050900000,true,true,0.059600000,0.158400000,0.010500000,0.007700000,0.010600000,103,103,0
924,0,1,1920,1080,640,360,ultra-performance,0.002000000,0.022500000,0.199000000,0.607800000,0.014600000,0.129300000,0.969000000,0.291200000,2.416600000,2.414600000,2.235400000,0.181200000,0.004000000,0.020800000,0.012500000,0.161000000,0.178500000,0.178600000,0.062100000,0.002600000,0.541000000,84,0,103,3,7,0.001700000,0.003200000,0.001600000,0.003600000,0.006000000,0.001400000,0.715000000,0.029600000,0.023800000,0.014800000,0.006900000,0.144000000,0.000000000,0.000000000,0.008100000,0.959700000,0.009300000,3,1,7,7,3,,0.151400000,0.003400000,0.263100000,0.068300000,0.016000000,0.038300000,true,true,0.019900000,0.108500000,0.007600000,0.003800000,0.008700000,103,103,0
925,1,1,1920,1080,640,360,ultra-performance,0.002700000,0.036900000,0.227900000,0.700000000,0.019100000,0.157900000,0.742800000,0.195100000,2.302200000,2.299500000,2.082400000,0.219800000,0.007900000,0.033700000,0.017000000,0.168400000,0.217700000,0.218100000,0.090200000,0.005400000,0.602200000,84,0,103,3,7,0.001800000,0.005200000,0.002100000,0.005100000,0.003200000,0.000800000,0.547200000,0.020300000,0.036900000,0.009200000,0.004500000,0.091800000,0.000300000,0.000000000,0.005400000,0.733800000,0.009000000,3,1,7,7,3,,0.219100000,0.004600000,0.245300000,0.079600000,0.014700000,0.038300000,true,true,0.048400000,0.141200000,0.009800000,0.006900000,0.009400000,103,103,0
926,2,1,1920,1080,640,360,ultra-performance,0.002000000,0.036000000,0.289300000,0.732700000,0.018700000,0.141500000,0.838000000,0.267000000,2.591900000,2.589900000,2.325200000,0.266700000,0.004600000,0.028200000,0.014900000,0.241100000,0.265100000,0.265300000,0.093300000,0.003300000,0.633300000,84,0,103,3,7,0.001500000,0.003500000,0.002100000,0.004200000,0.002800000,0.000500000,0.510500000,0.019800000,0.108600000,0.008400000,0.005100000,0.161800000,0.000000000,0.000000000,0.003600000,0.832400000,0.005600000,3,1,7,7,3,,0.208900000,0.004400000,0.283800000,0.070100000,0.015400000,0.050100000,true,true,0.026000000,0.155200000,0.009800000,0.004000000,0.010000000,103,103,0
927,0,1,1920,1080,640,360,ultra-performance,0.002100000,0.027100000,0.251600000,0.659600000,0.015900000,0.148100000,0.721500000,0.195300000,2.277900000,2.275800000,2.021200000,0.256700000,0.003800000,0.023500000,0.015800000,0.208100000,0.255200000,0.255300000,0.082300000,0.002900000,0.572300000,84,0,103,3,7,0.001600000,0.003100000,0.001300000,0.003900000,0.002500000,0.000400000,0.414800000,0.019400000,0.157900000,0.009000000,0.005100000,0.092800000,0.000000000,0.000000000,0.003700000,0.715500000,0.006000000,3,1,7,7,3,,0.194500000,0.003700000,0.260100000,0.051000000,0.014400000,0.047700000,true,true,0.023700000,0.147000000,0.008400000,0.003800000,0.008200000,103,103,0
928,1,1,1920,1080,640,360,ultra-performance,0.001800000,0.029100000,0.245300000,0.651500000,0.016000000,0.129300000,1.093400000,0.249700000,2.688100000,2.686300000,2.416100000,0.272000000,0.003200000,0.020600000,0.013100000,0.207900000,0.269100000,0.269300000,0.078900000,0.002600000,0.567600000,84,0,103,3,7,0.002100000,0.003100000,0.001400000,0.003800000,0.009100000,0.002000000,0.691500000,0.030600000,0.046500000,0.017800000,0.009700000,0.258300000,0.000000000,0.000000000,0.007800000,1.083700000,0.009700000,3,1,7,7,3,,0.195100000,0.004400000,0.259000000,0.048300000,0.014000000,0.046300000,true,true,0.023100000,0.147600000,0.008600000,0.003500000,0.008800000,103,103,0
929,2,1,1920,1080,640,360,ultra-performance,0.003300000,0.038800000,0.228500000,0.732900000,0.020300000,0.138200000,0.762700000,0.218300000,2.384900000,2.381600000,2.143000000,0.241900000,0.007700000,0.034300000,0.013700000,0.171900000,0.239700000,0.240000000,0.086300000,0.006400000,0.638100000,84,0,103,3,7,0.001600000,0.004100000,0.001600000,0.004200000,0.004600000,0.000800000,0.544100000,0.024400000,0.025900000,0.009300000,0.006400000,0.121200000,0.000200000,0.000000000,0.005900000,0.754300000,0.008400000,3,1,7,7,3,,0.255500000,0.005800000,0.230400000,0.092300000,0.014500000,0.038800000,true,true,0.048600000,0.172900000,0.011100000,0.007500000,0.011400000,103,103,0
930,0,1,1920,1080,640,360,ultra-performance,0.002000000,0.035800000,0.283800000,0.713800000,0.017500000,0.137100000,0.906100000,0.279100000,2.645400000,2.643400000,2.375200000,0.270200000,0.004400000,0.027400000,0.015100000,0.236300000,0.267900000,0.268000000,0.089500000,0.003500000,0.618400000,84,0,103,3,7,0.001800000,0.003100000,0.001800000,0.003800000,0.005000000,0.000900000,0.518000000,0.022700000,0.129900000,0.012500000,0.006700000,0.186500000,0.000000000,0.000000000,0.005700000,0.898400000,0.007700000,3,1,7,7,3,,0.208100000,0.004100000,0.279000000,0.062300000,0.015300000,0.048900000,true,true,0.028800000,0.150300000,0.011000000,0.004100000,0.010100000,103,103,0
931,1,1,1920,1080,640,360,ultra-performance,0.003500000,0.047800000,0.319600000,0.767900000,0.019700000,0.156400000,0.905700000,0.251000000,2.638400000,2.634900000,2.471600000,0.166800000,0.008500000,0.042900000,0.017700000,0.249000000,0.163700000,0.164100000,0.074700000,0.005200000,0.685900000,84,0,103,3,7,0.001700000,0.004200000,0.001300000,0.004500000,0.006000000,0.001100000,0.608800000,0.034000000,0.037500000,0.015600000,0.007400000,0.166900000,0.000200000,0.000000000,0.007600000,0.896800000,0.008900000,3,1,7,7,3,,0.254600000,0.006300000,0.286300000,0.082600000,0.015800000,0.039500000,true,true,0.044200000,0.176600000,0.012200000,0.005200000,0.012000000,103,103,0
932,2,1,1920,1080,640,360,ultra-performance,0.002700000,0.037200000,0.247100000,0.490900000,0.015900000,0.131900000,0.971200000,0.217400000,2.331800000,2.329100000,2.114300000,0.217500000,0.005700000,0.028500000,0.015600000,0.196300000,0.215600000,0.215800000,0.052200000,0.003500000,0.433200000,84,0,103,3,7,0.001700000,0.004800000,0.001600000,0.004300000,0.005500000,0.001400000,0.597500000,0.026200000,0.100700000,0.022600000,0.007500000,0.182800000,0.000200000,0.000000000,0.005000000,0.961800000,0.009400000,3,1,7,7,3,,0.145200000,0.004000000,0.180700000,0.055200000,0.013300000,0.034100000,true,true,0.025800000,0.098500000,0.007200000,0.004000000,0.006800000,103,103,0
933,0,1,1920,1080,640,360,ultra-performance,0.002000000,0.023700000,0.193600000,0.528600000,0.015300000,0.109000000,0.618500000,0.173800000,1.835000000,1.833000000,1.664500000,0.170500000,0.003800000,0.022500000,0.011300000,0.155300000,0.168900000,0.169100000,0.062000000,0.002900000,0.461700000,84,0,103,3,7,0.001300000,0.002900000,0.001600000,0.003200000,0.002300000,0.000300000,0.492100000,0.017700000,0.001900000,0.007500000,0.004600000,0.075600000,0.000100000,0.000000000,0.003000000,0.614100000,0.004400000,3,1,7,7,3,,0.147000000,0.003300000,0.203200000,0.058100000,0.012400000,0.037100000,true,true,0.021400000,0.104300000,0.007300000,0.003700000,0.007500000,103,103,0
934,1,1,1920,1080,640,360,ultra-performance,0.001800000,0.024700000,0.169600000,0.481900000,0.013400000,0.127100000,0.871100000,0.250800000,2.117300000,2.115500000,1.940400000,0.176900000,0.003400000,0.017100000,0.010100000,0.138500000,0.174500000,0.174500000,0.055500000,0.002600000,0.422000000,84,0,103,3,7,0.001300000,0.003300000,0.001100000,0.003600000,0.006000000,0.001400000,0.647900000,0.022300000,0.034000000,0.014900000,0.006700000,0.114700000,0.000100000,0.000000000,0.005400000,0.862700000,0.008400000,3,1,7,7,3,,0.138700000,0.003000000,0.189400000,0.043200000,0.012800000,0.034300000,true,true,0.019500000,0.098700000,0.007300000,0.003300000,0.007100000,103,103,0
935,2,1,1920,1080,640,360,ultra-performance,0.003000000,0.030100000,0.227600000,0.515600000,0.016500000,0.121300000,0.926500000,0.190100000,2.198900000,2.195900000,2.030700000,0.168200000,0.003900000,0.025700000,0.018600000,0.178800000,0.166200000,0.166400000,0.061300000,0.002700000,0.449600000,84,0,103,3,7,0.001600000,0.003500000,0.001400000,0.003900000,0.003900000,0.000800000,0.569900000,0.031000000,0.111200000,0.017000000,0.006500000,0.163100000,0.000000000,0.000000000,0.004200000,0.918000000,0.008500000,3,1,7,7,3,,0.146000000,0.003500000,0.206100000,0.045700000,0.013500000,0.034400000,true,true,0.019900000,0.105300000,0.007700000,0.003600000,0.006700000,103,103,0
936,0,1,1920,1080,640,360,ultra-performance,0.002100000,0.040200000,0.248400000,0.746400000,0.022800000,0.147800000,0.946300000,0.261500000,2.668600000,2.666500000,2.415500000,0.253100000,0.009400000,0.036100000,0.014500000,0.187400000,0.250000000,0.250400000,0.092900000,0.004900000,0.646300000,84,0,103,3,7,0.001700000,0.004000000,0.001700000,0.003900000,0.005900000,0.001400000,0.617300000,0.034500000,0.039500000,0.019700000,0.010000000,0.185900000,0.000200000,0.000000000,0.009000000,0.934700000,0.011600000,3,1,7,7,3,,0.216600000,0.005500000,0.281100000,0.076000000,0.017200000,0.049100000,true,true,0.035800000,0.149200000,0.010200000,0.005700000,0.011600000,103,103,0
937,1,1,1920,1080,640,360,ultra-performance,0.002300000,0.042000000,0.313800000,0.815700000,0.022300000,0.161100000,0.821400000,0.207000000,2.698200000,2.695900000,2.385600000,0.312600000,0.004500000,0.030100000,0.016600000,0.261800000,0.311200000,0.311400000,0.103800000,0.003600000,0.705800000,84,0,103,3,7,0.001900000,0.003800000,0.002000000,0.005000000,0.003200000,0.000800000,0.588700000,0.038600000,0.060800000,0.010400000,0.006000000,0.089700000,0.000100000,0.000000000,0.004100000,0.815100000,0.006300000,3,1,7,7,3,,0.235200000,0.004700000,0.319500000,0.075200000,0.017000000,0.053400000,true,true,0.028800000,0.174700000,0.011600000,0.004700000,0.010600000,103,103,0
938,2,1,1920,1080,640,360,ultra-performance,0.002100000,0.033600000,0.279300000,0.788400000,0.019600000,0.149800000,0.764800000,0.199700000,2.548800000,2.546700000,2.237300000,0.311500000,0.003600000,0.026000000,0.014900000,0.234100000,0.309800000,0.310000000,0.093500000,0.003300000,0.688700000,84,0,103,3,7,0.001700000,0.004000000,0.001700000,0.004400000,0.003400000,0.000700000,0.591100000,0.027100000,0.002800000,0.010600000,0.006100000,0.101600000,0.000000000,0.000000000,0.003500000,0.758700000,0.006100000,3,1,7,7,3,,0.228900000,0.004200000,0.306800000,0.062200000,0.029400000,0.056300000,true,true,0.030800000,0.170100000,0.009500000,0.004500000,0.009900000,103,103,0
939,0,1,1920,1080,640,360,ultra-performance,0.002000000,0.030200000,0.290100000,0.774900000,0.017700000,0.152300000,0.891400000,0.285900000,2.753400000,2.751400000,2.444500000,0.308900000,0.003700000,0.024700000,0.015000000,0.246200000,0.305700000,0.306000000,0.092700000,0.003000000,0.676700000,84,0,103,3,7,0.001400000,0.003100000,0.001200000,0.003700000,0.007500000,0.001500000,0.423600000,0.030700000,0.164900000,0.019800000,0.008200000,0.209900000,0.000100000,0.000000000,0.005800000,0.881400000,0.010000000,3,1,7,7,3,,0.233900000,0.004600000,0.308900000,0.057900000,0.016600000,0.054000000,true,true,0.024900000,0.181500000,0.009000000,0.004400000,0.009800000,103,103,0
940,1,1,1920,1080,640,360,ultra-performance,0.003200000,0.048200000,0.311100000,0.881200000,0.024200000,0.203000000,0.998000000,0.280100000,3.002900000,2.999700000,2.749000000,0.253900000,0.009600000,0.045900000,0.020800000,0.233800000,0.251500000,0.251900000,0.096300000,0.007200000,0.774800000,84,0,103,3,7,0.002100000,0.006600000,0.001800000,0.006400000,0.004100000,0.000700000,0.688400000,0.041700000,0.059600000,0.020700000,0.009400000,0.142700000,0.000500000,0.000000000,0.004600000,0.989300000,0.008700000,3,1,7,7,3,,0.280100000,0.006700000,0.292600000,0.119000000,0.019400000,0.056000000,true,true,0.058800000,0.181300000,0.013200000,0.008200000,0.014300000,103,103,0
941,2,1,1920,1080,640,360,ultra-performance,0.002600000,0.044000000,0.291800000,0.794900000,0.023500000,0.169500000,0.872700000,0.365500000,2.860800000,2.858200000,2.564500000,0.296300000,0.007400000,0.038500000,0.015200000,0.229700000,0.293800000,0.294100000,0.088600000,0.004900000,0.698700000,84,0,103,3,7,0.001800000,0.004700000,0.002100000,0.004200000,0.006400000,0.001800000,0.593500000,0.025600000,0.071600000,0.015000000,0.008000000,0.123500000,0.000100000,0.000000000,0.005900000,0.864200000,0.008500000,3,1,7,7,3,,0.245600000,0.005900000,0.293100000,0.081100000,0.016800000,0.055600000,true,true,0.042500000,0.171000000,0.009600000,0.007200000,0.010800000,103,103,0
942,0,1,1920,1080,640,360,ultra-performance,0.002400000,0.030500000,0.319700000,0.602000000,0.014000000,0.106700000,1.067300000,0.537300000,2.965100000,2.962700000,2.679900000,0.285200000,0.005000000,0.031300000,0.018100000,0.264800000,0.282800000,0.282900000,0.098200000,0.003600000,0.498200000,84,0,103,3,7,0.001200000,0.002800000,0.001300000,0.003700000,0.005300000,0.001300000,0.607000000,0.027900000,0.047200000,0.015000000,0.006900000,0.321600000,0.000000000,0.000000000,0.017800000,1.059000000,0.008300000,3,1,7,7,3,,0.182000000,0.003300000,0.202300000,0.056200000,0.012000000,0.042000000,true,true,0.029900000,0.129300000,0.007500000,0.003700000,0.008600000,103,103,0
943,1,1,1920,1080,640,360,ultra-performance,0.003200000,0.032900000,0.243100000,0.546200000,0.021000000,0.139000000,0.876100000,0.268600000,2.353300000,2.350100000,2.130100000,0.223200000,0.003900000,0.023400000,0.012000000,0.203300000,0.221600000,0.221800000,0.055500000,0.002400000,0.485700000,84,0,103,3,7,0.001300000,0.002900000,0.001100000,0.003800000,0.003900000,0.000700000,0.503200000,0.033100000,0.178800000,0.010800000,0.005900000,0.120600000,0.000100000,0.000000000,0.004100000,0.870300000,0.005800000,3,1,7,7,3,,0.138000000,0.003200000,0.206200000,0.065500000,0.016100000,0.056000000,true,true,0.018400000,0.099400000,0.006700000,0.003400000,0.007300000,103,103,0
944,2,1,1920,1080,640,360,ultra-performance,0.002400000,0.031000000,0.290500000,0.776000000,0.017700000,0.150200000,0.843800000,0.217000000,2.644700000,2.642300000,2.328600000,0.316100000,0.004200000,0.025800000,0.014700000,0.245200000,0.314100000,0.314300000,0.098900000,0.002900000,0.670500000,84,0,103,3,7,0.001900000,0.003800000,0.001700000,0.004100000,0.004900000,0.000900000,0.431000000,0.031700000,0.181400000,0.020000000,0.009000000,0.138700000,0.000100000,0.000000000,0.005000000,0.834200000,0.009600000,3,1,7,7,3,,0.220200000,0.004600000,0.310600000,0.061500000,0.015900000,0.056800000,true,true,0.025400000,0.168300000,0.008300000,0.003900000,0.010100000,103,103,0
945,0,1,1920,1080,640,360,ultra-performance,0.003200000,0.036100000,0.215400000,0.628700000,0.019700000,0.135100000,0.741300000,0.192000000,2.140300000,2.137100000,1.971500000,0.168800000,0.007300000,0.036600000,0.012900000,0.157500000,0.167100000,0.167300000,0.085100000,0.005400000,0.536400000,84,0,103,3,7,0.001500000,0.004600000,0.001800000,0.004300000,0.002700000,0.000500000,0.552500000,0.023300000,0.055900000,0.009700000,0.004400000,0.072700000,0.000100000,0.000000000,0.003400000,0.737400000,0.003900000,3,1,7,7,3,,0.195500000,0.004600000,0.208900000,0.074100000,0.014200000,0.038300000,true,true,0.042800000,0.121300000,0.009500000,0.008400000,0.010600000,103,103,0
946,1,1,1920,1080,640,360,ultra-performance,0.001800000,0.030100000,0.235900000,0.572600000,0.016100000,0.254000000,1.140600000,0.203800000,2.613200000,2.611400000,2.454900000,0.158300000,0.004300000,0.020900000,0.009500000,0.200300000,0.156000000,0.156400000,0.087100000,0.023800000,0.460000000,84,0,103,3,7,0.001800000,0.004400000,0.001600000,0.004400000,0.010200000,0.002000000,0.673700000,0.041500000,0.143600000,0.028200000,0.015100000,0.195600000,0.000300000,0.000000000,0.004400000,1.126800000,0.013800000,3,1,7,7,3,,0.175700000,0.004100000,0.180500000,0.052700000,0.013100000,0.033200000,true,true,0.020700000,0.129700000,0.007600000,0.005900000,0.008700000,103,103,0
947,2,1,1920,1080,640,360,ultra-performance,0.001900000,0.041100000,0.259200000,0.553000000,0.018700000,0.134000000,1.087400000,0.259000000,2.609200000,2.607300000,2.354300000,0.254900000,0.005000000,0.025200000,0.013600000,0.214200000,0.252100000,0.252400000,0.074000000,0.003400000,0.473300000,84,0,103,3,7,0.001300000,0.003200000,0.001200000,0.003300000,0.007800000,0.001400000,0.528500000,0.038300000,0.250300000,0.016100000,0.011100000,0.207100000,0.000100000,0.000000000,0.007800000,1.077500000,0.009900000,3,1,7,7,3,,0.159400000,0.004000000,0.185100000,0.060000000,0.015700000,0.048100000,true,true,0.025700000,0.110100000,0.007000000,0.005700000,0.007700000,103,103,0
948,0,1,1920,1080,640,360,ultra-performance,0.001900000,0.034400000,0.331600000,0.636700000,0.093500000,0.158100000,1.118600000,0.232100000,3.051800000,3.049900000,2.606900000,0.444900000,0.005000000,0.026400000,0.012000000,0.287300000,0.442000000,0.442200000,0.078000000,0.003900000,0.552300000,84,0,103,3,7,0.001300000,0.003200000,0.001200000,0.003500000,0.005200000,0.001200000,0.688000000,0.031800000,0.132200000,0.015500000,0.008900000,0.211000000,0.000100000,0.000000000,0.005000000,1.108100000,0.010500000,3,1,7,7,3,,0.203500000,0.004700000,0.226800000,0.059600000,0.015100000,0.041800000,true,true,0.032900000,0.142900000,0.009000000,0.005500000,0.009400000,103,103,0
949,1,1,1920,1080,640,360,ultra-performance,0.002300000,0.032000000,0.218800000,0.811100000,0.021900000,0.171900000,0.992100000,0.261000000,2.761500000,2.759200000,2.511100000,0.250400000,0.004600000,0.023700000,0.015400000,0.174300000,0.246700000,0.247100000,0.095900000,0.004000000,0.708500000,84,0,103,3,7,0.002100000,0.003800000,0.002500000,0.004900000,0.005300000,0.001300000,0.689900000,0.026300000,0.047900000,0.016200000,0.006800000,0.168700000,0.000000000,0.000000000,0.007700000,0.983400000,0.008700000,3,1,7,7,3,,0.213900000,0.004600000,0.327300000,0.085300000,0.018100000,0.058600000,true,true,0.035500000,0.145400000,0.012100000,0.005100000,0.011400000,103,103,0
950,2,1,1920,1080,640,360,ultra-performance,0.002300000,0.063800000,0.290800000,0.834000000,0.021700000,0.146800000,0.949000000,0.222300000,2.777400000,2.775100000,2.530700000,0.246700000,0.008000000,0.038400000,0.016100000,0.227300000,0.244200000,0.244500000,0.089000000,0.005800000,0.736700000,84,0,103,3,7,0.001500000,0.004300000,0.001300000,0.004000000,0.004600000,0.000700000,0.663200000,0.033300000,0.088700000,0.017100000,0.008800000,0.109600000,0.000100000,0.000000000,0.004000000,0.941200000,0.007800000,3,1,7,7,3,,0.258500000,0.006200000,0.294300000,0.110800000,0.021300000,0.044900000,true,true,0.042400000,0.175400000,0.014800000,0.009100000,0.012900000,103,103,0
951,0,1,1920,1080,640,360,ultra-performance,0.003000000,0.037900000,0.446900000,0.517000000,0.016700000,0.124600000,1.176300000,0.227000000,2.712500000,2.709500000,2.549400000,0.163100000,0.007100000,0.288900000,0.012300000,0.137800000,0.161000000,0.161500000,0.054800000,0.003600000,0.456800000,84,0,103,3,7,0.001200000,0.003800000,0.001100000,0.003500000,0.003300000,0.000800000,0.800700000,0.028000000,0.135500000,0.010200000,0.005700000,0.174300000,0.000200000,0.000000000,0.003400000,1.171700000,0.004600000,3,1,7,7,3,,0.155700000,0.004700000,0.187100000,0.059900000,0.013100000,0.035200000,true,true,0.028300000,0.102100000,0.007200000,0.006800000,0.008600000,103,103,0
952,1,1,1920,1080,640,360,ultra-performance,0.002300000,0.030700000,0.235100000,0.655600000,0.017200000,0.123300000,0.867300000,0.231700000,2.477900000,2.475600000,2.163200000,0.314700000,0.005000000,0.020500000,0.009600000,0.199100000,0.308800000,0.312600000,0.054200000,0.003100000,0.596400000,84,0,103,3,7,0.001200000,0.004200000,0.001200000,0.003700000,0.004000000,0.000900000,0.515900000,0.027000000,0.121100000,0.011800000,0.006000000,0.154200000,0.000100000,0.000000000,0.006100000,0.857400000,0.009900000,3,1,7,7,3,,0.178700000,0.005600000,0.270300000,0.074100000,0.018100000,0.048600000,true,true,0.023300000,0.119900000,0.012100000,0.007300000,0.011200000,103,103,0
953,2,1,1920,1080,640,360,ultra-performance,0.002400000,0.037100000,0.286100000,0.736500000,0.020400000,0.147500000,0.945800000,0.217100000,2.670400000,2.668000000,2.392900000,0.277500000,0.005500000,0.029400000,0.016100000,0.234600000,0.275900000,0.276100000,0.091300000,0.003600000,0.639000000,84,0,103,3,7,0.001700000,0.003700000,0.001900000,0.004100000,0.003200000,0.000500000,0.528200000,0.019600000,0.261300000,0.010100000,0.005300000,0.096100000,0.000000000,0.000000000,0.003600000,0.939300000,0.006500000,3,1,7,7,3,,0.215800000,0.004800000,0.286900000,0.064400000,0.016100000,0.050400000,true,true,0.032000000,0.156400000,0.009800000,0.004600000,0.009200000,103,103,0
954,0,1,1920,1080,640,360,ultra-performance,0.002200000,0.033200000,0.251600000,0.681000000,0.018300000,0.140500000,0.801400000,0.222900000,2.429500000,2.427300000,2.151100000,0.278400000,0.004400000,0.023900000,0.012200000,0.210700000,0.276800000,0.277100000,0.081500000,0.003100000,0.594000000,84,0,103,3,7,0.001700000,0.003800000,0.001400000,0.004000000,0.002900000,0.000400000,0.505300000,0.019000000,0.094400000,0.008200000,0.005000000,0.144900000,0.000100000,0.000000000,0.004000000,0.795100000,0.006300000,3,1,7,7,3,,0.197200000,0.004700000,0.269100000,0.057700000,0.016000000,0.048600000,true,true,0.025300000,0.145700000,0.008500000,0.003900000,0.010200000,103,103,0
955,1,1,1920,1080,640,360,ultra-performance,0.002200000,0.028400000,0.258100000,0.652200000,0.016100000,0.146000000,0.643200000,0.312700000,2.326300000,2.324100000,2.058900000,0.267400000,0.003600000,0.023100000,0.013800000,0.217200000,0.265900000,0.266100000,0.079500000,0.002700000,0.567800000,84,0,103,3,7,0.001600000,0.003300000,0.001800000,0.003700000,0.002100000,0.000500000,0.502800000,0.020900000,0.001900000,0.008600000,0.004400000,0.084700000,0.000100000,0.000000000,0.003000000,0.639400000,0.003800000,3,1,7,7,3,,0.188800000,0.004500000,0.259100000,0.050800000,0.015300000,0.048700000,true,true,0.022200000,0.142400000,0.008100000,0.003600000,0.008800000,103,103,0
956,2,1,1920,1080,640,360,ultra-performance,0.002200000,0.034400000,0.281500000,0.707900000,0.017700000,0.151300000,0.850400000,0.245600000,2.600500000,2.598300000,2.291000000,0.309500000,0.004000000,0.019600000,0.017100000,0.240200000,0.308000000,0.308100000,0.077600000,0.003200000,0.624400000,84,0,103,3,7,0.001800000,0.003800000,0.001700000,0.004500000,0.003100000,0.000500000,0.497900000,0.028000000,0.095800000,0.009900000,0.006200000,0.187500000,0.000000000,0.000000000,0.004400000,0.845100000,0.005300000,3,1,7,7,3,,0.166400000,0.004700000,0.309400000,0.064600000,0.018200000,0.060200000,true,true,0.020100000,0.117700000,0.009300000,0.004600000,0.010200000,103,103,0
957,0,1,1920,1080,640,360,ultra-performance,0.002300000,0.029200000,0.184600000,0.654100000,0.016000000,0.133600000,0.874300000,0.181700000,2.315100000,2.312800000,2.075800000,0.239300000,0.004600000,0.025000000,0.012900000,0.141400000,0.237600000,0.237700000,0.080900000,0.002500000,0.568200000,84,0,103,3,7,0.001700000,0.003300000,0.001700000,0.004100000,0.003100000,0.000700000,0.701000000,0.018300000,0.033500000,0.008800000,0.005400000,0.083100000,0.000000000,0.000000000,0.003900000,0.868600000,0.005700000,3,1,7,7,3,,0.187900000,0.004300000,0.259100000,0.052600000,0.015000000,0.048700000,true,true,0.022000000,0.142600000,0.007200000,0.004000000,0.008500000,103,103,0
958,1,1,1920,1080,640,360,ultra-performance,0.002200000,0.022800000,0.257900000,0.635600000,0.016200000,0.143300000,0.772700000,0.179000000,2.261000000,2.258800000,2.029700000,0.231300000,0.003700000,0.021900000,0.011900000,0.220100000,0.229800000,0.229900000,0.064300000,0.002200000,0.566800000,84,0,103,3,7,0.001900000,0.003500000,0.001400000,0.004200000,0.003800000,0.000700000,0.517900000,0.021800000,0.079500000,0.011400000,0.007100000,0.108500000,0.000000000,0.000000000,0.004100000,0.765800000,0.006900000,3,1,7,7,3,,0.206100000,0.003800000,0.239000000,0.057400000,0.014000000,0.045800000,true,true,0.021000000,0.159100000,0.009000000,0.004000000,0.009000000,103,103,0
959,2,1,1920,1080,640,360,ultra-performance,0.001600000,0.023000000,0.210400000,0.714400000,0.017700000,0.151900000,0.739100000,0.217300000,2.261900000,2.260300000,2.075400000,0.186500000,0.003400000,0.021100000,0.012100000,0.173500000,0.185000000,0.185100000,0.088300000,0.003100000,0.620000000,84,0,103,3,7,0.001900000,0.003900000,0.001600000,0.004800000,0.002900000,0.000700000,0.459800000,0.024800000,0.082800000,0.014300000,0.005700000,0.126500000,0.000000000,0.000000000,0.004000000,0.733700000,0.005400000,3,1,7,7,3,,0.197800000,0.004300000,0.285700000,0.060200000,0.015200000,0.056100000,true,true,0.024500000,0.147900000,0.009200000,0.003800000,0.008500000,103,103,0
960,0,1,1920,1080,640,360,ultra-performance,0.001900000,0.027000000,0.190800000,0.471500000,0.012300000,0.101700000,0.702000000,0.280800000,1.979700000,1.977800000,1.788000000,0.191700000,0.003400000,0.021700000,0.011900000,0.153200000,0.188500000,0.188800000,0.055700000,0.002200000,0.411700000,84,0,103,3,7,0.001200000,0.002900000,0.001100000,0.003600000,0.005500000,0.001100000,0.490300000,0.022400000,0.028000000,0.012900000,0.006900000,0.109800000,0.000000000,0.000000000,0.006400000,0.692100000,0.009900000,3,1,7,7,3,,0.132800000,0.003200000,0.185500000,0.044100000,0.011500000,0.034000000,true,true,0.016800000,0.096800000,0.005800000,0.003500000,0.007100000,103,103,0
961,1,1,1920,1080,640,360,ultra-performance,0.003700000,0.045800000,0.333000000,0.902900000,0.026400000,0.183200000,0.718100000,0.208800000,2.701800000,2.698100000,2.421900000,0.279900000,0.009600000,0.048400000,0.018200000,0.255600000,0.277800000,0.278300000,0.104100000,0.007000000,0.789300000,84,0,103,3,7,0.002100000,0.005600000,0.001900000,0.005300000,0.003100000,0.000800000,0.502500000,0.025800000,0.041300000,0.012200000,0.006700000,0.099800000,0.000100000,0.000000000,0.004400000,0.711600000,0.006500000,3,1,7,7,3,,0.285200000,0.006700000,0.324600000,0.092100000,0.019300000,0.060300000,true,true,0.055200000,0.189300000,0.014200000,0.006700000,0.014900000,103,103,0
962,2,1,1920,1080,640,360,ultra-performance,0.002400000,0.031400000,0.276900000,0.718700000,0.017500000,0.150200000,0.853100000,0.228700000,2.556900000,2.554500000,2.278900000,0.278000000,0.004600000,0.031500000,0.015100000,0.224900000,0.276300000,0.276600000,0.089700000,0.003600000,0.622900000,84,0,103,3,7,0.001500000,0.003500000,0.001500000,0.005200000,0.003100000,0.000500000,0.599500000,0.018700000,0.027900000,0.010100000,0.006200000,0.164800000,0.000000000,0.000000000,0.003800000,0.846300000,0.006800000,3,1,7,7,3,,0.205000000,0.004000000,0.282500000,0.062900000,0.016500000,0.051200000,true,true,0.025700000,0.152200000,0.009200000,0.004100000,0.010100000,103,103,0
963,0,1,1920,1080,640,360,ultra-performance,0.002200000,0.026600000,0.270900000,0.726600000,0.016400000,0.144300000,0.942000000,0.201400000,2.621900000,2.619700000,2.330400000,0.291500000,0.003900000,0.025800000,0.015900000,0.224800000,0.290000000,0.290200000,0.085400000,0.003100000,0.635300000,84,0,103,3,7,0.001600000,0.003300000,0.001700000,0.004500000,0.003400000,0.000700000,0.611500000,0.022100000,0.129600000,0.011600000,0.006300000,0.135400000,0.000000000,0.000000000,0.004100000,0.935800000,0.006200000,3,1,7,7,3,,0.204000000,0.004200000,0.289700000,0.057300000,0.015800000,0.063700000,true,true,0.025100000,0.152800000,0.008200000,0.004500000,0.009300000,103,103,0
964,1,1,1920,1080,640,360,ultra-performance,0.002300000,0.032500000,0.279900000,0.769600000,0.017900000,0.169400000,0.661300000,0.220000000,2.448700000,2.446400000,2.152900000,0.295800000,0.003900000,0.025000000,0.014300000,0.236200000,0.294300000,0.294400000,0.091500000,0.003000000,0.672500000,84,0,103,3,7,0.002000000,0.004000000,0.001900000,0.004600000,0.002800000,0.000500000,0.484600000,0.019500000,0.029900000,0.008900000,0.005200000,0.086600000,0.000000000,0.000000000,0.004200000,0.654700000,0.006600000,3,1,7,7,3,,0.210900000,0.004500000,0.323300000,0.062500000,0.015400000,0.055200000,true,true,0.026300000,0.157800000,0.008400000,0.004200000,0.009800000,103,103,0
965,2,1,1920,1080,640,360,ultra-performance,0.002000000,0.029700000,0.300800000,0.761400000,0.015700000,0.143100000,0.721800000,0.180900000,2.468500000,2.466500000,2.155400000,0.313100000,0.003500000,0.024800000,0.015000000,0.256900000,0.311700000,0.311800000,0.093100000,0.002900000,0.662800000,84,0,103,3,7,0.001800000,0.003200000,0.001900000,0.004000000,0.002800000,0.000500000,0.510100000,0.015400000,0.058600000,0.009500000,0.005100000,0.098500000,0.000000000,0.000000000,0.003900000,0.715300000,0.006500000,3,1,7,7,3,,0.215600000,0.004500000,0.304200000,0.056000000,0.026800000,0.055200000,true,true,0.025600000,0.164500000,0.007700000,0.004200000,0.009300000,103,103,0
966,0,1,1920,1080,640,360,ultra-performance,0.002000000,0.027300000,0.297200000,0.899200000,0.028400000,0.188500000,0.801400000,0.180400000,2.731200000,2.729200000,2.424400000,0.306800000,0.003800000,0.027100000,0.016200000,0.249700000,0.305300000,0.305500000,0.095100000,0.002700000,0.794700000,84,0,103,3,7,0.001900000,0.004700000,0.001500000,0.006500000,0.002900000,0.000700000,0.577400000,0.026200000,0.024000000,0.018600000,0.005800000,0.119800000,0.000100000,0.000000000,0.004500000,0.794600000,0.006800000,3,1,7,7,3,,0.215200000,0.004400000,0.370500000,0.121800000,0.023100000,0.058400000,true,true,0.023700000,0.166000000,0.007800000,0.004000000,0.009700000,103,103,0
967,1,1,1920,1080,640,360,ultra-performance,0.001700000,0.022000000,0.191700000,0.618600000,0.018400000,0.135700000,0.813200000,0.293900000,2.286600000,2.284900000,2.095200000,0.191400000,0.002900000,0.024400000,0.013200000,0.150800000,0.188400000,0.188500000,0.075300000,0.004400000,0.537100000,84,0,103,3,7,0.001200000,0.002800000,0.001200000,0.004400000,0.005900000,0.001100000,0.529800000,0.032400000,0.073500000,0.015200000,0.006400000,0.124400000,0.000000000,0.000000000,0.005900000,0.804200000,0.009000000,3,1,7,7,3,,0.157000000,0.005000000,0.257100000,0.061700000,0.013900000,0.041800000,true,true,0.021500000,0.112000000,0.008100000,0.003900000,0.008500000,103,103,0
968,2,1,1920,1080,640,360,ultra-performance,0.004000000,0.046400000,0.344800000,0.909700000,0.025500000,0.179100000,0.984300000,0.186900000,2.976000000,2.972000000,2.680700000,0.295300000,0.009400000,0.048900000,0.021000000,0.263600000,0.293200000,0.293600000,0.111000000,0.005800000,0.790400000,84,0,103,3,7,0.001800000,0.005200000,0.002000000,0.005000000,0.003400000,0.000600000,0.598700000,0.024300000,0.164900000,0.013900000,0.006500000,0.146100000,0.000100000,0.000000000,0.004300000,0.976800000,0.007500000,3,1,7,7,3,,0.285600000,0.006300000,0.312200000,0.107000000,0.019800000,0.058600000,true,true,0.058500000,0.188800000,0.011900000,0.008800000,0.012800000,103,103,0
969,0,1,1920,1080,640,360,ultra-performance,0.001900000,0.019500000,0.187500000,0.537200000,0.014900000,0.106000000,1.050400000,0.312200000,2.460500000,2.458600000,2.229600000,0.230900000,0.003300000,0.020100000,0.010000000,0.153600000,0.228100000,0.228200000,0.082100000,0.002700000,0.450400000,84,0,103,3,7,0.001400000,0.002700000,0.001400000,0.003700000,0.006200000,0.001100000,0.670800000,0.029100000,0.154500000,0.018800000,0.007000000,0.136900000,0.000000000,0.000000000,0.006900000,1.040500000,0.009900000,3,1,7,7,3,,0.146200000,0.003300000,0.200700000,0.052400000,0.012100000,0.035100000,true,true,0.019800000,0.105100000,0.007000000,0.003700000,0.007800000,103,103,0
970,1,1,1920,1080,640,360,ultra-performance,0.002000000,0.018900000,0.181400000,0.493100000,0.014200000,0.127000000,0.815900000,0.336100000,2.159000000,2.157000000,1.988600000,0.170400000,0.002700000,0.017200000,0.009700000,0.151500000,0.168200000,0.168500000,0.054400000,0.002300000,0.434000000,84,0,103,3,7,0.001500000,0.002700000,0.001200000,0.003400000,0.002200000,0.000500000,0.418000000,0.020300000,0.194700000,0.010300000,0.005100000,0.140900000,0.000100000,0.000000000,0.003000000,0.803900000,0.012000000,3,1,7,7,3,,0.135500000,0.002900000,0.189700000,0.047100000,0.013800000,0.044500000,true,true,0.018100000,0.098700000,0.006400000,0.002500000,0.007200000,103,103,0
971,2,1,1920,1080,640,360,ultra-performance,0.001800000,0.023900000,0.169200000,0.744500000,0.016400000,0.145700000,0.815400000,0.191800000,2.381200000,2.379400000,2.108700000,0.272500000,0.003400000,0.016800000,0.010100000,0.138500000,0.271000000,0.271200000,0.094200000,0.002900000,0.644600000,84,0,103,3,7,0.001900000,0.003500000,0.001900000,0.004300000,0.003300000,0.000600000,0.631500000,0.016000000,0.043800000,0.010000000,0.005300000,0.082600000,0.000000000,0.000000000,0.003900000,0.808600000,0.006800000,3,1,7,7,3,,0.216300000,0.004500000,0.294900000,0.057400000,0.015800000,0.055000000,true,true,0.024800000,0.165700000,0.008000000,0.004200000,0.009400000,103,103,0
972,0,1,1920,1080,640,360,ultra-performance,0.002200000,0.025500000,0.298300000,0.743500000,0.014900000,0.139100000,0.987400000,0.243600000,2.769100000,2.766900000,2.454500000,0.314600000,0.003500000,0.024600000,0.015700000,0.254000000,0.311800000,0.312000000,0.093600000,0.002700000,0.644500000,84,0,103,3,7,0.001600000,0.003600000,0.001700000,0.004300000,0.007600000,0.001500000,0.531700000,0.032300000,0.212300000,0.019500000,0.008500000,0.145900000,0.000100000,0.000000000,0.006700000,0.977300000,0.010100000,3,1,7,7,3,,0.212400000,0.004400000,0.291100000,0.050500000,0.015800000,0.069600000,true,true,0.023600000,0.163400000,0.008000000,0.003800000,0.009400000,103,103,0
973,1,1,1920,1080,640,360,ultra-performance,0.003400000,0.042500000,0.292600000,0.804400000,0.032800000,0.172900000,0.878200000,0.441300000,2.928500000,2.925100000,2.668100000,0.260400000,0.009000000,0.045100000,0.015700000,0.221700000,0.257600000,0.258000000,0.089600000,0.005300000,0.706900000,84,0,103,3,7,0.002300000,0.005000000,0.002100000,0.005600000,0.006200000,0.001300000,0.589100000,0.028900000,0.084300000,0.014400000,0.007800000,0.112700000,0.000100000,0.000000000,0.008000000,0.867800000,0.010400000,3,1,7,7,3,,0.255400000,0.005900000,0.286900000,0.086100000,0.017600000,0.054200000,true,true,0.051800000,0.159800000,0.011800000,0.014700000,0.012500000,103,103,0
974,2,1,1920,1080,640,360,ultra-performance,0.004300000,0.054500000,0.471100000,0.732300000,0.021400000,0.159900000,0.853500000,0.188400000,2.727000000,2.722700000,2.485400000,0.241600000,0.010200000,0.053900000,0.025200000,0.380700000,0.239500000,0.239800000,0.077800000,0.004300000,0.647600000,84,0,103,3,7,0.002000000,0.004400000,0.001400000,0.005600000,0.005400000,0.001200000,0.553800000,0.023800000,0.105100000,0.014300000,0.007000000,0.117700000,0.000200000,0.000000000,0.004800000,0.846700000,0.006800000,3,1,7,7,3,,0.223200000,0.005300000,0.276900000,0.073900000,0.016700000,0.050900000,true,true,0.042500000,0.149200000,0.010800000,0.006300000,0.010400000,103,103,0
975,0,1,1920,1080,640,360,ultra-performance,0.002000000,0.021700000,0.195100000,0.544900000,0.014000000,0.104800000,0.700800000,0.266300000,2.020400000,2.018400000,1.849600000,0.170800000,0.003400000,0.021700000,0.011100000,0.158300000,0.169200000,0.169300000,0.078100000,0.002700000,0.462300000,84,0,103,3,7,0.001200000,0.002500000,0.001200000,0.003200000,0.003900000,0.000900000,0.476200000,0.024800000,0.066800000,0.011000000,0.006300000,0.093300000,0.000100000,0.000000000,0.003600000,0.695000000,0.005800000,3,1,7,7,3,,0.155200000,0.003200000,0.201300000,0.055200000,0.011900000,0.034900000,true,true,0.020200000,0.113700000,0.007200000,0.003600000,0.007600000,103,103,0
976,1,1,1920,1080,640,360,ultra-performance,0.001700000,0.028000000,0.256500000,0.669400000,0.014800000,0.132300000,0.641400000,0.179800000,2.197300000,2.195600000,1.923900000,0.273400000,0.003500000,0.022700000,0.014500000,0.215300000,0.271900000,0.272100000,0.080500000,0.003300000,0.583300000,84,0,103,3,7,0.001800000,0.003200000,0.001600000,0.004100000,0.002500000,0.000600000,0.510700000,0.015900000,0.001300000,0.007400000,0.004100000,0.079800000,0.000100000,0.000000000,0.003500000,0.636600000,0.004800000,3,1,7,7,3,,0.199900000,0.004100000,0.263900000,0.052100000,0.015000000,0.047900000,true,true,0.023600000,0.150500000,0.007900000,0.003700000,0.010100000,103,103,0
977,2,1,1920,1080,640,360,ultra-performance,0.002000000,0.026400000,0.265000000,0.651200000,0.016100000,0.127800000,0.716200000,0.199200000,2.269700000,2.267700000,2.003900000,0.265800000,0.003100000,0.021100000,0.011800000,0.228600000,0.264100000,0.264400000,0.081100000,0.002600000,0.565300000,84,0,103,3,7,0.001400000,0.002800000,0.001700000,0.004400000,0.003200000,0.000400000,0.511000000,0.017000000,0.054900000,0.009400000,0.005200000,0.095400000,0.000000000,0.000000000,0.003600000,0.710400000,0.005800000,3,1,7,7,3,,0.191000000,0.004100000,0.258900000,0.048700000,0.014500000,0.047400000,true,true,0.023200000,0.144200000,0.008100000,0.004000000,0.007900000,103,103,0
978,0,1,1920,1080,640,360,ultra-performance,0.001900000,0.022100000,0.257300000,0.634900000,0.013800000,0.123600000,0.698100000,0.171100000,2.186900000,2.185000000,1.922800000,0.264100000,0.003200000,0.022000000,0.013100000,0.218500000,0.263000000,0.263200000,0.080900000,0.002400000,0.549300000,84,0,103,3,7,0.001600000,0.003000000,0.001500000,0.003700000,0.002600000,0.000600000,0.542800000,0.014800000,0.027100000,0.007600000,0.004600000,0.079100000,0.000000000,0.000000000,0.003300000,0.692300000,0.005800000,3,1,7,7,3,,0.184100000,0.003700000,0.254500000,0.046300000,0.012700000,0.047400000,true,true,0.022100000,0.138600000,0.007700000,0.003500000,0.008500000,103,103,0
979,1,1,1920,1080,640,360,ultra-performance,0.001900000,0.025600000,0.245500000,0.643100000,0.014400000,0.130100000,0.798000000,0.271000000,2.388300000,2.386400000,2.129600000,0.258700000,0.003200000,0.021500000,0.012200000,0.208100000,0.256500000,0.256600000,0.079000000,0.002500000,0.559300000,84,0,103,3,7,0.001700000,0.003300000,0.001500000,0.003400000,0.004500000,0.000900000,0.548800000,0.024100000,0.073700000,0.013500000,0.006100000,0.104400000,0.000000000,0.000000000,0.004700000,0.790600000,0.007400000,3,1,7,7,3,,0.193900000,0.003800000,0.253600000,0.046600000,0.013300000,0.047500000,true,true,0.022200000,0.149300000,0.007300000,0.003600000,0.008000000,103,103,0
980,2,1,1920,1080,640,360,ultra-performance,0.003000000,0.037100000,0.217400000,0.630300000,0.022800000,0.159800000,0.793900000,0.373600000,2.397300000,2.394300000,2.237900000,0.159400000,0.008100000,0.041700000,0.012400000,0.154400000,0.156600000,0.157000000,0.063300000,0.004700000,0.559800000,84,0,103,3,7,0.001400000,0.004100000,0.001300000,0.004000000,0.006600000,0.001200000,0.534600000,0.029000000,0.045600000,0.012500000,0.007200000,0.131600000,0.000100000,0.000000000,0.007200000,0.786400000,0.007500000,3,1,7,7,3,,0.178900000,0.004300000,0.204400000,0.094100000,0.017700000,0.059800000,true,true,0.036100000,0.115800000,0.008500000,0.006100000,0.009400000,103,103,0
981,0,1,1920,1080,640,360,ultra-performance,0.002500000,0.041000000,0.191000000,0.556100000,0.017300000,0.119300000,0.861700000,0.211900000,2.180000000,2.177500000,2.000800000,0.179200000,0.006000000,0.023700000,0.011300000,0.149100000,0.177000000,0.177200000,0.084400000,0.004700000,0.465200000,84,0,103,3,7,0.001600000,0.004000000,0.001300000,0.003900000,0.003900000,0.000800000,0.590700000,0.026200000,0.056400000,0.015500000,0.006800000,0.135200000,0.000100000,0.000000000,0.005900000,0.852300000,0.009400000,3,1,7,7,3,,0.170900000,0.004000000,0.181800000,0.059800000,0.013800000,0.034300000,true,true,0.032300000,0.115000000,0.007200000,0.005100000,0.008000000,103,103,0
982,1,1,1920,1080,640,360,ultra-performance,0.002300000,0.028900000,0.338400000,0.815900000,0.017900000,0.153100000,0.951400000,0.215700000,2.839700000,2.837400000,2.523600000,0.316100000,0.004500000,0.031700000,0.016400000,0.285200000,0.313700000,0.314000000,0.105100000,0.003300000,0.704900000,84,0,103,3,7,0.001900000,0.004100000,0.001800000,0.004900000,0.008600000,0.001500000,0.547600000,0.031700000,0.154200000,0.014800000,0.009800000,0.155700000,0.000100000,0.000000000,0.005200000,0.941900000,0.009500000,3,1,7,7,3,,0.235600000,0.004600000,0.328800000,0.060900000,0.017000000,0.057400000,true,true,0.029500000,0.175500000,0.010200000,0.003900000,0.011900000,103,103,0
983,2,1,1920,1080,640,360,ultra-performance,0.002300000,0.036400000,0.276500000,0.710100000,0.021400000,0.147200000,0.763900000,0.224900000,2.424600000,2.422300000,2.182700000,0.241900000,0.006500000,0.034200000,0.013300000,0.221500000,0.239800000,0.240100000,0.086900000,0.005300000,0.615300000,84,0,103,3,7,0.001700000,0.004100000,0.001700000,0.004000000,0.003700000,0.000900000,0.513900000,0.020600000,0.078500000,0.010000000,0.004800000,0.106100000,0.000100000,0.000000000,0.005700000,0.755800000,0.008100000,3,1,7,7,3,,0.204000000,0.004800000,0.256900000,0.084500000,0.017800000,0.046600000,true,true,0.032900000,0.142400000,0.011000000,0.005200000,0.008800000,103,103,0
984,0,1,1920,1080,640,360,ultra-performance,0.002100000,0.030700000,0.331500000,0.815600000,0.018500000,0.147800000,0.695600000,0.195300000,2.557800000,2.555700000,2.237100000,0.320700000,0.004400000,0.029100000,0.026800000,0.270600000,0.318900000,0.319000000,0.104100000,0.003600000,0.705100000,84,0,103,3,7,0.002100000,0.004000000,0.001800000,0.004200000,0.003200000,0.000800000,0.496700000,0.021700000,0.038200000,0.010100000,0.006000000,0.097100000,0.000000000,0.000000000,0.004200000,0.690100000,0.005500000,3,1,7,7,3,,0.235100000,0.004800000,0.328900000,0.061500000,0.017200000,0.056800000,true,true,0.028300000,0.177000000,0.009300000,0.004100000,0.011800000,103,103,0
985,1,1,1920,1080,640,360,ultra-performance,0.002300000,0.025100000,0.302800000,0.791900000,0.017400000,0.150300000,0.749800000,0.193600000,2.550900000,2.548600000,2.233200000,0.317700000,0.003900000,0.025700000,0.015100000,0.257600000,0.316000000,0.316300000,0.096800000,0.003000000,0.689200000,84,0,103,3,7,0.001800000,0.003400000,0.002300000,0.004500000,0.003800000,0.000800000,0.447000000,0.022000000,0.147600000,0.010400000,0.006200000,0.090800000,0.000000000,0.000000000,0.004200000,0.744800000,0.005000000,3,1,7,7,3,,0.221900000,0.004500000,0.315700000,0.056600000,0.031900000,0.057800000,true,true,0.025100000,0.168300000,0.008600000,0.004100000,0.011400000,103,103,0
986,2,1,1920,1080,640,360,ultra-performance,0.002000000,0.029900000,0.304000000,0.767400000,0.016900000,0.150400000,0.837000000,0.189400000,2.624700000,2.622700000,2.297000000,0.327700000,0.003700000,0.026000000,0.014800000,0.259100000,0.326100000,0.326300000,0.095900000,0.002800000,0.666100000,84,0,103,3,7,0.001600000,0.003400000,0.001800000,0.004200000,0.003200000,0.000500000,0.524100000,0.016900000,0.154900000,0.009500000,0.005000000,0.101500000,0.000100000,0.000000000,0.004000000,0.830700000,0.006300000,3,1,7,7,3,,0.218800000,0.004700000,0.312700000,0.056100000,0.016400000,0.056700000,true,true,0.025700000,0.167000000,0.008000000,0.003800000,0.009900000,103,103,0
987,0,1,1920,1080,640,360,ultra-performance,0.002000000,0.022900000,0.303900000,0.776400000,0.016000000,0.148200000,0.885200000,0.353500000,2.819700000,2.817700000,2.508100000,0.311600000,0.003800000,0.025400000,0.015500000,0.258900000,0.309200000,0.309400000,0.098400000,0.002800000,0.672600000,84,0,103,3,7,0.001800000,0.003600000,0.001800000,0.004500000,0.003100000,0.000600000,0.545100000,0.017400000,0.176100000,0.009100000,0.006500000,0.100400000,0.000000000,0.000000000,0.007700000,0.877700000,0.007500000,3,1,7,7,3,,0.217900000,0.004600000,0.319400000,0.057900000,0.016300000,0.055900000,true,true,0.024700000,0.166900000,0.007900000,0.004000000,0.009600000,103,103,0
988,1,1,1920,1080,640,360,ultra-performance,0.004600000,0.040200000,0.494000000,0.763800000,0.014700000,0.142500000,0.924700000,0.306300000,3.010900000,3.006300000,2.690800000,0.320100000,0.006600000,0.048400000,0.028800000,0.409500000,0.317000000,0.317200000,0.094800000,0.002700000,0.663600000,84,0,103,3,7,0.001800000,0.003500000,0.001700000,0.004100000,0.006400000,0.001300000,0.531300000,0.029400000,0.118000000,0.017400000,0.006800000,0.186600000,0.000000000,0.000000000,0.006000000,0.914300000,0.010400000,3,1,7,7,3,,0.222900000,0.004500000,0.310500000,0.054300000,0.015700000,0.054800000,true,true,0.024500000,0.173200000,0.007600000,0.003700000,0.009500000,103,103,0
989,2,1,1920,1080,640,360,ultra-performance,0.005700000,0.052400000,0.354700000,0.895200000,0.024000000,0.179900000,0.757800000,0.222100000,2.776900000,2.771200000,2.491800000,0.285100000,0.010000000,0.049200000,0.018700000,0.275500000,0.282800000,0.283200000,0.100900000,0.006700000,0.785100000,84,0,103,3,7,0.002100000,0.005500000,0.002100000,0.005300000,0.004000000,0.000900000,0.507600000,0.023900000,0.056600000,0.011700000,0.005800000,0.117000000,0.000200000,0.000000000,0.005800000,0.748500000,0.009300000,3,1,7,7,3,,0.278000000,0.006000000,0.315800000,0.107000000,0.018500000,0.058900000,true,true,0.057900000,0.181200000,0.011200000,0.010900000,0.012000000,103,103,0
990,0,1,1920,1080,640,360,ultra-performance,0.002200000,0.026600000,0.341500000,0.829800000,0.018400000,0.156100000,0.752000000,0.243600000,2.703300000,2.701100000,2.370200000,0.333100000,0.004600000,0.028600000,0.018200000,0.289500000,0.331700000,0.331800000,0.105700000,0.004000000,0.717300000,84,0,103,3,7,0.001900000,0.003500000,0.001900000,0.004100000,0.002200000,0.000400000,0.599800000,0.013000000,0.001200000,0.006100000,0.003700000,0.101800000,0.000000000,0.000000000,0.008400000,0.748000000,0.004000000,3,1,7,7,3,,0.234700000,0.004600000,0.332200000,0.068500000,0.018100000,0.058400000,true,true,0.028700000,0.175800000,0.009800000,0.003800000,0.011900000,103,103,0
991,1,1,1920,1080,640,360,ultra-performance,0.003900000,0.085000000,0.475300000,0.987400000,0.021100000,0.146700000,0.832300000,0.254300000,3.081300000,3.077400000,2.806000000,0.275300000,0.009200000,0.085000000,0.095100000,0.284900000,0.273000000,0.273700000,0.109300000,0.005400000,0.870500000,84,0,103,3,7,0.001700000,0.004000000,0.001100000,0.004100000,0.004300000,0.001000000,0.649700000,0.026200000,0.016000000,0.012900000,0.004700000,0.098100000,0.000100000,0.000000000,0.003400000,0.827300000,0.005000000,3,1,7,7,3,,0.241800000,0.004600000,0.212800000,0.075200000,0.014200000,0.321000000,true,true,0.051400000,0.156000000,0.011700000,0.009000000,0.010000000,103,103,0
992,2,1,1920,1080,640,360,ultra-performance,0.002300000,0.031100000,0.183500000,0.620100000,0.018000000,0.125000000,0.673500000,0.202300000,2.015700000,2.013400000,1.855800000,0.159900000,0.005100000,0.023800000,0.011200000,0.142200000,0.157800000,0.158100000,0.064100000,0.004700000,0.549300000,84,0,103,3,7,0.001200000,0.004000000,0.001200000,0.003600000,0.005500000,0.001100000,0.482800000,0.022600000,0.021100000,0.010200000,0.006500000,0.098500000,0.000100000,0.000000000,0.006000000,0.664400000,0.009100000,3,1,7,7,3,,0.219200000,0.006700000,0.210300000,0.063800000,0.013400000,0.035300000,true,true,0.030900000,0.153500000,0.011000000,0.007900000,0.011200000,103,103,0
993,0,1,1920,1080,640,360,ultra-performance,0.002100000,0.027100000,0.412500000,0.822500000,0.019500000,0.153900000,0.736200000,0.186300000,2.677800000,2.675700000,2.360100000,0.317700000,0.004900000,0.030300000,0.016400000,0.360300000,0.316300000,0.316500000,0.106600000,0.004000000,0.709000000,84,0,103,3,7,0.002000000,0.004000000,0.002000000,0.004500000,0.003100000,0.000500000,0.490400000,0.014800000,0.100300000,0.008300000,0.005000000,0.092400000,0.000000000,0.000000000,0.004100000,0.731400000,0.004800000,3,1,7,7,3,,0.233500000,0.004800000,0.333000000,0.061900000,0.016900000,0.058200000,true,true,0.030200000,0.173800000,0.010100000,0.004300000,0.010500000,103,103,0
994,1,1,1920,1080,640,360,ultra-performance,0.002200000,0.030500000,0.273400000,0.751700000,0.017400000,0.181300000,0.988300000,0.203800000,2.755300000,2.753100000,2.448600000,0.306700000,0.003700000,0.024400000,0.015100000,0.229800000,0.305000000,0.305100000,0.092700000,0.002600000,0.653500000,84,0,103,3,7,0.001900000,0.004000000,0.001700000,0.004800000,0.002900000,0.000600000,0.535100000,0.020500000,0.148300000,0.009800000,0.005500000,0.243000000,0.000000000,0.000000000,0.003900000,0.982000000,0.006300000,3,1,7,7,3,,0.212700000,0.004300000,0.298900000,0.058800000,0.016900000,0.061200000,true,true,0.024900000,0.160200000,0.008500000,0.003700000,0.010800000,103,103,0
995,2,1,1920,1080,640,360,ultra-performance,0.002000000,0.032400000,0.301900000,0.778700000,0.017800000,0.145600000,0.913600000,0.196800000,2.708200000,2.706200000,2.388800000,0.319400000,0.003600000,0.025800000,0.014500000,0.257600000,0.318000000,0.318100000,0.095600000,0.002900000,0.677500000,84,0,103,3,7,0.001700000,0.003700000,0.001700000,0.004000000,0.003000000,0.000500000,0.403300000,0.022700000,0.327300000,0.012300000,0.005700000,0.114800000,0.000000000,0.000000000,0.004300000,0.905000000,0.008600000,3,1,7,7,3,,0.228200000,0.004600000,0.311200000,0.055300000,0.016200000,0.061300000,true,true,0.025200000,0.177200000,0.007700000,0.003900000,0.009700000,103,103,0
996,0,1,1920,1080,640,360,ultra-performance,0.001900000,0.022500000,0.309300000,0.747900000,0.015900000,0.148400000,0.693700000,0.227300000,2.487300000,2.485400000,2.166900000,0.320400000,0.003300000,0.024500000,0.014600000,0.266400000,0.318100000,0.318200000,0.095400000,0.002700000,0.646700000,84,0,103,3,7,0.001900000,0.004500000,0.002300000,0.004200000,0.004600000,0.001000000,0.499700000,0.021300000,0.029900000,0.013400000,0.005100000,0.092900000,0.000000000,0.000000000,0.005200000,0.686000000,0.007700000,3,1,7,7,3,,0.218500000,0.004500000,0.291600000,0.055700000,0.016600000,0.059100000,true,true,0.024300000,0.168100000,0.008200000,0.003600000,0.010000000,103,103,0
997,1,1,1920,1080,640,360,ultra-performance,0.003000000,0.034800000,0.334200000,0.816000000,0.017800000,0.166400000,1.040200000,0.210000000,2.956500000,2.953500000,2.622400000,0.334100000,0.007500000,0.033300000,0.012300000,0.279900000,0.332100000,0.332400000,0.104700000,0.003400000,0.704900000,84,0,103,3,7,0.001900000,0.004000000,0.002200000,0.004800000,0.003600000,0.000800000,0.708600000,0.047300000,0.062300000,0.021800000,0.009300000,0.160600000,0.000000000,0.000000000,0.004400000,1.031600000,0.008600000,3,1,7,7,3,,0.228100000,0.004700000,0.335100000,0.062000000,0.017600000,0.056800000,true,true,0.027700000,0.171000000,0.008800000,0.005100000,0.010500000,103,103,0
998,2,1,1920,1080,640,360,ultra-performance,0.002200000,0.036600000,0.323400000,0.894600000,0.022000000,0.175000000,0.981700000,0.215900000,2.945500000,2.943300000,2.651400000,0.294100000,0.005800000,0.030100000,0.017100000,0.269300000,0.291500000,0.291900000,0.103000000,0.006000000,0.783000000,84,0,103,3,7,0.002000000,0.004700000,0.001800000,0.004000000,0.007900000,0.001600000,0.593200000,0.031600000,0.149400000,0.017700000,0.012800000,0.138700000,0.000300000,0.000000000,0.006300000,0.972000000,0.009700000,3,1,7,7,3,,0.273800000,0.006300000,0.329600000,0.085300000,0.018400000,0.068600000,true,true,0.056600000,0.181700000,0.012300000,0.005700000,0.012800000,103,103,0
999,0,1,1920,1080,640,360,ultra-performance,0.002300000,0.025000000,0.297600000,0.802800000,0.019100000,0.153900000,0.778800000,0.228400000,2.607400000,2.605100000,2.307900000,0.299500000,0.004500000,0.028600000,0.015500000,0.248300000,0.298000000,0.298300000,0.101000000,0.003700000,0.695300000,84,0,103,3,7,0.001900000,0.003800000,0.001800000,0.004600000,0.003100000,0.000600000,0.566500000,0.019000000,0.043600000,0.008700000,0.005700000,0.110400000,0.000100000,0.000000000,0.004100000,0.773900000,0.004900000,3,1,7,7,3,,0.226800000,0.004700000,0.324600000,0.065500000,0.016700000,0.056300000,true,true,0.026100000,0.169900000,0.009900000,0.004300000,0.011300000,103,103,0
1000,1,1,1920,1080,640,360,ultra-performance,0.002200000,0.028000000,0.304400000,0.772200000,0.015200000,0.145700000,0.867300000,0.191600000,2.643900000,2.641700000,2.326600000,0.317300000,0.003700000,0.027200000,0.015100000,0.257800000,0.315800000,0.316100000,0.095400000,0.003300000,0.670700000,84,0,103,3,7,0.001700000,0.003400000,0.001700000,0.004100000,0.003000000,0.000500000,0.512200000,0.017400000,0.068500000,0.009400000,0.005000000,0.230900000,0.000000000,0.000000000,0.004200000,0.862000000,0.005300000,3,1,7,7,3,,0.220900000,0.004400000,0.311800000,0.060300000,0.016400000,0.056000000,true,true,0.025900000,0.168800000,0.008100000,0.003300000,0.010600000,103,103,0
1001,2,1,1920,1080,640,360,ultra-performance,0.001900000,0.028600000,0.301900000,0.717300000,0.029200000,0.145500000,0.771400000,0.170100000,2.486100000,2.484200000,2.165900000,0.320200000,0.003500000,0.025600000,0.014800000,0.257700000,0.318800000,0.318900000,0.084200000,0.002700000,0.627800000,84,0,103,3,7,0.001900000,0.003500000,0.002100000,0.004200000,0.001900000,0.000500000,0.558000000,0.017200000,0.030400000,0.011700000,0.004100000,0.127900000,0.000100000,0.000000000,0.003400000,0.766900000,0.004500000,3,1,7,7,3,,0.205700000,0.004400000,0.294400000,0.053000000,0.016100000,0.053500000,true,true,0.024200000,0.156600000,0.007100000,0.003900000,0.009200000,103,103,0
1002,0,1,1920,1080,640,360,ultra-performance,0.002100000,0.025400000,0.203800000,0.647900000,0.014600000,0.125200000,0.759500000,0.211100000,2.219400000,2.217300000,1.989600000,0.229800000,0.003900000,0.024200000,0.014700000,0.160200000,0.227600000,0.227700000,0.063300000,0.002800000,0.579600000,84,0,103,3,7,0.001600000,0.003400000,0.001600000,0.004000000,0.004600000,0.001000000,0.526000000,0.022800000,0.055300000,0.012000000,0.007400000,0.106100000,0.000100000,0.000000000,0.005200000,0.751100000,0.008400000,3,1,7,7,3,,0.186900000,0.004200000,0.272100000,0.053100000,0.014200000,0.048400000,true,true,0.023800000,0.134400000,0.009300000,0.004200000,0.010700000,103,103,0
1003,1,1,1920,1080,640,360,ultra-performance,0.002400000,0.035600000,0.225500000,0.544000000,0.017700000,0.127800000,0.649400000,0.177200000,1.940200000,1.937800000,1.779600000,0.160600000,0.006200000,0.029800000,0.014900000,0.173600000,0.158700000,0.159000000,0.061200000,0.004100000,0.476900000,84,0,103,3,7,0.001300000,0.003900000,0.001400000,0.004300000,0.003200000,0.000700000,0.443600000,0.024300000,0.026700000,0.010500000,0.006400000,0.110300000,0.000100000,0.000000000,0.005000000,0.641700000,0.007700000,3,1,7,7,3,,0.159700000,0.004700000,0.199700000,0.062500000,0.013400000,0.036200000,true,true,0.029800000,0.105300000,0.008300000,0.004100000,0.008500000,103,103,0
1004,2,1,1920,1080,640,360,ultra-performance,0.001900000,0.021700000,0.200700000,1.114700000,0.013400000,0.116100000,0.882700000,0.168200000,2.743300000,2.741400000,2.519400000,0.223900000,0.003300000,0.020400000,0.011500000,0.165000000,0.222300000,0.222400000,0.063500000,0.002900000,1.045700000,84,0,103,3,7,0.001500000,0.002700000,0.001000000,0.003800000,0.004300000,0.000800000,0.595700000,0.035000000,0.055600000,0.019600000,0.009500000,0.140100000,0.000100000,0.000000000,0.003900000,0.873600000,0.009100000,3,1,7,7,3,,0.213900000,0.004400000,0.648400000,0.113700000,0.017400000,0.046700000,true,true,0.020200000,0.166700000,0.008900000,0.005100000,0.009400000,103,103,0
1005,0,1,1920,1080,640,360,ultra-performance,0.001800000,0.018800000,0.304000000,0.824400000,0.023600000,0.166500000,1.065000000,0.272400000,2.960500000,2.958700000,2.676500000,0.284000000,0.002900000,0.016700000,0.009800000,0.274000000,0.280700000,0.281200000,0.106300000,0.004900000,0.710600000,84,0,103,3,7,0.002100000,0.004200000,0.002300000,0.004700000,0.005400000,0.001100000,0.683400000,0.026500000,0.107500000,0.016600000,0.008300000,0.183700000,0.000100000,0.000000000,0.009300000,1.055200000,0.009800000,3,1,7,7,3,,0.232800000,0.005500000,0.316600000,0.080700000,0.018800000,0.055400000,true,true,0.031600000,0.168600000,0.011200000,0.005100000,0.011300000,103,103,0
1006,1,1,1920,1080,640,360,ultra-performance,0.002000000,0.029200000,0.222200000,0.598800000,0.013300000,0.107000000,0.667800000,0.170800000,1.978800000,1.976800000,1.811100000,0.167700000,0.003800000,0.025200000,0.013100000,0.179300000,0.166500000,0.166600000,0.060200000,0.002500000,0.533800000,84,0,103,3,7,0.001500000,0.002600000,0.001200000,0.003600000,0.002300000,0.000600000,0.489900000,0.016000000,0.035400000,0.008900000,0.005000000,0.093100000,0.000000000,0.000000000,0.003400000,0.663500000,0.004300000,3,1,7,7,3,,0.153300000,0.003900000,0.275600000,0.052000000,0.012600000,0.035900000,true,true,0.019300000,0.105500000,0.010700000,0.004200000,0.009700000,103,103,0
1007,2,1,1920,1080,640,360,ultra-performance,0.001800000,0.020500000,0.197800000,0.557200000,0.016000000,0.138300000,0.958800000,0.342300000,2.487100000,2.485300000,2.232700000,0.254400000,0.002900000,0.016300000,0.009400000,0.168700000,0.251900000,0.252000000,0.055400000,0.002300000,0.496200000,84,0,103,3,7,0.002100000,0.003700000,0.001400000,0.004500000,0.006600000,0.001400000,0.688000000,0.041300000,0.003500000,0.014900000,0.010600000,0.164300000,0.000000000,0.000000000,0.008000000,0.950300000,0.008500000,3,1,7,7,3,,0.149500000,0.004600000,0.250400000,0.044000000,0.011400000,0.035800000,true,true,0.018500000,0.104100000,0.008700000,0.004200000,0.009500000,103,103,0
1008,0,1,1920,1080,640,360,ultra-performance,0.003500000,0.036800000,0.231600000,0.571900000,0.014200000,0.110600000,0.830300000,0.192200000,2.184000000,2.180500000,1.991100000,0.192900000,0.006400000,0.043500000,0.014100000,0.166800000,0.191400000,0.191500000,0.059500000,0.002400000,0.507500000,84,0,103,3,7,0.001100000,0.002800000,0.001200000,0.003400000,0.003500000,0.000800000,0.532400000,0.021400000,0.147700000,0.011200000,0.005600000,0.088000000,0.000100000,0.000000000,0.004100000,0.823300000,0.007000000,3,1,7,7,3,,0.179500000,0.004000000,0.223700000,0.053200000,0.011500000,0.035200000,true,true,0.016600000,0.140100000,0.006600000,0.003700000,0.008600000,103,103,0
1009,1,1,1920,1080,640,360,ultra-performance,0.001900000,0.025600000,0.309400000,0.763800000,0.016100000,0.154300000,0.726400000,0.189600000,2.503900000,2.502000000,2.187100000,0.316800000,0.003700000,0.033000000,0.014700000,0.257600000,0.315300000,0.315400000,0.095500000,0.002900000,0.662500000,84,0,103,3,7,0.002000000,0.003500000,0.002000000,0.004200000,0.002900000,0.000500000,0.400700000,0.014600000,0.187400000,0.009200000,0.004600000,0.084800000,0.000000000,0.000000000,0.003800000,0.720200000,0.006200000,3,1,7,7,3,,0.217600000,0.004800000,0.310800000,0.055900000,0.016900000,0.056000000,true,true,0.024500000,0.166800000,0.008000000,0.004000000,0.009700000,103,103,0
1010,2,1,1920,1080,640,360,ultra-performance,0.001800000,0.022600000,0.309600000,0.807500000,0.017200000,0.136700000,0.841200000,0.183400000,2.640400000,2.638600000,2.320000000,0.320400000,0.003400000,0.024300000,0.014500000,0.267100000,0.318500000,0.318600000,0.095300000,0.002900000,0.706600000,84,0,103,3,7,0.001900000,0.003900000,0.002200000,0.004100000,0.003000000,0.000700000,0.532700000,0.017300000,0.088100000,0.011500000,0.005000000,0.160500000,0.000000000,0.000000000,0.003400000,0.834300000,0.006900000,3,1,7,7,3,,0.216000000,0.004500000,0.355300000,0.059600000,0.014900000,0.055600000,true,true,0.024400000,0.166100000,0.007400000,0.003800000,0.009800000,103,103,0
1011,0,1,1920,1080,640,360,ultra-performance,0.001600000,0.023400000,0.209600000,0.749800000,0.015700000,0.148900000,0.822700000,0.193500000,2.412700000,2.411100000,2.165200000,0.247500000,0.003500000,0.020500000,0.015300000,0.169900000,0.246100000,0.246300000,0.079500000,0.002500000,0.665200000,84,0,103,3,7,0.001700000,0.003600000,0.001700000,0.004800000,0.003200000,0.000500000,0.463600000,0.016000000,0.207400000,0.010100000,0.005100000,0.094900000,0.000000000,0.000000000,0.004100000,0.816700000,0.006000000,3,1,7,7,3,,0.218900000,0.004600000,0.303600000,0.061000000,0.017000000,0.059300000,true,true,0.022700000,0.169800000,0.007400000,0.004600000,0.009500000,103,103,0
1012,1,1,1920,1080,640,360,ultra-performance,0.002000000,0.022900000,0.302900000,0.762900000,0.014700000,0.142400000,0.724600000,0.255600000,2.547400000,2.545400000,2.228000000,0.319400000,0.003500000,0.025200000,0.015400000,0.258300000,0.317200000,0.317300000,0.095300000,0.002900000,0.661900000,84,0,103,3,7,0.001800000,0.003200000,0.001700000,0.004000000,0.004100000,0.000700000,0.506600000,0.021300000,0.044800000,0.012300000,0.007400000,0.104500000,0.000100000,0.000000000,0.005000000,0.717500000,0.007100000,3,1,7,7,3,,0.216900000,0.004400000,0.314600000,0.053700000,0.016300000,0.055100000,true,true,0.024600000,0.166500000,0.007800000,0.004000000,0.009800000,103,103,0
1013,2,1,1920,1080,640,360,ultra-performance,0.002800000,0.037200000,0.219000000,0.604500000,0.016600000,0.169700000,0.737100000,0.186200000,2.144000000,2.141200000,1.973100000,0.170900000,0.006900000,0.033600000,0.014800000,0.162700000,0.169100000,0.169400000,0.084000000,0.004700000,0.513900000,84,0,103,3,7,0.002100000,0.004500000,0.002100000,0.004800000,0.003700000,0.000700000,0.500800000,0.024700000,0.062600000,0.010700000,0.006700000,0.103500000,0.000100000,0.000000000,0.003800000,0.730800000,0.006300000,3,1,7,7,3,,0.199900000,0.004100000,0.198500000,0.063100000,0.012700000,0.034900000,true,true,0.035700000,0.140000000,0.007900000,0.004800000,0.007900000,103,103,0
1014,0,1,1920,1080,640,360,ultra-performance,0.002500000,0.033100000,0.267000000,0.703500000,0.020600000,0.163400000,0.739700000,0.237600000,2.443100000,2.440600000,2.167400000,0.275700000,0.005100000,0.025900000,0.014000000,0.221200000,0.273400000,0.273800000,0.084600000,0.003500000,0.613100000,84,0,103,3,7,0.001700000,0.004800000,0.001500000,0.004100000,0.004100000,0.000800000,0.539200000,0.024100000,0.037600000,0.011600000,0.006900000,0.090200000,0.000100000,0.000000000,0.005500000,0.732200000,0.007500000,3,1,7,7,3,,0.200800000,0.005300000,0.271200000,0.067200000,0.015700000,0.052000000,true,true,0.025600000,0.145900000,0.009500000,0.004500000,0.010700000,103,103,0
1015,1,1,1920,1080,640,360,ultra-performance,0.002600000,0.028700000,0.268600000,0.518900000,0.018100000,0.109700000,0.744300000,0.196500000,2.084600000,2.082000000,1.887400000,0.197200000,0.004800000,0.034500000,0.017700000,0.210900000,0.194800000,0.194900000,0.063700000,0.003000000,0.450000000,84,0,103,3,7,0.001400000,0.002800000,0.001200000,0.003600000,0.003400000,0.000800000,0.547600000,0.019800000,0.043200000,0.012600000,0.006400000,0.088400000,0.000000000,0.000000000,0.005200000,0.736400000,0.007900000,3,1,7,7,3,,0.143200000,0.003300000,0.203900000,0.049100000,0.011900000,0.037900000,true,true,0.020300000,0.101300000,0.007000000,0.003400000,0.008200000,103,103,0
1016,2,1,1920,1080,640,360,ultra-performance,0.002000000,0.029400000,0.271000000,0.666700000,0.015100000,0.114000000,0.867200000,0.360500000,2.553900000,2.551900000,2.325900000,0.228000000,0.004500000,0.028400000,0.016100000,0.221400000,0.224600000,0.224900000,0.071600000,0.004400000,0.588800000,84,0,103,3,7,0.001100000,0.003100000,0.001000000,0.003300000,0.006400000,0.001200000,0.523700000,0.027200000,0.118800000,0.015700000,0.009600000,0.137400000,0.000100000,0.000000000,0.008500000,0.857100000,0.010100000,3,1,7,7,3,,0.229700000,0.004700000,0.251500000,0.055300000,0.013000000,0.034300000,true,true,0.036500000,0.163300000,0.010500000,0.004400000,0.010800000,103,103,0
1017,0,1,1920,1080,640,360,ultra-performance,0.003600000,0.033100000,0.282800000,0.698500000,0.018000000,0.124400000,0.804500000,0.326200000,2.567300000,2.563700000,2.291100000,0.276200000,0.004100000,0.027900000,0.014400000,0.235700000,0.274700000,0.274800000,0.078500000,0.003000000,0.614500000,84,0,103,3,7,0.001700000,0.003100000,0.001800000,0.003300000,0.003100000,0.000700000,0.511100000,0.027400000,0.118300000,0.010800000,0.005300000,0.107300000,0.000000000,0.000000000,0.004300000,0.798200000,0.006300000,3,1,7,7,3,,0.201800000,0.004200000,0.284700000,0.056200000,0.015500000,0.051600000,true,true,0.025600000,0.149300000,0.009100000,0.003800000,0.009800000,103,103,0
1018,1,1,1920,1080,640,360,ultra-performance,0.002100000,0.030200000,0.170400000,0.484500000,0.011600000,0.114800000,0.663100000,0.190900000,1.851700000,1.849600000,1.667600000,0.184100000,0.003300000,0.017000000,0.009700000,0.140000000,0.182800000,0.183000000,0.055100000,0.002200000,0.425200000,84,0,103,3,7,0.001800000,0.003600000,0.001800000,0.003900000,0.002800000,0.000600000,0.465700000,0.019400000,0.055400000,0.009300000,0.004300000,0.085300000,0.000000000,0.000000000,0.004000000,0.657900000,0.005200000,3,1,7,7,3,,0.134400000,0.003200000,0.195300000,0.046400000,0.011000000,0.034300000,true,true,0.017200000,0.097000000,0.006000000,0.003500000,0.007800000,103,103,0
1019,2,1,1920,1080,640,360,ultra-performance,0.002100000,0.028500000,0.311900000,0.770200000,0.017100000,0.146400000,0.723600000,0.248000000,2.583800000,2.581700000,2.247800000,0.336000000,0.003800000,0.025400000,0.016000000,0.266200000,0.333800000,0.333900000,0.097100000,0.003000000,0.667400000,84,0,103,3,7,0.001800000,0.003700000,0.001700000,0.004500000,0.005300000,0.001000000,0.470700000,0.029400000,0.033600000,0.014000000,0.008600000,0.136000000,0.000100000,0.000000000,0.006400000,0.716800000,0.006800000,3,1,7,7,3,,0.216100000,0.004200000,0.307900000,0.063500000,0.018200000,0.056500000,true,true,0.024800000,0.164900000,0.007600000,0.004500000,0.009500000,103,103,0
1020,0,1,1920,1080,640,360,ultra-performance,0.002000000,0.023800000,0.252600000,0.645000000,0.013000000,0.122100000,0.876700000,0.214800000,2.424400000,2.422400000,2.150000000,0.274400000,0.003400000,0.017600000,0.009400000,0.221900000,0.272200000,0.272400000,0.081600000,0.002800000,0.558500000,84,0,103,3,7,0.001600000,0.003600000,0.001600000,0.004500000,0.004200000,0.001100000,0.543600000,0.020800000,0.165800000,0.011600000,0.005500000,0.100600000,0.000100000,0.000000000,0.004900000,0.869500000,0.007200000,3,1,7,7,3,,0.188000000,0.004100000,0.249000000,0.060000000,0.014000000,0.042700000,true,true,0.022100000,0.139900000,0.008400000,0.004300000,0.008900000,103,103,0
1021,1,1,1920,1080,640,360,ultra-performance,0.002700000,0.044200000,0.217900000,0.672300000,0.021200000,0.157800000,0.885800000,0.289200000,2.538900000,2.536200000,2.291100000,0.247800000,0.007500000,0.031600000,0.010900000,0.167200000,0.244600000,0.245200000,0.085700000,0.006700000,0.577700000,84,0,103,3,7,0.001400000,0.004200000,0.001400000,0.004700000,0.006300000,0.001200000,0.572100000,0.033500000,0.073900000,0.016800000,0.008800000,0.139600000,0.000200000,0.000000000,0.008900000,0.873000000,0.012800000,3,1,7,7,3,,0.200400000,0.005000000,0.216600000,0.091400000,0.016600000,0.046000000,true,true,0.037600000,0.126600000,0.013100000,0.009200000,0.009800000,103,103,0
1022,2,1,1920,1080,640,360,ultra-performance,0.002100000,0.030400000,0.281600000,0.719000000,0.017300000,0.144600000,0.937100000,0.192000000,2.590900000,2.588800000,2.324100000,0.266800000,0.004800000,0.025000000,0.013300000,0.237600000,0.265300000,0.265400000,0.090500000,0.003600000,0.622200000,84,0,103,3,7,0.002200000,0.003400000,0.001800000,0.003900000,0.003200000,0.000800000,0.571100000,0.021300000,0.151000000,0.010500000,0.005900000,0.152500000,0.000100000,0.000000000,0.003600000,0.931300000,0.005800000,3,1,7,7,3,,0.205700000,0.004100000,0.285300000,0.058100000,0.015900000,0.052600000,true,true,0.028700000,0.148900000,0.009500000,0.004100000,0.010100000,103,103,0
1023,0,1,1920,1080,640,360,ultra-performance,0.002200000,0.027000000,0.259300000,0.678800000,0.015600000,0.131400000,0.819800000,0.421600000,2.630700000,2.628500000,2.355700000,0.275000000,0.004100000,0.023700000,0.013100000,0.217900000,0.265300000,0.265400000,0.082600000,0.003100000,0.590600000,84,0,103,3,7,0.001700000,0.003000000,0.001600000,0.004200000,0.002800000,0.000600000,0.503900000,0.016300000,0.104500000,0.007700000,0.005000000,0.160400000,0.000200000,0.000000000,0.003800000,0.815700000,0.004100000,3,1,7,7,3,,0.191300000,0.004000000,0.280400000,0.050300000,0.014000000,0.050200000,true,true,0.024300000,0.142900000,0.007200000,0.004200000,0.008800000,103,103,0
1024,1,1,1920,1080,640,360,ultra-performance,0.003400000,0.042000000,0.561800000,0.669400000,0.015200000,0.141900000,0.887100000,0.189400000,2.778500000,2.775100000,2.510200000,0.268300000,0.006100000,0.042400000,0.025700000,0.486800000,0.267000000,0.267100000,0.080100000,0.002800000,0.584200000,84,0,103,3,7,0.001800000,0.003300000,0.001400000,0.004000000,0.003900000,0.000600000,0.564400000,0.023600000,0.151500000,0.011800000,0.006300000,0.104600000,0.000100000,0.000000000,0.003500000,0.880800000,0.006300000,3,1,7,7,3,,0.206500000,0.004200000,0.262100000,0.048000000,0.013700000,0.049300000,true,true,0.023400000,0.157700000,0.008700000,0.004000000,0.008700000,103,103,0
1025,2,1,1920,1080,640,360,ultra-performance,0.003000000,0.033500000,0.257500000,0.666600000,0.014700000,0.130000000,0.758300000,0.188100000,2.316800000,2.313800000,2.051700000,0.265100000,0.003900000,0.022800000,0.012900000,0.217300000,0.263400000,0.263600000,0.081600000,0.002700000,0.580000000,84,0,103,3,7,0.001400000,0.003200000,0.001700000,0.003800000,0.002700000,0.000400000,0.504300000,0.015600000,0.095800000,0.008000000,0.005100000,0.107200000,0.000100000,0.000000000,0.004000000,0.753300000,0.005000000,3,1,7,7,3,,0.189500000,0.004100000,0.273100000,0.050000000,0.014300000,0.048400000,true,true,0.023100000,0.142600000,0.007900000,0.003900000,0.008100000,103,103,0
1026,0,1,1920,1080,640,360,ultra-performance,0.001900000,0.023400000,0.251800000,0.688700000,0.015200000,0.136600000,0.895000000,0.257300000,2.537800000,2.535900000,2.269900000,0.267900000,0.003400000,0.021600000,0.012800000,0.213600000,0.265600000,0.265800000,0.079400000,0.002600000,0.604300000,84,0,103,3,7,0.001500000,0.003100000,0.001700000,0.015100000,0.004700000,0.001000000,0.629300000,0.023400000,0.079400000,0.013200000,0.005800000,0.104100000,0.000200000,0.000000000,0.005000000,0.887500000,0.007500000,3,1,7,7,3,,0.212300000,0.004200000,0.268500000,0.053300000,0.015700000,0.049800000,true,true,0.023300000,0.164000000,0.007900000,0.003600000,0.009400000,103,103,0
1027,1,1,1920,1080,640,360,ultra-performance,0.003400000,0.039300000,0.225400000,0.860700000,0.024000000,0.177100000,0.844600000,0.223300000,2.580800000,2.577400000,2.397800000,0.183000000,0.009000000,0.035800000,0.013400000,0.166200000,0.180400000,0.180700000,0.101000000,0.006400000,0.750500000,84,0,103,3,7,0.002000000,0.005000000,0.001600000,0.004600000,0.004700000,0.001000000,0.583000000,0.026500000,0.066100000,0.013200000,0.007100000,0.114500000,0.000100000,0.000000000,0.006600000,0.836000000,0.008600000,3,1,7,7,3,,0.249500000,0.006900000,0.313500000,0.106400000,0.017800000,0.055500000,true,true,0.058800000,0.157300000,0.009900000,0.006500000,0.011200000,103,103,0
1028,2,1,1920,1080,640,360,ultra-performance,0.002200000,0.031100000,0.324000000,0.797400000,0.018200000,0.148000000,0.980800000,0.301300000,2.966400000,2.964200000,2.603000000,0.363400000,0.004900000,0.029100000,0.019500000,0.270000000,0.360900000,0.361000000,0.103600000,0.004000000,0.687300000,84,0,103,3,7,0.001800000,0.003700000,0.001800000,0.004200000,0.009200000,0.001700000,0.633400000,0.036600000,0.047600000,0.018600000,0.011500000,0.195400000,0.000100000,0.000000000,0.005600000,0.971200000,0.009600000,3,1,7,7,3,,0.227500000,0.004500000,0.317800000,0.065100000,0.016700000,0.055000000,true,true,0.029800000,0.169000000,0.009400000,0.004500000,0.010400000,103,103,0
1029,0,1,1920,1080,640,360,ultra-performance,0.004600000,0.063600000,0.353600000,0.856600000,0.021100000,0.183400000,0.705400000,0.185300000,2.655800000,2.651200000,2.373600000,0.282200000,0.014400000,0.059700000,0.019200000,0.258900000,0.280400000,0.280700000,0.100400000,0.006700000,0.747400000,84,0,103,3,7,0.001800000,0.005100000,0.002100000,0.004000000,0.003300000,0.000500000,0.506800000,0.027100000,0.038300000,0.010000000,0.005200000,0.092100000,0.000100000,0.000000000,0.003500000,0.699900000,0.005500000,3,1,7,7,3,,0.268500000,0.006400000,0.284000000,0.112800000,0.020300000,0.054300000,true,true,0.050700000,0.181600000,0.011200000,0.007000000,0.012900000,103,103,0
1030,1,1,1920,1080,640,360,ultra-performance,0.002500000,0.032900000,0.174100000,0.700500000,0.021000000,0.176600000,0.953000000,0.893900000,3.113800000,3.111300000,2.954500000,0.159300000,0.005900000,0.023400000,0.009600000,0.134400000,0.156500000,0.156900000,0.052100000,0.004000000,0.641800000,84,0,103,3,7,0.001800000,0.004700000,0.001700000,0.003900000,0.005000000,0.001000000,0.571900000,0.030100000,0.088100000,0.016200000,0.005900000,0.208000000,0.000200000,0.000000000,0.005900000,0.944400000,0.008600000,3,1,7,7,3,,0.201000000,0.004600000,0.289300000,0.075000000,0.017000000,0.054100000,true,true,0.025100000,0.145400000,0.009200000,0.006300000,0.010700000,103,103,0
1031,2,1,1920,1080,640,360,ultra-performance,0.004500000,0.052500000,0.593000000,0.720900000,0.020000000,0.153100000,0.900700000,0.285600000,3.073900000,3.069400000,2.730300000,0.343600000,0.009500000,0.053100000,0.031600000,0.497800000,0.340700000,0.341000000,0.104400000,0.004100000,0.609700000,84,0,103,3,7,0.001900000,0.003500000,0.001200000,0.004000000,0.005500000,0.000800000,0.496400000,0.023700000,0.222100000,0.014500000,0.008000000,0.103300000,0.000300000,0.000000000,0.005900000,0.891100000,0.009600000,3,1,7,7,3,,0.237300000,0.005000000,0.231300000,0.064100000,0.016000000,0.055400000,true,true,0.035900000,0.171900000,0.009700000,0.004500000,0.010600000,103,103,0
1032,0,1,1920,1080,640,360,ultra-performance,0.002800000,0.042100000,0.434200000,0.536700000,0.015900000,0.111900000,0.771800000,0.535800000,2.678000000,2.675200000,2.451200000,0.226800000,0.007700000,0.037000000,0.016000000,0.372300000,0.224500000,0.224900000,0.066800000,0.002900000,0.465100000,84,0,103,3,7,0.001600000,0.003400000,0.001200000,0.004000000,0.004300000,0.000900000,0.472500000,0.024500000,0.123600000,0.010100000,0.006500000,0.107300000,0.000000000,0.000000000,0.004600000,0.764500000,0.007300000,3,1,7,7,3,,0.155100000,0.003200000,0.206600000,0.051300000,0.013100000,0.035300000,true,true,0.026700000,0.105100000,0.007500000,0.004300000,0.008100000,103,103,0
1033,1,1,1920,1080,640,360,ultra-performance,0.002800000,0.041800000,0.320800000,0.774700000,0.020100000,0.159200000,0.898000000,0.248000000,2.776900000,2.774100000,2.465400000,0.311500000,0.004200000,0.046700000,0.016200000,0.252900000,0.309200000,0.309500000,0.092200000,0.003200000,0.676500000,84,0,103,3,7,0.002100000,0.003900000,0.002300000,0.005200000,0.004600000,0.000900000,0.567900000,0.027800000,0.160700000,0.013700000,0.005900000,0.089100000,0.000000000,0.000000000,0.005100000,0.889200000,0.008800000,3,1,7,7,3,,0.223000000,0.004800000,0.314100000,0.061300000,0.017200000,0.055400000,true,true,0.028200000,0.165700000,0.009400000,0.004900000,0.010000000,103,103,0
1034,2,1,1920,1080,640,360,ultra-performance,0.003600000,0.025900000,0.182700000,0.546400000,0.014200000,0.106300000,0.787900000,0.202300000,2.039600000,2.036000000,1.869300000,0.170300000,0.003600000,0.020800000,0.012600000,0.145000000,0.168500000,0.168600000,0.060100000,0.002600000,0.481500000,84,0,103,3,7,0.001300000,0.002800000,0.001200000,0.003900000,0.004200000,0.001000000,0.558100000,0.023500000,0.075800000,0.014400000,0.006200000,0.081500000,0.000000000,0.000000000,0.005500000,0.779400000,0.008500000,3,1,7,7,3,,0.173100000,0.005100000,0.207900000,0.046400000,0.013000000,0.035500000,true,true,0.018600000,0.122200000,0.012000000,0.004900000,0.010500000,103,103,0
1035,0,1,1920,1080,640,360,ultra-performance,0.003100000,0.040900000,0.300500000,0.840400000,0.025200000,0.169400000,0.883000000,0.246600000,2.760800000,2.757700000,2.509100000,0.251700000,0.009400000,0.038100000,0.016100000,0.235700000,0.249400000,0.249800000,0.092100000,0.006900000,0.738900000,84,0,103,3,7,0.001900000,0.004700000,0.001800000,0.004400000,0.003800000,0.000900000,0.666700000,0.020100000,0.002600000,0.009200000,0.005100000,0.148700000,0.000100000,0.000000000,0.005500000,0.875500000,0.007500000,3,1,7,7,3,,0.269700000,0.005900000,0.300100000,0.090600000,0.018200000,0.053500000,true,true,0.065200000,0.163700000,0.012200000,0.010800000,0.013000000,103,103,0
1036,1,1,1920,1080,640,360,ultra-performance,0.002500000,0.034800000,0.323400000,0.830600000,0.020500000,0.158700000,1.184300000,0.274200000,3.150500000,3.148000000,2.829000000,0.321500000,0.004800000,0.031100000,0.018200000,0.268500000,0.318600000,0.318700000,0.105600000,0.004100000,0.718000000,84,0,103,3,7,0.001900000,0.003800000,0.001900000,0.004500000,0.005900000,0.001300000,0.704600000,0.044600000,0.182800000,0.024800000,0.010700000,0.177700000,0.000000000,0.000000000,0.008100000,1.172600000,0.011700000,3,1,7,7,3,,0.232400000,0.004800000,0.328500000,0.076800000,0.017400000,0.057400000,true,true,0.030200000,0.171600000,0.010500000,0.004300000,0.011200000,103,103,0
1037,2,1,1920,1080,640,360,ultra-performance,0.002800000,0.036800000,0.236400000,0.719300000,0.020600000,0.164200000,0.805400000,0.208800000,2.389100000,2.386300000,2.194300000,0.194800000,0.007800000,0.040700000,0.016700000,0.170200000,0.193000000,0.193300000,0.087200000,0.005800000,0.624400000,84,0,103,3,7,0.001400000,0.004600000,0.001500000,0.003900000,0.004300000,0.000900000,0.587500000,0.027800000,0.043300000,0.012400000,0.006100000,0.099600000,0.000100000,0.000000000,0.005300000,0.798700000,0.006700000,3,1,7,7,3,,0.228000000,0.004700000,0.260600000,0.076000000,0.014900000,0.039400000,true,true,0.050400000,0.148100000,0.009000000,0.006900000,0.010000000,103,103,0
1038,0,1,1920,1080,640,360,ultra-performance,0.002500000,0.040000000,0.333500000,0.828500000,0.022600000,0.164000000,0.752600000,0.458700000,2.914600000,2.912100000,2.602400000,0.312200000,0.004700000,0.039500000,0.018200000,0.270200000,0.309800000,0.310000000,0.104000000,0.004000000,0.717600000,84,0,103,3,7,0.002200000,0.004000000,0.001800000,0.004700000,0.004600000,0.001100000,0.447500000,0.028300000,0.115800000,0.011800000,0.007500000,0.111100000,0.000000000,0.000000000,0.004600000,0.745000000,0.007600000,3,1,7,7,3,,0.236600000,0.005000000,0.332300000,0.067300000,0.018100000,0.057800000,true,true,0.030500000,0.172900000,0.011300000,0.005100000,0.012300000,103,103,0
1039,1,1,1920,1080,640,360,ultra-performance,0.002800000,0.034300000,0.207600000,0.688800000,0.015800000,0.117400000,0.836300000,0.242500000,2.425500000,2.422700000,2.145500000,0.280000000,0.004400000,0.020000000,0.011200000,0.171500000,0.277600000,0.277800000,0.097300000,0.003500000,0.586000000,84,0,103,3,7,0.001300000,0.002800000,0.001400000,0.004000000,0.007400000,0.001300000,0.367700000,0.029500000,0.225600000,0.015200000,0.009000000,0.155500000,0.000000000,0.000000000,0.006300000,0.827000000,0.009300000,3,1,7,7,3,,0.215100000,0.004700000,0.269200000,0.047800000,0.012900000,0.035700000,true,true,0.026500000,0.156800000,0.010700000,0.004900000,0.011200000,103,103,0
1040,2,1,1920,1080,640,360,ultra-performance,0.002100000,0.026200000,0.201000000,0.497300000,0.014200000,0.125800000,0.709200000,0.205300000,2.034200000,2.032100000,1.781100000,0.253100000,0.003200000,0.017500000,0.010100000,0.169400000,0.251400000,0.251700000,0.065400000,0.003100000,0.426800000,84,0,103,3,7,0.001700000,0.003900000,0.001800000,0.004400000,0.002600000,0.000600000,0.456600000,0.031000000,0.051800000,0.013200000,0.005500000,0.127400000,0.000100000,0.000000000,0.003700000,0.704300000,0.004900000,3,1,7,7,3,,0.140600000,0.003400000,0.189600000,0.045600000,0.012100000,0.035100000,true,true,0.019000000,0.101100000,0.006200000,0.003700000,0.007000000,103,103,0
1041,0,1,1920,1080,640,360,ultra-performance,0.002000000,0.029400000,0.236800000,0.608700000,0.019600000,0.144700000,0.558200000,0.212800000,2.002200000,2.000200000,1.812200000,0.190000000,0.003300000,0.022000000,0.012300000,0.198800000,0.188300000,0.188600000,0.082500000,0.002800000,0.520600000,84,0,103,3,7,0.002000000,0.004100000,0.002000000,0.005000000,0.002200000,0.000600000,0.369600000,0.018900000,0.050500000,0.007700000,0.004000000,0.084500000,0.000100000,0.000000000,0.003200000,0.554400000,0.003800000,3,1,7,7,3,,0.152500000,0.003300000,0.241000000,0.047400000,0.019100000,0.056800000,true,true,0.022800000,0.109100000,0.006600000,0.003800000,0.007100000,103,103,0
1042,1,1,1920,1080,640,360,ultra-performance,0.002300000,0.029100000,0.303400000,0.762300000,0.017600000,0.153200000,1.125500000,0.189200000,2.907500000,2.905200000,2.582600000,0.324900000,0.004200000,0.025500000,0.015800000,0.257500000,0.323300000,0.323400000,0.095100000,0.002900000,0.661600000,84,0,103,3,7,0.001700000,0.003700000,0.001900000,0.004200000,0.006400000,0.001100000,0.537700000,0.026500000,0.347800000,0.018500000,0.008800000,0.153700000,0.000100000,0.000000000,0.004200000,1.116300000,0.009200000,3,1,7,7,3,,0.217000000,0.004800000,0.308600000,0.057900000,0.016900000,0.055900000,true,true,0.024100000,0.165700000,0.008500000,0.004000000,0.010000000,103,103,0
1043,2,1,1920,1080,640,360,ultra-performance,0.002200000,0.033800000,0.274800000,0.609100000,0.015000000,0.106800000,0.718600000,0.173400000,2.184000000,2.181800000,1.933700000,0.250300000,0.003800000,0.026200000,0.015600000,0.228600000,0.248900000,0.249100000,0.089100000,0.002600000,0.515000000,84,0,103,3,7,0.001400000,0.002700000,0.001100000,0.003700000,0.002400000,0.000500000,0.479000000,0.022700000,0.057000000,0.013400000,0.005600000,0.119100000,0.000000000,0.000000000,0.003300000,0.711900000,0.006700000,3,1,7,7,3,,0.137200000,0.003200000,0.267700000,0.057300000,0.013400000,0.035200000,true,true,0.018300000,0.098400000,0.006700000,0.003900000,0.006600000,103,103,0
1044,0,1,1920,1080,640,360,ultra-performance,0.001800000,0.021800000,0.178000000,0.583800000,0.016300000,0.130000000,0.667400000,0.216900000,1.986800000,1.985000000,1.816000000,0.170800000,0.002900000,0.016600000,0.008900000,0.149100000,0.169100000,0.169300000,0.083900000,0.003000000,0.494400000,84,0,103,3,7,0.001200000,0.002900000,0.001300000,0.003600000,0.003000000,0.000700000,0.459000000,0.019700000,0.054000000,0.010800000,0.005300000,0.095600000,0.000000000,0.000000000,0.004200000,0.661300000,0.006100000,3,1,7,7,3,,0.195900000,0.003300000,0.184400000,0.048000000,0.014500000,0.047800000,true,true,0.023600000,0.147300000,0.008600000,0.004100000,0.008500000,103,103,0
1045,1,1,1920,1080,640,360,ultra-performance,0.002100000,0.030300000,0.306000000,0.771700000,0.017700000,0.150600000,0.907300000,0.201700000,2.713800000,2.711700000,2.387400000,0.326400000,0.003700000,0.026200000,0.015500000,0.260100000,0.325100000,0.325300000,0.095700000,0.003000000,0.670200000,84,0,103,3,7,0.001700000,0.003500000,0.002100000,0.004400000,0.004300000,0.000800000,0.545900000,0.023200000,0.196600000,0.011900000,0.006200000,0.095300000,0.000100000,0.000000000,0.004200000,0.900200000,0.007100000,3,1,7,7,3,,0.221400000,0.004900000,0.311100000,0.058400000,0.016900000,0.056800000,true,true,0.023900000,0.169700000,0.009000000,0.003900000,0.010200000,103,103,0
1046,2,1,1920,1080,640,360,ultra-performance,0.002100000,0.027100000,0.283700000,0.762000000,0.016600000,0.150300000,0.818900000,0.197300000,2.566300000,2.564200000,2.258000000,0.308300000,0.003900000,0.023800000,0.015000000,0.240500000,0.306900000,0.307100000,0.088100000,0.003200000,0.668000000,84,0,103,3,7,0.002000000,0.003600000,0.001800000,0.004600000,0.003000000,0.000600000,0.549600000,0.016800000,0.077000000,0.009900000,0.005100000,0.134800000,0.000100000,0.000000000,0.004000000,0.812900000,0.006000000,3,1,7,7,3,,0.216200000,0.004800000,0.314500000,0.058800000,0.016600000,0.056500000,true,true,0.024900000,0.162800000,0.008700000,0.004200000,0.010600000,103,103,0
1047,0,1,1920,1080,640,360,ultra-performance,0.002000000,0.025800000,0.303300000,0.759900000,0.016100000,0.143700000,0.829600000,0.300400000,2.701200000,2.699200000,2.380800000,0.320400000,0.003700000,0.025500000,0.015200000,0.258500000,0.317400000,0.317600000,0.095700000,0.002600000,0.658600000,84,0,103,3,7,0.001600000,0.003000000,0.001800000,0.004100000,0.006000000,0.001100000,0.514200000,0.022000000,0.111300000,0.015600000,0.007400000,0.125100000,0.000000000,0.000000000,0.007000000,0.820200000,0.009400000,3,1,7,7,3,,0.215600000,0.004300000,0.313300000,0.053600000,0.016100000,0.055000000,true,true,0.024500000,0.166200000,0.008100000,0.003500000,0.009000000,103,103,0
1048,1,1,1920,1080,640,360,ultra-performance,0.003500000,0.049800000,0.345100000,0.903200000,0.023800000,0.184600000,0.786000000,0.214300000,2.803700000,2.800200000,2.510300000,0.293400000,0.010100000,0.051200000,0.018400000,0.264000000,0.290800000,0.291200000,0.089400000,0.007100000,0.804000000,84,0,103,3,7,0.001800000,0.005000000,0.001700000,0.005400000,0.004000000,0.000800000,0.552900000,0.022800000,0.060400000,0.009000000,0.005000000,0.102000000,0.000100000,0.000000000,0.006300000,0.777200000,0.008800000,3,1,7,7,3,,0.289600000,0.006400000,0.324300000,0.100400000,0.020700000,0.061600000,true,true,0.058700000,0.189400000,0.012400000,0.008900000,0.014500000,103,103,0
1049,2,1,1920,1080,640,360,ultra-performance,0.002300000,0.028400000,0.271400000,0.749600000,0.015000000,0.110300000,0.816000000,0.264400000,2.480000000,2.477700000,2.257400000,0.222600000,0.003500000,0.021300000,0.011700000,0.234100000,0.219600000,0.219800000,0.085800000,0.003600000,0.658000000,84,0,103,3,7,0.001800000,0.003500000,0.001900000,0.004100000,0.005500000,0.001100000,0.445600000,0.021200000,0.140400000,0.012500000,0.006500000,0.156900000,0.000000000,0.000000000,0.006000000,0.807000000,0.009000000,3,1,7,7,3,,0.199400000,0.003400000,0.309700000,0.070200000,0.018100000,0.056500000,true,true,0.025600000,0.149900000,0.008100000,0.004200000,0.008000000,103,103,0
1050,0,1,1920,1080,640,360,ultra-performance,0.003400000,0.043800000,0.333100000,0.941900000,0.036400000,0.227600000,0.774700000,0.316500000,2.976800000,2.973400000,2.677400000,0.299400000,0.007600000,0.045600000,0.017900000,0.260400000,0.296900000,0.297500000,0.103300000,0.006200000,0.822000000,84,0,103,3,7,0.002300000,0.003300000,0.001400000,0.004100000,0.004300000,0.000800000,0.505700000,0.031100000,0.094800000,0.011100000,0.006600000,0.099400000,0.000000000,0.000000000,0.004000000,0.768900000,0.005800000,3,1,7,7,3,,0.260400000,0.006700000,0.317600000,0.092300000,0.018500000,0.125700000,true,true,0.045300000,0.175100000,0.012100000,0.008900000,0.013800000,103,103,0
1051,1,1,1920,1080,640,360,ultra-performance,0.002300000,0.035300000,0.288600000,0.672100000,0.017500000,0.124600000,0.768500000,0.226600000,2.435900000,2.433600000,2.135500000,0.300400000,0.004700000,0.028000000,0.015400000,0.239700000,0.298600000,0.298700000,0.087200000,0.004000000,0.578600000,84,0,103,3,7,0.001600000,0.004200000,0.001600000,0.005200000,0.004300000,0.000700000,0.471300000,0.029000000,0.073300000,0.017500000,0.007900000,0.138300000,0.000000000,0.000000000,0.004500000,0.759400000,0.009100000,3,1,7,7,3,,0.174300000,0.004000000,0.285500000,0.055100000,0.014700000,0.044300000,true,true,0.029400000,0.119100000,0.007600000,0.004200000,0.009200000,103,103,0
1052,2,1,1920,1080,640,360,ultra-performance,0.002300000,0.029200000,0.287700000,0.890600000,0.026800000,0.192500000,1.004300000,0.204000000,2.968900000,2.966600000,2.637400000,0.331500000,0.003900000,0.022400000,0.016100000,0.244700000,0.329300000,0.329700000,0.107400000,0.006100000,0.774700000,84,0,103,3,7,0.002300000,0.005600000,0.001600000,0.006000000,0.005100000,0.001000000,0.614600000,0.036300000,0.111100000,0.024100000,0.011600000,0.167300000,0.000200000,0.000000000,0.006100000,0.992900000,0.011400000,3,1,7,7,3,,0.278400000,0.006800000,0.316500000,0.093500000,0.019500000,0.058700000,true,true,0.060000000,0.179500000,0.012900000,0.008600000,0.012300000,103,103,0
1053,0,1,1920,1080,640,360,ultra-performance,0.002000000,0.032500000,0.276100000,0.689400000,0.017600000,0.132300000,0.913000000,0.204500000,2.538700000,2.536700000,2.267400000,0.271300000,0.003600000,0.022700000,0.016700000,0.232600000,0.269900000,0.270100000,0.094100000,0.003700000,0.588500000,84,0,103,3,7,0.001700000,0.002900000,0.002400000,0.003700000,0.004400000,0.001200000,0.616200000,0.023900000,0.121500000,0.016500000,0.008200000,0.098500000,0.000100000,0.000000000,0.003600000,0.904800000,0.008200000,3,1,7,7,3,,0.208300000,0.004200000,0.246000000,0.063700000,0.015800000,0.050100000,true,true,0.026100000,0.154200000,0.010000000,0.004100000,0.010000000,103,103,0
1054,1,1,1920,1080,640,360,ultra-performance,0.002100000,0.029100000,0.264800000,0.705700000,0.016600000,0.154100000,0.677200000,0.204100000,2.340500000,2.338400000,2.053700000,0.286800000,0.004100000,0.023700000,0.012800000,0.223600000,0.285400000,0.285600000,0.084900000,0.002900000,0.615100000,84,0,103,3,7,0.001700000,0.004100000,0.002100000,0.004900000,0.002700000,0.000800000,0.513000000,0.023600000,0.002200000,0.009400000,0.006400000,0.099500000,0.000100000,0.000000000,0.003100000,0.673600000,0.003600000,3,1,7,7,3,,0.204000000,0.004100000,0.271700000,0.053100000,0.023500000,0.057800000,true,true,0.025200000,0.152900000,0.007900000,0.003800000,0.010600000,103,103,0
1055,2,1,1920,1080,640,360,ultra-performance,0.002400000,0.029400000,0.264600000,0.670200000,0.013500000,0.114200000,1.003400000,0.312500000,2.685100000,2.682700000,2.410200000,0.274900000,0.003800000,0.022500000,0.013300000,0.224300000,0.271400000,0.271600000,0.083500000,0.003000000,0.581700000,84,0,103,3,7,0.001600000,0.003200000,0.001600000,0.004200000,0.009100000,0.001800000,0.632100000,0.040900000,0.120900000,0.016600000,0.011500000,0.138400000,0.000100000,0.000000000,0.010100000,0.992100000,0.011300000,3,1,7,7,3,,0.185600000,0.004300000,0.277900000,0.054300000,0.015000000,0.044000000,true,true,0.023700000,0.140000000,0.005800000,0.004200000,0.008300000,103,103,0
1056,0,1,1920,1080,640,360,ultra-performance,0.002200000,0.045900000,0.269800000,0.684900000,0.015000000,0.117900000,1.232600000,0.303000000,2.937800000,2.935600000,2.671300000,0.266500000,0.003800000,0.023900000,0.012700000,0.228800000,0.263400000,0.263500000,0.085800000,0.002700000,0.593800000,84,0,103,3,7,0.001200000,0.002800000,0.001100000,0.003700000,0.008000000,0.001800000,0.802400000,0.037400000,0.056000000,0.017600000,0.026000000,0.254500000,0.000000000,0.000000000,0.009600000,1.222100000,0.010500000,3,1,7,7,3,,0.194100000,0.004300000,0.275700000,0.053900000,0.015100000,0.050200000,true,true,0.023400000,0.146600000,0.007100000,0.003700000,0.009100000,103,103,0
1057,1,1,1920,1080,640,360,ultra-performance,0.003200000,0.049100000,0.269500000,0.781000000,0.023700000,0.152400000,0.789000000,0.192000000,2.418900000,2.415700000,2.259900000,0.159000000,0.009200000,0.038300000,0.014100000,0.207000000,0.156800000,0.157300000,0.064000000,0.004600000,0.709600000,84,0,103,3,7,0.001300000,0.004500000,0.002000000,0.005500000,0.004500000,0.001300000,0.578200000,0.021000000,0.040600000,0.008100000,0.005700000,0.103300000,0.000100000,0.000000000,0.005100000,0.781200000,0.007800000,3,1,7,7,3,,0.214300000,0.006000000,0.282600000,0.123000000,0.018900000,0.063700000,true,true,0.041400000,0.133800000,0.013900000,0.008800000,0.011900000,103,103,0
1058,2,1,1920,1080,640,360,ultra-performance,0.002100000,0.022500000,0.223300000,0.781000000,0.024100000,0.141500000,0.673300000,0.241900000,2.380100000,2.378000000,2.109700000,0.270400000,0.003300000,0.022800000,0.014900000,0.181700000,0.268100000,0.268200000,0.095400000,0.003600000,0.679800000,84,0,103,3,7,0.001900000,0.003800000,0.001900000,0.004800000,0.005100000,0.000900000,0.334500000,0.025600000,0.145400000,0.012500000,0.007100000,0.115100000,0.000100000,0.000000000,0.005500000,0.664200000,0.009100000,3,1,7,7,3,,0.237300000,0.004800000,0.288900000,0.067600000,0.016700000,0.063600000,true,true,0.028300000,0.176700000,0.010400000,0.004400000,0.012100000,103,103,0
1059,0,1,1920,1080,640,360,ultra-performance,0.003000000,0.038600000,0.320300000,0.762900000,0.019600000,0.108800000,0.704300000,0.192800000,2.434400000,2.431400000,2.150300000,0.284100000,0.008500000,0.040500000,0.018600000,0.251600000,0.282300000,0.282700000,0.131300000,0.003600000,0.624800000,84,0,103,3,7,0.001800000,0.003800000,0.001500000,0.005500000,0.002300000,0.000500000,0.495800000,0.025000000,0.039700000,0.016100000,0.006200000,0.095700000,0.000000000,0.000000000,0.003800000,0.697700000,0.006600000,3,1,7,7,3,,0.191300000,0.004100000,0.289200000,0.064700000,0.018300000,0.056600000,true,true,0.031800000,0.130800000,0.008800000,0.004600000,0.010700000,103,103,0
1060,1,1,1920,1080,640,360,ultra-performance,0.002300000,0.030000000,0.279700000,0.608200000,0.018300000,0.143400000,0.688600000,0.220900000,2.256400000,2.254100000,1.991400000,0.265000000,0.004200000,0.028500000,0.016000000,0.230600000,0.262700000,0.262800000,0.066200000,0.002800000,0.536500000,84,0,103,3,7,0.001500000,0.003500000,0.001500000,0.004300000,0.004900000,0.001100000,0.462900000,0.027900000,0.025400000,0.014100000,0.006700000,0.122100000,0.000000000,0.000000000,0.004700000,0.680600000,0.008000000,3,1,7,7,3,,0.177300000,0.004600000,0.226300000,0.050800000,0.017500000,0.059300000,true,true,0.020100000,0.130600000,0.008300000,0.004300000,0.010100000,103,103,0
1061,2,1,1920,1080,640,360,ultra-performance,0.002800000,0.035100000,0.229600000,0.867900000,0.024000000,0.191300000,0.926800000,0.309900000,2.868500000,2.865700000,2.587400000,0.281100000,0.006900000,0.028400000,0.013800000,0.179700000,0.278300000,0.278700000,0.094300000,0.005900000,0.765100000,84,0,103,3,7,0.001700000,0.005200000,0.002200000,0.004700000,0.004500000,0.001100000,0.653800000,0.030900000,0.041500000,0.013100000,0.006400000,0.147700000,0.000300000,0.000000000,0.006600000,0.919700000,0.007100000,3,1,7,7,3,,0.266200000,0.006600000,0.321600000,0.089100000,0.019300000,0.061200000,true,true,0.049800000,0.180000000,0.012200000,0.007600000,0.011600000,103,103,0
1062,0,1,1920,1080,640,360,ultra-performance,0.002500000,0.039200000,0.290800000,0.626800000,0.017000000,0.127300000,0.730200000,0.185400000,2.324100000,2.321600000,2.019200000,0.304900000,0.005700000,0.031000000,0.017200000,0.236100000,0.302700000,0.303000000,0.091900000,0.004500000,0.528600000,84,0,103,3,7,0.001600000,0.004700000,0.001800000,0.004000000,0.003200000,0.000800000,0.581500000,0.021100000,0.002300000,0.007300000,0.004100000,0.085700000,0.000200000,0.000000000,0.004800000,0.723100000,0.007100000,3,1,7,7,3,,0.230100000,0.004700000,0.184400000,0.061800000,0.012600000,0.034600000,true,true,0.034000000,0.166100000,0.010800000,0.006900000,0.009100000,103,103,0
1063,1,1,1920,1080,640,360,ultra-performance,0.002300000,0.026700000,0.192800000,0.581200000,0.014000000,0.106700000,0.849800000,0.205800000,2.257100000,2.254800000,1.979300000,0.277800000,0.003800000,0.022600000,0.012300000,0.153500000,0.276500000,0.276700000,0.073300000,0.002800000,0.502700000,84,0,103,3,7,0.001100000,0.002800000,0.001300000,0.003700000,0.003200000,0.000700000,0.553200000,0.027600000,0.083900000,0.015400000,0.006300000,0.138900000,0.000000000,0.000000000,0.003700000,0.841800000,0.008000000,3,1,7,7,3,,0.148000000,0.003300000,0.243000000,0.058100000,0.012300000,0.037600000,true,true,0.020500000,0.105700000,0.007100000,0.003700000,0.008000000,103,103,0
1064,2,1,1920,1080,640,360,ultra-performance,0.002100000,0.034700000,0.281900000,0.741400000,0.016900000,0.150900000,0.740500000,0.195700000,2.467000000,2.464900000,2.164100000,0.302900000,0.003700000,0.025400000,0.014500000,0.237600000,0.301600000,0.301800000,0.090400000,0.003000000,0.645200000,84,0,103,3,7,0.001800000,0.004100000,0.001700000,0.004600000,0.003100000,0.000700000,0.530400000,0.020400000,0.030300000,0.010500000,0.005200000,0.117900000,0.000000000,0.000000000,0.004200000,0.734900000,0.005600000,3,1,7,7,3,,0.212300000,0.004400000,0.301900000,0.055700000,0.016100000,0.054200000,true,true,0.024500000,0.161100000,0.008300000,0.004300000,0.009800000,103,103,0
1065,0,1,1920,1080,640,360,ultra-performance,0.002100000,0.030000000,0.303500000,0.779700000,0.017000000,0.147900000,0.741500000,0.182600000,2.520700000,2.518600000,2.204300000,0.316400000,0.003700000,0.025600000,0.015400000,0.258300000,0.315000000,0.315100000,0.096400000,0.002800000,0.677600000,84,0,103,3,7,0.001800000,0.003300000,0.002000000,0.004300000,0.002900000,0.000500000,0.523800000,0.015500000,0.082000000,0.008600000,0.005200000,0.082100000,0.000000000,0.000000000,0.003700000,0.735700000,0.005800000,3,1,7,7,3,,0.217900000,0.004500000,0.310000000,0.055500000,0.016400000,0.072700000,true,true,0.024400000,0.167500000,0.007700000,0.004300000,0.009600000,103,103,0
1066,1,1,1920,1080,640,360,ultra-performance,0.001800000,0.021900000,0.304400000,0.771800000,0.015600000,0.143800000,0.710300000,0.192000000,2.485000000,2.483200000,2.161600000,0.323400000,0.003500000,0.024800000,0.016400000,0.259400000,0.322100000,0.322200000,0.095000000,0.002700000,0.671300000,84,0,103,3,7,0.001700000,0.003500000,0.001700000,0.004200000,0.002900000,0.000500000,0.546200000,0.015600000,0.028700000,0.008100000,0.005200000,0.083100000,0.000000000,0.000000000,0.003900000,0.705300000,0.005000000,3,1,7,7,3,,0.216800000,0.004500000,0.323800000,0.053700000,0.016200000,0.055700000,true,true,0.024800000,0.166700000,0.007800000,0.003600000,0.009700000,103,103,0
1067,2,1,1920,1080,640,360,ultra-performance,0.002200000,0.028200000,0.281500000,0.753000000,0.031900000,0.151000000,0.851700000,0.188400000,2.585700000,2.583500000,2.287900000,0.297800000,0.003700000,0.023000000,0.015100000,0.239300000,0.296200000,0.296400000,0.090300000,0.002700000,0.657200000,84,0,103,3,7,0.001700000,0.003700000,0.001800000,0.004600000,0.002900000,0.000500000,0.561100000,0.016200000,0.143100000,0.009500000,0.005100000,0.092000000,0.000100000,0.000000000,0.004200000,0.846500000,0.005200000,3,1,7,7,3,,0.213700000,0.004700000,0.306800000,0.058600000,0.016600000,0.056100000,true,true,0.024200000,0.161200000,0.008700000,0.004100000,0.010400000,103,103,0
1068,0,1,1920,1080,640,360,ultra-performance,0.002000000,0.024700000,0.302600000,0.758400000,0.016300000,0.142800000,0.716000000,0.190400000,2.471800000,2.469800000,2.153200000,0.318600000,0.003600000,0.025400000,0.016500000,0.256600000,0.317100000,0.317200000,0.096600000,0.002600000,0.656600000,84,0,103,3,7,0.001800000,0.003200000,0.001800000,0.004100000,0.002800000,0.000500000,0.521300000,0.013400000,0.041400000,0.007900000,0.004600000,0.105200000,0.000100000,0.000000000,0.004000000,0.712100000,0.003900000,3,1,7,7,3,,0.213900000,0.004500000,0.313900000,0.053000000,0.015700000,0.054800000,true,true,0.024000000,0.165000000,0.007400000,0.003500000,0.009600000,103,103,0
1069,1,1,1920,1080,640,360,ultra-performance,0.002000000,0.021500000,0.302000000,0.756400000,0.015900000,0.152800000,0.814500000,0.322800000,2.717100000,2.715100000,2.387900000,0.329200000,0.003300000,0.024700000,0.014300000,0.259300000,0.327600000,0.327700000,0.094300000,0.002700000,0.656600000,84,0,103,3,7,0.001700000,0.003400000,0.002000000,0.004200000,0.002900000,0.000600000,0.570400000,0.016600000,0.057800000,0.008600000,0.005200000,0.131000000,0.000000000,0.000000000,0.004100000,0.808500000,0.006000000,3,1,7,7,3,,0.213800000,0.004400000,0.297000000,0.052700000,0.015600000,0.072500000,true,true,0.024200000,0.165700000,0.007000000,0.003400000,0.009100000,103,103,0
1070,2,1,1920,1080,640,360,ultra-performance,0.002100000,0.026800000,0.303600000,0.776400000,0.015500000,0.148800000,0.748000000,0.184100000,2.523600000,2.521500000,2.205300000,0.318300000,0.004000000,0.025400000,0.014800000,0.259000000,0.316900000,0.317200000,0.096900000,0.002800000,0.673800000,84,0,103,3,7,0.001800000,0.003600000,0.001800000,0.004200000,0.002900000,0.000500000,0.471000000,0.014500000,0.144800000,0.009000000,0.005200000,0.079700000,0.000100000,0.000000000,0.004100000,0.743200000,0.004800000,3,1,7,7,3,,0.216700000,0.004600000,0.322800000,0.056400000,0.016500000,0.056000000,true,true,0.024700000,0.165700000,0.007700000,0.003900000,0.010200000,103,103,0
1071,0,1,1920,1080,640,360,ultra-performance,0.001800000,0.020100000,0.303300000,0.735500000,0.015200000,0.131500000,0.898400000,0.197500000,2.632000000,2.630200000,2.303300000,0.328700000,0.003400000,0.024900000,0.014800000,0.259900000,0.327300000,0.327500000,0.097000000,0.002900000,0.633000000,84,0,103,3,7,0.001500000,0.003400000,0.001500000,0.004600000,0.002300000,0.000500000,0.564900000,0.015600000,0.202300000,0.009600000,0.003900000,0.080700000,0.000100000,0.000000000,0.003100000,0.894000000,0.004400000,3,1,7,7,3,,0.213000000,0.004200000,0.290100000,0.054600000,0.014400000,0.056000000,true,true,0.024100000,0.164900000,0.007000000,0.004000000,0.009000000,103,103,0
1072,1,1,1920,1080,640,360,ultra-performance,0.001600000,0.017600000,0.171900000,0.671700000,0.016200000,0.141600000,0.787100000,0.232400000,2.235200000,2.233600000,2.040100000,0.195100000,0.003000000,0.016700000,0.009500000,0.142300000,0.192900000,0.193000000,0.078200000,0.002700000,0.588300000,84,0,103,3,7,0.001500000,0.003600000,0.001400000,0.004300000,0.004700000,0.001200000,0.523600000,0.024100000,0.061100000,0.015500000,0.005600000,0.126100000,0.000000000,0.000000000,0.005600000,0.778300000,0.008800000,3,1,7,7,3,,0.180700000,0.003200000,0.258100000,0.070300000,0.012900000,0.062200000,true,true,0.022200000,0.136600000,0.005900000,0.004100000,0.008500000,103,103,0
1073,2,1,1920,1080,640,360,ultra-performance,0.003400000,0.038800000,0.287500000,0.547900000,0.012900000,0.111300000,0.891700000,0.262800000,2.375700000,2.372300000,2.156300000,0.219400000,0.011600000,0.037400000,0.014300000,0.222900000,0.216400000,0.216800000,0.082900000,0.003200000,0.459900000,84,0,103,3,7,0.001300000,0.002900000,0.001600000,0.003500000,0.004100000,0.001000000,0.589900000,0.021900000,0.089300000,0.011000000,0.005700000,0.147000000,0.000100000,0.000000000,0.006300000,0.885600000,0.006100000,3,1,7,7,3,,0.169100000,0.003400000,0.195700000,0.045200000,0.011800000,0.034100000,true,true,0.026200000,0.120100000,0.007700000,0.004200000,0.007200000,103,103,0
1074,0,1,1920,1080,640,360,ultra-performance,0.001900000,0.018500000,0.267700000,0.737900000,0.019200000,0.149500000,0.718600000,0.330200000,2.475900000,2.474000000,2.243500000,0.232400000,0.003100000,0.028100000,0.010000000,0.225700000,0.229800000,0.230200000,0.076800000,0.005800000,0.648000000,84,0,103,3,7,0.002000000,0.003200000,0.001500000,0.004000000,0.004200000,0.000800000,0.496400000,0.018700000,0.061000000,0.012900000,0.005000000,0.096800000,0.000100000,0.000000000,0.004700000,0.711300000,0.007300000,3,1,7,7,3,,0.201100000,0.004500000,0.315100000,0.054600000,0.018600000,0.053100000,true,true,0.049000000,0.121100000,0.009700000,0.006800000,0.010800000,103,103,0
1075,1,1,1920,1080,640,360,ultra-performance,0.002800000,0.036400000,0.190900000,0.531900000,0.014300000,0.105100000,0.857100000,0.327200000,2.271700000,2.268900000,2.065700000,0.206000000,0.006600000,0.027200000,0.014400000,0.141500000,0.203500000,0.203800000,0.069700000,0.003300000,0.457000000,84,0,103,3,7,0.001400000,0.003100000,0.001100000,0.004200000,0.004800000,0.001200000,0.544400000,0.023500000,0.107900000,0.010600000,0.005700000,0.135000000,0.000000000,0.000000000,0.006400000,0.849300000,0.007800000,3,1,7,7,3,,0.150200000,0.003200000,0.200700000,0.054100000,0.013000000,0.035100000,true,true,0.021300000,0.106000000,0.007800000,0.004200000,0.007500000,103,103,0
1076,2,1,1920,1080,640,360,ultra-performance,0.002500000,0.022800000,0.176400000,0.575500000,0.011700000,0.099500000,1.140900000,0.214800000,2.435100000,2.432600000,2.244100000,0.191000000,0.002900000,0.021400000,0.010800000,0.140900000,0.188700000,0.188900000,0.056000000,0.002300000,0.515100000,84,0,103,3,7,0.001200000,0.002600000,0.001100000,0.003600000,0.006700000,0.002200000,0.695600000,0.037300000,0.084800000,0.021200000,0.007500000,0.262800000,0.000000000,0.000000000,0.004800000,1.131400000,0.009500000,3,1,7,7,3,,0.173700000,0.004300000,0.242700000,0.048300000,0.011500000,0.034200000,true,true,0.018900000,0.129100000,0.007600000,0.003900000,0.009600000,103,103,0
1077,0,1,1920,1080,640,360,ultra-performance,0.002100000,0.020500000,0.173800000,0.482600000,0.011800000,0.099000000,0.758000000,0.193200000,1.940100000,1.938000000,1.741000000,0.199100000,0.003300000,0.017700000,0.009400000,0.143000000,0.197400000,0.197500000,0.059900000,0.002200000,0.418600000,84,0,103,3,7,0.001300000,0.002700000,0.001500000,0.003600000,0.002100000,0.000500000,0.586800000,0.012800000,0.005700000,0.006100000,0.004200000,0.123700000,0.000100000,0.000000000,0.003300000,0.754400000,0.003600000,3,1,7,7,3,,0.140600000,0.003100000,0.187700000,0.042300000,0.010800000,0.033500000,true,true,0.018100000,0.103500000,0.005600000,0.003400000,0.006800000,103,103,0
1078,1,1,1920,1080,640,360,ultra-performance,0.001900000,0.022800000,0.173300000,0.462700000,0.010900000,0.097200000,0.843100000,0.161000000,1.950300000,1.948400000,1.772900000,0.177400000,0.002900000,0.016600000,0.009900000,0.143600000,0.176000000,0.176100000,0.054200000,0.002200000,0.404500000,84,0,103,3,7,0.001200000,0.002400000,0.001100000,0.003200000,0.002900000,0.000700000,0.571700000,0.024500000,0.094800000,0.012000000,0.004700000,0.112700000,0.000100000,0.000000000,0.003600000,0.835600000,0.007500000,3,1,7,7,3,,0.135300000,0.003200000,0.181300000,0.039900000,0.010700000,0.033700000,true,true,0.016100000,0.100900000,0.005600000,0.003100000,0.006800000,103,103,0
1079,2,1,1920,1080,640,360,ultra-performance,0.002300000,0.027600000,0.226300000,0.703400000,0.017800000,0.140000000,0.764100000,0.205300000,2.339400000,2.337100000,2.086800000,0.252600000,0.003600000,0.024800000,0.011700000,0.185700000,0.249800000,0.250100000,0.082900000,0.003000000,0.615000000,84,0,103,3,7,0.001500000,0.003300000,0.001600000,0.004300000,0.003400000,0.000600000,0.546800000,0.025700000,0.012100000,0.008500000,0.005200000,0.142500000,0.000100000,0.000000000,0.003500000,0.759100000,0.005000000,3,1,7,7,3,,0.186700000,0.003900000,0.296800000,0.057600000,0.017100000,0.052200000,true,true,0.024600000,0.138300000,0.007300000,0.004400000,0.008100000,103,103,0
1080,0,1,1920,1080,640,360,ultra-performance,0.002100000,0.022200000,0.270600000,0.804400000,0.014600000,0.141100000,0.928800000,0.310300000,2.778600000,2.776500000,2.494100000,0.284500000,0.003600000,0.023900000,0.014600000,0.228000000,0.281200000,0.281400000,0.154100000,0.002800000,0.645200000,84,0,103,3,7,0.001800000,0.003600000,0.001700000,0.004600000,0.006900000,0.001200000,0.546600000,0.024200000,0.136000000,0.014900000,0.009200000,0.162400000,0.000000000,0.000000000,0.006600000,0.919700000,0.009100000,3,1,7,7,3,,0.212500000,0.004600000,0.303400000,0.054200000,0.016100000,0.053700000,true,true,0.024100000,0.160900000,0.008700000,0.004100000,0.010000000,103,103,0
1081,1,1,1920,1080,640,360,ultra-performance,0.004500000,0.051000000,0.339300000,0.715300000,0.019800000,0.140500000,0.887600000,0.205600000,2.659700000,2.655200000,2.363600000,0.296100000,0.010500000,0.051900000,0.020900000,0.254600000,0.294200000,0.294600000,0.104700000,0.007000000,0.601800000,84,0,103,3,7,0.001700000,0.004300000,0.001400000,0.004400000,0.003700000,0.000800000,0.500400000,0.024500000,0.187900000,0.015700000,0.007100000,0.124700000,0.000300000,0.000000000,0.003900000,0.880800000,0.006800000,3,1,7,7,3,,0.250000000,0.004500000,0.212300000,0.080900000,0.014700000,0.038700000,true,true,0.057700000,0.161900000,0.009600000,0.006500000,0.010700000,103,103,0
1082,2,1,1920,1080,640,360,ultra-performance,0.002100000,0.032300000,0.180200000,0.806600000,0.019400000,0.141700000,0.620600000,0.199300000,2.161700000,2.159600000,2.002200000,0.159500000,0.006300000,0.026300000,0.012200000,0.134200000,0.157400000,0.157800000,0.130500000,0.004200000,0.669200000,84,0,103,3,7,0.001600000,0.003500000,0.001700000,0.004800000,0.002400000,0.000700000,0.426900000,0.023000000,0.024900000,0.009200000,0.005300000,0.109100000,0.000100000,0.000000000,0.003200000,0.616400000,0.004200000,3,1,7,7,3,,0.230600000,0.004500000,0.292600000,0.062700000,0.016700000,0.061400000,true,true,0.028600000,0.169200000,0.011500000,0.004900000,0.011900000,103,103,0
1083,0,1,1920,1080,640,360,ultra-performance,0.002200000,0.021100000,0.189100000,0.471000000,0.014700000,0.103000000,0.545700000,0.247900000,1.764000000,1.761800000,1.594700000,0.169300000,0.003500000,0.020600000,0.010200000,0.154200000,0.168100000,0.168300000,0.054900000,0.002500000,0.411700000,84,0,103,3,7,0.001200000,0.002800000,0.001100000,0.003200000,0.002900000,0.000500000,0.399800000,0.016800000,0.013600000,0.007300000,0.003800000,0.085000000,0.000000000,0.000000000,0.003300000,0.541300000,0.004400000,3,1,7,7,3,,0.133500000,0.003300000,0.186600000,0.041800000,0.011500000,0.034400000,true,true,0.017100000,0.096900000,0.005700000,0.003200000,0.007600000,103,103,0
1084,1,1,1920,1080,640,360,ultra-performance,0.001900000,0.033500000,0.194300000,0.682100000,0.015600000,0.144900000,0.751300000,0.218500000,2.223700000,2.221800000,2.042100000,0.181600000,0.003900000,0.022600000,0.015700000,0.151500000,0.179000000,0.179200000,0.085900000,0.003300000,0.590600000,84,0,103,3,7,0.001400000,0.003700000,0.001600000,0.004100000,0.005600000,0.001100000,0.456300000,0.032100000,0.091000000,0.012500000,0.007200000,0.120500000,0.000000000,0.000000000,0.005300000,0.742400000,0.008900000,3,1,7,7,3,,0.196300000,0.004400000,0.272800000,0.054600000,0.014600000,0.047300000,true,true,0.023100000,0.144800000,0.009700000,0.004400000,0.010200000,103,103,0
1085,2,1,1920,1080,640,360,ultra-performance,0.002800000,0.042800000,0.300000000,0.855900000,0.027600000,0.194600000,0.920200000,0.240800000,2.851700000,2.848900000,2.584700000,0.267000000,0.007600000,0.053000000,0.014600000,0.223700000,0.264500000,0.264900000,0.093300000,0.006800000,0.753400000,84,0,103,3,7,0.002000000,0.005300000,0.002400000,0.005600000,0.004000000,0.000600000,0.621700000,0.029700000,0.089500000,0.011800000,0.007700000,0.127700000,0.000200000,0.000000000,0.004700000,0.912900000,0.007300000,3,1,7,7,3,,0.262100000,0.006100000,0.301800000,0.106300000,0.018600000,0.057300000,true,true,0.056300000,0.171700000,0.010800000,0.006700000,0.012200000,103,103,0
1086,0,1,1920,1080,640,360,ultra-performance,0.002500000,0.032500000,0.177500000,0.755800000,0.021900000,0.177000000,0.741200000,0.188600000,2.254200000,2.251700000,2.097000000,0.157200000,0.005900000,0.025000000,0.011900000,0.133500000,0.155500000,0.155800000,0.087400000,0.005400000,0.660300000,84,0,103,3,7,0.002300000,0.005000000,0.001600000,0.004200000,0.003300000,0.000600000,0.529300000,0.023400000,0.058700000,0.009300000,0.005500000,0.090800000,0.000200000,0.000000000,0.003000000,0.737200000,0.004000000,3,1,7,7,3,,0.207000000,0.004400000,0.274900000,0.091900000,0.018300000,0.062800000,true,true,0.041400000,0.137500000,0.009100000,0.006400000,0.009100000,103,103,0
1087,1,1,1920,1080,640,360,ultra-performance,0.001900000,0.029200000,0.291200000,0.768700000,0.020700000,0.159400000,0.813800000,0.200700000,2.568800000,2.566900000,2.285600000,0.283200000,0.004700000,0.020800000,0.029200000,0.235800000,0.280800000,0.281400000,0.087200000,0.004800000,0.674400000,84,0,103,3,7,0.001600000,0.004600000,0.001700000,0.004600000,0.003300000,0.000700000,0.577000000,0.020200000,0.055100000,0.013400000,0.004700000,0.114700000,0.000100000,0.000000000,0.004500000,0.806200000,0.007600000,3,1,7,7,3,,0.234200000,0.005900000,0.289700000,0.072800000,0.017000000,0.053800000,true,true,0.041100000,0.161500000,0.009700000,0.006400000,0.010900000,103,103,0
1088,2,1,1920,1080,640,360,ultra-performance,0.002900000,0.028600000,0.187900000,0.522500000,0.014300000,0.105500000,0.678900000,0.195200000,1.906000000,1.903100000,1.735800000,0.170200000,0.003700000,0.022000000,0.011600000,0.150000000,0.168300000,0.168500000,0.062600000,0.002800000,0.455100000,84,0,103,3,7,0.001400000,0.003100000,0.001400000,0.003400000,0.003600000,0.000700000,0.512700000,0.018700000,0.022500000,0.011100000,0.004300000,0.085700000,0.000100000,0.000000000,0.004400000,0.673100000,0.005800000,3,1,7,7,3,,0.151600000,0.003500000,0.203700000,0.048200000,0.012100000,0.035500000,true,true,0.024700000,0.104900000,0.007900000,0.003300000,0.007800000,103,103,0
1089,0,1,1920,1080,640,360,ultra-performance,0.002400000,0.026500000,0.226200000,0.508800000,0.013100000,0.101900000,0.721800000,0.189500000,2.032400000,2.030000000,1.790200000,0.242200000,0.005200000,0.022000000,0.012900000,0.185400000,0.240300000,0.240700000,0.066600000,0.002700000,0.437600000,84,0,103,3,7,0.001200000,0.002400000,0.001700000,0.003600000,0.002300000,0.000600000,0.435800000,0.022400000,0.071900000,0.013800000,0.005200000,0.152000000,0.000000000,0.000000000,0.003300000,0.716200000,0.005600000,3,1,7,7,3,,0.150400000,0.002900000,0.197000000,0.041200000,0.011800000,0.033700000,true,true,0.019000000,0.110900000,0.007500000,0.003700000,0.006400000,103,103,0
1090,1,1,1920,1080,640,360,ultra-performance,0.002600000,0.023700000,0.179800000,0.468800000,0.012100000,0.098900000,0.671500000,0.165500000,1.801300000,1.798700000,1.622900000,0.178400000,0.003300000,0.021100000,0.010200000,0.145000000,0.177200000,0.177400000,0.054300000,0.002400000,0.410300000,84,0,103,3,7,0.001200000,0.002800000,0.001100000,0.003300000,0.002500000,0.000600000,0.468000000,0.015800000,0.072900000,0.007700000,0.003500000,0.084200000,0.000100000,0.000000000,0.003300000,0.667000000,0.004500000,3,1,7,7,3,,0.139500000,0.003200000,0.182600000,0.040000000,0.010900000,0.033600000,true,true,0.017800000,0.102600000,0.006100000,0.003300000,0.006900000,103,103,0
1091,2,1,1920,1080,640,360,ultra-performance,0.001800000,0.020800000,0.188900000,0.493700000,0.011000000,0.092900000,0.973500000,0.238800000,2.193600000,2.191800000,2.021400000,0.172200000,0.003000000,0.017400000,0.011800000,0.156500000,0.169700000,0.169900000,0.054700000,0.002200000,0.435000000,84,0,103,3,7,0.001100000,0.002600000,0.001000000,0.003500000,0.003700000,0.000600000,0.599800000,0.022100000,0.069100000,0.019900000,0.009000000,0.227800000,0.000000000,0.000000000,0.004400000,0.964600000,0.008900000,3,1,7,7,3,,0.146700000,0.004100000,0.200900000,0.039900000,0.010400000,0.032600000,true,true,0.016600000,0.106100000,0.007600000,0.003900000,0.008300000,103,103,0
1092,0,1,1920,1080,640,360,ultra-performance,0.002500000,0.030300000,0.250200000,0.727600000,0.024100000,0.145100000,1.123100000,0.234600000,3.146300000,3.143800000,2.537500000,0.608800000,0.005700000,0.025400000,0.012000000,0.206300000,0.607100000,0.607500000,0.065600000,0.004400000,0.654900000,84,0,103,3,7,0.001800000,0.004300000,0.001200000,0.003800000,0.003100000,0.000400000,0.684500000,0.026900000,0.063100000,0.229900000,0.005200000,0.090000000,0.000100000,0.000000000,0.003700000,1.118000000,0.005100000,3,1,7,7,3,,0.189800000,0.004800000,0.297000000,0.090400000,0.017900000,0.054200000,true,true,0.045100000,0.116100000,0.009700000,0.005400000,0.010000000,103,103,0
1093,1,1,1920,1080,640,360,ultra-performance,0.002200000,0.020100000,0.191600000,0.517000000,0.013500000,0.104000000,0.709000000,0.283900000,2.011400000,2.009200000,1.841300000,0.170100000,0.003500000,0.023100000,0.010700000,0.153600000,0.167600000,0.167700000,0.061100000,0.002900000,0.451100000,84,0,103,3,7,0.001200000,0.002800000,0.001700000,0.003700000,0.003500000,0.001000000,0.494100000,0.030300000,0.019200000,0.009000000,0.006600000,0.123200000,0.000000000,0.000000000,0.006200000,0.702500000,0.006500000,3,1,7,7,3,,0.144000000,0.003200000,0.210200000,0.046700000,0.011600000,0.034900000,true,true,0.020000000,0.103500000,0.006500000,0.003700000,0.007400000,103,103,0
1094,2,1,1920,1080,640,360,ultra-performance,0.002800000,0.023900000,0.173400000,0.483400000,0.011300000,0.098200000,0.789300000,0.284700000,2.037900000,2.035100000,1.867000000,0.170900000,0.003300000,0.017700000,0.011100000,0.140900000,0.168800000,0.168900000,0.054600000,0.002100000,0.424800000,84,0,103,3,7,0.001300000,0.002600000,0.001100000,0.003300000,0.004100000,0.001100000,0.480800000,0.021300000,0.111200000,0.008700000,0.006300000,0.134500000,0.000000000,0.000000000,0.006900000,0.783200000,0.006100000,3,1,7,7,3,,0.137200000,0.003200000,0.193700000,0.045800000,0.011100000,0.033300000,true,true,0.017800000,0.100600000,0.005900000,0.003200000,0.006900000,103,103,0
1095,0,1,1920,1080,640,360,ultra-performance,0.001800000,0.020400000,0.166800000,0.466800000,0.010900000,0.095600000,0.615700000,0.168400000,1.732200000,1.730400000,1.546400000,0.185800000,0.002800000,0.016600000,0.009100000,0.137900000,0.184600000,0.184800000,0.057300000,0.002000000,0.405900000,84,0,103,3,7,0.001100000,0.002400000,0.001100000,0.003300000,0.002200000,0.000400000,0.469700000,0.014900000,0.028300000,0.005600000,0.003700000,0.076100000,0.000100000,0.000000000,0.003300000,0.612200000,0.003500000,3,1,7,7,3,,0.139100000,0.002800000,0.181100000,0.039100000,0.010200000,0.033200000,true,true,0.017400000,0.104100000,0.005400000,0.003400000,0.005900000,103,103,0
1096,1,1,1920,1080,640,360,ultra-performance,0.001700000,0.016800000,0.170800000,0.455000000,0.010700000,0.095700000,0.819300000,0.190400000,1.942000000,1.940300000,1.760400000,0.181600000,0.002800000,0.016600000,0.010000000,0.140900000,0.179200000,0.179300000,0.053500000,0.002000000,0.397700000,84,0,103,3,7,0.001000000,0.002300000,0.001100000,0.003200000,0.005400000,0.000900000,0.510500000,0.024900000,0.021000000,0.010800000,0.005100000,0.220600000,0.000100000,0.000000000,0.004600000,0.811500000,0.007800000,3,1,7,7,3,,0.132600000,0.003000000,0.180200000,0.038200000,0.010500000,0.033000000,true,true,0.016600000,0.098100000,0.005300000,0.003400000,0.006400000,103,103,0
1097,2,1,1920,1080,640,360,ultra-performance,0.002100000,0.016800000,0.179400000,0.479400000,0.011600000,0.090900000,0.720200000,0.157100000,1.835400000,1.833300000,1.657500000,0.177900000,0.002900000,0.017900000,0.012200000,0.145900000,0.176100000,0.176200000,0.061500000,0.002100000,0.414100000,84,0,103,3,7,0.001200000,0.002200000,0.001300000,0.003100000,0.003300000,0.000800000,0.527400000,0.016600000,0.050100000,0.011200000,0.005300000,0.086900000,0.000100000,0.000000000,0.004700000,0.714200000,0.006000000,3,1,7,7,3,,0.136000000,0.003000000,0.192600000,0.036200000,0.012000000,0.033800000,true,true,0.018000000,0.099800000,0.007000000,0.002800000,0.005900000,103,103,0
1098,0,1,1920,1080,640,360,ultra-performance,0.002200000,0.029400000,0.226100000,0.488100000,0.010800000,0.090700000,0.584500000,0.262100000,1.866500000,1.864300000,1.693900000,0.172600000,0.005900000,0.025500000,0.012900000,0.180600000,0.170500000,0.170900000,0.063000000,0.002100000,0.421300000,84,0,103,3,7,0.001100000,0.002100000,0.001000000,0.003300000,0.003200000,0.000600000,0.439200000,0.013600000,0.018800000,0.008900000,0.004400000,0.079600000,0.000100000,0.000000000,0.003500000,0.579400000,0.005100000,3,1,7,7,3,,0.139000000,0.002900000,0.197600000,0.037300000,0.011100000,0.033000000,true,true,0.017100000,0.103300000,0.006500000,0.003200000,0.006100000,103,103,0
1099,1,1,1920,1080,640,360,ultra-performance,0.002000000,0.024800000,0.280400000,0.646400000,0.018700000,0.132800000,0.766400000,0.213500000,2.291100000,2.289100000,2.085000000,0.206100000,0.003500000,0.026900000,0.010100000,0.239200000,0.204100000,0.204500000,0.068900000,0.004200000,0.565700000,84,0,103,3,7,0.001200000,0.002700000,0.001200000,0.004100000,0.004800000,0.001000000,0.527100000,0.037400000,0.034700000,0.014400000,0.009000000,0.114300000,0.000000000,0.000000000,0.005900000,0.757800000,0.008600000,3,1,7,7,3,,0.184000000,0.004200000,0.210400000,0.088900000,0.019100000,0.057700000,true,true,0.039500000,0.116800000,0.008800000,0.005700000,0.009800000,103,103,0
1100,2,1,1920,1080,640,360,ultra-performance,0.002600000,0.039700000,0.289900000,0.836500000,0.024700000,0.175700000,0.804500000,0.277600000,2.713400000,2.710800000,2.451200000,0.262200000,0.006300000,0.031500000,0.017700000,0.232500000,0.260400000,0.260700000,0.091500000,0.004400000,0.737600000,84,0,103,3,7,0.001900000,0.005200000,0.001800000,0.005300000,0.003500000,0.000600000,0.602000000,0.023500000,0.003700000,0.009100000,0.005200000,0.130700000,0.000200000,0.000000000,0.004100000,0.796800000,0.007700000,3,1,7,7,3,,0.243900000,0.006300000,0.299100000,0.102000000,0.018200000,0.067000000,true,true,0.040900000,0.168900000,0.011100000,0.006100000,0.012000000,103,103,0
1101,0,1,1920,1080,640,360,ultra-performance,0.002200000,0.021400000,0.203300000,0.549800000,0.014200000,0.103500000,0.637700000,0.163500000,1.867500000,1.865300000,1.695600000,0.171900000,0.003400000,0.028300000,0.011700000,0.159300000,0.170500000,0.170600000,0.062900000,0.002900000,0.481900000,84,0,103,3,7,0.001300000,0.002500000,0.001400000,0.003300000,0.002100000,0.000600000,0.478200000,0.014200000,0.023900000,0.007400000,0.003800000,0.091900000,0.000000000,0.000000000,0.003100000,0.633700000,0.004000000,3,1,7,7,3,,0.158900000,0.003200000,0.208300000,0.059300000,0.016000000,0.035400000,true,true,0.020400000,0.116400000,0.007300000,0.003800000,0.008000000,103,103,0
1102,1,1,1920,1080,640,360,ultra-performance,0.001800000,0.018400000,0.177200000,0.500700000,0.011200000,0.099000000,0.750700000,0.266600000,2.014900000,2.013100000,1.825600000,0.189300000,0.002900000,0.016500000,0.009900000,0.147400000,0.187400000,0.187600000,0.056600000,0.002400000,0.439800000,84,0,103,3,7,0.001200000,0.002800000,0.001200000,0.004000000,0.004200000,0.000800000,0.484300000,0.019300000,0.098700000,0.010800000,0.006100000,0.104600000,0.000000000,0.000000000,0.005400000,0.743400000,0.007300000,3,1,7,7,3,,0.155500000,0.003100000,0.192600000,0.043300000,0.010900000,0.033600000,true,true,0.018400000,0.114700000,0.007300000,0.003700000,0.008300000,103,103,0
1103,2,1,1920,1080,640,360,ultra-performance,0.002900000,0.024300000,0.174300000,0.471800000,0.011700000,0.097300000,0.603000000,0.171100000,1.731000000,1.728100000,1.556400000,0.174600000,0.003100000,0.018600000,0.011400000,0.140500000,0.173200000,0.173300000,0.054800000,0.002000000,0.413300000,84,0,103,3,7,0.001400000,0.002700000,0.001100000,0.003100000,0.002100000,0.000300000,0.418300000,0.015300000,0.045800000,0.006500000,0.003200000,0.095600000,0.000100000,0.000000000,0.003400000,0.598900000,0.004100000,3,1,7,7,3,,0.140200000,0.003200000,0.185700000,0.039800000,0.011000000,0.032900000,true,true,0.018200000,0.103100000,0.006400000,0.003400000,0.006300000,103,103,0
1104,0,1,1920,1080,640,360,ultra-performance,0.001600000,0.016700000,0.171200000,0.462000000,0.010900000,0.094500000,0.606000000,0.164600000,1.711500000,1.709900000,1.527500000,0.184000000,0.002800000,0.016500000,0.010200000,0.141300000,0.182900000,0.183000000,0.056600000,0.002000000,0.401600000,84,0,103,3,7,0.001100000,0.002400000,0.001200000,0.003100000,0.004300000,0.000800000,0.389000000,0.016800000,0.031500000,0.008100000,0.004600000,0.134200000,0.000000000,0.000000000,0.003700000,0.600800000,0.005200000,3,1,7,7,3,,0.129400000,0.003000000,0.179100000,0.046100000,0.010600000,0.033100000,true,true,0.016600000,0.094400000,0.005300000,0.003700000,0.006500000,103,103,0
1105,1,1,1920,1080,640,360,ultra-performance,0.001800000,0.019700000,0.168500000,0.455100000,0.011500000,0.105900000,0.599000000,0.166700000,1.697400000,1.695600000,1.528200000,0.169200000,0.002800000,0.016400000,0.009500000,0.139400000,0.168100000,0.168200000,0.053600000,0.002100000,0.397600000,84,0,103,3,7,0.001100000,0.002400000,0.001200000,0.003300000,0.002400000,0.000500000,0.446200000,0.016300000,0.032700000,0.006800000,0.004100000,0.074800000,0.000000000,0.000000000,0.003200000,0.595000000,0.004000000,3,1,7,7,3,,0.130000000,0.003100000,0.180700000,0.039300000,0.010500000,0.033500000,true,true,0.016600000,0.095200000,0.005600000,0.003500000,0.006300000,103,103,0
1106,2,1,1920,1080,640,360,ultra-performance,0.884600000,0.019400000,0.168200000,0.460000000,0.010800000,0.096400000,1.241400000,0.245800000,3.296600000,2.412000000,3.126600000,0.170000000,0.002900000,0.016400000,0.009400000,0.139000000,0.167500000,0.167700000,0.053300000,0.001900000,0.403100000,84,0,103,3,7,0.001100000,0.002400000,0.001100000,0.003200000,0.009200000,0.002100000,0.854800000,0.047200000,0.024000000,0.030000000,0.014000000,0.234500000,0.000100000,0.000000000,0.005700000,1.229400000,0.012000000,3,1,7,7,3,,0.135600000,0.003100000,0.180700000,0.039800000,0.010600000,0.032600000,true,true,0.016500000,0.100500000,0.005900000,0.003300000,0.006600000,103,103,0
1107,0,1,1920,1080,640,360,ultra-performance,0.003800000,0.043200000,0.221900000,0.497900000,0.012500000,0.098700000,0.823300000,0.165600000,2.034500000,2.030700000,1.866900000,0.167600000,0.003800000,0.020600000,0.014700000,0.182200000,0.165700000,0.165900000,0.062000000,0.002400000,0.431500000,84,0,103,3,7,0.001300000,0.002800000,0.001100000,0.003200000,0.004100000,0.000800000,0.537800000,0.017300000,0.138000000,0.011100000,0.005200000,0.089800000,0.000100000,0.000000000,0.004500000,0.817100000,0.006200000,3,1,7,7,3,,0.146000000,0.003200000,0.192700000,0.044200000,0.011400000,0.033400000,true,true,0.019200000,0.100900000,0.012500000,0.003900000,0.006600000,103,103,0
1108,1,1,1920,1080,640,360,ultra-performance,0.002900000,0.017800000,0.183100000,0.491000000,0.015000000,0.123900000,0.590900000,0.190700000,1.783200000,1.780300000,1.615300000,0.167900000,0.003500000,0.017800000,0.014300000,0.147000000,0.166400000,0.166600000,0.061100000,0.002400000,0.425000000,84,0,103,3,7,0.001200000,0.002600000,0.001100000,0.003300000,0.002100000,0.000600000,0.434800000,0.011300000,0.034400000,0.006400000,0.003300000,0.082900000,0.000000000,0.000000000,0.003500000,0.587500000,0.003400000,3,1,7,7,3,,0.136100000,0.003000000,0.200200000,0.039700000,0.011200000,0.034300000,true,true,0.017900000,0.099500000,0.006100000,0.003100000,0.006900000,103,103,0
1109,2,1,1920,1080,640,360,ultra-performance,0.001800000,0.019700000,0.168000000,0.456000000,0.011300000,0.096100000,0.808500000,0.159600000,1.899700000,1.897900000,1.721000000,0.178700000,0.002800000,0.016400000,0.009400000,0.139000000,0.177100000,0.177400000,0.053000000,0.002300000,0.399100000,84,0,103,3,7,0.001100000,0.002700000,0.001300000,0.003400000,0.003600000,0.001100000,0.561800000,0.023200000,0.040300000,0.012400000,0.004900000,0.143900000,0.000100000,0.000000000,0.003400000,0.803200000,0.005300000,3,1,7,7,3,,0.131400000,0.003200000,0.180600000,0.039900000,0.010600000,0.032900000,true,true,0.016500000,0.096800000,0.005700000,0.003400000,0.006300000,103,103,0
1110,0,1,1920,1080,640,360,ultra-performance,0.001800000,0.018500000,0.168900000,0.468800000,0.011300000,0.099300000,0.883600000,0.178000000,2.013100000,2.011300000,1.830200000,0.182900000,0.002800000,0.016500000,0.008900000,0.140400000,0.180600000,0.180800000,0.057400000,0.002300000,0.407300000,84,0,103,3,7,0.001100000,0.002500000,0.001100000,0.003200000,0.003700000,0.001200000,0.562400000,0.025000000,0.023300000,0.012600000,0.005700000,0.229200000,0.000100000,0.000000000,0.006100000,0.877200000,0.006400000,3,1,7,7,3,,0.133000000,0.003200000,0.185300000,0.040600000,0.011400000,0.033200000,true,true,0.016400000,0.098100000,0.005300000,0.003200000,0.006900000,103,103,0
1111,1,1,1920,1080,640,360,ultra-performance,0.002500000,0.018700000,0.174900000,0.472800000,0.011400000,0.097600000,0.797500000,0.205400000,2.031200000,2.028700000,1.780800000,0.250400000,0.002800000,0.016900000,0.009900000,0.144900000,0.248300000,0.248500000,0.055400000,0.002200000,0.413300000,84,0,103,3,7,0.001100000,0.002600000,0.001100000,0.003400000,0.006200000,0.001400000,0.513500000,0.021500000,0.091000000,0.013300000,0.007100000,0.121300000,0.000000000,0.000000000,0.005100000,0.788600000,0.008900000,3,1,7,7,3,,0.135000000,0.003100000,0.188900000,0.042100000,0.010900000,0.032800000,true,true,0.016900000,0.099400000,0.005700000,0.003300000,0.006600000,103,103,0
1112,2,1,1920,1080,640,360,ultra-performance,0.268900000,0.046800000,0.424600000,0.764700000,0.014900000,0.137800000,0.730300000,0.183400000,2.866100000,2.597200000,2.571400000,0.294700000,0.007600000,0.047900000,0.029600000,0.338700000,0.292900000,0.293100000,0.094500000,0.002900000,0.664700000,84,0,103,3,7,0.001600000,0.003300000,0.001600000,0.004300000,0.002300000,0.000600000,0.504700000,0.016400000,0.065900000,0.009300000,0.005100000,0.106500000,0.000000000,0.000000000,0.003500000,0.725100000,0.005200000,3,1,7,7,3,,0.229100000,0.004400000,0.305500000,0.055700000,0.017100000,0.052200000,true,true,0.026300000,0.174300000,0.009600000,0.004400000,0.010000000,103,103,0
1113,0,1,1920,1080,640,360,ultra-performance,0.001900000,0.018000000,0.168300000,0.469700000,0.011700000,0.097000000,0.879200000,0.177000000,1.991000000,1.989100000,1.822800000,0.168200000,0.003100000,0.016800000,0.009000000,0.138800000,0.166600000,0.166800000,0.053700000,0.002200000,0.411700000,84,0,103,3,7,0.001200000,0.002500000,0.001300000,0.003000000,0.004100000,0.000600000,0.568500000,0.019300000,0.153000000,0.010500000,0.006300000,0.099600000,0.000000000,0.000000000,0.003800000,0.873700000,0.005500000,3,1,7,7,3,,0.144200000,0.003100000,0.180600000,0.039800000,0.010900000,0.032700000,true,true,0.016100000,0.109800000,0.005300000,0.003800000,0.006300000,103,103,0
1114,1,1,1920,1080,640,360,ultra-performance,0.002000000,0.021800000,0.257700000,0.495600000,0.011400000,0.106000000,0.728200000,0.177100000,2.025000000,2.023000000,1.799800000,0.225200000,0.003300000,0.020700000,0.012200000,0.221200000,0.223900000,0.224100000,0.054600000,0.002100000,0.437100000,84,0,103,3,7,0.001200000,0.002600000,0.001100000,0.003500000,0.001900000,0.000600000,0.532500000,0.017900000,0.023100000,0.011400000,0.004100000,0.119200000,0.000000000,0.000000000,0.003300000,0.722400000,0.005800000,3,1,7,7,3,,0.138400000,0.003100000,0.205300000,0.044900000,0.011400000,0.033500000,true,true,0.016300000,0.103300000,0.005600000,0.003300000,0.007000000,103,103,0
1115,2,1,1920,1080,640,360,ultra-performance,0.001700000,0.017800000,0.169200000,0.477300000,0.011600000,0.099300000,0.776300000,0.184100000,1.945800000,1.944100000,1.737300000,0.208500000,0.002900000,0.016500000,0.009100000,0.140400000,0.207000000,0.207200000,0.056500000,0.002400000,0.416500000,84,0,103,3,7,0.001100000,0.002600000,0.001200000,0.003700000,0.002400000,0.000600000,0.531200000,0.019700000,0.024600000,0.013900000,0.005700000,0.161800000,0.000000000,0.000000000,0.003200000,0.771700000,0.004600000,3,1,7,7,3,,0.130900000,0.003000000,0.191200000,0.046500000,0.011000000,0.033400000,true,true,0.017200000,0.094800000,0.005400000,0.004000000,0.006200000,103,103,0
1116,0,1,1920,1080,640,360,ultra-performance,0.001900000,0.018200000,0.176100000,0.515900000,0.010800000,0.096400000,0.742900000,0.172800000,1.928400000,1.926500000,1.735000000,0.193400000,0.003200000,0.017400000,0.009100000,0.146100000,0.192200000,0.192300000,0.060100000,0.003500000,0.450500000,84,0,103,3,7,0.001200000,0.002700000,0.001000000,0.003700000,0.001900000,0.000600000,0.529800000,0.015700000,0.035400000,0.012700000,0.004400000,0.125100000,0.000000000,0.000000000,0.003200000,0.737400000,0.005500000,3,1,7,7,3,,0.182700000,0.003100000,0.178900000,0.042300000,0.010500000,0.032500000,true,true,0.018000000,0.138400000,0.008000000,0.004200000,0.009700000,103,103,0
1117,1,1,1920,1080,640,360,ultra-performance,0.001700000,0.018800000,0.192000000,0.456900000,0.010000000,0.088000000,0.838200000,0.167200000,1.943500000,1.941800000,1.772800000,0.170700000,0.002900000,0.017000000,0.009200000,0.162400000,0.168600000,0.168900000,0.055600000,0.002000000,0.397400000,84,0,103,3,7,0.001000000,0.002200000,0.001100000,0.003000000,0.004900000,0.001200000,0.614700000,0.023100000,0.037000000,0.015100000,0.005900000,0.116500000,0.000000000,0.000000000,0.004500000,0.830200000,0.008000000,3,1,7,7,3,,0.140800000,0.002800000,0.175800000,0.036300000,0.010000000,0.031400000,true,true,0.016500000,0.107200000,0.005600000,0.003000000,0.005800000,103,103,0
1118,2,1,1920,1080,640,360,ultra-performance,0.002600000,0.048200000,0.181900000,0.503500000,0.010900000,0.100300000,0.906300000,0.176200000,2.108000000,2.105400000,1.929900000,0.178100000,0.003100000,0.019100000,0.014100000,0.144800000,0.176400000,0.176600000,0.060000000,0.002300000,0.439100000,84,0,103,3,7,0.001300000,0.002500000,0.001200000,0.002900000,0.002800000,0.000500000,0.616200000,0.018200000,0.078700000,0.018800000,0.006500000,0.145400000,0.000100000,0.000000000,0.003600000,0.898700000,0.007600000,3,1,7,7,3,,0.133900000,0.002700000,0.204900000,0.051900000,0.011100000,0.034000000,true,true,0.018200000,0.097600000,0.007000000,0.002400000,0.005900000,103,103,0
1119,0,1,1920,1080,640,360,ultra-performance,0.002300000,0.017200000,0.165200000,0.514700000,0.012500000,0.098900000,0.696300000,0.238100000,1.913400000,1.911100000,1.745200000,0.168200000,0.002500000,0.016000000,0.008600000,0.137700000,0.167100000,0.167200000,0.054700000,0.002200000,0.455800000,84,0,103,3,7,0.001200000,0.002600000,0.001100000,0.003800000,0.002500000,0.000500000,0.450900000,0.019300000,0.091500000,0.007200000,0.003400000,0.105600000,0.000100000,0.000000000,0.003300000,0.693000000,0.003300000,3,1,7,7,3,,0.151900000,0.003600000,0.210100000,0.044300000,0.011500000,0.033600000,true,true,0.016800000,0.096800000,0.019600000,0.004000000,0.008500000,103,103,0
1120,1,1,1920,1080,640,360,ultra-performance,0.001800000,0.018800000,0.188500000,0.503300000,0.015300000,0.103200000,0.717000000,0.156500000,1.879700000,1.877900000,1.704400000,0.175300000,0.002800000,0.016700000,0.009300000,0.159000000,0.174200000,0.174400000,0.057800000,0.002200000,0.440800000,84,0,103,3,7,0.001200000,0.002600000,0.001100000,0.003500000,0.004000000,0.000900000,0.519500000,0.018900000,0.046000000,0.009000000,0.004400000,0.097800000,0.000100000,0.000000000,0.003200000,0.712200000,0.004800000,3,1,7,7,3,,0.135000000,0.003200000,0.182900000,0.059600000,0.015600000,0.043700000,true,true,0.016800000,0.098400000,0.005700000,0.004000000,0.006900000,103,103,0
1121,2,1,1920,1080,640,360,ultra-performance,1.017100000,0.048600000,0.287200000,0.908600000,0.024300000,0.148300000,0.925500000,0.228400000,3.844000000,2.826900000,3.588000000,0.256000000,0.009200000,0.041100000,0.018200000,0.217600000,0.253100000,0.253600000,0.071700000,0.005700000,0.828900000,84,0,103,3,7,0.001800000,0.003900000,0.001700000,0.004600000,0.005200000,0.001100000,0.660700000,0.028000000,0.055200000,0.016700000,0.007800000,0.123800000,0.000100000,0.000000000,0.006900000,0.917500000,0.008000000,3,1,7,7,3,,0.302200000,0.007000000,0.338000000,0.104800000,0.019200000,0.056900000,true,true,0.059800000,0.198900000,0.014700000,0.008300000,0.014900000,103,103,0
1122,0,1,1920,1080,640,360,ultra-performance,0.001900000,0.016600000,0.190400000,0.511600000,0.013000000,0.102800000,0.907700000,0.197400000,2.145600000,2.143700000,1.941400000,0.204200000,0.003600000,0.020500000,0.012100000,0.153600000,0.202200000,0.202400000,0.065000000,0.003000000,0.441800000,84,0,103,3,7,0.001200000,0.003000000,0.001200000,0.003600000,0.004800000,0.000800000,0.458000000,0.025200000,0.274400000,0.016400000,0.007200000,0.099200000,0.000000000,0.000000000,0.004600000,0.899600000,0.008100000,3,1,7,7,3,,0.142000000,0.003200000,0.200700000,0.049800000,0.011400000,0.034100000,true,true,0.019500000,0.100500000,0.006900000,0.003900000,0.008000000,103,103,0
1123,1,1,1920,1080,640,360,ultra-performance,0.002700000,0.017400000,0.182600000,0.481400000,0.011900000,0.091300000,0.779000000,0.175800000,1.912400000,1.909700000,1.742100000,0.170300000,0.003000000,0.018100000,0.013100000,0.147900000,0.169000000,0.169100000,0.060200000,0.002000000,0.417600000,84,0,103,3,7,0.001100000,0.002300000,0.001000000,0.002800000,0.002800000,0.000600000,0.523000000,0.018400000,0.069500000,0.016800000,0.007400000,0.123900000,0.000100000,0.000000000,0.003300000,0.773000000,0.006000000,3,1,7,7,3,,0.138100000,0.002800000,0.194300000,0.037300000,0.011400000,0.033300000,true,true,0.018300000,0.101100000,0.006300000,0.002700000,0.007200000,103,103,0
1124,2,1,1920,1080,640,360,ultra-performance,0.001800000,0.020900000,0.170900000,0.498300000,0.011700000,0.097200000,0.869500000,0.178100000,2.019900000,2.018100000,1.848400000,0.171500000,0.002800000,0.016500000,0.009200000,0.141800000,0.169700000,0.169800000,0.054300000,0.002300000,0.439800000,84,0,103,3,7,0.001200000,0.002600000,0.001100000,0.003400000,0.003500000,0.000900000,0.592600000,0.019400000,0.030500000,0.011800000,0.005700000,0.185600000,0.000100000,0.000000000,0.005000000,0.863400000,0.006100000,3,1,7,7,3,,0.161700000,0.003500000,0.186300000,0.042900000,0.010900000,0.033900000,true,true,0.016900000,0.121300000,0.007200000,0.003800000,0.008000000,103,103,0
1125,0,1,1920,1080,640,360,ultra-performance,0.002700000,0.031100000,0.192900000,0.615200000,0.020200000,0.136200000,0.897400000,0.294600000,2.360100000,2.357400000,2.190300000,0.169800000,0.006600000,0.028500000,0.012900000,0.144200000,0.167200000,0.167500000,0.060900000,0.004300000,0.548200000,84,0,103,3,7,0.001500000,0.003800000,0.001500000,0.004100000,0.004600000,0.001400000,0.657300000,0.028700000,0.034300000,0.015000000,0.006000000,0.122800000,0.000100000,0.000000000,0.007500000,0.888600000,0.008800000,3,1,7,7,3,,0.217400000,0.004800000,0.204400000,0.069000000,0.014200000,0.037800000,true,true,0.033700000,0.152600000,0.010700000,0.006000000,0.010400000,103,103,0
1126,1,1,1920,1080,640,360,ultra-performance,0.003300000,0.032500000,0.223600000,0.502400000,0.012000000,0.103200000,0.913100000,0.287000000,2.247500000,2.244200000,2.077100000,0.170400000,0.005600000,0.053700000,0.012900000,0.150600000,0.167400000,0.167500000,0.061600000,0.002800000,0.436100000,84,0,103,3,7,0.001200000,0.002600000,0.001200000,0.003900000,0.004700000,0.001200000,0.662300000,0.025900000,0.048200000,0.016000000,0.006400000,0.123500000,0.000100000,0.000000000,0.006800000,0.904000000,0.009100000,3,1,7,7,3,,0.141800000,0.003000000,0.198300000,0.046200000,0.011100000,0.035100000,true,true,0.020300000,0.100600000,0.006900000,0.004000000,0.007000000,103,103,0
1127,2,1,1920,1080,640,360,ultra-performance,0.002200000,0.020100000,0.176100000,0.515200000,0.014000000,0.153900000,0.781100000,0.208400000,2.057000000,2.054800000,1.871000000,0.186000000,0.002900000,0.016300000,0.009700000,0.146900000,0.183700000,0.183800000,0.056400000,0.002200000,0.454500000,84,0,103,3,7,0.002300000,0.004100000,0.002000000,0.004400000,0.004000000,0.001500000,0.505400000,0.024300000,0.090800000,0.013100000,0.006700000,0.111000000,0.000000000,0.000000000,0.004400000,0.774000000,0.007100000,3,1,7,7,3,,0.135600000,0.002800000,0.221100000,0.043400000,0.011300000,0.039700000,true,true,0.018500000,0.099400000,0.005500000,0.003100000,0.006300000,103,103,0
1128,0,1,1920,1080,640,360,ultra-performance,0.002400000,0.026300000,0.239700000,0.596000000,0.013900000,0.101900000,0.540700000,0.159700000,1.918500000,1.916100000,1.680600000,0.237900000,0.003600000,0.024200000,0.012700000,0.198900000,0.236500000,0.236700000,0.064800000,0.002200000,0.526400000,84,0,103,3,7,0.001100000,0.002900000,0.001400000,0.003600000,0.002300000,0.000600000,0.363600000,0.014600000,0.034700000,0.005800000,0.003700000,0.099400000,0.000000000,0.000000000,0.003500000,0.537200000,0.003500000,3,1,7,7,3,,0.134600000,0.003200000,0.272700000,0.057000000,0.015000000,0.043200000,true,true,0.017500000,0.098400000,0.005400000,0.003600000,0.006900000,103,103,0
1129,1,1,1920,1080,640,360,ultra-performance,0.001800000,0.018700000,0.176300000,0.504400000,0.014600000,0.118300000,1.005400000,0.235300000,2.254500000,2.252700000,2.074800000,0.179700000,0.002800000,0.016700000,0.009300000,0.147000000,0.177900000,0.178000000,0.055200000,0.002200000,0.444100000,84,0,103,3,7,0.001400000,0.003600000,0.001800000,0.004100000,0.003400000,0.000700000,0.690100000,0.042200000,0.044900000,0.021000000,0.007300000,0.171500000,0.000000000,0.000000000,0.004400000,0.996400000,0.009000000,3,1,7,7,3,,0.133500000,0.003100000,0.183700000,0.055300000,0.015700000,0.052000000,true,true,0.016400000,0.098700000,0.005600000,0.003400000,0.006600000,103,103,0
1130,2,1,1920,1080,640,360,ultra-performance,0.002100000,0.020100000,0.173200000,0.482700000,0.012900000,0.111400000,0.790900000,0.163600000,1.949400000,1.947300000,1.756900000,0.192500000,0.003100000,0.017500000,0.009400000,0.142700000,0.191000000,0.191100000,0.055900000,0.002300000,0.422000000,84,0,103,3,7,0.001500000,0.003400000,0.001600000,0.004300000,0.003200000,0.000700000,0.542900000,0.016900000,0.028800000,0.014400000,0.004900000,0.155900000,0.000100000,0.000000000,0.004700000,0.783300000,0.007600000,3,1,7,7,3,,0.135100000,0.003300000,0.192200000,0.042000000,0.011500000,0.037400000,true,true,0.019000000,0.096700000,0.005800000,0.003200000,0.007100000,103,103,0
1131,0,1,1920,1080,640,360,ultra-performance,0.002800000,0.034000000,0.222500000,0.690500000,0.015700000,0.141800000,0.777500000,0.213700000,2.268900000,2.266100000,2.098500000,0.170400000,0.007500000,0.031800000,0.034700000,0.147300000,0.168300000,0.168600000,0.069000000,0.003700000,0.615300000,84,0,103,3,7,0.001600000,0.003400000,0.001600000,0.004500000,0.003200000,0.000600000,0.509100000,0.016900000,0.115700000,0.010500000,0.005500000,0.095300000,0.000100000,0.000000000,0.004100000,0.772100000,0.005400000,3,1,7,7,3,,0.196200000,0.003800000,0.290300000,0.057300000,0.017100000,0.049700000,true,true,0.023200000,0.145100000,0.008700000,0.004900000,0.009700000,103,103,0
1132,1,1,1920,1080,640,360,ultra-performance,0.002200000,0.026200000,0.294200000,0.753200000,0.015800000,0.143900000,0.842200000,0.299800000,2.677100000,2.674900000,2.377500000,0.299600000,0.003800000,0.026500000,0.014800000,0.248500000,0.297800000,0.298000000,0.091600000,0.002700000,0.656100000,84,0,103,3,7,0.001700000,0.003500000,0.001800000,0.004500000,0.002900000,0.000800000,0.546100000,0.026900000,0.135900000,0.011400000,0.005800000,0.089700000,0.000000000,0.000000000,0.004300000,0.835300000,0.006900000,3,1,7,7,3,,0.210100000,0.004400000,0.300300000,0.053000000,0.015500000,0.072200000,true,true,0.024300000,0.160100000,0.007500000,0.003700000,0.009900000,103,103,0
1133,2,1,1920,1080,640,360,ultra-performance,0.002400000,0.020400000,0.184900000,0.481300000,0.011900000,0.105400000,0.591700000,0.171100000,1.751500000,1.749100000,1.569100000,0.182400000,0.003300000,0.018000000,0.010000000,0.153000000,0.180900000,0.181100000,0.055600000,0.002100000,0.421700000,84,0,103,3,7,0.001100000,0.003000000,0.002100000,0.003600000,0.002100000,0.000400000,0.434900000,0.017800000,0.029800000,0.007500000,0.004200000,0.079000000,0.000000000,0.000000000,0.003200000,0.588700000,0.003000000,3,1,7,7,3,,0.134700000,0.003200000,0.195000000,0.042400000,0.011900000,0.033900000,true,true,0.018400000,0.096900000,0.006200000,0.003600000,0.006400000,103,103,0
1134,0,1,1920,1080,640,360,ultra-performance,0.001800000,0.020400000,0.185700000,0.475100000,0.011200000,0.097200000,0.607700000,0.180500000,1.784700000,1.782900000,1.579600000,0.205100000,0.002800000,0.016700000,0.008900000,0.156800000,0.203800000,0.203900000,0.059100000,0.002000000,0.412100000,84,0,103,3,7,0.001200000,0.002500000,0.001000000,0.003400000,0.002500000,0.000400000,0.481600000,0.013200000,0.001500000,0.005800000,0.003900000,0.083300000,0.000000000,0.000000000,0.003600000,0.603900000,0.003800000,3,1,7,7,3,,0.132300000,0.003200000,0.190000000,0.042000000,0.010800000,0.033400000,true,true,0.016400000,0.097400000,0.005200000,0.003300000,0.006900000,103,103,0
1135,1,1,1920,1080,640,360,ultra-performance,0.002300000,0.023100000,0.246900000,0.616500000,0.013700000,0.123400000,0.710200000,0.186400000,2.184100000,2.181800000,1.922500000,0.261600000,0.003400000,0.021500000,0.013100000,0.208600000,0.260300000,0.260400000,0.079300000,0.002300000,0.532500000,84,0,103,3,7,0.001400000,0.003000000,0.001300000,0.003600000,0.002700000,0.000500000,0.497900000,0.015800000,0.079000000,0.008700000,0.004900000,0.082300000,0.000100000,0.000000000,0.003600000,0.704800000,0.005400000,3,1,7,7,3,,0.177200000,0.003800000,0.246700000,0.046700000,0.013400000,0.044300000,true,true,0.020600000,0.133900000,0.007300000,0.003700000,0.007900000,103,103,0
1136,2,1,1920,1080,640,360,ultra-performance,0.001900000,0.019100000,0.247300000,0.630400000,0.013400000,0.122100000,0.666500000,0.227900000,2.188300000,2.186400000,1.928600000,0.259700000,0.003300000,0.021400000,0.011900000,0.210400000,0.258400000,0.258600000,0.077300000,0.002600000,0.548200000,84,0,103,3,7,0.001400000,0.003100000,0.001200000,0.003600000,0.002400000,0.000400000,0.483800000,0.014600000,0.053700000,0.007800000,0.004500000,0.080400000,0.000000000,0.000000000,0.003700000,0.660600000,0.005900000,3,1,7,7,3,,0.186000000,0.003700000,0.253300000,0.046400000,0.013400000,0.044700000,true,true,0.021300000,0.142700000,0.006500000,0.003700000,0.008200000,103,103,0
1137,0,1,1920,1080,640,360,ultra-performance,0.002200000,0.023900000,0.265200000,0.659800000,0.015000000,0.126800000,0.989800000,0.257400000,2.610300000,2.608100000,2.340100000,0.270200000,0.003400000,0.022800000,0.013600000,0.225000000,0.267100000,0.267300000,0.079100000,0.002400000,0.576000000,84,0,103,3,7,0.001600000,0.003100000,0.001600000,0.004000000,0.005600000,0.001300000,0.579900000,0.025700000,0.169800000,0.015500000,0.007600000,0.156400000,0.000000000,0.000000000,0.007800000,0.979900000,0.009900000,3,1,7,7,3,,0.186600000,0.003900000,0.266300000,0.058100000,0.013700000,0.046600000,true,true,0.022100000,0.141500000,0.007900000,0.003400000,0.008000000,103,103,0
1138,1,1,1920,1080,640,360,ultra-performance,0.002700000,0.039400000,0.209700000,0.618900000,0.019800000,0.171200000,0.893000000,0.226800000,2.341300000,2.338600000,2.181500000,0.159800000,0.008200000,0.037100000,0.013300000,0.150200000,0.156800000,0.157200000,0.062000000,0.004900000,0.550000000,84,0,103,3,7,0.001400000,0.004900000,0.001100000,0.004600000,0.004100000,0.000900000,0.531800000,0.027000000,0.081400000,0.011900000,0.006000000,0.202500000,0.000400000,0.000000000,0.005500000,0.883500000,0.009500000,3,1,7,7,3,,0.197000000,0.005100000,0.216600000,0.077200000,0.014000000,0.039200000,true,true,0.047300000,0.117600000,0.009100000,0.008400000,0.011100000,103,103,0
1139,2,1,1920,1080,640,360,ultra-performance,0.002400000,0.040900000,0.278700000,0.721300000,0.018700000,0.141100000,0.861900000,0.196300000,2.529800000,2.527400000,2.261300000,0.268500000,0.004900000,0.029500000,0.014800000,0.228800000,0.266500000,0.266800000,0.089800000,0.004000000,0.625000000,84,0,103,3,7,0.002200000,0.003400000,0.001600000,0.004100000,0.002700000,0.000400000,0.638500000,0.017800000,0.084900000,0.008200000,0.005300000,0.082500000,0.000100000,0.000000000,0.003900000,0.855600000,0.006300000,3,1,7,7,3,,0.213200000,0.004400000,0.280700000,0.060700000,0.016100000,0.049400000,true,true,0.030600000,0.153800000,0.010200000,0.005000000,0.009700000,103,103,0
1140,0,1,1920,1080,640,360,ultra-performance,0.002700000,0.028800000,0.257200000,0.666100000,0.017900000,0.131400000,0.621200000,0.194200000,2.185300000,2.182600000,1.919500000,0.265800000,0.003500000,0.022600000,0.012500000,0.218100000,0.264100000,0.264400000,0.083300000,0.003000000,0.577600000,84,0,103,3,7,0.001900000,0.003700000,0.001700000,0.003900000,0.002600000,0.000600000,0.447700000,0.017800000,0.032000000,0.007600000,0.004700000,0.087800000,0.000000000,0.000000000,0.003900000,0.615900000,0.005300000,3,1,7,7,3,,0.190700000,0.004100000,0.270300000,0.051300000,0.013600000,0.046900000,true,true,0.022700000,0.143000000,0.008000000,0.003900000,0.009100000,103,103,0
1141,1,1,1920,1080,640,360,ultra-performance,0.002500000,0.031300000,0.255300000,0.648100000,0.016300000,0.133400000,0.782200000,0.285800000,2.419500000,2.417000000,2.154900000,0.264600000,0.003400000,0.021800000,0.012900000,0.216600000,0.261900000,0.262100000,0.080700000,0.002500000,0.562600000,84,0,103,3,7,0.001600000,0.003000000,0.001800000,0.003800000,0.005700000,0.001100000,0.544900000,0.026000000,0.039900000,0.014600000,0.008300000,0.117200000,0.000100000,0.000000000,0.006000000,0.774000000,0.008200000,3,1,7,7,3,,0.187500000,0.003800000,0.260700000,0.049400000,0.013500000,0.047000000,true,true,0.023100000,0.139100000,0.008900000,0.003900000,0.008200000,103,103,0
1142,2,1,1920,1080,640,360,ultra-performance,0.006100000,0.052900000,0.368900000,0.856600000,0.020800000,0.149500000,0.948000000,0.370500000,3.034400000,3.028300000,2.773300000,0.261100000,0.015000000,0.072800000,0.025000000,0.254900000,0.257400000,0.258100000,0.094500000,0.008600000,0.751200000,84,0,103,3,7,0.001800000,0.005200000,0.001800000,0.005400000,0.008500000,0.001600000,0.546500000,0.031700000,0.104600000,0.015000000,0.010000000,0.194700000,0.000100000,0.000000000,0.009400000,0.936300000,0.011700000,3,1,7,7,3,,0.288600000,0.006600000,0.297000000,0.103400000,0.015100000,0.039600000,true,true,0.064900000,0.178700000,0.014300000,0.009900000,0.014900000,103,103,0
1143,0,1,1920,1080,640,360,ultra-performance,0.002400000,0.027100000,0.311100000,0.793100000,0.019200000,0.153800000,0.748500000,0.229700000,2.584200000,2.581800000,2.284900000,0.299300000,0.004600000,0.030000000,0.016100000,0.259800000,0.297500000,0.297700000,0.100400000,0.003800000,0.686200000,84,0,103,3,7,0.001700000,0.003400000,0.001700000,0.003800000,0.002900000,0.000700000,0.445200000,0.018500000,0.160300000,0.008200000,0.004200000,0.088500000,0.000000000,0.000000000,0.004100000,0.743200000,0.005300000,3,1,7,7,3,,0.223300000,0.004600000,0.316900000,0.068000000,0.016800000,0.055700000,true,true,0.027800000,0.166900000,0.009600000,0.004200000,0.010600000,103,103,0
1144,1,1,1920,1080,640,360,ultra-performance,0.002000000,0.030000000,0.289000000,0.727100000,0.026300000,0.113500000,0.818300000,0.227100000,2.536500000,2.534500000,2.233300000,0.303200000,0.003900000,0.024800000,0.014600000,0.245000000,0.301200000,0.301300000,0.089400000,0.002900000,0.632100000,84,0,103,3,7,0.001200000,0.002500000,0.001200000,0.003100000,0.004000000,0.001100000,0.591900000,0.021600000,0.032400000,0.013500000,0.005000000,0.129300000,0.000100000,0.000000000,0.005000000,0.811900000,0.006400000,3,1,7,7,3,,0.212500000,0.004300000,0.295400000,0.055600000,0.014800000,0.048800000,true,true,0.025500000,0.159300000,0.008400000,0.003600000,0.011200000,103,103,0
1145,2,1,1920,1080,640,360,ultra-performance,0.025400000,0.047800000,0.346000000,0.769500000,0.018800000,0.147300000,0.901600000,0.189400000,2.797500000,2.772100000,2.445800000,0.351700000,0.006700000,0.035000000,0.022000000,0.280900000,0.349500000,0.350000000,0.098900000,0.003200000,0.664600000,84,0,103,3,7,0.002000000,0.003600000,0.001900000,0.004200000,0.002800000,0.000600000,0.541400000,0.020300000,0.217900000,0.008700000,0.004800000,0.085400000,0.000000000,0.000000000,0.003400000,0.897000000,0.004600000,3,1,7,7,3,,0.213800000,0.004600000,0.313500000,0.059200000,0.017500000,0.055300000,true,true,0.025900000,0.160300000,0.008900000,0.004300000,0.009500000,103,103,0
1146,0,1,1920,1080,640,360,ultra-performance,0.001900000,0.017900000,0.171200000,0.512300000,0.011600000,0.099600000,1.008000000,0.239900000,2.233400000,2.231500000,2.062400000,0.171000000,0.002900000,0.016900000,0.010300000,0.140700000,0.168400000,0.168500000,0.054300000,0.002300000,0.453700000,84,0,103,3,7,0.001300000,0.002600000,0.001100000,0.003100000,0.002500000,0.000600000,0.614000000,0.027000000,0.129900000,0.023400000,0.012500000,0.172600000,0.000100000,0.000000000,0.006100000,0.996800000,0.011200000,3,1,7,7,3,,0.132200000,0.003100000,0.185000000,0.040200000,0.011000000,0.081800000,true,true,0.016300000,0.096600000,0.006300000,0.003400000,0.006800000,103,103,0
1147,1,1,1920,1080,640,360,ultra-performance,0.002300000,0.045000000,0.337900000,0.905100000,0.024900000,0.186200000,0.727300000,0.186600000,2.697600000,2.695300000,2.415300000,0.282300000,0.008700000,0.048000000,0.019400000,0.261000000,0.280400000,0.280700000,0.102400000,0.006300000,0.793500000,84,0,103,3,7,0.001900000,0.005000000,0.001800000,0.005200000,0.003800000,0.000700000,0.511600000,0.024000000,0.061600000,0.009900000,0.004500000,0.089100000,0.000200000,0.000000000,0.003200000,0.722500000,0.004800000,3,1,7,7,3,,0.282000000,0.006400000,0.319500000,0.106700000,0.019400000,0.058400000,true,true,0.058600000,0.186300000,0.011700000,0.008200000,0.012400000,103,103,0
1148,2,1,1920,1080,640,360,ultra-performance,0.002000000,0.032900000,0.185600000,0.720300000,0.023400000,0.170200000,0.894500000,0.202100000,2.398800000,2.396800000,2.231000000,0.167800000,0.005700000,0.026000000,0.011000000,0.141400000,0.165200000,0.165800000,0.056300000,0.004300000,0.657000000,84,0,103,3,7,0.001900000,0.005100000,0.001800000,0.004700000,0.004400000,0.000800000,0.572700000,0.024900000,0.070900000,0.020000000,0.009900000,0.161000000,0.000100000,0.000000000,0.006300000,0.884500000,0.010000000,3,1,7,7,3,,0.272200000,0.007600000,0.221300000,0.081800000,0.017300000,0.055900000,true,true,0.053200000,0.178400000,0.013300000,0.009500000,0.011700000,103,103,0
1149,0,1,1920,1080,640,360,ultra-performance,0.002100000,0.021200000,0.189500000,0.519700000,0.014300000,0.102300000,1.259400000,0.480200000,2.759600000,2.757500000,2.588700000,0.170900000,0.003500000,0.021500000,0.011800000,0.152000000,0.168300000,0.168500000,0.067800000,0.002800000,0.447300000,84,0,103,3,7,0.001300000,0.002800000,0.001500000,0.003400000,0.007900000,0.002100000,0.664300000,0.042600000,0.141900000,0.020700000,0.007900000,0.345300000,0.000100000,0.000000000,0.007000000,1.248800000,0.010600000,3,1,7,7,3,,0.145200000,0.003200000,0.201300000,0.049700000,0.012000000,0.035100000,true,true,0.020400000,0.103500000,0.007400000,0.003500000,0.007600000,103,103,0
1150,1,1,1920,1080,640,360,ultra-performance,0.002500000,0.025900000,0.183700000,0.492300000,0.011900000,0.098300000,0.648800000,0.200800000,1.842900000,1.840400000,1.664200000,0.178700000,0.003400000,0.017500000,0.009900000,0.152300000,0.177500000,0.177600000,0.061500000,0.004700000,0.424200000,84,0,103,3,7,0.001300000,0.002600000,0.001000000,0.003400000,0.002400000,0.000900000,0.476300000,0.017400000,0.035100000,0.006400000,0.003500000,0.091700000,0.000100000,0.000000000,0.003200000,0.645300000,0.003500000,3,1,7,7,3,,0.142600000,0.003200000,0.191900000,0.041000000,0.011200000,0.034000000,true,true,0.020300000,0.101800000,0.006200000,0.003400000,0.007700000,103,103,0
1151,2,1,1920,1080,640,360,ultra-performance,0.001800000,0.025400000,0.169600000,0.459000000,0.012000000,0.098000000,0.631500000,0.304800000,1.876900000,1.875100000,1.702100000,0.174800000,0.002900000,0.017000000,0.010800000,0.138600000,0.173200000,0.173300000,0.053500000,0.002100000,0.401600000,84,0,103,3,7,0.001200000,0.002400000,0.001000000,0.003300000,0.002000000,0.000400000,0.514500000,0.010700000,0.004600000,0.005200000,0.003100000,0.076900000,0.000100000,0.000000000,0.002900000,0.628300000,0.003200000,3,1,7,7,3,,0.131800000,0.003200000,0.182200000,0.040300000,0.010800000,0.033000000,true,true,0.016800000,0.097100000,0.005400000,0.003400000,0.006300000,103,103,0
1152,0,1,1920,1080,640,360,ultra-performance,0.001600000,0.018700000,0.188100000,0.463600000,0.010900000,0.097200000,0.825500000,0.167300000,1.947000000,1.945400000,1.772900000,0.174100000,0.003000000,0.016600000,0.009700000,0.158500000,0.172600000,0.172800000,0.055500000,0.002100000,0.404400000,84,0,103,3,7,0.001200000,0.002800000,0.001100000,0.003500000,0.004800000,0.001000000,0.546100000,0.016000000,0.124600000,0.010700000,0.004600000,0.100300000,0.000000000,0.000000000,0.003400000,0.820100000,0.005400000,3,1,7,7,3,,0.133000000,0.003000000,0.182200000,0.042300000,0.010700000,0.032700000,true,true,0.017100000,0.097100000,0.005500000,0.003200000,0.006900000,103,103,0
1153,1,1,1920,1080,640,360,ultra-performance,0.001700000,0.018900000,0.196700000,0.456900000,0.010700000,0.092400000,0.729400000,0.280900000,1.961300000,1.959600000,1.787600000,0.173700000,0.004000000,0.040000000,0.009800000,0.142400000,0.171400000,0.171600000,0.053900000,0.002200000,0.399200000,84,0,103,3,7,0.001100000,0.002100000,0.001200000,0.003600000,0.003600000,0.000800000,0.530800000,0.017000000,0.060000000,0.009400000,0.004100000,0.084200000,0.000000000,0.000000000,0.005100000,0.723000000,0.006400000,3,1,7,7,3,,0.129700000,0.002700000,0.185400000,0.038000000,0.010400000,0.032500000,true,true,0.016700000,0.096300000,0.005600000,0.002900000,0.005700000,103,103,0
1154,2,1,1920,1080,640,360,ultra-performance,0.002700000,0.036200000,0.242700000,0.481000000,0.010300000,0.134400000,0.754800000,0.212300000,2.052700000,2.050000000,1.874400000,0.178300000,0.007500000,0.033100000,0.013300000,0.187600000,0.176900000,0.177200000,0.062600000,0.002200000,0.414600000,84,0,103,3,7,0.001900000,0.003800000,0.001500000,0.004600000,0.004300000,0.000700000,0.478400000,0.026600000,0.077500000,0.011000000,0.007100000,0.127500000,0.000100000,0.000000000,0.003500000,0.748500000,0.006300000,3,1,7,7,3,,0.139000000,0.002700000,0.192500000,0.035600000,0.011100000,0.033200000,true,true,0.018500000,0.103200000,0.006400000,0.002200000,0.005800000,103,103,0
1155,0,1,1920,1080,640,360,ultra-performance,0.002200000,0.034400000,0.303500000,0.530300000,0.011900000,0.098800000,0.855600000,0.166100000,2.207800000,2.205600000,2.002800000,0.205000000,0.004300000,0.030800000,0.016800000,0.251100000,0.202800000,0.202900000,0.054400000,0.002400000,0.471500000,84,0,103,3,7,0.001300000,0.002500000,0.001300000,0.003500000,0.002600000,0.001000000,0.606200000,0.017200000,0.035400000,0.007600000,0.004800000,0.161700000,0.000000000,0.000000000,0.003300000,0.848400000,0.007200000,3,1,7,7,3,,0.174300000,0.003900000,0.206900000,0.041400000,0.011400000,0.033200000,true,true,0.020500000,0.130900000,0.007200000,0.003900000,0.008200000,103,103,0
1156,1,1,1920,1080,640,360,ultra-performance,0.002000000,0.020800000,0.168700000,0.570600000,0.011900000,0.099300000,0.706000000,0.199500000,1.954300000,1.952300000,1.778800000,0.175500000,0.002800000,0.017000000,0.009500000,0.139100000,0.173500000,0.173700000,0.055200000,0.002000000,0.511300000,84,0,103,3,7,0.001200000,0.002800000,0.001100000,0.003600000,0.003900000,0.000700000,0.524700000,0.022400000,0.018500000,0.010400000,0.003700000,0.101000000,0.000100000,0.000000000,0.004800000,0.698900000,0.007100000,3,1,7,7,3,,0.139100000,0.004700000,0.278100000,0.043700000,0.011500000,0.033600000,true,true,0.016600000,0.098700000,0.005800000,0.004000000,0.010000000,103,103,0
1157,2,1,1920,1080,640,360,ultra-performance,0.002400000,0.033100000,0.234300000,0.481600000,0.012500000,0.091700000,0.580200000,0.286400000,1.892700000,1.890300000,1.722200000,0.170500000,0.007200000,0.032700000,0.013400000,0.180300000,0.168900000,0.169200000,0.065900000,0.002300000,0.411700000,84,0,103,3,7,0.001100000,0.002100000,0.001600000,0.003400000,0.002100000,0.000500000,0.424300000,0.009900000,0.029000000,0.005700000,0.003100000,0.090800000,0.000000000,0.000000000,0.003500000,0.577100000,0.003100000,3,1,7,7,3,,0.136900000,0.002700000,0.191200000,0.036300000,0.011000000,0.033200000,true,true,0.018400000,0.098800000,0.006600000,0.004000000,0.006300000,103,103,0
1158,0,1,1920,1080,640,360,ultra-performance,0.002100000,0.023200000,0.184800000,0.461300000,0.010500000,0.095200000,1.157100000,0.301200000,2.406800000,2.404700000,2.235400000,0.171400000,0.003800000,0.029500000,0.011100000,0.140100000,0.168300000,0.168400000,0.053000000,0.002100000,0.404400000,84,0,103,3,7,0.001100000,0.002400000,0.001000000,0.003300000,0.006500000,0.001200000,0.600000000,0.020000000,0.190500000,0.012600000,0.007200000,0.291500000,0.000000000,0.000000000,0.009700000,1.147000000,0.010100000,3,1,7,7,3,,0.137200000,0.003000000,0.180900000,0.039400000,0.010800000,0.032600000,true,true,0.016100000,0.102900000,0.005300000,0.003200000,0.006800000,103,103,0
1159,1,1,1920,1080,640,360,ultra-performance,0.002000000,0.019000000,0.170200000,0.464300000,0.011800000,0.111600000,0.672300000,0.186200000,1.812500000,1.810500000,1.637400000,0.175100000,0.002900000,0.017300000,0.009900000,0.139500000,0.173600000,0.173700000,0.054800000,0.002000000,0.405700000,84,0,103,3,7,0.001100000,0.002600000,0.001100000,0.003100000,0.002100000,0.000400000,0.509300000,0.014400000,0.018900000,0.005300000,0.002900000,0.103300000,0.000000000,0.000000000,0.003900000,0.668400000,0.003900000,3,1,7,7,3,,0.132800000,0.003000000,0.184800000,0.040000000,0.010800000,0.034000000,true,true,0.017100000,0.097700000,0.005900000,0.002900000,0.006400000,103,103,0
1160,2,1,1920,1080,640,360,ultra-performance,0.001600000,0.019900000,0.165900000,0.453900000,0.014800000,0.119100000,1.062300000,0.322600000,2.330200000,2.328600000,2.160100000,0.170100000,0.002800000,0.016400000,0.008800000,0.137500000,0.166700000,0.166900000,0.053900000,0.001900000,0.396100000,84,0,103,3,7,0.001600000,0.003500000,0.001700000,0.004000000,0.006400000,0.001400000,0.680400000,0.032500000,0.085100000,0.019600000,0.008200000,0.197200000,0.000000000,0.000000000,0.007900000,1.049500000,0.012800000,3,1,7,7,3,,0.131300000,0.003100000,0.179000000,0.038600000,0.010900000,0.032800000,true,true,0.016800000,0.096600000,0.005500000,0.003100000,0.006500000,103,103,0
1161,0,1,1920,1080,640,360,ultra-performance,0.002600000,0.039600000,0.252500000,0.499400000,0.012600000,0.115900000,1.153500000,0.371100000,2.645500000,2.642900000,2.447200000,0.198300000,0.008200000,0.030000000,0.012700000,0.200600000,0.195300000,0.195600000,0.066700000,0.002300000,0.428500000,84,0,103,3,7,0.001200000,0.002800000,0.001500000,0.003600000,0.005000000,0.001300000,0.545900000,0.028700000,0.190800000,0.016800000,0.006700000,0.332600000,0.000000000,0.000000000,0.007200000,1.144100000,0.009400000,3,1,7,7,3,,0.142200000,0.003000000,0.193900000,0.043900000,0.011500000,0.033400000,true,true,0.018400000,0.103500000,0.006300000,0.004200000,0.006600000,103,103,0
1162,1,1,1920,1080,640,360,ultra-performance,0.002100000,0.022200000,0.195000000,0.585100000,0.011400000,0.166500000,0.873900000,0.173100000,2.235600000,2.233500000,2.029300000,0.206300000,0.004100000,0.029100000,0.014100000,0.147400000,0.203800000,0.203900000,0.084600000,0.002900000,0.495700000,84,0,103,3,7,0.002100000,0.003600000,0.001700000,0.004800000,0.005100000,0.001300000,0.628600000,0.029100000,0.044500000,0.015700000,0.006300000,0.118800000,0.000000000,0.000000000,0.004500000,0.866100000,0.007800000,3,1,7,7,3,,0.202800000,0.004600000,0.198000000,0.043800000,0.011800000,0.034100000,true,true,0.023000000,0.152800000,0.008200000,0.003800000,0.010000000,103,103,0
1163,2,1,1920,1080,640,360,ultra-performance,0.002000000,0.032200000,0.219900000,0.569000000,0.014100000,0.109600000,0.912000000,0.164300000,2.192200000,2.190200000,2.023100000,0.169100000,0.006300000,0.049600000,0.018500000,0.144400000,0.167300000,0.167700000,0.059500000,0.002300000,0.505000000,84,0,103,3,7,0.001300000,0.002900000,0.001100000,0.003700000,0.004800000,0.000700000,0.554000000,0.021900000,0.110200000,0.018100000,0.006900000,0.172200000,0.000100000,0.000000000,0.004500000,0.902400000,0.009600000,3,1,7,7,3,,0.135900000,0.003200000,0.257900000,0.046000000,0.012100000,0.049200000,true,true,0.018400000,0.097200000,0.006500000,0.003900000,0.006800000,103,103,0
1164,0,1,1920,1080,640,360,ultra-performance,0.003000000,0.020400000,0.186800000,0.498000000,0.011200000,0.090100000,0.711700000,0.178000000,1.882500000,1.879500000,1.699200000,0.183300000,0.003400000,0.018800000,0.014300000,0.149500000,0.181500000,0.181700000,0.069500000,0.002200000,0.424500000,84,0,103,3,7,0.001100000,0.002400000,0.001000000,0.003000000,0.002700000,0.000900000,0.465600000,0.023900000,0.063900000,0.016200000,0.005900000,0.113800000,0.000000000,0.000000000,0.004100000,0.704500000,0.007200000,3,1,7,7,3,,0.141300000,0.003100000,0.190600000,0.043400000,0.012000000,0.033700000,true,true,0.017500000,0.103900000,0.006700000,0.003500000,0.007000000,103,103,0
1165,1,1,1920,1080,640,360,ultra-performance,0.002000000,0.019000000,0.170100000,0.507800000,0.012300000,0.098700000,0.858900000,0.167500000,2.008200000,2.006200000,1.836300000,0.171900000,0.002900000,0.017500000,0.009100000,0.140100000,0.170100000,0.170200000,0.054100000,0.002100000,0.449600000,84,0,103,3,7,0.001100000,0.002600000,0.001400000,0.003500000,0.003700000,0.000700000,0.507900000,0.022900000,0.138200000,0.019300000,0.006800000,0.136300000,0.000000000,0.000000000,0.005500000,0.849900000,0.009000000,3,1,7,7,3,,0.137200000,0.003100000,0.218800000,0.044000000,0.011600000,0.034300000,true,true,0.016400000,0.102500000,0.005700000,0.003400000,0.006400000,103,103,0
1166,2,1,1920,1080,640,360,ultra-performance,0.001800000,0.032000000,0.190800000,0.722300000,0.016300000,0.135500000,1.149300000,0.181500000,2.626700000,2.624900000,2.429500000,0.197200000,0.005800000,0.027800000,0.011800000,0.144600000,0.194800000,0.195300000,0.063800000,0.005200000,0.649800000,84,0,103,3,7,0.002000000,0.003600000,0.001700000,0.004900000,0.005900000,0.001500000,0.791900000,0.050100000,0.039800000,0.021400000,0.011200000,0.187200000,0.000000000,0.000000000,0.017100000,1.138300000,0.011000000,3,1,7,7,3,,0.222900000,0.004700000,0.288200000,0.058300000,0.015800000,0.059200000,true,true,0.056300000,0.134000000,0.010600000,0.004500000,0.013000000,103,103,0
1167,0,1,1920,1080,640,360,ultra-performance,0.002300000,0.038700000,0.284600000,0.608600000,0.018900000,0.145700000,0.688300000,0.211000000,2.268700000,2.266400000,1.998100000,0.270600000,0.006000000,0.027700000,0.014900000,0.235200000,0.268400000,0.268800000,0.067300000,0.003800000,0.535700000,84,0,103,3,7,0.002000000,0.004100000,0.001300000,0.003800000,0.003700000,0.000800000,0.476000000,0.022000000,0.057600000,0.009900000,0.005400000,0.088800000,0.000100000,0.000000000,0.005800000,0.681300000,0.007000000,3,1,7,7,3,,0.184300000,0.005000000,0.217500000,0.074400000,0.014700000,0.039200000,true,true,0.036000000,0.119100000,0.008600000,0.007400000,0.009500000,103,103,0
1168,1,1,1920,1080,640,360,ultra-performance,0.002400000,0.026700000,0.290100000,0.704600000,0.015900000,0.130200000,0.762100000,0.187400000,2.386800000,2.384400000,2.119400000,0.267400000,0.004200000,0.027700000,0.023100000,0.234600000,0.266000000,0.266200000,0.089700000,0.003400000,0.609100000,84,0,103,3,7,0.001500000,0.003400000,0.001700000,0.004000000,0.003100000,0.000600000,0.514900000,0.019400000,0.033400000,0.008400000,0.005000000,0.158000000,0.000000000,0.000000000,0.003600000,0.757000000,0.005100000,3,1,7,7,3,,0.200600000,0.003900000,0.284600000,0.057100000,0.015000000,0.047300000,true,true,0.026200000,0.147100000,0.008900000,0.004100000,0.010500000,103,103,0
1169,2,1,1920,1080,640,360,ultra-performance,0.001900000,0.031000000,0.263400000,0.671800000,0.014700000,0.143400000,0.762300000,0.190600000,2.353500000,2.351600000,2.079100000,0.274400000,0.003800000,0.024900000,0.012100000,0.222200000,0.265200000,0.265300000,0.083300000,0.003200000,0.583000000,84,0,103,3,7,0.001800000,0.002800000,0.001800000,0.003500000,0.002800000,0.000600000,0.559300000,0.016300000,0.020100000,0.011700000,0.004400000,0.126300000,0.000000000,0.000000000,0.004300000,0.755700000,0.006600000,3,1,7,7,3,,0.199100000,0.003800000,0.267700000,0.049600000,0.014200000,0.048100000,true,true,0.027400000,0.146700000,0.008500000,0.003700000,0.008800000,103,103,0
1170,0,1,1920,1080,640,360,ultra-performance,0.002100000,0.026400000,0.298400000,0.700600000,0.017000000,0.136900000,1.132900000,0.160700000,2.744300000,2.742200000,2.475000000,0.269300000,0.004900000,0.052500000,0.016200000,0.223600000,0.267500000,0.267900000,0.090200000,0.003400000,0.604600000,84,0,103,3,7,0.001500000,0.003600000,0.001500000,0.004700000,0.006100000,0.001600000,0.806500000,0.037700000,0.060700000,0.018700000,0.009300000,0.166100000,0.000100000,0.000000000,0.004700000,1.122800000,0.010100000,3,1,7,7,3,,0.199800000,0.004100000,0.278600000,0.058200000,0.015500000,0.047700000,true,true,0.025500000,0.148200000,0.009100000,0.003700000,0.009500000,103,103,0
1171,1,1,1920,1080,640,360,ultra-performance,0.001800000,0.028600000,0.183100000,0.552000000,0.019200000,0.131300000,0.765500000,0.214700000,2.054400000,2.052600000,1.896200000,0.158200000,0.003600000,0.023400000,0.013300000,0.141900000,0.156000000,0.156300000,0.059000000,0.004000000,0.487200000,84,0,103,3,7,0.001700000,0.003500000,0.001300000,0.003500000,0.003500000,0.000900000,0.494200000,0.019700000,0.105200000,0.009900000,0.004400000,0.104000000,0.000100000,0.000000000,0.005600000,0.757500000,0.008000000,3,1,7,7,3,,0.166900000,0.005000000,0.198600000,0.065600000,0.012900000,0.037600000,true,true,0.032500000,0.108900000,0.008300000,0.005000000,0.008900000,103,103,0
1172,2,1,1920,1080,640,360,ultra-performance,0.002400000,0.030500000,0.280000000,0.723100000,0.015400000,0.189400000,0.760500000,0.241100000,2.503400000,2.501000000,2.242400000,0.261000000,0.003900000,0.026900000,0.014300000,0.234400000,0.259600000,0.259700000,0.088600000,0.003800000,0.628400000,84,0,103,3,7,0.001900000,0.003300000,0.001500000,0.004300000,0.003000000,0.000500000,0.553000000,0.019300000,0.001900000,0.007700000,0.004900000,0.151000000,0.000100000,0.000000000,0.003700000,0.756100000,0.004400000,3,1,7,7,3,,0.208400000,0.004400000,0.298600000,0.056700000,0.014600000,0.045100000,true,true,0.027500000,0.151800000,0.010300000,0.004100000,0.009900000,103,103,0
1173,0,1,1920,1080,640,360,ultra-performance,0.001900000,0.030500000,0.250100000,0.642500000,0.015900000,0.128200000,0.964200000,0.183800000,2.478500000,2.476600000,2.217100000,0.261400000,0.003500000,0.023700000,0.012700000,0.209700000,0.259900000,0.260200000,0.078200000,0.002400000,0.559300000,84,0,103,3,7,0.001600000,0.003400000,0.001700000,0.003800000,0.003500000,0.000600000,0.604100000,0.023200000,0.184200000,0.010700000,0.006300000,0.111400000,0.000000000,0.000000000,0.003900000,0.958400000,0.005800000,3,1,7,7,3,,0.185300000,0.003900000,0.255200000,0.049600000,0.013900000,0.050900000,true,true,0.021800000,0.140400000,0.008000000,0.003700000,0.008000000,103,103,0
1174,1,1,1920,1080,640,360,ultra-performance,0.002000000,0.027900000,0.256900000,0.664100000,0.015200000,0.139500000,0.681700000,0.199700000,2.257500000,2.255500000,1.987000000,0.270500000,0.003700000,0.022900000,0.013700000,0.216300000,0.269100000,0.269200000,0.080900000,0.003000000,0.577900000,84,0,103,3,7,0.001400000,0.003300000,0.001300000,0.003900000,0.002600000,0.000500000,0.484100000,0.017000000,0.040600000,0.007700000,0.004700000,0.106200000,0.000000000,0.000000000,0.003400000,0.676700000,0.005000000,3,1,7,7,3,,0.192500000,0.004100000,0.269200000,0.050400000,0.014100000,0.047000000,true,true,0.023200000,0.145000000,0.007600000,0.003700000,0.009100000,103,103,0
1175,2,1,1920,1080,640,360,ultra-performance,0.001700000,0.022100000,0.255200000,0.645600000,0.014100000,0.127400000,0.829900000,0.183900000,2.348000000,2.346300000,2.079900000,0.268100000,0.002900000,0.023600000,0.012500000,0.215700000,0.266700000,0.266800000,0.079200000,0.002400000,0.561500000,84,0,103,3,7,0.001400000,0.002900000,0.001400000,0.004000000,0.002900000,0.000500000,0.599200000,0.017500000,0.078100000,0.009800000,0.004500000,0.098600000,0.000100000,0.000000000,0.003800000,0.824700000,0.005200000,3,1,7,7,3,,0.188800000,0.003800000,0.259600000,0.048400000,0.013900000,0.046400000,true,true,0.022600000,0.143300000,0.007900000,0.003500000,0.007900000,103,103,0
1176,0,1,1920,1080,640,360,ultra-performance,0.002100000,0.024100000,0.255200000,0.655600000,0.014600000,0.125600000,0.814300000,0.169900000,2.330400000,2.328300000,2.061400000,0.269000000,0.003200000,0.023000000,0.011900000,0.216600000,0.267700000,0.267800000,0.081500000,0.002600000,0.569100000,84,0,103,3,7,0.001600000,0.003100000,0.001400000,0.003800000,0.002900000,0.000500000,0.582400000,0.015600000,0.097600000,0.009200000,0.004700000,0.082500000,0.000100000,0.000000000,0.003600000,0.809000000,0.005300000,3,1,7,7,3,,0.188100000,0.003800000,0.269300000,0.047300000,0.013300000,0.046600000,true,true,0.021900000,0.144000000,0.006600000,0.003400000,0.008300000,103,103,0
1177,1,1,1920,1080,640,360,ultra-performance,0.001900000,0.023400000,0.256000000,0.650500000,0.014700000,0.127000000,0.879900000,0.201800000,2.423900000,2.422000000,2.155200000,0.268700000,0.003200000,0.021900000,0.012800000,0.217500000,0.267300000,0.267400000,0.080800000,0.002500000,0.564700000,84,0,103,3,7,0.001400000,0.003000000,0.001800000,0.003900000,0.003400000,0.000700000,0.622600000,0.019800000,0.106500000,0.009300000,0.005100000,0.093100000,0.000000000,0.000000000,0.003700000,0.874300000,0.005600000,3,1,7,7,3,,0.191800000,0.003800000,0.258000000,0.046800000,0.014200000,0.049600000,true,true,0.023100000,0.146400000,0.006900000,0.003700000,0.007900000,103,103,0
1178,2,1,1920,1080,640,360,ultra-performance,0.002000000,0.027500000,0.263500000,0.721100000,0.015200000,0.105500000,0.821500000,0.205600000,2.451700000,2.449700000,2.161900000,0.289800000,0.003700000,0.022700000,0.013400000,0.223200000,0.288100000,0.288300000,0.086400000,0.002600000,0.629800000,84,0,103,3,7,0.001100000,0.002700000,0.001200000,0.003500000,0.003600000,0.000700000,0.549400000,0.028700000,0.063400000,0.017900000,0.009400000,0.129100000,0.000100000,0.000000000,0.003800000,0.814600000,0.006900000,3,1,7,7,3,,0.206600000,0.004400000,0.294000000,0.056800000,0.015700000,0.051600000,true,true,0.024200000,0.155800000,0.008400000,0.003800000,0.009800000,103,103,0
1179,0,1,1920,1080,640,360,ultra-performance,0.002200000,0.027600000,0.300600000,0.692000000,0.015000000,0.131900000,0.983600000,0.282300000,2.737500000,2.735300000,2.435200000,0.302300000,0.003900000,0.023900000,0.013200000,0.259100000,0.299200000,0.299300000,0.093200000,0.002800000,0.593200000,84,0,103,3,7,0.001700000,0.003300000,0.001600000,0.004200000,0.005300000,0.001300000,0.772800000,0.030300000,0.003400000,0.013900000,0.006300000,0.124200000,0.000000000,0.000000000,0.006800000,0.975100000,0.008500000,3,1,7,7,3,,0.197000000,0.003900000,0.276700000,0.052700000,0.014700000,0.047600000,true,true,0.021500000,0.151600000,0.007100000,0.004200000,0.008400000,103,103,0
1180,1,1,1920,1080,640,360,ultra-performance,0.002600000,0.034000000,0.290200000,0.787300000,0.022300000,0.165700000,1.031000000,0.313700000,2.894200000,2.891600000,2.646800000,0.247400000,0.006600000,0.036700000,0.016500000,0.229400000,0.245000000,0.245400000,0.088000000,0.004400000,0.692100000,84,0,103,3,7,0.002200000,0.004900000,0.001800000,0.004600000,0.004800000,0.001100000,0.675900000,0.034000000,0.081700000,0.019100000,0.008900000,0.175200000,0.000100000,0.000000000,0.007400000,1.021700000,0.009300000,3,1,7,7,3,,0.236200000,0.005400000,0.290000000,0.080500000,0.018100000,0.060800000,true,true,0.037900000,0.163900000,0.011700000,0.004700000,0.012100000,103,103,0
1181,2,1,1920,1080,640,360,ultra-performance,0.002500000,0.025100000,0.206400000,0.509300000,0.014000000,0.115700000,1.054300000,0.169800000,2.277000000,2.274500000,2.097100000,0.179900000,0.004200000,0.028700000,0.016900000,0.155800000,0.178000000,0.178200000,0.064200000,0.002800000,0.440500000,84,0,103,3,7,0.001800000,0.004100000,0.002100000,0.004600000,0.002400000,0.000700000,0.520400000,0.017400000,0.054800000,0.014900000,0.005800000,0.415000000,0.000100000,0.000000000,0.003200000,1.047300000,0.007000000,3,1,7,7,3,,0.142800000,0.003300000,0.198800000,0.049000000,0.011900000,0.034500000,true,true,0.019000000,0.102900000,0.007200000,0.003500000,0.007400000,103,103,0
1182,0,1,1920,1080,640,360,ultra-performance,0.001800000,0.020000000,0.171800000,0.495300000,0.012500000,0.099900000,0.705900000,0.175000000,1.891300000,1.889500000,1.682200000,0.209100000,0.003100000,0.018000000,0.009600000,0.140700000,0.207700000,0.207800000,0.059500000,0.003900000,0.430100000,84,0,103,3,7,0.001200000,0.002800000,0.001400000,0.003500000,0.001900000,0.000500000,0.528700000,0.017100000,0.022100000,0.010300000,0.003800000,0.104800000,0.000100000,0.000000000,0.003500000,0.701700000,0.004200000,3,1,7,7,3,,0.150600000,0.003200000,0.187600000,0.043600000,0.011100000,0.033400000,true,true,0.022300000,0.107700000,0.006500000,0.003400000,0.007400000,103,103,0
1183,1,1,1920,1080,640,360,ultra-performance,0.001900000,0.023500000,0.183800000,0.615000000,0.013800000,0.103900000,0.825300000,0.175900000,2.134300000,2.132400000,1.943100000,0.191200000,0.003000000,0.016900000,0.009600000,0.153800000,0.189900000,0.190100000,0.064000000,0.002200000,0.546700000,84,0,103,3,7,0.001100000,0.002600000,0.001100000,0.003500000,0.002700000,0.000600000,0.550900000,0.022600000,0.042600000,0.015300000,0.005600000,0.165900000,0.000100000,0.000000000,0.003400000,0.818000000,0.007300000,3,1,7,7,3,,0.157900000,0.004400000,0.273000000,0.059600000,0.012400000,0.038900000,true,true,0.018700000,0.113300000,0.008500000,0.004200000,0.009100000,103,103,0
1184,2,1,1920,1080,640,360,ultra-performance,0.002300000,0.029100000,0.169700000,0.507400000,0.011600000,0.099000000,0.757400000,0.185000000,1.937600000,1.935300000,1.761500000,0.176100000,0.002900000,0.017300000,0.009100000,0.139900000,0.174300000,0.174400000,0.081900000,0.002300000,0.421200000,84,0,103,3,7,0.001200000,0.002500000,0.001100000,0.003600000,0.003500000,0.000700000,0.487300000,0.020600000,0.074900000,0.016900000,0.005900000,0.127900000,0.000000000,0.000000000,0.004900000,0.751000000,0.006400000,3,1,7,7,3,,0.144400000,0.003300000,0.185500000,0.042900000,0.011200000,0.033300000,true,true,0.018800000,0.105100000,0.007000000,0.003300000,0.007000000,103,103,0
1185,0,1,1920,1080,640,360,ultra-performance,0.002300000,0.029000000,0.294700000,0.705200000,0.017500000,0.135900000,1.153200000,0.212600000,2.825200000,2.822900000,2.550400000,0.274800000,0.005300000,0.026300000,0.039200000,0.223100000,0.272200000,0.272600000,0.089600000,0.003100000,0.610200000,84,0,103,3,7,0.001700000,0.003600000,0.001800000,0.004300000,0.005100000,0.001200000,0.703200000,0.028600000,0.101900000,0.017500000,0.007700000,0.261200000,0.000000000,0.000000000,0.005900000,1.143700000,0.009500000,3,1,7,7,3,,0.199600000,0.003900000,0.287000000,0.054500000,0.015200000,0.049200000,true,true,0.026900000,0.146700000,0.008400000,0.004500000,0.009000000,103,103,0
1186,1,1,1920,1080,640,360,ultra-performance,0.001600000,0.025600000,0.271100000,0.704400000,0.016200000,0.135300000,0.835900000,0.415800000,2.672800000,2.671200000,2.405900000,0.266900000,0.003900000,0.020400000,0.013000000,0.232900000,0.264500000,0.264700000,0.092200000,0.002800000,0.606600000,84,0,103,3,7,0.001500000,0.003600000,0.001400000,0.004400000,0.004800000,0.001100000,0.543100000,0.027500000,0.095900000,0.012400000,0.005700000,0.121000000,0.000100000,0.000000000,0.006200000,0.828700000,0.007200000,3,1,7,7,3,,0.207700000,0.003800000,0.275700000,0.055100000,0.014900000,0.048500000,true,true,0.022500000,0.157200000,0.009400000,0.004600000,0.009800000,103,103,0
1187,2,1,1920,1080,640,360,ultra-performance,0.003000000,0.029000000,0.267900000,0.472300000,0.011900000,0.136900000,0.764100000,0.180500000,2.095700000,2.092700000,1.865600000,0.230100000,0.004500000,0.028900000,0.012900000,0.221200000,0.228800000,0.229000000,0.054900000,0.002300000,0.413300000,84,0,103,3,7,0.001500000,0.003700000,0.001700000,0.004500000,0.003800000,0.001000000,0.553100000,0.026300000,0.021000000,0.012000000,0.004800000,0.121800000,0.000000000,0.000000000,0.003200000,0.758400000,0.005700000,3,1,7,7,3,,0.135100000,0.003100000,0.180600000,0.041900000,0.010700000,0.041400000,true,true,0.017300000,0.098900000,0.005600000,0.003500000,0.006600000,103,103,0
1188,0,1,1920,1080,640,360,ultra-performance,0.001700000,0.021100000,0.188400000,0.469200000,0.011700000,0.099200000,0.722000000,0.169100000,1.859700000,1.858000000,1.682400000,0.177300000,0.003000000,0.016400000,0.009800000,0.158700000,0.175000000,0.175100000,0.055500000,0.002200000,0.409500000,84,0,103,3,7,0.001200000,0.002700000,0.001200000,0.003100000,0.003800000,0.001000000,0.471500000,0.026800000,0.058700000,0.010700000,0.006000000,0.122500000,0.000100000,0.000000000,0.006500000,0.715800000,0.006200000,3,1,7,7,3,,0.133400000,0.003300000,0.188000000,0.039900000,0.011300000,0.033200000,true,true,0.016500000,0.098600000,0.005400000,0.003200000,0.006900000,103,103,0
1189,1,1,1920,1080,640,360,ultra-performance,0.001700000,0.021500000,0.176300000,0.459700000,0.012900000,0.105400000,0.866500000,0.253700000,2.074900000,2.073200000,1.897700000,0.177200000,0.002800000,0.016800000,0.009200000,0.147000000,0.174800000,0.174900000,0.053400000,0.002200000,0.402300000,84,0,103,3,7,0.001200000,0.002500000,0.001300000,0.002900000,0.005500000,0.001300000,0.599100000,0.026800000,0.035700000,0.017500000,0.009200000,0.147500000,0.000000000,0.000000000,0.007300000,0.857800000,0.008700000,3,1,7,7,3,,0.128700000,0.003200000,0.185500000,0.040400000,0.011100000,0.033000000,true,true,0.016500000,0.093900000,0.005600000,0.003500000,0.006300000,103,103,0
1190,2,1,1920,1080,640,360,ultra-performance,0.002100000,0.023700000,0.251200000,0.642900000,0.014500000,0.127000000,0.620300000,0.172900000,2.124000000,2.121900000,1.854600000,0.269400000,0.003800000,0.024100000,0.012300000,0.210700000,0.268200000,0.268400000,0.081100000,0.002400000,0.557000000,84,0,103,3,7,0.001400000,0.002800000,0.001400000,0.004100000,0.003000000,0.000400000,0.446900000,0.016100000,0.041300000,0.007600000,0.004700000,0.081400000,0.000000000,0.000000000,0.003600000,0.614700000,0.005600000,3,1,7,7,3,,0.186400000,0.004000000,0.256900000,0.049600000,0.013800000,0.045700000,true,true,0.022400000,0.141200000,0.007300000,0.003600000,0.008400000,103,103,0
1191,0,1,1920,1080,640,360,ultra-performance,0.001700000,0.019600000,0.255200000,0.635800000,0.014400000,0.125600000,0.727500000,0.185400000,2.234800000,2.233100000,1.965200000,0.269600000,0.003100000,0.021500000,0.012500000,0.217500000,0.268400000,0.268600000,0.080400000,0.002300000,0.551000000,84,0,103,3,7,0.001700000,0.003000000,0.001500000,0.003800000,0.003000000,0.000400000,0.558300000,0.015900000,0.034600000,0.008600000,0.005200000,0.081600000,0.000100000,0.000000000,0.004000000,0.721700000,0.005800000,3,1,7,7,3,,0.185900000,0.004400000,0.253000000,0.047500000,0.013900000,0.045700000,true,true,0.020600000,0.142100000,0.007400000,0.003300000,0.008200000,103,103,0
1192,1,1,1920,1080,640,360,ultra-performance,0.001700000,0.024700000,0.259200000,0.647800000,0.014000000,0.128300000,0.783900000,0.163300000,2.294100000,2.292400000,2.022900000,0.271200000,0.003100000,0.023500000,0.012200000,0.220100000,0.269700000,0.269800000,0.082000000,0.002500000,0.560700000,84,0,103,3,7,0.001700000,0.003000000,0.001600000,0.004100000,0.002600000,0.000400000,0.552200000,0.015300000,0.107400000,0.007900000,0.004500000,0.075500000,0.000000000,0.000000000,0.003600000,0.779800000,0.004100000,3,1,7,7,3,,0.189700000,0.003900000,0.258500000,0.047300000,0.013600000,0.047100000,true,true,0.021300000,0.145200000,0.007100000,0.003400000,0.008800000,103,103,0
1193,2,1,1920,1080,640,360,ultra-performance,0.001900000,0.021500000,0.257600000,0.649900000,0.013400000,0.126400000,0.776000000,0.167500000,2.291000000,2.289100000,2.014200000,0.276800000,0.003200000,0.022800000,0.012300000,0.218900000,0.275300000,0.275500000,0.089900000,0.002500000,0.555400000,84,0,103,3,7,0.001500000,0.002800000,0.001700000,0.003600000,0.003100000,0.000400000,0.344700000,0.015100000,0.191900000,0.010100000,0.005300000,0.185500000,0.000000000,0.000000000,0.004000000,0.769700000,0.006300000,3,1,7,7,3,,0.186300000,0.003800000,0.256400000,0.047900000,0.013900000,0.046400000,true,true,0.021800000,0.142000000,0.006900000,0.003900000,0.008100000,103,103,0
1194,0,1,1920,1080,640,360,ultra-performance,0.001800000,0.024500000,0.268400000,0.644700000,0.013300000,0.127000000,0.543000000,0.164500000,2.068800000,2.067000000,1.787200000,0.281600000,0.003400000,0.024800000,0.017600000,0.222100000,0.280300000,0.280500000,0.081800000,0.002500000,0.558200000,84,0,103,3,7,0.001700000,0.003000000,0.001400000,0.003900000,0.002500000,0.000500000,0.365200000,0.014400000,0.055500000,0.007100000,0.004700000,0.074700000,0.000100000,0.000000000,0.003600000,0.538300000,0.004700000,3,1,7,7,3,,0.186900000,0.003700000,0.258400000,0.048200000,0.013700000,0.046600000,true,true,0.021700000,0.142000000,0.007500000,0.003500000,0.008200000,103,103,0
1195,1,1,1920,1080,640,360,ultra-performance,0.001900000,0.020800000,0.257300000,0.632100000,0.014100000,0.132100000,0.669900000,0.195700000,2.193700000,2.191800000,1.923900000,0.269800000,0.003100000,0.020700000,0.011700000,0.221400000,0.268600000,0.268700000,0.080200000,0.002400000,0.547100000,84,0,103,3,7,0.001500000,0.002900000,0.001500000,0.003400000,0.002900000,0.000500000,0.510300000,0.015100000,0.032500000,0.008800000,0.004700000,0.076000000,0.000000000,0.000000000,0.003500000,0.663600000,0.006300000,3,1,7,7,3,,0.183100000,0.003700000,0.253000000,0.046700000,0.014400000,0.045800000,true,true,0.021200000,0.139600000,0.006800000,0.003600000,0.007900000,103,103,0
1196,2,1,1920,1080,640,360,ultra-performance,0.001700000,0.025600000,0.253400000,0.639900000,0.014000000,0.127000000,0.672400000,0.174200000,2.176100000,2.174400000,1.908200000,0.267900000,0.003100000,0.020000000,0.012100000,0.217900000,0.266500000,0.266600000,0.078100000,0.002700000,0.557000000,84,0,103,3,7,0.001500000,0.003000000,0.001700000,0.004000000,0.002800000,0.000400000,0.501800000,0.015200000,0.029500000,0.008200000,0.005000000,0.089200000,0.000000000,0.000000000,0.003600000,0.665900000,0.006500000,3,1,7,7,3,,0.189100000,0.003700000,0.256300000,0.046900000,0.013600000,0.046700000,true,true,0.021400000,0.143200000,0.007700000,0.003600000,0.008800000,103,103,0
1197,0,1,1920,1080,640,360,ultra-performance,0.001900000,0.021800000,0.255500000,0.646500000,0.013800000,0.127100000,0.768700000,0.284100000,2.391900000,2.390000000,2.119400000,0.272500000,0.003200000,0.021500000,0.011600000,0.219000000,0.270900000,0.271000000,0.082700000,0.002700000,0.558800000,84,0,103,3,7,0.001700000,0.003000000,0.001500000,0.003900000,0.003400000,0.000500000,0.509300000,0.014400000,0.131000000,0.007600000,0.004900000,0.078800000,0.000000000,0.000000000,0.003400000,0.763400000,0.005300000,3,1,7,7,3,,0.187300000,0.003900000,0.259300000,0.047500000,0.014100000,0.046200000,true,true,0.022100000,0.142800000,0.006900000,0.003600000,0.008200000,103,103,0
1198,1,1,1920,1080,640,360,ultra-performance,0.003300000,0.038900000,0.527700000,0.660400000,0.014000000,0.127000000,0.827500000,0.194300000,2.721000000,2.717700000,2.393100000,0.327900000,0.006500000,0.041500000,0.025000000,0.453800000,0.326400000,0.326600000,0.081700000,0.002400000,0.573900000,84,0,103,3,7,0.003500000,0.003000000,0.001600000,0.003800000,0.003000000,0.000400000,0.542800000,0.015400000,0.124700000,0.009500000,0.005400000,0.104400000,0.000000000,0.000000000,0.003700000,0.821200000,0.006300000,3,1,7,7,3,,0.186200000,0.003800000,0.275100000,0.048100000,0.013600000,0.046400000,true,true,0.021500000,0.141000000,0.007700000,0.003800000,0.008500000,103,103,0
1199,2,1,1920,1080,640,360,ultra-performance,0.002200000,0.030000000,0.248500000,0.645100000,0.013700000,0.125400000,0.737800000,0.210500000,2.286100000,2.283900000,2.013200000,0.272900000,0.004000000,0.024100000,0.012500000,0.207500000,0.271600000,0.271700000,0.079000000,0.002700000,0.561200000,84,0,103,3,7,0.002600000,0.003300000,0.001600000,0.004100000,0.002900000,0.000400000,0.442200000,0.015600000,0.136600000,0.009500000,0.004900000,0.104100000,0.000100000,0.000000000,0.003500000,0.731400000,0.006400000,3,1,7,7,3,,0.185600000,0.004000000,0.264900000,0.046800000,0.013100000,0.046100000,true,true,0.022500000,0.140000000,0.007700000,0.003600000,0.007900000,103,103,0
1200,0,1,1920,1080,640,360,ultra-performance,0.001700000,0.025300000,0.249700000,0.654700000,0.013700000,0.128600000,0.729800000,0.257300000,2.325200000,2.323500000,2.060800000,0.264400000,0.003200000,0.022300000,0.012200000,0.211500000,0.262200000,0.262400000,0.079800000,0.002400000,0.570200000,84,0,103,3,7,0.002500000,0.003000000,0.001500000,0.003800000,0.005000000,0.000900000,0.506100000,0.023700000,0.049300000,0.013100000,0.005300000,0.103300000,0.000000000,0.000000000,0.004900000,0.722400000,0.007400000,3,1,7,7,3,,0.183000000,0.003900000,0.273700000,0.048300000,0.013700000,0.047000000,true,true,0.020900000,0.138700000,0.007500000,0.003600000,0.008600000,103,103,0
1201,1,1,1920,1080,640,360,ultra-performance,0.003200000,0.035000000,0.228000000,0.610200000,0.018200000,0.135700000,0.846300000,0.199800000,2.247200000,2.244000000,2.076400000,0.170800000,0.008600000,0.036100000,0.021400000,0.161100000,0.168600000,0.168900000,0.067300000,0.004700000,0.536500000,84,0,103,3,7,0.002700000,0.004100000,0.001300000,0.003700000,0.003700000,0.001200000,0.540600000,0.023700000,0.137400000,0.011500000,0.006100000,0.095200000,0.000100000,0.000000000,0.005300000,0.836600000,0.009700000,3,1,7,7,3,,0.189600000,0.004900000,0.209600000,0.078500000,0.014000000,0.039300000,true,true,0.044200000,0.117500000,0.008500000,0.005900000,0.010300000,103,103,0
1202,2,1,1920,1080,640,360,ultra-performance,0.002000000,0.034500000,0.274700000,0.703400000,0.016300000,0.133300000,0.752800000,0.262300000,2.445600000,2.443600000,2.179300000,0.266300000,0.004300000,0.027000000,0.015000000,0.227600000,0.264600000,0.264800000,0.090100000,0.003400000,0.607500000,84,0,103,3,7,0.003000000,0.003100000,0.001500000,0.004000000,0.002600000,0.000400000,0.564000000,0.015900000,0.032800000,0.009000000,0.005700000,0.100600000,0.000100000,0.000000000,0.003600000,0.746300000,0.006500000,3,1,7,7,3,,0.202000000,0.004100000,0.280600000,0.055500000,0.015400000,0.049300000,true,true,0.026800000,0.149000000,0.009500000,0.003800000,0.009300000,103,103,0
1203,0,1,1920,1080,640,360,ultra-performance,0.002000000,0.025900000,0.260400000,0.674300000,0.014800000,0.125800000,0.917800000,0.186600000,2.476300000,2.474300000,2.207600000,0.268700000,0.003400000,0.024000000,0.013000000,0.219700000,0.267100000,0.267300000,0.082200000,0.002500000,0.587400000,84,0,103,3,7,0.004000000,0.003100000,0.001400000,0.003900000,0.002600000,0.000600000,0.534700000,0.018700000,0.114800000,0.007800000,0.004700000,0.212000000,0.000100000,0.000000000,0.003600000,0.912000000,0.005800000,3,1,7,7,3,,0.194500000,0.003900000,0.276500000,0.051700000,0.013600000,0.046700000,true,true,0.023000000,0.147300000,0.008200000,0.003700000,0.008200000,103,103,0
1204,1,1,1920,1080,640,360,ultra-performance,0.001900000,0.027900000,0.252100000,0.644600000,0.030300000,0.139000000,0.794500000,0.171100000,2.381500000,2.379600000,2.061400000,0.320100000,0.003300000,0.022200000,0.013800000,0.212500000,0.318900000,0.319100000,0.079900000,0.002500000,0.559900000,84,0,103,3,7,0.003200000,0.003500000,0.001500000,0.003800000,0.003000000,0.000500000,0.592500000,0.017900000,0.001900000,0.008600000,0.005100000,0.142600000,0.000000000,0.000000000,0.003300000,0.787400000,0.007100000,3,1,7,7,3,,0.188400000,0.004000000,0.258400000,0.047300000,0.013800000,0.047400000,true,true,0.021800000,0.140800000,0.009100000,0.003500000,0.009300000,103,103,0
1205,2,1,1920,1080,640,360,ultra-performance,0.001800000,0.025500000,0.253000000,0.643400000,0.015900000,0.125900000,0.807800000,0.194500000,2.331700000,2.329900000,2.067800000,0.263900000,0.003300000,0.023300000,0.013300000,0.212900000,0.262500000,0.262700000,0.079200000,0.002500000,0.559000000,84,0,103,3,7,0.002900000,0.002700000,0.001600000,0.003500000,0.003000000,0.000500000,0.539400000,0.015300000,0.138200000,0.009100000,0.004800000,0.077100000,0.000000000,0.000000000,0.003900000,0.802000000,0.005800000,3,1,7,7,3,,0.183700000,0.003700000,0.262600000,0.046700000,0.013500000,0.048300000,true,true,0.023700000,0.136900000,0.007600000,0.003800000,0.008300000,103,103,0
1206,0,1,1920,1080,640,360,ultra-performance,0.001800000,0.021100000,0.253000000,0.664400000,0.014300000,0.125300000,1.001300000,0.509500000,2.857900000,2.856100000,2.590700000,0.267200000,0.003400000,0.022600000,0.012300000,0.214200000,0.263700000,0.263800000,0.095200000,0.002700000,0.564000000,84,0,103,3,7,0.002900000,0.003100000,0.001500000,0.004200000,0.007400000,0.001200000,0.630000000,0.035500000,0.066300000,0.017000000,0.014100000,0.194500000,0.000000000,0.000000000,0.010700000,0.988400000,0.012900000,3,1,7,7,3,,0.188000000,0.003700000,0.264400000,0.048200000,0.013000000,0.046300000,true,true,0.022300000,0.142100000,0.007400000,0.004000000,0.008400000,103,103,0
1207,1,1,1920,1080,640,360,ultra-performance,0.005400000,0.071900000,0.306900000,0.569100000,0.016800000,0.125400000,0.667000000,0.211400000,2.129900000,2.124500000,1.973900000,0.156000000,0.014100000,0.073400000,0.019600000,0.198900000,0.153600000,0.153800000,0.063500000,0.003600000,0.499900000,84,0,103,3,7,0.002400000,0.003600000,0.001100000,0.004000000,0.003800000,0.001100000,0.471200000,0.021700000,0.020800000,0.011500000,0.006500000,0.104500000,0.000100000,0.000000000,0.005900000,0.658200000,0.008800000,3,1,7,7,3,,0.168000000,0.004000000,0.200500000,0.075100000,0.014300000,0.037100000,true,true,0.028800000,0.113600000,0.008500000,0.004700000,0.009000000,103,103,0
1208,2,1,1920,1080,640,360,ultra-performance,0.002100000,0.026900000,0.281400000,0.703300000,0.016200000,0.138700000,0.862600000,0.187300000,2.484200000,2.482100000,2.218500000,0.265700000,0.004200000,0.027500000,0.014100000,0.235000000,0.264200000,0.264300000,0.091100000,0.003300000,0.606400000,84,0,103,3,7,0.003500000,0.003300000,0.001600000,0.004000000,0.003400000,0.000400000,0.570800000,0.016100000,0.084000000,0.009300000,0.005500000,0.149200000,0.000100000,0.000000000,0.004400000,0.855600000,0.007000000,3,1,7,7,3,,0.202800000,0.004200000,0.279300000,0.056900000,0.015200000,0.047400000,true,true,0.026800000,0.148300000,0.010000000,0.004200000,0.009700000,103,103,0
1209,0,1,1920,1080,640,360,ultra-performance,0.002100000,0.024200000,0.256700000,0.658800000,0.016100000,0.143400000,0.791000000,0.186800000,2.347800000,2.345700000,2.079100000,0.268700000,0.003600000,0.023400000,0.014400000,0.214900000,0.267300000,0.267500000,0.080900000,0.002900000,0.572600000,84,0,103,3,7,0.003200000,0.003600000,0.001800000,0.003800000,0.003200000,0.000600000,0.583100000,0.018600000,0.053700000,0.009700000,0.005300000,0.093400000,0.000000000,0.000000000,0.003700000,0.783700000,0.007300000,3,1,7,7,3,,0.190500000,0.004000000,0.265100000,0.048400000,0.014800000,0.048800000,true,true,0.023400000,0.143400000,0.008500000,0.003700000,0.008000000,103,103,0
1210,1,1,1920,1080,640,360,ultra-performance,0.001900000,0.028000000,0.254500000,0.664500000,0.015400000,0.132400000,0.758800000,0.198800000,2.333400000,2.331500000,2.054300000,0.279100000,0.003300000,0.022400000,0.012600000,0.215700000,0.277500000,0.277600000,0.081100000,0.002500000,0.578500000,84,0,103,3,7,0.003000000,0.002900000,0.001400000,0.003800000,0.002800000,0.000400000,0.543800000,0.017000000,0.072000000,0.008200000,0.004600000,0.087900000,0.000000000,0.000000000,0.003800000,0.751600000,0.007200000,3,1,7,7,3,,0.191800000,0.003800000,0.272000000,0.048800000,0.013600000,0.047900000,true,true,0.021900000,0.145600000,0.008000000,0.003800000,0.008900000,103,103,0
1211,2,1,1920,1080,640,360,ultra-performance,0.001900000,0.024800000,0.252400000,0.645500000,0.014200000,0.128900000,0.825200000,0.169200000,2.330800000,2.328900000,2.062100000,0.268700000,0.003800000,0.021800000,0.013000000,0.213300000,0.267500000,0.267600000,0.078900000,0.002600000,0.561500000,84,0,103,3,7,0.002600000,0.003100000,0.001500000,0.004000000,0.002900000,0.000500000,0.380100000,0.015300000,0.308100000,0.008500000,0.004500000,0.083500000,0.000000000,0.000000000,0.003900000,0.818500000,0.006700000,3,1,7,7,3,,0.185900000,0.004100000,0.261900000,0.048000000,0.013600000,0.047500000,true,true,0.022300000,0.140700000,0.007500000,0.003700000,0.007800000,103,103,0
1212,0,1,1920,1080,640,360,ultra-performance,0.001700000,0.024800000,0.264600000,0.649100000,0.013500000,0.127600000,0.784900000,0.173200000,2.317200000,2.315500000,2.039400000,0.277800000,0.003200000,0.024000000,0.013600000,0.223400000,0.276400000,0.276500000,0.077900000,0.002400000,0.566400000,84,0,103,3,7,0.003000000,0.002900000,0.001500000,0.004200000,0.002800000,0.000400000,0.544600000,0.022200000,0.080600000,0.009800000,0.005800000,0.098900000,0.000000000,0.000000000,0.003000000,0.779700000,0.005200000,3,1,7,7,3,,0.194100000,0.003800000,0.259700000,0.047400000,0.013900000,0.046800000,true,true,0.021900000,0.147800000,0.008400000,0.003700000,0.008700000,103,103,0
1213,1,1,1920,1080,640,360,ultra-performance,0.001800000,0.020500000,0.168200000,0.630600000,0.017300000,0.136400000,0.717700000,0.185200000,2.062100000,2.060300000,1.877700000,0.184400000,0.002800000,0.017200000,0.010200000,0.137700000,0.183000000,0.183200000,0.073200000,0.002600000,0.552300000,84,0,103,3,7,0.002500000,0.003200000,0.001600000,0.004500000,0.002300000,0.000600000,0.569600000,0.019200000,0.004600000,0.009400000,0.004900000,0.086800000,0.000000000,0.000000000,0.003700000,0.712900000,0.004800000,3,1,7,7,3,,0.152000000,0.003300000,0.269400000,0.050800000,0.014000000,0.062200000,true,true,0.020400000,0.112700000,0.006000000,0.003700000,0.006400000,103,103,0
1214,2,1,1920,1080,640,360,ultra-performance,0.001900000,0.024700000,0.267400000,0.757600000,0.015900000,0.145400000,0.828700000,0.193900000,2.537400000,2.535500000,2.235500000,0.301900000,0.003600000,0.024500000,0.013800000,0.224800000,0.300600000,0.300700000,0.091700000,0.002700000,0.660400000,84,0,103,3,7,0.002800000,0.003200000,0.001600000,0.004400000,0.003700000,0.000600000,0.583500000,0.018500000,0.067800000,0.010700000,0.005800000,0.115800000,0.000100000,0.000000000,0.003900000,0.822400000,0.006300000,3,1,7,7,3,,0.212400000,0.004500000,0.299900000,0.056700000,0.029200000,0.056900000,true,true,0.025000000,0.161300000,0.008200000,0.004000000,0.010100000,103,103,0
1215,0,1,1920,1080,640,360,ultra-performance,0.002100000,0.029500000,0.288400000,0.797000000,0.016100000,0.141900000,0.910200000,0.208600000,2.696300000,2.694200000,2.393800000,0.302500000,0.003600000,0.024700000,0.014200000,0.245300000,0.300900000,0.301200000,0.091400000,0.002900000,0.699900000,84,0,103,3,7,0.003400000,0.003800000,0.001500000,0.003900000,0.003100000,0.000500000,0.572900000,0.018900000,0.113700000,0.010500000,0.005800000,0.161400000,0.000100000,0.000000000,0.003600000,0.903100000,0.007100000,3,1,7,7,3,,0.208000000,0.004300000,0.362500000,0.054200000,0.015900000,0.054300000,true,true,0.023600000,0.159100000,0.008400000,0.003700000,0.009000000,103,103,0
1216,1,1,1920,1080,640,360,ultra-performance,0.002100000,0.027700000,0.275400000,0.799100000,0.015200000,0.150900000,1.032600000,0.254100000,2.851500000,2.849400000,2.557100000,0.294400000,0.003600000,0.024700000,0.013300000,0.233300000,0.291100000,0.291200000,0.089300000,0.003000000,0.704200000,84,0,103,3,7,0.003000000,0.003400000,0.001500000,0.004800000,0.007000000,0.001300000,0.619200000,0.047500000,0.118500000,0.017600000,0.007900000,0.181200000,0.000100000,0.000000000,0.007800000,1.020800000,0.011800000,3,1,7,7,3,,0.202300000,0.004200000,0.374800000,0.054300000,0.015600000,0.052400000,true,true,0.022700000,0.154900000,0.008800000,0.003700000,0.008200000,103,103,0
1217,2,1,1920,1080,640,360,ultra-performance,0.003400000,0.036500000,0.224900000,0.875800000,0.024100000,0.174900000,0.781300000,0.197400000,2.564100000,2.560700000,2.318300000,0.245800000,0.008000000,0.034400000,0.013400000,0.168000000,0.243500000,0.244000000,0.101400000,0.005800000,0.766100000,84,0,103,3,7,0.003300000,0.004300000,0.001900000,0.004300000,0.003300000,0.000600000,0.624000000,0.021200000,0.002600000,0.010600000,0.005100000,0.088800000,0.000200000,0.000000000,0.004000000,0.774200000,0.007100000,3,1,7,7,3,,0.264900000,0.006300000,0.317500000,0.101600000,0.018200000,0.056800000,true,true,0.050700000,0.180500000,0.011300000,0.005500000,0.012000000,103,103,0
1218,0,1,1920,1080,640,360,ultra-performance,0.002100000,0.035200000,0.285500000,0.741200000,0.019800000,0.156200000,1.051400000,0.237900000,2.809900000,2.807800000,2.529300000,0.280600000,0.005400000,0.032200000,0.017900000,0.228500000,0.278500000,0.278700000,0.087000000,0.003800000,0.647800000,84,0,103,3,7,0.003000000,0.004500000,0.001500000,0.003700000,0.004900000,0.000900000,0.541800000,0.024000000,0.340900000,0.011000000,0.007500000,0.092400000,0.000300000,0.000000000,0.005800000,1.042200000,0.009200000,3,1,7,7,3,,0.211900000,0.005500000,0.289900000,0.070400000,0.016800000,0.052600000,true,true,0.028800000,0.155200000,0.009200000,0.004500000,0.010000000,103,103,0
1219,1,1,1920,1080,640,360,ultra-performance,0.002300000,0.030800000,0.310000000,0.774600000,0.019400000,0.164900000,0.741200000,0.202800000,2.560400000,2.558100000,2.246000000,0.314400000,0.005100000,0.028600000,0.018400000,0.257300000,0.312100000,0.312200000,0.089800000,0.003600000,0.678400000,84,0,103,3,7,0.003200000,0.003800000,0.001800000,0.004600000,0.004800000,0.000900000,0.529500000,0.023800000,0.036600000,0.013800000,0.008100000,0.097200000,0.000100000,0.000000000,0.004900000,0.733100000,0.008100000,3,1,7,7,3,,0.220300000,0.004700000,0.302900000,0.074200000,0.019100000,0.056400000,true,true,0.030500000,0.159600000,0.010600000,0.004100000,0.011100000,103,103,0
1220,2,1,1920,1080,640,360,ultra-performance,0.002000000,0.030500000,0.251500000,0.623300000,0.022200000,0.163200000,0.952400000,0.348900000,2.617600000,2.615600000,2.394000000,0.223600000,0.005900000,0.078200000,0.013500000,0.153100000,0.220600000,0.220900000,0.063800000,0.003600000,0.552900000,84,0,103,3,7,0.002800000,0.003800000,0.001100000,0.003800000,0.008400000,0.001400000,0.602400000,0.032200000,0.053900000,0.013900000,0.009200000,0.198400000,0.000100000,0.000000000,0.008600000,0.940000000,0.012400000,3,1,7,7,3,,0.151900000,0.004300000,0.241500000,0.083400000,0.017700000,0.053100000,true,true,0.024100000,0.103600000,0.008500000,0.004800000,0.008000000,103,103,0
1221,0,1,1920,1080,640,360,ultra-performance,0.002100000,0.024400000,0.204800000,0.526900000,0.014900000,0.106900000,0.852600000,0.187600000,2.093900000,2.091800000,1.920200000,0.173700000,0.004100000,0.021400000,0.013400000,0.165300000,0.171600000,0.171800000,0.063000000,0.003000000,0.458900000,84,0,103,3,7,0.002100000,0.002700000,0.001300000,0.003400000,0.004900000,0.001000000,0.467300000,0.025900000,0.180100000,0.014800000,0.006900000,0.127100000,0.000000000,0.000000000,0.006800000,0.844300000,0.008300000,3,1,7,7,3,,0.144400000,0.003300000,0.211800000,0.050000000,0.012200000,0.036700000,true,true,0.019000000,0.103900000,0.007400000,0.003700000,0.007400000,103,103,0
1222,1,1,1920,1080,640,360,ultra-performance,0.002000000,0.020000000,0.204100000,0.486500000,0.011800000,0.103100000,0.828200000,0.211700000,2.099000000,2.097000000,1.867400000,0.231600000,0.002900000,0.017100000,0.010200000,0.173500000,0.230100000,0.230300000,0.055900000,0.002400000,0.426300000,84,0,103,3,7,0.001800000,0.002800000,0.001200000,0.003400000,0.003000000,0.000700000,0.551500000,0.017300000,0.110700000,0.008100000,0.004300000,0.112200000,0.000100000,0.000000000,0.004600000,0.821700000,0.006500000,3,1,7,7,3,,0.142700000,0.003300000,0.190900000,0.042600000,0.011600000,0.034900000,true,true,0.018300000,0.104000000,0.006200000,0.003400000,0.007800000,103,103,0
1223,2,1,1920,1080,640,360,ultra-performance,0.002200000,0.033600000,0.298400000,0.745500000,0.017800000,0.146200000,0.695900000,0.183700000,2.427700000,2.425500000,2.123300000,0.304400000,0.003700000,0.032700000,0.015500000,0.246200000,0.302900000,0.303100000,0.091900000,0.002700000,0.648300000,84,0,103,3,7,0.002700000,0.003300000,0.001700000,0.004100000,0.002900000,0.000400000,0.530200000,0.017000000,0.024000000,0.008500000,0.004600000,0.086700000,0.000100000,0.000000000,0.004000000,0.690200000,0.005700000,3,1,7,7,3,,0.212700000,0.004600000,0.305800000,0.054000000,0.016300000,0.054300000,true,true,0.024700000,0.162000000,0.008600000,0.003900000,0.009100000,103,103,0
1224,0,1,1920,1080,640,360,ultra-performance,0.001900000,0.022100000,0.288400000,0.732200000,0.015700000,0.150300000,0.835200000,0.259000000,2.607100000,2.605200000,2.304800000,0.302300000,0.003400000,0.026100000,0.015500000,0.242800000,0.299000000,0.299200000,0.091100000,0.002400000,0.636100000,84,0,103,3,7,0.003600000,0.003100000,0.001600000,0.004200000,0.005000000,0.001000000,0.558200000,0.019600000,0.095900000,0.011900000,0.006700000,0.108000000,0.000000000,0.000000000,0.006100000,0.824900000,0.010300000,3,1,7,7,3,,0.209500000,0.004200000,0.300800000,0.051500000,0.015500000,0.054100000,true,true,0.024800000,0.159300000,0.007800000,0.003800000,0.009500000,103,103,0
1225,1,1,1920,1080,640,360,ultra-performance,0.003200000,0.043300000,0.320400000,0.694100000,0.019400000,0.135100000,0.986600000,0.192200000,2.666800000,2.663600000,2.394300000,0.272500000,0.008700000,0.043700000,0.018600000,0.248500000,0.270500000,0.270900000,0.091400000,0.007100000,0.593200000,84,0,103,3,7,0.002700000,0.004600000,0.001500000,0.004300000,0.005600000,0.001400000,0.708600000,0.037500000,0.003100000,0.011000000,0.007200000,0.183500000,0.000100000,0.000000000,0.005500000,0.976600000,0.010000000,3,1,7,7,3,,0.192900000,0.004800000,0.212300000,0.103500000,0.018400000,0.060200000,true,true,0.048100000,0.116100000,0.008700000,0.006000000,0.010100000,103,103,0
1226,2,1,1920,1080,640,360,ultra-performance,0.001800000,0.023200000,0.197300000,0.533600000,0.013500000,0.108000000,0.819500000,0.185800000,2.064800000,2.063000000,1.882700000,0.182100000,0.003600000,0.023100000,0.012600000,0.157400000,0.180200000,0.180400000,0.063600000,0.002800000,0.465300000,84,0,103,3,7,0.002300000,0.002600000,0.001200000,0.003300000,0.008600000,0.001200000,0.529200000,0.026600000,0.085400000,0.014300000,0.009000000,0.121100000,0.000000000,0.000000000,0.004900000,0.809700000,0.009800000,3,1,7,7,3,,0.145200000,0.003300000,0.205500000,0.053800000,0.020400000,0.036500000,true,true,0.020000000,0.103600000,0.007200000,0.003800000,0.007700000,103,103,0
1227,0,1,1920,1080,640,360,ultra-performance,0.002300000,0.038200000,0.191400000,0.624300000,0.017300000,0.127500000,0.834300000,0.214300000,2.278200000,2.275900000,2.049600000,0.228600000,0.005400000,0.023900000,0.018100000,0.143200000,0.226500000,0.226800000,0.085300000,0.004600000,0.532400000,84,0,103,3,7,0.002500000,0.004200000,0.001200000,0.003800000,0.004900000,0.000900000,0.531000000,0.022500000,0.121400000,0.009400000,0.004900000,0.111700000,0.000000000,0.000000000,0.006400000,0.824800000,0.009500000,3,1,7,7,3,,0.210500000,0.004600000,0.199800000,0.064800000,0.015900000,0.035900000,true,true,0.029000000,0.151200000,0.012400000,0.005500000,0.008700000,103,103,0
1228,1,1,1920,1080,640,360,ultra-performance,0.002200000,0.029500000,0.315400000,0.795600000,0.017800000,0.150100000,0.818500000,0.184900000,2.675500000,2.673300000,2.314000000,0.361500000,0.004400000,0.030500000,0.019200000,0.260700000,0.358800000,0.358900000,0.100500000,0.003800000,0.688400000,84,0,103,3,7,0.003200000,0.003500000,0.001800000,0.004700000,0.003900000,0.001000000,0.546200000,0.022400000,0.044700000,0.013000000,0.006700000,0.155100000,0.000000000,0.000000000,0.004800000,0.811000000,0.007500000,3,1,7,7,3,,0.224400000,0.004600000,0.324900000,0.059800000,0.017500000,0.056700000,true,true,0.029300000,0.166700000,0.009500000,0.004300000,0.010400000,103,103,0
1229,2,1,1920,1080,640,360,ultra-performance,0.001900000,0.031100000,0.229900000,0.718200000,0.020500000,0.158100000,0.861000000,0.220600000,2.473100000,2.471200000,2.241300000,0.231800000,0.004900000,0.023800000,0.011700000,0.188600000,0.229600000,0.230000000,0.093700000,0.004800000,0.617400000,84,0,103,3,7,0.003100000,0.004200000,0.002200000,0.004600000,0.003900000,0.000800000,0.566300000,0.023300000,0.107700000,0.011400000,0.005200000,0.113100000,0.000100000,0.000000000,0.005800000,0.851700000,0.009300000,3,1,7,7,3,,0.181700000,0.005100000,0.282300000,0.083400000,0.015800000,0.048400000,true,true,0.030100000,0.121000000,0.011200000,0.004900000,0.009900000,103,103,0
1230,0,1,1920,1080,640,360,ultra-performance,0.002300000,0.031800000,0.322700000,0.796700000,0.017700000,0.148400000,0.869300000,0.410500000,2.900800000,2.898500000,2.599400000,0.301400000,0.004500000,0.032400000,0.019000000,0.266200000,0.299200000,0.299300000,0.101000000,0.003900000,0.688900000,84,0,103,3,7,0.003100000,0.003700000,0.001600000,0.004500000,0.006900000,0.001400000,0.515900000,0.027900000,0.146500000,0.013400000,0.009500000,0.120600000,0.000100000,0.000000000,0.006600000,0.861700000,0.007600000,3,1,7,7,3,,0.223100000,0.004700000,0.325200000,0.061300000,0.017300000,0.056800000,true,true,0.027800000,0.166300000,0.009600000,0.004200000,0.010700000,103,103,0
1231,1,1,1920,1080,640,360,ultra-performance,0.003700000,0.032600000,0.212300000,0.577900000,0.012700000,0.104000000,0.581500000,0.249400000,2.048200000,2.044500000,1.774100000,0.274100000,0.004300000,0.023600000,0.015600000,0.168300000,0.272300000,0.272500000,0.085900000,0.002900000,0.487200000,84,0,103,3,7,0.001800000,0.003100000,0.001200000,0.003700000,0.003700000,0.000700000,0.231400000,0.021800000,0.199000000,0.010900000,0.005600000,0.088700000,0.000000000,0.000000000,0.004100000,0.575700000,0.005800000,3,1,7,7,3,,0.196600000,0.003200000,0.194100000,0.043000000,0.012800000,0.037000000,true,true,0.024900000,0.149800000,0.006800000,0.003500000,0.008200000,103,103,0
1232,2,1,1920,1080,640,360,ultra-performance,0.002200000,0.029500000,0.300500000,0.749400000,0.016400000,0.146500000,0.603800000,0.189900000,2.341800000,2.339600000,2.038200000,0.303600000,0.003700000,0.025900000,0.016100000,0.254100000,0.302200000,0.302300000,0.092000000,0.002700000,0.652000000,84,0,103,3,7,0.002100000,0.003700000,0.001600000,0.003900000,0.002700000,0.000400000,0.396800000,0.015200000,0.059200000,0.008600000,0.004700000,0.096100000,0.000000000,0.000000000,0.004100000,0.599100000,0.004700000,3,1,7,7,3,,0.213200000,0.004600000,0.306600000,0.055200000,0.016100000,0.055600000,true,true,0.025500000,0.161500000,0.008300000,0.003800000,0.009700000,103,103,0
1233,0,1,1920,1080,640,360,ultra-performance,0.001900000,0.021700000,0.290000000,0.747700000,0.015700000,0.141500000,1.041900000,0.208200000,2.773000000,2.771100000,2.468600000,0.304400000,0.003500000,0.025400000,0.015000000,0.245800000,0.302800000,0.303000000,0.100600000,0.002400000,0.642000000,84,0,103,3,7,0.002000000,0.003400000,0.001900000,0.004100000,0.005500000,0.001300000,0.593800000,0.019600000,0.156900000,0.011900000,0.006300000,0.225600000,0.000000000,0.000000000,0.003500000,1.035800000,0.006100000,3,1,7,7,3,,0.213200000,0.004300000,0.303700000,0.051300000,0.015300000,0.053800000,true,true,0.024500000,0.164300000,0.007200000,0.003800000,0.009000000,103,103,0
1234,1,1,1920,1080,640,360,ultra-performance,0.002000000,0.024700000,0.279000000,0.541700000,0.012000000,0.110500000,0.686900000,0.182900000,2.128400000,2.126400000,1.839700000,0.288700000,0.004100000,0.023400000,0.012500000,0.238600000,0.287300000,0.287500000,0.056200000,0.002200000,0.481300000,84,0,103,3,7,0.001600000,0.002900000,0.001200000,0.003500000,0.003300000,0.000700000,0.506000000,0.019700000,0.015800000,0.008800000,0.005100000,0.107200000,0.000100000,0.000000000,0.004200000,0.680100000,0.006800000,3,1,7,7,3,,0.189100000,0.004800000,0.195300000,0.044900000,0.011700000,0.034900000,true,true,0.017000000,0.143500000,0.009400000,0.004000000,0.010400000,103,103,0
1235,2,1,1920,1080,640,360,ultra-performance,0.002100000,0.027200000,0.303100000,0.750200000,0.016600000,0.145300000,0.836500000,0.182100000,2.572900000,2.570800000,2.263100000,0.309800000,0.003600000,0.025500000,0.015300000,0.258300000,0.308500000,0.308600000,0.094000000,0.002900000,0.650300000,84,0,103,3,7,0.003500000,0.003300000,0.001700000,0.004200000,0.003200000,0.000500000,0.496500000,0.015600000,0.164900000,0.010400000,0.005500000,0.116500000,0.000000000,0.000000000,0.004100000,0.829900000,0.006600000,3,1,7,7,3,,0.211500000,0.004500000,0.308300000,0.054100000,0.016100000,0.055200000,true,true,0.026200000,0.160300000,0.007100000,0.004200000,0.009300000,103,103,0
1236,0,1,1920,1080,640,360,ultra-performance,0.001900000,0.021000000,0.294200000,0.735500000,0.015400000,0.139100000,0.875300000,0.177600000,2.571200000,2.569300000,2.260000000,0.311200000,0.003400000,0.024800000,0.015000000,0.250400000,0.309700000,0.309900000,0.092100000,0.002600000,0.638000000,84,0,103,3,7,0.003200000,0.003600000,0.001600000,0.004000000,0.003300000,0.000500000,0.654500000,0.013100000,0.058500000,0.009000000,0.005200000,0.108800000,0.000000000,0.000000000,0.004200000,0.869500000,0.005800000,3,1,7,7,3,,0.210400000,0.004200000,0.302300000,0.050900000,0.015500000,0.054100000,true,true,0.024900000,0.160100000,0.008000000,0.003800000,0.009200000,103,103,0
1237,1,1,1920,1080,640,360,ultra-performance,0.001900000,0.023400000,0.287600000,0.731400000,0.014900000,0.147300000,0.760100000,0.178800000,2.448000000,2.446100000,2.145400000,0.302600000,0.003500000,0.024500000,0.014900000,0.244200000,0.301300000,0.301500000,0.091400000,0.002600000,0.634700000,84,0,103,3,7,0.002800000,0.003200000,0.001700000,0.003900000,0.003100000,0.000600000,0.487200000,0.013000000,0.104100000,0.009500000,0.005200000,0.115200000,0.000100000,0.000000000,0.004100000,0.753700000,0.006400000,3,1,7,7,3,,0.208500000,0.004100000,0.302100000,0.050400000,0.015200000,0.053700000,true,true,0.024200000,0.160400000,0.007000000,0.003600000,0.008900000,103,103,0
1238,2,1,1920,1080,640,360,ultra-performance,0.001900000,0.024700000,0.290400000,0.746600000,0.014800000,0.138300000,0.799300000,0.190500000,2.511600000,2.509700000,2.206500000,0.305100000,0.003500000,0.025400000,0.014900000,0.246300000,0.303600000,0.303800000,0.093000000,0.002600000,0.648400000,84,0,103,3,7,0.002900000,0.003200000,0.001600000,0.004200000,0.002500000,0.000500000,0.492800000,0.013300000,0.056500000,0.007600000,0.004700000,0.201300000,0.000100000,0.000000000,0.003700000,0.794900000,0.004400000,3,1,7,7,3,,0.210200000,0.004300000,0.312800000,0.051500000,0.015400000,0.053600000,true,true,0.024500000,0.160900000,0.007500000,0.003700000,0.009200000,103,103,0
1239,0,1,1920,1080,640,360,ultra-performance,0.002200000,0.023100000,0.289000000,0.735800000,0.024500000,0.139700000,0.873600000,0.236600000,2.628800000,2.626600000,2.324500000,0.304300000,0.003200000,0.025300000,0.015100000,0.244800000,0.302900000,0.303100000,0.092400000,0.002400000,0.638200000,84,0,103,3,7,0.002000000,0.003300000,0.001600000,0.003900000,0.003200000,0.000400000,0.622500000,0.014100000,0.103800000,0.009300000,0.005200000,0.093000000,0.000100000,0.000000000,0.003900000,0.866300000,0.007300000,3,1,7,7,3,,0.207900000,0.004300000,0.305200000,0.050800000,0.015300000,0.054100000,true,true,0.023600000,0.160200000,0.006900000,0.003900000,0.009000000,103,103,0
1240,1,1,1920,1080,640,360,ultra-performance,0.001900000,0.023700000,0.290300000,0.751100000,0.015200000,0.147300000,0.815600000,0.189500000,2.539600000,2.537700000,2.234600000,0.305000000,0.003400000,0.024800000,0.015000000,0.246600000,0.303700000,0.303900000,0.091900000,0.002600000,0.653800000,84,0,103,3,7,0.003400000,0.003200000,0.001600000,0.004300000,0.003100000,0.000500000,0.608200000,0.013600000,0.026900000,0.007800000,0.004800000,0.126400000,0.000000000,0.000000000,0.004200000,0.808000000,0.007600000,3,1,7,7,3,,0.212000000,0.004400000,0.302200000,0.050500000,0.015600000,0.068600000,true,true,0.024400000,0.162600000,0.007700000,0.003700000,0.009200000,103,103,0
1241,2,1,1920,1080,640,360,ultra-performance,0.001900000,0.021500000,0.289900000,0.731300000,0.023200000,0.138900000,0.763700000,0.236300000,2.509000000,2.507100000,2.206700000,0.302300000,0.003400000,0.025200000,0.014800000,0.246000000,0.301200000,0.301300000,0.091200000,0.002500000,0.634600000,84,0,103,3,7,0.003000000,0.003000000,0.001600000,0.004000000,0.002500000,0.000400000,0.562700000,0.012200000,0.004900000,0.008100000,0.004600000,0.146300000,0.000000000,0.000000000,0.004000000,0.757300000,0.006400000,3,1,7,7,3,,0.209200000,0.004300000,0.300300000,0.051000000,0.015400000,0.053800000,true,true,0.025300000,0.159400000,0.007900000,0.003800000,0.008600000,103,103,0
1242,0,1,1920,1080,640,360,ultra-performance,0.002100000,0.024500000,0.287900000,0.745700000,0.014600000,0.139100000,0.830000000,0.178800000,2.525400000,2.523300000,2.222700000,0.302700000,0.003400000,0.024600000,0.015100000,0.244400000,0.301100000,0.301300000,0.091000000,0.002700000,0.649400000,84,0,103,3,7,0.002800000,0.003100000,0.001600000,0.004200000,0.003000000,0.000500000,0.548200000,0.013800000,0.140000000,0.009200000,0.004900000,0.088000000,0.000000000,0.000000000,0.004000000,0.823300000,0.006700000,3,1,7,7,3,,0.226000000,0.004200000,0.299400000,0.050400000,0.015400000,0.053300000,true,true,0.023700000,0.177000000,0.007900000,0.003900000,0.009200000,103,103,0
1243,1,1,1920,1080,640,360,ultra-performance,0.001800000,0.021800000,0.289700000,0.740000000,0.014900000,0.138100000,0.802400000,0.191200000,2.506100000,2.504300000,2.199900000,0.306200000,0.003300000,0.024300000,0.014900000,0.246700000,0.304800000,0.305000000,0.091100000,0.002700000,0.643400000,84,0,103,3,7,0.002800000,0.003300000,0.001500000,0.004300000,0.003200000,0.000600000,0.625800000,0.013900000,0.033200000,0.008800000,0.005200000,0.088700000,0.000100000,0.000000000,0.003800000,0.795200000,0.007200000,3,1,7,7,3,,0.207300000,0.004300000,0.312200000,0.050200000,0.015200000,0.053300000,true,true,0.023000000,0.160200000,0.007100000,0.004100000,0.008700000,103,103,0
1244,2,1,1920,1080,640,360,ultra-performance,0.001900000,0.022900000,0.293400000,0.749000000,0.015500000,0.142600000,0.665700000,0.186200000,2.380600000,2.378700000,2.077200000,0.303400000,0.003300000,0.025500000,0.015000000,0.249200000,0.301900000,0.302200000,0.091400000,0.002600000,0.652300000,84,0,103,3,7,0.003200000,0.003100000,0.001600000,0.004300000,0.002800000,0.000500000,0.466200000,0.013700000,0.063300000,0.008700000,0.004800000,0.084700000,0.000000000,0.000000000,0.003800000,0.660700000,0.005000000,3,1,7,7,3,,0.212300000,0.004300000,0.303900000,0.050600000,0.015800000,0.064900000,true,true,0.024800000,0.162900000,0.007700000,0.003600000,0.009200000,103,103,0
1245,0,1,1920,1080,640,360,ultra-performance,0.001900000,0.022700000,0.290300000,0.740300000,0.015100000,0.141200000,0.711800000,0.208900000,2.437600000,2.435700000,2.132200000,0.305400000,0.003400000,0.024400000,0.015000000,0.247000000,0.304100000,0.304200000,0.097200000,0.002500000,0.637900000,84,0,103,3,7,0.002400000,0.003100000,0.001700000,0.003900000,0.002700000,0.000400000,0.467600000,0.013300000,0.060400000,0.008300000,0.004700000,0.133900000,0.000000000,0.000000000,0.004000000,0.706400000,0.005400000,3,1,7,7,3,,0.206700000,0.004200000,0.304100000,0.050200000,0.018600000,0.053600000,true,true,0.023200000,0.159600000,0.007100000,0.003600000,0.008900000,103,103,0
1246,1,1,1920,1080,640,360,ultra-performance,0.001800000,0.024500000,0.288200000,0.735900000,0.014100000,0.140200000,0.839200000,0.185700000,2.575600000,2.573800000,2.229600000,0.346000000,0.003300000,0.024700000,0.014900000,0.244900000,0.344400000,0.344600000,0.091700000,0.002600000,0.638800000,84,0,103,3,7,0.002800000,0.003200000,0.001600000,0.004300000,0.002900000,0.000500000,0.471700000,0.014200000,0.127000000,0.009000000,0.004800000,0.187400000,0.000100000,0.000000000,0.004000000,0.833500000,0.005700000,3,1,7,7,3,,0.206800000,0.004200000,0.307200000,0.050500000,0.015300000,0.054100000,true,true,0.023700000,0.159300000,0.006900000,0.003600000,0.009100000,103,103,0
1247,2,1,1920,1080,640,360,ultra-performance,0.001900000,0.022700000,0.295200000,0.728800000,0.014900000,0.139600000,0.798300000,0.192200000,2.509400000,2.507500000,2.193600000,0.315800000,0.003400000,0.024600000,0.014500000,0.252200000,0.314300000,0.314400000,0.091400000,0.002600000,0.632000000,84,0,103,3,7,0.003200000,0.003200000,0.001600000,0.004300000,0.003100000,0.000600000,0.561200000,0.013900000,0.080500000,0.008700000,0.004700000,0.103200000,0.000100000,0.000000000,0.004100000,0.792400000,0.005900000,3,1,7,7,3,,0.207200000,0.004300000,0.299900000,0.050800000,0.015100000,0.054200000,true,true,0.024500000,0.158500000,0.007100000,0.003700000,0.009000000,103,103,0
1248,0,1,1920,1080,640,360,ultra-performance,0.001900000,0.020800000,0.286700000,0.728900000,0.014500000,0.138100000,0.794000000,0.190500000,2.484800000,2.482900000,2.175400000,0.309400000,0.003300000,0.024400000,0.015300000,0.243300000,0.307800000,0.308100000,0.092600000,0.002600000,0.630900000,84,0,103,3,7,0.003200000,0.003100000,0.001600000,0.004300000,0.003000000,0.000500000,0.521900000,0.013700000,0.093800000,0.009300000,0.004800000,0.125200000,0.000100000,0.000000000,0.003900000,0.788400000,0.005600000,3,1,7,7,3,,0.207600000,0.004100000,0.299600000,0.050100000,0.015200000,0.053700000,true,true,0.024000000,0.158900000,0.007900000,0.003700000,0.009000000,103,103,0
1249,1,1,1920,1080,640,360,ultra-performance,0.001900000,0.023800000,0.292300000,0.733300000,0.014900000,0.146600000,0.730100000,0.181900000,2.426200000,2.424300000,2.124800000,0.301400000,0.003200000,0.024700000,0.014900000,0.249000000,0.300000000,0.300200000,0.091500000,0.002500000,0.636600000,84,0,103,3,7,0.003000000,0.003200000,0.001700000,0.003900000,0.003100000,0.000500000,0.536400000,0.013900000,0.058800000,0.009100000,0.004800000,0.080900000,0.000000000,0.000000000,0.004000000,0.723300000,0.006800000,3,1,7,7,3,,0.207700000,0.004100000,0.305500000,0.049600000,0.014900000,0.053900000,true,true,0.023500000,0.160200000,0.006900000,0.003900000,0.008900000,103,103,0
1250,2,1,1920,1080,640,360,ultra-performance,0.001800000,0.024700000,0.291300000,0.728600000,0.014600000,0.152500000,0.820600000,0.279600000,2.619900000,2.618100000,2.313700000,0.306200000,0.003400000,0.025400000,0.015100000,0.246900000,0.303500000,0.303600000,0.090800000,0.002500000,0.632600000,84,0,103,3,7,0.003100000,0.003300000,0.001700000,0.004000000,0.006300000,0.001400000,0.548300000,0.023400000,0.065700000,0.013800000,0.006600000,0.126200000,0.000000000,0.000000000,0.005800000,0.809600000,0.011000000,3,1,7,7,3,,0.207700000,0.004200000,0.300400000,0.050000000,0.015500000,0.054200000,true,true,0.024200000,0.159100000,0.007400000,0.003800000,0.009000000,103,103,0
1251,0,1,1920,1080,640,360,ultra-performance,0.004300000,0.046200000,0.325400000,0.880500000,0.025100000,0.183900000,0.919800000,0.229200000,2.905400000,2.901100000,2.614400000,0.291000000,0.010000000,0.049700000,0.019800000,0.244400000,0.289000000,0.289400000,0.102200000,0.006300000,0.769500000,84,0,103,3,7,0.003200000,0.005300000,0.001600000,0.004900000,0.004300000,0.000700000,0.559500000,0.029300000,0.136000000,0.013100000,0.006900000,0.141500000,0.000300000,0.000000000,0.004600000,0.911200000,0.008600000,3,1,7,7,3,,0.274000000,0.006600000,0.318000000,0.093000000,0.018900000,0.057900000,true,true,0.056800000,0.182000000,0.011200000,0.005900000,0.013300000,103,103,0
1252,1,1,1920,1080,640,360,ultra-performance,0.003500000,0.033600000,0.186000000,0.513500000,0.016500000,0.122500000,0.761800000,0.158700000,1.955300000,1.951800000,1.796100000,0.159200000,0.006100000,0.026600000,0.011000000,0.141200000,0.157400000,0.157700000,0.054900000,0.003500000,0.453400000,84,0,103,3,7,0.002100000,0.003900000,0.001300000,0.003400000,0.004100000,0.001300000,0.537300000,0.025500000,0.039600000,0.012500000,0.004800000,0.116700000,0.000100000,0.000000000,0.003400000,0.756000000,0.005800000,3,1,7,7,3,,0.153200000,0.004400000,0.188500000,0.058200000,0.012800000,0.035600000,true,true,0.028200000,0.100700000,0.007400000,0.005100000,0.008700000,103,103,0
1253,2,1,1920,1080,640,360,ultra-performance,0.001800000,0.028100000,0.179600000,0.528400000,0.019400000,0.152900000,0.977300000,0.233400000,2.280700000,2.278900000,2.120900000,0.159800000,0.005000000,0.019500000,0.010100000,0.144300000,0.157500000,0.157700000,0.050700000,0.002500000,0.472600000,84,0,103,3,7,0.003400000,0.004300000,0.001800000,0.003900000,0.005200000,0.001000000,0.627300000,0.027800000,0.101800000,0.018300000,0.008400000,0.157400000,0.000000000,0.000000000,0.006700000,0.967300000,0.010000000,3,1,7,7,3,,0.131900000,0.004000000,0.204900000,0.064400000,0.016100000,0.050500000,true,true,0.019000000,0.092600000,0.006600000,0.004000000,0.006600000,103,103,0
1254,0,1,1920,1080,640,360,ultra-performance,0.002200000,0.030200000,0.310500000,0.816400000,0.017800000,0.150900000,0.810100000,0.187000000,2.626900000,2.624700000,2.325100000,0.301800000,0.004500000,0.030300000,0.018800000,0.256300000,0.300400000,0.300600000,0.101400000,0.003600000,0.708400000,84,0,103,3,7,0.003300000,0.003400000,0.001600000,0.004300000,0.003300000,0.000600000,0.550600000,0.017700000,0.115200000,0.010400000,0.005100000,0.084000000,0.000000000,0.000000000,0.004000000,0.803500000,0.006600000,3,1,7,7,3,,0.226700000,0.004600000,0.338800000,0.063800000,0.016600000,0.057400000,true,true,0.029000000,0.168600000,0.009200000,0.004100000,0.011300000,103,103,0
1255,1,1,1920,1080,640,360,ultra-performance,0.002000000,0.031000000,0.292800000,0.748600000,0.016700000,0.143600000,0.863500000,0.192600000,2.605200000,2.603200000,2.290800000,0.314400000,0.003400000,0.026200000,0.015700000,0.247100000,0.313100000,0.313200000,0.091300000,0.002700000,0.651800000,84,0,103,3,7,0.003200000,0.003500000,0.001600000,0.004200000,0.003100000,0.000500000,0.624700000,0.017500000,0.097200000,0.009500000,0.005800000,0.081000000,0.000100000,0.000000000,0.004400000,0.856300000,0.007200000,3,1,7,7,3,,0.213700000,0.004200000,0.310700000,0.051500000,0.015600000,0.055500000,true,true,0.026500000,0.161200000,0.008000000,0.003600000,0.010100000,103,103,0
1256,2,1,1920,1080,640,360,ultra-performance,0.001900000,0.028400000,0.288700000,0.765500000,0.015700000,0.143300000,0.814200000,0.227100000,2.586700000,2.584800000,2.284800000,0.301900000,0.003400000,0.024800000,0.015800000,0.244400000,0.300200000,0.300400000,0.091000000,0.002600000,0.669100000,84,0,103,3,7,0.003100000,0.003600000,0.001800000,0.004500000,0.004000000,0.000700000,0.541000000,0.020900000,0.101800000,0.011900000,0.006500000,0.103700000,0.000000000,0.000000000,0.004000000,0.807500000,0.006700000,3,1,7,7,3,,0.210700000,0.004300000,0.319800000,0.051000000,0.015600000,0.067000000,true,true,0.024900000,0.160600000,0.008300000,0.003600000,0.009100000,103,103,0
1257,0,1,1920,1080,640,360,ultra-performance,0.002300000,0.025300000,0.281400000,0.756900000,0.017200000,0.152500000,0.847000000,0.194300000,2.568400000,2.566100000,2.276900000,0.291500000,0.003600000,0.022100000,0.015000000,0.240500000,0.289500000,0.289600000,0.094500000,0.003100000,0.656300000,84,0,103,3,7,0.003200000,0.003600000,0.002200000,0.004800000,0.003600000,0.000700000,0.561600000,0.025000000,0.086000000,0.013200000,0.006700000,0.123300000,0.000100000,0.000000000,0.005000000,0.839000000,0.008000000,3,1,7,7,3,,0.203600000,0.004200000,0.313100000,0.060100000,0.017200000,0.057200000,true,true,0.024500000,0.152700000,0.008200000,0.004200000,0.009700000,103,103,0
1258,1,1,1920,1080,640,360,ultra-performance,0.002200000,0.038500000,0.207100000,0.680100000,0.016400000,0.117500000,0.745500000,0.169400000,2.156400000,2.154200000,1.976700000,0.179700000,0.005100000,0.024200000,0.012900000,0.164300000,0.177700000,0.178200000,0.073800000,0.003200000,0.601100000,84,0,103,3,7,0.002700000,0.003500000,0.001100000,0.004300000,0.002900000,0.000600000,0.564100000,0.021600000,0.005100000,0.009800000,0.005300000,0.115100000,0.000000000,0.000000000,0.003400000,0.739500000,0.006000000,3,1,7,7,3,,0.203100000,0.005200000,0.274100000,0.068200000,0.013000000,0.036700000,true,true,0.029500000,0.144700000,0.010300000,0.004100000,0.010400000,103,103,0
1259,2,1,1920,1080,640,360,ultra-performance,0.002200000,0.027000000,0.165800000,0.472200000,0.019300000,0.122200000,0.817000000,0.202700000,1.987000000,1.984800000,1.828400000,0.158600000,0.004700000,0.019600000,0.010200000,0.130700000,0.156300000,0.156600000,0.050900000,0.002500000,0.416800000,84,0,103,3,7,0.002700000,0.002600000,0.001000000,0.003000000,0.003600000,0.001100000,0.588100000,0.014500000,0.042600000,0.013300000,0.005800000,0.123500000,0.000000000,0.000000000,0.005700000,0.807500000,0.009500000,3,1,7,7,3,,0.132000000,0.003600000,0.177900000,0.048000000,0.014800000,0.040000000,true,true,0.018500000,0.093700000,0.006900000,0.003600000,0.006400000,103,103,0
1260,0,1,1920,1080,640,360,ultra-performance,0.002300000,0.024900000,0.315900000,0.790600000,0.017200000,0.149500000,0.741000000,0.167800000,2.521700000,2.519400000,2.209200000,0.312500000,0.004600000,0.031400000,0.018600000,0.260700000,0.311200000,0.311300000,0.100500000,0.003400000,0.683900000,84,0,103,3,7,0.003100000,0.003600000,0.001600000,0.004400000,0.002300000,0.000500000,0.473700000,0.015900000,0.143300000,0.007000000,0.003200000,0.074900000,0.000000000,0.000000000,0.003500000,0.737000000,0.004000000,3,1,7,7,3,,0.222400000,0.004700000,0.321700000,0.061700000,0.016500000,0.056100000,true,true,0.027400000,0.166100000,0.009400000,0.003900000,0.011100000,103,103,0
1261,1,1,1920,1080,640,360,ultra-performance,0.001800000,0.020700000,0.170700000,0.488100000,0.012100000,0.100500000,0.930600000,0.362700000,2.266200000,2.264400000,2.087200000,0.179000000,0.003000000,0.017500000,0.009800000,0.140000000,0.176400000,0.176600000,0.055100000,0.002200000,0.428800000,84,0,103,3,7,0.001400000,0.002500000,0.001300000,0.003600000,0.004800000,0.001300000,0.667900000,0.027800000,0.054400000,0.016000000,0.006500000,0.125000000,0.000000000,0.000000000,0.007900000,0.920400000,0.010200000,3,1,7,7,3,,0.144600000,0.003100000,0.190600000,0.043100000,0.011300000,0.035500000,true,true,0.018100000,0.106100000,0.006500000,0.003100000,0.007800000,103,103,0
1262,2,1,1920,1080,640,360,ultra-performance,0.001800000,0.025100000,0.182100000,0.765100000,0.017800000,0.151400000,0.838100000,0.215400000,2.455300000,2.453500000,2.196800000,0.258500000,0.004800000,0.023300000,0.011200000,0.142400000,0.256300000,0.256600000,0.096000000,0.003600000,0.662800000,84,0,103,3,7,0.003100000,0.003400000,0.001600000,0.004500000,0.004700000,0.000900000,0.585200000,0.024100000,0.085100000,0.011400000,0.007400000,0.092900000,0.000000000,0.000000000,0.006100000,0.830400000,0.007700000,3,1,7,7,3,,0.215000000,0.004600000,0.309400000,0.063700000,0.016500000,0.052900000,true,true,0.031000000,0.154800000,0.010000000,0.004500000,0.010100000,103,103,0
1263,0,1,1920,1080,640,360,ultra-performance,0.002000000,0.019200000,0.231500000,0.584600000,0.013500000,0.104900000,0.754900000,0.212500000,2.129900000,2.127900000,1.923100000,0.206800000,0.004000000,0.021700000,0.012300000,0.192800000,0.205500000,0.205700000,0.081400000,0.003800000,0.497400000,84,0,103,3,7,0.002200000,0.002700000,0.001200000,0.003500000,0.003200000,0.000700000,0.481300000,0.015400000,0.079100000,0.009700000,0.003900000,0.142300000,0.000100000,0.000000000,0.004300000,0.749600000,0.005300000,3,1,7,7,3,,0.189300000,0.003400000,0.199900000,0.056300000,0.011700000,0.036300000,true,true,0.026000000,0.141900000,0.006900000,0.003500000,0.007900000,103,103,0
1264,1,1,1920,1080,640,360,ultra-performance,0.002100000,0.027200000,0.198500000,0.482400000,0.010700000,0.104600000,0.924300000,0.259700000,2.180700000,2.178600000,2.009500000,0.171200000,0.004000000,0.022600000,0.012700000,0.158700000,0.168300000,0.168500000,0.054900000,0.002100000,0.423500000,84,0,103,3,7,0.001700000,0.002500000,0.001000000,0.003100000,0.006600000,0.001500000,0.612300000,0.023800000,0.109900000,0.012700000,0.007500000,0.120100000,0.000100000,0.000000000,0.009700000,0.912500000,0.011800000,3,1,7,7,3,,0.137400000,0.002900000,0.199100000,0.039700000,0.010600000,0.033300000,true,true,0.018000000,0.100100000,0.006200000,0.003200000,0.007100000,103,103,0
1265,2,1,1920,1080,640,360,ultra-performance,0.002000000,0.029800000,0.308000000,0.771400000,0.019500000,0.147000000,0.936500000,0.180000000,2.674400000,2.672400000,2.394200000,0.280200000,0.005800000,0.033000000,0.019400000,0.249000000,0.278600000,0.278800000,0.092700000,0.003600000,0.672300000,84,0,103,3,7,0.003100000,0.003500000,0.001900000,0.004100000,0.003900000,0.000600000,0.642700000,0.022800000,0.086800000,0.014300000,0.007600000,0.129500000,0.000000000,0.000000000,0.004700000,0.925500000,0.011000000,3,1,7,7,3,,0.222800000,0.004900000,0.301300000,0.070200000,0.017500000,0.055000000,true,true,0.031000000,0.163700000,0.009200000,0.004900000,0.009700000,103,103,0
1266,0,1,1920,1080,640,360,ultra-performance,0.001800000,0.032700000,0.280700000,0.722200000,0.018300000,0.152700000,0.788700000,0.181500000,2.477300000,2.475500000,2.178600000,0.298700000,0.004800000,0.026700000,0.015600000,0.233100000,0.297000000,0.297100000,0.088200000,0.003300000,0.628200000,84,0,103,3,7,0.003100000,0.003200000,0.001400000,0.003800000,0.005100000,0.000900000,0.500800000,0.019000000,0.084000000,0.012400000,0.005900000,0.137000000,0.000100000,0.000000000,0.004600000,0.781300000,0.007400000,3,1,7,7,3,,0.214700000,0.004700000,0.288900000,0.052100000,0.015600000,0.051300000,true,true,0.025500000,0.162400000,0.009100000,0.004100000,0.009500000,103,103,0
1267,1,1,1920,1080,640,360,ultra-performance,0.002000000,0.020900000,0.242300000,0.538000000,0.013600000,0.104700000,0.630500000,0.154300000,1.875100000,1.873100000,1.706300000,0.168800000,0.011200000,0.021400000,0.012100000,0.196900000,0.167500000,0.167600000,0.062800000,0.003000000,0.470300000,84,0,103,3,7,0.002000000,0.003300000,0.001100000,0.003900000,0.001800000,0.000700000,0.507000000,0.013600000,0.002900000,0.006300000,0.003200000,0.077300000,0.000000000,0.000000000,0.003000000,0.626100000,0.004400000,3,1,7,7,3,,0.158300000,0.003300000,0.202000000,0.058200000,0.011700000,0.036200000,true,true,0.020300000,0.114200000,0.008600000,0.003500000,0.008300000,103,103,0
1268,2,1,1920,1080,640,360,ultra-performance,0.001700000,0.021200000,0.178500000,0.479900000,0.011200000,0.098000000,0.680500000,0.151800000,1.799800000,1.798100000,1.622800000,0.177000000,0.003000000,0.017600000,0.009400000,0.148100000,0.175900000,0.176000000,0.054400000,0.002400000,0.421000000,84,0,103,3,7,0.001900000,0.002900000,0.001100000,0.003200000,0.002300000,0.000400000,0.551300000,0.014600000,0.010400000,0.007900000,0.004500000,0.072400000,0.000100000,0.000000000,0.003500000,0.676500000,0.004000000,3,1,7,7,3,,0.135700000,0.003200000,0.195500000,0.041100000,0.010900000,0.034100000,true,true,0.018500000,0.098400000,0.005700000,0.003500000,0.006700000,103,103,0
1269,0,1,1920,1080,640,360,ultra-performance,0.001700000,0.019000000,0.173800000,0.515700000,0.012400000,0.099300000,0.840400000,0.184500000,2.033400000,2.031700000,1.846800000,0.186600000,0.002800000,0.017400000,0.010700000,0.142300000,0.184500000,0.184600000,0.056200000,0.002200000,0.455300000,84,0,103,3,7,0.002300000,0.002700000,0.001600000,0.003700000,0.005800000,0.001300000,0.633700000,0.021400000,0.035700000,0.011500000,0.005800000,0.101300000,0.000000000,0.000000000,0.005400000,0.832200000,0.008200000,3,1,7,7,3,,0.139100000,0.004700000,0.220700000,0.044000000,0.011600000,0.034700000,true,true,0.016300000,0.098000000,0.007700000,0.003500000,0.009500000,103,103,0
1270,1,1,1920,1080,640,360,ultra-performance,0.003000000,0.036300000,0.257300000,0.685400000,0.021000000,0.124800000,0.723600000,0.223600000,2.278300000,2.275300000,2.075000000,0.203300000,0.005900000,0.031600000,0.017200000,0.201900000,0.201200000,0.201400000,0.061500000,0.002800000,0.618900000,84,0,103,3,7,0.002700000,0.003000000,0.001200000,0.004400000,0.004800000,0.001000000,0.533800000,0.021800000,0.029100000,0.009700000,0.006300000,0.091300000,0.000100000,0.000000000,0.006300000,0.715500000,0.008100000,3,1,7,7,3,,0.208400000,0.004500000,0.279900000,0.052700000,0.014400000,0.058300000,true,true,0.024200000,0.152400000,0.011400000,0.004200000,0.012100000,103,103,0
1271,2,1,1920,1080,640,360,ultra-performance,0.002200000,0.027900000,0.315800000,0.790000000,0.017800000,0.149000000,0.853100000,0.190500000,2.646100000,2.643900000,2.346300000,0.299800000,0.004500000,0.032600000,0.019700000,0.258200000,0.298300000,0.298500000,0.099000000,0.003700000,0.684500000,84,0,103,3,7,0.003000000,0.003200000,0.001800000,0.004200000,0.003000000,0.000700000,0.535800000,0.019200000,0.139800000,0.014300000,0.006600000,0.108800000,0.000100000,0.000000000,0.004700000,0.845200000,0.007900000,3,1,7,7,3,,0.223700000,0.004600000,0.321200000,0.061100000,0.016400000,0.056900000,true,true,0.027900000,0.168500000,0.009000000,0.004000000,0.009700000,103,103,0
1272,0,1,1920,1080,640,360,ultra-performance,0.001900000,0.023900000,0.186100000,0.607300000,0.019000000,0.114200000,0.956400000,0.428500000,2.562400000,2.560500000,2.337300000,0.225100000,0.004300000,0.026300000,0.010900000,0.144000000,0.222000000,0.222200000,0.072700000,0.002900000,0.529200000,84,0,103,3,7,0.002100000,0.003800000,0.001500000,0.004000000,0.009500000,0.001900000,0.587900000,0.034100000,0.128800000,0.016400000,0.011700000,0.135200000,0.000100000,0.000000000,0.009200000,0.946200000,0.010200000,3,1,7,7,3,,0.143400000,0.003300000,0.259300000,0.062000000,0.015000000,0.045500000,true,true,0.019900000,0.101500000,0.007500000,0.003600000,0.008200000,103,103,0
1273,1,1,1920,1080,640,360,ultra-performance,0.001500000,0.022400000,0.205200000,0.693100000,0.018100000,0.104700000,0.699400000,0.210500000,2.118300000,2.116800000,1.954900000,0.163400000,0.003900000,0.022200000,0.011300000,0.167400000,0.161200000,0.161400000,0.084400000,0.002900000,0.603300000,84,0,103,3,7,0.001900000,0.002500000,0.001600000,0.003200000,0.003500000,0.000900000,0.521700000,0.020000000,0.016200000,0.011700000,0.006100000,0.094700000,0.000100000,0.000000000,0.005700000,0.689800000,0.009600000,3,1,7,7,3,,0.204000000,0.004400000,0.279100000,0.052400000,0.014800000,0.048100000,true,true,0.025800000,0.152200000,0.008600000,0.003700000,0.009700000,103,103,0
1274,2,1,1920,1080,640,360,ultra-performance,0.002400000,0.029900000,0.321200000,0.795400000,0.017000000,0.149100000,0.846800000,0.202900000,2.667600000,2.665200000,2.364700000,0.302900000,0.004600000,0.032100000,0.018200000,0.265700000,0.300800000,0.301000000,0.099800000,0.003700000,0.689000000,84,0,103,3,7,0.003800000,0.003400000,0.001600000,0.004200000,0.004000000,0.001100000,0.495800000,0.020500000,0.167200000,0.013300000,0.006500000,0.110600000,0.000000000,0.000000000,0.005700000,0.837700000,0.009100000,3,1,7,7,3,,0.225500000,0.004700000,0.322100000,0.062400000,0.017000000,0.056500000,true,true,0.029900000,0.166600000,0.009900000,0.004400000,0.010200000,103,103,0
1275,0,1,1920,1080,640,360,ultra-performance,0.002200000,0.031100000,0.296500000,0.744500000,0.020300000,0.148700000,0.729700000,0.236800000,2.475200000,2.473000000,2.209800000,0.265400000,0.005100000,0.029500000,0.014100000,0.247200000,0.263400000,0.264000000,0.090800000,0.003900000,0.647000000,84,0,103,3,7,0.003000000,0.003700000,0.001600000,0.004300000,0.002500000,0.000600000,0.523500000,0.020200000,0.033800000,0.010500000,0.006900000,0.108400000,0.000000000,0.000000000,0.004300000,0.723300000,0.006400000,3,1,7,7,3,,0.215700000,0.005100000,0.286100000,0.066700000,0.017200000,0.055700000,true,true,0.030600000,0.156200000,0.009300000,0.004100000,0.011300000,103,103,0
1276,1,1,1920,1080,640,360,ultra-performance,0.001700000,0.031100000,0.170100000,0.487200000,0.014800000,0.107100000,0.687300000,0.181700000,1.843000000,1.841300000,1.681000000,0.162000000,0.004600000,0.018800000,0.010800000,0.135400000,0.159800000,0.160000000,0.059100000,0.002200000,0.424400000,84,0,103,3,7,0.002300000,0.002700000,0.001100000,0.003300000,0.003700000,0.000800000,0.508200000,0.018800000,0.025200000,0.009800000,0.004500000,0.093900000,0.000000000,0.000000000,0.005300000,0.679600000,0.007700000,3,1,7,7,3,,0.140900000,0.003200000,0.187300000,0.046300000,0.011700000,0.034200000,true,true,0.020600000,0.099100000,0.006600000,0.004000000,0.007800000,103,103,0
1277,2,1,1920,1080,640,360,ultra-performance,0.002100000,0.022900000,0.205200000,0.756800000,0.020300000,0.153800000,0.692700000,0.318900000,2.353700000,2.351600000,2.172700000,0.181000000,0.003600000,0.023200000,0.012600000,0.165200000,0.179400000,0.179500000,0.074500000,0.004000000,0.675700000,84,0,103,3,7,0.003600000,0.003600000,0.002100000,0.005000000,0.003400000,0.000700000,0.436100000,0.022400000,0.093400000,0.009100000,0.006000000,0.097100000,0.000000000,0.000000000,0.003900000,0.686400000,0.006300000,3,1,7,7,3,,0.217200000,0.004100000,0.301800000,0.077800000,0.017700000,0.056100000,true,true,0.031100000,0.157000000,0.009700000,0.004400000,0.010500000,103,103,0
1278,0,1,1920,1080,640,360,ultra-performance,0.002500000,0.030400000,0.284000000,0.764700000,0.017700000,0.148800000,0.750900000,0.201700000,2.497100000,2.494600000,2.200700000,0.296400000,0.004200000,0.025000000,0.014000000,0.240300000,0.294800000,0.295100000,0.092600000,0.003100000,0.666200000,84,0,103,3,7,0.002100000,0.004000000,0.001700000,0.004800000,0.003400000,0.000600000,0.440300000,0.026900000,0.138500000,0.011000000,0.006300000,0.101000000,0.000000000,0.000000000,0.003900000,0.744500000,0.006400000,3,1,7,7,3,,0.214800000,0.004800000,0.303100000,0.072300000,0.016100000,0.054500000,true,true,0.026000000,0.159900000,0.010000000,0.003900000,0.009900000,103,103,0
1279,1,1,1920,1080,640,360,ultra-performance,0.002400000,0.032700000,0.283300000,0.747000000,0.018300000,0.156300000,0.830200000,0.230400000,2.612800000,2.610400000,2.300600000,0.312200000,0.004000000,0.024500000,0.013000000,0.241200000,0.310400000,0.310700000,0.090400000,0.003100000,0.650700000,84,0,103,3,7,0.003100000,0.003800000,0.001800000,0.004900000,0.003300000,0.000700000,0.524000000,0.026500000,0.102400000,0.011000000,0.006700000,0.132100000,0.000000000,0.000000000,0.004000000,0.824300000,0.005900000,3,1,7,7,3,,0.215800000,0.004200000,0.300200000,0.058900000,0.015900000,0.054900000,true,true,0.025900000,0.162300000,0.009100000,0.004400000,0.009500000,103,103,0
1280,2,1,1920,1080,640,360,ultra-performance,0.002100000,0.021300000,0.265000000,0.708900000,0.014200000,0.132600000,0.810400000,0.200500000,2.433500000,2.431400000,2.155000000,0.278500000,0.003500000,0.021900000,0.012900000,0.226300000,0.276900000,0.277200000,0.087900000,0.002800000,0.615900000,84,0,103,3,7,0.002400000,0.004000000,0.001500000,0.005200000,0.003300000,0.000600000,0.567200000,0.020500000,0.054800000,0.010400000,0.006100000,0.124400000,0.000100000,0.000000000,0.003900000,0.804400000,0.006000000,3,1,7,7,3,,0.202000000,0.004200000,0.290000000,0.055800000,0.014600000,0.048700000,true,true,0.023000000,0.152000000,0.009300000,0.004000000,0.009500000,103,103,0
1281,0,1,1920,1080,640,360,ultra-performance,0.002300000,0.026200000,0.274000000,0.695000000,0.016800000,0.141800000,0.839800000,0.208500000,2.499400000,2.497100000,2.204400000,0.295000000,0.003600000,0.024200000,0.012800000,0.232900000,0.293400000,0.293600000,0.084500000,0.002800000,0.604600000,84,0,103,3,7,0.002700000,0.003600000,0.001900000,0.004900000,0.003600000,0.000800000,0.491000000,0.024100000,0.151300000,0.013000000,0.006600000,0.125000000,0.000100000,0.000000000,0.003900000,0.832500000,0.007300000,3,1,7,7,3,,0.181900000,0.004100000,0.299000000,0.053600000,0.014100000,0.051100000,true,true,0.022000000,0.136600000,0.007200000,0.004000000,0.008100000,103,103,0
1282,1,1,1920,1080,640,360,ultra-performance,0.002500000,0.027600000,0.287400000,0.615000000,0.016400000,0.116100000,0.663600000,0.292100000,2.310500000,2.308000000,2.020700000,0.289800000,0.003900000,0.024800000,0.013600000,0.244600000,0.288600000,0.288700000,0.071300000,0.003200000,0.538200000,84,0,103,3,7,0.002200000,0.003100000,0.001200000,0.003500000,0.002600000,0.000600000,0.459700000,0.020000000,0.042200000,0.009900000,0.005200000,0.104400000,0.000100000,0.000000000,0.003400000,0.658100000,0.005500000,3,1,7,7,3,,0.149300000,0.004600000,0.265700000,0.052500000,0.014800000,0.050600000,true,true,0.023000000,0.104100000,0.006000000,0.003700000,0.008500000,103,103,0
1283,2,1,1920,1080,640,360,ultra-performance,0.002100000,0.024800000,0.300600000,0.755300000,0.016700000,0.145100000,0.673200000,0.179400000,2.414300000,2.412200000,2.097200000,0.317100000,0.004100000,0.025800000,0.016200000,0.254000000,0.315700000,0.315800000,0.092100000,0.002900000,0.657400000,84,0,103,3,7,0.003100000,0.003500000,0.001600000,0.004200000,0.002800000,0.000500000,0.415400000,0.015800000,0.113500000,0.008900000,0.005000000,0.089500000,0.000000000,0.000000000,0.003900000,0.667700000,0.005500000,3,1,7,7,3,,0.214500000,0.004500000,0.305700000,0.054000000,0.016000000,0.062000000,true,true,0.024800000,0.164300000,0.007300000,0.004300000,0.009200000,103,103,0
1284,0,1,1920,1080,640,360,ultra-performance,0.002000000,0.026400000,0.288300000,0.734000000,0.015100000,0.138800000,0.865500000,0.208200000,2.581300000,2.579300000,2.278300000,0.303000000,0.003500000,0.024900000,0.014500000,0.244900000,0.301100000,0.301200000,0.096500000,0.002400000,0.632500000,84,0,103,3,7,0.002400000,0.003000000,0.001700000,0.003900000,0.004100000,0.001300000,0.528700000,0.022700000,0.143900000,0.014800000,0.006100000,0.119400000,0.000100000,0.000000000,0.005700000,0.857800000,0.007700000,3,1,7,7,3,,0.208500000,0.004400000,0.298200000,0.051600000,0.015200000,0.054000000,true,true,0.023800000,0.160400000,0.007200000,0.003700000,0.009200000,103,103,0
1285,1,1,1920,1080,640,360,ultra-performance,0.002200000,0.030000000,0.287500000,0.611600000,0.013100000,0.113500000,0.797800000,0.219900000,2.338600000,2.336400000,2.075600000,0.263000000,0.006600000,0.028500000,0.015400000,0.236000000,0.261200000,0.261400000,0.108700000,0.003400000,0.497500000,84,0,103,3,7,0.003100000,0.003800000,0.002100000,0.005100000,0.003200000,0.000800000,0.487700000,0.016300000,0.130400000,0.010300000,0.005600000,0.118400000,0.000000000,0.000000000,0.004500000,0.791300000,0.006500000,3,1,7,7,3,,0.202900000,0.003200000,0.197200000,0.046500000,0.012200000,0.034900000,true,true,0.028000000,0.153500000,0.006600000,0.004500000,0.006800000,103,103,0
1286,2,1,1920,1080,640,360,ultra-performance,0.002100000,0.023900000,0.300200000,0.749000000,0.015600000,0.142200000,0.751800000,0.188600000,2.474800000,2.472700000,2.173400000,0.301400000,0.004100000,0.033100000,0.016200000,0.246300000,0.299700000,0.299800000,0.091900000,0.002700000,0.651500000,84,0,103,3,7,0.003100000,0.003000000,0.001600000,0.004000000,0.003000000,0.000500000,0.475600000,0.014100000,0.133400000,0.007700000,0.004800000,0.091100000,0.000000000,0.000000000,0.004000000,0.745900000,0.005900000,3,1,7,7,3,,0.209600000,0.004500000,0.312700000,0.054100000,0.015500000,0.054500000,true,true,0.025400000,0.159300000,0.007100000,0.003800000,0.009600000,103,103,0
1287,0,1,1920,1080,640,360,ultra-performance,0.002100000,0.025600000,0.287800000,0.730200000,0.015200000,0.154700000,0.651400000,0.307800000,2.475400000,2.473300000,2.174800000,0.300600000,0.003600000,0.025400000,0.015500000,0.242800000,0.298900000,0.299100000,0.091600000,0.002700000,0.633100000,84,0,103,3,7,0.003000000,0.003100000,0.001500000,0.004300000,0.002800000,0.000400000,0.437200000,0.015400000,0.083000000,0.008500000,0.005100000,0.077900000,0.000100000,0.000000000,0.003700000,0.646000000,0.005400000,3,1,7,7,3,,0.207000000,0.004200000,0.300600000,0.050900000,0.015700000,0.053900000,true,true,0.023700000,0.158900000,0.007500000,0.003700000,0.009000000,103,103,0
1288,1,1,1920,1080,640,360,ultra-performance,0.002100000,0.026400000,0.290200000,0.729400000,0.014700000,0.138000000,0.814900000,0.174000000,2.498500000,2.496400000,2.189700000,0.308800000,0.003600000,0.024400000,0.014900000,0.246800000,0.307100000,0.307300000,0.091400000,0.002500000,0.632900000,84,0,103,3,7,0.002600000,0.003000000,0.001600000,0.003900000,0.002400000,0.000500000,0.525500000,0.019900000,0.070500000,0.009300000,0.005700000,0.161700000,0.000000000,0.000000000,0.003300000,0.809900000,0.005000000,3,1,7,7,3,,0.209300000,0.004300000,0.299500000,0.050000000,0.015600000,0.053700000,true,true,0.024000000,0.160500000,0.007500000,0.003600000,0.009300000,103,103,0
1289,2,1,1920,1080,640,360,ultra-performance,0.001800000,0.019500000,0.172700000,0.765100000,0.015900000,0.115500000,0.786000000,0.230100000,2.440500000,2.438700000,2.106600000,0.333900000,0.003000000,0.017500000,0.009600000,0.142200000,0.331400000,0.331700000,0.095800000,0.002800000,0.663600000,84,0,103,3,7,0.002100000,0.004000000,0.002000000,0.004600000,0.004000000,0.001000000,0.498900000,0.024000000,0.111700000,0.013600000,0.007300000,0.097800000,0.000100000,0.000000000,0.006100000,0.777200000,0.008800000,3,1,7,7,3,,0.233900000,0.004500000,0.289600000,0.049600000,0.027000000,0.058200000,true,true,0.024300000,0.180700000,0.009300000,0.004400000,0.010300000,103,103,0
1290,0,1,1920,1080,640,360,ultra-performance,0.002600000,0.035700000,0.294100000,0.734200000,0.017700000,0.127300000,0.747900000,0.174300000,2.390800000,2.388200000,2.133800000,0.257000000,0.006700000,0.033700000,0.017400000,0.235200000,0.254700000,0.255700000,0.095500000,0.005500000,0.631200000,84,0,103,3,7,0.002300000,0.004000000,0.001400000,0.004100000,0.003700000,0.000800000,0.514300000,0.024000000,0.044000000,0.016700000,0.007700000,0.112000000,0.000000000,0.000000000,0.004100000,0.739100000,0.008800000,3,1,7,7,3,,0.226000000,0.004600000,0.283100000,0.065100000,0.013900000,0.037600000,true,true,0.053700000,0.143700000,0.008700000,0.006200000,0.009800000,103,103,0
1291,1,1,1920,1080,640,360,ultra-performance,0.001800000,0.025900000,0.164900000,0.640800000,0.017500000,0.121700000,0.739500000,0.201900000,2.161500000,2.159700000,1.914000000,0.247500000,0.004100000,0.019300000,0.011800000,0.129000000,0.245900000,0.246200000,0.082800000,0.004100000,0.551900000,84,0,103,3,7,0.002000000,0.003800000,0.001600000,0.003900000,0.003900000,0.001100000,0.502500000,0.026500000,0.063600000,0.011000000,0.005900000,0.103100000,0.000100000,0.000000000,0.004000000,0.733000000,0.006500000,3,1,7,7,3,,0.219800000,0.005000000,0.216400000,0.060700000,0.013000000,0.036400000,true,true,0.030000000,0.157400000,0.012400000,0.004900000,0.010100000,103,103,0
1292,2,1,1920,1080,640,360,ultra-performance,0.002300000,0.034200000,0.252100000,0.715900000,0.016100000,0.115000000,0.678600000,0.229900000,2.307300000,2.305000000,2.044100000,0.263200000,0.004800000,0.024900000,0.012400000,0.209200000,0.260600000,0.261200000,0.085500000,0.003300000,0.625100000,84,0,103,3,7,0.002400000,0.003400000,0.001000000,0.003300000,0.003700000,0.000700000,0.511800000,0.018800000,0.027100000,0.008700000,0.004400000,0.080900000,0.000000000,0.000000000,0.004800000,0.671000000,0.007600000,3,1,7,7,3,,0.195800000,0.004900000,0.287100000,0.068600000,0.016600000,0.051300000,true,true,0.023800000,0.142800000,0.010300000,0.004300000,0.010000000,103,103,0
1293,0,1,1920,1080,640,360,ultra-performance,0.002400000,0.030800000,0.310000000,0.781100000,0.018900000,0.152600000,0.829500000,0.195200000,2.614100000,2.611700000,2.320500000,0.293600000,0.004300000,0.038100000,0.015700000,0.251100000,0.292300000,0.292500000,0.098400000,0.003800000,0.676400000,84,0,103,3,7,0.003500000,0.004600000,0.002600000,0.005200000,0.002500000,0.000400000,0.569800000,0.017000000,0.002600000,0.008100000,0.004900000,0.199700000,0.000100000,0.000000000,0.003200000,0.824200000,0.005300000,3,1,7,7,3,,0.221100000,0.004500000,0.313400000,0.065100000,0.017200000,0.054300000,true,true,0.030200000,0.160400000,0.010400000,0.004300000,0.010700000,103,103,0
1294,1,1,1920,1080,640,360,ultra-performance,0.002400000,0.033800000,0.203800000,0.476100000,0.011700000,0.108600000,0.787400000,0.172500000,1.967200000,1.964800000,1.796300000,0.170900000,0.003600000,0.026000000,0.017000000,0.156700000,0.168700000,0.168800000,0.055000000,0.002300000,0.416900000,84,0,103,3,7,0.002400000,0.002600000,0.001100000,0.003400000,0.003500000,0.000800000,0.517900000,0.018500000,0.029200000,0.012200000,0.004400000,0.178200000,0.000000000,0.000000000,0.005600000,0.779800000,0.007600000,3,1,7,7,3,,0.138300000,0.003200000,0.187800000,0.041000000,0.011300000,0.034800000,true,true,0.018300000,0.099500000,0.006400000,0.003600000,0.007700000,103,103,0
1295,2,1,1920,1080,640,360,ultra-performance,0.001800000,0.024000000,0.337800000,1.058100000,0.020500000,0.154800000,0.646700000,0.248600000,2.764500000,2.762700000,2.492300000,0.272200000,0.004400000,0.054000000,0.021800000,0.256600000,0.270100000,0.270400000,0.061900000,0.002700000,0.979300000,84,0,103,3,7,0.003500000,0.004100000,0.001800000,0.004800000,0.002700000,0.000500000,0.487500000,0.022400000,0.001900000,0.008500000,0.005100000,0.094000000,0.000100000,0.000000000,0.004200000,0.641100000,0.005600000,3,1,7,7,3,,0.311500000,0.006500000,0.520900000,0.063000000,0.018300000,0.058100000,true,true,0.063100000,0.207900000,0.012700000,0.007500000,0.014100000,103,103,0
1296,0,1,1920,1080,640,360,ultra-performance,0.002400000,0.031900000,0.282200000,0.607600000,0.015200000,0.110000000,0.689300000,0.217900000,2.145900000,2.143500000,1.956500000,0.189400000,0.004000000,0.026700000,0.015400000,0.235500000,0.188200000,0.188400000,0.056900000,0.002300000,0.545800000,84,0,103,3,7,0.001800000,0.002700000,0.001100000,0.003400000,0.003900000,0.000700000,0.439300000,0.016200000,0.099900000,0.008200000,0.008000000,0.095900000,0.000000000,0.000000000,0.003500000,0.684600000,0.004700000,3,1,7,7,3,,0.196900000,0.004200000,0.228100000,0.048400000,0.015000000,0.052400000,true,true,0.017100000,0.150900000,0.009600000,0.004000000,0.010800000,103,103,0
1297,1,1,1920,1080,640,360,ultra-performance,0.001800000,0.024100000,0.180200000,0.475800000,0.012700000,0.102600000,0.729200000,0.201700000,1.897900000,1.896100000,1.728100000,0.169800000,0.003000000,0.017200000,0.009600000,0.149900000,0.167400000,0.167600000,0.054300000,0.002200000,0.417500000,84,0,103,3,7,0.002000000,0.002900000,0.001400000,0.003300000,0.004400000,0.001000000,0.520000000,0.023400000,0.038700000,0.010200000,0.005700000,0.099800000,0.000100000,0.000000000,0.006500000,0.719400000,0.009800000,3,1,7,7,3,,0.132900000,0.003100000,0.186200000,0.048800000,0.011600000,0.034500000,true,true,0.017200000,0.096000000,0.006400000,0.003600000,0.006700000,103,103,0
1298,2,1,1920,1080,640,360,ultra-performance,0.002400000,0.036300000,0.294400000,0.841700000,0.016600000,0.113000000,0.799100000,0.260400000,2.644200000,2.641800000,2.363900000,0.280300000,0.005400000,0.028900000,0.015100000,0.244000000,0.278000000,0.278200000,0.097300000,0.005300000,0.732100000,84,0,103,3,7,0.002200000,0.003100000,0.001100000,0.004300000,0.005100000,0.001100000,0.507600000,0.025300000,0.101400000,0.012000000,0.006800000,0.114500000,0.000000000,0.000000000,0.006400000,0.790900000,0.008200000,3,1,7,7,3,,0.245900000,0.005300000,0.365700000,0.053500000,0.016400000,0.044500000,true,true,0.042600000,0.171600000,0.011000000,0.005300000,0.010700000,103,103,0
1299,0,1,1920,1080,640,360,ultra-performance,0.002600000,0.029300000,0.279600000,0.697000000,0.017300000,0.135500000,0.801100000,0.440100000,2.681700000,2.679100000,2.402500000,0.279200000,0.003900000,0.027800000,0.015300000,0.232100000,0.277100000,0.277300000,0.084600000,0.003500000,0.606700000,84,0,103,3,7,0.002700000,0.003400000,0.001500000,0.004100000,0.003700000,0.001000000,0.557300000,0.025000000,0.025700000,0.011600000,0.005100000,0.146900000,0.000000000,0.000000000,0.006100000,0.794100000,0.007000000,3,1,7,7,3,,0.201800000,0.004000000,0.284800000,0.051300000,0.014200000,0.049900000,true,true,0.027000000,0.148800000,0.008400000,0.004400000,0.009400000,103,103,0
1300,1,1,1920,1080,640,360,ultra-performance,0.002300000,0.027800000,0.253700000,0.679400000,0.015800000,0.135300000,0.639200000,0.197300000,2.217300000,2.215000000,1.950800000,0.266500000,0.004000000,0.022500000,0.011900000,0.214900000,0.265100000,0.265300000,0.080800000,0.002700000,0.593400000,84,0,103,3,7,0.002000000,0.003100000,0.001300000,0.003900000,0.002600000,0.000500000,0.451500000,0.017200000,0.046900000,0.009000000,0.004900000,0.087500000,0.000000000,0.000000000,0.004100000,0.634500000,0.004700000,3,1,7,7,3,,0.195600000,0.004000000,0.281000000,0.050700000,0.014600000,0.047000000,true,true,0.023800000,0.145800000,0.008200000,0.003800000,0.009700000,103,103,0
1301,2,1,1920,1080,640,360,ultra-performance,0.002000000,0.028700000,0.256000000,1.044000000,0.037700000,0.286700000,0.910300000,0.240800000,3.079900000,3.077900000,2.806200000,0.273700000,0.003500000,0.021300000,0.013400000,0.217400000,0.272200000,0.272400000,0.096200000,0.002700000,0.935700000,84,0,103,3,7,0.006000000,0.008200000,0.004100000,0.009500000,0.005100000,0.001200000,0.613400000,0.023700000,0.085200000,0.013300000,0.006000000,0.120800000,0.000100000,0.000000000,0.005300000,0.901900000,0.008400000,3,1,7,7,3,,0.191600000,0.004200000,0.465000000,0.149800000,0.029100000,0.094800000,true,true,0.021000000,0.146200000,0.008400000,0.004100000,0.008200000,103,103,0
1302,0,1,1920,1080,640,360,ultra-performance,0.002100000,0.024300000,0.197200000,0.672400000,0.019300000,0.138900000,0.825300000,0.203100000,2.307800000,2.305700000,2.082600000,0.225200000,0.003900000,0.024300000,0.014100000,0.154300000,0.222900000,0.223000000,0.070200000,0.002800000,0.596600000,84,0,103,3,7,0.003300000,0.003800000,0.002000000,0.005000000,0.004800000,0.000800000,0.518900000,0.026100000,0.107900000,0.015100000,0.007500000,0.115200000,0.000000000,0.000000000,0.005500000,0.815900000,0.009400000,3,1,7,7,3,,0.182700000,0.004400000,0.280800000,0.057000000,0.015800000,0.055200000,true,true,0.026000000,0.132900000,0.005800000,0.003600000,0.009300000,103,103,0
1303,1,1,1920,1080,640,360,ultra-performance,0.002100000,0.027700000,0.193200000,0.522300000,0.016400000,0.112600000,0.747600000,0.245200000,2.080200000,2.078100000,1.867100000,0.213100000,0.005500000,0.023700000,0.012800000,0.150600000,0.210900000,0.211100000,0.063300000,0.003300000,0.453900000,84,0,103,3,7,0.002300000,0.003400000,0.001100000,0.004000000,0.004400000,0.001000000,0.540700000,0.021600000,0.046600000,0.009200000,0.005000000,0.092800000,0.000100000,0.000000000,0.006300000,0.738500000,0.009100000,3,1,7,7,3,,0.154300000,0.003600000,0.193500000,0.053600000,0.012800000,0.035600000,true,true,0.027300000,0.101800000,0.008100000,0.005700000,0.008500000,103,103,0
1304,2,1,1920,1080,640,360,ultra-performance,0.002200000,0.031100000,0.329100000,0.808500000,0.018200000,0.155300000,0.747500000,0.198400000,2.607800000,2.605600000,2.290300000,0.317500000,0.004500000,0.030000000,0.017700000,0.276300000,0.315900000,0.316100000,0.104200000,0.004000000,0.697300000,84,0,103,3,7,0.003200000,0.003600000,0.001800000,0.004100000,0.003000000,0.000800000,0.497500000,0.017800000,0.040400000,0.009500000,0.005800000,0.149700000,0.000100000,0.000000000,0.004300000,0.741600000,0.005900000,3,1,7,7,3,,0.231300000,0.004600000,0.323700000,0.062300000,0.017200000,0.057500000,true,true,0.029200000,0.172300000,0.010300000,0.004200000,0.010600000,103,103,0
1305,0,1,1920,1080,640,360,ultra-performance,0.002100000,0.024200000,0.295400000,0.783700000,0.017100000,0.161100000,0.718900000,0.196900000,2.510500000,2.508400000,2.199400000,0.311100000,0.004000000,0.025000000,0.016600000,0.249300000,0.309700000,0.309900000,0.092400000,0.002700000,0.685600000,84,0,103,3,7,0.002500000,0.004000000,0.002200000,0.004500000,0.003400000,0.000500000,0.446000000,0.017200000,0.072600000,0.009000000,0.004800000,0.142600000,0.000000000,0.000000000,0.003700000,0.713000000,0.005900000,3,1,7,7,3,,0.220300000,0.004500000,0.325900000,0.057200000,0.017200000,0.059700000,true,true,0.025900000,0.169600000,0.007200000,0.003900000,0.009500000,103,103,0
1306,1,1,1920,1080,640,360,ultra-performance,0.001900000,0.028100000,0.262900000,0.682000000,0.015300000,0.131000000,0.741600000,0.205300000,2.344000000,2.342100000,2.068100000,0.275900000,0.003300000,0.020500000,0.009400000,0.229100000,0.274500000,0.274700000,0.087100000,0.003000000,0.589700000,84,0,103,3,7,0.001700000,0.002700000,0.001300000,0.003300000,0.002000000,0.000600000,0.477500000,0.017200000,0.046700000,0.012500000,0.004300000,0.162900000,0.000000000,0.000000000,0.003800000,0.736500000,0.005100000,3,1,7,7,3,,0.194800000,0.003800000,0.271700000,0.052300000,0.014800000,0.051800000,true,true,0.023500000,0.146600000,0.007400000,0.004000000,0.009500000,103,103,0
1307,2,1,1920,1080,640,360,ultra-performance,0.001700000,0.019000000,0.211300000,0.867000000,0.017000000,0.159100000,1.106900000,0.196900000,2.854700000,2.853000000,2.578900000,0.275800000,0.003000000,0.017100000,0.009700000,0.181200000,0.274100000,0.274300000,0.144200000,0.003400000,0.716300000,84,0,103,3,7,0.002100000,0.003700000,0.001700000,0.004700000,0.004200000,0.000700000,0.667300000,0.037200000,0.174700000,0.022600000,0.010300000,0.162200000,0.000200000,0.000000000,0.004300000,1.095900000,0.011000000,3,1,7,7,3,,0.236300000,0.004800000,0.323800000,0.072800000,0.017900000,0.059700000,true,true,0.026300000,0.181500000,0.008400000,0.004900000,0.009900000,103,103,0
1308,0,1,1920,1080,640,360,ultra-performance,0.002000000,0.023100000,0.274400000,0.701600000,0.016600000,0.146600000,0.970000000,0.346200000,2.756800000,2.754800000,2.480500000,0.276300000,0.003700000,0.024000000,0.014800000,0.231600000,0.273100000,0.273300000,0.082600000,0.002900000,0.613800000,84,0,103,3,7,0.002600000,0.003300000,0.001500000,0.004800000,0.005100000,0.001400000,0.684400000,0.029300000,0.027500000,0.015500000,0.006900000,0.170700000,0.000100000,0.000000000,0.007900000,0.961000000,0.009000000,3,1,7,7,3,,0.180300000,0.004200000,0.310700000,0.057100000,0.014600000,0.046300000,true,true,0.022100000,0.132500000,0.008500000,0.003900000,0.009100000,103,103,0
1309,1,1,1920,1080,640,360,ultra-performance,0.002000000,0.030900000,0.209700000,0.719600000,0.020100000,0.162800000,0.820100000,0.178400000,2.339200000,2.337200000,2.143600000,0.195600000,0.006000000,0.027100000,0.014100000,0.161400000,0.193800000,0.194200000,0.080900000,0.004700000,0.631900000,84,0,103,3,7,0.003500000,0.004000000,0.002200000,0.004800000,0.003500000,0.000700000,0.591100000,0.023800000,0.048700000,0.011200000,0.006000000,0.108600000,0.000000000,0.000000000,0.004700000,0.812800000,0.007300000,3,1,7,7,3,,0.209800000,0.004800000,0.275600000,0.075000000,0.016000000,0.049900000,true,true,0.036400000,0.144100000,0.009800000,0.005400000,0.009800000,103,103,0
1310,2,1,1920,1080,640,360,ultra-performance,0.002000000,0.021200000,0.206900000,0.522000000,0.013300000,0.105200000,0.701300000,0.235500000,1.979200000,1.977200000,1.807400000,0.171800000,0.003500000,0.021500000,0.012100000,0.168800000,0.169600000,0.169700000,0.062700000,0.002700000,0.454700000,84,0,103,3,7,0.001900000,0.002500000,0.001200000,0.003300000,0.004900000,0.000800000,0.521100000,0.024000000,0.019600000,0.013700000,0.006100000,0.087100000,0.000100000,0.000000000,0.005100000,0.691400000,0.009900000,3,1,7,7,3,,0.152400000,0.003400000,0.202400000,0.048200000,0.011800000,0.036000000,true,true,0.019500000,0.111400000,0.007100000,0.003800000,0.007700000,103,103,0
1311,0,1,1920,1080,640,360,ultra-performance,0.003200000,0.037400000,0.299400000,0.620100000,0.022400000,0.163300000,0.809200000,0.289400000,2.492700000,2.489500000,2.244400000,0.248300000,0.006800000,0.032700000,0.015800000,0.243300000,0.245300000,0.245500000,0.060600000,0.003500000,0.553400000,84,0,103,3,7,0.002900000,0.004500000,0.001500000,0.004600000,0.007600000,0.001600000,0.542700000,0.029900000,0.035100000,0.013800000,0.009800000,0.133900000,0.000100000,0.000000000,0.008600000,0.796600000,0.012600000,3,1,7,7,3,,0.151500000,0.004400000,0.254800000,0.074300000,0.015400000,0.052300000,true,true,0.026800000,0.100700000,0.007600000,0.005600000,0.007800000,103,103,0
1312,1,1,1920,1080,640,360,ultra-performance,0.002900000,0.026100000,0.228900000,0.636800000,0.016800000,0.144500000,0.824500000,0.184600000,2.241700000,2.238800000,2.065100000,0.176600000,0.004200000,0.033100000,0.015600000,0.175300000,0.174700000,0.174800000,0.072100000,0.003200000,0.558900000,84,0,103,3,7,0.003400000,0.003600000,0.001800000,0.004300000,0.002900000,0.000700000,0.608800000,0.019700000,0.042900000,0.013400000,0.004800000,0.106300000,0.000100000,0.000000000,0.004700000,0.817400000,0.007100000,3,1,7,7,3,,0.168100000,0.004400000,0.252300000,0.064000000,0.015900000,0.053500000,true,true,0.021100000,0.117500000,0.010200000,0.004000000,0.010700000,103,103,0
1313,2,1,1920,1080,640,360,ultra-performance,0.002200000,0.049400000,0.294100000,0.622100000,0.017300000,0.146300000,1.118700000,0.255700000,2.774800000,2.772600000,2.505800000,0.269000000,0.005500000,0.030200000,0.019900000,0.238000000,0.265200000,0.265400000,0.067300000,0.002600000,0.549500000,84,0,103,3,7,0.003400000,0.003600000,0.002100000,0.004200000,0.007900000,0.001700000,0.536100000,0.045400000,0.217000000,0.018200000,0.012400000,0.247500000,0.000000000,0.000000000,0.008600000,1.108100000,0.010600000,3,1,7,7,3,,0.158300000,0.003300000,0.254300000,0.059900000,0.017300000,0.055800000,true,true,0.020200000,0.117200000,0.006800000,0.004200000,0.006800000,103,103,0
1314,0,1,1920,1080,640,360,ultra-performance,0.002400000,0.032000000,0.296500000,0.616400000,0.012500000,0.108900000,0.824000000,0.204300000,2.349700000,2.347300000,2.097000000,0.252700000,0.004000000,0.026600000,0.017600000,0.247800000,0.251100000,0.251300000,0.055600000,0.002300000,0.556600000,84,0,103,3,7,0.002400000,0.003700000,0.001400000,0.004000000,0.003000000,0.000700000,0.510200000,0.022400000,0.093200000,0.010400000,0.004700000,0.158000000,0.000000000,0.000000000,0.004300000,0.818400000,0.005600000,3,1,7,7,3,,0.171500000,0.003800000,0.282700000,0.051200000,0.011700000,0.035100000,true,true,0.017300000,0.129400000,0.007700000,0.004000000,0.009000000,103,103,0
1315,1,1,1920,1080,640,360,ultra-performance,0.002100000,0.029700000,0.296500000,0.762300000,0.017100000,0.160200000,0.945600000,0.162900000,2.693200000,2.691100000,2.376400000,0.316800000,0.003800000,0.025400000,0.014900000,0.251900000,0.315000000,0.315100000,0.095600000,0.002700000,0.661200000,84,0,103,3,7,0.002900000,0.003800000,0.001900000,0.004600000,0.003700000,0.000800000,0.487200000,0.020900000,0.243900000,0.016400000,0.005800000,0.140500000,0.000100000,0.000000000,0.004900000,0.937400000,0.008200000,3,1,7,7,3,,0.215500000,0.004500000,0.303600000,0.060100000,0.017300000,0.059300000,true,true,0.023600000,0.166200000,0.007600000,0.003900000,0.009700000,103,103,0
1316,2,1,1920,1080,640,360,ultra-performance,0.002100000,0.032900000,0.201800000,0.559900000,0.021500000,0.129500000,0.803100000,0.158500000,2.079500000,2.077400000,1.909300000,0.170200000,0.006700000,0.030700000,0.014800000,0.148900000,0.159400000,0.160000000,0.068400000,0.004100000,0.484900000,84,0,103,3,7,0.002400000,0.003300000,0.001000000,0.003400000,0.002600000,0.000900000,0.556600000,0.022000000,0.115400000,0.008100000,0.004600000,0.074800000,0.000000000,0.000000000,0.003600000,0.798700000,0.004400000,3,1,7,7,3,,0.154600000,0.003700000,0.196700000,0.062400000,0.012400000,0.054400000,true,true,0.027400000,0.102900000,0.008500000,0.004600000,0.008400000,103,103,0
1317,0,1,1920,1080,640,360,ultra-performance,0.001900000,0.023400000,0.166200000,0.489500000,0.019400000,0.107400000,0.719500000,0.219800000,1.928600000,1.926700000,1.747100000,0.181500000,0.004900000,0.019300000,0.010100000,0.130800000,0.179400000,0.179600000,0.051600000,0.002700000,0.433500000,84,0,103,3,7,0.002000000,0.002700000,0.001200000,0.003100000,0.004400000,0.000900000,0.522900000,0.020300000,0.041300000,0.010100000,0.005800000,0.089700000,0.000000000,0.000000000,0.006300000,0.710700000,0.008800000,3,1,7,7,3,,0.141400000,0.003500000,0.197100000,0.045800000,0.011300000,0.033800000,true,true,0.026400000,0.095400000,0.006600000,0.003700000,0.006500000,103,103,0
1318,1,1,1920,1080,640,360,ultra-performance,0.002400000,0.038000000,0.327400000,0.662700000,0.013400000,0.143900000,0.902100000,0.182800000,2.587500000,2.585100000,2.272700000,0.314800000,0.004600000,0.030700000,0.019100000,0.272300000,0.312200000,0.312400000,0.098000000,0.003900000,0.558800000,84,0,103,3,7,0.003300000,0.003700000,0.001700000,0.005200000,0.005100000,0.001500000,0.597400000,0.031800000,0.075900000,0.020100000,0.009500000,0.127700000,0.000100000,0.000000000,0.007900000,0.890900000,0.011200000,3,1,7,7,3,,0.227200000,0.004500000,0.228200000,0.050700000,0.012500000,0.035300000,true,true,0.029900000,0.169300000,0.009400000,0.004100000,0.010300000,103,103,0
1319,2,1,1920,1080,640,360,ultra-performance,0.002300000,0.029400000,0.203200000,0.543100000,0.014100000,0.144900000,0.697500000,0.214400000,2.036600000,2.034300000,1.848900000,0.187700000,0.004600000,0.027100000,0.015700000,0.155000000,0.185400000,0.185700000,0.082700000,0.003700000,0.454800000,84,0,103,3,7,0.003600000,0.003300000,0.001400000,0.003700000,0.003400000,0.000700000,0.521300000,0.018600000,0.022000000,0.011200000,0.006100000,0.088200000,0.000100000,0.000000000,0.006200000,0.689800000,0.007700000,3,1,7,7,3,,0.153700000,0.003600000,0.191900000,0.051900000,0.018800000,0.034400000,true,true,0.028200000,0.103800000,0.007600000,0.003700000,0.007300000,103,103,0
1320,0,1,1920,1080,640,360,ultra-performance,0.002200000,0.028800000,0.311900000,0.746000000,0.013500000,0.136800000,0.686600000,0.177900000,2.358100000,2.355900000,2.103700000,0.254400000,0.004200000,0.029000000,0.018200000,0.259800000,0.252900000,0.253100000,0.091000000,0.003700000,0.649200000,84,0,103,3,7,0.003300000,0.003900000,0.001900000,0.004200000,0.002700000,0.000500000,0.440800000,0.016200000,0.113900000,0.009000000,0.004800000,0.076500000,0.000100000,0.000000000,0.004200000,0.682000000,0.004600000,3,1,7,7,3,,0.238800000,0.004700000,0.286500000,0.060600000,0.015700000,0.042200000,true,true,0.029300000,0.178900000,0.010600000,0.004100000,0.010900000,103,103,0
1321,1,1,1920,1080,640,360,ultra-performance,0.002300000,0.023300000,0.229800000,0.651300000,0.015800000,0.131700000,1.021000000,0.202600000,2.495200000,2.492900000,2.277800000,0.217400000,0.003100000,0.017300000,0.014300000,0.194600000,0.216300000,0.216400000,0.073600000,0.002600000,0.572700000,84,0,103,3,7,0.002000000,0.003600000,0.001800000,0.004000000,0.007900000,0.001600000,0.533800000,0.040000000,0.192100000,0.019000000,0.010700000,0.190800000,0.000000000,0.000000000,0.003700000,1.011000000,0.010000000,3,1,7,7,3,,0.175600000,0.003700000,0.266900000,0.058200000,0.014900000,0.052900000,true,true,0.022000000,0.129700000,0.007900000,0.003500000,0.009100000,103,103,0
1322,2,1,1920,1080,640,360,ultra-performance,0.002400000,0.031300000,0.219800000,0.695400000,0.015000000,0.136500000,0.768700000,0.185500000,2.329500000,2.327100000,2.054600000,0.274900000,0.003700000,0.018800000,0.009700000,0.187100000,0.273500000,0.273700000,0.085300000,0.002800000,0.604600000,84,0,103,3,7,0.002600000,0.003600000,0.001600000,0.004100000,0.003000000,0.000700000,0.552800000,0.020300000,0.056400000,0.012000000,0.005200000,0.096800000,0.000000000,0.000000000,0.003700000,0.762800000,0.005900000,3,1,7,7,3,,0.195400000,0.004300000,0.283900000,0.054800000,0.015000000,0.050500000,true,true,0.023500000,0.147200000,0.007300000,0.003700000,0.009100000,103,103,0
1323,0,1,1920,1080,640,360,ultra-performance,0.002400000,0.027300000,0.287100000,0.724100000,0.017100000,0.152700000,0.729800000,0.202000000,2.424500000,2.422100000,2.142500000,0.282000000,0.004000000,0.024500000,0.013400000,0.244800000,0.280400000,0.280500000,0.089000000,0.002900000,0.629400000,84,0,103,3,7,0.002700000,0.003800000,0.001700000,0.004000000,0.002900000,0.000600000,0.499500000,0.018300000,0.079200000,0.009400000,0.005100000,0.092900000,0.000100000,0.000000000,0.003700000,0.723900000,0.005900000,3,1,7,7,3,,0.208100000,0.004400000,0.291000000,0.059200000,0.014900000,0.051100000,true,true,0.022500000,0.159800000,0.007700000,0.004200000,0.009200000,103,103,0
1324,1,1,1920,1080,640,360,ultra-performance,0.001900000,0.025100000,0.274800000,0.700500000,0.014400000,0.145600000,0.764800000,0.188100000,2.404100000,2.402200000,2.115200000,0.288900000,0.003700000,0.024100000,0.014000000,0.232500000,0.287200000,0.287300000,0.097300000,0.002700000,0.598000000,84,0,103,3,7,0.002700000,0.003700000,0.001700000,0.004700000,0.003900000,0.000800000,0.573100000,0.023100000,0.032300000,0.011900000,0.005300000,0.089600000,0.000000000,0.000000000,0.005200000,0.758000000,0.006800000,3,1,7,7,3,,0.201900000,0.004100000,0.270300000,0.053600000,0.014300000,0.053300000,true,true,0.024200000,0.151500000,0.008800000,0.003900000,0.009200000,103,103,0
1325,2,1,1920,1080,640,360,ultra-performance,0.002300000,0.031300000,0.202400000,0.591300000,0.017500000,0.118700000,0.685200000,0.171500000,1.977900000,1.975600000,1.820200000,0.157700000,0.013400000,0.027100000,0.015200000,0.146200000,0.155700000,0.156000000,0.068200000,0.004300000,0.517200000,84,0,103,3,7,0.002100000,0.003100000,0.001400000,0.003600000,0.002800000,0.000500000,0.487700000,0.021000000,0.030900000,0.008700000,0.005100000,0.110300000,0.000000000,0.000000000,0.003300000,0.680500000,0.004700000,3,1,7,7,3,,0.182000000,0.005000000,0.216700000,0.062200000,0.012900000,0.037500000,true,true,0.030700000,0.121800000,0.010000000,0.004700000,0.010800000,103,103,0
1326,0,1,1920,1080,640,360,ultra-performance,0.002100000,0.035200000,0.266100000,0.698100000,0.018200000,0.141400000,0.777200000,0.276400000,2.490800000,2.488700000,2.214700000,0.276100000,0.005800000,0.027300000,0.013000000,0.219200000,0.274300000,0.274500000,0.083200000,0.003500000,0.609300000,84,0,103,3,7,0.002800000,0.003800000,0.001600000,0.003900000,0.002700000,0.000700000,0.417300000,0.032300000,0.155000000,0.016100000,0.005800000,0.124200000,0.000100000,0.000000000,0.003800000,0.770100000,0.007100000,3,1,7,7,3,,0.200000000,0.004700000,0.276900000,0.060600000,0.015500000,0.050800000,true,true,0.026700000,0.148200000,0.007900000,0.003700000,0.009500000,103,103,0
1327,1,1,1920,1080,640,360,ultra-performance,0.003700000,0.036400000,0.315600000,0.833600000,0.020100000,0.160900000,0.934000000,0.222300000,2.814400000,2.810700000,2.526600000,0.287800000,0.005700000,0.043400000,0.021300000,0.244100000,0.286100000,0.286300000,0.100700000,0.004900000,0.725300000,84,0,103,3,7,0.003500000,0.004300000,0.001900000,0.005100000,0.004500000,0.000800000,0.626700000,0.025700000,0.118900000,0.012500000,0.006900000,0.110800000,0.000000000,0.000000000,0.004200000,0.925800000,0.008200000,3,1,7,7,3,,0.235400000,0.004800000,0.337900000,0.069400000,0.018700000,0.058400000,true,true,0.032800000,0.170500000,0.010700000,0.005000000,0.011200000,103,103,0
1328,2,1,1920,1080,640,360,ultra-performance,0.002100000,0.032900000,0.237200000,0.648300000,0.014500000,0.132700000,0.808100000,0.212400000,2.341000000,2.338900000,2.088200000,0.252800000,0.003600000,0.025600000,0.014800000,0.192700000,0.251200000,0.251400000,0.062400000,0.002500000,0.581100000,84,0,103,3,7,0.003400000,0.004300000,0.001800000,0.004900000,0.003600000,0.000700000,0.514800000,0.030300000,0.089600000,0.015600000,0.008900000,0.119100000,0.000000000,0.000000000,0.004000000,0.801000000,0.007100000,3,1,7,7,3,,0.183000000,0.003900000,0.264500000,0.057800000,0.025200000,0.046000000,true,true,0.023800000,0.134900000,0.008200000,0.004000000,0.008600000,103,103,0
1329,0,1,1920,1080,640,360,ultra-performance,0.002200000,0.029700000,0.258000000,0.681900000,0.016200000,0.139000000,0.710300000,0.196300000,2.315700000,2.313500000,2.033600000,0.282100000,0.003500000,0.022600000,0.013300000,0.218000000,0.280400000,0.280500000,0.085500000,0.002700000,0.591100000,84,0,103,3,7,0.002900000,0.003700000,0.001800000,0.004000000,0.003800000,0.000700000,0.504300000,0.024000000,0.035000000,0.011100000,0.006800000,0.102500000,0.000100000,0.000000000,0.004100000,0.704800000,0.005500000,3,1,7,7,3,,0.192700000,0.004300000,0.274500000,0.052900000,0.015700000,0.050400000,true,true,0.022900000,0.144900000,0.008100000,0.004100000,0.008700000,103,103,0
1330,1,1,1920,1080,640,360,ultra-performance,0.001800000,0.026400000,0.278600000,0.657500000,0.016300000,0.146600000,0.816300000,0.212300000,2.323800000,2.322000000,2.155800000,0.168000000,0.003500000,0.024600000,0.015300000,0.234900000,0.166500000,0.166600000,0.081700000,0.002600000,0.570200000,84,0,103,3,7,0.002600000,0.003500000,0.001500000,0.004400000,0.003000000,0.000700000,0.484900000,0.021100000,0.178300000,0.010500000,0.005500000,0.088800000,0.000100000,0.000000000,0.004300000,0.809200000,0.007100000,3,1,7,7,3,,0.166500000,0.003300000,0.261600000,0.060500000,0.015800000,0.061900000,true,true,0.023000000,0.123500000,0.005700000,0.003600000,0.007100000,103,103,0
1331,2,1,1920,1080,640,360,ultra-performance,0.002200000,0.031100000,0.292500000,0.811600000,0.018500000,0.157800000,1.083800000,0.331200000,3.058800000,3.056600000,2.728700000,0.330100000,0.003900000,0.026000000,0.015500000,0.246700000,0.325700000,0.326000000,0.098300000,0.003300000,0.706800000,84,0,103,3,7,0.003400000,0.003500000,0.001700000,0.004500000,0.006500000,0.001500000,0.597700000,0.027800000,0.141600000,0.015500000,0.008600000,0.246000000,0.000000000,0.000000000,0.011900000,1.070200000,0.013600000,3,1,7,7,3,,0.231500000,0.004800000,0.330300000,0.061400000,0.017700000,0.060100000,true,true,0.027600000,0.174200000,0.009900000,0.004800000,0.010300000,103,103,0
1332,0,1,1920,1080,640,360,ultra-performance,0.002000000,0.030600000,0.413700000,0.741200000,0.017200000,0.142400000,0.968400000,0.245100000,3.019100000,3.017100000,2.560600000,0.458500000,0.006500000,0.028400000,0.014100000,0.363500000,0.455800000,0.456200000,0.097700000,0.003000000,0.638000000,84,0,103,3,7,0.003000000,0.003600000,0.001300000,0.004600000,0.004600000,0.001000000,0.659700000,0.032800000,0.099300000,0.014900000,0.006900000,0.122900000,0.000100000,0.000000000,0.005600000,0.960300000,0.008100000,3,1,7,7,3,,0.208600000,0.004200000,0.300000000,0.055900000,0.016900000,0.051600000,true,true,0.025200000,0.155300000,0.009300000,0.004500000,0.009700000,103,103,0
1333,1,1,1920,1080,640,360,ultra-performance,0.003000000,0.037300000,0.187700000,0.594200000,0.014100000,0.128400000,0.848400000,0.226200000,2.215600000,2.212600000,2.039300000,0.176300000,0.005200000,0.027100000,0.014300000,0.140400000,0.174400000,0.174500000,0.055100000,0.002500000,0.534500000,84,0,103,3,7,0.003300000,0.003800000,0.002000000,0.003900000,0.003800000,0.000700000,0.526800000,0.025400000,0.117000000,0.014700000,0.005800000,0.130000000,0.000000000,0.000000000,0.004200000,0.841400000,0.007000000,3,1,7,7,3,,0.173700000,0.004200000,0.249800000,0.057600000,0.013000000,0.035600000,true,true,0.016900000,0.132200000,0.008400000,0.003900000,0.008400000,103,103,0
1334,2,1,1920,1080,640,360,ultra-performance,0.002200000,0.037700000,0.265500000,0.642400000,0.016900000,0.146000000,0.809500000,0.431700000,2.617900000,2.615700000,2.351900000,0.266000000,0.004300000,0.024800000,0.014600000,0.221200000,0.263100000,0.263300000,0.082000000,0.002700000,0.554800000,84,0,103,3,7,0.003000000,0.003600000,0.001700000,0.004200000,0.006000000,0.001300000,0.517400000,0.031400000,0.069800000,0.016600000,0.009100000,0.124300000,0.000100000,0.000000000,0.008600000,0.797100000,0.012400000,3,1,7,7,3,,0.190800000,0.004200000,0.255800000,0.054200000,0.013700000,0.035400000,true,true,0.023300000,0.143100000,0.007300000,0.004100000,0.008800000,103,103,0
1335,0,1,1920,1080,640,360,ultra-performance,0.002100000,0.026000000,0.218600000,0.824400000,0.023100000,0.166100000,0.683900000,0.165100000,2.368900000,2.366800000,2.109300000,0.259600000,0.005200000,0.023800000,0.013500000,0.175500000,0.258200000,0.258700000,0.106200000,0.005300000,0.710200000,84,0,103,3,7,0.003700000,0.004600000,0.001700000,0.005200000,0.008700000,0.000700000,0.530800000,0.024100000,0.002200000,0.009400000,0.005400000,0.079100000,0.000100000,0.000000000,0.003500000,0.679200000,0.004700000,3,1,7,7,3,,0.250400000,0.005900000,0.295500000,0.080500000,0.018100000,0.058700000,true,true,0.043400000,0.174400000,0.010900000,0.005000000,0.011700000,103,103,0
1336,1,1,1920,1080,640,360,ultra-performance,0.001700000,0.026300000,0.161100000,0.480000000,0.014800000,0.112600000,0.710100000,0.188800000,1.851300000,1.849600000,1.695400000,0.155900000,0.003800000,0.018400000,0.009800000,0.128500000,0.154200000,0.154600000,0.051100000,0.003700000,0.423500000,84,0,103,3,7,0.002400000,0.003500000,0.001000000,0.003900000,0.001800000,0.000500000,0.574800000,0.023300000,0.002400000,0.006700000,0.004900000,0.074500000,0.000000000,0.000000000,0.004100000,0.703800000,0.006300000,3,1,7,7,3,,0.138000000,0.003600000,0.177000000,0.057700000,0.012300000,0.034000000,true,true,0.021700000,0.094000000,0.007300000,0.004400000,0.007600000,103,103,0
1337,2,1,1920,1080,640,360,ultra-performance,0.001900000,0.032400000,0.253700000,0.482900000,0.014500000,0.107800000,0.661000000,0.176600000,1.900800000,1.898900000,1.730800000,0.170000000,0.004400000,0.023200000,0.011900000,0.213600000,0.168300000,0.168400000,0.051300000,0.003400000,0.426200000,84,0,103,3,7,0.002100000,0.003300000,0.001400000,0.003600000,0.003600000,0.000700000,0.379900000,0.028400000,0.112400000,0.012600000,0.006500000,0.094900000,0.000100000,0.000000000,0.004000000,0.653500000,0.007500000,3,1,7,7,3,,0.148300000,0.005000000,0.176300000,0.049600000,0.011800000,0.034800000,true,true,0.018600000,0.103300000,0.008900000,0.004500000,0.009300000,103,103,0
1338,0,1,1920,1080,640,360,ultra-performance,0.002300000,0.031600000,0.175500000,0.534000000,0.014400000,0.105500000,0.673000000,0.207300000,1.996000000,1.993700000,1.743600000,0.252400000,0.004400000,0.024700000,0.014200000,0.131900000,0.251000000,0.251300000,0.077700000,0.003700000,0.450900000,84,0,103,3,7,0.002400000,0.003100000,0.001100000,0.003500000,0.003500000,0.000700000,0.462300000,0.022200000,0.046100000,0.009300000,0.005500000,0.105400000,0.000000000,0.000000000,0.003200000,0.668300000,0.004700000,3,1,7,7,3,,0.177900000,0.003600000,0.176600000,0.047800000,0.011600000,0.032900000,true,true,0.023100000,0.133700000,0.006800000,0.003800000,0.007200000,103,103,0
1339,1,1,1920,1080,640,360,ultra-performance,0.001800000,0.028600000,0.173700000,0.745200000,0.018200000,0.143400000,0.779000000,0.171900000,2.243700000,2.241900000,2.061800000,0.181900000,0.003400000,0.022300000,0.010800000,0.136800000,0.180600000,0.180800000,0.084200000,0.003000000,0.655300000,84,0,103,3,7,0.002600000,0.003600000,0.001600000,0.004200000,0.002700000,0.000400000,0.503600000,0.025600000,0.061700000,0.011800000,0.005500000,0.143000000,0.000000000,0.000000000,0.003600000,0.769900000,0.009100000,3,1,7,7,3,,0.176200000,0.004200000,0.352600000,0.059200000,0.014700000,0.047700000,true,true,0.022500000,0.126800000,0.008700000,0.004800000,0.009100000,103,103,0
1340,2,1,1920,1080,640,360,ultra-performance,0.001900000,0.029800000,0.260300000,0.666500000,0.015700000,0.130300000,0.828700000,0.232500000,2.446800000,2.444900000,2.165700000,0.281100000,0.003500000,0.023200000,0.013400000,0.219800000,0.278400000,0.278700000,0.083300000,0.003100000,0.577600000,84,0,103,3,7,0.002700000,0.003300000,0.001600000,0.003600000,0.003700000,0.000600000,0.542500000,0.019500000,0.029300000,0.011600000,0.005800000,0.191900000,0.000100000,0.000000000,0.005600000,0.821800000,0.006900000,3,1,7,7,3,,0.196900000,0.004700000,0.261800000,0.052400000,0.014300000,0.046900000,true,true,0.023400000,0.148900000,0.007700000,0.004200000,0.008700000,103,103,0
1341,0,1,1920,1080,640,360,ultra-performance,0.002900000,0.035300000,0.290600000,0.834000000,0.023100000,0.156400000,0.690300000,0.159700000,2.503900000,2.501000000,2.192300000,0.311600000,0.006500000,0.035700000,0.017900000,0.229400000,0.309600000,0.310200000,0.096900000,0.004700000,0.729700000,84,0,103,3,7,0.002700000,0.004700000,0.002000000,0.004700000,0.003600000,0.000700000,0.490700000,0.021900000,0.044800000,0.009800000,0.005600000,0.087100000,0.000100000,0.000000000,0.005000000,0.683400000,0.006900000,3,1,7,7,3,,0.235800000,0.005600000,0.332500000,0.077700000,0.017100000,0.052900000,true,true,0.036800000,0.165700000,0.011000000,0.004700000,0.012700000,103,103,0
1342,1,1,1920,1080,640,360,ultra-performance,0.001700000,0.022700000,0.222100000,0.598900000,0.017000000,0.126100000,1.060100000,0.272100000,2.509100000,2.507400000,2.320700000,0.188400000,0.003400000,0.020900000,0.015100000,0.181900000,0.185500000,0.185700000,0.071100000,0.003500000,0.522200000,84,0,103,3,7,0.002400000,0.004000000,0.001200000,0.004600000,0.006600000,0.001500000,0.744500000,0.031900000,0.054400000,0.018100000,0.008300000,0.160300000,0.000100000,0.000000000,0.009300000,1.047200000,0.012900000,3,1,7,7,3,,0.158700000,0.004200000,0.221800000,0.068300000,0.017800000,0.050600000,true,true,0.025900000,0.109400000,0.007300000,0.003900000,0.009000000,103,103,0
1343,2,1,1920,1080,640,360,ultra-performance,0.002900000,0.044000000,0.316000000,0.748700000,0.019400000,0.130100000,1.012800000,0.195700000,2.793100000,2.790200000,2.469600000,0.323500000,0.006000000,0.035700000,0.016600000,0.257000000,0.319600000,0.319900000,0.100200000,0.003400000,0.642500000,84,0,103,3,7,0.002500000,0.003700000,0.001400000,0.003600000,0.007300000,0.001600000,0.597200000,0.032600000,0.172900000,0.015000000,0.009600000,0.140400000,0.000400000,0.000000000,0.011800000,1.000000000,0.012800000,3,1,7,7,3,,0.222300000,0.006000000,0.280100000,0.067200000,0.015800000,0.050400000,true,true,0.030000000,0.162900000,0.010600000,0.004600000,0.009700000,103,103,0
1344,0,1,1920,1080,640,360,ultra-performance,0.001600000,0.023300000,0.231200000,0.741600000,0.018800000,0.143400000,0.647500000,0.148100000,2.223100000,2.221500000,1.955500000,0.267600000,0.003500000,0.021100000,0.012800000,0.193100000,0.266300000,0.266500000,0.090500000,0.004300000,0.644500000,84,0,103,3,7,0.002900000,0.004200000,0.001700000,0.005000000,0.001700000,0.000400000,0.523500000,0.017800000,0.001800000,0.008000000,0.003900000,0.068400000,0.000000000,0.000000000,0.003200000,0.642500000,0.005000000,3,1,7,7,3,,0.217100000,0.004600000,0.282700000,0.069300000,0.017000000,0.053100000,true,true,0.030500000,0.156700000,0.009600000,0.005200000,0.010600000,103,103,0
1345,1,1,1920,1080,640,360,ultra-performance,0.001700000,0.020900000,0.155600000,0.454100000,0.013400000,0.105600000,0.839500000,0.269700000,2.015800000,2.014100000,1.860500000,0.155300000,0.002900000,0.015700000,0.009800000,0.126800000,0.152600000,0.152800000,0.048800000,0.002500000,0.401000000,84,0,103,3,7,0.002800000,0.003500000,0.002400000,0.003800000,0.005200000,0.001000000,0.563100000,0.024200000,0.070000000,0.009600000,0.005400000,0.132700000,0.000000000,0.000000000,0.005900000,0.829600000,0.009900000,3,1,7,7,3,,0.127600000,0.002900000,0.186700000,0.040500000,0.010700000,0.032200000,true,true,0.017800000,0.090100000,0.006100000,0.003800000,0.007200000,103,103,0
1346,2,1,1920,1080,640,360,ultra-performance,0.003000000,0.035700000,0.271900000,0.729500000,0.020800000,0.154100000,0.828100000,0.256600000,2.569900000,2.566900000,2.299700000,0.270200000,0.006500000,0.031600000,0.016200000,0.216800000,0.268000000,0.268400000,0.090700000,0.004500000,0.631600000,84,0,103,3,7,0.003400000,0.004500000,0.001600000,0.004500000,0.003500000,0.000500000,0.493800000,0.021000000,0.183100000,0.008900000,0.005600000,0.088300000,0.000400000,0.000000000,0.004100000,0.823200000,0.004900000,3,1,7,7,3,,0.209400000,0.005000000,0.277800000,0.071100000,0.017400000,0.050100000,true,true,0.033800000,0.147500000,0.009900000,0.004700000,0.009600000,103,103,0
1347,0,1,1920,1080,640,360,ultra-performance,0.002700000,0.036600000,0.256900000,0.688300000,0.021500000,0.151000000,0.782700000,0.218300000,2.419600000,2.416900000,2.158000000,0.261600000,0.005100000,0.029000000,0.015700000,0.206400000,0.259300000,0.259700000,0.080300000,0.003600000,0.602000000,84,0,103,3,7,0.002700000,0.003900000,0.001500000,0.003900000,0.003700000,0.000700000,0.525600000,0.024600000,0.064000000,0.012000000,0.006700000,0.122100000,0.000300000,0.000000000,0.004200000,0.775900000,0.006800000,3,1,7,7,3,,0.196500000,0.005100000,0.268100000,0.063200000,0.016300000,0.051800000,true,true,0.029500000,0.140200000,0.009100000,0.004100000,0.009900000,103,103,0
1348,1,1,1920,1080,640,360,ultra-performance,0.002200000,0.042500000,0.281900000,0.625800000,0.018300000,0.134200000,0.739400000,0.189100000,2.219700000,2.217500000,2.033400000,0.186300000,0.005700000,0.028100000,0.017800000,0.229500000,0.184200000,0.184500000,0.072200000,0.005100000,0.541500000,84,0,103,3,7,0.002400000,0.003400000,0.001300000,0.004000000,0.004600000,0.000800000,0.447500000,0.025000000,0.124300000,0.010600000,0.007000000,0.095800000,0.000100000,0.000000000,0.005500000,0.732300000,0.007100000,3,1,7,7,3,,0.180500000,0.003800000,0.196600000,0.085500000,0.018900000,0.055300000,true,true,0.035900000,0.118800000,0.008300000,0.004700000,0.009200000,103,103,0
1349,2,1,1920,1080,640,360,ultra-performance,0.002200000,0.034500000,0.254600000,0.694300000,0.021600000,0.166800000,0.830200000,0.266600000,2.517800000,2.515600000,2.270800000,0.247000000,0.004300000,0.024700000,0.017500000,0.207300000,0.244300000,0.244600000,0.085300000,0.003900000,0.602500000,84,0,103,3,7,0.003100000,0.004200000,0.002000000,0.003900000,0.005100000,0.001000000,0.539000000,0.022300000,0.106000000,0.009700000,0.005300000,0.106400000,0.000000000,0.000000000,0.014100000,0.822100000,0.008100000,3,1,7,7,3,,0.195400000,0.004500000,0.262200000,0.073600000,0.016800000,0.049100000,true,true,0.029500000,0.139700000,0.009300000,0.004400000,0.008700000,103,103,0
1350,0,1,1920,1080,640,360,ultra-performance,0.002700000,0.031200000,0.325400000,0.848100000,0.019300000,0.172800000,0.891400000,0.213200000,2.824800000,2.822100000,2.504100000,0.320700000,0.005300000,0.031900000,0.020700000,0.266500000,0.318200000,0.318600000,0.102000000,0.003800000,0.739600000,84,0,103,3,7,0.002500000,0.004200000,0.001900000,0.003800000,0.004300000,0.000800000,0.587900000,0.026000000,0.097300000,0.017800000,0.009200000,0.120200000,0.000100000,0.000000000,0.005800000,0.881800000,0.009600000,3,1,7,7,3,,0.236800000,0.005400000,0.335400000,0.084700000,0.018100000,0.058600000,true,true,0.028600000,0.176400000,0.010400000,0.004800000,0.012000000,103,103,0
1351,1,1,1920,1080,640,360,ultra-performance,0.002600000,0.036300000,0.221600000,0.740100000,0.021100000,0.156500000,1.011500000,0.256100000,2.663400000,2.660800000,2.445800000,0.217600000,0.006300000,0.033600000,0.017100000,0.163700000,0.214900000,0.215200000,0.087300000,0.004600000,0.645400000,84,0,103,3,7,0.002800000,0.003900000,0.001400000,0.005000000,0.006800000,0.001400000,0.622700000,0.035100000,0.154600000,0.016600000,0.009900000,0.133600000,0.000000000,0.000000000,0.007600000,1.001400000,0.010100000,3,1,7,7,3,,0.218700000,0.004600000,0.268400000,0.085500000,0.016100000,0.051200000,true,true,0.033100000,0.154400000,0.010000000,0.006600000,0.010100000,103,103,0
1352,2,1,1920,1080,640,360,ultra-performance,0.002000000,0.034100000,0.200500000,0.658000000,0.016800000,0.148000000,0.667700000,0.222100000,2.167200000,2.165200000,1.949200000,0.218000000,0.004100000,0.020300000,0.014000000,0.161600000,0.216000000,0.216300000,0.088600000,0.003400000,0.563900000,84,0,103,3,7,0.002400000,0.003700000,0.001200000,0.004000000,0.002800000,0.000500000,0.445500000,0.015300000,0.089300000,0.006900000,0.003600000,0.083500000,0.000100000,0.000000000,0.004000000,0.662800000,0.004900000,3,1,7,7,3,,0.182800000,0.003700000,0.222800000,0.080500000,0.016700000,0.056700000,true,true,0.022300000,0.134000000,0.010100000,0.004700000,0.008300000,103,103,0
1353,0,1,1920,1080,640,360,ultra-performance,0.002000000,0.022300000,0.184700000,0.480300000,0.012300000,0.105700000,0.624300000,0.166500000,1.767600000,1.765600000,1.598100000,0.169500000,0.003900000,0.020200000,0.010500000,0.149500000,0.167900000,0.168300000,0.054400000,0.002400000,0.421700000,84,0,103,3,7,0.002000000,0.003200000,0.001300000,0.003200000,0.002600000,0.000400000,0.464600000,0.013700000,0.036700000,0.007200000,0.003600000,0.078500000,0.000100000,0.000000000,0.003100000,0.620200000,0.004100000,3,1,7,7,3,,0.141800000,0.003200000,0.188500000,0.042000000,0.011500000,0.034300000,true,true,0.024200000,0.098200000,0.006200000,0.003900000,0.006600000,103,103,0
1354,1,1,1920,1080,640,360,ultra-performance,0.001900000,0.023000000,0.168900000,0.523100000,0.013000000,0.110400000,0.865400000,0.170700000,2.054000000,2.052100000,1.876400000,0.177600000,0.002800000,0.017400000,0.009900000,0.138400000,0.175700000,0.175900000,0.053800000,0.002100000,0.465300000,84,0,103,3,7,0.002100000,0.002700000,0.001200000,0.003600000,0.005200000,0.001400000,0.545100000,0.027500000,0.139800000,0.012500000,0.006100000,0.105900000,0.000100000,0.000000000,0.004300000,0.857500000,0.007900000,3,1,7,7,3,,0.132900000,0.003000000,0.220800000,0.055600000,0.012200000,0.039900000,true,true,0.017500000,0.096200000,0.006400000,0.003000000,0.007100000,103,103,0
1355,2,1,1920,1080,640,360,ultra-performance,0.002100000,0.026300000,0.223400000,0.583300000,0.017100000,0.105300000,0.700600000,0.178500000,2.123200000,2.121100000,1.836600000,0.286600000,0.004200000,0.020100000,0.013400000,0.185100000,0.284800000,0.285100000,0.068000000,0.003500000,0.507700000,84,0,103,3,7,0.002300000,0.002600000,0.001000000,0.003800000,0.002000000,0.000600000,0.510300000,0.012100000,0.031500000,0.011400000,0.004700000,0.108600000,0.000000000,0.000000000,0.003800000,0.694700000,0.005900000,3,1,7,7,3,,0.156300000,0.004000000,0.245800000,0.049600000,0.014400000,0.037000000,true,true,0.027800000,0.104000000,0.007900000,0.005700000,0.007800000,103,103,0
1356,0,1,1920,1080,640,360,ultra-performance,0.001900000,0.018000000,0.184500000,0.524300000,0.012300000,0.093000000,0.804600000,0.171600000,2.006100000,2.004200000,1.810200000,0.195900000,0.003300000,0.020200000,0.012200000,0.148300000,0.194600000,0.194700000,0.058300000,0.004500000,0.459700000,84,0,103,3,7,0.001700000,0.002300000,0.001200000,0.003400000,0.002300000,0.000600000,0.558400000,0.018200000,0.071700000,0.012700000,0.004800000,0.119100000,0.000000000,0.000000000,0.003400000,0.799800000,0.004800000,3,1,7,7,3,,0.140500000,0.003000000,0.231900000,0.039400000,0.010800000,0.033500000,true,true,0.019000000,0.099100000,0.007200000,0.004200000,0.008000000,103,103,0
1357,1,1,1920,1080,640,360,ultra-performance,0.001800000,0.019000000,0.176700000,0.461100000,0.009900000,0.085700000,0.830700000,0.157200000,1.929400000,1.927600000,1.742100000,0.187300000,0.002800000,0.016700000,0.009300000,0.147600000,0.185300000,0.185400000,0.056400000,0.007200000,0.395800000,84,0,103,3,7,0.001100000,0.002000000,0.001200000,0.003200000,0.003500000,0.000800000,0.531200000,0.024900000,0.070100000,0.018800000,0.007500000,0.152800000,0.000000000,0.000000000,0.004700000,0.821800000,0.008900000,3,1,7,7,3,,0.133300000,0.002700000,0.182800000,0.034200000,0.009900000,0.032700000,true,true,0.017600000,0.097400000,0.006000000,0.003200000,0.006500000,103,103,0
1358,2,1,1920,1080,640,360,ultra-performance,0.002000000,0.025100000,0.229000000,0.554700000,0.013000000,0.100700000,0.831100000,0.180800000,2.123200000,2.121200000,1.936400000,0.186800000,0.003900000,0.021000000,0.014300000,0.189200000,0.185000000,0.185300000,0.066700000,0.002400000,0.483500000,84,0,103,3,7,0.002700000,0.002800000,0.001100000,0.003800000,0.003700000,0.000700000,0.393300000,0.023600000,0.154400000,0.017800000,0.008900000,0.203500000,0.000100000,0.000000000,0.005200000,0.821600000,0.009500000,3,1,7,7,3,,0.143000000,0.002900000,0.228100000,0.055900000,0.013700000,0.039200000,true,true,0.019900000,0.103200000,0.006600000,0.003500000,0.006900000,103,103,0
1359,0,1,1920,1080,640,360,ultra-performance,0.002100000,0.040900000,0.258100000,0.626300000,0.017100000,0.150400000,0.802100000,0.326300000,2.386300000,2.384200000,2.223300000,0.163000000,0.004600000,0.024600000,0.017600000,0.210700000,0.160400000,0.160700000,0.064700000,0.004400000,0.555200000,84,0,103,3,7,0.002500000,0.003700000,0.001200000,0.003500000,0.006700000,0.001200000,0.522400000,0.030100000,0.067400000,0.016700000,0.009400000,0.118900000,0.000100000,0.000000000,0.007600000,0.791400000,0.010700000,3,1,7,7,3,,0.199900000,0.005200000,0.233000000,0.064300000,0.013900000,0.038300000,true,true,0.028400000,0.141500000,0.010100000,0.005500000,0.010400000,103,103,0
1360,1,1,1920,1080,640,360,ultra-performance,0.002300000,0.027200000,0.253500000,0.678300000,0.016100000,0.137700000,0.717400000,0.213500000,2.223300000,2.221000000,2.046000000,0.177300000,0.004700000,0.026100000,0.012300000,0.209800000,0.175700000,0.175800000,0.061500000,0.003000000,0.611300000,84,0,103,3,7,0.002300000,0.003600000,0.001800000,0.004900000,0.003800000,0.000900000,0.484000000,0.019900000,0.038800000,0.008900000,0.004700000,0.133500000,0.000000000,0.000000000,0.004300000,0.711400000,0.006000000,3,1,7,7,3,,0.189600000,0.004300000,0.291300000,0.059200000,0.015300000,0.051100000,true,true,0.019800000,0.142200000,0.010100000,0.003800000,0.009700000,103,103,0
1361,2,1,1920,1080,640,360,ultra-performance,0.002300000,0.030600000,0.285600000,0.474300000,0.012000000,0.101500000,0.793100000,0.323800000,2.275300000,2.273000000,2.023200000,0.252100000,0.003700000,0.023900000,0.016400000,0.240900000,0.250000000,0.250100000,0.055300000,0.002200000,0.414900000,84,0,103,3,7,0.001700000,0.002600000,0.001300000,0.003400000,0.004500000,0.001300000,0.453900000,0.025900000,0.164800000,0.011100000,0.005800000,0.102900000,0.000000000,0.000000000,0.005100000,0.784300000,0.008800000,3,1,7,7,3,,0.133600000,0.003300000,0.188000000,0.042800000,0.011900000,0.034800000,true,true,0.018200000,0.096600000,0.005900000,0.003500000,0.006500000,103,103,0
1362,0,1,1920,1080,640,360,ultra-performance,0.026000000,0.033500000,0.284500000,0.630100000,0.017900000,0.142600000,0.786200000,0.211800000,2.369300000,2.343300000,2.132600000,0.236700000,0.005200000,0.027200000,0.019100000,0.232500000,0.234500000,0.235100000,0.072800000,0.004200000,0.550800000,84,0,103,3,7,0.003200000,0.004400000,0.001300000,0.003700000,0.005200000,0.000900000,0.554600000,0.023900000,0.054000000,0.011900000,0.006400000,0.101000000,0.000100000,0.000000000,0.006900000,0.777500000,0.008700000,3,1,7,7,3,,0.179400000,0.005200000,0.245100000,0.060700000,0.015400000,0.044400000,true,true,0.028200000,0.122500000,0.009900000,0.004500000,0.009800000,103,103,0
1363,1,1,1920,1080,640,360,ultra-performance,0.002400000,0.024100000,0.324600000,0.833800000,0.019400000,0.158200000,1.026400000,0.209500000,2.951100000,2.948700000,2.598400000,0.352700000,0.004000000,0.028000000,0.024100000,0.267700000,0.350000000,0.350100000,0.105500000,0.004100000,0.721100000,84,0,103,3,7,0.003200000,0.003700000,0.001600000,0.006200000,0.005800000,0.001500000,0.664300000,0.026400000,0.119800000,0.014100000,0.008100000,0.156700000,0.000000000,0.000000000,0.006600000,1.018000000,0.008400000,3,1,7,7,3,,0.230800000,0.004500000,0.328600000,0.080100000,0.018000000,0.058200000,true,true,0.029600000,0.171700000,0.010000000,0.004600000,0.010200000,103,103,0
1364,2,1,1920,1080,640,360,ultra-performance,0.001900000,0.022300000,0.240800000,0.574900000,0.012700000,0.103700000,0.735000000,0.376400000,2.352300000,2.350400000,2.067700000,0.284600000,0.003700000,0.026200000,0.016700000,0.193400000,0.283200000,0.283300000,0.081500000,0.002600000,0.488700000,84,0,103,3,7,0.002700000,0.003100000,0.001200000,0.003900000,0.002400000,0.000600000,0.532200000,0.022700000,0.052900000,0.009900000,0.005100000,0.089500000,0.000000000,0.000000000,0.003600000,0.729800000,0.005200000,3,1,7,7,3,,0.152500000,0.004200000,0.231400000,0.051400000,0.012000000,0.036600000,true,true,0.018700000,0.108400000,0.008000000,0.003500000,0.009400000,103,103,0
1365,0,1,1920,1080,640,360,ultra-performance,0.005200000,0.050400000,0.482400000,0.602500000,0.023900000,0.147000000,0.784900000,0.159800000,2.423100000,2.417900000,2.256100000,0.167000000,0.009600000,0.049700000,0.029200000,0.393000000,0.164800000,0.165200000,0.069900000,0.005100000,0.525500000,84,0,103,3,7,0.003500000,0.004000000,0.002100000,0.004400000,0.002900000,0.000500000,0.387900000,0.019400000,0.261000000,0.009900000,0.004900000,0.075800000,0.000100000,0.000000000,0.003500000,0.779900000,0.005000000,3,1,7,7,3,,0.197400000,0.005100000,0.212000000,0.060300000,0.013700000,0.036200000,true,true,0.027900000,0.139800000,0.009800000,0.004700000,0.010100000,103,103,0
1366,1,1,1920,1080,640,360,ultra-performance,0.002200000,0.031400000,0.272900000,0.584300000,0.014600000,0.105500000,0.751300000,0.176900000,2.209200000,2.207000000,1.939100000,0.270100000,0.004400000,0.022000000,0.014400000,0.231600000,0.268100000,0.268400000,0.082200000,0.003300000,0.497000000,84,0,103,3,7,0.002100000,0.002900000,0.001200000,0.003100000,0.003700000,0.001300000,0.523600000,0.024000000,0.027800000,0.011100000,0.005700000,0.132500000,0.000100000,0.000000000,0.005100000,0.744200000,0.007100000,3,1,7,7,3,,0.204800000,0.004600000,0.195800000,0.046200000,0.011800000,0.033200000,true,true,0.027000000,0.148600000,0.009100000,0.004400000,0.011200000,103,103,0
1367,2,1,1920,1080,640,360,ultra-performance,0.001800000,0.020200000,0.196200000,0.510600000,0.013600000,0.104300000,0.669600000,0.175600000,1.860800000,1.859000000,1.691900000,0.168900000,0.003400000,0.020400000,0.013600000,0.158300000,0.167600000,0.167700000,0.059700000,0.002900000,0.446200000,84,0,103,3,7,0.001900000,0.002900000,0.001300000,0.003300000,0.002500000,0.000700000,0.518000000,0.015100000,0.026600000,0.008600000,0.005100000,0.075800000,0.000100000,0.000000000,0.003300000,0.665200000,0.004400000,3,1,7,7,3,,0.141600000,0.003300000,0.203800000,0.049300000,0.012100000,0.035800000,true,true,0.020100000,0.101500000,0.006900000,0.003500000,0.006700000,103,103,0
1368,0,1,1920,1080,640,360,ultra-performance,0.001800000,0.021400000,0.172500000,0.473300000,0.011300000,0.098800000,0.594800000,0.151900000,1.705800000,1.704000000,1.525800000,0.180000000,0.003000000,0.017300000,0.009800000,0.142000000,0.178700000,0.178800000,0.054800000,0.002300000,0.414300000,84,0,103,3,7,0.002100000,0.002600000,0.001200000,0.003300000,0.002100000,0.000500000,0.468000000,0.016700000,0.001400000,0.006500000,0.003700000,0.078900000,0.000100000,0.000000000,0.003500000,0.590600000,0.004200000,3,1,7,7,3,,0.136300000,0.003200000,0.188200000,0.040500000,0.011400000,0.034100000,true,true,0.016700000,0.100200000,0.006200000,0.003500000,0.006800000,103,103,0
1369,1,1,1920,1080,640,360,ultra-performance,0.001700000,0.020100000,0.213400000,0.467800000,0.011200000,0.102500000,0.818700000,0.271000000,2.078300000,2.076600000,1.906400000,0.171900000,0.002700000,0.016300000,0.009800000,0.184200000,0.169800000,0.170000000,0.054300000,0.002100000,0.409700000,84,0,103,3,7,0.001500000,0.002500000,0.001400000,0.002900000,0.003500000,0.001100000,0.499900000,0.023200000,0.035600000,0.013200000,0.005500000,0.214300000,0.000000000,0.000000000,0.006500000,0.811100000,0.007600000,3,1,7,7,3,,0.136500000,0.002900000,0.186400000,0.039200000,0.010600000,0.033400000,true,true,0.017000000,0.100900000,0.005900000,0.003500000,0.006400000,103,103,0
1370,2,1,1920,1080,640,360,ultra-performance,0.002000000,0.017100000,0.167900000,0.483900000,0.011500000,0.097900000,0.689600000,0.161100000,1.801800000,1.799800000,1.631000000,0.170800000,0.002500000,0.015900000,0.009200000,0.140000000,0.169300000,0.169500000,0.056900000,0.001900000,0.423200000,84,0,103,3,7,0.001400000,0.002800000,0.001100000,0.003600000,0.002300000,0.000500000,0.492100000,0.012800000,0.077400000,0.008400000,0.003200000,0.075700000,0.000000000,0.000000000,0.003200000,0.684500000,0.005100000,3,1,7,7,3,,0.130000000,0.003000000,0.200500000,0.043500000,0.011600000,0.034100000,true,true,0.016500000,0.096400000,0.005300000,0.002900000,0.006200000,103,103,0
1371,0,1,1920,1080,640,360,ultra-performance,0.001900000,0.017500000,0.169300000,0.490500000,0.011900000,0.097900000,0.867400000,0.255200000,2.124900000,2.123000000,1.911600000,0.213300000,0.002700000,0.017300000,0.009700000,0.139300000,0.210500000,0.210700000,0.062300000,0.002300000,0.423900000,84,0,103,3,7,0.002200000,0.002600000,0.001100000,0.003500000,0.005700000,0.001100000,0.553900000,0.018100000,0.129300000,0.014300000,0.006900000,0.112000000,0.000000000,0.000000000,0.007800000,0.858500000,0.008900000,3,1,7,7,3,,0.132500000,0.003100000,0.202400000,0.040400000,0.010900000,0.034000000,true,true,0.017400000,0.096600000,0.005600000,0.003700000,0.006400000,103,103,0
1372,1,1,1920,1080,640,360,ultra-performance,0.093600000,0.023500000,0.191900000,0.643700000,0.016500000,0.129800000,0.712200000,0.193200000,2.182600000,2.089000000,2.004400000,0.178200000,0.003400000,0.021400000,0.014500000,0.152000000,0.176300000,0.176500000,0.065800000,0.002300000,0.572600000,84,0,103,3,7,0.002900000,0.003300000,0.001300000,0.004100000,0.003000000,0.000700000,0.533700000,0.021500000,0.019900000,0.011100000,0.005900000,0.093100000,0.000000000,0.000000000,0.004900000,0.705400000,0.006800000,3,1,7,7,3,,0.187700000,0.005100000,0.244900000,0.059100000,0.015400000,0.059600000,true,true,0.017500000,0.141200000,0.008500000,0.004500000,0.011200000,103,103,0
1373,2,1,1920,1080,640,360,ultra-performance,0.241300000,0.035600000,0.277100000,0.817000000,0.022000000,0.162700000,0.869000000,0.199400000,2.906900000,2.665600000,2.624100000,0.282800000,0.006400000,0.028600000,0.019000000,0.222400000,0.280600000,0.281000000,0.098800000,0.004600000,0.711000000,84,0,103,3,7,0.002500000,0.004400000,0.001900000,0.005000000,0.003700000,0.000800000,0.581000000,0.024200000,0.016300000,0.012700000,0.006500000,0.195600000,0.000200000,0.000000000,0.005500000,0.860300000,0.008700000,3,1,7,7,3,,0.229400000,0.005000000,0.325000000,0.076400000,0.017600000,0.057000000,true,true,0.034100000,0.164100000,0.010700000,0.004600000,0.011100000,103,103,0
1374,0,1,1920,1080,640,360,ultra-performance,0.002100000,0.028900000,0.256100000,0.632200000,0.017900000,0.121000000,0.926600000,0.187200000,2.407700000,2.405600000,2.172000000,0.235700000,0.003900000,0.028800000,0.017400000,0.205300000,0.234200000,0.234300000,0.075200000,0.002900000,0.551200000,84,0,103,3,7,0.005300000,0.004900000,0.001700000,0.004800000,0.005500000,0.000800000,0.515000000,0.028300000,0.147900000,0.021000000,0.010100000,0.165800000,0.000100000,0.000000000,0.004800000,0.916000000,0.010600000,3,1,7,7,3,,0.160700000,0.003800000,0.254600000,0.063500000,0.016700000,0.051300000,true,true,0.020900000,0.114400000,0.008300000,0.003800000,0.009800000,103,103,0
1375,1,1,1920,1080,640,360,ultra-performance,0.002400000,0.036500000,0.260600000,0.583000000,0.015900000,0.112700000,0.762500000,0.222100000,2.260100000,2.257700000,1.995700000,0.264400000,0.006300000,0.030600000,0.021200000,0.201900000,0.261400000,0.262100000,0.084300000,0.003600000,0.493200000,84,0,103,3,7,0.002300000,0.002800000,0.001100000,0.003900000,0.004500000,0.001300000,0.521900000,0.022400000,0.068000000,0.011100000,0.005200000,0.102700000,0.000100000,0.000000000,0.006400000,0.753700000,0.008800000,3,1,7,7,3,,0.176100000,0.003500000,0.199700000,0.057000000,0.012800000,0.043600000,true,true,0.030900000,0.121400000,0.008300000,0.004300000,0.007400000,103,103,0
1376,2,1,1920,1080,640,360,ultra-performance,0.002000000,0.023000000,0.196600000,0.578100000,0.012900000,0.103200000,0.804500000,0.167700000,2.058500000,2.056500000,1.888000000,0.170500000,0.003600000,0.022300000,0.014400000,0.155600000,0.168500000,0.168600000,0.061800000,0.002600000,0.511700000,84,0,103,3,7,0.002200000,0.003000000,0.001300000,0.003300000,0.004400000,0.001200000,0.528500000,0.024400000,0.094000000,0.011600000,0.006500000,0.110600000,0.000000000,0.000000000,0.006700000,0.797700000,0.006800000,3,1,7,7,3,,0.143700000,0.003300000,0.261600000,0.055000000,0.011800000,0.035700000,true,true,0.020400000,0.101800000,0.008100000,0.003400000,0.007200000,103,103,0
1377,0,1,1920,1080,640,360,ultra-performance,0.001800000,0.017900000,0.170100000,0.531700000,0.012400000,0.108900000,0.747600000,0.220500000,1.997100000,1.995300000,1.810900000,0.186200000,0.003000000,0.017500000,0.009300000,0.139900000,0.185000000,0.185100000,0.074000000,0.002400000,0.453300000,84,0,103,3,7,0.001400000,0.002800000,0.001300000,0.004100000,0.002100000,0.000400000,0.562600000,0.015700000,0.040900000,0.005500000,0.003500000,0.097000000,0.000000000,0.000000000,0.003500000,0.740800000,0.006800000,3,1,7,7,3,,0.144300000,0.003200000,0.213100000,0.046400000,0.011100000,0.034600000,true,true,0.018100000,0.103000000,0.008500000,0.003900000,0.007400000,103,103,0
1378,1,1,1920,1080,640,360,ultra-performance,0.002000000,0.021900000,0.175800000,0.496500000,0.011400000,0.095400000,0.822800000,0.188100000,1.982800000,1.980800000,1.813900000,0.168900000,0.002800000,0.017200000,0.013500000,0.142000000,0.167800000,0.167900000,0.053600000,0.002300000,0.438600000,84,0,103,3,7,0.002000000,0.002700000,0.001100000,0.003500000,0.004200000,0.001100000,0.544900000,0.018800000,0.097000000,0.010800000,0.005400000,0.121700000,0.000000000,0.000000000,0.003500000,0.816700000,0.006100000,3,1,7,7,3,,0.130400000,0.003000000,0.220000000,0.040300000,0.010800000,0.033800000,true,true,0.017300000,0.094700000,0.005800000,0.003100000,0.006700000,103,103,0
1379,2,1,1920,1080,640,360,ultra-performance,0.003100000,0.024700000,0.255400000,0.630400000,0.012500000,0.110000000,0.746500000,0.205900000,2.247100000,2.244000000,1.988500000,0.258600000,0.003600000,0.023200000,0.017100000,0.210900000,0.256100000,0.256200000,0.091600000,0.003000000,0.533700000,84,0,103,3,7,0.002900000,0.003100000,0.001900000,0.004200000,0.004000000,0.000900000,0.501400000,0.019800000,0.033800000,0.010200000,0.005300000,0.143800000,0.000100000,0.000000000,0.005900000,0.737300000,0.009200000,3,1,7,7,3,,0.188200000,0.003900000,0.251400000,0.044400000,0.011000000,0.034300000,true,true,0.022100000,0.141400000,0.008600000,0.003600000,0.008400000,103,103,0
1380,0,1,1920,1080,640,360,ultra-performance,0.002100000,0.033400000,0.313600000,0.589000000,0.020800000,0.153700000,0.806100000,0.156800000,2.367400000,2.365300000,2.075500000,0.291900000,0.005800000,0.032200000,0.019800000,0.254900000,0.289900000,0.290500000,0.099700000,0.004200000,0.483000000,84,0,103,3,7,0.003600000,0.004000000,0.001700000,0.004100000,0.003400000,0.000600000,0.544900000,0.021800000,0.097400000,0.009900000,0.004800000,0.100200000,0.000300000,0.000000000,0.003800000,0.800500000,0.005600000,3,1,7,7,3,,0.168700000,0.003900000,0.194000000,0.056800000,0.012700000,0.046300000,true,true,0.034300000,0.110000000,0.008100000,0.004100000,0.008900000,103,103,0
1381,1,1,1920,1080,640,360,ultra-performance,0.001800000,0.023200000,0.240000000,0.548600000,0.015000000,0.113100000,0.890700000,0.234800000,2.261100000,2.259300000,2.067200000,0.193900000,0.003800000,0.018900000,0.010200000,0.206500000,0.192300000,0.192500000,0.053000000,0.002800000,0.490600000,84,0,103,3,7,0.002600000,0.002900000,0.001700000,0.004000000,0.004100000,0.001100000,0.634400000,0.023000000,0.037900000,0.012100000,0.004600000,0.149900000,0.000000000,0.000000000,0.004200000,0.882500000,0.008200000,3,1,7,7,3,,0.169700000,0.004200000,0.216100000,0.050200000,0.013000000,0.036600000,true,true,0.019100000,0.093800000,0.026600000,0.004300000,0.013300000,103,103,0
1382,2,1,1920,1080,640,360,ultra-performance,0.001500000,0.025200000,0.173300000,0.555100000,0.013100000,0.104800000,0.773000000,0.139000000,1.941600000,1.940100000,1.785000000,0.156600000,0.003100000,0.016500000,0.013500000,0.139700000,0.154900000,0.155100000,0.055500000,0.015900000,0.481500000,84,0,103,3,7,0.002500000,0.002900000,0.001000000,0.003900000,0.004600000,0.001100000,0.583700000,0.024900000,0.023500000,0.011900000,0.004800000,0.097200000,0.000000000,0.000000000,0.004400000,0.766400000,0.006600000,3,1,7,7,3,,0.173200000,0.003900000,0.204200000,0.045500000,0.012100000,0.041700000,true,true,0.027800000,0.118900000,0.008000000,0.003800000,0.010600000,103,103,0
1383,0,1,1920,1080,640,360,ultra-performance,0.001600000,0.021900000,0.206700000,0.481900000,0.011400000,0.095000000,0.711200000,0.182200000,1.891300000,1.889700000,1.711900000,0.179400000,0.002800000,0.039200000,0.014600000,0.149300000,0.177700000,0.178000000,0.062700000,0.002700000,0.414500000,84,0,103,3,7,0.002000000,0.002400000,0.001000000,0.003500000,0.002200000,0.000600000,0.431500000,0.016900000,0.119100000,0.011400000,0.005300000,0.105800000,0.000100000,0.000000000,0.003500000,0.705300000,0.005900000,3,1,7,7,3,,0.138300000,0.002700000,0.189300000,0.038600000,0.011400000,0.033800000,true,true,0.018000000,0.101400000,0.006200000,0.002900000,0.007100000,103,103,0
1384,1,1,1920,1080,640,360,ultra-performance,0.002000000,0.023000000,0.240700000,0.483700000,0.010300000,0.093300000,0.699000000,0.154100000,1.877300000,1.875300000,1.706100000,0.171200000,0.003100000,0.017800000,0.009800000,0.209600000,0.169800000,0.170000000,0.054900000,0.002500000,0.423900000,84,0,103,3,7,0.001500000,0.002000000,0.000800000,0.003200000,0.003500000,0.000800000,0.475700000,0.016300000,0.054500000,0.008300000,0.005000000,0.115100000,0.000000000,0.000000000,0.005000000,0.691700000,0.007300000,3,1,7,7,3,,0.133900000,0.003300000,0.207600000,0.036400000,0.010400000,0.031900000,true,true,0.017100000,0.096400000,0.006300000,0.003700000,0.007500000,103,103,0
1385,2,1,1920,1080,640,360,ultra-performance,0.001800000,0.022000000,0.181700000,0.498500000,0.011300000,0.092500000,0.628800000,0.168300000,1.821000000,1.819200000,1.604900000,0.216100000,0.003300000,0.020800000,0.013100000,0.144000000,0.214600000,0.214800000,0.068300000,0.002200000,0.426400000,84,0,103,3,7,0.002300000,0.002500000,0.001400000,0.003300000,0.001800000,0.000400000,0.512400000,0.013900000,0.002200000,0.005500000,0.002800000,0.073700000,0.000100000,0.000000000,0.003300000,0.625600000,0.003200000,3,1,7,7,3,,0.143200000,0.003000000,0.197800000,0.037600000,0.011100000,0.033200000,true,true,0.020000000,0.104200000,0.006600000,0.003400000,0.006000000,103,103,0
1386,0,1,1920,1080,640,360,ultra-performance,0.706700000,0.052900000,0.337400000,0.612700000,0.021600000,0.145500000,0.890500000,0.193500000,3.129100000,2.422400000,2.960800000,0.168300000,0.007900000,0.047500000,0.031100000,0.250100000,0.166200000,0.166400000,0.073300000,0.003500000,0.533500000,84,0,103,3,7,0.002900000,0.003800000,0.001500000,0.004000000,0.004300000,0.000900000,0.558500000,0.026800000,0.149400000,0.012200000,0.006800000,0.105400000,0.000200000,0.000000000,0.004500000,0.881200000,0.009300000,3,1,7,7,3,,0.152100000,0.003800000,0.244500000,0.059300000,0.013400000,0.059800000,true,true,0.024200000,0.102200000,0.008300000,0.005200000,0.008900000,103,103,0
1387,1,1,1920,1080,640,360,ultra-performance,0.001900000,0.030700000,0.265200000,0.705700000,0.021700000,0.153600000,1.035400000,0.169600000,2.662600000,2.660700000,2.383800000,0.278800000,0.003500000,0.024800000,0.014500000,0.222000000,0.277300000,0.277500000,0.072800000,0.003500000,0.626900000,84,0,103,3,7,0.003000000,0.003500000,0.001600000,0.004600000,0.004100000,0.001000000,0.637500000,0.032700000,0.171200000,0.018000000,0.007600000,0.137500000,0.000100000,0.000000000,0.003400000,1.025800000,0.009600000,3,1,7,7,3,,0.203300000,0.004700000,0.285700000,0.064000000,0.016100000,0.052600000,true,true,0.026700000,0.149200000,0.008500000,0.004700000,0.010000000,103,103,0
1388,2,1,1920,1080,640,360,ultra-performance,0.001700000,0.029400000,0.208900000,0.625200000,0.014500000,0.104100000,0.907200000,0.165700000,2.317400000,2.315700000,2.056700000,0.260700000,0.003100000,0.020200000,0.010600000,0.174400000,0.259200000,0.259300000,0.081800000,0.003100000,0.538400000,84,0,103,3,7,0.002400000,0.002600000,0.001100000,0.003600000,0.002500000,0.000600000,0.537400000,0.024700000,0.154000000,0.017800000,0.007800000,0.141500000,0.000000000,0.000000000,0.003200000,0.899200000,0.008000000,3,1,7,7,3,,0.189800000,0.004400000,0.249800000,0.048600000,0.011500000,0.033700000,true,true,0.022900000,0.140700000,0.008700000,0.004500000,0.009000000,103,103,0
1389,0,1,1920,1080,640,360,ultra-performance,0.001900000,0.028200000,0.261700000,0.498500000,0.014100000,0.107200000,0.912400000,0.222800000,2.256900000,2.255000000,2.046800000,0.210100000,0.003300000,0.023100000,0.012200000,0.222500000,0.207600000,0.207700000,0.051700000,0.002200000,0.442900000,84,0,103,3,7,0.002000000,0.002400000,0.001100000,0.003100000,0.002800000,0.000700000,0.586800000,0.018300000,0.061800000,0.017500000,0.007300000,0.191000000,0.000000000,0.000000000,0.007000000,0.901800000,0.010600000,3,1,7,7,3,,0.176500000,0.003200000,0.174200000,0.045000000,0.010700000,0.032800000,true,true,0.018400000,0.136600000,0.008000000,0.004100000,0.006400000,103,103,0
1390,1,1,1920,1080,640,360,ultra-performance,0.002500000,0.029500000,0.222900000,0.821800000,0.021200000,0.160100000,0.868800000,0.218400000,2.630700000,2.628200000,2.345200000,0.285500000,0.004700000,0.032000000,0.020200000,0.165300000,0.283500000,0.283600000,0.100500000,0.003900000,0.714800000,84,0,103,3,7,0.003700000,0.004500000,0.001800000,0.005900000,0.003000000,0.000600000,0.529000000,0.021500000,0.083500000,0.009400000,0.006800000,0.188200000,0.000100000,0.000000000,0.004000000,0.862000000,0.006800000,3,1,7,7,3,,0.229500000,0.005000000,0.331700000,0.070900000,0.017700000,0.059300000,true,true,0.030800000,0.165900000,0.010900000,0.004700000,0.012200000,103,103,0
1391,2,1,1920,1080,640,360,ultra-performance,0.002600000,0.033900000,0.299700000,0.780400000,0.017000000,0.149100000,0.751000000,0.412100000,2.756000000,2.753400000,2.445800000,0.310200000,0.004000000,0.028100000,0.014800000,0.252400000,0.307700000,0.307900000,0.094600000,0.003600000,0.679900000,84,0,103,3,7,0.003000000,0.003400000,0.001500000,0.004400000,0.004900000,0.000900000,0.546400000,0.028000000,0.030000000,0.012500000,0.007700000,0.094000000,0.000000000,0.000000000,0.005200000,0.741900000,0.009100000,3,1,7,7,3,,0.220600000,0.004500000,0.322500000,0.059300000,0.015700000,0.056400000,true,true,0.028000000,0.166700000,0.008800000,0.003700000,0.009300000,103,103,0
1392,0,1,1920,1080,640,360,ultra-performance,0.002100000,0.023600000,0.174600000,0.598400000,0.013200000,0.112400000,0.726700000,0.191100000,2.013300000,2.011200000,1.842100000,0.171200000,0.003400000,0.018000000,0.009700000,0.142900000,0.169400000,0.169500000,0.056400000,0.002200000,0.537800000,84,0,103,3,7,0.002200000,0.003100000,0.001200000,0.003800000,0.002500000,0.000700000,0.534900000,0.025900000,0.020200000,0.010800000,0.006500000,0.106000000,0.000100000,0.000000000,0.003600000,0.721500000,0.005200000,3,1,7,7,3,,0.215000000,0.004900000,0.223400000,0.046100000,0.012200000,0.035400000,true,true,0.017600000,0.162600000,0.011900000,0.004900000,0.012000000,103,103,0
1393,1,1,1920,1080,640,360,ultra-performance,0.002700000,0.030700000,0.255600000,0.492500000,0.012700000,0.100800000,0.826400000,0.170500000,2.157700000,2.155000000,1.891900000,0.265800000,0.003600000,0.022000000,0.015000000,0.214600000,0.263900000,0.264000000,0.054200000,0.002200000,0.434000000,84,0,103,3,7,0.001800000,0.002900000,0.001300000,0.003500000,0.005500000,0.001300000,0.603500000,0.023700000,0.029700000,0.016700000,0.007500000,0.114100000,0.000000000,0.000000000,0.005000000,0.816500000,0.009900000,3,1,7,7,3,,0.139200000,0.003200000,0.195900000,0.046500000,0.013100000,0.035600000,true,true,0.019900000,0.096100000,0.005900000,0.004200000,0.010100000,103,103,0
1394,2,1,1920,1080,640,360,ultra-performance,0.002100000,0.033900000,0.285900000,0.623200000,0.016400000,0.117400000,0.723900000,0.183200000,2.230400000,2.228300000,1.986000000,0.244400000,0.006200000,0.038900000,0.019000000,0.220800000,0.242800000,0.243100000,0.059900000,0.003600000,0.557500000,84,0,103,3,7,0.002100000,0.002900000,0.001200000,0.003600000,0.003200000,0.000700000,0.548700000,0.022300000,0.027500000,0.010600000,0.005300000,0.084500000,0.000000000,0.000000000,0.004900000,0.717500000,0.006400000,3,1,7,7,3,,0.199200000,0.005000000,0.224200000,0.070300000,0.012800000,0.045200000,true,true,0.031100000,0.138300000,0.011000000,0.005000000,0.009700000,103,103,0
1395,0,1,1920,1080,640,360,ultra-performance,1.365700000,0.039100000,0.397300000,0.735800000,0.018000000,0.116100000,0.689000000,0.171900000,3.940700000,2.575000000,3.532900000,0.407800000,0.008500000,0.042500000,0.022300000,0.322900000,0.406200000,0.406500000,0.118500000,0.004800000,0.610000000,84,0,103,3,7,0.002000000,0.002800000,0.001400000,0.003800000,0.002000000,0.000400000,0.541200000,0.012600000,0.024100000,0.005900000,0.003500000,0.081700000,0.000000000,0.000000000,0.003300000,0.684700000,0.004300000,3,1,7,7,3,,0.267400000,0.006200000,0.211000000,0.056500000,0.015000000,0.053100000,true,true,0.033200000,0.198900000,0.010700000,0.004700000,0.014100000,103,103,0
1396,1,1,1920,1080,640,360,ultra-performance,0.001800000,0.019000000,0.177300000,0.469600000,0.011200000,0.099500000,0.724200000,0.173900000,1.864100000,1.862300000,1.676500000,0.187600000,0.002900000,0.017100000,0.009800000,0.147300000,0.185900000,0.186000000,0.055100000,0.002200000,0.410700000,84,0,103,3,7,0.001500000,0.002500000,0.001100000,0.003300000,0.003300000,0.000700000,0.544400000,0.018300000,0.033400000,0.008900000,0.004900000,0.090400000,0.000000000,0.000000000,0.004600000,0.717300000,0.006900000,3,1,7,7,3,,0.137000000,0.003100000,0.185000000,0.040100000,0.011100000,0.033900000,true,true,0.018000000,0.099500000,0.006000000,0.003400000,0.007300000,103,103,0
1397,2,1,1920,1080,640,360,ultra-performance,0.001900000,0.025000000,0.228900000,0.507500000,0.011800000,0.097400000,0.857400000,0.329100000,2.249100000,2.247200000,2.059000000,0.190100000,0.004800000,0.022800000,0.012400000,0.188200000,0.187800000,0.188100000,0.066300000,0.002500000,0.437000000,84,0,103,3,7,0.002200000,0.002400000,0.001500000,0.003400000,0.004900000,0.001100000,0.516900000,0.026200000,0.125800000,0.012600000,0.007000000,0.140400000,0.000100000,0.000000000,0.006100000,0.850600000,0.006800000,3,1,7,7,3,,0.147300000,0.002900000,0.201200000,0.039700000,0.012000000,0.033600000,true,true,0.019700000,0.107800000,0.006900000,0.003700000,0.006000000,103,103,0
1398,0,1,1920,1080,640,360,ultra-performance,0.003400000,0.033400000,0.238100000,0.573400000,0.015800000,0.142500000,0.699600000,0.204400000,2.081600000,2.078200000,1.910600000,0.171000000,0.006300000,0.033700000,0.019900000,0.177600000,0.168900000,0.169000000,0.062200000,0.002200000,0.505700000,84,0,103,3,7,0.002100000,0.004000000,0.001600000,0.004300000,0.015600000,0.001000000,0.467000000,0.026000000,0.046700000,0.010000000,0.006400000,0.099400000,0.000000000,0.000000000,0.006500000,0.690600000,0.009000000,3,1,7,7,3,,0.138000000,0.003200000,0.242800000,0.057300000,0.011300000,0.052400000,true,true,0.016300000,0.101500000,0.006100000,0.003800000,0.007100000,103,103,0
1399,1,1,1920,1080,640,360,ultra-performance,0.401000000,0.032600000,0.266500000,0.673000000,0.015100000,0.137100000,0.717300000,0.212800000,2.726000000,2.325000000,2.455400000,0.270600000,0.004200000,0.026700000,0.018100000,0.216900000,0.268600000,0.269000000,0.085800000,0.002600000,0.582200000,84,0,103,3,7,0.003400000,0.003500000,0.001300000,0.003400000,0.002900000,0.000500000,0.556400000,0.017000000,0.001900000,0.008800000,0.005000000,0.103600000,0.000100000,0.000000000,0.003400000,0.711200000,0.006100000,3,1,7,7,3,,0.185300000,0.003800000,0.275900000,0.053800000,0.014900000,0.047800000,true,true,0.022000000,0.139200000,0.007500000,0.004200000,0.008600000,103,103,0
1400,2,1,1920,1080,640,360,ultra-performance,0.002200000,0.025000000,0.267800000,0.658900000,0.014700000,0.128200000,0.958500000,0.178000000,2.504100000,2.501900000,2.233300000,0.270800000,0.003500000,0.023200000,0.012600000,0.228000000,0.269100000,0.269300000,0.079900000,0.002700000,0.573700000,84,0,103,3,7,0.003200000,0.003000000,0.001400000,0.003700000,0.007700000,0.001500000,0.534400000,0.021100000,0.175800000,0.014500000,0.009200000,0.170900000,0.000000000,0.000000000,0.003500000,0.949900000,0.008600000,3,1,7,7,3,,0.189500000,0.003900000,0.271600000,0.047800000,0.014600000,0.045600000,true,true,0.022600000,0.141200000,0.008200000,0.004000000,0.009000000,103,103,0
1401,0,1,1920,1080,640,360,ultra-performance,0.002000000,0.021500000,0.171700000,0.481800000,0.012700000,0.100800000,0.730800000,0.237100000,1.928400000,1.926400000,1.758400000,0.170000000,0.003200000,0.017600000,0.010500000,0.140000000,0.168400000,0.168500000,0.062100000,0.002500000,0.415300000,84,0,103,3,7,0.002300000,0.002900000,0.001300000,0.003200000,0.003400000,0.000700000,0.482300000,0.022100000,0.044400000,0.009700000,0.005900000,0.143100000,0.000100000,0.000000000,0.004300000,0.725700000,0.005100000,3,1,7,7,3,,0.136100000,0.003300000,0.189100000,0.040700000,0.011500000,0.034200000,true,true,0.017400000,0.098800000,0.006100000,0.003400000,0.007500000,103,103,0
1402,1,1,1920,1080,640,360,ultra-performance,0.002100000,0.029200000,0.181800000,0.460500000,0.011500000,0.100100000,0.859600000,0.185300000,1.997000000,1.994900000,1.830100000,0.166900000,0.004000000,0.030200000,0.009500000,0.137700000,0.165500000,0.165600000,0.054000000,0.002200000,0.402500000,84,0,103,3,7,0.001400000,0.002500000,0.001100000,0.003400000,0.005800000,0.001200000,0.494900000,0.023300000,0.101300000,0.012700000,0.007100000,0.194700000,0.000000000,0.000000000,0.003900000,0.853300000,0.006300000,3,1,7,7,3,,0.129700000,0.003200000,0.183900000,0.040500000,0.011200000,0.033700000,true,true,0.016500000,0.094800000,0.005400000,0.003400000,0.006800000,103,103,0
1403,2,1,1920,1080,640,360,ultra-performance,0.002000000,0.029900000,0.251200000,0.642500000,0.014300000,0.130100000,0.848800000,0.177600000,2.363200000,2.361200000,2.096400000,0.266800000,0.003400000,0.022800000,0.012600000,0.211900000,0.265500000,0.265700000,0.080500000,0.002400000,0.557400000,84,0,103,3,7,0.002300000,0.003100000,0.001600000,0.003900000,0.002900000,0.000400000,0.520300000,0.015300000,0.180900000,0.008300000,0.004900000,0.095800000,0.000100000,0.000000000,0.003400000,0.843200000,0.005600000,3,1,7,7,3,,0.185500000,0.004000000,0.257500000,0.049600000,0.014100000,0.046300000,true,true,0.022000000,0.140200000,0.007600000,0.003400000,0.008500000,103,103,0
1404,0,1,1920,1080,640,360,ultra-performance,0.001900000,0.019400000,0.280900000,0.718500000,0.014900000,0.148200000,0.883900000,0.189400000,2.552500000,2.550600000,2.257100000,0.295400000,0.003000000,0.024500000,0.014600000,0.238400000,0.294100000,0.294200000,0.089400000,0.002500000,0.624100000,84,0,103,3,7,0.003300000,0.003000000,0.001600000,0.004000000,0.003200000,0.000700000,0.638300000,0.014900000,0.102600000,0.009600000,0.005100000,0.087500000,0.000000000,0.000000000,0.004200000,0.878000000,0.005900000,3,1,7,7,3,,0.206100000,0.004200000,0.294600000,0.050400000,0.015100000,0.053200000,true,true,0.024400000,0.157000000,0.007500000,0.003600000,0.009300000,103,103,0
1405,1,1,1920,1080,640,360,ultra-performance,0.002600000,0.024200000,0.288900000,0.750100000,0.014900000,0.139600000,0.654900000,0.179500000,2.355500000,2.352900000,2.054700000,0.300800000,0.003400000,0.025000000,0.016000000,0.243900000,0.299400000,0.299700000,0.090300000,0.002500000,0.654500000,84,0,103,3,7,0.002900000,0.003300000,0.001700000,0.009800000,0.002400000,0.000500000,0.515400000,0.014300000,0.001800000,0.007400000,0.004300000,0.081500000,0.000000000,0.000000000,0.003800000,0.649100000,0.005800000,3,1,7,7,3,,0.218900000,0.004400000,0.310100000,0.051700000,0.015300000,0.053500000,true,true,0.027500000,0.166100000,0.007700000,0.004100000,0.009000000,103,103,0
1406,2,1,1920,1080,640,360,ultra-performance,0.001700000,0.024500000,0.288200000,0.748000000,0.015500000,0.138700000,0.727400000,0.194300000,2.443700000,2.442000000,2.138300000,0.305400000,0.003500000,0.024600000,0.015000000,0.244700000,0.303600000,0.303700000,0.091200000,0.002400000,0.651600000,84,0,103,3,7,0.002900000,0.003100000,0.001500000,0.003900000,0.002700000,0.000500000,0.529300000,0.017600000,0.035200000,0.008300000,0.006100000,0.106700000,0.000000000,0.000000000,0.003600000,0.721400000,0.006000000,3,1,7,7,3,,0.208700000,0.004300000,0.308400000,0.052700000,0.015700000,0.061300000,true,true,0.024800000,0.159400000,0.007600000,0.003500000,0.009200000,103,103,0
1407,0,1,1920,1080,640,360,ultra-performance,0.001900000,0.024900000,0.225700000,0.615900000,0.014100000,0.131600000,0.835400000,0.187500000,2.213100000,2.211200000,2.037000000,0.176100000,0.003400000,0.022700000,0.014100000,0.185000000,0.174600000,0.174700000,0.055700000,0.002200000,0.555700000,84,0,103,3,7,0.002500000,0.003100000,0.001500000,0.004800000,0.002800000,0.000500000,0.555000000,0.014800000,0.124700000,0.008000000,0.004700000,0.104500000,0.000000000,0.000000000,0.003900000,0.830800000,0.004600000,3,1,7,7,3,,0.167700000,0.003900000,0.270100000,0.051200000,0.014100000,0.048000000,true,true,0.017100000,0.127300000,0.007100000,0.004500000,0.008300000,103,103,0
1408,1,1,1920,1080,640,360,ultra-performance,0.001800000,0.022800000,0.252900000,0.646200000,0.013700000,0.123700000,0.651800000,0.173200000,2.177700000,2.175900000,1.886100000,0.291600000,0.003200000,0.020900000,0.013500000,0.214700000,0.290200000,0.290400000,0.081800000,0.008200000,0.553800000,84,0,103,3,7,0.002000000,0.003100000,0.001400000,0.003800000,0.002500000,0.000400000,0.478300000,0.013900000,0.041100000,0.007400000,0.004900000,0.084000000,0.000000000,0.000000000,0.003700000,0.646500000,0.005300000,3,1,7,7,3,,0.185600000,0.004000000,0.256000000,0.048200000,0.013800000,0.045700000,true,true,0.021000000,0.140900000,0.007300000,0.004000000,0.008600000,103,103,0
1409,2,1,1920,1080,640,360,ultra-performance,0.001800000,0.021900000,0.255800000,0.648900000,0.013300000,0.127600000,0.661300000,0.270400000,2.275000000,2.273200000,2.001000000,0.274000000,0.003300000,0.021200000,0.013200000,0.217700000,0.272500000,0.272700000,0.082700000,0.002800000,0.560900000,84,0,103,3,7,0.003400000,0.002900000,0.001500000,0.003700000,0.002700000,0.000400000,0.464900000,0.014000000,0.063000000,0.008100000,0.004700000,0.083200000,0.000100000,0.000000000,0.003600000,0.656200000,0.005100000,3,1,7,7,3,,0.186600000,0.004100000,0.260500000,0.048000000,0.013900000,0.047300000,true,true,0.023700000,0.140200000,0.006700000,0.003600000,0.008600000,103,103,0
1410,0,1,1920,1080,640,360,ultra-performance,0.002300000,0.021000000,0.257900000,0.642900000,0.013300000,0.126100000,0.649300000,0.171600000,2.164100000,2.161800000,1.884400000,0.279700000,0.003400000,0.023500000,0.012600000,0.218100000,0.278200000,0.278300000,0.081000000,0.002500000,0.557200000,84,0,103,3,7,0.002200000,0.003500000,0.001300000,0.003700000,0.002800000,0.000500000,0.484700000,0.014300000,0.037000000,0.008100000,0.005400000,0.076800000,0.000100000,0.000000000,0.003600000,0.644000000,0.005300000,3,1,7,7,3,,0.184900000,0.004100000,0.259500000,0.047000000,0.013400000,0.047500000,true,true,0.020700000,0.141800000,0.007200000,0.003300000,0.008500000,103,103,0
1411,1,1,1920,1080,640,360,ultra-performance,0.001900000,0.021700000,0.253500000,0.638700000,0.013500000,0.125400000,1.124100000,0.206200000,2.656800000,2.654900000,2.385000000,0.271800000,0.003200000,0.021400000,0.012700000,0.215700000,0.270300000,0.270400000,0.081200000,0.002200000,0.553100000,84,0,103,3,7,0.002600000,0.003200000,0.001500000,0.003900000,0.003600000,0.000800000,0.595100000,0.032100000,0.321300000,0.017100000,0.008100000,0.122500000,0.000000000,0.000000000,0.003900000,1.115700000,0.008400000,3,1,7,7,3,,0.183900000,0.003700000,0.257700000,0.047300000,0.013300000,0.046500000,true,true,0.022000000,0.140100000,0.006600000,0.003500000,0.008100000,103,103,0
1412,2,1,1920,1080,640,360,ultra-performance,0.002100000,0.024700000,0.288500000,0.673800000,0.015200000,0.137000000,0.656000000,0.199900000,2.268500000,2.266400000,1.997200000,0.271300000,0.003800000,0.023200000,0.013200000,0.247900000,0.269700000,0.269900000,0.082600000,0.003300000,0.585300000,84,0,103,3,7,0.002800000,0.003300000,0.001900000,0.004200000,0.003600000,0.000700000,0.460700000,0.020600000,0.034500000,0.010200000,0.006400000,0.097000000,0.000100000,0.000000000,0.004300000,0.650300000,0.005700000,3,1,7,7,3,,0.184900000,0.003300000,0.276900000,0.053500000,0.015100000,0.050900000,true,true,0.025100000,0.139500000,0.006200000,0.003500000,0.007100000,103,103,0
1413,0,1,1920,1080,640,360,ultra-performance,0.002000000,0.023000000,0.289800000,0.737000000,0.015800000,0.154300000,0.638300000,0.178000000,2.339100000,2.337100000,2.038200000,0.300900000,0.003700000,0.025200000,0.014900000,0.245600000,0.299600000,0.299800000,0.091700000,0.002700000,0.639800000,84,0,103,3,7,0.002200000,0.003300000,0.001800000,0.004100000,0.002700000,0.000500000,0.480500000,0.013700000,0.001700000,0.007900000,0.004500000,0.105500000,0.000100000,0.000000000,0.004200000,0.632700000,0.005600000,3,1,7,7,3,,0.207900000,0.004400000,0.302200000,0.054100000,0.016000000,0.054500000,true,true,0.024400000,0.158800000,0.007200000,0.003800000,0.009200000,103,103,0
1414,1,1,1920,1080,640,360,ultra-performance,0.002000000,0.022500000,0.287500000,0.737300000,0.014700000,0.172500000,0.654900000,0.171900000,2.364300000,2.362300000,2.063300000,0.301000000,0.003400000,0.024800000,0.015500000,0.243400000,0.299700000,0.299800000,0.091000000,0.002600000,0.640800000,84,0,103,3,7,0.003200000,0.004300000,0.001500000,0.004800000,0.002700000,0.000400000,0.464600000,0.018700000,0.042400000,0.008300000,0.004700000,0.090200000,0.000100000,0.000000000,0.003800000,0.649700000,0.005200000,3,1,7,7,3,,0.209400000,0.004200000,0.306400000,0.050700000,0.015600000,0.054000000,true,true,0.023300000,0.161500000,0.007000000,0.003900000,0.009400000,103,103,0
1415,2,1,1920,1080,640,360,ultra-performance,0.001900000,0.021500000,0.299100000,0.739200000,0.014800000,0.139400000,0.967000000,0.184000000,2.665400000,2.663500000,2.366900000,0.298500000,0.003400000,0.025600000,0.014700000,0.254900000,0.296700000,0.297000000,0.096500000,0.002700000,0.637400000,84,0,103,3,7,0.002800000,0.003300000,0.001600000,0.004400000,0.002800000,0.000600000,0.533800000,0.021300000,0.198500000,0.022700000,0.007400000,0.155700000,0.000100000,0.000000000,0.003500000,0.958500000,0.008500000,3,1,7,7,3,,0.206500000,0.004200000,0.305600000,0.051500000,0.015300000,0.053800000,true,true,0.024400000,0.158200000,0.006900000,0.004100000,0.008700000,103,103,0
1416,0,1,1920,1080,640,360,ultra-performance,0.001800000,0.018800000,0.175500000,0.472100000,0.011100000,0.101700000,0.665800000,0.255300000,1.882500000,1.880700000,1.702100000,0.180400000,0.002900000,0.017400000,0.009500000,0.145200000,0.178800000,0.178900000,0.056200000,0.002600000,0.411600000,84,0,103,3,7,0.001700000,0.002800000,0.001200000,0.003500000,0.002300000,0.000600000,0.474700000,0.014500000,0.050800000,0.007900000,0.003900000,0.093400000,0.000000000,0.000000000,0.003500000,0.660800000,0.005000000,3,1,7,7,3,,0.134500000,0.003200000,0.187000000,0.040700000,0.011600000,0.034000000,true,true,0.017100000,0.098100000,0.006300000,0.003200000,0.006800000,103,103,0
1417,1,1,1920,1080,640,360,ultra-performance,0.001900000,0.019700000,0.252400000,0.734900000,0.014500000,0.138300000,0.754200000,0.290100000,2.508900000,2.507000000,2.206000000,0.302900000,0.003300000,0.016900000,0.009900000,0.222000000,0.300400000,0.300700000,0.092900000,0.002800000,0.636500000,84,0,103,3,7,0.002400000,0.003100000,0.001700000,0.004400000,0.005400000,0.001200000,0.414400000,0.025000000,0.124600000,0.013700000,0.009800000,0.132900000,0.000100000,0.000000000,0.007800000,0.746500000,0.007700000,3,1,7,7,3,,0.204000000,0.004100000,0.308400000,0.051000000,0.015100000,0.053200000,true,true,0.024000000,0.156200000,0.007200000,0.003400000,0.008600000,103,103,0
1418,2,1,1920,1080,640,360,ultra-performance,0.002000000,0.026000000,0.266200000,0.578400000,0.011300000,0.098700000,0.824600000,0.202400000,2.301100000,2.299100000,2.009600000,0.291500000,0.004200000,0.033300000,0.014000000,0.214200000,0.289800000,0.289900000,0.088000000,0.003100000,0.485300000,84,0,103,3,7,0.001500000,0.002500000,0.001100000,0.003600000,0.003200000,0.000600000,0.520200000,0.021000000,0.128900000,0.010500000,0.005500000,0.115700000,0.000100000,0.000000000,0.004300000,0.818700000,0.005900000,3,1,7,7,3,,0.203300000,0.004500000,0.188300000,0.043300000,0.011400000,0.033900000,true,true,0.024600000,0.151700000,0.008400000,0.004400000,0.010100000,103,103,0
1419,0,1,1920,1080,640,360,ultra-performance,0.002300000,0.021800000,0.300400000,0.769700000,0.016900000,0.148100000,0.784300000,0.172700000,2.528200000,2.525900000,2.216200000,0.312000000,0.003900000,0.026300000,0.014800000,0.255000000,0.310300000,0.310500000,0.093100000,0.003200000,0.670200000,84,0,103,3,7,0.002400000,0.003200000,0.001500000,0.004500000,0.002800000,0.000600000,0.553500000,0.033000000,0.044600000,0.013000000,0.006300000,0.107100000,0.000100000,0.000000000,0.003900000,0.776500000,0.007800000,3,1,7,7,3,,0.214000000,0.004700000,0.306400000,0.058400000,0.016300000,0.069600000,true,true,0.024200000,0.164500000,0.007400000,0.004300000,0.009300000,103,103,0
1420,1,1,1920,1080,640,360,ultra-performance,0.001900000,0.020300000,0.278100000,0.647500000,0.062100000,0.122500000,0.631400000,0.189500000,2.245600000,2.243700000,1.953300000,0.292300000,0.003400000,0.023900000,0.013600000,0.236500000,0.290800000,0.291000000,0.054600000,0.003300000,0.587200000,84,0,103,3,7,0.002100000,0.003900000,0.001700000,0.003600000,0.002400000,0.000600000,0.447600000,0.013100000,0.050000000,0.009800000,0.004300000,0.084300000,0.000100000,0.000000000,0.003200000,0.626700000,0.004700000,3,1,7,7,3,,0.197400000,0.004500000,0.257300000,0.059900000,0.014700000,0.052800000,true,true,0.020900000,0.150300000,0.008000000,0.004000000,0.009400000,103,103,0
1421,2,1,1920,1080,640,360,ultra-performance,0.002000000,0.020200000,0.171300000,0.472800000,0.011400000,0.126300000,0.734600000,0.188800000,1.897200000,1.895200000,1.727400000,0.169800000,0.003200000,0.017300000,0.010200000,0.140100000,0.168300000,0.168500000,0.053700000,0.002200000,0.415100000,84,0,103,3,7,0.002100000,0.002600000,0.001200000,0.003200000,0.003200000,0.000700000,0.434100000,0.014800000,0.152700000,0.007500000,0.003900000,0.099600000,0.000000000,0.000000000,0.004200000,0.729800000,0.004800000,3,1,7,7,3,,0.143300000,0.003100000,0.183300000,0.040400000,0.011100000,0.033400000,true,true,0.017000000,0.107800000,0.005500000,0.003600000,0.006400000,103,103,0
1422,0,1,1920,1080,640,360,ultra-performance,0.002000000,0.021200000,0.289800000,0.744500000,0.015000000,0.142900000,0.629500000,0.165800000,2.313600000,2.311600000,2.010700000,0.302900000,0.003600000,0.025700000,0.015200000,0.244800000,0.301800000,0.301900000,0.092800000,0.002600000,0.646200000,84,0,103,3,7,0.002100000,0.003300000,0.001600000,0.004000000,0.002200000,0.000700000,0.470900000,0.013600000,0.022000000,0.009100000,0.004800000,0.086800000,0.000000000,0.000000000,0.003200000,0.624300000,0.005200000,3,1,7,7,3,,0.215900000,0.004400000,0.301600000,0.053100000,0.016000000,0.054300000,true,true,0.024200000,0.166900000,0.006900000,0.003800000,0.009600000,103,103,0
1423,1,1,1920,1080,640,360,ultra-performance,0.001700000,0.017900000,0.176100000,0.555400000,0.014200000,0.107600000,0.749000000,0.222500000,2.013500000,2.011800000,1.844400000,0.169100000,0.002900000,0.017100000,0.009700000,0.145900000,0.166900000,0.167000000,0.053700000,0.002200000,0.497100000,84,0,103,3,7,0.001900000,0.002600000,0.001100000,0.003200000,0.004300000,0.001000000,0.530400000,0.018900000,0.035000000,0.014400000,0.005600000,0.116700000,0.000000000,0.000000000,0.004900000,0.740000000,0.009000000,3,1,7,7,3,,0.170500000,0.003200000,0.232500000,0.041700000,0.011200000,0.037600000,true,true,0.017300000,0.134200000,0.005700000,0.003600000,0.006700000,103,103,0
1424,2,1,1920,1080,640,360,ultra-performance,0.003300000,0.049700000,0.310800000,0.823900000,0.016000000,0.146500000,1.054200000,0.203600000,2.815300000,2.812000000,2.608000000,0.207300000,0.010000000,0.062700000,0.019400000,0.217500000,0.204800000,0.205400000,0.121200000,0.003100000,0.696600000,84,0,103,3,7,0.003100000,0.003900000,0.001500000,0.004800000,0.004900000,0.001200000,0.676400000,0.045100000,0.070600000,0.030600000,0.014900000,0.180200000,0.000100000,0.000000000,0.004800000,1.042100000,0.012100000,3,1,7,7,3,,0.226200000,0.005200000,0.331400000,0.058500000,0.017300000,0.057100000,true,true,0.028300000,0.166600000,0.009500000,0.004600000,0.012100000,103,103,0
1425,0,1,1920,1080,640,360,ultra-performance,0.002100000,0.021200000,0.295100000,0.735500000,0.016000000,0.139800000,0.709800000,0.190600000,2.421300000,2.419200000,2.110100000,0.311200000,0.003700000,0.028300000,0.016000000,0.246300000,0.308800000,0.309000000,0.092200000,0.002600000,0.637900000,84,0,103,3,7,0.003200000,0.003200000,0.001700000,0.004100000,0.004500000,0.001000000,0.505000000,0.017300000,0.051300000,0.010500000,0.006700000,0.082900000,0.000100000,0.000000000,0.005100000,0.696600000,0.013200000,3,1,7,7,3,,0.212900000,0.004300000,0.299700000,0.051300000,0.015500000,0.053500000,true,true,0.024800000,0.163100000,0.007000000,0.004000000,0.009700000,103,103,0
1426,1,1,1920,1080,640,360,ultra-performance,0.002200000,0.032100000,0.196600000,0.774000000,0.018900000,0.153100000,0.693000000,0.210300000,2.291000000,2.288800000,2.080200000,0.210800000,0.006200000,0.025800000,0.013300000,0.150300000,0.208700000,0.209300000,0.079500000,0.005600000,0.687100000,84,0,103,3,7,0.003600000,0.004500000,0.001500000,0.005100000,0.003000000,0.000700000,0.502600000,0.022100000,0.037600000,0.009200000,0.004400000,0.087800000,0.000100000,0.000000000,0.004400000,0.686600000,0.006400000,3,1,7,7,3,,0.277900000,0.005300000,0.276000000,0.074000000,0.014200000,0.038900000,true,true,0.050500000,0.183800000,0.019600000,0.006400000,0.012500000,103,103,0
1427,2,1,1920,1080,640,360,ultra-performance,0.002400000,0.031900000,0.260300000,0.513900000,0.013400000,0.133300000,0.713000000,0.237500000,2.097000000,2.094600000,1.905700000,0.191300000,0.004600000,0.027300000,0.018900000,0.208700000,0.190000000,0.190100000,0.063300000,0.003000000,0.445800000,84,0,103,3,7,0.002300000,0.002700000,0.001500000,0.003600000,0.003500000,0.001100000,0.494500000,0.029600000,0.045400000,0.010400000,0.007300000,0.101300000,0.000100000,0.000000000,0.003800000,0.707100000,0.005900000,3,1,7,7,3,,0.143800000,0.003300000,0.200700000,0.049300000,0.011900000,0.036400000,true,true,0.020000000,0.102500000,0.006700000,0.003700000,0.007600000,103,103,0
1428,0,1,1920,1080,640,360,ultra-performance,0.784100000,0.026700000,0.300700000,0.792300000,0.015600000,0.150600000,1.171200000,0.178100000,3.736400000,2.952300000,3.419300000,0.317100000,0.004200000,0.023400000,0.017000000,0.255700000,0.315000000,0.315300000,0.097300000,0.003000000,0.689100000,84,0,103,3,7,0.003500000,0.003800000,0.001900000,0.004700000,0.005000000,0.001100000,0.691400000,0.027200000,0.208000000,0.016000000,0.008100000,0.185500000,0.000100000,0.000000000,0.006600000,1.162900000,0.008300000,3,1,7,7,3,,0.229600000,0.004700000,0.318500000,0.061200000,0.016900000,0.057800000,true,true,0.026300000,0.174800000,0.009100000,0.004500000,0.010400000,103,103,0
1429,1,1,1920,1080,640,360,ultra-performance,0.001700000,0.023200000,0.172000000,0.681400000,0.015700000,0.144800000,0.835400000,0.167900000,2.222800000,2.221100000,2.042100000,0.180700000,0.003000000,0.017200000,0.009600000,0.141700000,0.179300000,0.179400000,0.086800000,0.003200000,0.588600000,84,0,103,3,7,0.002800000,0.003200000,0.002000000,0.003700000,0.003900000,0.000700000,0.467400000,0.026300000,0.184900000,0.012600000,0.007400000,0.109700000,0.000000000,0.000000000,0.004200000,0.828800000,0.006600000,3,1,7,7,3,,0.182100000,0.004300000,0.283800000,0.051400000,0.015200000,0.051100000,true,true,0.018200000,0.137800000,0.008800000,0.004000000,0.009100000,103,103,0
1430,2,1,1920,1080,640,360,ultra-performance,0.001900000,0.020400000,0.179900000,0.568700000,0.011600000,0.118800000,0.726800000,0.191300000,2.021000000,2.019100000,1.819400000,0.201600000,0.003000000,0.017100000,0.018700000,0.140800000,0.199000000,0.199200000,0.095000000,0.002800000,0.468800000,84,0,103,3,7,0.003400000,0.005100000,0.001600000,0.004800000,0.005400000,0.000800000,0.424200000,0.024200000,0.124200000,0.012100000,0.006900000,0.099900000,0.000100000,0.000000000,0.005300000,0.718000000,0.008800000,3,1,7,7,3,,0.144200000,0.003200000,0.211300000,0.056800000,0.015600000,0.037000000,true,true,0.023600000,0.099000000,0.007400000,0.003700000,0.007200000,103,103,0
1431,0,1,1920,1080,640,360,ultra-performance,0.002200000,0.030300000,0.190800000,0.570700000,0.017600000,0.129000000,0.768200000,0.219100000,2.086900000,2.084700000,1.927900000,0.159000000,0.006100000,0.028500000,0.014100000,0.141300000,0.156600000,0.157100000,0.072600000,0.004700000,0.491600000,84,0,103,3,7,0.002700000,0.003600000,0.001100000,0.003300000,0.004200000,0.000900000,0.568300000,0.018600000,0.032300000,0.008600000,0.004800000,0.104500000,0.000100000,0.000000000,0.006500000,0.759500000,0.008700000,3,1,7,7,3,,0.171000000,0.004300000,0.201800000,0.063600000,0.013100000,0.037400000,true,true,0.034100000,0.110400000,0.008800000,0.005000000,0.009600000,103,103,0
1432,1,1,1920,1080,640,360,ultra-performance,0.002100000,0.032700000,0.307400000,0.790100000,0.017400000,0.150600000,0.849800000,0.182400000,2.631800000,2.629700000,2.332500000,0.299300000,0.004500000,0.029100000,0.020200000,0.253200000,0.297900000,0.298100000,0.098400000,0.003500000,0.685200000,84,0,103,3,7,0.003700000,0.003900000,0.001700000,0.004800000,0.003100000,0.000800000,0.599900000,0.014300000,0.080600000,0.009800000,0.005800000,0.110600000,0.000100000,0.000000000,0.004500000,0.843600000,0.006200000,3,1,7,7,3,,0.224100000,0.004500000,0.321800000,0.061200000,0.016700000,0.056300000,true,true,0.028400000,0.167500000,0.009500000,0.003900000,0.010100000,103,103,0
1433,2,1,1920,1080,640,360,ultra-performance,0.001900000,0.021900000,0.340100000,0.760700000,0.015400000,0.143300000,1.039600000,0.204400000,2.838200000,2.836300000,2.527300000,0.310900000,0.003700000,0.025700000,0.015400000,0.294800000,0.308600000,0.308800000,0.092800000,0.002800000,0.662300000,84,0,103,3,7,0.003300000,0.003200000,0.001900000,0.004100000,0.004600000,0.001200000,0.705300000,0.023200000,0.071900000,0.015300000,0.007200000,0.182200000,0.000000000,0.000000000,0.006500000,1.029900000,0.009700000,3,1,7,7,3,,0.216300000,0.004400000,0.308900000,0.052100000,0.015400000,0.064700000,true,true,0.027300000,0.163000000,0.008700000,0.004100000,0.008800000,103,103,0
1434,0,1,1920,1080,640,360,ultra-performance,0.001600000,0.025100000,0.196500000,0.806300000,0.016700000,0.149000000,0.940300000,0.355000000,2.814100000,2.812500000,2.490500000,0.323600000,0.005300000,0.023900000,0.013600000,0.153000000,0.321000000,0.321300000,0.105500000,0.003000000,0.694900000,84,0,103,3,7,0.003400000,0.003600000,0.001800000,0.004800000,0.004200000,0.001100000,0.510400000,0.024400000,0.177300000,0.012200000,0.007100000,0.175400000,0.000000000,0.000000000,0.006500000,0.932200000,0.008100000,3,1,7,7,3,,0.234000000,0.004700000,0.323200000,0.058400000,0.018200000,0.056000000,true,true,0.026700000,0.177400000,0.009900000,0.004500000,0.010300000,103,103,0
1435,1,1,1920,1080,640,360,ultra-performance,0.013500000,0.028700000,0.292900000,0.749400000,0.016200000,0.157600000,0.707500000,0.170200000,2.443700000,2.430200000,2.136000000,0.307700000,0.004200000,0.026600000,0.016100000,0.245300000,0.306200000,0.306300000,0.092000000,0.003000000,0.651600000,84,0,103,3,7,0.003100000,0.003800000,0.001700000,0.004300000,0.002900000,0.000700000,0.490700000,0.020200000,0.049900000,0.015800000,0.005800000,0.096100000,0.000100000,0.000000000,0.005200000,0.700300000,0.007200000,3,1,7,7,3,,0.208900000,0.004400000,0.312400000,0.054300000,0.016200000,0.054600000,true,true,0.023500000,0.159100000,0.008200000,0.004400000,0.009200000,103,103,0
1436,2,1,1920,1080,640,360,ultra-performance,0.001900000,0.033800000,0.299600000,0.803700000,0.022800000,0.166000000,1.028300000,0.193500000,2.826800000,2.824900000,2.549600000,0.277200000,0.005600000,0.032000000,0.017900000,0.243300000,0.275900000,0.276100000,0.094600000,0.004600000,0.701800000,84,0,103,3,7,0.003700000,0.004100000,0.001600000,0.003900000,0.007100000,0.001500000,0.652600000,0.020800000,0.112600000,0.014800000,0.009800000,0.182800000,0.000100000,0.000000000,0.004600000,1.020000000,0.008300000,3,1,7,7,3,,0.235300000,0.006000000,0.305400000,0.080000000,0.017300000,0.056900000,true,true,0.036900000,0.166400000,0.011500000,0.005200000,0.010800000,103,103,0
1437,0,1,1920,1080,640,360,ultra-performance,0.001800000,0.028400000,0.226300000,0.710600000,0.016500000,0.163900000,1.023300000,0.204700000,2.653200000,2.651400000,2.375500000,0.277700000,0.004400000,0.024100000,0.014200000,0.183000000,0.275600000,0.275800000,0.080400000,0.004100000,0.624100000,84,0,103,3,7,0.003900000,0.003800000,0.002900000,0.006000000,0.003200000,0.000700000,0.438600000,0.019400000,0.317800000,0.009000000,0.005300000,0.200600000,0.000000000,0.000000000,0.005600000,1.016800000,0.006500000,3,1,7,7,3,,0.200900000,0.004600000,0.295500000,0.069100000,0.016700000,0.036600000,true,true,0.026400000,0.142500000,0.011000000,0.005300000,0.010500000,103,103,0
1438,1,1,1920,1080,640,360,ultra-performance,0.002100000,0.026500000,0.282400000,0.775200000,0.017100000,0.130400000,0.999800000,0.356500000,2.871400000,2.869300000,2.590000000,0.281400000,0.004000000,0.027600000,0.017800000,0.232400000,0.278100000,0.278400000,0.092500000,0.003500000,0.676800000,84,0,103,3,7,0.002500000,0.003500000,0.002200000,0.004000000,0.007800000,0.001300000,0.629900000,0.036300000,0.066200000,0.017900000,0.009900000,0.195700000,0.000000000,0.000000000,0.010300000,0.987500000,0.012300000,3,1,7,7,3,,0.208700000,0.004400000,0.337900000,0.057200000,0.015500000,0.052600000,true,true,0.027300000,0.153000000,0.009400000,0.004000000,0.010700000,103,103,0
1439,2,1,1920,1080,640,360,ultra-performance,0.001800000,0.025100000,0.329600000,0.636300000,0.018800000,0.145100000,0.653000000,0.194000000,2.289600000,2.287800000,2.003700000,0.285900000,0.004200000,0.055700000,0.023100000,0.245300000,0.284200000,0.284500000,0.093500000,0.003000000,0.536900000,84,0,103,3,7,0.003700000,0.003900000,0.001500000,0.004400000,0.001900000,0.000400000,0.502200000,0.019400000,0.006000000,0.007100000,0.004500000,0.089100000,0.000000000,0.000000000,0.003300000,0.647400000,0.005600000,3,1,7,7,3,,0.144800000,0.003200000,0.257200000,0.060800000,0.017000000,0.053200000,true,true,0.021300000,0.101600000,0.008000000,0.004100000,0.006800000,103,103,0
1440,0,1,1920,1080,640,360,ultra-performance,0.002000000,0.020800000,0.198800000,0.471600000,0.011200000,0.100100000,0.721800000,0.190600000,1.885300000,1.883300000,1.716900000,0.168400000,0.003100000,0.016900000,0.009900000,0.168500000,0.166900000,0.167000000,0.055400000,0.002300000,0.411900000,84,0,103,3,7,0.002000000,0.002800000,0.001100000,0.003700000,0.002900000,0.000800000,0.572000000,0.019800000,0.002100000,0.008500000,0.005400000,0.090500000,0.000000000,0.000000000,0.003800000,0.715400000,0.006400000,3,1,7,7,3,,0.134200000,0.003100000,0.186200000,0.042300000,0.011300000,0.034100000,true,true,0.016900000,0.097100000,0.006800000,0.003300000,0.006800000,103,103,0
1441,1,1,1920,1080,640,360,ultra-performance,0.002200000,0.025900000,0.267200000,0.685800000,0.016800000,0.132400000,0.765100000,0.282200000,2.453200000,2.451000000,2.177600000,0.275600000,0.003600000,0.021700000,0.012600000,0.228800000,0.273700000,0.274000000,0.083800000,0.002800000,0.596200000,84,0,103,3,7,0.002300000,0.002900000,0.001300000,0.003700000,0.002400000,0.000600000,0.573200000,0.022900000,0.002100000,0.009000000,0.006100000,0.127900000,0.000100000,0.000000000,0.004100000,0.758600000,0.006500000,3,1,7,7,3,,0.196700000,0.003100000,0.271600000,0.054800000,0.014900000,0.054600000,true,true,0.024800000,0.151100000,0.007100000,0.003700000,0.006700000,103,103,0
1442,2,1,1920,1080,640,360,ultra-performance,0.002600000,0.033900000,0.201400000,0.465200000,0.011700000,0.100100000,0.645600000,0.165800000,1.794600000,1.792000000,1.626300000,0.168300000,0.004200000,0.024200000,0.014100000,0.158200000,0.167200000,0.167300000,0.054700000,0.002200000,0.406400000,84,0,103,3,7,0.002300000,0.002400000,0.001000000,0.003500000,0.001900000,0.000300000,0.508300000,0.016400000,0.002300000,0.007500000,0.004100000,0.087300000,0.000100000,0.000000000,0.003500000,0.640900000,0.004700000,3,1,7,7,3,,0.132900000,0.003200000,0.184400000,0.039900000,0.011200000,0.034300000,true,true,0.017900000,0.095200000,0.007100000,0.003500000,0.006500000,103,103,0
1443,0,1,1920,1080,640,360,ultra-performance,0.001600000,0.020200000,0.173500000,0.645100000,0.015100000,0.130800000,0.833200000,0.210200000,2.231000000,2.229400000,2.029700000,0.201300000,0.002900000,0.016800000,0.009400000,0.144100000,0.200300000,0.200400000,0.055100000,0.002200000,0.585400000,84,0,103,3,7,0.002800000,0.003200000,0.001400000,0.004300000,0.003800000,0.000700000,0.575600000,0.017800000,0.077500000,0.010800000,0.006500000,0.118600000,0.000000000,0.000000000,0.003300000,0.826300000,0.006900000,3,1,7,7,3,,0.178600000,0.003400000,0.288700000,0.051900000,0.015700000,0.046300000,true,true,0.020800000,0.131200000,0.008700000,0.004100000,0.009400000,103,103,0
1444,1,1,1920,1080,640,360,ultra-performance,0.002500000,0.029300000,0.185100000,0.617000000,0.014200000,0.144400000,0.884500000,0.217400000,2.298800000,2.296300000,2.094400000,0.204400000,0.003700000,0.021800000,0.011300000,0.147900000,0.202300000,0.202600000,0.057600000,0.002200000,0.554700000,84,0,103,3,7,0.003300000,0.003300000,0.001500000,0.004000000,0.004500000,0.000900000,0.555800000,0.021300000,0.026900000,0.009200000,0.004800000,0.232600000,0.000100000,0.000000000,0.006000000,0.874200000,0.010300000,3,1,7,7,3,,0.143300000,0.003200000,0.291500000,0.051000000,0.014700000,0.050300000,true,true,0.016900000,0.106800000,0.006500000,0.003400000,0.006900000,103,103,0
1445,2,1,1920,1080,640,360,ultra-performance,0.002300000,0.043300000,0.248000000,0.643100000,0.017700000,0.125500000,0.871300000,0.206700000,2.349400000,2.347100000,2.157900000,0.191500000,0.005500000,0.030700000,0.020300000,0.190300000,0.189200000,0.189600000,0.091900000,0.005200000,0.544100000,84,0,103,3,7,0.002300000,0.003700000,0.001400000,0.003800000,0.005300000,0.001200000,0.525200000,0.022200000,0.032500000,0.010000000,0.006000000,0.241100000,0.000100000,0.000000000,0.007300000,0.862100000,0.009200000,3,1,7,7,3,,0.170800000,0.005400000,0.252600000,0.063200000,0.013800000,0.037300000,true,true,0.033200000,0.110900000,0.009700000,0.004600000,0.008500000,103,103,0
1446,0,1,1920,1080,640,360,ultra-performance,0.002200000,0.027500000,0.319100000,0.803100000,0.026600000,0.152100000,0.660400000,0.178900000,2.494100000,2.491900000,2.169900000,0.324200000,0.004400000,0.030200000,0.019400000,0.264400000,0.322900000,0.323000000,0.102400000,0.003900000,0.694100000,84,0,103,3,7,0.003000000,0.003300000,0.001800000,0.004000000,0.002400000,0.000700000,0.484200000,0.015500000,0.015500000,0.008700000,0.004700000,0.108300000,0.000000000,0.000000000,0.003400000,0.655500000,0.004900000,3,1,7,7,3,,0.234200000,0.004500000,0.322400000,0.060100000,0.016600000,0.055400000,true,true,0.027600000,0.169000000,0.016700000,0.004600000,0.011300000,103,103,0
1447,1,1,1920,1080,640,360,ultra-performance,0.002000000,0.019400000,0.168600000,0.485000000,0.011600000,0.128200000,0.806200000,0.333400000,2.123800000,2.121800000,1.954400000,0.169400000,0.003200000,0.016700000,0.009900000,0.138400000,0.166900000,0.167000000,0.061600000,0.002200000,0.419400000,84,0,103,3,7,0.001900000,0.003800000,0.001200000,0.003800000,0.004800000,0.001300000,0.557900000,0.020800000,0.080900000,0.013300000,0.006100000,0.093300000,0.000000000,0.000000000,0.006400000,0.795500000,0.010700000,3,1,7,7,3,,0.143200000,0.003200000,0.185800000,0.040900000,0.011200000,0.034500000,true,true,0.021400000,0.100300000,0.007500000,0.003300000,0.007900000,103,103,0
1448,2,1,1920,1080,640,360,ultra-performance,0.002500000,0.042000000,0.218300000,1.340200000,0.016100000,0.156800000,0.633700000,0.266400000,3.003600000,3.001100000,2.676000000,0.327600000,0.009000000,0.033400000,0.014000000,0.160600000,0.325400000,0.326000000,0.220700000,0.005200000,1.111400000,84,0,103,3,7,0.003600000,0.003900000,0.001700000,0.004800000,0.002400000,0.000500000,0.455100000,0.019400000,0.023600000,0.009200000,0.005600000,0.095400000,0.000100000,0.000000000,0.003500000,0.628800000,0.004900000,3,1,7,7,3,,0.411500000,0.008500000,0.560300000,0.057900000,0.017000000,0.055400000,true,true,0.049700000,0.309600000,0.014800000,0.008600000,0.019200000,103,103,0
1449,0,1,1920,1080,640,360,ultra-performance,0.002600000,0.023200000,0.170600000,0.493500000,0.011700000,0.100100000,0.999700000,0.214800000,2.182400000,2.179800000,2.016200000,0.166200000,0.003300000,0.018700000,0.010200000,0.138100000,0.164300000,0.164400000,0.054700000,0.002100000,0.434800000,84,0,103,3,7,0.001600000,0.002600000,0.001300000,0.003500000,0.005500000,0.000800000,0.797300000,0.030500000,0.006600000,0.008600000,0.005800000,0.121100000,0.000100000,0.000000000,0.004900000,0.990200000,0.009500000,3,1,7,7,3,,0.155100000,0.003200000,0.187200000,0.043700000,0.011100000,0.033900000,true,true,0.016600000,0.117000000,0.007600000,0.003600000,0.007200000,103,103,0
1450,1,1,1920,1080,640,360,ultra-performance,0.002000000,0.039100000,0.289100000,0.840500000,0.022600000,0.177100000,0.965200000,0.198100000,2.799800000,2.797800000,2.533700000,0.266100000,0.005300000,0.032300000,0.023600000,0.227000000,0.264300000,0.264700000,0.100000000,0.005100000,0.732800000,84,0,103,3,7,0.003700000,0.004700000,0.001800000,0.005400000,0.004300000,0.001200000,0.600700000,0.026600000,0.147300000,0.018000000,0.008200000,0.129200000,0.000200000,0.000000000,0.004800000,0.956100000,0.009100000,3,1,7,7,3,,0.239800000,0.005600000,0.322700000,0.084200000,0.020500000,0.058600000,true,true,0.039500000,0.167400000,0.011800000,0.004700000,0.010900000,103,103,0
1451,2,1,1920,1080,640,360,ultra-performance,0.001800000,0.030600000,0.264000000,0.588000000,0.018500000,0.119100000,0.688000000,0.209200000,2.087600000,2.085800000,1.919200000,0.168400000,0.003700000,0.023500000,0.014200000,0.221900000,0.166200000,0.166400000,0.072700000,0.003600000,0.509500000,84,0,103,3,7,0.002200000,0.003700000,0.001100000,0.003700000,0.005000000,0.001000000,0.470100000,0.024100000,0.037300000,0.011700000,0.007800000,0.104300000,0.000100000,0.000000000,0.006400000,0.678500000,0.009500000,3,1,7,7,3,,0.159900000,0.004000000,0.205900000,0.063100000,0.017800000,0.057900000,true,true,0.032300000,0.105700000,0.008100000,0.003800000,0.006900000,103,103,0
1452,0,1,1920,1080,640,360,ultra-performance,0.002300000,0.026400000,0.313800000,0.793100000,0.017200000,0.149000000,0.821600000,0.215300000,2.640800000,2.638500000,2.338700000,0.302100000,0.004400000,0.030500000,0.019500000,0.258600000,0.300200000,0.300300000,0.099700000,0.004400000,0.686100000,84,0,103,3,7,0.003300000,0.003300000,0.001700000,0.004200000,0.004400000,0.000800000,0.535500000,0.020700000,0.113100000,0.012400000,0.006600000,0.100900000,0.000000000,0.000000000,0.006100000,0.813000000,0.008600000,3,1,7,7,3,,0.225400000,0.004700000,0.318800000,0.063200000,0.016700000,0.056700000,true,true,0.029500000,0.165600000,0.010500000,0.004200000,0.011000000,103,103,0
1453,1,1,1920,1080,640,360,ultra-performance,0.001900000,0.031900000,0.212900000,0.602300000,0.020100000,0.134100000,0.765800000,0.195900000,2.210200000,2.208300000,1.964900000,0.245300000,0.004800000,0.026100000,0.017400000,0.163900000,0.243000000,0.243400000,0.082000000,0.003800000,0.514100000,84,0,103,3,7,0.003400000,0.005000000,0.001800000,0.005100000,0.004600000,0.000900000,0.548600000,0.025900000,0.043800000,0.009300000,0.006000000,0.095900000,0.000300000,0.000000000,0.006900000,0.757500000,0.008300000,3,1,7,7,3,,0.144700000,0.003800000,0.239600000,0.065100000,0.016000000,0.044300000,true,true,0.023100000,0.099100000,0.008500000,0.003800000,0.006800000,103,103,0
1454,2,1,1920,1080,640,360,ultra-performance,0.002100000,0.036400000,0.315800000,0.794200000,0.018600000,0.148700000,0.701100000,0.176600000,2.496400000,2.494300000,2.193500000,0.302900000,0.004200000,0.030700000,0.019900000,0.260300000,0.301200000,0.301400000,0.099600000,0.003600000,0.688100000,84,0,103,3,7,0.003500000,0.003600000,0.001600000,0.004100000,0.002700000,0.000600000,0.478600000,0.015900000,0.070500000,0.008900000,0.005400000,0.096000000,0.000000000,0.000000000,0.004300000,0.695700000,0.005400000,3,1,7,7,3,,0.226100000,0.004600000,0.324700000,0.059000000,0.016800000,0.056300000,true,true,0.028900000,0.166900000,0.010800000,0.003900000,0.011100000,103,103,0
1455,0,1,1920,1080,640,360,ultra-performance,0.001900000,0.025100000,0.291600000,0.757100000,0.016400000,0.142700000,0.737600000,0.186100000,2.462400000,2.460500000,2.158500000,0.303900000,0.003700000,0.025600000,0.015500000,0.246400000,0.302700000,0.302800000,0.104700000,0.002800000,0.646900000,84,0,103,3,7,0.002200000,0.003300000,0.001700000,0.003800000,0.002600000,0.000500000,0.547700000,0.015000000,0.051300000,0.007700000,0.004900000,0.087000000,0.000000000,0.000000000,0.003900000,0.731600000,0.006000000,3,1,7,7,3,,0.212900000,0.004300000,0.306500000,0.052400000,0.015500000,0.054800000,true,true,0.025100000,0.161400000,0.008500000,0.003700000,0.009900000,103,103,0
1456,1,1,1920,1080,640,360,ultra-performance,0.002100000,0.026300000,0.288800000,0.757300000,0.021800000,0.141600000,0.659000000,0.168300000,2.366400000,2.364300000,2.065200000,0.301200000,0.003700000,0.025700000,0.015400000,0.243500000,0.299900000,0.300000000,0.090800000,0.003100000,0.660800000,84,0,103,3,7,0.002900000,0.003400000,0.001600000,0.003900000,0.002400000,0.000400000,0.421700000,0.016000000,0.003300000,0.006800000,0.004300000,0.184100000,0.000000000,0.000000000,0.004200000,0.655000000,0.004000000,3,1,7,7,3,,0.218100000,0.004200000,0.302800000,0.064800000,0.015600000,0.054600000,true,true,0.024900000,0.162900000,0.012800000,0.003600000,0.009500000,103,103,0
1457,2,1,1920,1080,640,360,ultra-performance,0.002000000,0.025100000,0.296900000,0.759100000,0.015000000,0.142700000,0.651400000,0.187600000,2.384600000,2.382600000,2.079800000,0.304800000,0.003700000,0.025500000,0.015100000,0.252100000,0.303200000,0.303400000,0.099000000,0.002600000,0.654700000,84,0,103,3,7,0.001900000,0.003100000,0.001900000,0.004300000,0.003100000,0.000500000,0.483100000,0.014900000,0.031400000,0.009400000,0.005300000,0.081100000,0.000000000,0.000000000,0.004300000,0.644300000,0.007100000,3,1,7,7,3,,0.213000000,0.004300000,0.315100000,0.051900000,0.015400000,0.054300000,true,true,0.023900000,0.164600000,0.007800000,0.003600000,0.008800000,103,103,0
1458,0,1,1920,1080,640,360,ultra-performance,0.002000000,0.019900000,0.296200000,0.746400000,0.015200000,0.139700000,0.748600000,0.178800000,2.459700000,2.457700000,2.146800000,0.312900000,0.003600000,0.025400000,0.015800000,0.251000000,0.311600000,0.311700000,0.093800000,0.002500000,0.637700000,84,0,103,3,7,0.003100000,0.003200000,0.001700000,0.004000000,0.002900000,0.000400000,0.496900000,0.014600000,0.101300000,0.009100000,0.005200000,0.095000000,0.000100000,0.000000000,0.004200000,0.741700000,0.006900000,3,1,7,7,3,,0.209600000,0.004300000,0.303600000,0.050100000,0.015400000,0.054200000,true,true,0.024000000,0.159500000,0.008800000,0.003800000,0.009300000,103,103,0
1459,1,1,1920,1080,640,360,ultra-performance,0.001900000,0.022500000,0.290400000,0.726900000,0.015000000,0.148500000,0.757600000,0.180100000,2.514100000,2.512200000,2.142900000,0.371200000,0.003300000,0.025100000,0.017100000,0.244400000,0.369800000,0.370000000,0.092100000,0.002600000,0.629400000,84,0,103,3,7,0.002900000,0.003200000,0.001500000,0.003800000,0.002800000,0.000700000,0.523800000,0.015200000,0.101100000,0.008600000,0.004800000,0.077700000,0.000100000,0.000000000,0.004200000,0.750400000,0.007200000,3,1,7,7,3,,0.204000000,0.004200000,0.300700000,0.050500000,0.015200000,0.054000000,true,true,0.023600000,0.155300000,0.007900000,0.003700000,0.009000000,103,103,0
1460,2,1,1920,1080,640,360,ultra-performance,0.001800000,0.028400000,0.290100000,0.731000000,0.014600000,0.140400000,0.747000000,0.259400000,2.520100000,2.518300000,2.212700000,0.307400000,0.003500000,0.025800000,0.015700000,0.244700000,0.306000000,0.306100000,0.090500000,0.002600000,0.635100000,84,0,103,3,7,0.003100000,0.003300000,0.001700000,0.003900000,0.002800000,0.000500000,0.510000000,0.013500000,0.100200000,0.007500000,0.005100000,0.085000000,0.000000000,0.000000000,0.004000000,0.740600000,0.006400000,3,1,7,7,3,,0.209300000,0.004300000,0.301000000,0.050700000,0.015100000,0.054100000,true,true,0.024100000,0.160000000,0.008500000,0.003400000,0.009100000,103,103,0
1461,0,1,1920,1080,640,360,ultra-performance,0.003300000,0.035600000,0.559500000,0.735200000,0.014900000,0.140300000,0.766600000,0.212300000,2.910800000,2.907500000,2.467700000,0.443100000,0.006200000,0.047000000,0.029200000,0.476200000,0.441400000,0.441700000,0.091500000,0.002400000,0.638800000,84,0,103,3,7,0.002600000,0.003400000,0.001700000,0.004200000,0.003000000,0.000700000,0.558900000,0.016600000,0.049000000,0.009100000,0.005300000,0.100700000,0.000100000,0.000000000,0.004300000,0.759600000,0.007000000,3,1,7,7,3,,0.213800000,0.004200000,0.300700000,0.050200000,0.015100000,0.054000000,true,true,0.023100000,0.165700000,0.007800000,0.003900000,0.008900000,103,103,0
1462,1,1,1920,1080,640,360,ultra-performance,0.002400000,0.030500000,0.282400000,0.639000000,0.012000000,0.133500000,0.880300000,0.261600000,2.506600000,2.504200000,2.241700000,0.264900000,0.003900000,0.025600000,0.015500000,0.236700000,0.252100000,0.252300000,0.089000000,0.002900000,0.544800000,84,0,103,3,7,0.002900000,0.002800000,0.001200000,0.003800000,0.005500000,0.001300000,0.553800000,0.026200000,0.107700000,0.021500000,0.008800000,0.126900000,0.000000000,0.000000000,0.007300000,0.869700000,0.010600000,3,1,7,7,3,,0.182900000,0.004300000,0.266100000,0.044500000,0.011800000,0.034700000,true,true,0.021400000,0.135800000,0.008100000,0.003900000,0.009000000,103,103,0
1463,2,1,1920,1080,640,360,ultra-performance,0.003500000,0.049100000,0.261400000,0.808400000,0.024500000,0.176100000,1.001500000,0.229000000,2.786000000,2.782500000,2.553500000,0.232500000,0.009400000,0.048400000,0.018800000,0.183800000,0.230200000,0.230600000,0.081800000,0.006400000,0.717900000,84,0,103,3,7,0.003100000,0.004500000,0.001500000,0.004700000,0.004300000,0.000900000,0.581500000,0.028200000,0.069400000,0.011100000,0.006300000,0.270000000,0.000200000,0.000000000,0.006300000,0.992000000,0.009500000,3,1,7,7,3,,0.231400000,0.006600000,0.307800000,0.089600000,0.025400000,0.056300000,true,true,0.053600000,0.140800000,0.012100000,0.008200000,0.011700000,103,103,0
1464,0,1,1920,1080,640,360,ultra-performance,0.002200000,0.024700000,0.321900000,0.805500000,0.017200000,0.149900000,0.873800000,0.185000000,2.681500000,2.679300000,2.380200000,0.301300000,0.004500000,0.031200000,0.020400000,0.265200000,0.299600000,0.299900000,0.099600000,0.003600000,0.699400000,84,0,103,3,7,0.003200000,0.003500000,0.001700000,0.004400000,0.002900000,0.000700000,0.466900000,0.014800000,0.182500000,0.009000000,0.004800000,0.168600000,0.000100000,0.000000000,0.004300000,0.867400000,0.006400000,3,1,7,7,3,,0.225200000,0.004600000,0.321200000,0.074600000,0.016500000,0.056700000,true,true,0.028800000,0.167700000,0.009600000,0.004000000,0.010500000,103,103,0
1465,1,1,1920,1080,640,360,ultra-performance,0.002000000,0.026200000,0.298700000,0.751400000,0.017200000,0.143600000,0.662500000,0.197500000,2.402200000,2.400200000,2.099100000,0.303100000,0.003600000,0.025500000,0.015400000,0.253800000,0.301800000,0.301900000,0.091800000,0.003000000,0.653500000,84,0,103,3,7,0.003000000,0.003300000,0.001800000,0.004000000,0.003000000,0.000800000,0.475300000,0.017800000,0.028500000,0.007900000,0.004900000,0.102000000,0.000100000,0.000000000,0.004100000,0.656500000,0.006000000,3,1,7,7,3,,0.214500000,0.004300000,0.310300000,0.053100000,0.015500000,0.055000000,true,true,0.025900000,0.161400000,0.008800000,0.003900000,0.010200000,103,103,0
1466,2,1,1920,1080,640,360,ultra-performance,0.002000000,0.029100000,0.292300000,0.756200000,0.015100000,0.142500000,0.925400000,0.183700000,2.650800000,2.648800000,2.346300000,0.304500000,0.003700000,0.025300000,0.015700000,0.247300000,0.303000000,0.303200000,0.092900000,0.002600000,0.650000000,84,0,103,3,7,0.003400000,0.003100000,0.001600000,0.004100000,0.003200000,0.000500000,0.616100000,0.016200000,0.071200000,0.009500000,0.004700000,0.181000000,0.000100000,0.000000000,0.004600000,0.919300000,0.006100000,3,1,7,7,3,,0.215500000,0.004400000,0.308200000,0.051200000,0.015900000,0.054400000,true,true,0.025600000,0.164500000,0.008500000,0.003500000,0.009100000,103,103,0
1467,0,1,1920,1080,640,360,ultra-performance,0.002000000,0.024800000,0.295500000,0.756800000,0.015200000,0.142200000,0.779900000,0.180200000,2.506500000,2.504500000,2.196600000,0.309900000,0.003700000,0.025000000,0.016000000,0.250500000,0.308300000,0.308500000,0.092700000,0.002400000,0.658800000,84,0,103,3,7,0.003200000,0.003400000,0.001600000,0.004100000,0.003300000,0.000500000,0.580600000,0.013400000,0.038800000,0.009100000,0.005500000,0.105500000,0.000100000,0.000000000,0.004100000,0.773200000,0.006700000,3,1,7,7,3,,0.211000000,0.004200000,0.303400000,0.068100000,0.016100000,0.055300000,true,true,0.024000000,0.161700000,0.008700000,0.003800000,0.008800000,103,103,0
1468,1,1,1920,1080,640,360,ultra-performance,0.001800000,0.022300000,0.292600000,0.741300000,0.022100000,0.147800000,0.676800000,0.195400000,2.407900000,2.406100000,2.100100000,0.307800000,0.003500000,0.025100000,0.015100000,0.248500000,0.306400000,0.306500000,0.092800000,0.002600000,0.643100000,84,0,103,3,7,0.002900000,0.003400000,0.001700000,0.004000000,0.002900000,0.000400000,0.495000000,0.013500000,0.039100000,0.007700000,0.004600000,0.090200000,0.000000000,0.000000000,0.004100000,0.669500000,0.007300000,3,1,7,7,3,,0.214800000,0.004200000,0.303000000,0.050200000,0.015300000,0.054900000,true,true,0.024600000,0.164400000,0.008800000,0.003700000,0.009100000,103,103,0
1469,2,1,1920,1080,640,360,ultra-performance,0.001800000,0.027400000,0.293400000,0.740400000,0.027400000,0.143500000,0.870900000,0.181600000,2.594600000,2.592800000,2.286400000,0.308200000,0.003500000,0.025200000,0.015200000,0.248800000,0.307100000,0.307200000,0.092400000,0.002500000,0.642600000,84,0,103,3,7,0.003500000,0.003100000,0.001700000,0.003900000,0.002900000,0.000500000,0.598600000,0.013900000,0.127400000,0.009400000,0.005200000,0.090600000,0.000100000,0.000000000,0.004100000,0.864900000,0.006000000,3,1,7,7,3,,0.213900000,0.004400000,0.303300000,0.050400000,0.015600000,0.054400000,true,true,0.024500000,0.163700000,0.008700000,0.003800000,0.008900000,103,103,0
1470,0,1,1920,1080,640,360,ultra-performance,0.001900000,0.023200000,0.294200000,0.746900000,0.014500000,0.140400000,0.874800000,0.241200000,2.650000000,2.648100000,2.337100000,0.312900000,0.003600000,0.024900000,0.015100000,0.250200000,0.310500000,0.310600000,0.093900000,0.002600000,0.647500000,84,0,103,3,7,0.002800000,0.008500000,0.001700000,0.003800000,0.006200000,0.001500000,0.607600000,0.023500000,0.027300000,0.015200000,0.008800000,0.151700000,0.000000000,0.000000000,0.006600000,0.865200000,0.009600000,3,1,7,7,3,,0.210800000,0.004300000,0.311400000,0.050600000,0.015400000,0.054400000,true,true,0.023500000,0.162300000,0.007900000,0.003700000,0.009200000,103,103,0
1471,1,1,1920,1080,640,360,ultra-performance,0.002800000,0.042400000,0.270800000,0.659300000,0.019500000,0.134400000,1.060100000,0.226500000,2.617000000,2.614200000,2.415800000,0.201200000,0.008800000,0.035100000,0.016100000,0.209700000,0.198800000,0.199200000,0.086500000,0.004500000,0.566300000,84,0,103,3,7,0.002700000,0.003700000,0.001200000,0.004000000,0.005100000,0.001000000,0.576700000,0.024600000,0.194200000,0.012200000,0.007100000,0.211200000,0.000100000,0.000000000,0.006800000,1.050600000,0.009500000,3,1,7,7,3,,0.228300000,0.004600000,0.206000000,0.073900000,0.013800000,0.039100000,true,true,0.051200000,0.148000000,0.010100000,0.005000000,0.010300000,103,103,0
1472,2,1,1920,1080,640,360,ultra-performance,0.002400000,0.027100000,0.325700000,0.798200000,0.016500000,0.148400000,0.844100000,0.180300000,2.648900000,2.646500000,2.342700000,0.306200000,0.004300000,0.031500000,0.017900000,0.271500000,0.304500000,0.304600000,0.100900000,0.003700000,0.690800000,84,0,103,3,7,0.003600000,0.003300000,0.001700000,0.004200000,0.003300000,0.000700000,0.628400000,0.013700000,0.073700000,0.009900000,0.005900000,0.084400000,0.000100000,0.000000000,0.004600000,0.837500000,0.006600000,3,1,7,7,3,,0.230100000,0.004500000,0.322300000,0.059600000,0.017000000,0.056500000,true,true,0.029800000,0.170200000,0.011100000,0.003800000,0.010700000,103,103,0
1473,0,1,1920,1080,640,360,ultra-performance,0.001900000,0.024700000,0.296600000,0.770000000,0.016700000,0.144600000,0.875700000,0.377700000,2.817300000,2.815400000,2.507900000,0.309400000,0.003600000,0.025600000,0.017300000,0.249700000,0.307000000,0.307300000,0.093500000,0.002700000,0.671100000,84,0,103,3,7,0.003600000,0.003400000,0.001900000,0.004100000,0.004300000,0.001200000,0.580300000,0.024800000,0.087600000,0.012800000,0.006600000,0.130100000,0.000000000,0.000000000,0.007000000,0.867700000,0.008000000,3,1,7,7,3,,0.217100000,0.004300000,0.308600000,0.051200000,0.015800000,0.073600000,true,true,0.025100000,0.166700000,0.008100000,0.003800000,0.009000000,103,103,0
1474,1,1,1920,1080,640,360,ultra-performance,0.002400000,0.028300000,0.344800000,0.769400000,0.016300000,0.153600000,1.179800000,0.319700000,3.118200000,3.115800000,2.814300000,0.303900000,0.004000000,0.025900000,0.015500000,0.298800000,0.299900000,0.300100000,0.090800000,0.003000000,0.672600000,84,0,103,3,7,0.003700000,0.003500000,0.001700000,0.004300000,0.006800000,0.001800000,0.770900000,0.043400000,0.092100000,0.028100000,0.013900000,0.188500000,0.000000000,0.000000000,0.009000000,1.167700000,0.012100000,3,1,7,7,3,,0.217900000,0.004500000,0.308600000,0.056400000,0.025600000,0.059000000,true,true,0.024000000,0.166500000,0.008500000,0.004300000,0.010000000,103,103,0
1475,2,1,1920,1080,640,360,ultra-performance,0.001900000,0.023200000,0.190200000,0.603200000,0.012300000,0.103100000,0.569000000,0.172100000,1.939400000,1.937500000,1.675000000,0.264400000,0.002900000,0.021600000,0.010200000,0.155100000,0.263100000,0.263300000,0.057400000,0.002300000,0.541400000,84,0,103,3,7,0.001600000,0.002900000,0.001100000,0.003600000,0.002000000,0.000500000,0.390200000,0.011300000,0.042200000,0.005900000,0.003500000,0.097200000,0.000000000,0.000000000,0.003200000,0.565200000,0.003800000,3,1,7,7,3,,0.203200000,0.005100000,0.227100000,0.056500000,0.012800000,0.035800000,true,true,0.017600000,0.155600000,0.010300000,0.004300000,0.010200000,103,103,0
1476,0,1,1920,1080,640,360,ultra-performance,0.001700000,0.019000000,0.171000000,0.466200000,0.011300000,0.135400000,1.001800000,0.227200000,2.204500000,2.202800000,2.033600000,0.170900000,0.003300000,0.017300000,0.009700000,0.140200000,0.169300000,0.169500000,0.055000000,0.002100000,0.407200000,84,0,103,3,7,0.001800000,0.002800000,0.001100000,0.003700000,0.004200000,0.000800000,0.644100000,0.034500000,0.101600000,0.021100000,0.008300000,0.163800000,0.000100000,0.000000000,0.004000000,0.991900000,0.009900000,3,1,7,7,3,,0.132200000,0.003300000,0.185900000,0.040400000,0.011200000,0.033800000,true,true,0.016800000,0.096200000,0.006300000,0.003300000,0.006800000,103,103,0
1477,1,1,1920,1080,640,360,ultra-performance,0.002000000,0.024500000,0.289100000,0.736300000,0.015400000,0.143400000,0.814100000,0.183100000,2.511100000,2.509100000,2.207900000,0.303200000,0.003600000,0.025400000,0.015200000,0.244500000,0.301600000,0.301800000,0.091200000,0.002800000,0.639600000,84,0,103,3,7,0.003500000,0.003400000,0.001700000,0.004400000,0.002700000,0.000800000,0.397900000,0.018900000,0.252100000,0.007200000,0.003900000,0.108000000,0.000100000,0.000000000,0.004200000,0.808800000,0.005300000,3,1,7,7,3,,0.215000000,0.004700000,0.296300000,0.052500000,0.016600000,0.053900000,true,true,0.023900000,0.164600000,0.008200000,0.004200000,0.009400000,103,103,0
1478,2,1,1920,1080,640,360,ultra-performance,0.002000000,0.020100000,0.321500000,0.912400000,0.018400000,0.173900000,0.935500000,0.231900000,3.009000000,3.007000000,2.615700000,0.393300000,0.003400000,0.025000000,0.014800000,0.277800000,0.391500000,0.391700000,0.116200000,0.002900000,0.789700000,84,0,103,3,7,0.003000000,0.004300000,0.001900000,0.004900000,0.003500000,0.000600000,0.606800000,0.019000000,0.083500000,0.009100000,0.005700000,0.182700000,0.000000000,0.000000000,0.005000000,0.930000000,0.005500000,3,1,7,7,3,,0.268400000,0.005200000,0.368800000,0.062600000,0.018300000,0.065700000,true,true,0.028900000,0.207600000,0.010800000,0.004100000,0.011300000,103,103,0
1479,0,1,1920,1080,640,360,ultra-performance,0.001900000,0.025400000,0.360700000,0.929900000,0.018900000,0.173100000,1.067400000,0.198600000,3.164200000,3.162300000,2.775900000,0.388300000,0.004100000,0.028700000,0.016900000,0.310600000,0.387000000,0.387100000,0.115400000,0.003300000,0.807900000,84,0,103,3,7,0.002600000,0.004600000,0.001800000,0.005300000,0.003800000,0.001000000,0.729100000,0.028700000,0.085100000,0.013900000,0.007100000,0.174100000,0.000000000,0.000000000,0.003000000,1.060100000,0.007300000,3,1,7,7,3,,0.271600000,0.005000000,0.383400000,0.062500000,0.018000000,0.066600000,true,true,0.028900000,0.211000000,0.011000000,0.003900000,0.011200000,103,103,0
1480,1,1,1920,1080,640,360,ultra-performance,0.001700000,0.022000000,0.258800000,0.589300000,0.011800000,0.101900000,0.675600000,0.189700000,2.021900000,2.020200000,1.850800000,0.171100000,0.003000000,0.017000000,0.012500000,0.225700000,0.169500000,0.169600000,0.062100000,0.002300000,0.522900000,84,0,103,3,7,0.001800000,0.002600000,0.001100000,0.003600000,0.003000000,0.000700000,0.471900000,0.018100000,0.053900000,0.011300000,0.005300000,0.092400000,0.000100000,0.000000000,0.004100000,0.669900000,0.005700000,3,1,7,7,3,,0.133900000,0.003100000,0.189400000,0.043000000,0.011500000,0.141500000,true,true,0.016900000,0.095900000,0.006900000,0.003900000,0.006900000,103,103,0
1481,2,1,1920,1080,640,360,ultra-performance,0.002100000,0.022100000,0.291000000,0.862200000,0.017300000,0.160100000,0.773900000,0.211500000,2.692700000,2.690600000,2.340200000,0.352500000,0.003700000,0.022500000,0.012300000,0.252100000,0.350900000,0.351000000,0.113100000,0.003000000,0.743100000,84,0,103,3,7,0.002900000,0.003900000,0.002200000,0.005000000,0.003200000,0.000600000,0.573300000,0.016900000,0.033600000,0.008900000,0.005600000,0.106800000,0.000000000,0.000000000,0.004400000,0.767300000,0.006600000,3,1,7,7,3,,0.248100000,0.005000000,0.347800000,0.062300000,0.017900000,0.061200000,true,true,0.028700000,0.189800000,0.009100000,0.004700000,0.010400000,103,103,0
1482,0,1,1920,1080,640,360,ultra-performance,0.002200000,0.023100000,0.353800000,0.860800000,0.016800000,0.159500000,0.886900000,0.207600000,2.879200000,2.877000000,2.510700000,0.368500000,0.004100000,0.030200000,0.018200000,0.300800000,0.366700000,0.367000000,0.110800000,0.003000000,0.743800000,84,0,103,3,7,0.003100000,0.003900000,0.001800000,0.004600000,0.003500000,0.000500000,0.646800000,0.016800000,0.084200000,0.009800000,0.005700000,0.094200000,0.000000000,0.000000000,0.004600000,0.879500000,0.007400000,3,1,7,7,3,,0.246700000,0.004900000,0.354000000,0.057600000,0.017700000,0.062100000,true,true,0.027900000,0.189900000,0.008900000,0.004100000,0.010400000,103,103,0
1483,1,1,1920,1080,640,360,ultra-performance,0.002100000,0.026500000,0.349700000,0.750000000,0.016800000,0.148600000,0.728700000,0.286600000,2.643300000,2.641200000,2.309000000,0.334300000,0.004000000,0.030000000,0.018000000,0.297000000,0.332000000,0.332200000,0.087700000,0.002600000,0.656800000,84,0,103,3,7,0.003000000,0.003800000,0.001600000,0.004700000,0.004200000,0.000700000,0.422500000,0.023300000,0.094000000,0.019200000,0.007000000,0.132100000,0.000100000,0.000000000,0.005700000,0.721900000,0.006800000,3,1,7,7,3,,0.204200000,0.004100000,0.296300000,0.078300000,0.016800000,0.056300000,true,true,0.022900000,0.157200000,0.007600000,0.004000000,0.008800000,103,103,0
1484,2,1,1920,1080,640,360,ultra-performance,0.004700000,0.047400000,0.314700000,0.826400000,0.024000000,0.167700000,0.794700000,0.203200000,2.649400000,2.644700000,2.382800000,0.266600000,0.008900000,0.045000000,0.024500000,0.234900000,0.264500000,0.264800000,0.093700000,0.005600000,0.724000000,84,0,103,3,7,0.003000000,0.004600000,0.001500000,0.004100000,0.004100000,0.000700000,0.590200000,0.020700000,0.028000000,0.012300000,0.006600000,0.104900000,0.000100000,0.000000000,0.005900000,0.786700000,0.008000000,3,1,7,7,3,,0.255200000,0.005600000,0.289700000,0.092600000,0.018700000,0.061100000,true,true,0.046600000,0.174500000,0.012300000,0.005200000,0.011700000,103,103,0
1485,0,1,1920,1080,640,360,ultra-performance,0.002500000,0.040500000,0.320700000,0.811600000,0.018700000,0.153500000,0.797300000,0.185300000,2.649300000,2.646800000,2.330100000,0.319200000,0.004600000,0.029000000,0.017200000,0.269100000,0.317600000,0.317800000,0.103000000,0.003900000,0.702000000,84,0,103,3,7,0.002900000,0.003600000,0.001900000,0.004200000,0.003000000,0.001000000,0.486900000,0.017000000,0.131100000,0.009900000,0.005500000,0.119800000,0.000000000,0.000000000,0.004300000,0.791100000,0.006200000,3,1,7,7,3,,0.231500000,0.004900000,0.326300000,0.063400000,0.017400000,0.057900000,true,true,0.027700000,0.173300000,0.009900000,0.004600000,0.011200000,103,103,0
1486,1,1,1920,1080,640,360,ultra-performance,0.001900000,0.026600000,0.302200000,0.790000000,0.015800000,0.149100000,0.555000000,0.211000000,2.368300000,2.366400000,2.051600000,0.316700000,0.004000000,0.026200000,0.015700000,0.255900000,0.315100000,0.315300000,0.095600000,0.003400000,0.688300000,84,0,103,3,7,0.003000000,0.003500000,0.001800000,0.004600000,0.003000000,0.000600000,0.272500000,0.020000000,0.118600000,0.009500000,0.003900000,0.103000000,0.000100000,0.000000000,0.004600000,0.548700000,0.006300000,3,1,7,7,3,,0.224200000,0.004300000,0.330000000,0.056100000,0.016300000,0.056500000,true,true,0.026200000,0.167700000,0.010000000,0.004000000,0.012200000,103,103,0
1487,2,1,1920,1080,640,360,ultra-performance,0.001900000,0.029600000,0.298400000,0.760800000,0.015200000,0.144500000,1.001700000,0.269600000,2.838200000,2.836300000,2.521700000,0.316500000,0.003700000,0.025800000,0.015000000,0.253300000,0.313700000,0.313800000,0.092800000,0.002800000,0.662600000,84,0,103,3,7,0.002600000,0.003400000,0.001700000,0.004400000,0.004400000,0.001000000,0.742700000,0.028400000,0.040100000,0.017600000,0.006700000,0.131100000,0.000000000,0.000000000,0.007900000,0.992000000,0.009700000,3,1,7,7,3,,0.214200000,0.004300000,0.318100000,0.054400000,0.015600000,0.055300000,true,true,0.025200000,0.164300000,0.007600000,0.003700000,0.009100000,103,103,0
1488,0,1,1920,1080,640,360,ultra-performance,0.003000000,0.033800000,0.206100000,0.565900000,0.018000000,0.129700000,0.990600000,0.234600000,2.342200000,2.339200000,2.181700000,0.160500000,0.007300000,0.033100000,0.014200000,0.150500000,0.158300000,0.158800000,0.061400000,0.003900000,0.498700000,84,0,103,3,7,0.002600000,0.004000000,0.001200000,0.003400000,0.004900000,0.000900000,0.604800000,0.023600000,0.100100000,0.010600000,0.006900000,0.211200000,0.000100000,0.000000000,0.005800000,0.980100000,0.010500000,3,1,7,7,3,,0.167300000,0.004700000,0.209100000,0.065800000,0.013700000,0.037400000,true,true,0.032000000,0.106700000,0.010100000,0.005300000,0.009900000,103,103,0
1489,1,1,1920,1080,640,360,ultra-performance,0.002300000,0.026200000,0.334400000,0.812600000,0.017100000,0.165600000,0.833700000,0.193000000,2.703400000,2.701100000,2.384900000,0.318500000,0.004600000,0.030700000,0.019800000,0.278500000,0.316700000,0.316900000,0.105500000,0.003600000,0.700700000,84,0,103,3,7,0.003900000,0.003800000,0.001900000,0.004200000,0.002900000,0.000600000,0.595500000,0.016100000,0.084500000,0.009100000,0.005400000,0.094900000,0.000100000,0.000000000,0.004100000,0.827000000,0.006700000,3,1,7,7,3,,0.230800000,0.004700000,0.328600000,0.061500000,0.016800000,0.057700000,true,true,0.028300000,0.172600000,0.010900000,0.004200000,0.010200000,103,103,0
1490,2,1,1920,1080,640,360,ultra-performance,0.002100000,0.029300000,0.305900000,0.767400000,0.015300000,0.148100000,0.782700000,0.187800000,2.565200000,2.563100000,2.238600000,0.326600000,0.004000000,0.027000000,0.015600000,0.258800000,0.325100000,0.325300000,0.094700000,0.002800000,0.667200000,84,0,103,3,7,0.003000000,0.003400000,0.001700000,0.004000000,0.003300000,0.000500000,0.603200000,0.018600000,0.030900000,0.009300000,0.005400000,0.087600000,0.000100000,0.000000000,0.004800000,0.775800000,0.006900000,3,1,7,7,3,,0.221400000,0.004400000,0.312300000,0.056400000,0.016100000,0.056000000,true,true,0.026000000,0.168400000,0.009100000,0.004000000,0.009900000,103,103,0
1491,0,1,1920,1080,640,360,ultra-performance,0.002000000,0.027200000,0.173700000,0.469200000,0.011500000,0.099700000,0.703100000,0.169400000,1.826600000,1.824600000,1.655800000,0.170800000,0.004000000,0.018600000,0.010100000,0.140700000,0.169600000,0.169700000,0.054900000,0.002400000,0.410000000,84,0,103,3,7,0.002300000,0.002700000,0.001100000,0.003600000,0.002300000,0.000400000,0.462500000,0.016600000,0.115300000,0.008000000,0.004800000,0.075700000,0.000000000,0.000000000,0.003700000,0.699000000,0.004100000,3,1,7,7,3,,0.134600000,0.003100000,0.186900000,0.040000000,0.011100000,0.033800000,true,true,0.017000000,0.097400000,0.007600000,0.003300000,0.006500000,103,103,0
1492,1,1,1920,1080,640,360,ultra-performance,0.002300000,0.024400000,0.201000000,0.520400000,0.011700000,0.101200000,0.963900000,0.201500000,2.214800000,2.212500000,2.026400000,0.188400000,0.003800000,0.023500000,0.013000000,0.160300000,0.186600000,0.186700000,0.054200000,0.002100000,0.462100000,84,0,103,3,7,0.002400000,0.002700000,0.001400000,0.003700000,0.005500000,0.001500000,0.659500000,0.036700000,0.038200000,0.020600000,0.007700000,0.165800000,0.000100000,0.000000000,0.008300000,0.954100000,0.009800000,3,1,7,7,3,,0.147500000,0.003200000,0.219400000,0.044700000,0.012000000,0.034700000,true,true,0.021400000,0.105600000,0.007200000,0.003500000,0.006700000,103,103,0
1493,2,1,1920,1080,640,360,ultra-performance,0.002300000,0.045500000,0.193300000,0.523800000,0.013500000,0.101500000,0.761500000,0.161500000,1.973000000,1.970700000,1.802900000,0.170100000,0.003600000,0.021600000,0.016700000,0.151000000,0.167900000,0.168000000,0.059000000,0.002200000,0.460700000,84,0,103,3,7,0.002500000,0.002700000,0.001400000,0.003400000,0.003700000,0.000700000,0.468900000,0.020300000,0.116300000,0.016600000,0.007000000,0.103400000,0.000000000,0.000000000,0.005200000,0.752100000,0.009400000,3,1,7,7,3,,0.159900000,0.003300000,0.198400000,0.046200000,0.015300000,0.037000000,true,true,0.018600000,0.118700000,0.008500000,0.004000000,0.006900000,103,103,0
1494,0,1,1920,1080,640,360,ultra-performance,0.002000000,0.030500000,0.590700000,0.856100000,0.024200000,0.386400000,1.088600000,0.231800000,3.537600000,3.535600000,3.210300000,0.327300000,0.007800000,0.031800000,0.015000000,0.535000000,0.325200000,0.325600000,0.100800000,0.005400000,0.747100000,84,0,103,3,7,0.007200000,0.007500000,0.004500000,0.010100000,0.004700000,0.000800000,0.762800000,0.033900000,0.074300000,0.023000000,0.010300000,0.133600000,0.000100000,0.000000000,0.004900000,1.077700000,0.010900000,3,1,7,7,3,,0.255300000,0.005900000,0.322100000,0.085400000,0.018900000,0.058700000,true,true,0.043500000,0.174900000,0.011900000,0.007300000,0.012600000,103,103,0
1495,1,1,1920,1080,640,360,ultra-performance,0.002200000,0.031700000,0.186500000,0.726000000,0.018500000,0.136200000,0.872500000,0.256100000,2.468600000,2.466400000,2.229700000,0.238900000,0.005900000,0.026600000,0.012000000,0.141100000,0.236400000,0.236600000,0.083400000,0.005900000,0.634600000,84,0,103,3,7,0.002700000,0.003900000,0.001200000,0.004500000,0.005600000,0.001200000,0.585500000,0.025800000,0.086300000,0.011700000,0.006700000,0.118900000,0.000100000,0.000000000,0.008600000,0.862700000,0.009800000,3,1,7,7,3,,0.204800000,0.004300000,0.306100000,0.066800000,0.013800000,0.038100000,true,true,0.037900000,0.138400000,0.009500000,0.005900000,0.009400000,103,103,0
1496,2,1,1920,1080,640,360,ultra-performance,0.002200000,0.029200000,0.295000000,0.535900000,0.013200000,0.105600000,0.644900000,0.181600000,1.977300000,1.975100000,1.807600000,0.169700000,0.004000000,0.029500000,0.013100000,0.247400000,0.168500000,0.168600000,0.065000000,0.002900000,0.465900000,84,0,103,3,7,0.002200000,0.003000000,0.001200000,0.003800000,0.002000000,0.000400000,0.504800000,0.018400000,0.006100000,0.007800000,0.004200000,0.082900000,0.000100000,0.000000000,0.003500000,0.640400000,0.004500000,3,1,7,7,3,,0.148000000,0.003600000,0.206000000,0.055700000,0.014000000,0.038000000,true,true,0.020700000,0.104000000,0.008700000,0.003900000,0.007400000,103,103,0
1497,0,1,1920,1080,640,360,ultra-performance,0.001900000,0.021400000,0.174700000,0.558900000,0.013000000,0.137500000,0.760000000,0.200100000,2.042600000,2.040700000,1.867500000,0.175100000,0.003000000,0.017900000,0.011300000,0.142000000,0.173200000,0.173300000,0.055300000,0.002200000,0.499400000,84,0,103,3,7,0.002900000,0.003600000,0.002000000,0.004200000,0.004100000,0.000900000,0.544900000,0.023600000,0.053800000,0.015500000,0.005100000,0.086500000,0.000000000,0.000000000,0.004800000,0.751900000,0.008100000,3,1,7,7,3,,0.134800000,0.003200000,0.246500000,0.061300000,0.012700000,0.040300000,true,true,0.017700000,0.097700000,0.007000000,0.003300000,0.006400000,103,103,0
1498,1,1,1920,1080,640,360,ultra-performance,0.001900000,0.029300000,0.216400000,0.562500000,0.017300000,0.127300000,0.686200000,0.177400000,2.088400000,2.086500000,1.818300000,0.270100000,0.005800000,0.036400000,0.021100000,0.152200000,0.268300000,0.268700000,0.085800000,0.003700000,0.471100000,84,0,103,3,7,0.002100000,0.003800000,0.001200000,0.003700000,0.003000000,0.000600000,0.518700000,0.018700000,0.042000000,0.007300000,0.004100000,0.070200000,0.000100000,0.000000000,0.004700000,0.680200000,0.006000000,3,1,7,7,3,,0.158500000,0.003900000,0.196500000,0.061600000,0.013300000,0.036700000,true,true,0.027100000,0.104200000,0.009000000,0.005600000,0.009100000,103,103,0
1499,2,1,1920,1080,640,360,ultra-performance,0.001800000,0.026400000,0.177500000,0.539200000,0.017400000,0.123100000,1.018800000,0.406800000,2.470500000,2.468700000,2.311000000,0.159500000,0.004600000,0.022100000,0.009600000,0.140500000,0.155000000,0.155400000,0.052600000,0.003000000,0.481800000,84,0,103,3,7,0.002500000,0.004100000,0.001100000,0.003500000,0.005200000,0.001100000,0.680500000,0.059000000,0.062200000,0.016200000,0.006800000,0.157600000,0.000100000,0.000000000,0.008400000,1.008300000,0.010500000,3,1,7,7,3,,0.145000000,0.004300000,0.230000000,0.053100000,0.013300000,0.035300000,true,true,0.022800000,0.098800000,0.007600000,0.005300000,0.007500000,103,103,0
1500,0,1,1920,1080,640,360,ultra-performance,0.002100000,0.024400000,0.192100000,0.528400000,0.013100000,0.104800000,0.822200000,0.180100000,2.038300000,2.036200000,1.867200000,0.171100000,0.004300000,0.023100000,0.013400000,0.150800000,0.168700000,0.168800000,0.062600000,0.003000000,0.460800000,84,0,103,3,7,0.002300000,0.002900000,0.001200000,0.003500000,0.004800000,0.001200000,0.598600000,0.025100000,0.039000000,0.013600000,0.005200000,0.111400000,0.000100000,0.000000000,0.005500000,0.814400000,0.007800000,3,1,7,7,3,,0.146500000,0.003400000,0.214200000,0.047600000,0.012100000,0.036500000,true,true,0.020100000,0.102800000,0.008700000,0.003500000,0.008400000,103,103,0
1501,1,1,1920,1080,640,360,ultra-performance,0.002600000,0.022800000,0.249700000,0.489300000,0.012200000,0.095900000,0.769700000,0.183900000,2.001000000,1.998400000,1.826100000,0.174900000,0.003000000,0.021600000,0.017400000,0.207100000,0.173300000,0.173400000,0.059900000,0.002700000,0.424900000,84,0,103,3,7,0.002200000,0.002600000,0.001500000,0.003300000,0.003500000,0.000700000,0.572000000,0.020200000,0.032200000,0.013600000,0.005100000,0.098900000,0.000100000,0.000000000,0.005000000,0.760900000,0.008800000,3,1,7,7,3,,0.140500000,0.002900000,0.195500000,0.039600000,0.011700000,0.034200000,true,true,0.019200000,0.100700000,0.007500000,0.003300000,0.007000000,103,103,0
1502,2,1,1920,1080,640,360,ultra-performance,0.001900000,0.029400000,0.232100000,0.488500000,0.010200000,0.091000000,0.730000000,0.146400000,1.898900000,1.897000000,1.729500000,0.169400000,0.005700000,0.027100000,0.015100000,0.183600000,0.167300000,0.167700000,0.068100000,0.002000000,0.416900000,84,0,103,3,7,0.002200000,0.002300000,0.001000000,0.003400000,0.003000000,0.000600000,0.561000000,0.015200000,0.033700000,0.009200000,0.004900000,0.081900000,0.000100000,0.000000000,0.005200000,0.723700000,0.006300000,3,1,7,7,3,,0.141000000,0.002900000,0.191700000,0.035900000,0.011200000,0.033800000,true,true,0.019400000,0.101900000,0.007600000,0.002700000,0.006500000,103,103,0
1503,0,1,1920,1080,640,360,ultra-performance,0.001700000,0.026700000,0.263600000,0.860500000,0.025100000,0.177600000,0.970400000,0.177100000,2.760400000,2.758700000,2.502700000,0.257700000,0.004000000,0.022100000,0.013200000,0.223400000,0.255900000,0.256300000,0.102700000,0.006100000,0.749000000,84,0,103,3,7,0.003700000,0.005400000,0.001800000,0.004900000,0.004900000,0.001300000,0.677100000,0.026900000,0.064900000,0.014000000,0.006900000,0.142600000,0.000200000,0.000000000,0.007700000,0.962300000,0.008100000,3,1,7,7,3,,0.259000000,0.006100000,0.322500000,0.082300000,0.019300000,0.058900000,true,true,0.045700000,0.176400000,0.012600000,0.006300000,0.013100000,103,103,0
1504,1,1,1920,1080,640,360,ultra-performance,0.001800000,0.027300000,0.164000000,0.945000000,0.019500000,0.164300000,1.200300000,0.371700000,3.134800000,3.133000000,2.893900000,0.240900000,0.003500000,0.019600000,0.009700000,0.130300000,0.237300000,0.237700000,0.187700000,0.005700000,0.748800000,84,0,103,3,7,0.002700000,0.004500000,0.001800000,0.004300000,0.009300000,0.001600000,0.724300000,0.051300000,0.110700000,0.021900000,0.012800000,0.228200000,0.000100000,0.000000000,0.011100000,1.184600000,0.015700000,3,1,7,7,3,,0.305400000,0.005200000,0.302500000,0.065800000,0.015800000,0.053400000,true,true,0.067100000,0.205100000,0.011500000,0.005300000,0.011900000,103,103,0
1505,2,1,1920,1080,640,360,ultra-performance,0.002300000,0.031700000,0.323500000,0.774100000,0.018500000,0.140300000,1.018800000,0.208500000,2.810500000,2.808200000,2.517700000,0.292800000,0.005200000,0.029400000,0.019600000,0.268500000,0.290100000,0.290400000,0.104900000,0.004000000,0.662300000,84,0,103,3,7,0.003400000,0.003500000,0.001900000,0.004000000,0.009100000,0.001600000,0.524800000,0.029100000,0.123900000,0.018900000,0.012700000,0.268700000,0.000000000,0.000000000,0.006100000,1.007700000,0.011100000,3,1,7,7,3,,0.234100000,0.004500000,0.293700000,0.061900000,0.015900000,0.051700000,true,true,0.030700000,0.174100000,0.010300000,0.004300000,0.010300000,103,103,0
1506,0,1,1920,1080,640,360,ultra-performance,0.002100000,0.036500000,0.284100000,0.755100000,0.022900000,0.157400000,0.883400000,0.231400000,2.616600000,2.614500000,2.372900000,0.243700000,0.005400000,0.030700000,0.018800000,0.228200000,0.241700000,0.242000000,0.085100000,0.005000000,0.662100000,84,0,103,3,7,0.003500000,0.005100000,0.001900000,0.004200000,0.004000000,0.000800000,0.597100000,0.023700000,0.094000000,0.014800000,0.006000000,0.110600000,0.000400000,0.000000000,0.007600000,0.873700000,0.009700000,3,1,7,7,3,,0.225100000,0.005400000,0.281200000,0.077400000,0.018700000,0.053400000,true,true,0.034500000,0.154900000,0.011500000,0.007200000,0.012500000,103,103,0
1507,1,1,1920,1080,640,360,ultra-performance,0.002000000,0.024700000,0.193100000,0.518300000,0.013800000,0.107500000,0.816600000,0.211700000,2.059200000,2.057200000,1.887700000,0.171500000,0.003800000,0.022800000,0.012900000,0.153000000,0.169200000,0.169400000,0.062300000,0.002900000,0.451200000,84,0,103,3,7,0.002100000,0.002700000,0.001300000,0.003600000,0.004800000,0.000800000,0.519600000,0.025800000,0.115100000,0.015100000,0.006200000,0.102000000,0.000100000,0.000000000,0.007700000,0.806900000,0.009700000,3,1,7,7,3,,0.144300000,0.003200000,0.205100000,0.048800000,0.011900000,0.037400000,true,true,0.020300000,0.101700000,0.008700000,0.003400000,0.007200000,103,103,0
1508,2,1,1920,1080,640,360,ultra-performance,0.002400000,0.042600000,0.285900000,0.766700000,0.022300000,0.152700000,0.879600000,0.181200000,2.585400000,2.583000000,2.333400000,0.252000000,0.006700000,0.033200000,0.017400000,0.227700000,0.250300000,0.250500000,0.095100000,0.005000000,0.664400000,84,0,103,3,7,0.003600000,0.005300000,0.001500000,0.004100000,0.003200000,0.000400000,0.652800000,0.019800000,0.002500000,0.009400000,0.005200000,0.160500000,0.000200000,0.000000000,0.004600000,0.873100000,0.006500000,3,1,7,7,3,,0.224300000,0.006000000,0.291500000,0.073000000,0.016900000,0.052100000,true,true,0.036100000,0.151300000,0.013100000,0.008000000,0.011600000,103,103,0
1509,0,1,1920,1080,640,360,ultra-performance,0.002000000,0.032200000,0.247300000,0.687300000,0.020100000,0.148900000,0.932500000,0.191800000,2.513200000,2.511200000,2.262100000,0.251100000,0.004500000,0.027500000,0.013700000,0.200700000,0.249100000,0.249400000,0.078600000,0.004300000,0.602100000,84,0,103,3,7,0.003200000,0.004100000,0.001600000,0.003600000,0.005100000,0.001200000,0.621600000,0.026000000,0.073600000,0.017500000,0.006100000,0.155600000,0.000100000,0.000000000,0.004800000,0.924100000,0.008400000,3,1,7,7,3,,0.198200000,0.005600000,0.271900000,0.061500000,0.015700000,0.048500000,true,true,0.028000000,0.141100000,0.009300000,0.006800000,0.009300000,103,103,0
1510,1,1,1920,1080,640,360,ultra-performance,0.002100000,0.021600000,0.198500000,0.523300000,0.013500000,0.106200000,0.766700000,0.179900000,1.983500000,1.981400000,1.811800000,0.171700000,0.003700000,0.022200000,0.015800000,0.156300000,0.169800000,0.169900000,0.062100000,0.002700000,0.456600000,84,0,103,3,7,0.002000000,0.003000000,0.001200000,0.003800000,0.003600000,0.000700000,0.557900000,0.022800000,0.052100000,0.011700000,0.005400000,0.089300000,0.000000000,0.000000000,0.006100000,0.759600000,0.007100000,3,1,7,7,3,,0.143500000,0.003300000,0.203800000,0.057700000,0.012200000,0.035600000,true,true,0.019200000,0.101700000,0.008100000,0.003000000,0.008600000,103,103,0
1511,2,1,1920,1080,640,360,ultra-performance,0.002200000,0.029800000,0.250500000,0.711600000,0.032500000,0.170700000,0.694000000,0.188800000,2.303400000,2.301200000,2.080100000,0.223300000,0.004200000,0.028400000,0.017000000,0.200100000,0.221400000,0.221800000,0.075700000,0.004600000,0.628800000,84,0,103,3,7,0.002200000,0.004200000,0.001100000,0.003600000,0.002300000,0.000400000,0.555900000,0.022800000,0.001500000,0.008000000,0.004000000,0.080200000,0.000200000,0.000000000,0.003300000,0.689700000,0.004300000,3,1,7,7,3,,0.182300000,0.004900000,0.280800000,0.074100000,0.021400000,0.064500000,true,true,0.028300000,0.125400000,0.010000000,0.006200000,0.008000000,103,103,0
1512,0,1,1920,1080,640,360,ultra-performance,0.002300000,0.029900000,0.170400000,0.481100000,0.015100000,0.185600000,0.952200000,0.192400000,2.200600000,2.198300000,2.029000000,0.171600000,0.004200000,0.023300000,0.010000000,0.132300000,0.169200000,0.169700000,0.053100000,0.003400000,0.422900000,84,0,103,3,7,0.003300000,0.004800000,0.001800000,0.004500000,0.003300000,0.000400000,0.546400000,0.022600000,0.223400000,0.009200000,0.005400000,0.116500000,0.000100000,0.000000000,0.004500000,0.946200000,0.006000000,3,1,7,7,3,,0.140100000,0.003700000,0.181300000,0.050600000,0.011700000,0.035000000,true,true,0.021700000,0.095700000,0.007900000,0.005300000,0.006700000,103,103,0
1513,1,1,1920,1080,640,360,ultra-performance,0.002000000,0.041700000,0.249500000,0.748000000,0.019400000,0.178400000,0.803600000,0.196400000,2.492700000,2.490700000,2.239000000,0.253700000,0.004700000,0.027800000,0.013100000,0.203200000,0.251900000,0.252300000,0.092300000,0.004000000,0.649200000,84,0,103,3,7,0.003300000,0.004600000,0.002000000,0.004200000,0.005800000,0.001300000,0.537200000,0.024400000,0.073800000,0.013600000,0.007100000,0.111900000,0.000200000,0.000000000,0.005800000,0.795200000,0.008400000,3,1,7,7,3,,0.217900000,0.005600000,0.291700000,0.063100000,0.016800000,0.053400000,true,true,0.027700000,0.158500000,0.010000000,0.006300000,0.010600000,103,103,0
1514,2,1,1920,1080,640,360,ultra-performance,0.002100000,0.025500000,0.204600000,0.751600000,0.020300000,0.148500000,1.204000000,0.209300000,2.887600000,2.885500000,2.565900000,0.321700000,0.003700000,0.022100000,0.014700000,0.163400000,0.319500000,0.320000000,0.101600000,0.002900000,0.640300000,84,0,103,3,7,0.004000000,0.003900000,0.001400000,0.005100000,0.006800000,0.002000000,0.811200000,0.045000000,0.078500000,0.022900000,0.009500000,0.197600000,0.000000000,0.000000000,0.005600000,1.193500000,0.010500000,3,1,7,7,3,,0.213000000,0.005300000,0.303300000,0.055300000,0.014400000,0.048200000,true,true,0.027800000,0.156300000,0.009800000,0.004400000,0.010000000,103,103,0
1515,0,1,1920,1080,640,360,ultra-performance,0.002000000,0.022300000,0.206800000,0.504600000,0.013900000,0.104000000,0.762100000,0.170800000,1.955100000,1.953100000,1.786500000,0.168600000,0.003000000,0.020200000,0.013200000,0.169900000,0.166400000,0.166600000,0.060500000,0.002800000,0.439300000,84,0,103,3,7,0.002500000,0.002700000,0.001200000,0.003700000,0.003000000,0.001100000,0.593300000,0.020400000,0.020000000,0.010800000,0.004800000,0.084200000,0.000000000,0.000000000,0.007000000,0.754700000,0.007400000,3,1,7,7,3,,0.144600000,0.003200000,0.200800000,0.043100000,0.011800000,0.035200000,true,true,0.020700000,0.101500000,0.007800000,0.003600000,0.007800000,103,103,0
1516,1,1,1920,1080,640,360,ultra-performance,0.001900000,0.025300000,0.213900000,0.604300000,0.012500000,0.104800000,0.921200000,0.155200000,2.222100000,2.220200000,2.039100000,0.183000000,0.003800000,0.022000000,0.012100000,0.175000000,0.181000000,0.181600000,0.068600000,0.002900000,0.530600000,84,0,103,3,7,0.002200000,0.003000000,0.001200000,0.003700000,0.003700000,0.000900000,0.564600000,0.027700000,0.197100000,0.013600000,0.005000000,0.084000000,0.000000000,0.000000000,0.005800000,0.912500000,0.008700000,3,1,7,7,3,,0.195500000,0.003300000,0.224000000,0.053900000,0.012700000,0.040400000,true,true,0.020700000,0.142600000,0.009100000,0.004000000,0.008800000,103,103,0
1517,2,1,1920,1080,640,360,ultra-performance,0.001700000,0.025300000,0.207900000,0.655000000,0.014400000,0.104000000,0.836400000,0.209600000,2.262800000,2.261100000,2.054300000,0.208500000,0.003800000,0.022800000,0.013100000,0.167300000,0.206000000,0.206300000,0.110800000,0.002400000,0.539600000,84,0,103,3,7,0.002600000,0.002900000,0.001500000,0.003800000,0.003900000,0.000700000,0.545300000,0.027200000,0.126300000,0.008600000,0.005800000,0.096100000,0.000000000,0.000000000,0.005700000,0.830400000,0.006000000,3,1,7,7,3,,0.150500000,0.003700000,0.264900000,0.058100000,0.018200000,0.043400000,true,true,0.020600000,0.106100000,0.008900000,0.004300000,0.007700000,103,103,0
1518,0,1,1920,1080,640,360,ultra-performance,0.002200000,0.027700000,0.283900000,0.642900000,0.013100000,0.100300000,0.698100000,0.166000000,2.252300000,2.250100000,1.934200000,0.318100000,0.004100000,0.026100000,0.015700000,0.237300000,0.316300000,0.316500000,0.089100000,0.002900000,0.549000000,84,0,103,3,7,0.002000000,0.002700000,0.001200000,0.004000000,0.005900000,0.001400000,0.471100000,0.020600000,0.050700000,0.013100000,0.007000000,0.103900000,0.000000000,0.000000000,0.005200000,0.688800000,0.009300000,3,1,7,7,3,,0.206100000,0.004700000,0.246600000,0.044900000,0.011800000,0.034300000,true,true,0.024800000,0.152300000,0.008800000,0.004200000,0.011600000,103,103,0
1519,1,1,1920,1080,640,360,ultra-performance,0.001900000,0.024500000,0.186400000,0.575100000,0.012800000,0.102200000,0.725900000,0.187300000,1.973900000,1.972000000,1.816100000,0.157800000,0.004300000,0.023800000,0.013300000,0.144400000,0.155700000,0.155900000,0.058200000,0.004000000,0.510400000,84,0,103,3,7,0.002300000,0.002200000,0.001000000,0.003900000,0.005100000,0.001400000,0.469700000,0.017600000,0.102400000,0.010100000,0.005800000,0.089500000,0.000000000,0.000000000,0.007200000,0.718200000,0.007700000,3,1,7,7,3,,0.202900000,0.003800000,0.217500000,0.039200000,0.012200000,0.033900000,true,true,0.026600000,0.146900000,0.010100000,0.003800000,0.011300000,103,103,0
1520,2,1,1920,1080,640,360,ultra-performance,0.001800000,0.026200000,0.219900000,0.538900000,0.012700000,0.102100000,0.725000000,0.182400000,2.033200000,2.031400000,1.809000000,0.224200000,0.003600000,0.022200000,0.012600000,0.180800000,0.222600000,0.222800000,0.076700000,0.003200000,0.456900000,84,0,103,3,7,0.002200000,0.002900000,0.001200000,0.003800000,0.004400000,0.001100000,0.463500000,0.019900000,0.087800000,0.011800000,0.006100000,0.110500000,0.000000000,0.000000000,0.003700000,0.718900000,0.006100000,3,1,7,7,3,,0.151400000,0.003200000,0.205900000,0.047900000,0.013200000,0.034700000,true,true,0.020100000,0.107300000,0.008400000,0.004100000,0.008200000,103,103,0
1521,0,1,1920,1080,640,360,ultra-performance,0.001900000,0.019400000,0.203700000,0.482800000,0.012000000,0.101700000,0.820700000,0.227600000,2.047600000,2.045700000,1.869800000,0.177800000,0.003600000,0.027000000,0.013600000,0.158800000,0.176100000,0.176200000,0.058300000,0.002200000,0.420300000,84,0,103,3,7,0.002200000,0.003100000,0.001300000,0.003500000,0.003800000,0.000800000,0.445100000,0.018900000,0.127400000,0.018000000,0.008000000,0.174300000,0.000000000,0.000000000,0.005600000,0.812000000,0.008700000,3,1,7,7,3,,0.141300000,0.003200000,0.186700000,0.042800000,0.011800000,0.034100000,true,true,0.017300000,0.104600000,0.006300000,0.003400000,0.006700000,103,103,0
1522,1,1,1920,1080,640,360,ultra-performance,0.001800000,0.030900000,0.244900000,0.506500000,0.011900000,0.102400000,0.816200000,0.185400000,2.068200000,2.066400000,1.900000000,0.168200000,0.005200000,0.028300000,0.017900000,0.192700000,0.166300000,0.166600000,0.064600000,0.002500000,0.437400000,84,0,103,3,7,0.002300000,0.002800000,0.001100000,0.003800000,0.002000000,0.000500000,0.594000000,0.019000000,0.003200000,0.007200000,0.004100000,0.161200000,0.000000000,0.000000000,0.011100000,0.812300000,0.003900000,3,1,7,7,3,,0.142900000,0.003200000,0.195800000,0.044800000,0.011900000,0.038200000,true,true,0.019100000,0.102100000,0.007100000,0.004100000,0.007400000,103,103,0
1523,2,1,1920,1080,640,360,ultra-performance,0.002200000,0.021400000,0.170200000,0.462600000,0.011700000,0.098700000,0.857500000,0.252900000,2.056400000,2.054200000,1.877200000,0.179200000,0.003000000,0.019900000,0.009900000,0.136800000,0.177200000,0.177300000,0.054300000,0.002200000,0.404400000,84,0,103,3,7,0.001600000,0.002600000,0.001100000,0.003100000,0.003000000,0.000600000,0.567100000,0.020900000,0.068300000,0.017400000,0.006600000,0.149700000,0.000100000,0.000000000,0.005800000,0.847900000,0.009600000,3,1,7,7,3,,0.132400000,0.003500000,0.183000000,0.040400000,0.011000000,0.033600000,true,true,0.017200000,0.096200000,0.006300000,0.003300000,0.006500000,103,103,0
1524,0,1,1920,1080,640,360,ultra-performance,0.001800000,0.027700000,0.286400000,0.697300000,0.014800000,0.121400000,0.920800000,0.165500000,2.514600000,2.512800000,2.235700000,0.278900000,0.004300000,0.048900000,0.019000000,0.213300000,0.276800000,0.277100000,0.087700000,0.002900000,0.604300000,84,0,103,3,7,0.002600000,0.003000000,0.001200000,0.003700000,0.005200000,0.001200000,0.523700000,0.026300000,0.184100000,0.015800000,0.007300000,0.132300000,0.000000000,0.000000000,0.005500000,0.911900000,0.008900000,3,1,7,7,3,,0.204400000,0.003200000,0.268200000,0.058100000,0.017500000,0.052000000,true,true,0.023100000,0.153200000,0.011100000,0.005100000,0.007900000,103,103,0
1525,1,1,1920,1080,640,360,ultra-performance,0.001800000,0.033500000,0.189300000,0.520900000,0.012800000,0.103400000,0.851100000,0.160500000,2.073200000,2.071400000,1.873300000,0.199900000,0.004100000,0.025500000,0.013300000,0.146000000,0.198200000,0.198500000,0.071800000,0.002600000,0.444700000,84,0,103,3,7,0.002600000,0.002700000,0.001400000,0.003900000,0.003000000,0.000800000,0.572900000,0.018500000,0.027600000,0.012900000,0.005000000,0.187400000,0.000100000,0.000000000,0.004600000,0.843400000,0.007700000,3,1,7,7,3,,0.144900000,0.003300000,0.197900000,0.044500000,0.012400000,0.041100000,true,true,0.018800000,0.105000000,0.007000000,0.004000000,0.007000000,103,103,0
1526,2,1,1920,1080,640,360,ultra-performance,0.002500000,0.039400000,0.283200000,0.705900000,0.019200000,0.142000000,0.921700000,0.370300000,2.775200000,2.772700000,2.484200000,0.291000000,0.004900000,0.030100000,0.021800000,0.225800000,0.287500000,0.288000000,0.101300000,0.006200000,0.596300000,84,0,103,3,7,0.002500000,0.013900000,0.001300000,0.003600000,0.007500000,0.001500000,0.522200000,0.027200000,0.130300000,0.014900000,0.008500000,0.164500000,0.000100000,0.000000000,0.011300000,0.909300000,0.012400000,3,1,7,7,3,,0.261300000,0.005100000,0.207800000,0.068300000,0.014200000,0.039000000,true,true,0.049700000,0.174900000,0.010200000,0.007900000,0.014700000,103,103,0
1527,0,1,1920,1080,640,360,ultra-performance,0.002300000,0.028300000,0.321400000,0.804900000,0.018700000,0.149900000,0.731000000,0.236600000,2.598100000,2.595800000,2.293100000,0.305000000,0.004400000,0.033200000,0.018800000,0.264300000,0.303100000,0.303300000,0.102600000,0.003500000,0.696000000,84,0,103,3,7,0.003200000,0.003600000,0.001800000,0.004000000,0.003100000,0.000400000,0.476300000,0.018200000,0.093700000,0.008800000,0.005200000,0.102000000,0.000000000,0.000000000,0.005000000,0.725300000,0.005700000,3,1,7,7,3,,0.227600000,0.004500000,0.320100000,0.071100000,0.016200000,0.055900000,true,true,0.027900000,0.171000000,0.010300000,0.003500000,0.010400000,103,103,0
1528,1,1,1920,1080,640,360,ultra-performance,0.002000000,0.030300000,0.296900000,0.761500000,0.016400000,0.141700000,0.904000000,0.195300000,2.655200000,2.653200000,2.348100000,0.307100000,0.003500000,0.028000000,0.016000000,0.249100000,0.305200000,0.305400000,0.092600000,0.002800000,0.663400000,84,0,103,3,7,0.002400000,0.003300000,0.001800000,0.004200000,0.003100000,0.000600000,0.609900000,0.018500000,0.029700000,0.009400000,0.005400000,0.204400000,0.000100000,0.000000000,0.004800000,0.897600000,0.006400000,3,1,7,7,3,,0.219900000,0.004400000,0.306900000,0.054000000,0.022400000,0.055200000,true,true,0.025300000,0.166800000,0.009300000,0.003500000,0.010600000,103,103,0
1529,2,1,1920,1080,640,360,ultra-performance,0.002000000,0.030500000,0.300400000,0.752900000,0.015400000,0.145800000,0.720900000,0.179600000,2.456500000,2.454500000,2.147500000,0.309000000,0.003400000,0.027500000,0.018300000,0.250800000,0.307300000,0.307500000,0.089500000,0.002900000,0.657500000,84,0,103,3,7,0.002800000,0.003300000,0.002000000,0.004200000,0.002800000,0.000600000,0.486400000,0.016000000,0.037300000,0.008600000,0.005000000,0.143000000,0.000100000,0.000000000,0.004000000,0.716100000,0.004800000,3,1,7,7,3,,0.209400000,0.004500000,0.305100000,0.065700000,0.016000000,0.056200000,true,true,0.025300000,0.158000000,0.008900000,0.003600000,0.009200000,103,103,0
1530,0,1,1920,1080,640,360,ultra-performance,0.001900000,0.022200000,0.291700000,0.751000000,0.014600000,0.142300000,0.847100000,0.187800000,2.567500000,2.565600000,2.258600000,0.308900000,0.003300000,0.026600000,0.015100000,0.246400000,0.307400000,0.307600000,0.092800000,0.002800000,0.652600000,84,0,103,3,7,0.002600000,0.003300000,0.001800000,0.004000000,0.003200000,0.000500000,0.656300000,0.014600000,0.002400000,0.009500000,0.005200000,0.132300000,0.000000000,0.000000000,0.004600000,0.840300000,0.006800000,3,1,7,7,3,,0.213900000,0.004400000,0.313200000,0.051100000,0.015500000,0.054000000,true,true,0.023800000,0.164300000,0.008300000,0.003900000,0.009200000,103,103,0
1531,1,1,1920,1080,640,360,ultra-performance,0.001900000,0.027300000,0.294500000,0.754600000,0.015500000,0.142800000,0.708000000,0.181000000,2.449400000,2.447500000,2.125600000,0.323800000,0.003400000,0.027200000,0.015700000,0.247800000,0.322300000,0.322400000,0.095300000,0.002800000,0.653000000,84,0,103,3,7,0.003200000,0.003200000,0.001700000,0.004100000,0.002900000,0.000700000,0.535300000,0.014500000,0.028600000,0.008300000,0.005300000,0.090000000,0.000100000,0.000000000,0.004400000,0.702300000,0.005700000,3,1,7,7,3,,0.215700000,0.004300000,0.311100000,0.051400000,0.015700000,0.054300000,true,true,0.024300000,0.165600000,0.008300000,0.004100000,0.009100000,103,103,0
1532,2,1,1920,1080,640,360,ultra-performance,0.001900000,0.022600000,0.297100000,0.745100000,0.015600000,0.141500000,0.907600000,0.186500000,2.628500000,2.626600000,2.317900000,0.310600000,0.003500000,0.026400000,0.015200000,0.251500000,0.308600000,0.308700000,0.091800000,0.002400000,0.648000000,84,0,103,3,7,0.003100000,0.003400000,0.001700000,0.004100000,0.003200000,0.000400000,0.603200000,0.014900000,0.159700000,0.009500000,0.004900000,0.086800000,0.000100000,0.000000000,0.004700000,0.899700000,0.007900000,3,1,7,7,3,,0.212300000,0.004400000,0.309100000,0.051100000,0.015600000,0.055000000,true,true,0.024200000,0.162200000,0.008700000,0.003500000,0.009100000,103,103,0
1533,0,1,1920,1080,640,360,ultra-performance,0.001800000,0.029600000,0.297300000,0.772700000,0.016600000,0.145900000,0.786400000,0.218500000,2.577800000,2.576000000,2.268800000,0.309000000,0.003600000,0.027100000,0.015700000,0.250600000,0.307500000,0.307700000,0.095600000,0.002800000,0.671200000,84,0,103,3,7,0.003100000,0.003400000,0.001800000,0.004300000,0.003200000,0.000700000,0.536800000,0.014500000,0.104500000,0.008500000,0.005400000,0.090700000,0.000100000,0.000000000,0.004300000,0.781300000,0.005100000,3,1,7,7,3,,0.215000000,0.004400000,0.306000000,0.051900000,0.015900000,0.077400000,true,true,0.024700000,0.163600000,0.009000000,0.004200000,0.009100000,103,103,0
1534,1,1,1920,1080,640,360,ultra-performance,0.002000000,0.023800000,0.294900000,0.740500000,0.014900000,0.149100000,0.626500000,0.239500000,2.408500000,2.406500000,2.091200000,0.317300000,0.003500000,0.025900000,0.015300000,0.249800000,0.315800000,0.316000000,0.092800000,0.002500000,0.642400000,84,0,103,3,7,0.003100000,0.003200000,0.001700000,0.003900000,0.002700000,0.000500000,0.420700000,0.014000000,0.042500000,0.008100000,0.004500000,0.112600000,0.000100000,0.000000000,0.004400000,0.622000000,0.004500000,3,1,7,7,3,,0.214000000,0.004400000,0.302200000,0.051800000,0.015200000,0.054000000,true,true,0.025100000,0.163700000,0.007900000,0.003600000,0.009300000,103,103,0
1535,2,1,1920,1080,640,360,ultra-performance,0.001900000,0.025000000,0.293500000,0.746900000,0.015400000,0.143400000,0.757600000,0.187000000,2.481200000,2.479300000,2.170700000,0.310500000,0.003300000,0.025200000,0.015600000,0.249100000,0.308700000,0.308800000,0.092600000,0.002600000,0.648700000,84,0,103,3,7,0.002200000,0.003300000,0.001600000,0.004200000,0.002900000,0.000600000,0.525800000,0.013900000,0.083900000,0.008800000,0.005300000,0.094700000,0.000000000,0.000000000,0.004600000,0.751800000,0.005800000,3,1,7,7,3,,0.213200000,0.004400000,0.301700000,0.052500000,0.015500000,0.060900000,true,true,0.023900000,0.163500000,0.008600000,0.003800000,0.009000000,103,103,0
1536,0,1,1920,1080,640,360,ultra-performance,0.001900000,0.020600000,0.295400000,0.745600000,0.015200000,0.143100000,0.889700000,0.182300000,2.612400000,2.610500000,2.293800000,0.318600000,0.003400000,0.026400000,0.015400000,0.249800000,0.317000000,0.317100000,0.093700000,0.002400000,0.646700000,84,0,103,3,7,0.003100000,0.003200000,0.001600000,0.004500000,0.003000000,0.000700000,0.517700000,0.014200000,0.101800000,0.009500000,0.005400000,0.215000000,0.000000000,0.000000000,0.004300000,0.884000000,0.005700000,3,1,7,7,3,,0.215800000,0.004400000,0.303900000,0.051700000,0.015800000,0.054300000,true,true,0.024500000,0.164600000,0.009300000,0.003800000,0.009400000,103,103,0
1537,1,1,1920,1080,640,360,ultra-performance,0.002200000,0.020800000,0.295000000,0.747100000,0.015000000,0.144200000,0.713000000,0.173100000,2.422000000,2.419800000,2.110400000,0.311600000,0.003200000,0.025700000,0.015100000,0.250500000,0.310100000,0.310300000,0.093300000,0.002600000,0.648400000,84,0,103,3,7,0.003000000,0.003200000,0.001700000,0.004200000,0.002000000,0.000600000,0.478700000,0.014800000,0.026300000,0.011500000,0.004200000,0.153700000,0.000000000,0.000000000,0.003400000,0.707300000,0.005700000,3,1,7,7,3,,0.213000000,0.004400000,0.307200000,0.052400000,0.015700000,0.055100000,true,true,0.024100000,0.164400000,0.007600000,0.003600000,0.009000000,103,103,0
1538,2,1,1920,1080,640,360,ultra-performance,0.001900000,0.019500000,0.172900000,0.480500000,0.011700000,0.101600000,0.666000000,0.183600000,1.823600000,1.821700000,1.637700000,0.185900000,0.002900000,0.017800000,0.009800000,0.141900000,0.184600000,0.184600000,0.054800000,0.002200000,0.421500000,84,0,103,3,7,0.002100000,0.002500000,0.001200000,0.003100000,0.003700000,0.000700000,0.431400000,0.016700000,0.041900000,0.008700000,0.005600000,0.137800000,0.000000000,0.000000000,0.004300000,0.659700000,0.006300000,3,1,7,7,3,,0.133400000,0.003300000,0.195300000,0.042300000,0.011900000,0.034700000,true,true,0.017200000,0.096500000,0.006400000,0.003400000,0.006800000,103,103,0
1539,0,1,1920,1080,640,360,ultra-performance,0.002000000,0.024300000,0.263700000,0.648700000,0.014900000,0.132300000,0.733200000,0.194500000,2.278900000,2.276900000,2.013600000,0.265300000,0.003600000,0.023200000,0.013000000,0.223400000,0.263700000,0.263900000,0.082700000,0.002500000,0.561200000,84,0,103,3,7,0.002200000,0.003200000,0.001400000,0.004200000,0.002700000,0.000600000,0.507800000,0.015100000,0.084500000,0.009000000,0.005000000,0.087600000,0.000000000,0.000000000,0.004500000,0.727800000,0.005400000,3,1,7,7,3,,0.186700000,0.003900000,0.258500000,0.050500000,0.014000000,0.047100000,true,true,0.022700000,0.140300000,0.007600000,0.004100000,0.008300000,103,103,0
1540,1,1,1920,1080,640,360,ultra-performance,0.002000000,0.021300000,0.256800000,0.654300000,0.014800000,0.129700000,0.907300000,0.176400000,2.432300000,2.430300000,2.162600000,0.269700000,0.003500000,0.022700000,0.014100000,0.216200000,0.268400000,0.268500000,0.080500000,0.002700000,0.568600000,84,0,103,3,7,0.003200000,0.003100000,0.001400000,0.003600000,0.002700000,0.000600000,0.581400000,0.020900000,0.177100000,0.010400000,0.005400000,0.087900000,0.000100000,0.000000000,0.003700000,0.901500000,0.005800000,3,1,7,7,3,,0.186900000,0.004000000,0.258400000,0.057400000,0.013800000,0.047500000,true,true,0.020800000,0.141700000,0.008300000,0.003600000,0.008500000,103,103,0
1541,2,1,1920,1080,640,360,ultra-performance,0.001800000,0.019000000,0.169200000,0.471900000,0.011900000,0.099200000,0.793700000,0.254200000,1.990700000,1.988900000,1.820900000,0.169800000,0.002800000,0.017500000,0.009600000,0.138700000,0.167000000,0.167200000,0.054300000,0.002100000,0.413500000,84,0,103,3,7,0.002200000,0.002500000,0.001300000,0.003300000,0.005100000,0.001100000,0.506800000,0.019500000,0.108300000,0.011900000,0.006500000,0.108400000,0.000000000,0.000000000,0.006600000,0.783500000,0.010200000,3,1,7,7,3,,0.132600000,0.003200000,0.188200000,0.043600000,0.011300000,0.034100000,true,true,0.017000000,0.095900000,0.007000000,0.003400000,0.006500000,103,103,0
1542,0,1,1920,1080,640,360,ultra-performance,0.002800000,0.043100000,0.311600000,0.844100000,0.024200000,0.175600000,0.940500000,0.285500000,2.885400000,2.882600000,2.627400000,0.258000000,0.009200000,0.045100000,0.018400000,0.237600000,0.255100000,0.255500000,0.092100000,0.006700000,0.741700000,84,0,103,3,7,0.003200000,0.005100000,0.001700000,0.005200000,0.004300000,0.001000000,0.694800000,0.030700000,0.033900000,0.014300000,0.006100000,0.124300000,0.000200000,0.000000000,0.008100000,0.932900000,0.007600000,3,1,7,7,3,,0.262600000,0.006600000,0.294000000,0.101100000,0.020400000,0.056000000,true,true,0.050200000,0.174500000,0.013600000,0.006800000,0.012500000,103,103,0
1543,1,1,1920,1080,640,360,ultra-performance,0.002600000,0.034800000,0.274000000,0.721600000,0.020300000,0.148100000,1.106900000,0.323000000,2.885100000,2.882500000,2.631300000,0.253800000,0.006600000,0.034400000,0.017200000,0.215000000,0.250700000,0.251300000,0.081300000,0.004500000,0.633500000,84,0,103,3,7,0.003200000,0.003900000,0.001500000,0.004200000,0.007800000,0.001600000,0.704400000,0.035500000,0.051600000,0.015100000,0.008800000,0.249900000,0.000100000,0.000000000,0.008700000,1.096300000,0.010600000,3,1,7,7,3,,0.227500000,0.005400000,0.259800000,0.067400000,0.015700000,0.057000000,true,true,0.037600000,0.159500000,0.011000000,0.005200000,0.009900000,103,103,0
1544,2,1,1920,1080,640,360,ultra-performance,0.001900000,0.021300000,0.197000000,0.541700000,0.012400000,0.105600000,0.888400000,0.227100000,2.167000000,2.165100000,1.995400000,0.171600000,0.003800000,0.021700000,0.012300000,0.158600000,0.169600000,0.169700000,0.062200000,0.002600000,0.475000000,84,0,103,3,7,0.001900000,0.003100000,0.001100000,0.003300000,0.007400000,0.001500000,0.568800000,0.017300000,0.135500000,0.009700000,0.006600000,0.116000000,0.000100000,0.000000000,0.006700000,0.879000000,0.009400000,3,1,7,7,3,,0.163500000,0.003300000,0.202700000,0.056800000,0.011300000,0.036900000,true,true,0.028500000,0.105500000,0.010600000,0.008500000,0.007500000,103,103,0
1545,0,1,1920,1080,640,360,ultra-performance,0.002100000,0.035100000,0.271000000,0.719800000,0.021400000,0.170200000,1.043300000,0.276900000,2.794300000,2.792200000,2.539800000,0.254500000,0.006800000,0.033700000,0.017100000,0.212600000,0.251000000,0.251300000,0.085000000,0.004800000,0.626900000,84,0,103,3,7,0.003700000,0.005000000,0.002300000,0.004300000,0.007300000,0.001900000,0.646900000,0.032300000,0.116500000,0.016200000,0.008400000,0.175900000,0.000200000,0.000000000,0.010900000,1.031800000,0.011500000,3,1,7,7,3,,0.207600000,0.005800000,0.274500000,0.072000000,0.016400000,0.050000000,true,true,0.033200000,0.142600000,0.009800000,0.006100000,0.010900000,103,103,0
1546,1,1,1920,1080,640,360,ultra-performance,0.002000000,0.031300000,0.247100000,0.588300000,0.014000000,0.116800000,0.784200000,0.192700000,2.142400000,2.140400000,1.976400000,0.166000000,0.004400000,0.030100000,0.019900000,0.192000000,0.164900000,0.165100000,0.085200000,0.004100000,0.497100000,84,0,103,3,7,0.001800000,0.002800000,0.001200000,0.003700000,0.003000000,0.000700000,0.536500000,0.020600000,0.047400000,0.011500000,0.005300000,0.139700000,0.000100000,0.000000000,0.004200000,0.778500000,0.005700000,3,1,7,7,3,,0.180900000,0.003500000,0.204500000,0.060200000,0.012100000,0.035400000,true,true,0.029000000,0.128500000,0.008400000,0.003900000,0.007500000,103,103,0
1547,2,1,1920,1080,640,360,ultra-performance,0.001800000,0.018400000,0.171600000,0.586600000,0.012600000,0.112300000,0.719500000,0.188100000,1.979100000,1.977300000,1.810900000,0.168200000,0.002900000,0.018900000,0.011000000,0.138100000,0.166100000,0.166300000,0.070100000,0.003100000,0.511500000,84,0,103,3,7,0.002300000,0.003000000,0.001100000,0.003300000,0.006800000,0.001300000,0.479300000,0.019700000,0.048100000,0.013000000,0.005900000,0.121900000,0.000100000,0.000000000,0.005300000,0.711100000,0.008400000,3,1,7,7,3,,0.176200000,0.003300000,0.200600000,0.082200000,0.012400000,0.036300000,true,true,0.026400000,0.128100000,0.008000000,0.003500000,0.007300000,103,103,0
1548,0,1,1920,1080,640,360,ultra-performance,0.002400000,0.031200000,0.191800000,0.738800000,0.016400000,0.136600000,1.100300000,0.333500000,2.742900000,2.740500000,2.551000000,0.191900000,0.006400000,0.027000000,0.013800000,0.143900000,0.188200000,0.188600000,0.105400000,0.003600000,0.627200000,84,0,103,3,7,0.003200000,0.003600000,0.001500000,0.004400000,0.006400000,0.001800000,0.798600000,0.031900000,0.044400000,0.017800000,0.008200000,0.154300000,0.000000000,0.000000000,0.012000000,1.088100000,0.012200000,3,1,7,7,3,,0.207500000,0.004200000,0.290800000,0.059100000,0.016000000,0.049100000,true,true,0.024900000,0.152500000,0.009900000,0.004600000,0.010700000,103,103,0
1549,1,1,1920,1080,640,360,ultra-performance,0.001500000,0.030000000,0.253500000,0.700500000,0.016100000,0.143100000,0.788600000,0.221800000,2.421600000,2.420100000,2.155100000,0.266500000,0.003800000,0.023600000,0.012600000,0.212700000,0.264200000,0.264800000,0.091400000,0.003100000,0.603600000,84,0,103,3,7,0.003300000,0.003200000,0.001800000,0.004200000,0.003400000,0.000800000,0.515200000,0.017700000,0.032100000,0.009400000,0.005200000,0.181600000,0.000100000,0.000000000,0.003900000,0.781900000,0.006700000,3,1,7,7,3,,0.208200000,0.004000000,0.270900000,0.057600000,0.015700000,0.046600000,true,true,0.023000000,0.144000000,0.023700000,0.004400000,0.008800000,103,103,0
1550,2,1,1920,1080,640,360,ultra-performance,0.002300000,0.032700000,0.250400000,0.639400000,0.014400000,0.129600000,0.916400000,0.211000000,2.451100000,2.448800000,2.196200000,0.254900000,0.004000000,0.025600000,0.014800000,0.205400000,0.252700000,0.253000000,0.079500000,0.002600000,0.554800000,84,0,103,3,7,0.003300000,0.003100000,0.001600000,0.004100000,0.003000000,0.000900000,0.623700000,0.020100000,0.131200000,0.010000000,0.005900000,0.097600000,0.000100000,0.000000000,0.004800000,0.909400000,0.007000000,3,1,7,7,3,,0.183100000,0.003900000,0.257800000,0.048800000,0.014100000,0.046500000,true,true,0.022100000,0.137100000,0.008400000,0.003700000,0.008300000,103,103,0
1551,0,1,1920,1080,640,360,ultra-performance,0.002400000,0.029100000,0.262700000,0.672200000,0.015600000,0.139600000,0.772700000,0.184200000,2.349800000,2.347400000,2.078500000,0.271300000,0.003700000,0.028700000,0.014100000,0.215700000,0.268900000,0.269100000,0.083100000,0.002500000,0.584000000,84,0,103,3,7,0.003500000,0.003400000,0.001500000,0.004000000,0.004300000,0.000700000,0.579200000,0.021000000,0.029500000,0.010200000,0.005800000,0.097400000,0.000000000,0.000000000,0.005700000,0.766200000,0.006500000,3,1,7,7,3,,0.191100000,0.004000000,0.274600000,0.050500000,0.014300000,0.048700000,true,true,0.021600000,0.144000000,0.009300000,0.004000000,0.008400000,103,103,0
1552,1,1,1920,1080,640,360,ultra-performance,0.001900000,0.024900000,0.235600000,0.744800000,0.021800000,0.159700000,0.854500000,0.265500000,2.565800000,2.563900000,2.308700000,0.257100000,0.003900000,0.021800000,0.013700000,0.195700000,0.249000000,0.249200000,0.083800000,0.005600000,0.653100000,84,0,103,3,7,0.003000000,0.004800000,0.001500000,0.004500000,0.005300000,0.001100000,0.584800000,0.024000000,0.089600000,0.011400000,0.006700000,0.101300000,0.000300000,0.000000000,0.008000000,0.846300000,0.008200000,3,1,7,7,3,,0.218500000,0.005800000,0.284400000,0.076700000,0.016800000,0.049700000,true,true,0.038500000,0.146000000,0.011400000,0.006000000,0.011600000,103,103,0
1553,2,1,1920,1080,640,360,ultra-performance,0.002000000,0.019400000,0.199000000,0.508400000,0.013000000,0.103200000,0.813600000,0.164900000,1.992400000,1.990400000,1.823500000,0.168900000,0.003700000,0.020900000,0.014300000,0.159600000,0.167400000,0.167500000,0.061200000,0.002700000,0.442900000,84,0,103,3,7,0.002200000,0.002600000,0.001500000,0.003300000,0.003800000,0.001100000,0.580500000,0.020700000,0.042600000,0.015800000,0.007700000,0.120800000,0.000000000,0.000000000,0.004100000,0.806700000,0.006900000,3,1,7,7,3,,0.148800000,0.003300000,0.196800000,0.046900000,0.011400000,0.035100000,true,true,0.019900000,0.102200000,0.013700000,0.003300000,0.007000000,103,103,0
1554,0,1,1920,1080,640,360,ultra-performance,0.001800000,0.022500000,0.259000000,0.705700000,0.015400000,0.134200000,0.755500000,0.188100000,2.349100000,2.347300000,2.082200000,0.266900000,0.003200000,0.017700000,0.010200000,0.227500000,0.264600000,0.264800000,0.091400000,0.003100000,0.608700000,84,0,103,3,7,0.002400000,0.003200000,0.001400000,0.004400000,0.004900000,0.001000000,0.540100000,0.020400000,0.018200000,0.012100000,0.005700000,0.128900000,0.000100000,0.000000000,0.005900000,0.748700000,0.006800000,3,1,7,7,3,,0.197000000,0.004100000,0.286200000,0.055300000,0.014700000,0.050800000,true,true,0.023000000,0.148400000,0.008100000,0.004000000,0.009400000,103,103,0
1555,1,1,1920,1080,640,360,ultra-performance,0.002100000,0.026100000,0.182100000,0.727700000,0.018900000,0.146100000,1.049700000,0.351700000,2.674100000,2.672000000,2.504400000,0.169700000,0.005400000,0.024200000,0.011900000,0.139900000,0.167100000,0.167300000,0.058100000,0.003900000,0.662800000,84,0,103,3,7,0.003600000,0.003800000,0.001700000,0.006000000,0.007100000,0.001300000,0.691400000,0.033100000,0.080500000,0.017200000,0.012900000,0.171700000,0.000000000,0.000000000,0.008700000,1.039000000,0.010700000,3,1,7,7,3,,0.225000000,0.004500000,0.298200000,0.057400000,0.015500000,0.061300000,true,true,0.028800000,0.155600000,0.013100000,0.004600000,0.014200000,103,103,0
1556,2,1,1920,1080,640,360,ultra-performance,0.003000000,0.032700000,0.193000000,0.606900000,0.018600000,0.126200000,0.701200000,0.231200000,2.068100000,2.065100000,1.912800000,0.155300000,0.004800000,0.021800000,0.013000000,0.152900000,0.152600000,0.152800000,0.059800000,0.002900000,0.542000000,84,0,103,3,7,0.001900000,0.004500000,0.001200000,0.003600000,0.005000000,0.001000000,0.464700000,0.021100000,0.027800000,0.009700000,0.005500000,0.138200000,0.000100000,0.000000000,0.007600000,0.691900000,0.009300000,3,1,7,7,3,,0.155200000,0.006900000,0.257100000,0.066200000,0.013800000,0.042300000,true,true,0.022800000,0.103500000,0.012800000,0.005000000,0.007700000,103,103,0
1557,0,1,1920,1080,640,360,ultra-performance,0.002200000,0.029800000,0.290100000,0.702600000,0.016100000,0.114300000,0.807300000,0.216700000,2.511500000,2.509300000,2.179100000,0.332400000,0.005200000,0.037300000,0.018300000,0.228800000,0.330700000,0.330900000,0.090200000,0.003900000,0.606500000,84,0,103,3,7,0.002000000,0.003100000,0.001500000,0.003600000,0.005400000,0.001300000,0.477600000,0.025600000,0.134600000,0.013700000,0.006600000,0.121500000,0.000100000,0.000000000,0.004300000,0.800900000,0.006400000,3,1,7,7,3,,0.216800000,0.004600000,0.280500000,0.055400000,0.012800000,0.035800000,true,true,0.032500000,0.154800000,0.010900000,0.003900000,0.010900000,103,103,0
1558,1,1,1920,1080,640,360,ultra-performance,0.002000000,0.027300000,0.217300000,0.516000000,0.015200000,0.119200000,0.786100000,0.197500000,2.053200000,2.051200000,1.880600000,0.172600000,0.004200000,0.020500000,0.013200000,0.178700000,0.171200000,0.171400000,0.056900000,0.003000000,0.454300000,84,0,103,3,7,0.002500000,0.003000000,0.001300000,0.003600000,0.004700000,0.001200000,0.424200000,0.028800000,0.167200000,0.011300000,0.006000000,0.119300000,0.000000000,0.000000000,0.006300000,0.779400000,0.006700000,3,1,7,7,3,,0.151600000,0.003700000,0.196100000,0.052400000,0.013000000,0.036800000,true,true,0.025700000,0.102300000,0.007500000,0.003900000,0.008900000,103,103,0
1559,2,1,1920,1080,640,360,ultra-performance,0.002200000,0.027900000,0.210500000,0.548300000,0.015800000,0.114600000,0.861200000,0.173000000,2.139800000,2.137600000,1.953500000,0.186300000,0.003900000,0.021300000,0.010300000,0.174500000,0.184100000,0.184200000,0.056400000,0.003500000,0.486400000,84,0,103,3,7,0.002300000,0.003000000,0.001200000,0.003500000,0.005500000,0.001200000,0.613100000,0.029800000,0.046800000,0.014500000,0.006000000,0.119500000,0.000200000,0.000000000,0.005900000,0.852500000,0.008700000,3,1,7,7,3,,0.185800000,0.004200000,0.194100000,0.052300000,0.012900000,0.036600000,true,true,0.031600000,0.130700000,0.008500000,0.003800000,0.007600000,103,103,0
1560,0,1,1920,1080,640,360,ultra-performance,0.002000000,0.024500000,0.193100000,0.497100000,0.016000000,0.115700000,0.677300000,0.282700000,1.962400000,1.960400000,1.808400000,0.154000000,0.004100000,0.027500000,0.013400000,0.147400000,0.151800000,0.152000000,0.056900000,0.003200000,0.435200000,84,0,103,3,7,0.002500000,0.003100000,0.001000000,0.003100000,0.004800000,0.001000000,0.496900000,0.020700000,0.024400000,0.009800000,0.004800000,0.089300000,0.000200000,0.000000000,0.007500000,0.669100000,0.008200000,3,1,7,7,3,,0.143600000,0.004000000,0.187300000,0.052400000,0.013100000,0.034200000,true,true,0.021900000,0.098100000,0.007800000,0.004200000,0.008700000,103,103,0
1561,1,1,1920,1080,640,360,ultra-performance,0.010500000,0.035500000,0.291600000,0.798900000,0.023100000,0.167100000,0.730600000,0.269900000,2.595300000,2.584800000,2.327200000,0.268100000,0.006100000,0.035300000,0.016200000,0.233300000,0.266200000,0.266400000,0.091400000,0.005200000,0.699700000,84,0,103,3,7,0.003100000,0.004000000,0.002200000,0.004300000,0.003200000,0.000700000,0.504800000,0.021900000,0.054700000,0.010100000,0.005600000,0.105500000,0.000100000,0.000000000,0.004400000,0.724600000,0.006000000,3,1,7,7,3,,0.230100000,0.005600000,0.310300000,0.076300000,0.018100000,0.058500000,true,true,0.036900000,0.162400000,0.011100000,0.004100000,0.010900000,103,103,0
1562,2,1,1920,1080,640,360,ultra-performance,0.002300000,0.034800000,0.293700000,0.768600000,0.018400000,0.154500000,1.124400000,0.217400000,2.923900000,2.921600000,2.614100000,0.309800000,0.004400000,0.028700000,0.015500000,0.244500000,0.306000000,0.306300000,0.091600000,0.003900000,0.670600000,84,0,103,3,7,0.003000000,0.003700000,0.001700000,0.004100000,0.007200000,0.001500000,0.470100000,0.034800000,0.380700000,0.018400000,0.009800000,0.164700000,0.000200000,0.000000000,0.011500000,1.111400000,0.013000000,3,1,7,7,3,,0.223000000,0.004800000,0.304200000,0.064300000,0.017200000,0.056400000,true,true,0.031500000,0.164800000,0.008200000,0.004200000,0.010000000,103,103,0
1563,0,1,1920,1080,640,360,ultra-performance,0.001800000,0.022400000,0.194600000,0.516900000,0.015900000,0.109800000,0.708300000,0.272900000,2.001100000,1.999300000,1.842600000,0.158500000,0.004300000,0.028100000,0.012500000,0.148900000,0.156100000,0.156300000,0.057400000,0.003100000,0.454500000,84,0,103,3,7,0.002400000,0.003500000,0.001200000,0.003100000,0.004200000,0.000900000,0.506900000,0.017200000,0.036300000,0.008300000,0.004100000,0.104400000,0.000100000,0.000000000,0.007700000,0.700300000,0.008000000,3,1,7,7,3,,0.141000000,0.003600000,0.190800000,0.061900000,0.012800000,0.043600000,true,true,0.021400000,0.097500000,0.007300000,0.003900000,0.008000000,103,103,0
1564,1,1,1920,1080,640,360,ultra-performance,0.002500000,0.036600000,0.306100000,0.802100000,0.020500000,0.159400000,0.888500000,0.277400000,2.794000000,2.791500000,2.493100000,0.300900000,0.004900000,0.031800000,0.017200000,0.251400000,0.298100000,0.298200000,0.096200000,0.004200000,0.699100000,84,0,103,3,7,0.002200000,0.003400000,0.001300000,0.003600000,0.005700000,0.001200000,0.576900000,0.023700000,0.109200000,0.015000000,0.007000000,0.121900000,0.000200000,0.000000000,0.009000000,0.880300000,0.008200000,3,1,7,7,3,,0.226500000,0.005000000,0.321000000,0.070700000,0.018000000,0.057100000,true,true,0.031100000,0.165600000,0.010000000,0.004100000,0.010600000,103,103,0
1565,2,1,1920,1080,640,360,ultra-performance,0.001800000,0.025900000,0.179800000,0.496600000,0.015300000,0.110200000,0.846700000,0.159600000,2.000500000,1.998700000,1.835900000,0.164600000,0.004400000,0.021700000,0.012600000,0.140600000,0.162400000,0.162700000,0.057700000,0.002900000,0.434300000,84,0,103,3,7,0.002200000,0.002800000,0.001500000,0.003200000,0.003900000,0.001200000,0.597600000,0.024300000,0.054000000,0.013100000,0.006000000,0.123000000,0.000100000,0.000000000,0.006400000,0.839300000,0.007400000,3,1,7,7,3,,0.145000000,0.003900000,0.188300000,0.049200000,0.012900000,0.034200000,true,true,0.026300000,0.097000000,0.007500000,0.004000000,0.007400000,103,103,0
1566,0,1,1920,1080,640,360,ultra-performance,0.001700000,0.034700000,0.158600000,0.510100000,0.013800000,0.131500000,0.825000000,0.148700000,1.987000000,1.985300000,1.824100000,0.162900000,0.003200000,0.017100000,0.009700000,0.128200000,0.161500000,0.161700000,0.080500000,0.002800000,0.424900000,84,0,103,3,7,0.002500000,0.003900000,0.001300000,0.003700000,0.002800000,0.000900000,0.530500000,0.028600000,0.135400000,0.009600000,0.004700000,0.092300000,0.000000000,0.000000000,0.004300000,0.820500000,0.004500000,3,1,7,7,3,,0.153200000,0.003300000,0.180800000,0.042800000,0.011500000,0.032700000,true,true,0.023200000,0.110700000,0.005700000,0.003700000,0.006900000,103,103,0
1567,1,1,1920,1080,640,360,ultra-performance,0.001600000,0.023600000,0.173800000,0.470800000,0.014500000,0.105700000,0.737700000,0.255000000,1.945400000,1.943800000,1.782700000,0.162700000,0.003100000,0.019500000,0.009400000,0.141300000,0.160400000,0.160600000,0.051200000,0.002600000,0.415300000,84,0,103,3,7,0.002100000,0.002600000,0.001100000,0.003200000,0.004200000,0.001000000,0.528300000,0.021200000,0.046000000,0.010600000,0.005000000,0.095500000,0.000000000,0.000000000,0.007600000,0.728400000,0.009300000,3,1,7,7,3,,0.131300000,0.003800000,0.185900000,0.047700000,0.011700000,0.034500000,true,true,0.017400000,0.094300000,0.006500000,0.003500000,0.006800000,103,103,0
1568,2,1,1920,1080,640,360,ultra-performance,0.002700000,0.038100000,0.321100000,0.817600000,0.020200000,0.161400000,0.769400000,0.214400000,2.647600000,2.644900000,2.344900000,0.302700000,0.005600000,0.035700000,0.017600000,0.261400000,0.300900000,0.301000000,0.098000000,0.004500000,0.712600000,84,0,103,3,7,0.003300000,0.004300000,0.001900000,0.004300000,0.003300000,0.000500000,0.498000000,0.020200000,0.121800000,0.009100000,0.005400000,0.085900000,0.000200000,0.000000000,0.004900000,0.763100000,0.006300000,3,1,7,7,3,,0.240000000,0.005400000,0.320300000,0.070900000,0.017800000,0.057300000,true,true,0.036200000,0.173000000,0.010600000,0.004400000,0.011100000,103,103,0
1569,0,1,1920,1080,640,360,ultra-performance,0.002300000,0.030500000,0.295200000,0.745000000,0.020100000,0.153100000,0.922900000,0.197200000,2.680400000,2.678100000,2.366300000,0.314100000,0.004100000,0.028100000,0.015200000,0.247400000,0.312700000,0.312800000,0.092300000,0.002700000,0.647500000,84,0,103,3,7,0.003300000,0.003800000,0.002300000,0.004100000,0.003000000,0.000500000,0.610400000,0.023500000,0.102800000,0.010400000,0.005200000,0.143700000,0.000000000,0.000000000,0.004100000,0.917100000,0.005800000,3,1,7,7,3,,0.213500000,0.005000000,0.300400000,0.057000000,0.016400000,0.054200000,true,true,0.025700000,0.161700000,0.008800000,0.004000000,0.009200000,103,103,0
1570,1,1,1920,1080,640,360,ultra-performance,0.002300000,0.030700000,0.298900000,0.747700000,0.017000000,0.148200000,0.934300000,0.187500000,2.671800000,2.669500000,2.366600000,0.305200000,0.003700000,0.025500000,0.022500000,0.246600000,0.303900000,0.304000000,0.090700000,0.002700000,0.651600000,84,0,103,3,7,0.002900000,0.003100000,0.001600000,0.004300000,0.003300000,0.000700000,0.573100000,0.015100000,0.165300000,0.009800000,0.005000000,0.138900000,0.000000000,0.000000000,0.004400000,0.927500000,0.006800000,3,1,7,7,3,,0.209600000,0.004400000,0.298500000,0.054500000,0.016000000,0.068000000,true,true,0.024100000,0.160900000,0.007900000,0.003400000,0.009200000,103,103,0
1571,2,1,1920,1080,640,360,ultra-performance,0.002100000,0.025800000,0.292900000,0.742700000,0.015400000,0.140600000,0.900200000,0.211200000,2.636500000,2.634400000,2.330900000,0.305600000,0.003600000,0.025700000,0.015200000,0.248100000,0.303700000,0.303900000,0.090800000,0.002700000,0.646700000,84,0,103,3,7,0.003100000,0.003500000,0.001500000,0.003900000,0.003300000,0.000600000,0.541400000,0.019000000,0.185200000,0.009900000,0.005400000,0.111500000,0.000100000,0.000000000,0.004900000,0.893300000,0.006900000,3,1,7,7,3,,0.208300000,0.004200000,0.311100000,0.053000000,0.016000000,0.053500000,true,true,0.024700000,0.158800000,0.007700000,0.004100000,0.008900000,103,103,0
1572,0,1,1920,1080,640,360,ultra-performance,0.002600000,0.028000000,0.293700000,0.756700000,0.016000000,0.145300000,1.156100000,0.350900000,3.069800000,3.067200000,2.749300000,0.320500000,0.004100000,0.027000000,0.014800000,0.247300000,0.316700000,0.316900000,0.093200000,0.002800000,0.658100000,84,0,103,3,7,0.003000000,0.003500000,0.001600000,0.004100000,0.010200000,0.002100000,0.587100000,0.027600000,0.129700000,0.019700000,0.012600000,0.328700000,0.000000000,0.000000000,0.012100000,1.142000000,0.014100000,3,1,7,7,3,,0.220500000,0.004700000,0.306300000,0.056700000,0.015700000,0.053400000,true,true,0.024500000,0.170000000,0.007400000,0.004400000,0.009800000,103,103,0
1573,1,1,1920,1080,640,360,ultra-performance,0.003500000,0.046200000,0.209000000,0.620200000,0.019600000,0.140500000,0.744500000,0.209500000,2.153800000,2.150300000,1.993000000,0.160800000,0.008400000,0.036800000,0.013900000,0.149100000,0.158300000,0.158700000,0.064300000,0.005100000,0.549000000,84,0,103,3,7,0.002000000,0.004000000,0.001600000,0.003600000,0.004200000,0.001000000,0.517000000,0.019800000,0.052100000,0.012500000,0.005700000,0.105400000,0.000100000,0.000000000,0.005900000,0.734900000,0.009600000,3,1,7,7,3,,0.190000000,0.005000000,0.210900000,0.088000000,0.014600000,0.039700000,true,true,0.043600000,0.116400000,0.009000000,0.008100000,0.009700000,103,103,0
1574,2,1,1920,1080,640,360,ultra-performance,0.002100000,0.027000000,0.318700000,0.782400000,0.015700000,0.145000000,0.729800000,0.201000000,2.526000000,2.523900000,2.221700000,0.304300000,0.004600000,0.037800000,0.018100000,0.257700000,0.302800000,0.303000000,0.098500000,0.003700000,0.677600000,84,0,103,3,7,0.003100000,0.003300000,0.001700000,0.004300000,0.002700000,0.000500000,0.482500000,0.014400000,0.065800000,0.008900000,0.005500000,0.126800000,0.000000000,0.000000000,0.004500000,0.724000000,0.005800000,3,1,7,7,3,,0.224500000,0.004500000,0.315400000,0.061800000,0.016600000,0.054100000,true,true,0.029000000,0.167300000,0.009900000,0.003900000,0.010100000,103,103,0
1575,0,1,1920,1080,640,360,ultra-performance,0.001900000,0.022500000,0.292600000,0.728400000,0.015300000,0.140400000,0.772400000,0.273200000,2.559800000,2.557900000,2.246700000,0.313100000,0.003900000,0.026000000,0.015100000,0.247100000,0.311700000,0.311900000,0.090400000,0.002500000,0.633100000,84,0,103,3,7,0.003600000,0.003200000,0.001600000,0.003900000,0.003200000,0.000600000,0.573700000,0.016900000,0.043100000,0.009500000,0.005200000,0.096300000,0.000000000,0.000000000,0.004500000,0.765300000,0.007100000,3,1,7,7,3,,0.209800000,0.004100000,0.297500000,0.051800000,0.015600000,0.053600000,true,true,0.024800000,0.160000000,0.008100000,0.003600000,0.009000000,103,103,0
1576,1,1,1920,1080,640,360,ultra-performance,0.002200000,0.029500000,0.292400000,0.731100000,0.015200000,0.138600000,0.763300000,0.176400000,2.452800000,2.450600000,2.148700000,0.304100000,0.003700000,0.026300000,0.015100000,0.246800000,0.302800000,0.302900000,0.090400000,0.002700000,0.635500000,84,0,103,3,7,0.003100000,0.003200000,0.001500000,0.004000000,0.003000000,0.000500000,0.571500000,0.014000000,0.036100000,0.008400000,0.005000000,0.102100000,0.000100000,0.000000000,0.004100000,0.756600000,0.006700000,3,1,7,7,3,,0.208500000,0.004100000,0.302800000,0.051400000,0.015500000,0.052800000,true,true,0.024500000,0.159300000,0.008100000,0.003500000,0.009000000,103,103,0
1577,2,1,1920,1080,640,360,ultra-performance,0.002000000,0.024100000,0.289800000,0.721600000,0.014800000,0.154900000,1.018000000,0.403100000,2.934000000,2.932000000,2.628300000,0.305700000,0.003300000,0.025000000,0.014800000,0.246200000,0.303000000,0.303100000,0.090700000,0.002500000,0.625800000,84,0,103,3,7,0.003100000,0.003100000,0.001700000,0.003900000,0.008400000,0.001900000,0.671800000,0.029900000,0.026400000,0.031300000,0.012500000,0.203200000,0.000100000,0.000000000,0.008000000,1.005300000,0.012700000,3,1,7,7,3,,0.206100000,0.004300000,0.295400000,0.051300000,0.015300000,0.052800000,true,true,0.024100000,0.157700000,0.007800000,0.003700000,0.008800000,103,103,0
1578,0,1,1920,1080,640,360,ultra-performance,0.004000000,0.046500000,0.271800000,0.635400000,0.018100000,0.138100000,0.779200000,0.206200000,2.264800000,2.260800000,2.099300000,0.165500000,0.009900000,0.055800000,0.020600000,0.184300000,0.163300000,0.163700000,0.067100000,0.006000000,0.560500000,84,0,103,3,7,0.002300000,0.003800000,0.001200000,0.003800000,0.004100000,0.000900000,0.509200000,0.020700000,0.108300000,0.009600000,0.005300000,0.093700000,0.000100000,0.000000000,0.007200000,0.770200000,0.009000000,3,1,7,7,3,,0.202200000,0.005200000,0.215500000,0.082900000,0.014700000,0.039200000,true,true,0.048100000,0.123300000,0.008800000,0.007800000,0.011000000,103,103,0
1579,1,1,1920,1080,640,360,ultra-performance,0.002700000,0.030300000,0.308200000,0.773800000,0.017000000,0.157100000,0.845500000,0.186500000,2.632200000,2.629500000,2.321100000,0.311100000,0.004400000,0.028600000,0.018300000,0.256300000,0.309700000,0.309900000,0.099200000,0.003500000,0.668400000,84,0,103,3,7,0.003200000,0.003400000,0.002000000,0.004500000,0.003100000,0.000600000,0.584400000,0.014100000,0.079700000,0.009000000,0.005600000,0.125100000,0.000000000,0.000000000,0.004500000,0.839200000,0.006300000,3,1,7,7,3,,0.219200000,0.004400000,0.315100000,0.058000000,0.016300000,0.054800000,true,true,0.028100000,0.164300000,0.008600000,0.004100000,0.009700000,103,103,0
1580,2,1,1920,1080,640,360,ultra-performance,0.001900000,0.024200000,0.295400000,0.732300000,0.024200000,0.140300000,0.994900000,0.183500000,2.702400000,2.700500000,2.396700000,0.305700000,0.003600000,0.026500000,0.017900000,0.247000000,0.303900000,0.304200000,0.090900000,0.002700000,0.636400000,84,0,103,3,7,0.003200000,0.003600000,0.001700000,0.003700000,0.003200000,0.000500000,0.591000000,0.018600000,0.250100000,0.009800000,0.005000000,0.093200000,0.000000000,0.000000000,0.004600000,0.988200000,0.006700000,3,1,7,7,3,,0.211300000,0.004300000,0.299800000,0.052300000,0.015100000,0.053000000,true,true,0.026200000,0.159600000,0.008200000,0.003800000,0.009300000,103,103,0
1581,0,1,1920,1080,640,360,ultra-performance,0.001900000,0.028900000,0.301300000,0.729500000,0.015100000,0.140200000,0.845800000,0.252500000,2.622000000,2.620100000,2.315200000,0.306800000,0.003400000,0.026600000,0.014700000,0.256200000,0.303900000,0.304000000,0.091500000,0.002700000,0.632800000,84,0,103,3,7,0.004600000,0.005900000,0.002100000,0.004100000,0.005100000,0.001000000,0.560300000,0.024600000,0.077000000,0.013600000,0.005700000,0.126200000,0.000000000,0.000000000,0.006200000,0.836400000,0.009400000,3,1,7,7,3,,0.208200000,0.004100000,0.299300000,0.052300000,0.015300000,0.052900000,true,true,0.023900000,0.159700000,0.007800000,0.003700000,0.009000000,103,103,0
1582,1,1,1920,1080,640,360,ultra-performance,0.003400000,0.042700000,0.301400000,0.816400000,0.021900000,0.174300000,0.688100000,0.206400000,2.504300000,2.500900000,2.254600000,0.249700000,0.009200000,0.046000000,0.018500000,0.226600000,0.247300000,0.247800000,0.088700000,0.006300000,0.718400000,84,0,103,3,7,0.003200000,0.004800000,0.001400000,0.005000000,0.003700000,0.000600000,0.474100000,0.020500000,0.062100000,0.009500000,0.005400000,0.086600000,0.000100000,0.000000000,0.004200000,0.681200000,0.006900000,3,1,7,7,3,,0.249300000,0.005800000,0.285100000,0.103300000,0.018500000,0.055400000,true,true,0.055400000,0.159800000,0.011500000,0.006400000,0.011700000,103,103,0
1583,2,1,1920,1080,640,360,ultra-performance,0.002100000,0.037500000,0.258500000,0.702200000,0.019500000,0.212600000,0.942500000,0.230000000,2.655400000,2.653300000,2.404900000,0.250500000,0.006700000,0.033900000,0.013900000,0.202900000,0.248400000,0.248700000,0.078900000,0.004700000,0.616400000,84,0,103,3,7,0.004300000,0.004100000,0.002800000,0.006000000,0.005100000,0.000800000,0.551900000,0.024700000,0.045800000,0.011700000,0.007000000,0.263500000,0.000000000,0.000000000,0.005500000,0.933200000,0.009300000,3,1,7,7,3,,0.214900000,0.005800000,0.260300000,0.068900000,0.016000000,0.049900000,true,true,0.038900000,0.148000000,0.009800000,0.004800000,0.009300000,103,103,0
1584,0,1,1920,1080,640,360,ultra-performance,0.002600000,0.039500000,0.278900000,0.701700000,0.019300000,0.158000000,0.716700000,0.180700000,2.356800000,2.354200000,2.097400000,0.259400000,0.006800000,0.041500000,0.013500000,0.216200000,0.257500000,0.257800000,0.082600000,0.004100000,0.612600000,84,0,103,3,7,0.003200000,0.005000000,0.001700000,0.005000000,0.002900000,0.000400000,0.378500000,0.018900000,0.157900000,0.008100000,0.004600000,0.121900000,0.000100000,0.000000000,0.004000000,0.712200000,0.004500000,3,1,7,7,3,,0.211500000,0.004900000,0.259300000,0.071100000,0.016200000,0.048800000,true,true,0.032900000,0.148900000,0.010000000,0.005900000,0.009800000,103,103,0
1585,1,1,1920,1080,640,360,ultra-performance,0.001900000,0.030700000,0.247700000,0.647500000,0.019000000,0.149700000,0.731400000,0.222800000,2.306300000,2.304400000,2.050700000,0.255600000,0.004500000,0.026600000,0.012400000,0.203100000,0.253300000,0.253700000,0.077500000,0.003200000,0.564600000,84,0,103,3,7,0.002400000,0.004000000,0.001700000,0.004100000,0.004000000,0.001000000,0.528900000,0.022800000,0.036000000,0.010400000,0.006400000,0.094900000,0.000100000,0.000000000,0.007100000,0.723800000,0.007600000,3,1,7,7,3,,0.187900000,0.005100000,0.249500000,0.060700000,0.014200000,0.046600000,true,true,0.024300000,0.137400000,0.008600000,0.004600000,0.008800000,103,103,0
1586,2,1,1920,1080,640,360,ultra-performance,0.002300000,0.037600000,0.316300000,0.803800000,0.017600000,0.148000000,0.766100000,0.182900000,2.579500000,2.577200000,2.274600000,0.304900000,0.004600000,0.030900000,0.020800000,0.259300000,0.303200000,0.303500000,0.099000000,0.003700000,0.698600000,84,0,103,3,7,0.002900000,0.003800000,0.001800000,0.004400000,0.003000000,0.000500000,0.561500000,0.016300000,0.060500000,0.009100000,0.005400000,0.085700000,0.000000000,0.000000000,0.004500000,0.759400000,0.006700000,3,1,7,7,3,,0.227800000,0.004500000,0.318900000,0.074000000,0.016900000,0.055900000,true,true,0.030300000,0.168500000,0.009700000,0.004300000,0.010600000,103,103,0
1587,0,1,1920,1080,640,360,ultra-performance,0.002000000,0.029600000,0.292800000,0.732300000,0.027800000,0.144700000,0.864700000,0.200500000,2.597500000,2.595500000,2.294400000,0.303100000,0.003400000,0.027800000,0.016000000,0.245100000,0.301600000,0.301800000,0.090800000,0.002800000,0.636100000,84,0,103,3,7,0.002800000,0.003800000,0.001700000,0.007500000,0.002800000,0.000400000,0.561500000,0.018800000,0.118000000,0.008600000,0.005300000,0.123100000,0.000000000,0.000000000,0.004400000,0.858700000,0.006000000,3,1,7,7,3,,0.210100000,0.004200000,0.299200000,0.052200000,0.015600000,0.054300000,true,true,0.025000000,0.160800000,0.007700000,0.003500000,0.009000000,103,103,0
1588,1,1,1920,1080,640,360,ultra-performance,0.002300000,0.029400000,0.292700000,0.733300000,0.014800000,0.144200000,0.819200000,0.194200000,2.534200000,2.531900000,2.230100000,0.304100000,0.003500000,0.026800000,0.014500000,0.247400000,0.302900000,0.303000000,0.090300000,0.002800000,0.637500000,84,0,103,3,7,0.003500000,0.003500000,0.001600000,0.004000000,0.002800000,0.000500000,0.550000000,0.015800000,0.101700000,0.008000000,0.004600000,0.113500000,0.000000000,0.000000000,0.004300000,0.813800000,0.005400000,3,1,7,7,3,,0.209300000,0.004100000,0.303300000,0.051600000,0.015100000,0.053300000,true,true,0.024000000,0.159800000,0.008200000,0.003800000,0.009200000,103,103,0
1589,2,1,1920,1080,640,360,ultra-performance,0.001900000,0.025100000,0.288500000,0.726900000,0.029200000,0.148600000,0.730300000,0.182000000,2.435700000,2.433800000,2.132500000,0.303200000,0.003300000,0.024700000,0.015700000,0.244400000,0.301700000,0.301900000,0.089500000,0.002600000,0.632300000,84,0,103,3,7,0.002500000,0.003400000,0.001800000,0.004300000,0.003200000,0.000500000,0.515200000,0.015200000,0.073100000,0.009300000,0.005200000,0.085500000,0.000100000,0.000000000,0.004100000,0.723400000,0.006900000,3,1,7,7,3,,0.205700000,0.004200000,0.297700000,0.053400000,0.015100000,0.055500000,true,true,0.023900000,0.158200000,0.007300000,0.003500000,0.008700000,103,103,0
1590,0,1,1920,1080,640,360,ultra-performance,0.001800000,0.023500000,0.292000000,0.721000000,0.014600000,0.150300000,0.733400000,0.191800000,2.436000000,2.434200000,2.128400000,0.307600000,0.003400000,0.024600000,0.015200000,0.248300000,0.305800000,0.306100000,0.090200000,0.002600000,0.625900000,84,0,103,3,7,0.003300000,0.003200000,0.001800000,0.004000000,0.002700000,0.000600000,0.519000000,0.014500000,0.082700000,0.008400000,0.005400000,0.078400000,0.000000000,0.000000000,0.004300000,0.728300000,0.005100000,3,1,7,7,3,,0.206600000,0.004300000,0.295300000,0.051000000,0.015000000,0.052900000,true,true,0.023400000,0.158600000,0.007800000,0.003700000,0.009100000,103,103,0
1591,1,1,1920,1080,640,360,ultra-performance,0.002100000,0.023200000,0.288800000,0.719000000,0.015000000,0.138500000,0.875900000,0.322700000,2.696900000,2.694800000,2.385200000,0.311700000,0.003300000,0.024600000,0.014200000,0.246200000,0.310200000,0.310400000,0.090700000,0.002600000,0.623100000,84,0,103,3,7,0.002600000,0.003300000,0.001500000,0.004100000,0.003200000,0.000500000,0.574000000,0.014600000,0.155100000,0.009500000,0.005400000,0.091100000,0.000000000,0.000000000,0.004600000,0.869500000,0.006400000,3,1,7,7,3,,0.204600000,0.004200000,0.294500000,0.051000000,0.015200000,0.053200000,true,true,0.023500000,0.157700000,0.006700000,0.003700000,0.008900000,103,103,0
1592,2,1,1920,1080,640,360,ultra-performance,0.001900000,0.026500000,0.289500000,0.730300000,0.014200000,0.139200000,0.783600000,0.190400000,2.481500000,2.479600000,2.175600000,0.305900000,0.003500000,0.024100000,0.014500000,0.247000000,0.304400000,0.304700000,0.090200000,0.002400000,0.635100000,84,0,103,3,7,0.003300000,0.003100000,0.001700000,0.004300000,0.002900000,0.000600000,0.526000000,0.013500000,0.082600000,0.008400000,0.005200000,0.121200000,0.000000000,0.000000000,0.004600000,0.777400000,0.006200000,3,1,7,7,3,,0.213400000,0.004200000,0.297200000,0.051500000,0.015300000,0.053000000,true,true,0.024400000,0.158400000,0.008100000,0.009300000,0.009100000,103,103,0
1593,0,1,1920,1080,640,360,ultra-performance,0.002200000,0.022200000,0.292100000,0.649200000,0.014100000,0.142300000,0.927700000,0.182500000,2.539200000,2.537000000,2.232300000,0.306900000,0.003200000,0.025400000,0.014500000,0.248600000,0.305300000,0.305400000,0.082900000,0.002400000,0.561500000,84,0,103,3,7,0.003300000,0.003400000,0.001800000,0.003700000,0.003000000,0.000500000,0.547300000,0.014400000,0.199600000,0.008800000,0.005900000,0.125000000,0.000100000,0.000000000,0.003900000,0.920700000,0.007000000,3,1,7,7,3,,0.187600000,0.003900000,0.257600000,0.050200000,0.014500000,0.047100000,true,true,0.020700000,0.144600000,0.007200000,0.003500000,0.007900000,103,103,0
1594,1,1,1920,1080,640,360,ultra-performance,0.002000000,0.025900000,0.245900000,0.644200000,0.014500000,0.132600000,0.662500000,0.329900000,2.317300000,2.315300000,2.057500000,0.259800000,0.003300000,0.022400000,0.012600000,0.207100000,0.258300000,0.258500000,0.079300000,0.002700000,0.559700000,84,0,103,3,7,0.002900000,0.003300000,0.001400000,0.003400000,0.002600000,0.000400000,0.470700000,0.014600000,0.057300000,0.008000000,0.004900000,0.083300000,0.000100000,0.000000000,0.003900000,0.656800000,0.005700000,3,1,7,7,3,,0.183200000,0.003900000,0.265300000,0.046900000,0.013800000,0.046000000,true,true,0.021400000,0.139700000,0.006900000,0.003500000,0.008100000,103,103,0
1595,2,1,1920,1080,640,360,ultra-performance,0.001800000,0.023700000,0.265800000,0.654100000,0.014500000,0.128700000,0.771800000,0.174500000,2.316400000,2.314600000,2.034900000,0.281500000,0.003500000,0.023900000,0.013300000,0.224600000,0.280100000,0.280300000,0.082000000,0.002400000,0.567000000,84,0,103,3,7,0.002500000,0.003200000,0.001400000,0.004100000,0.002700000,0.000400000,0.584800000,0.015200000,0.043300000,0.009300000,0.005100000,0.089800000,0.000000000,0.000000000,0.004100000,0.765900000,0.005900000,3,1,7,7,3,,0.187800000,0.003900000,0.265100000,0.048400000,0.013600000,0.047600000,true,true,0.023100000,0.140000000,0.007300000,0.003900000,0.009500000,103,103,0
1596,0,1,1920,1080,640,360,ultra-performance,0.001900000,0.026400000,0.256200000,0.646100000,0.015000000,0.128800000,0.803000000,0.161100000,2.309500000,2.307600000,2.038500000,0.271000000,0.003200000,0.022000000,0.012800000,0.217800000,0.269600000,0.269800000,0.082400000,0.002400000,0.558700000,84,0,103,3,7,0.003000000,0.003100000,0.001500000,0.004300000,0.002800000,0.000500000,0.580600000,0.015300000,0.084600000,0.009100000,0.005300000,0.083100000,0.000000000,0.000000000,0.004000000,0.797200000,0.005800000,3,1,7,7,3,,0.186400000,0.003900000,0.259800000,0.047200000,0.014100000,0.046700000,true,true,0.021700000,0.141500000,0.007900000,0.003500000,0.008300000,103,103,0
1597,1,1,1920,1080,640,360,ultra-performance,0.001800000,0.020900000,0.257300000,0.643800000,0.014500000,0.129600000,0.757100000,0.178300000,2.273000000,2.271200000,2.003300000,0.269700000,0.003200000,0.023200000,0.013100000,0.217400000,0.268100000,0.268300000,0.080500000,0.002400000,0.558700000,84,0,103,3,7,0.002800000,0.003000000,0.001600000,0.004100000,0.003000000,0.000500000,0.585300000,0.016400000,0.033100000,0.008900000,0.005300000,0.082000000,0.000000000,0.000000000,0.004000000,0.750000000,0.007100000,3,1,7,7,3,,0.185900000,0.004300000,0.260300000,0.046700000,0.013500000,0.047300000,true,true,0.021600000,0.141300000,0.006700000,0.003800000,0.008100000,103,103,0
1598,2,1,1920,1080,640,360,ultra-performance,0.002000000,0.025600000,0.257500000,0.647700000,0.014300000,0.126800000,0.938400000,0.178200000,2.456500000,2.454500000,2.190500000,0.266000000,0.003300000,0.022900000,0.012200000,0.218700000,0.264500000,0.264700000,0.082100000,0.002600000,0.560600000,84,0,103,3,7,0.003300000,0.003000000,0.001400000,0.003900000,0.002800000,0.000500000,0.581200000,0.014900000,0.143700000,0.010100000,0.004900000,0.157900000,0.000000000,0.000000000,0.004400000,0.932000000,0.006400000,3,1,7,7,3,,0.185800000,0.003700000,0.260400000,0.049200000,0.013800000,0.047300000,true,true,0.022900000,0.140800000,0.007000000,0.003600000,0.008100000,103,103,0
1599,0,1,1920,1080,640,360,ultra-performance,0.001900000,0.024800000,0.254100000,0.663200000,0.014300000,0.130000000,0.811700000,0.194000000,2.361600000,2.359700000,2.094000000,0.267600000,0.003200000,0.023700000,0.012900000,0.213900000,0.266200000,0.266300000,0.081500000,0.002400000,0.577000000,84,0,103,3,7,0.003300000,0.003100000,0.001700000,0.003900000,0.002500000,0.000300000,0.487900000,0.015600000,0.011600000,0.007600000,0.005800000,0.258500000,0.000000000,0.000000000,0.004200000,0.806000000,0.005700000,3,1,7,7,3,,0.184100000,0.003700000,0.278900000,0.048600000,0.013800000,0.047200000,true,true,0.021600000,0.140000000,0.007200000,0.003900000,0.008000000,103,103,0
1600,1,1,1920,1080,640,360,ultra-performance,0.001900000,0.024700000,0.288500000,0.722300000,0.014100000,0.139300000,0.967900000,0.196300000,2.656900000,2.655000000,2.355000000,0.301900000,0.003400000,0.024100000,0.014700000,0.245900000,0.300200000,0.300400000,0.089700000,0.002500000,0.627600000,84,0,103,3,7,0.002700000,0.003200000,0.001500000,0.004100000,0.003900000,0.000800000,0.500300000,0.019400000,0.226100000,0.010700000,0.006200000,0.177500000,0.000000000,0.000000000,0.004400000,0.960800000,0.007100000,3,1,7,7,3,,0.203500000,0.004200000,0.299400000,0.052200000,0.015200000,0.052400000,true,true,0.023200000,0.156400000,0.007200000,0.003500000,0.008900000,103,103,0
1601,2,1,1920,1080,640,360,ultra-performance,0.007700000,0.056200000,0.287100000,0.651500000,0.020400000,0.149100000,0.734900000,0.170800000,2.237400000,2.229700000,2.077700000,0.159700000,0.011300000,0.054300000,0.025000000,0.195400000,0.157900000,0.158200000,0.068200000,0.005700000,0.575500000,84,0,103,3,7,0.002900000,0.004000000,0.001300000,0.003700000,0.004000000,0.000700000,0.468900000,0.021500000,0.092500000,0.011500000,0.005800000,0.105000000,0.000200000,0.000000000,0.005300000,0.727300000,0.007600000,3,1,7,7,3,,0.205200000,0.005000000,0.220400000,0.082700000,0.014300000,0.047000000,true,true,0.050400000,0.120000000,0.009600000,0.006000000,0.015800000,103,103,0
1602,0,1,1920,1080,640,360,ultra-performance,0.001900000,0.018900000,0.213100000,0.580100000,0.013000000,0.105400000,0.940900000,0.324800000,2.387700000,2.385800000,2.198100000,0.189600000,0.003400000,0.022000000,0.013500000,0.173600000,0.187400000,0.187600000,0.088200000,0.003700000,0.486000000,84,0,103,3,7,0.002200000,0.002700000,0.001100000,0.003500000,0.004300000,0.001200000,0.574600000,0.021800000,0.127400000,0.023600000,0.009000000,0.151900000,0.000100000,0.000000000,0.007900000,0.931300000,0.009600000,3,1,7,7,3,,0.180300000,0.003300000,0.202400000,0.052100000,0.012300000,0.035200000,true,true,0.025900000,0.132200000,0.007000000,0.003700000,0.008300000,103,103,0
1603,1,1,1920,1080,640,360,ultra-performance,0.003400000,0.033200000,0.239400000,0.476700000,0.012300000,0.104000000,0.849500000,0.178400000,2.067500000,2.064100000,1.896900000,0.170600000,0.005800000,0.033800000,0.018900000,0.180200000,0.168900000,0.169100000,0.055000000,0.002400000,0.417600000,84,0,103,3,7,0.002200000,0.002600000,0.001300000,0.003500000,0.003000000,0.000600000,0.551600000,0.015000000,0.154500000,0.007600000,0.004700000,0.092700000,0.000100000,0.000000000,0.004400000,0.843800000,0.005700000,3,1,7,7,3,,0.135900000,0.003200000,0.190100000,0.042100000,0.011700000,0.034100000,true,true,0.017800000,0.098600000,0.006000000,0.003300000,0.007400000,103,103,0
1604,2,1,1920,1080,640,360,ultra-performance,0.002100000,0.030600000,0.257400000,0.663200000,0.014500000,0.133800000,0.651300000,0.234400000,2.264600000,2.262500000,1.987300000,0.277300000,0.003300000,0.023500000,0.014300000,0.215700000,0.274900000,0.275100000,0.083000000,0.002700000,0.575000000,84,0,103,3,7,0.002700000,0.003600000,0.001600000,0.004200000,0.004500000,0.000900000,0.398300000,0.020300000,0.107200000,0.008900000,0.004100000,0.081900000,0.000100000,0.000000000,0.005800000,0.644100000,0.007200000,3,1,7,7,3,,0.190700000,0.004100000,0.264600000,0.051400000,0.015300000,0.048300000,true,true,0.023300000,0.142700000,0.008100000,0.004000000,0.008800000,103,103,0
1605,0,1,1920,1080,640,360,ultra-performance,0.002300000,0.030200000,0.209900000,0.541300000,0.016700000,0.126700000,0.880300000,0.202500000,2.167800000,2.165500000,2.009900000,0.157900000,0.006100000,0.030000000,0.013500000,0.159000000,0.155700000,0.155900000,0.058000000,0.003700000,0.477800000,84,0,103,3,7,0.003000000,0.003800000,0.001400000,0.003700000,0.003900000,0.000800000,0.560200000,0.015600000,0.021600000,0.014600000,0.005800000,0.232000000,0.000100000,0.000000000,0.005400000,0.871900000,0.008400000,3,1,7,7,3,,0.158200000,0.004500000,0.193300000,0.071500000,0.013000000,0.036600000,true,true,0.029300000,0.104800000,0.008100000,0.004300000,0.008500000,103,103,0
1606,1,1,1920,1080,640,360,ultra-performance,0.002200000,0.023000000,0.282400000,0.707600000,0.015400000,0.132000000,0.819900000,0.183700000,2.437800000,2.435600000,2.166200000,0.271600000,0.004100000,0.026700000,0.017500000,0.233500000,0.269800000,0.270100000,0.089000000,0.003500000,0.612200000,84,0,103,3,7,0.003200000,0.003100000,0.001500000,0.004400000,0.003100000,0.000600000,0.564900000,0.014900000,0.104700000,0.010300000,0.005300000,0.092400000,0.000000000,0.000000000,0.004400000,0.812800000,0.007100000,3,1,7,7,3,,0.201700000,0.004000000,0.282700000,0.060300000,0.014700000,0.048100000,true,true,0.026000000,0.149900000,0.008700000,0.003800000,0.009300000,103,103,0
1607,2,1,1920,1080,640,360,ultra-performance,0.002100000,0.027200000,0.262000000,0.671600000,0.015500000,0.132300000,0.781200000,0.204100000,2.366000000,2.363900000,2.096000000,0.270000000,0.003400000,0.024300000,0.013300000,0.220500000,0.268700000,0.268900000,0.080100000,0.003000000,0.586100000,84,0,103,3,7,0.002800000,0.003100000,0.001500000,0.003600000,0.002100000,0.000700000,0.501100000,0.031000000,0.049600000,0.008900000,0.004600000,0.163600000,0.000000000,0.000000000,0.004000000,0.776600000,0.004600000,3,1,7,7,3,,0.193400000,0.004000000,0.274700000,0.049500000,0.014900000,0.048900000,true,true,0.025600000,0.143100000,0.008600000,0.004100000,0.008300000,103,103,0
1608,0,1,1920,1080,640,360,ultra-performance,0.003100000,0.032800000,0.226900000,0.501700000,0.013000000,0.101900000,0.683800000,0.185700000,1.950800000,1.947700000,1.748900000,0.201900000,0.003700000,0.024700000,0.013000000,0.184900000,0.191900000,0.192000000,0.079500000,0.002600000,0.417500000,84,0,103,3,7,0.001800000,0.003100000,0.001200000,0.003700000,0.002800000,0.000700000,0.465300000,0.020100000,0.057100000,0.008900000,0.005100000,0.103600000,0.000000000,0.000000000,0.004500000,0.677900000,0.005900000,3,1,7,7,3,,0.134800000,0.003300000,0.188700000,0.043700000,0.011800000,0.034800000,true,true,0.017100000,0.097700000,0.006200000,0.003400000,0.007200000,103,103,0
1609,1,1,1920,1080,640,360,ultra-performance,0.002000000,0.024300000,0.273300000,0.659600000,0.015400000,0.140700000,0.726000000,0.195300000,2.310800000,2.308800000,2.036600000,0.274200000,0.003500000,0.025300000,0.013700000,0.230300000,0.272800000,0.273000000,0.084400000,0.002600000,0.569800000,84,0,103,3,7,0.003300000,0.003200000,0.001600000,0.003900000,0.003000000,0.000500000,0.530200000,0.015400000,0.054200000,0.009400000,0.005400000,0.084600000,0.000000000,0.000000000,0.004100000,0.718800000,0.007200000,3,1,7,7,3,,0.191400000,0.004000000,0.259800000,0.052300000,0.014700000,0.047000000,true,true,0.022600000,0.144200000,0.008100000,0.003800000,0.008800000,103,103,0
1610,2,1,1920,1080,640,360,ultra-performance,0.002000000,0.024600000,0.262400000,0.654900000,0.013800000,0.125800000,0.727600000,0.176100000,2.257300000,2.255300000,1.987200000,0.270100000,0.003400000,0.023300000,0.013300000,0.221900000,0.268400000,0.268700000,0.087400000,0.002700000,0.562700000,84,0,103,3,7,0.002800000,0.003000000,0.001500000,0.003800000,0.002600000,0.000400000,0.511900000,0.016000000,0.081700000,0.008200000,0.004700000,0.081000000,0.000000000,0.000000000,0.003800000,0.721400000,0.006200000,3,1,7,7,3,,0.187100000,0.003700000,0.263600000,0.048900000,0.013400000,0.045400000,true,true,0.023100000,0.138000000,0.009100000,0.004700000,0.008200000,103,103,0
1611,0,1,1920,1080,640,360,ultra-performance,0.001700000,0.023000000,0.256400000,0.651300000,0.014700000,0.126700000,0.774200000,0.173100000,2.289700000,2.288000000,2.021100000,0.268600000,0.003200000,0.022900000,0.012900000,0.217100000,0.267000000,0.267100000,0.085300000,0.002500000,0.561200000,84,0,103,3,7,0.002500000,0.002900000,0.001500000,0.004000000,0.003000000,0.000700000,0.600900000,0.015200000,0.027400000,0.009100000,0.005200000,0.091600000,0.000000000,0.000000000,0.004500000,0.768500000,0.005700000,3,1,7,7,3,,0.188300000,0.003900000,0.259400000,0.047400000,0.015000000,0.046400000,true,true,0.022900000,0.142300000,0.007200000,0.003700000,0.008300000,103,103,0
1612,1,1,1920,1080,640,360,ultra-performance,0.001900000,0.024200000,0.255200000,0.647700000,0.013900000,0.124200000,0.955500000,0.297000000,2.590200000,2.588300000,2.319600000,0.270600000,0.003700000,0.022300000,0.012000000,0.216700000,0.269200000,0.269400000,0.081300000,0.002600000,0.561700000,84,0,103,3,7,0.003000000,0.003000000,0.001500000,0.004000000,0.003200000,0.000500000,0.654800000,0.015900000,0.160100000,0.009700000,0.005200000,0.083600000,0.000100000,0.000000000,0.003900000,0.948500000,0.007000000,3,1,7,7,3,,0.189200000,0.003600000,0.260300000,0.046900000,0.014400000,0.046700000,true,true,0.022900000,0.142800000,0.007900000,0.004000000,0.008100000,103,103,0
1613,2,1,1920,1080,640,360,ultra-performance,0.001800000,0.024200000,0.256000000,0.638900000,0.014500000,0.136400000,0.720100000,0.182300000,2.241300000,2.239500000,1.974200000,0.267100000,0.003200000,0.022800000,0.013400000,0.216100000,0.265900000,0.266000000,0.080800000,0.002600000,0.553000000,84,0,103,3,7,0.003000000,0.003000000,0.001600000,0.003700000,0.002700000,0.000400000,0.541900000,0.016100000,0.027900000,0.007700000,0.005000000,0.097100000,0.000100000,0.000000000,0.003600000,0.713800000,0.006300000,3,1,7,7,3,,0.184400000,0.003900000,0.256700000,0.047200000,0.013800000,0.046400000,true,true,0.022300000,0.139200000,0.007700000,0.003600000,0.007900000,103,103,0
1614,0,1,1920,1080,640,360,ultra-performance,0.001900000,0.026700000,0.258000000,0.647700000,0.014900000,0.128800000,0.995000000,0.185000000,2.527600000,2.525700000,2.258000000,0.269600000,0.003300000,0.023400000,0.013800000,0.217200000,0.267900000,0.268000000,0.081800000,0.002400000,0.561100000,84,0,103,3,7,0.003200000,0.002800000,0.001300000,0.003700000,0.003100000,0.000500000,0.522900000,0.016100000,0.254100000,0.009600000,0.005400000,0.161000000,0.000000000,0.000000000,0.004100000,0.987800000,0.007200000,3,1,7,7,3,,0.186100000,0.003800000,0.258700000,0.047900000,0.014200000,0.049800000,true,true,0.021900000,0.142000000,0.007200000,0.003400000,0.008100000,103,103,0
1615,1,1,1920,1080,640,360,ultra-performance,0.001800000,0.026100000,0.258600000,0.655000000,0.014100000,0.128400000,0.821100000,0.183300000,2.358800000,2.357000000,2.088400000,0.270400000,0.003500000,0.024100000,0.011900000,0.218700000,0.268400000,0.268700000,0.080300000,0.002500000,0.570000000,84,0,103,3,7,0.003100000,0.003300000,0.001500000,0.003900000,0.003000000,0.000500000,0.616100000,0.016000000,0.058400000,0.009600000,0.005400000,0.088400000,0.000100000,0.000000000,0.004500000,0.813800000,0.007300000,3,1,7,7,3,,0.188900000,0.003800000,0.267500000,0.048000000,0.013400000,0.047900000,true,true,0.021500000,0.144200000,0.007300000,0.003700000,0.008700000,103,103,0
1616,2,1,1920,1080,640,360,ultra-performance,0.002000000,0.026000000,0.258400000,0.637200000,0.014500000,0.125500000,0.816500000,0.169600000,2.314700000,2.312700000,2.049700000,0.265000000,0.003300000,0.023100000,0.013400000,0.218100000,0.263500000,0.263800000,0.079800000,0.002600000,0.552500000,84,0,103,3,7,0.003100000,0.003100000,0.001600000,0.003900000,0.002900000,0.000500000,0.630200000,0.016800000,0.037800000,0.009800000,0.005000000,0.091600000,0.000000000,0.000000000,0.003900000,0.810200000,0.006300000,3,1,7,7,3,,0.184200000,0.004000000,0.256400000,0.047300000,0.013700000,0.046300000,true,true,0.022300000,0.138000000,0.008100000,0.003900000,0.008300000,103,103,0
1617,0,1,1920,1080,640,360,ultra-performance,0.001800000,0.024500000,0.257600000,0.662700000,0.014900000,0.128600000,0.857200000,0.172200000,2.394400000,2.392600000,2.119500000,0.274900000,0.003400000,0.022700000,0.013300000,0.217700000,0.268800000,0.268900000,0.081900000,0.002500000,0.576000000,84,0,103,3,7,0.002900000,0.003100000,0.001800000,0.003800000,0.003000000,0.000700000,0.494200000,0.015000000,0.227000000,0.009900000,0.004900000,0.080400000,0.000000000,0.000000000,0.004200000,0.850900000,0.006300000,3,1,7,7,3,,0.186700000,0.004000000,0.263100000,0.048100000,0.025500000,0.048100000,true,true,0.022800000,0.140400000,0.007700000,0.003700000,0.008200000,103,103,0
1618,1,1,1920,1080,640,360,ultra-performance,0.001800000,0.025500000,0.257000000,0.653000000,0.014200000,0.127500000,0.719700000,0.189800000,2.266000000,2.264200000,1.988500000,0.277500000,0.003300000,0.022600000,0.014300000,0.216500000,0.275900000,0.276100000,0.080600000,0.002600000,0.567400000,84,0,103,3,7,0.002800000,0.003000000,0.001500000,0.003600000,0.002700000,0.000600000,0.475900000,0.015500000,0.067900000,0.007800000,0.004800000,0.124400000,0.000100000,0.000000000,0.004200000,0.714800000,0.004900000,3,1,7,7,3,,0.188100000,0.004200000,0.262500000,0.050500000,0.013800000,0.047700000,true,true,0.021400000,0.142900000,0.007200000,0.003600000,0.008900000,103,103,0
1619,2,1,1920,1080,640,360,ultra-performance,0.001800000,0.024500000,0.254800000,0.635600000,0.014300000,0.132600000,0.644600000,0.167100000,2.142100000,2.140300000,1.875300000,0.266800000,0.003400000,0.023000000,0.012500000,0.215500000,0.265000000,0.265300000,0.079000000,0.002300000,0.552100000,84,0,103,3,7,0.002500000,0.002900000,0.019600000,0.004000000,0.002700000,0.000400000,0.419000000,0.016500000,0.072300000,0.008600000,0.004700000,0.081600000,0.000100000,0.000000000,0.004300000,0.639200000,0.005400000,3,1,7,7,3,,0.186300000,0.003900000,0.254700000,0.047100000,0.013300000,0.046200000,true,true,0.022800000,0.141400000,0.006800000,0.003700000,0.007800000,103,103,0
1620,0,1,1920,1080,640,360,ultra-performance,0.001800000,0.024100000,0.260500000,0.644700000,0.014400000,0.127300000,0.879300000,0.186900000,2.405100000,2.403300000,2.139000000,0.266100000,0.003300000,0.022300000,0.013100000,0.221100000,0.264400000,0.264600000,0.076900000,0.002300000,0.563100000,84,0,103,3,7,0.002000000,0.002800000,0.001300000,0.003700000,0.003200000,0.000500000,0.540200000,0.016500000,0.171400000,0.008300000,0.004800000,0.114000000,0.000000000,0.000000000,0.004000000,0.872700000,0.006600000,3,1,7,7,3,,0.191100000,0.003700000,0.258800000,0.048300000,0.013700000,0.047000000,true,true,0.022200000,0.146800000,0.007100000,0.003300000,0.008200000,103,103,0
1621,1,1,1920,1080,640,360,ultra-performance,0.001800000,0.025100000,0.255200000,0.642800000,0.013800000,0.129600000,0.938900000,0.180200000,2.449600000,2.447800000,2.187400000,0.262200000,0.003200000,0.022300000,0.012600000,0.216500000,0.261000000,0.261100000,0.075500000,0.002600000,0.561900000,84,0,103,3,7,0.002700000,0.002800000,0.001400000,0.003900000,0.002700000,0.000400000,0.365500000,0.016800000,0.259600000,0.009400000,0.005100000,0.257100000,0.000000000,0.000000000,0.004000000,0.931400000,0.007500000,3,1,7,7,3,,0.190800000,0.003800000,0.258200000,0.047200000,0.013700000,0.047500000,true,true,0.022100000,0.145600000,0.007300000,0.003900000,0.008000000,103,103,0
1622,2,1,1920,1080,640,360,ultra-performance,0.001700000,0.029600000,0.252400000,0.638700000,0.014800000,0.129100000,0.760300000,0.177300000,2.266300000,2.264600000,2.003900000,0.262400000,0.003500000,0.022300000,0.013700000,0.212400000,0.261200000,0.261400000,0.080200000,0.002500000,0.553700000,84,0,103,3,7,0.002800000,0.003100000,0.001500000,0.003900000,0.002900000,0.000500000,0.501100000,0.017000000,0.104400000,0.008700000,0.004500000,0.099800000,0.000000000,0.000000000,0.004500000,0.754700000,0.005600000,3,1,7,7,3,,0.184600000,0.003800000,0.257000000,0.047900000,0.013700000,0.046100000,true,true,0.022700000,0.138200000,0.007800000,0.003800000,0.008500000,103,103,0
1623,0,1,1920,1080,640,360,ultra-performance,0.001800000,0.024700000,0.252500000,0.648300000,0.015500000,0.129800000,0.827700000,0.200900000,2.363600000,2.361800000,2.101200000,0.262400000,0.003300000,0.023500000,0.012100000,0.213200000,0.261000000,0.261200000,0.081800000,0.002500000,0.561700000,84,0,103,3,7,0.002500000,0.003100000,0.001500000,0.003800000,0.002700000,0.000500000,0.560700000,0.015700000,0.128200000,0.009200000,0.005100000,0.083600000,0.000100000,0.000000000,0.004900000,0.821600000,0.006100000,3,1,7,7,3,,0.180100000,0.003800000,0.269300000,0.047200000,0.013100000,0.047600000,true,true,0.021400000,0.135900000,0.006900000,0.004000000,0.008200000,103,103,0
1624,1,1,1920,1080,640,360,ultra-performance,0.002100000,0.026200000,0.252600000,0.645700000,0.014100000,0.137000000,0.632800000,0.178600000,2.159400000,2.157300000,1.889100000,0.270300000,0.003300000,0.021500000,0.012700000,0.214500000,0.268900000,0.269100000,0.079200000,0.002600000,0.561600000,84,0,103,3,7,0.002500000,0.003100000,0.001600000,0.003600000,0.002700000,0.000500000,0.478300000,0.016900000,0.026500000,0.007400000,0.004700000,0.076100000,0.000000000,0.000000000,0.003900000,0.627800000,0.005000000,3,1,7,7,3,,0.189300000,0.004100000,0.258800000,0.048100000,0.013800000,0.046900000,true,true,0.023500000,0.140900000,0.007800000,0.003600000,0.008800000,103,103,0
1625,2,1,1920,1080,640,360,ultra-performance,0.001800000,0.022700000,0.256100000,0.636400000,0.014900000,0.126400000,0.589100000,0.187100000,2.098100000,2.096300000,1.834500000,0.263600000,0.003400000,0.026500000,0.012300000,0.213600000,0.262100000,0.262200000,0.079600000,0.002300000,0.552100000,84,0,103,3,7,0.002400000,0.002800000,0.001800000,0.003800000,0.002500000,0.000500000,0.368900000,0.016800000,0.057500000,0.007700000,0.004400000,0.112100000,0.000100000,0.000000000,0.003600000,0.584900000,0.004200000,3,1,7,7,3,,0.186900000,0.003800000,0.254500000,0.047000000,0.012900000,0.046500000,true,true,0.023400000,0.140400000,0.007800000,0.003800000,0.008000000,103,103,0
1626,0,1,1920,1080,640,360,ultra-performance,0.002100000,0.025400000,0.264000000,0.654200000,0.016200000,0.131900000,0.802500000,0.174700000,2.344700000,2.342600000,2.071000000,0.273700000,0.003400000,0.022900000,0.013500000,0.223600000,0.267600000,0.267800000,0.081700000,0.002600000,0.567700000,84,0,103,3,7,0.001900000,0.003000000,0.001400000,0.003700000,0.002700000,0.000500000,0.512700000,0.016900000,0.154700000,0.008800000,0.005600000,0.079900000,0.000100000,0.000000000,0.004200000,0.796100000,0.006400000,3,1,7,7,3,,0.193600000,0.003800000,0.259300000,0.049300000,0.013800000,0.047300000,true,true,0.027200000,0.143500000,0.006900000,0.003700000,0.008600000,103,103,0
1627,1,1,1920,1080,640,360,ultra-performance,0.001800000,0.025100000,0.254500000,0.651300000,0.015000000,0.127600000,0.749300000,0.287000000,2.401200000,2.399400000,2.111600000,0.289600000,0.003200000,0.023600000,0.012900000,0.214200000,0.287700000,0.287800000,0.079200000,0.003100000,0.566400000,84,0,103,3,7,0.002800000,0.003600000,0.001400000,0.003900000,0.003300000,0.000700000,0.559900000,0.017600000,0.038500000,0.008400000,0.005000000,0.091200000,0.000000000,0.000000000,0.004300000,0.740600000,0.008700000,3,1,7,7,3,,0.189200000,0.003900000,0.261500000,0.050500000,0.013400000,0.047300000,true,true,0.023600000,0.141900000,0.007800000,0.003700000,0.008500000,103,103,0
1628,2,1,1920,1080,640,360,ultra-performance,0.003400000,0.037600000,0.521200000,0.669600000,0.017100000,0.131100000,0.939900000,0.242900000,2.905300000,2.901900000,2.562800000,0.342500000,0.006500000,0.044900000,0.025600000,0.443400000,0.340700000,0.340900000,0.080000000,0.003400000,0.583600000,84,0,103,3,7,0.003000000,0.003300000,0.001400000,0.004100000,0.003200000,0.000500000,0.544700000,0.018600000,0.129000000,0.009600000,0.005800000,0.201800000,0.000100000,0.000000000,0.004200000,0.929300000,0.010600000,3,1,7,7,3,,0.192800000,0.004000000,0.272900000,0.052400000,0.014400000,0.046600000,true,true,0.025300000,0.142600000,0.009100000,0.003600000,0.008700000,103,103,0
1629,0,1,1920,1080,640,360,ultra-performance,0.002300000,0.027700000,0.252800000,0.675300000,0.017300000,0.134600000,0.701600000,0.222700000,2.294800000,2.292500000,2.034300000,0.260500000,0.003600000,0.024100000,0.013700000,0.210500000,0.258800000,0.259000000,0.085500000,0.003300000,0.584200000,84,0,103,3,7,0.008700000,0.003200000,0.001600000,0.004200000,0.003300000,0.000500000,0.433200000,0.017600000,0.099600000,0.008900000,0.005000000,0.105500000,0.000000000,0.000000000,0.003900000,0.695200000,0.006400000,3,1,7,7,3,,0.190900000,0.004800000,0.272300000,0.053700000,0.013900000,0.048100000,true,true,0.025100000,0.142500000,0.007700000,0.003700000,0.007900000,103,103,0
1630,1,1,1920,1080,640,360,ultra-performance,0.001900000,0.031400000,0.252600000,0.658900000,0.015900000,0.135600000,0.746700000,0.186100000,2.303300000,2.301400000,2.029100000,0.274200000,0.003500000,0.022300000,0.013200000,0.212800000,0.272600000,0.272800000,0.079500000,0.002700000,0.574400000,84,0,103,3,7,0.003100000,0.003400000,0.001500000,0.003700000,0.003000000,0.000400000,0.417400000,0.018500000,0.181800000,0.009000000,0.005300000,0.089300000,0.000100000,0.000000000,0.004400000,0.740900000,0.005800000,3,1,7,7,3,,0.190200000,0.004200000,0.267200000,0.051300000,0.014300000,0.046800000,true,true,0.024100000,0.142500000,0.007800000,0.003700000,0.008200000,103,103,0
1631,2,1,1920,1080,640,360,ultra-performance,0.001900000,0.026400000,0.253500000,0.653400000,0.015500000,0.128700000,0.978600000,0.230000000,2.563400000,2.561500000,2.288000000,0.275400000,0.003400000,0.023200000,0.012900000,0.213400000,0.273800000,0.274100000,0.081300000,0.002300000,0.567500000,84,0,103,3,7,0.003000000,0.003000000,0.001400000,0.004200000,0.003200000,0.000500000,0.622100000,0.016800000,0.210100000,0.008800000,0.005900000,0.089200000,0.000100000,0.000000000,0.004400000,0.972700000,0.005900000,3,1,7,7,3,,0.193900000,0.004000000,0.259800000,0.049500000,0.013600000,0.045900000,true,true,0.022300000,0.142500000,0.007800000,0.009700000,0.007600000,103,103,0
1632,0,1,1920,1080,640,360,ultra-performance,0.001800000,0.024300000,0.257600000,0.658200000,0.016600000,0.140000000,0.768800000,0.172500000,2.305700000,2.303900000,2.039800000,0.265900000,0.003300000,0.024000000,0.013900000,0.216000000,0.264500000,0.264700000,0.080900000,0.002300000,0.572300000,84,0,103,3,7,0.003000000,0.003600000,0.001500000,0.003700000,0.002500000,0.000700000,0.544900000,0.023900000,0.047500000,0.013600000,0.005800000,0.106900000,0.000000000,0.000000000,0.003700000,0.761300000,0.007500000,3,1,7,7,3,,0.196000000,0.004000000,0.259400000,0.049000000,0.014400000,0.048800000,true,true,0.022400000,0.150400000,0.007500000,0.003400000,0.008600000,103,103,0
1633,1,1,1920,1080,640,360,ultra-performance,0.001800000,0.020800000,0.171400000,0.467900000,0.012400000,0.112800000,1.112400000,0.331800000,2.413000000,2.411200000,2.231300000,0.181700000,0.002800000,0.017600000,0.009600000,0.140900000,0.178000000,0.178100000,0.054200000,0.002300000,0.409700000,84,0,103,3,7,0.002200000,0.002600000,0.001200000,0.003300000,0.007800000,0.001600000,0.661500000,0.030000000,0.066700000,0.017300000,0.007500000,0.287600000,0.000000000,0.000000000,0.010300000,1.099600000,0.012800000,3,1,7,7,3,,0.137100000,0.003300000,0.183000000,0.041100000,0.011000000,0.033500000,true,true,0.016500000,0.102300000,0.005500000,0.003500000,0.006500000,103,103,0
1634,2,1,1920,1080,640,360,ultra-performance,0.003700000,0.050400000,0.300400000,0.831600000,0.024000000,0.214400000,0.851900000,0.218600000,2.744800000,2.741100000,2.495000000,0.249800000,0.009300000,0.048600000,0.018800000,0.222900000,0.247800000,0.248200000,0.088500000,0.006800000,0.733400000,84,0,103,3,7,0.004400000,0.003700000,0.002100000,0.006000000,0.003000000,0.000700000,0.521400000,0.022100000,0.082300000,0.010900000,0.006200000,0.174800000,0.000000000,0.000000000,0.005800000,0.843400000,0.008500000,3,1,7,7,3,,0.261300000,0.006200000,0.290900000,0.102500000,0.018400000,0.053200000,true,true,0.059700000,0.165500000,0.012600000,0.006800000,0.012200000,103,103,0
1635,0,1,1920,1080,640,360,ultra-performance,0.002200000,0.027200000,0.284500000,0.716100000,0.026800000,0.133500000,0.641500000,0.187200000,2.296300000,2.294100000,2.019000000,0.277300000,0.004700000,0.028600000,0.017700000,0.232800000,0.275800000,0.275900000,0.092800000,0.003800000,0.616800000,84,0,103,3,7,0.002700000,0.003500000,0.001500000,0.004000000,0.002800000,0.000600000,0.463200000,0.016600000,0.027400000,0.009400000,0.004400000,0.096000000,0.000100000,0.000000000,0.004400000,0.636600000,0.004900000,3,1,7,7,3,,0.206500000,0.004300000,0.276200000,0.063700000,0.015200000,0.050000000,true,true,0.027700000,0.151500000,0.009100000,0.004300000,0.009800000,103,103,0
1636,1,1,1920,1080,640,360,ultra-performance,0.002300000,0.026600000,0.253500000,0.689700000,0.015900000,0.134300000,0.872000000,0.176100000,2.453500000,2.451200000,2.170400000,0.283100000,0.003500000,0.023600000,0.013100000,0.212800000,0.277100000,0.277300000,0.082700000,0.002900000,0.601500000,84,0,103,3,7,0.002600000,0.003300000,0.001500000,0.004400000,0.003200000,0.000500000,0.545200000,0.019900000,0.177500000,0.009100000,0.005100000,0.088100000,0.000000000,0.000000000,0.004200000,0.864600000,0.007400000,3,1,7,7,3,,0.194900000,0.004100000,0.271200000,0.052200000,0.026900000,0.051600000,true,true,0.024200000,0.145300000,0.008200000,0.003800000,0.009600000,103,103,0
1637,2,1,1920,1080,640,360,ultra-performance,0.002100000,0.029000000,0.260100000,0.663300000,0.019100000,0.144800000,0.788800000,0.185800000,2.361100000,2.359000000,2.093000000,0.268100000,0.003300000,0.024800000,0.013700000,0.217800000,0.266800000,0.266900000,0.080300000,0.002700000,0.577500000,84,0,103,3,7,0.002400000,0.003200000,0.001800000,0.003900000,0.003300000,0.000500000,0.557400000,0.015200000,0.068700000,0.008800000,0.005600000,0.107800000,0.000100000,0.000000000,0.004000000,0.782700000,0.006100000,3,1,7,7,3,,0.189100000,0.004100000,0.268600000,0.049700000,0.015400000,0.049900000,true,true,0.022800000,0.142400000,0.008400000,0.003600000,0.008100000,103,103,0
1638,0,1,1920,1080,640,360,ultra-performance,0.001800000,0.024300000,0.253700000,0.641100000,0.015300000,0.126900000,0.784900000,0.194300000,2.306800000,2.305000000,2.042300000,0.264500000,0.003800000,0.023000000,0.013700000,0.212600000,0.262700000,0.262800000,0.079200000,0.002500000,0.557200000,84,0,103,3,7,0.003400000,0.003100000,0.001500000,0.004200000,0.002900000,0.000500000,0.537700000,0.017700000,0.087800000,0.008600000,0.005500000,0.101500000,0.000000000,0.000000000,0.004400000,0.778800000,0.006100000,3,1,7,7,3,,0.186700000,0.003800000,0.258300000,0.048200000,0.013800000,0.045800000,true,true,0.022300000,0.141200000,0.007700000,0.003500000,0.008200000,103,103,0
1639,1,1,1920,1080,640,360,ultra-performance,0.002100000,0.025800000,0.270300000,0.662700000,0.015800000,0.153700000,0.848600000,0.292400000,2.552800000,2.550700000,2.271400000,0.281400000,0.003700000,0.022100000,0.013900000,0.230200000,0.278300000,0.278400000,0.082600000,0.003000000,0.574600000,84,0,103,3,7,0.003100000,0.003500000,0.001500000,0.003600000,0.005200000,0.001000000,0.574500000,0.027200000,0.074000000,0.013800000,0.007600000,0.118100000,0.000100000,0.000000000,0.007300000,0.840500000,0.008100000,3,1,7,7,3,,0.191800000,0.003800000,0.266800000,0.049600000,0.014100000,0.048000000,true,true,0.022800000,0.144900000,0.007500000,0.004000000,0.008900000,103,103,0
1640,2,1,1920,1080,640,360,ultra-performance,0.003400000,0.045600000,0.307900000,0.805400000,0.017000000,0.136200000,0.769500000,0.221300000,2.558400000,2.555000000,2.306300000,0.252100000,0.008900000,0.046200000,0.019800000,0.232000000,0.250100000,0.250600000,0.092700000,0.006500000,0.703500000,84,0,103,3,7,0.003200000,0.003400000,0.001400000,0.004300000,0.003200000,0.000500000,0.524600000,0.015300000,0.103100000,0.007800000,0.005100000,0.085400000,0.000100000,0.000000000,0.005000000,0.762400000,0.007100000,3,1,7,7,3,,0.288300000,0.004500000,0.288300000,0.057100000,0.015300000,0.049300000,true,true,0.055800000,0.196400000,0.011500000,0.004300000,0.014500000,103,103,0
1641,0,1,1920,1080,640,360,ultra-performance,0.002200000,0.026400000,0.275400000,0.672700000,0.015400000,0.130300000,0.878700000,0.180300000,2.462600000,2.460400000,2.181400000,0.281200000,0.004200000,0.025500000,0.017500000,0.227700000,0.279700000,0.279900000,0.084100000,0.003900000,0.582400000,84,0,103,3,7,0.003000000,0.003200000,0.001800000,0.003900000,0.003000000,0.000600000,0.615100000,0.016700000,0.043200000,0.009400000,0.005100000,0.162400000,0.000000000,0.000000000,0.004700000,0.872100000,0.006600000,3,1,7,7,3,,0.193300000,0.007900000,0.269200000,0.049200000,0.014100000,0.048100000,true,true,0.025700000,0.142500000,0.008200000,0.003600000,0.009300000,103,103,0
1642,1,1,1920,1080,640,360,ultra-performance,0.002000000,0.027900000,0.256200000,0.694100000,0.015000000,0.136400000,0.797600000,0.270600000,2.462800000,2.460800000,2.199800000,0.263000000,0.003200000,0.022400000,0.012200000,0.217900000,0.261600000,0.261800000,0.081700000,0.003000000,0.607000000,84,0,103,3,7,0.004100000,0.003900000,0.001600000,0.005000000,0.002900000,0.000600000,0.555100000,0.018900000,0.081500000,0.010100000,0.005600000,0.096900000,0.000100000,0.000000000,0.004300000,0.790600000,0.007000000,3,1,7,7,3,,0.187000000,0.003800000,0.301800000,0.053500000,0.014400000,0.045600000,true,true,0.023100000,0.140300000,0.007600000,0.003600000,0.008800000,103,103,0
1643,2,1,1920,1080,640,360,ultra-performance,0.002200000,0.030800000,0.259500000,0.665000000,0.015500000,0.128600000,0.967600000,0.197300000,2.538000000,2.535800000,2.266500000,0.271500000,0.003500000,0.023900000,0.013100000,0.218500000,0.270100000,0.270300000,0.081400000,0.003000000,0.578300000,84,0,103,3,7,0.003300000,0.003300000,0.001700000,0.004400000,0.003200000,0.000500000,0.564100000,0.015600000,0.124600000,0.009200000,0.005200000,0.222300000,0.000100000,0.000000000,0.004400000,0.961900000,0.005700000,3,1,7,7,3,,0.193200000,0.004300000,0.268900000,0.049500000,0.014600000,0.046900000,true,true,0.023900000,0.145500000,0.007700000,0.003700000,0.008500000,103,103,0
1644,0,1,1920,1080,640,360,ultra-performance,0.002000000,0.026800000,0.258500000,0.650900000,0.014500000,0.144200000,0.833600000,0.258800000,2.457800000,2.455800000,2.189300000,0.268500000,0.003800000,0.025600000,0.013200000,0.215500000,0.266600000,0.266700000,0.081800000,0.002500000,0.564200000,84,0,103,3,7,0.002900000,0.003900000,0.001900000,0.004000000,0.002900000,0.000400000,0.556300000,0.016700000,0.123700000,0.009000000,0.005600000,0.095900000,0.000100000,0.000000000,0.004200000,0.827500000,0.006100000,3,1,7,7,3,,0.188500000,0.003900000,0.261700000,0.048400000,0.013700000,0.047400000,true,true,0.021100000,0.144400000,0.007300000,0.003800000,0.008100000,103,103,0
1645,1,1,1920,1080,640,360,ultra-performance,0.001800000,0.024900000,0.259000000,0.645600000,0.015200000,0.141400000,0.841700000,0.184400000,2.384000000,2.382200000,2.114000000,0.270000000,0.003200000,0.023700000,0.013600000,0.218100000,0.266400000,0.266600000,0.081100000,0.002500000,0.559600000,84,0,103,3,7,0.002900000,0.003200000,0.001500000,0.003700000,0.006500000,0.000400000,0.523100000,0.016600000,0.147300000,0.008400000,0.004900000,0.111600000,0.000000000,0.000000000,0.004200000,0.834300000,0.007400000,3,1,7,7,3,,0.187400000,0.004200000,0.257700000,0.048300000,0.013800000,0.047600000,true,true,0.021800000,0.142600000,0.007700000,0.003600000,0.008100000,103,103,0
1646,2,1,1920,1080,640,360,ultra-performance,0.001900000,0.029700000,0.257100000,0.669300000,0.014200000,0.131400000,0.890600000,0.177600000,2.439800000,2.437900000,2.171800000,0.268000000,0.003400000,0.023400000,0.014000000,0.215700000,0.266500000,0.266700000,0.081300000,0.002800000,0.582900000,84,0,103,3,7,0.003400000,0.003700000,0.001600000,0.004400000,0.002900000,0.000400000,0.533300000,0.016300000,0.217400000,0.009200000,0.005100000,0.083000000,0.000000000,0.000000000,0.004000000,0.884700000,0.005900000,3,1,7,7,3,,0.189800000,0.003900000,0.277300000,0.049400000,0.013800000,0.048200000,true,true,0.021900000,0.144000000,0.008000000,0.003500000,0.008600000,103,103,0
1647,0,1,1920,1080,640,360,ultra-performance,0.001800000,0.025800000,0.255500000,0.651100000,0.015000000,0.129100000,0.812800000,0.207400000,2.377000000,2.375200000,2.098500000,0.278500000,0.003100000,0.021500000,0.012800000,0.217700000,0.277000000,0.277200000,0.080100000,0.002400000,0.566100000,84,0,103,3,7,0.003000000,0.002900000,0.001400000,0.003600000,0.003000000,0.000800000,0.602400000,0.015000000,0.039600000,0.007700000,0.004800000,0.118900000,0.000100000,0.000000000,0.004000000,0.807200000,0.005600000,3,1,7,7,3,,0.188000000,0.003700000,0.265400000,0.047600000,0.013800000,0.046900000,true,true,0.021600000,0.143300000,0.007800000,0.003600000,0.008100000,103,103,0
1648,1,1,1920,1080,640,360,ultra-performance,0.002000000,0.023200000,0.261400000,0.646100000,0.013800000,0.142400000,0.726900000,0.177600000,2.266300000,2.264300000,1.993400000,0.272900000,0.003300000,0.022800000,0.013000000,0.221900000,0.271300000,0.271400000,0.082400000,0.002600000,0.558700000,84,0,103,3,7,0.003400000,0.003600000,0.001500000,0.003600000,0.002400000,0.000400000,0.556700000,0.016600000,0.025600000,0.008200000,0.004500000,0.090500000,0.000100000,0.000000000,0.003800000,0.720900000,0.006000000,3,1,7,7,3,,0.186300000,0.004000000,0.258900000,0.048100000,0.013800000,0.047200000,true,true,0.021400000,0.142000000,0.007400000,0.003600000,0.008300000,103,103,0
1649,2,1,1920,1080,640,360,ultra-performance,0.001800000,0.026100000,0.258400000,0.656700000,0.014100000,0.124600000,0.664500000,0.181500000,2.194000000,2.192200000,1.927700000,0.266300000,0.003300000,0.024200000,0.013200000,0.217200000,0.264800000,0.265000000,0.079200000,0.002400000,0.573000000,84,0,103,3,7,0.002500000,0.003200000,0.001400000,0.003600000,0.003100000,0.000500000,0.473400000,0.015800000,0.052700000,0.008800000,0.005200000,0.084300000,0.000000000,0.000000000,0.004200000,0.658700000,0.005800000,3,1,7,7,3,,0.183000000,0.003900000,0.259800000,0.049000000,0.014500000,0.062000000,true,true,0.022600000,0.137700000,0.007400000,0.004000000,0.007600000,103,103,0
1650,0,1,1920,1080,640,360,ultra-performance,0.001800000,0.026700000,0.255500000,0.645100000,0.015200000,0.127300000,0.763700000,0.174800000,2.277000000,2.275200000,2.010100000,0.266900000,0.003400000,0.022000000,0.013100000,0.216500000,0.265300000,0.265500000,0.080800000,0.002400000,0.559400000,84,0,103,3,7,0.003400000,0.003100000,0.001500000,0.003700000,0.003000000,0.000500000,0.491500000,0.025900000,0.124700000,0.008300000,0.005300000,0.083000000,0.000000000,0.000000000,0.004000000,0.757900000,0.005800000,3,1,7,7,3,,0.187700000,0.003700000,0.260000000,0.047200000,0.013800000,0.046300000,true,true,0.020800000,0.143500000,0.007500000,0.003600000,0.008500000,103,103,0
1651,1,1,1920,1080,640,360,ultra-performance,0.001900000,0.024200000,0.256100000,0.639600000,0.014600000,0.127900000,0.821200000,0.234400000,2.389200000,2.387300000,2.119900000,0.269300000,0.003200000,0.021300000,0.013500000,0.217800000,0.267800000,0.268000000,0.080500000,0.002400000,0.554400000,84,0,103,3,7,0.003000000,0.003200000,0.001400000,0.004200000,0.003400000,0.001200000,0.603800000,0.023800000,0.049400000,0.010300000,0.006000000,0.100000000,0.000000000,0.000000000,0.004400000,0.814100000,0.007100000,3,1,7,7,3,,0.182100000,0.004000000,0.258100000,0.047900000,0.013300000,0.048200000,true,true,0.020600000,0.138600000,0.007100000,0.003900000,0.008200000,103,103,0
1652,2,1,1920,1080,640,360,ultra-performance,0.001800000,0.022300000,0.172400000,0.489100000,0.012000000,0.100700000,0.715800000,0.169800000,1.867900000,1.866100000,1.683900000,0.184000000,0.003000000,0.017900000,0.010400000,0.140700000,0.182700000,0.182800000,0.056200000,0.002300000,0.428700000,84,0,103,3,7,0.002500000,0.002600000,0.001400000,0.003200000,0.002500000,0.000400000,0.485000000,0.026400000,0.037100000,0.014700000,0.006100000,0.121700000,0.000000000,0.000000000,0.004000000,0.707600000,0.008200000,3,1,7,7,3,,0.141600000,0.003800000,0.194000000,0.043600000,0.011300000,0.034000000,true,true,0.018000000,0.102200000,0.008000000,0.003700000,0.006800000,103,103,0
1653,0,1,1920,1080,640,360,ultra-performance,0.001700000,0.018700000,0.175500000,0.461600000,0.011600000,0.097800000,0.888700000,0.264600000,2.089300000,2.087600000,1.920200000,0.169100000,0.002700000,0.017200000,0.009500000,0.145700000,0.166400000,0.166500000,0.053600000,0.002200000,0.403700000,84,0,103,3,7,0.001900000,0.002500000,0.001200000,0.003100000,0.005800000,0.001100000,0.595200000,0.024500000,0.057300000,0.021500000,0.009100000,0.148600000,0.000000000,0.000000000,0.007500000,0.879300000,0.009400000,3,1,7,7,3,,0.135500000,0.003200000,0.181900000,0.039100000,0.010400000,0.033100000,true,true,0.017100000,0.100800000,0.005400000,0.003500000,0.006100000,103,103,0
1654,1,1,1920,1080,640,360,ultra-performance,0.004200000,0.044900000,0.299000000,0.811000000,0.017100000,0.148600000,0.733500000,0.233800000,2.552200000,2.548000000,2.292100000,0.260100000,0.009100000,0.049200000,0.018100000,0.221500000,0.252400000,0.253100000,0.091500000,0.006400000,0.710400000,84,0,103,3,7,0.002900000,0.003500000,0.001700000,0.005300000,0.002800000,0.000600000,0.503800000,0.015700000,0.081900000,0.008100000,0.005100000,0.091600000,0.000100000,0.000000000,0.004600000,0.727700000,0.005800000,3,1,7,7,3,,0.292400000,0.005100000,0.290600000,0.056200000,0.015800000,0.049200000,true,true,0.055300000,0.164700000,0.031800000,0.004700000,0.016100000,103,103,0
1655,2,1,1920,1080,640,360,ultra-performance,0.002300000,0.026100000,0.273900000,0.659500000,0.015000000,0.125500000,0.662400000,0.188600000,2.229200000,2.226900000,1.953300000,0.275900000,0.004400000,0.026800000,0.016000000,0.226300000,0.274400000,0.274500000,0.080900000,0.003700000,0.572300000,84,0,103,3,7,0.002600000,0.003000000,0.001400000,0.003800000,0.002400000,0.000700000,0.532300000,0.015900000,0.001700000,0.007600000,0.004900000,0.076700000,0.000000000,0.000000000,0.003900000,0.656900000,0.005500000,3,1,7,7,3,,0.194300000,0.003800000,0.266600000,0.047800000,0.013400000,0.045700000,true,true,0.026800000,0.144700000,0.007200000,0.003400000,0.008700000,103,103,0
1656,0,1,1920,1080,640,360,ultra-performance,0.002100000,0.023400000,0.246300000,0.665000000,0.014000000,0.129500000,0.675500000,0.181000000,2.198600000,2.196500000,1.936800000,0.261800000,0.003400000,0.023000000,0.012900000,0.206400000,0.260300000,0.260500000,0.076900000,0.002700000,0.583200000,84,0,103,3,7,0.002700000,0.003100000,0.001500000,0.003900000,0.002600000,0.000500000,0.427100000,0.017900000,0.111500000,0.007600000,0.005000000,0.081700000,0.000000000,0.000000000,0.004700000,0.669800000,0.005700000,3,1,7,7,3,,0.203000000,0.004800000,0.266500000,0.048600000,0.013600000,0.046100000,true,true,0.023100000,0.143200000,0.007700000,0.003500000,0.021000000,103,103,0
1657,1,1,1920,1080,640,360,ultra-performance,0.001900000,0.025400000,0.258000000,0.649800000,0.015800000,0.138400000,0.762500000,0.264800000,2.437600000,2.435700000,2.116600000,0.321000000,0.003400000,0.023300000,0.015200000,0.215300000,0.319600000,0.319700000,0.080200000,0.002500000,0.564100000,84,0,103,3,7,0.002800000,0.003300000,0.001500000,0.003700000,0.002700000,0.000500000,0.538900000,0.015700000,0.085800000,0.008500000,0.005100000,0.083200000,0.000100000,0.000000000,0.004100000,0.755900000,0.006600000,3,1,7,7,3,,0.188200000,0.004000000,0.261000000,0.047600000,0.013600000,0.049100000,true,true,0.022600000,0.142600000,0.007300000,0.003500000,0.008100000,103,103,0
1658,2,1,1920,1080,640,360,ultra-performance,0.002000000,0.026600000,0.247700000,0.628700000,0.014200000,0.125600000,0.763800000,0.229000000,2.303700000,2.301700000,2.037600000,0.266100000,0.003300000,0.023300000,0.012600000,0.208000000,0.264500000,0.264700000,0.078000000,0.002400000,0.546100000,84,0,103,3,7,0.003100000,0.002900000,0.001400000,0.004000000,0.002600000,0.000500000,0.577000000,0.016200000,0.030000000,0.008000000,0.004800000,0.103400000,0.000100000,0.000000000,0.004300000,0.758300000,0.005500000,3,1,7,7,3,,0.181600000,0.003900000,0.253600000,0.047200000,0.013600000,0.045700000,true,true,0.022100000,0.137200000,0.007000000,0.003600000,0.008000000,103,103,0
1659,0,1,1920,1080,640,360,ultra-performance,0.002000000,0.021800000,0.257300000,0.644200000,0.015300000,0.144100000,0.925900000,0.181900000,2.458200000,2.456200000,2.192500000,0.265700000,0.003300000,0.022700000,0.012400000,0.218400000,0.264600000,0.264800000,0.081500000,0.002300000,0.557800000,84,0,103,3,7,0.003100000,0.003400000,0.001500000,0.003900000,0.002900000,0.000400000,0.667400000,0.017000000,0.106300000,0.010400000,0.005600000,0.092700000,0.000000000,0.000000000,0.004100000,0.918700000,0.007200000,3,1,7,7,3,,0.184900000,0.004400000,0.259300000,0.047500000,0.014300000,0.046500000,true,true,0.022200000,0.138300000,0.007500000,0.003800000,0.008400000,103,103,0
1660,1,1,1920,1080,640,360,ultra-performance,0.001800000,0.026600000,0.254000000,0.646700000,0.014400000,0.126000000,0.788000000,0.174600000,2.302800000,2.301000000,2.032100000,0.270700000,0.003200000,0.022500000,0.013300000,0.214400000,0.269300000,0.269600000,0.079200000,0.002400000,0.562700000,84,0,103,3,7,0.002800000,0.003300000,0.001400000,0.003700000,0.003400000,0.000500000,0.584000000,0.015000000,0.060600000,0.009300000,0.004900000,0.088100000,0.000100000,0.000000000,0.004100000,0.781200000,0.006800000,3,1,7,7,3,,0.187100000,0.003800000,0.264900000,0.047200000,0.013300000,0.045900000,true,true,0.022200000,0.141400000,0.007500000,0.003700000,0.008500000,103,103,0
1661,2,1,1920,1080,640,360,ultra-performance,0.002100000,0.028100000,0.272100000,0.659300000,0.015000000,0.146600000,0.783300000,0.224700000,2.401100000,2.399000000,2.131200000,0.269900000,0.003700000,0.023700000,0.014300000,0.230000000,0.268400000,0.268600000,0.081600000,0.002300000,0.572100000,84,0,103,3,7,0.002600000,0.003500000,0.001700000,0.004100000,0.003200000,0.000500000,0.556600000,0.017300000,0.070800000,0.008600000,0.004800000,0.099800000,0.000100000,0.000000000,0.004300000,0.777900000,0.005400000,3,1,7,7,3,,0.192800000,0.003900000,0.263800000,0.047700000,0.014000000,0.049300000,true,true,0.023500000,0.144500000,0.008200000,0.004000000,0.008600000,103,103,0
1662,0,1,1920,1080,640,360,ultra-performance,0.001900000,0.025700000,0.257700000,0.664000000,0.015600000,0.128400000,0.758700000,0.324000000,2.449100000,2.447200000,2.176000000,0.273100000,0.003400000,0.023200000,0.012800000,0.217800000,0.271700000,0.271800000,0.087400000,0.002400000,0.571800000,84,0,103,3,7,0.002600000,0.003500000,0.001400000,0.003800000,0.002700000,0.000500000,0.588700000,0.015400000,0.036800000,0.007800000,0.005100000,0.079100000,0.000000000,0.000000000,0.004400000,0.751800000,0.006900000,3,1,7,7,3,,0.194700000,0.003700000,0.264700000,0.047900000,0.014300000,0.045700000,true,true,0.023000000,0.147500000,0.006900000,0.003700000,0.009100000,103,103,0
1663,1,1,1920,1080,640,360,ultra-performance,0.003300000,0.039700000,0.503400000,0.708200000,0.015100000,0.127900000,0.981700000,0.333300000,3.071600000,3.068300000,2.712600000,0.359000000,0.006200000,0.043300000,0.024400000,0.428600000,0.348800000,0.349100000,0.079000000,0.002800000,0.624000000,84,0,103,3,7,0.002900000,0.003000000,0.001600000,0.004200000,0.003000000,0.000600000,0.552500000,0.016600000,0.179400000,0.008300000,0.004900000,0.188800000,0.000100000,0.000000000,0.007800000,0.973700000,0.008000000,3,1,7,7,3,,0.187800000,0.003900000,0.323400000,0.048300000,0.014000000,0.046000000,true,true,0.022100000,0.142400000,0.007300000,0.003800000,0.008300000,103,103,0
1664,2,1,1920,1080,640,360,ultra-performance,0.003400000,0.039400000,0.505900000,0.669100000,0.014800000,0.129900000,0.742900000,0.177900000,2.554700000,2.551300000,2.283300000,0.271400000,0.006300000,0.045600000,0.027800000,0.425500000,0.269800000,0.269900000,0.079100000,0.002500000,0.585200000,84,0,103,3,7,0.002300000,0.003200000,0.001300000,0.003900000,0.002900000,0.000500000,0.508900000,0.015500000,0.097100000,0.008300000,0.004700000,0.084200000,0.000000000,0.000000000,0.004000000,0.736800000,0.006100000,3,1,7,7,3,,0.190900000,0.003900000,0.278500000,0.049200000,0.014500000,0.047600000,true,true,0.022000000,0.145100000,0.007900000,0.003500000,0.008500000,103,103,0
1665,0,1,1920,1080,640,360,ultra-performance,0.001900000,0.025400000,0.250600000,0.681300000,0.015900000,0.132100000,0.663000000,0.170600000,2.218300000,2.216400000,1.940800000,0.277500000,0.003400000,0.023400000,0.013300000,0.210200000,0.276400000,0.276500000,0.098700000,0.002500000,0.577400000,84,0,103,3,7,0.003100000,0.003100000,0.001700000,0.003800000,0.002700000,0.000400000,0.498700000,0.016000000,0.027700000,0.008200000,0.004700000,0.083100000,0.000100000,0.000000000,0.004300000,0.657600000,0.005400000,3,1,7,7,3,,0.192900000,0.003900000,0.271100000,0.047800000,0.013900000,0.047100000,true,true,0.022600000,0.146600000,0.007300000,0.003700000,0.008400000,103,103,0
1666,1,1,1920,1080,640,360,ultra-performance,0.002200000,0.025500000,0.259400000,0.680200000,0.015100000,0.130900000,0.697200000,0.193200000,2.278800000,2.276600000,2.003700000,0.275100000,0.003300000,0.022700000,0.012100000,0.220900000,0.273500000,0.273800000,0.080400000,0.002700000,0.594300000,84,0,103,3,7,0.002500000,0.003000000,0.001400000,0.003800000,0.002800000,0.000500000,0.514600000,0.017200000,0.036400000,0.009000000,0.004900000,0.091100000,0.000000000,0.000000000,0.004200000,0.691400000,0.005800000,3,1,7,7,3,,0.201800000,0.003900000,0.263900000,0.047800000,0.014100000,0.062400000,true,true,0.028500000,0.148900000,0.007900000,0.003200000,0.008900000,103,103,0
1667,2,1,1920,1080,640,360,ultra-performance,0.002300000,0.024800000,0.263900000,0.640100000,0.014800000,0.127800000,0.712600000,0.173100000,2.224400000,2.222100000,1.959400000,0.265000000,0.003300000,0.023100000,0.013000000,0.224100000,0.263700000,0.264000000,0.079700000,0.002800000,0.555300000,84,0,103,3,7,0.002500000,0.002800000,0.001400000,0.004200000,0.002900000,0.000400000,0.492200000,0.016600000,0.084300000,0.009300000,0.004700000,0.080500000,0.000000000,0.000000000,0.004400000,0.706200000,0.006400000,3,1,7,7,3,,0.187400000,0.003800000,0.255500000,0.047600000,0.014100000,0.046200000,true,true,0.022700000,0.142100000,0.007000000,0.003800000,0.008000000,103,103,0
1668,0,1,1920,1080,640,360,ultra-performance,0.001900000,0.024200000,0.256000000,0.650000000,0.014800000,0.127500000,0.705200000,0.195200000,2.245500000,2.243600000,1.974800000,0.270700000,0.003400000,0.022600000,0.013100000,0.216500000,0.269400000,0.269500000,0.081800000,0.002800000,0.563100000,84,0,103,3,7,0.002200000,0.003000000,0.001400000,0.003900000,0.002600000,0.000400000,0.534200000,0.017300000,0.002300000,0.007900000,0.004700000,0.115200000,0.000000000,0.000000000,0.004100000,0.699200000,0.006000000,3,1,7,7,3,,0.186300000,0.003900000,0.261500000,0.048700000,0.013500000,0.048700000,true,true,0.021900000,0.141000000,0.007300000,0.003800000,0.008500000,103,103,0
1669,1,1,1920,1080,640,360,ultra-performance,0.001800000,0.025600000,0.260000000,0.653700000,0.015700000,0.139700000,0.783100000,0.178600000,2.327000000,2.325200000,2.058200000,0.268800000,0.003500000,0.022000000,0.013000000,0.221000000,0.267400000,0.267700000,0.077600000,0.002800000,0.570800000,84,0,103,3,7,0.003100000,0.003100000,0.001700000,0.003700000,0.002400000,0.000500000,0.558900000,0.016900000,0.001700000,0.007900000,0.004600000,0.169100000,0.000000000,0.000000000,0.004400000,0.778000000,0.005100000,3,1,7,7,3,,0.190600000,0.003900000,0.261300000,0.053700000,0.013900000,0.047000000,true,true,0.023100000,0.143200000,0.008100000,0.003700000,0.008700000,103,103,0
1670,2,1,1920,1080,640,360,ultra-performance,0.001900000,0.025800000,0.252300000,0.670900000,0.015300000,0.131800000,0.931700000,0.182100000,2.476500000,2.474600000,2.211800000,0.264700000,0.003300000,0.023000000,0.012900000,0.212700000,0.263100000,0.263200000,0.079200000,0.002500000,0.586700000,84,0,103,3,7,0.002900000,0.003200000,0.001500000,0.004000000,0.003100000,0.000400000,0.615700000,0.017600000,0.168000000,0.009600000,0.005100000,0.089600000,0.000100000,0.000000000,0.003900000,0.924700000,0.007000000,3,1,7,7,3,,0.203400000,0.004100000,0.267500000,0.049300000,0.013900000,0.048000000,true,true,0.022300000,0.156900000,0.008000000,0.003800000,0.008500000,103,103,0
1671,0,1,1920,1080,640,360,ultra-performance,0.001800000,0.025400000,0.261500000,0.664100000,0.016100000,0.126900000,0.761100000,0.201200000,2.329500000,2.327700000,2.058100000,0.271400000,0.003500000,0.023100000,0.013800000,0.220800000,0.270000000,0.270300000,0.081400000,0.002600000,0.577700000,84,0,103,3,7,0.003300000,0.003200000,0.001900000,0.004200000,0.003000000,0.000400000,0.503400000,0.016900000,0.105700000,0.009900000,0.005200000,0.092700000,0.000000000,0.000000000,0.003800000,0.753600000,0.007500000,3,1,7,7,3,,0.190600000,0.003900000,0.274300000,0.048000000,0.013800000,0.046500000,true,true,0.021500000,0.144900000,0.007900000,0.003800000,0.008600000,103,103,0
1672,1,1,1920,1080,640,360,ultra-performance,0.002000000,0.024100000,0.256500000,0.669800000,0.014700000,0.127100000,0.877700000,0.176100000,2.425600000,2.423600000,2.148000000,0.277600000,0.003100000,0.023400000,0.014300000,0.215200000,0.268700000,0.269000000,0.097000000,0.003100000,0.567400000,84,0,103,3,7,0.003500000,0.003200000,0.001500000,0.004100000,0.003300000,0.000400000,0.629900000,0.016900000,0.103800000,0.009900000,0.005700000,0.084200000,0.000000000,0.000000000,0.003800000,0.870200000,0.007500000,3,1,7,7,3,,0.189400000,0.003900000,0.266000000,0.047800000,0.013800000,0.045900000,true,true,0.021700000,0.143800000,0.007500000,0.004000000,0.008600000,103,103,0
1673,2,1,1920,1080,640,360,ultra-performance,0.001800000,0.026300000,0.257800000,0.645900000,0.015300000,0.128600000,0.884700000,0.282700000,2.514700000,2.512900000,2.243100000,0.271600000,0.003200000,0.022900000,0.012100000,0.219000000,0.268700000,0.268900000,0.080600000,0.002600000,0.560100000,84,0,103,3,7,0.003300000,0.003000000,0.001400000,0.003800000,0.006800000,0.001200000,0.507000000,0.023300000,0.166900000,0.015400000,0.009100000,0.124500000,0.000100000,0.000000000,0.007500000,0.873300000,0.011400000,3,1,7,7,3,,0.187200000,0.003700000,0.259200000,0.048200000,0.013800000,0.047300000,true,true,0.023800000,0.139000000,0.007700000,0.003600000,0.009200000,103,103,0
1674,0,1,1920,1080,640,360,ultra-performance,0.003700000,0.044800000,0.307800000,0.826700000,0.023400000,0.144700000,1.263700000,0.202000000,3.062800000,3.059100000,2.816800000,0.246000000,0.010300000,0.048500000,0.019400000,0.228700000,0.244100000,0.244400000,0.091500000,0.006600000,0.726100000,84,0,103,3,7,0.003000000,0.004500000,0.001300000,0.004100000,0.006100000,0.001300000,0.707900000,0.024400000,0.095100000,0.023100000,0.007900000,0.368400000,0.000100000,0.000000000,0.006100000,1.253300000,0.010400000,3,1,7,7,3,,0.256600000,0.006300000,0.289100000,0.101000000,0.018600000,0.053700000,true,true,0.055500000,0.164000000,0.012100000,0.007700000,0.013000000,103,103,0
1675,1,1,1920,1080,640,360,ultra-performance,0.002100000,0.025100000,0.202000000,0.547000000,0.014900000,0.115500000,0.812500000,0.194200000,2.093200000,2.091100000,1.913300000,0.179900000,0.004400000,0.022600000,0.011800000,0.162700000,0.178000000,0.178100000,0.062500000,0.003000000,0.479500000,84,0,103,3,7,0.002600000,0.003100000,0.001600000,0.003700000,0.005900000,0.001100000,0.546800000,0.023100000,0.059300000,0.009300000,0.005000000,0.137600000,0.000100000,0.000000000,0.005300000,0.804500000,0.008000000,3,1,7,7,3,,0.148500000,0.003300000,0.222200000,0.055400000,0.012700000,0.037000000,true,true,0.022100000,0.104100000,0.007700000,0.003900000,0.007500000,103,103,0
1676,2,1,1920,1080,640,360,ultra-performance,0.002400000,0.032700000,0.192200000,0.523400000,0.016900000,0.146800000,1.063100000,0.214400000,2.353600000,2.351200000,2.191900000,0.161700000,0.006100000,0.026800000,0.013600000,0.144800000,0.158100000,0.158700000,0.060500000,0.003400000,0.457900000,84,0,103,3,7,0.003300000,0.004500000,0.001600000,0.004100000,0.005900000,0.001600000,0.689200000,0.043200000,0.063000000,0.020600000,0.010400000,0.194700000,0.000100000,0.000000000,0.010300000,1.052500000,0.010600000,3,1,7,7,3,,0.154100000,0.004700000,0.191300000,0.057200000,0.012900000,0.036700000,true,true,0.025400000,0.103400000,0.007700000,0.006300000,0.008300000,103,103,0
1677,0,1,1920,1080,640,360,ultra-performance,0.002300000,0.023700000,0.168800000,0.472000000,0.014700000,0.110300000,0.834500000,0.205900000,1.993200000,1.990900000,1.832200000,0.161000000,0.004600000,0.021800000,0.009800000,0.131500000,0.158800000,0.158900000,0.052600000,0.003000000,0.414700000,84,0,103,3,7,0.001900000,0.003000000,0.001300000,0.003200000,0.005200000,0.001200000,0.565000000,0.021100000,0.101300000,0.011800000,0.006200000,0.098800000,0.000000000,0.000000000,0.007700000,0.827700000,0.006800000,3,1,7,7,3,,0.133800000,0.004000000,0.181900000,0.048200000,0.012600000,0.033700000,true,true,0.019500000,0.092800000,0.006100000,0.005300000,0.007300000,103,103,0
1678,1,1,1920,1080,640,360,ultra-performance,0.001900000,0.024600000,0.178100000,0.483600000,0.014200000,0.111500000,0.884400000,0.285700000,2.142400000,2.140500000,1.984000000,0.158400000,0.003400000,0.025000000,0.009200000,0.139800000,0.155800000,0.155900000,0.051300000,0.002300000,0.428000000,84,0,103,3,7,0.001900000,0.003000000,0.001200000,0.003300000,0.005300000,0.001200000,0.563100000,0.025100000,0.110400000,0.012800000,0.006100000,0.132400000,0.000000000,0.000000000,0.009000000,0.874800000,0.009600000,3,1,7,7,3,,0.129800000,0.003900000,0.177900000,0.055900000,0.015600000,0.044500000,true,true,0.016500000,0.093000000,0.006500000,0.003800000,0.007000000,103,103,0
1679,2,1,1920,1080,640,360,ultra-performance,0.002300000,0.027600000,0.196900000,0.545500000,0.016000000,0.115900000,0.805900000,0.247500000,2.127800000,2.125500000,1.957600000,0.170200000,0.004600000,0.029100000,0.012500000,0.150100000,0.168200000,0.168300000,0.061200000,0.003500000,0.478800000,84,0,103,3,7,0.002100000,0.002800000,0.001100000,0.003400000,0.003900000,0.001000000,0.534000000,0.021800000,0.113000000,0.009300000,0.005900000,0.094900000,0.000100000,0.000000000,0.004900000,0.798200000,0.007700000,3,1,7,7,3,,0.153200000,0.003500000,0.215600000,0.055100000,0.013700000,0.037100000,true,true,0.024200000,0.106800000,0.007900000,0.003700000,0.007600000,103,103,0
1680,0,1,1920,1080,640,360,ultra-performance,0.002500000,0.032800000,0.278000000,0.698100000,0.018500000,0.148300000,0.893700000,0.253700000,2.592500000,2.590000000,2.325600000,0.266900000,0.005000000,0.025600000,0.013900000,0.232700000,0.265400000,0.265500000,0.082300000,0.003800000,0.609400000,84,0,103,3,7,0.003400000,0.003500000,0.001500000,0.004100000,0.002900000,0.000700000,0.592100000,0.019200000,0.131000000,0.009500000,0.004800000,0.109800000,0.000100000,0.000000000,0.004800000,0.887400000,0.006300000,3,1,7,7,3,,0.207700000,0.004200000,0.270700000,0.058900000,0.016400000,0.051100000,true,true,0.026900000,0.152100000,0.009600000,0.004200000,0.010000000,103,103,0
1681,1,1,1920,1080,640,360,ultra-performance,0.001900000,0.029300000,0.255600000,0.683500000,0.018200000,0.138000000,0.897400000,0.201000000,2.499100000,2.497200000,2.224900000,0.274200000,0.003700000,0.024400000,0.012400000,0.214500000,0.266100000,0.266200000,0.079200000,0.002700000,0.599400000,84,0,103,3,7,0.003100000,0.003600000,0.002000000,0.003700000,0.003100000,0.000700000,0.671800000,0.019600000,0.002200000,0.009200000,0.004900000,0.163500000,0.000100000,0.000000000,0.004500000,0.892000000,0.005400000,3,1,7,7,3,,0.200500000,0.004100000,0.274200000,0.053400000,0.016100000,0.050100000,true,true,0.024400000,0.150400000,0.008700000,0.004100000,0.009100000,103,103,0
1682,2,1,1920,1080,640,360,ultra-performance,0.001900000,0.029800000,0.265700000,0.675600000,0.017200000,0.137200000,0.758400000,0.186600000,2.360400000,2.358500000,2.072400000,0.288000000,0.003400000,0.023900000,0.013600000,0.224500000,0.286500000,0.286700000,0.082700000,0.002700000,0.587500000,84,0,103,3,7,0.002500000,0.003200000,0.001400000,0.004200000,0.002500000,0.000400000,0.576800000,0.017000000,0.028600000,0.008300000,0.005100000,0.097900000,0.000100000,0.000000000,0.004100000,0.752100000,0.006300000,3,1,7,7,3,,0.197500000,0.004300000,0.269100000,0.052300000,0.014600000,0.049100000,true,true,0.023800000,0.149600000,0.007700000,0.004200000,0.008200000,103,103,0
1683,0,1,1920,1080,640,360,ultra-performance,0.002000000,0.024600000,0.258500000,0.665300000,0.016900000,0.134200000,0.767400000,0.208400000,2.344400000,2.342400000,2.077300000,0.267100000,0.003400000,0.023200000,0.014300000,0.216900000,0.265600000,0.265700000,0.082500000,0.002600000,0.577800000,84,0,103,3,7,0.002500000,0.003400000,0.001400000,0.003800000,0.003000000,0.000700000,0.573100000,0.018300000,0.036900000,0.009400000,0.005800000,0.098400000,0.000000000,0.000000000,0.004100000,0.760800000,0.006600000,3,1,7,7,3,,0.189400000,0.004000000,0.261600000,0.058400000,0.015600000,0.048200000,true,true,0.021600000,0.143700000,0.007600000,0.003600000,0.008400000,103,103,0
1684,1,1,1920,1080,640,360,ultra-performance,0.002000000,0.029300000,0.259000000,0.670200000,0.016100000,0.141300000,1.595300000,0.256700000,3.240100000,3.238100000,2.969900000,0.270200000,0.003400000,0.023200000,0.013200000,0.218800000,0.268200000,0.268400000,0.081400000,0.002800000,0.583400000,84,0,103,3,7,0.003400000,0.003500000,0.001400000,0.003700000,0.004500000,0.000600000,0.545400000,0.022400000,0.863200000,0.011800000,0.005400000,0.118800000,0.000000000,0.000000000,0.004300000,1.588400000,0.006900000,3,1,7,7,3,,0.191500000,0.004000000,0.274400000,0.050600000,0.014500000,0.047500000,true,true,0.022800000,0.144700000,0.007900000,0.003900000,0.008300000,103,103,0
1685,2,1,1920,1080,640,360,ultra-performance,0.002100000,0.029100000,0.258300000,0.672900000,0.017100000,0.136200000,0.875300000,0.333600000,2.609800000,2.607700000,2.324600000,0.285200000,0.003500000,0.025100000,0.013200000,0.216200000,0.282500000,0.282600000,0.083400000,0.002500000,0.584600000,84,0,103,3,7,0.003600000,0.003200000,0.001500000,0.003900000,0.003200000,0.000400000,0.599800000,0.017200000,0.097600000,0.009200000,0.005500000,0.116100000,0.000000000,0.000000000,0.006600000,0.867800000,0.007500000,3,1,7,7,3,,0.192600000,0.004300000,0.271200000,0.052400000,0.014800000,0.048500000,true,true,0.023900000,0.145000000,0.007400000,0.003900000,0.008500000,103,103,0
1686,0,1,1920,1080,640,360,ultra-performance,0.003700000,0.041500000,0.497600000,0.676100000,0.016400000,0.134500000,0.826100000,0.186900000,2.658800000,2.655100000,2.382800000,0.276000000,0.006900000,0.042400000,0.025000000,0.422500000,0.274500000,0.274700000,0.082900000,0.002500000,0.588500000,84,0,103,3,7,0.002800000,0.003400000,0.001400000,0.004100000,0.002900000,0.000600000,0.558000000,0.017400000,0.124900000,0.008400000,0.005100000,0.087000000,0.000000000,0.000000000,0.004200000,0.820200000,0.005900000,3,1,7,7,3,,0.191300000,0.004300000,0.279300000,0.050200000,0.014600000,0.048300000,true,true,0.022100000,0.145200000,0.008200000,0.003800000,0.008300000,103,103,0
1687,1,1,1920,1080,640,360,ultra-performance,0.002000000,0.027200000,0.257100000,0.653800000,0.015800000,0.134100000,0.837500000,0.198100000,2.390100000,2.388100000,2.125600000,0.264500000,0.003300000,0.022400000,0.013500000,0.217400000,0.262700000,0.262900000,0.085900000,0.002700000,0.562800000,84,0,103,3,7,0.003000000,0.003000000,0.001500000,0.003900000,0.002900000,0.000400000,0.631600000,0.017800000,0.052400000,0.009300000,0.005600000,0.094700000,0.000100000,0.000000000,0.004500000,0.830700000,0.006800000,3,1,7,7,3,,0.188100000,0.003900000,0.259900000,0.049000000,0.014400000,0.046900000,true,true,0.022300000,0.142300000,0.007700000,0.003800000,0.008100000,103,103,0
1688,2,1,1920,1080,640,360,ultra-performance,0.002100000,0.027800000,0.256100000,0.670000000,0.015500000,0.132500000,0.755600000,0.177000000,2.306000000,2.303900000,2.036600000,0.269400000,0.003500000,0.023700000,0.012100000,0.216400000,0.267900000,0.268100000,0.082400000,0.002400000,0.582800000,84,0,103,3,7,0.002900000,0.003000000,0.001400000,0.004000000,0.003300000,0.000400000,0.562200000,0.016600000,0.031200000,0.009100000,0.005100000,0.104200000,0.000100000,0.000000000,0.004500000,0.748000000,0.007600000,3,1,7,7,3,,0.186800000,0.004100000,0.264000000,0.063900000,0.014500000,0.049100000,true,true,0.020800000,0.141500000,0.008100000,0.004000000,0.008300000,103,103,0
1689,0,1,1920,1080,640,360,ultra-performance,0.002000000,0.026500000,0.262100000,0.650900000,0.016100000,0.131100000,0.815500000,0.179100000,2.357700000,2.355700000,2.083300000,0.274400000,0.003100000,0.023500000,0.013600000,0.221500000,0.272500000,0.272600000,0.081900000,0.002600000,0.564000000,84,0,103,3,7,0.002800000,0.003200000,0.001700000,0.004100000,0.002700000,0.000500000,0.654100000,0.019800000,0.002300000,0.008200000,0.004800000,0.101500000,0.000000000,0.000000000,0.004300000,0.810000000,0.005500000,3,1,7,7,3,,0.189800000,0.004000000,0.259400000,0.048400000,0.014100000,0.047700000,true,true,0.022000000,0.144000000,0.007600000,0.003800000,0.008300000,103,103,0
1690,1,1,1920,1080,640,360,ultra-performance,0.001900000,0.025400000,0.254000000,0.676100000,0.015800000,0.130800000,0.731000000,0.185300000,2.291400000,2.289500000,2.020300000,0.271100000,0.003300000,0.022400000,0.012900000,0.214900000,0.263700000,0.263900000,0.083000000,0.002600000,0.588200000,84,0,103,3,7,0.002600000,0.003100000,0.001700000,0.004100000,0.002400000,0.000400000,0.491400000,0.018100000,0.102300000,0.008400000,0.004400000,0.082000000,0.000100000,0.000000000,0.004200000,0.725200000,0.005800000,3,1,7,7,3,,0.198900000,0.004000000,0.273000000,0.050000000,0.014300000,0.047100000,true,true,0.022600000,0.152500000,0.007500000,0.003600000,0.008600000,103,103,0
1691,2,1,1920,1080,640,360,ultra-performance,0.001900000,0.028400000,0.252600000,0.656300000,0.015700000,0.126500000,0.929600000,0.291900000,2.569500000,2.567600000,2.302900000,0.266600000,0.003100000,0.022800000,0.012500000,0.213600000,0.262700000,0.262900000,0.087300000,0.002500000,0.564100000,84,0,103,3,7,0.002600000,0.002900000,0.001700000,0.003800000,0.010100000,0.001700000,0.526300000,0.037500000,0.143100000,0.018000000,0.011300000,0.145200000,0.000000000,0.000000000,0.011900000,0.916100000,0.013500000,3,1,7,7,3,,0.186000000,0.003700000,0.259300000,0.053800000,0.014000000,0.046500000,true,true,0.022900000,0.141600000,0.006900000,0.003600000,0.007400000,103,103,0
1692,0,1,1920,1080,640,360,ultra-performance,0.004100000,0.044200000,0.315800000,0.693700000,0.026900000,0.143600000,0.637500000,0.207300000,2.339100000,2.335000000,2.073100000,0.266000000,0.010600000,0.062700000,0.018100000,0.223600000,0.263900000,0.264400000,0.096000000,0.007000000,0.588700000,84,0,103,3,7,0.002600000,0.004100000,0.001300000,0.005300000,0.003300000,0.000400000,0.469500000,0.022100000,0.003600000,0.009100000,0.004600000,0.101800000,0.000100000,0.000000000,0.004200000,0.632000000,0.005500000,3,1,7,7,3,,0.218300000,0.005600000,0.215700000,0.094100000,0.014200000,0.039800000,true,true,0.060800000,0.125100000,0.010400000,0.005600000,0.011900000,103,103,0
1693,1,1,1920,1080,640,360,ultra-performance,0.002600000,0.031600000,0.183800000,0.789900000,0.023800000,0.167700000,0.751500000,0.217000000,2.336000000,2.333400000,2.167900000,0.168100000,0.005700000,0.023500000,0.011700000,0.142000000,0.166100000,0.166400000,0.079200000,0.005000000,0.703400000,84,0,103,3,7,0.003200000,0.004800000,0.002000000,0.005200000,0.004600000,0.000800000,0.523800000,0.028700000,0.047300000,0.012700000,0.006100000,0.098100000,0.000200000,0.000000000,0.005500000,0.743000000,0.008500000,3,1,7,7,3,,0.212500000,0.005500000,0.317300000,0.098200000,0.017000000,0.052000000,true,true,0.037600000,0.145100000,0.009600000,0.005200000,0.011000000,103,103,0
1694,2,1,1920,1080,640,360,ultra-performance,0.002900000,0.040100000,0.239900000,0.826700000,0.019500000,0.158400000,0.914600000,0.228800000,2.723700000,2.720800000,2.430900000,0.292800000,0.006700000,0.027600000,0.012800000,0.191900000,0.290500000,0.290900000,0.112200000,0.004000000,0.707500000,84,0,103,3,7,0.003300000,0.003900000,0.002000000,0.004700000,0.003200000,0.000500000,0.549300000,0.019800000,0.110000000,0.009400000,0.005700000,0.190900000,0.000100000,0.000000000,0.004900000,0.907700000,0.006900000,3,1,7,7,3,,0.230800000,0.004600000,0.326200000,0.069700000,0.019000000,0.056400000,true,true,0.033500000,0.165400000,0.011100000,0.005100000,0.010700000,103,103,0
1695,0,1,1920,1080,640,360,ultra-performance,0.002700000,0.030700000,0.307000000,0.771400000,0.017300000,0.148300000,0.733900000,0.200200000,2.527800000,2.525100000,2.211500000,0.316300000,0.004200000,0.028000000,0.016800000,0.257500000,0.314600000,0.314800000,0.094600000,0.002800000,0.671300000,84,0,103,3,7,0.002800000,0.003400000,0.001600000,0.004000000,0.002800000,0.000700000,0.513000000,0.019800000,0.075900000,0.008800000,0.005300000,0.084100000,0.000100000,0.000000000,0.004400000,0.726700000,0.007200000,3,1,7,7,3,,0.218300000,0.004900000,0.321900000,0.053700000,0.016900000,0.054700000,true,true,0.025500000,0.165900000,0.008900000,0.003900000,0.009700000,103,103,0
1696,1,1,1920,1080,640,360,ultra-performance,0.001900000,0.027800000,0.304200000,0.758100000,0.016800000,0.151700000,0.762200000,0.215000000,2.571600000,2.569700000,2.237700000,0.333900000,0.003400000,0.026400000,0.017000000,0.257000000,0.332200000,0.332500000,0.096400000,0.002700000,0.656100000,84,0,103,3,7,0.003400000,0.004000000,0.001700000,0.004500000,0.003100000,0.000800000,0.485100000,0.024700000,0.106800000,0.011400000,0.005700000,0.098500000,0.000100000,0.000000000,0.005100000,0.754900000,0.007300000,3,1,7,7,3,,0.212600000,0.003900000,0.312500000,0.054600000,0.016300000,0.055700000,true,true,0.025100000,0.162100000,0.008200000,0.004300000,0.008700000,103,103,0
1697,2,1,1920,1080,640,360,ultra-performance,0.002200000,0.034300000,0.312400000,0.778400000,0.016400000,0.149200000,0.809400000,0.181100000,2.612900000,2.610700000,2.283400000,0.329500000,0.003700000,0.027400000,0.015600000,0.265200000,0.327800000,0.327900000,0.097400000,0.002900000,0.675300000,84,0,103,3,7,0.003500000,0.003400000,0.001900000,0.003900000,0.003100000,0.000500000,0.596900000,0.014800000,0.047100000,0.008900000,0.005600000,0.107600000,0.000000000,0.000000000,0.004900000,0.802100000,0.007300000,3,1,7,7,3,,0.219900000,0.004700000,0.320800000,0.056500000,0.016700000,0.056200000,true,true,0.025600000,0.168000000,0.007800000,0.004200000,0.010000000,103,103,0
1698,0,1,1920,1080,640,360,ultra-performance,0.001800000,0.021900000,0.304100000,0.778400000,0.015700000,0.144800000,0.886600000,0.199900000,2.674000000,2.672200000,2.353200000,0.320800000,0.003400000,0.025400000,0.015200000,0.259500000,0.319300000,0.319500000,0.097100000,0.002900000,0.675700000,84,0,103,3,7,0.002800000,0.003000000,0.001400000,0.003700000,0.002700000,0.000500000,0.600000000,0.021400000,0.116400000,0.008600000,0.006500000,0.107600000,0.000000000,0.000000000,0.005000000,0.879600000,0.007000000,3,1,7,7,3,,0.217600000,0.004400000,0.310600000,0.053500000,0.015600000,0.073300000,true,true,0.024300000,0.167800000,0.007800000,0.003800000,0.009700000,103,103,0
1699,1,1,1920,1080,640,360,ultra-performance,0.002000000,0.028500000,0.307300000,0.820800000,0.015900000,0.157900000,0.901300000,0.185900000,2.748200000,2.746200000,2.419600000,0.328600000,0.003700000,0.027100000,0.015300000,0.260700000,0.327100000,0.327400000,0.096000000,0.002800000,0.719200000,84,0,103,3,7,0.003800000,0.003600000,0.001700000,0.003900000,0.003400000,0.000600000,0.564200000,0.015400000,0.167200000,0.011300000,0.005800000,0.108400000,0.000100000,0.000000000,0.004700000,0.894100000,0.007200000,3,1,7,7,3,,0.217300000,0.004600000,0.312600000,0.110900000,0.016400000,0.056600000,true,true,0.024200000,0.167000000,0.008000000,0.004000000,0.009700000,103,103,0
1700,2,1,1920,1080,640,360,ultra-performance,0.001900000,0.029500000,0.307000000,0.779700000,0.015000000,0.151900000,0.728000000,0.191700000,2.530400000,2.528500000,2.204700000,0.325700000,0.003700000,0.027200000,0.014800000,0.260900000,0.320200000,0.320400000,0.096700000,0.002800000,0.677700000,84,0,103,3,7,0.003300000,0.003300000,0.001800000,0.004000000,0.003000000,0.000600000,0.535300000,0.013600000,0.042600000,0.008500000,0.005100000,0.095500000,0.000100000,0.000000000,0.004600000,0.721300000,0.006700000,3,1,7,7,3,,0.233600000,0.004600000,0.313700000,0.054100000,0.015800000,0.055400000,true,true,0.028600000,0.167400000,0.018700000,0.004200000,0.010000000,103,103,0
1701,0,1,1920,1080,640,360,ultra-performance,0.001900000,0.022400000,0.303500000,0.788700000,0.016300000,0.150300000,0.793800000,0.188900000,2.580800000,2.578900000,2.265800000,0.315000000,0.003700000,0.026100000,0.015400000,0.257700000,0.313300000,0.313500000,0.097600000,0.003000000,0.685200000,84,0,103,3,7,0.003100000,0.003500000,0.001900000,0.004600000,0.003300000,0.000900000,0.575300000,0.015800000,0.043800000,0.009900000,0.005500000,0.114500000,0.000000000,0.000000000,0.004800000,0.786900000,0.006900000,3,1,7,7,3,,0.220500000,0.004700000,0.316100000,0.058300000,0.016700000,0.068300000,true,true,0.024600000,0.169100000,0.008300000,0.004000000,0.009900000,103,103,0
1702,1,1,1920,1080,640,360,ultra-performance,0.002100000,0.024800000,0.307700000,0.775700000,0.015300000,0.148800000,0.990900000,0.190500000,2.780700000,2.778600000,2.455800000,0.324900000,0.003500000,0.025800000,0.015100000,0.262800000,0.323200000,0.323300000,0.095700000,0.002700000,0.674400000,84,0,103,3,7,0.003300000,0.003300000,0.001700000,0.004200000,0.002800000,0.000500000,0.495100000,0.015100000,0.222000000,0.009200000,0.005200000,0.218000000,0.000100000,0.000000000,0.004600000,0.985100000,0.005800000,3,1,7,7,3,,0.216500000,0.004400000,0.313600000,0.054000000,0.016000000,0.069300000,true,true,0.024200000,0.167800000,0.007200000,0.003400000,0.009600000,103,103,0
1703,2,1,1920,1080,640,360,ultra-performance,0.001900000,0.023600000,0.307500000,0.763700000,0.016300000,0.150900000,0.819000000,0.204300000,2.601600000,2.599700000,2.287200000,0.314400000,0.003300000,0.026300000,0.015400000,0.261900000,0.312900000,0.313000000,0.095400000,0.002500000,0.663200000,84,0,103,3,7,0.003300000,0.003600000,0.001800000,0.004300000,0.003100000,0.000600000,0.552400000,0.015200000,0.116800000,0.009800000,0.005600000,0.091500000,0.000000000,0.000000000,0.005000000,0.813000000,0.006000000,3,1,7,7,3,,0.221900000,0.004000000,0.292200000,0.059600000,0.017100000,0.067500000,true,true,0.024800000,0.173500000,0.008200000,0.003600000,0.008100000,103,103,0
1704,0,1,1920,1080,640,360,ultra-performance,0.001900000,0.026000000,0.306100000,0.778900000,0.015900000,0.146700000,0.744600000,0.208900000,2.548900000,2.547000000,2.229000000,0.319900000,0.003700000,0.026400000,0.015400000,0.260100000,0.318500000,0.318600000,0.096700000,0.002800000,0.676600000,84,0,103,3,7,0.003000000,0.003400000,0.001700000,0.004300000,0.003000000,0.000500000,0.552000000,0.014000000,0.044300000,0.008900000,0.005800000,0.092500000,0.000100000,0.000000000,0.004600000,0.738100000,0.006500000,3,1,7,7,3,,0.217400000,0.004500000,0.310100000,0.053500000,0.015900000,0.074300000,true,true,0.024100000,0.167600000,0.007700000,0.003800000,0.009900000,103,103,0
1705,1,1,1920,1080,640,360,ultra-performance,0.001900000,0.022900000,0.315600000,0.764500000,0.015100000,0.144800000,1.098900000,0.246500000,2.931900000,2.930000000,2.610200000,0.321700000,0.003600000,0.025800000,0.014900000,0.270600000,0.319500000,0.319700000,0.096500000,0.002900000,0.662300000,84,0,103,3,7,0.003600000,0.003400000,0.001800000,0.004200000,0.009300000,0.001700000,0.666500000,0.034200000,0.167600000,0.018200000,0.010000000,0.160900000,0.000100000,0.000000000,0.006700000,1.088200000,0.010700000,3,1,7,7,3,,0.216700000,0.004400000,0.309200000,0.052900000,0.023200000,0.055400000,true,true,0.023900000,0.168000000,0.007400000,0.003900000,0.009200000,103,103,0
1706,2,1,1920,1080,640,360,ultra-performance,0.004100000,0.045100000,0.213200000,0.796300000,0.021200000,0.153100000,0.836800000,0.201000000,2.431900000,2.427800000,2.270800000,0.161100000,0.008500000,0.038500000,0.014200000,0.150900000,0.158500000,0.158900000,0.063100000,0.005600000,0.720200000,84,0,103,3,7,0.003600000,0.003600000,0.001400000,0.005000000,0.003000000,0.000500000,0.598200000,0.015900000,0.089800000,0.009200000,0.005600000,0.090300000,0.000100000,0.000000000,0.004900000,0.831100000,0.005700000,3,1,7,7,3,,0.203700000,0.004700000,0.282200000,0.138800000,0.023100000,0.066500000,true,true,0.046900000,0.128100000,0.009400000,0.005800000,0.010300000,103,103,0
1707,0,1,1920,1080,640,360,ultra-performance,0.002200000,0.024700000,0.267200000,0.688200000,0.015200000,0.129800000,0.734000000,0.181500000,2.319800000,2.317600000,2.042800000,0.277000000,0.004500000,0.026000000,0.015500000,0.220700000,0.275400000,0.275600000,0.087200000,0.003700000,0.595100000,84,0,103,3,7,0.002900000,0.003100000,0.001600000,0.004600000,0.002900000,0.000500000,0.526800000,0.014300000,0.060800000,0.008000000,0.004900000,0.092600000,0.000100000,0.000000000,0.004600000,0.727700000,0.006300000,3,1,7,7,3,,0.190600000,0.004200000,0.278100000,0.058500000,0.014800000,0.048300000,true,true,0.024000000,0.140400000,0.008000000,0.004000000,0.010000000,103,103,0
1708,1,1,1920,1080,640,360,ultra-performance,0.001800000,0.023800000,0.256300000,0.661000000,0.013800000,0.126400000,0.791800000,0.178400000,2.324100000,2.322300000,2.053300000,0.270800000,0.003700000,0.024700000,0.013900000,0.213500000,0.269300000,0.269400000,0.079800000,0.002800000,0.576100000,84,0,103,3,7,0.002900000,0.002700000,0.001300000,0.003900000,0.003000000,0.000700000,0.561600000,0.016400000,0.046100000,0.009600000,0.005000000,0.126700000,0.000000000,0.000000000,0.004600000,0.784500000,0.007300000,3,1,7,7,3,,0.195300000,0.003800000,0.266300000,0.048800000,0.013800000,0.047500000,true,true,0.024100000,0.145700000,0.008800000,0.003900000,0.009200000,103,103,0
1709,2,1,1920,1080,640,360,ultra-performance,0.002100000,0.027900000,0.252900000,0.667400000,0.015200000,0.130800000,0.718100000,0.178100000,2.260800000,2.258700000,1.992500000,0.268300000,0.003500000,0.023500000,0.013400000,0.212200000,0.263000000,0.263200000,0.079500000,0.002900000,0.582400000,84,0,103,3,7,0.003000000,0.002900000,0.002300000,0.008000000,0.002800000,0.000300000,0.578200000,0.014800000,0.001800000,0.008700000,0.004700000,0.079900000,0.000100000,0.000000000,0.004500000,0.712000000,0.006100000,3,1,7,7,3,,0.187000000,0.003900000,0.261600000,0.067200000,0.014000000,0.048200000,true,true,0.021400000,0.142600000,0.007500000,0.003800000,0.008100000,103,103,0
1710,0,1,1920,1080,640,360,ultra-performance,0.001900000,0.022700000,0.255700000,0.646300000,0.013600000,0.134800000,0.704700000,0.168600000,2.218300000,2.216400000,1.948300000,0.270000000,0.003600000,0.023000000,0.013100000,0.215700000,0.268600000,0.268800000,0.081500000,0.002400000,0.560100000,84,0,103,3,7,0.002700000,0.002900000,0.001400000,0.003500000,0.002300000,0.000400000,0.575700000,0.014200000,0.001700000,0.008200000,0.004800000,0.077600000,0.000100000,0.000000000,0.003900000,0.699400000,0.005300000,3,1,7,7,3,,0.184000000,0.003900000,0.261300000,0.047800000,0.014000000,0.048300000,true,true,0.022100000,0.139200000,0.006800000,0.003700000,0.008400000,103,103,0
1711,1,1,1920,1080,640,360,ultra-performance,0.001800000,0.025400000,0.248600000,0.673100000,0.016100000,0.130400000,0.743600000,0.185700000,2.292500000,2.290700000,2.024700000,0.267800000,0.003300000,0.022500000,0.014100000,0.208300000,0.266500000,0.266600000,0.078000000,0.002500000,0.589600000,84,0,103,3,7,0.002600000,0.003100000,0.001500000,0.004200000,0.002500000,0.000500000,0.600800000,0.016800000,0.001600000,0.007900000,0.004600000,0.086700000,0.000000000,0.000000000,0.004200000,0.737000000,0.006600000,3,1,7,7,3,,0.192400000,0.004600000,0.278900000,0.050200000,0.013900000,0.048700000,true,true,0.021700000,0.146800000,0.007500000,0.003900000,0.008600000,103,103,0
1712,2,1,1920,1080,640,360,ultra-performance,0.001900000,0.029100000,0.251400000,0.657600000,0.014200000,0.126200000,1.208600000,0.174500000,2.726900000,2.725000000,2.463500000,0.263400000,0.003500000,0.022900000,0.012700000,0.212000000,0.261500000,0.261700000,0.081000000,0.002500000,0.571600000,84,0,103,3,7,0.003200000,0.003100000,0.001500000,0.004100000,0.003100000,0.000600000,0.577200000,0.014600000,0.403000000,0.009800000,0.005700000,0.171200000,0.000100000,0.000000000,0.004300000,1.201500000,0.007100000,3,1,7,7,3,,0.199400000,0.003800000,0.259500000,0.047000000,0.014200000,0.047000000,true,true,0.023200000,0.153400000,0.007500000,0.003700000,0.008200000,103,103,0
1713,0,1,1920,1080,640,360,ultra-performance,0.001900000,0.024600000,0.252100000,0.649500000,0.014500000,0.128200000,0.767000000,0.172100000,2.286700000,2.284800000,2.009900000,0.276800000,0.003300000,0.023300000,0.012700000,0.212300000,0.275500000,0.275700000,0.078100000,0.002600000,0.566500000,84,0,103,3,7,0.002700000,0.002900000,0.001500000,0.004000000,0.002900000,0.000400000,0.573300000,0.015900000,0.026500000,0.009000000,0.005400000,0.111100000,0.000100000,0.000000000,0.004300000,0.760000000,0.007000000,3,1,7,7,3,,0.188000000,0.004200000,0.263900000,0.046900000,0.013800000,0.049100000,true,true,0.024300000,0.139300000,0.007600000,0.004000000,0.008300000,103,103,0
1714,1,1,1920,1080,640,360,ultra-performance,0.001600000,0.024900000,0.252800000,0.643500000,0.013400000,0.136000000,0.967900000,0.198000000,2.500900000,2.499300000,2.238100000,0.262800000,0.003300000,0.022300000,0.014100000,0.212700000,0.261400000,0.261600000,0.080100000,0.002500000,0.558200000,84,0,103,3,7,0.002700000,0.003100000,0.001400000,0.003700000,0.004000000,0.000800000,0.584500000,0.028800000,0.154400000,0.019100000,0.008100000,0.143900000,0.000000000,0.000000000,0.005100000,0.959600000,0.008300000,3,1,7,7,3,,0.185000000,0.004400000,0.261100000,0.046200000,0.013600000,0.047100000,true,true,0.022700000,0.138900000,0.006900000,0.003800000,0.008400000,103,103,0
1715,2,1,1920,1080,640,360,ultra-performance,0.001900000,0.029700000,0.249700000,0.658100000,0.015800000,0.135700000,0.798800000,0.181700000,2.339800000,2.337900000,2.071400000,0.268400000,0.003600000,0.023300000,0.013700000,0.208900000,0.266800000,0.266900000,0.079300000,0.002400000,0.574000000,84,0,103,3,7,0.002900000,0.003300000,0.001400000,0.004200000,0.003100000,0.000500000,0.546000000,0.015500000,0.112100000,0.009200000,0.005000000,0.084300000,0.000100000,0.000000000,0.004100000,0.791700000,0.007100000,3,1,7,7,3,,0.193100000,0.004300000,0.262800000,0.051000000,0.014100000,0.048000000,true,true,0.022500000,0.146800000,0.007200000,0.004200000,0.008700000,103,103,0
1716,0,1,1920,1080,640,360,ultra-performance,0.001800000,0.027300000,0.249700000,0.652000000,0.014200000,0.128300000,0.765700000,0.181100000,2.281900000,2.280100000,2.020100000,0.261800000,0.003300000,0.022700000,0.012500000,0.210800000,0.260300000,0.260400000,0.090600000,0.002600000,0.556400000,84,0,103,3,7,0.002700000,0.003500000,0.001400000,0.003700000,0.002800000,0.000700000,0.537300000,0.015000000,0.073600000,0.009700000,0.005100000,0.099400000,0.000100000,0.000000000,0.004700000,0.759700000,0.006000000,3,1,7,7,3,,0.186000000,0.003800000,0.259200000,0.047200000,0.014000000,0.045400000,true,true,0.021700000,0.140800000,0.008000000,0.003700000,0.008100000,103,103,0
1717,1,1,1920,1080,640,360,ultra-performance,0.002100000,0.023200000,0.256800000,0.645300000,0.014400000,0.128400000,0.847100000,0.180400000,2.372500000,2.370400000,2.097700000,0.274800000,0.003300000,0.023100000,0.011900000,0.218100000,0.273300000,0.273500000,0.079600000,0.002700000,0.560600000,84,0,103,3,7,0.003100000,0.003500000,0.001500000,0.003500000,0.002600000,0.000500000,0.447700000,0.017300000,0.129100000,0.007700000,0.005100000,0.215000000,0.000000000,0.000000000,0.004500000,0.841100000,0.006000000,3,1,7,7,3,,0.182000000,0.004100000,0.259100000,0.055600000,0.013900000,0.045400000,true,true,0.022600000,0.136700000,0.007100000,0.003600000,0.008200000,103,103,0
1718,2,1,1920,1080,640,360,ultra-performance,0.002000000,0.026500000,0.253400000,0.639300000,0.014400000,0.145400000,0.971600000,0.177400000,2.501500000,2.499500000,2.230000000,0.271500000,0.003300000,0.022100000,0.013300000,0.214400000,0.265300000,0.265400000,0.079800000,0.002300000,0.555000000,84,0,103,3,7,0.002200000,0.003100000,0.001300000,0.003700000,0.002800000,0.000500000,0.550300000,0.015400000,0.273500000,0.010300000,0.005200000,0.092800000,0.000000000,0.000000000,0.004400000,0.965500000,0.006100000,3,1,7,7,3,,0.185000000,0.004000000,0.257100000,0.048300000,0.013300000,0.046800000,true,true,0.021800000,0.140200000,0.007300000,0.003500000,0.008400000,103,103,0
1719,0,1,1920,1080,640,360,ultra-performance,0.001900000,0.023800000,0.249200000,0.666700000,0.015300000,0.135900000,0.788400000,0.199900000,2.337300000,2.335400000,2.081100000,0.256200000,0.003300000,0.023200000,0.012500000,0.209800000,0.254800000,0.254900000,0.079500000,0.002600000,0.582100000,84,0,103,3,7,0.003000000,0.003100000,0.001700000,0.003800000,0.002700000,0.000600000,0.548500000,0.016100000,0.048800000,0.009100000,0.005200000,0.135400000,0.000000000,0.000000000,0.004300000,0.782300000,0.006100000,3,1,7,7,3,,0.192000000,0.004200000,0.275700000,0.047500000,0.014300000,0.047800000,true,true,0.021200000,0.146000000,0.008600000,0.003900000,0.008500000,103,103,0
1720,1,1,1920,1080,640,360,ultra-performance,0.001800000,0.022400000,0.246800000,0.652800000,0.014300000,0.127900000,0.765300000,0.162000000,2.250400000,2.248600000,1.993300000,0.257100000,0.003300000,0.021300000,0.013400000,0.208200000,0.255600000,0.255800000,0.083200000,0.002500000,0.564600000,84,0,103,3,7,0.002700000,0.002900000,0.001500000,0.004200000,0.002600000,0.000700000,0.557000000,0.017300000,0.073600000,0.008000000,0.005200000,0.080400000,0.000000000,0.000000000,0.004300000,0.760400000,0.004900000,3,1,7,7,3,,0.181800000,0.004100000,0.268200000,0.048700000,0.013500000,0.047800000,true,true,0.021900000,0.137100000,0.006900000,0.003600000,0.008500000,103,103,0
1721,2,1,1920,1080,640,360,ultra-performance,0.001900000,0.025300000,0.248800000,0.628000000,0.013800000,0.124400000,0.874700000,0.186100000,2.359600000,2.357700000,2.103000000,0.256600000,0.003200000,0.021200000,0.012100000,0.211800000,0.255100000,0.255300000,0.075300000,0.002300000,0.548100000,84,0,103,3,7,0.002800000,0.002800000,0.001400000,0.003800000,0.002800000,0.000500000,0.569000000,0.014100000,0.087000000,0.009000000,0.005300000,0.165000000,0.000000000,0.000000000,0.004600000,0.868100000,0.006600000,3,1,7,7,3,,0.185800000,0.003900000,0.251300000,0.047000000,0.013500000,0.045900000,true,true,0.021600000,0.142300000,0.007300000,0.003600000,0.007600000,103,103,0
1722,0,1,1920,1080,640,360,ultra-performance,0.001800000,0.023400000,0.251900000,0.662800000,0.014400000,0.130300000,1.005600000,0.424700000,2.781100000,2.779300000,2.514900000,0.266200000,0.003400000,0.022000000,0.012200000,0.213700000,0.263900000,0.264100000,0.081900000,0.002600000,0.576000000,84,0,103,3,7,0.002700000,0.003100000,0.001600000,0.003900000,0.008000000,0.002000000,0.614100000,0.023800000,0.161400000,0.015800000,0.009500000,0.144700000,0.000000000,0.000000000,0.006900000,0.997500000,0.008100000,3,1,7,7,3,,0.188800000,0.003900000,0.272700000,0.050200000,0.014200000,0.045600000,true,true,0.021100000,0.144800000,0.006900000,0.003500000,0.008600000,103,103,0
1723,1,1,1920,1080,640,360,ultra-performance,0.004700000,0.064800000,0.302000000,0.592600000,0.013600000,0.104900000,0.801700000,0.215500000,2.286900000,2.282200000,2.099800000,0.187100000,0.008800000,0.052200000,0.023300000,0.216800000,0.184800000,0.185000000,0.091900000,0.002900000,0.495800000,84,0,103,3,7,0.002100000,0.003100000,0.001200000,0.003700000,0.005000000,0.001200000,0.508500000,0.023500000,0.111000000,0.014500000,0.006400000,0.105100000,0.000000000,0.000000000,0.007900000,0.793200000,0.008500000,3,1,7,7,3,,0.183900000,0.003300000,0.215800000,0.044700000,0.012800000,0.034600000,true,true,0.022600000,0.136400000,0.008800000,0.004500000,0.007900000,103,103,0
1724,2,1,1920,1080,640,360,ultra-performance,0.003300000,0.053400000,0.293700000,0.813500000,0.022800000,0.170200000,0.832300000,0.231500000,2.664300000,2.661000000,2.420700000,0.243600000,0.010500000,0.045900000,0.017300000,0.218900000,0.241100000,0.241700000,0.089800000,0.007100000,0.714100000,84,0,103,3,7,0.003200000,0.005000000,0.001600000,0.004700000,0.003600000,0.000800000,0.566900000,0.021200000,0.078100000,0.011200000,0.005700000,0.113600000,0.000100000,0.000000000,0.008700000,0.824400000,0.007900000,3,1,7,7,3,,0.255200000,0.005500000,0.288800000,0.090000000,0.018000000,0.055600000,true,true,0.058600000,0.162800000,0.011800000,0.006000000,0.011000000,103,103,0
1725,0,1,1920,1080,640,360,ultra-performance,0.002100000,0.026800000,0.297600000,0.818200000,0.020800000,0.159500000,0.858300000,0.288400000,2.782600000,2.780500000,2.471700000,0.310900000,0.004400000,0.031100000,0.017600000,0.243900000,0.308700000,0.308900000,0.101400000,0.003800000,0.710400000,84,0,103,3,7,0.003200000,0.003400000,0.002100000,0.004400000,0.005200000,0.001100000,0.574200000,0.031500000,0.055200000,0.013900000,0.007800000,0.141300000,0.000100000,0.000000000,0.006800000,0.850200000,0.008100000,3,1,7,7,3,,0.234500000,0.004300000,0.316400000,0.078400000,0.018900000,0.057200000,true,true,0.031600000,0.173600000,0.010100000,0.004300000,0.010700000,103,103,0
1726,1,1,1920,1080,640,360,ultra-performance,0.003800000,0.042200000,0.203900000,0.878600000,0.020300000,0.156700000,0.777400000,0.208600000,2.564200000,2.560400000,2.291500000,0.272700000,0.007700000,0.032500000,0.014200000,0.148900000,0.270700000,0.271200000,0.088300000,0.005700000,0.777300000,84,0,103,3,7,0.003300000,0.003700000,0.001800000,0.005300000,0.003000000,0.000900000,0.542800000,0.019000000,0.078000000,0.010300000,0.006200000,0.090800000,0.000100000,0.000000000,0.005500000,0.770700000,0.006700000,3,1,7,7,3,,0.241500000,0.005800000,0.384200000,0.065500000,0.020700000,0.058600000,true,true,0.048200000,0.159400000,0.010900000,0.006900000,0.011100000,103,103,0
1727,2,1,1920,1080,640,360,ultra-performance,0.002100000,0.032900000,0.319900000,0.787500000,0.016300000,0.147100000,0.705900000,0.186000000,2.527500000,2.525400000,2.197700000,0.329800000,0.004300000,0.029400000,0.016600000,0.268900000,0.325000000,0.325100000,0.096200000,0.003600000,0.684900000,84,0,103,3,7,0.003500000,0.003300000,0.001700000,0.004100000,0.002300000,0.000500000,0.539400000,0.014600000,0.036800000,0.008000000,0.004400000,0.078800000,0.000000000,0.000000000,0.004100000,0.701500000,0.004400000,3,1,7,7,3,,0.230500000,0.004600000,0.321700000,0.054500000,0.016600000,0.056400000,true,true,0.030200000,0.171800000,0.009600000,0.004300000,0.010100000,103,103,0
1728,0,1,1920,1080,640,360,ultra-performance,0.001800000,0.021300000,0.183600000,0.714900000,0.017100000,0.145600000,1.036000000,0.242300000,2.540900000,2.539100000,2.362600000,0.178300000,0.002900000,0.017400000,0.011500000,0.151400000,0.176000000,0.176200000,0.056600000,0.003100000,0.652700000,84,0,103,3,7,0.002600000,0.004300000,0.001500000,0.004600000,0.007700000,0.001600000,0.695300000,0.039700000,0.027600000,0.021500000,0.009800000,0.199900000,0.000000000,0.000000000,0.008400000,1.024500000,0.011500000,3,1,7,7,3,,0.200600000,0.004500000,0.322500000,0.059500000,0.017600000,0.047300000,true,true,0.019500000,0.154200000,0.007800000,0.003900000,0.010400000,103,103,0
1729,1,1,1920,1080,640,360,ultra-performance,0.002900000,0.043300000,0.231100000,0.618000000,0.027000000,0.200300000,0.950300000,0.344400000,2.636100000,2.633200000,2.417300000,0.218800000,0.007300000,0.040500000,0.018600000,0.163700000,0.215800000,0.216500000,0.065900000,0.004400000,0.544900000,84,0,103,3,7,0.003600000,0.005000000,0.002100000,0.005600000,0.004900000,0.001200000,0.571400000,0.027300000,0.123400000,0.014300000,0.008300000,0.160900000,0.000200000,0.000000000,0.013000000,0.941200000,0.009100000,3,1,7,7,3,,0.180400000,0.004500000,0.217400000,0.086300000,0.014500000,0.041000000,true,true,0.040400000,0.114300000,0.008300000,0.005000000,0.008800000,103,103,0
1730,2,1,1920,1080,640,360,ultra-performance,0.002100000,0.022900000,0.192100000,0.527700000,0.014900000,0.114300000,0.966100000,0.237100000,2.248000000,2.245900000,2.077200000,0.170800000,0.003600000,0.021300000,0.011500000,0.155200000,0.169100000,0.169300000,0.061100000,0.003000000,0.461600000,84,0,103,3,7,0.002200000,0.002900000,0.001200000,0.004700000,0.003300000,0.000600000,0.571400000,0.021500000,0.078800000,0.010400000,0.006200000,0.246600000,0.000300000,0.000000000,0.008800000,0.958900000,0.007200000,3,1,7,7,3,,0.142700000,0.003400000,0.215900000,0.050600000,0.011900000,0.036600000,true,true,0.019400000,0.102500000,0.007000000,0.003700000,0.007100000,103,103,0
1731,0,1,1920,1080,640,360,ultra-performance,0.002600000,0.026700000,0.299500000,0.789300000,0.016600000,0.165700000,0.917000000,0.202000000,2.714600000,2.712000000,2.419400000,0.295200000,0.004400000,0.024400000,0.017700000,0.252400000,0.293400000,0.293700000,0.098500000,0.003100000,0.684800000,84,0,103,3,7,0.003100000,0.003700000,0.001700000,0.004300000,0.003000000,0.000500000,0.613500000,0.020200000,0.120500000,0.011000000,0.006100000,0.114500000,0.000100000,0.000000000,0.007300000,0.909500000,0.007500000,3,1,7,7,3,,0.220800000,0.004500000,0.327600000,0.058100000,0.016900000,0.056300000,true,true,0.025800000,0.167800000,0.008200000,0.004300000,0.009800000,103,103,0
1732,1,1,1920,1080,640,360,ultra-performance,0.002100000,0.029900000,0.307200000,0.782900000,0.015200000,0.157300000,0.820800000,0.199600000,2.638300000,2.636200000,2.315000000,0.323300000,0.003500000,0.025500000,0.015200000,0.262500000,0.322000000,0.322100000,0.097400000,0.002900000,0.680000000,84,0,103,3,7,0.002700000,0.003400000,0.001700000,0.004200000,0.003100000,0.000600000,0.560100000,0.015800000,0.096500000,0.009900000,0.005400000,0.103600000,0.000100000,0.000000000,0.007100000,0.814200000,0.006600000,3,1,7,7,3,,0.220600000,0.020100000,0.311300000,0.054700000,0.016100000,0.056200000,true,true,0.025000000,0.169700000,0.008800000,0.003400000,0.009500000,103,103,0
1733,2,1,1920,1080,640,360,ultra-performance,0.001900000,0.025500000,0.295700000,0.754600000,0.015500000,0.145500000,1.053100000,0.173400000,2.770300000,2.768400000,2.465200000,0.305100000,0.003500000,0.026400000,0.015100000,0.250200000,0.303500000,0.303600000,0.097100000,0.003200000,0.651700000,84,0,103,3,7,0.003000000,0.003500000,0.001900000,0.004100000,0.003400000,0.001000000,0.609300000,0.029000000,0.094300000,0.022600000,0.010100000,0.255800000,0.000100000,0.000000000,0.006200000,1.044300000,0.008800000,3,1,7,7,3,,0.208900000,0.004600000,0.305700000,0.053600000,0.014700000,0.063600000,true,true,0.021400000,0.162400000,0.008300000,0.003800000,0.008700000,103,103,0
1734,0,1,1920,1080,640,360,ultra-performance,0.001800000,0.019300000,0.171800000,0.484100000,0.011700000,0.109300000,0.860200000,0.169200000,1.997800000,1.996000000,1.827400000,0.170400000,0.002900000,0.017800000,0.009700000,0.140900000,0.169200000,0.169300000,0.064800000,0.002200000,0.415000000,84,0,103,3,7,0.001800000,0.002700000,0.001200000,0.003200000,0.003900000,0.000700000,0.537000000,0.028000000,0.135800000,0.016400000,0.009900000,0.105300000,0.000000000,0.000000000,0.005900000,0.851800000,0.008400000,3,1,7,7,3,,0.132400000,0.003200000,0.185500000,0.040500000,0.011000000,0.042100000,true,true,0.016700000,0.097600000,0.005400000,0.003400000,0.006500000,103,103,0
1735,1,1,1920,1080,640,360,ultra-performance,0.001900000,0.027700000,0.260800000,0.477300000,0.011600000,0.134000000,0.820500000,0.291400000,2.224100000,2.222200000,2.025200000,0.198900000,0.003400000,0.022500000,0.012500000,0.221800000,0.195700000,0.195900000,0.056500000,0.002900000,0.416100000,84,0,103,3,7,0.002500000,0.002800000,0.001000000,0.003800000,0.006600000,0.001300000,0.424000000,0.027700000,0.104400000,0.013400000,0.008300000,0.203300000,0.000100000,0.000000000,0.011300000,0.810500000,0.010000000,3,1,7,7,3,,0.135300000,0.003200000,0.190500000,0.041800000,0.011000000,0.033800000,true,true,0.017300000,0.099100000,0.005900000,0.003800000,0.006400000,103,103,0
1736,2,1,1920,1080,640,360,ultra-performance,0.003700000,0.061300000,0.323200000,0.764400000,0.018800000,0.142000000,0.664200000,0.175900000,2.405400000,2.401700000,2.153500000,0.251900000,0.014100000,0.067700000,0.019200000,0.220200000,0.246700000,0.247100000,0.089600000,0.006300000,0.666500000,84,0,103,3,7,0.002400000,0.004000000,0.001200000,0.004400000,0.003700000,0.000700000,0.481800000,0.019700000,0.026000000,0.009100000,0.004600000,0.089600000,0.000100000,0.000000000,0.009300000,0.656600000,0.007600000,3,1,7,7,3,,0.252100000,0.006200000,0.268000000,0.084800000,0.014400000,0.040100000,true,true,0.053900000,0.162300000,0.011400000,0.007600000,0.012400000,103,103,0
1737,0,1,1920,1080,640,360,ultra-performance,0.002100000,0.019900000,0.200800000,0.511300000,0.013500000,0.109700000,0.786500000,0.184700000,2.005200000,2.003100000,1.828500000,0.176700000,0.003300000,0.019900000,0.012600000,0.164200000,0.174600000,0.174700000,0.060300000,0.003100000,0.445900000,84,0,103,3,7,0.002000000,0.002800000,0.001400000,0.003300000,0.004300000,0.000900000,0.532700000,0.019100000,0.104300000,0.009000000,0.004600000,0.086000000,0.000000000,0.000000000,0.009400000,0.779800000,0.006700000,3,1,7,7,3,,0.142900000,0.003200000,0.200700000,0.051200000,0.011600000,0.035900000,true,true,0.018400000,0.102900000,0.007400000,0.003600000,0.007700000,103,103,0
1738,1,1,1920,1080,640,360,ultra-performance,0.001900000,0.031200000,0.192800000,0.529900000,0.015900000,0.126900000,0.651200000,0.202600000,1.917200000,1.915300000,1.752400000,0.164800000,0.004900000,0.024000000,0.011800000,0.151300000,0.162300000,0.162700000,0.058400000,0.003400000,0.466300000,84,0,103,3,7,0.002300000,0.003200000,0.001200000,0.003700000,0.005000000,0.000800000,0.455400000,0.021300000,0.034100000,0.011500000,0.007100000,0.087100000,0.000100000,0.000000000,0.010400000,0.643200000,0.008000000,3,1,7,7,3,,0.153200000,0.005100000,0.195500000,0.062900000,0.013300000,0.035700000,true,true,0.022600000,0.100900000,0.008100000,0.005800000,0.011800000,103,103,0
1739,2,1,1920,1080,640,360,ultra-performance,0.002300000,0.031500000,0.289200000,0.708100000,0.017200000,0.142400000,0.880000000,0.225200000,2.565700000,2.563400000,2.295900000,0.269800000,0.004500000,0.028200000,0.015100000,0.240900000,0.267500000,0.267700000,0.087900000,0.003600000,0.614300000,84,0,103,3,7,0.003300000,0.003300000,0.001500000,0.004100000,0.004700000,0.001200000,0.526900000,0.032400000,0.109800000,0.015300000,0.009800000,0.148900000,0.000000000,0.000000000,0.011100000,0.872300000,0.007700000,3,1,7,7,3,,0.204900000,0.004100000,0.283300000,0.056700000,0.015200000,0.049700000,true,true,0.027900000,0.150200000,0.010000000,0.004100000,0.008500000,103,103,0
1740,0,1,1920,1080,640,360,ultra-performance,0.001900000,0.019700000,0.181500000,0.474100000,0.012200000,0.106900000,0.854800000,0.191200000,2.012700000,2.010800000,1.842300000,0.170400000,0.003000000,0.017700000,0.010200000,0.150300000,0.167600000,0.167800000,0.054500000,0.002300000,0.415500000,84,0,103,3,7,0.001600000,0.002900000,0.001200000,0.003200000,0.005900000,0.001300000,0.576200000,0.024000000,0.079000000,0.014600000,0.008000000,0.114300000,0.000100000,0.000000000,0.013700000,0.846000000,0.008800000,3,1,7,7,3,,0.134700000,0.003200000,0.190300000,0.041100000,0.011300000,0.034300000,true,true,0.017600000,0.098100000,0.005900000,0.003200000,0.007100000,103,103,0
1741,1,1,1920,1080,640,360,ultra-performance,0.001900000,0.032500000,0.176800000,0.537800000,0.015800000,0.128300000,0.925300000,0.187700000,2.170500000,2.168600000,2.006100000,0.164400000,0.005100000,0.021300000,0.011000000,0.138300000,0.162800000,0.163100000,0.057900000,0.002900000,0.475100000,84,0,103,3,7,0.002400000,0.003200000,0.001400000,0.003700000,0.002100000,0.000600000,0.642300000,0.029900000,0.064000000,0.018100000,0.006800000,0.137800000,0.000200000,0.000000000,0.005600000,0.918100000,0.007200000,3,1,7,7,3,,0.146100000,0.003800000,0.192400000,0.068900000,0.017500000,0.045300000,true,true,0.028100000,0.096100000,0.006900000,0.004100000,0.008100000,103,103,0
1742,2,1,1920,1080,640,360,ultra-performance,0.002200000,0.039600000,0.254200000,0.532400000,0.014500000,0.111000000,0.863500000,0.305400000,2.362700000,2.360500000,2.122800000,0.239900000,0.005300000,0.024400000,0.012200000,0.211500000,0.237200000,0.237600000,0.051100000,0.002900000,0.476600000,84,0,103,3,7,0.002300000,0.002900000,0.001200000,0.003200000,0.004700000,0.001100000,0.630500000,0.022800000,0.024100000,0.014500000,0.006100000,0.127900000,0.000200000,0.000000000,0.012900000,0.854400000,0.009100000,3,1,7,7,3,,0.150800000,0.004400000,0.226300000,0.049000000,0.013000000,0.032500000,true,true,0.019900000,0.107600000,0.007600000,0.003900000,0.008300000,103,103,0
1743,0,1,1920,1080,640,360,ultra-performance,0.003400000,0.034000000,0.253400000,0.523800000,0.013700000,0.108500000,0.877400000,0.228800000,2.285000000,2.281600000,2.043000000,0.242000000,0.005900000,0.034600000,0.020500000,0.191600000,0.239300000,0.239500000,0.063100000,0.003000000,0.455700000,84,0,103,3,7,0.002200000,0.002600000,0.001200000,0.003400000,0.004900000,0.001200000,0.614000000,0.024800000,0.060900000,0.014500000,0.006600000,0.118800000,0.000100000,0.000000000,0.012800000,0.868000000,0.009400000,3,1,7,7,3,,0.145600000,0.003300000,0.210600000,0.047500000,0.011800000,0.036300000,true,true,0.020000000,0.103400000,0.007600000,0.003700000,0.007900000,103,103,0
1744,1,1,1920,1080,640,360,ultra-performance,0.002100000,0.021600000,0.189000000,0.479500000,0.013300000,0.130000000,0.946900000,0.350600000,2.296400000,2.294300000,2.133000000,0.163400000,0.009100000,0.021100000,0.011300000,0.146600000,0.160300000,0.160500000,0.056300000,0.002700000,0.418800000,84,0,103,3,7,0.002200000,0.003100000,0.001100000,0.003500000,0.006000000,0.001500000,0.661500000,0.026800000,0.042900000,0.016500000,0.006700000,0.147500000,0.000100000,0.000000000,0.015200000,0.934600000,0.012300000,3,1,7,7,3,,0.133900000,0.003700000,0.186400000,0.048600000,0.012000000,0.033600000,true,true,0.019800000,0.093800000,0.006800000,0.003700000,0.007100000,103,103,0
1745,2,1,1920,1080,640,360,ultra-performance,0.002200000,0.028800000,0.272300000,0.710000000,0.017000000,0.141900000,0.815700000,0.187800000,2.448300000,2.446100000,2.175700000,0.272600000,0.004000000,0.028200000,0.016500000,0.223000000,0.266100000,0.266300000,0.090500000,0.003600000,0.613300000,84,0,103,3,7,0.003100000,0.003200000,0.001700000,0.003900000,0.002700000,0.000700000,0.424900000,0.015900000,0.162300000,0.008100000,0.007100000,0.170200000,0.000000000,0.000000000,0.006500000,0.810300000,0.005400000,3,1,7,7,3,,0.202000000,0.004900000,0.282100000,0.058200000,0.015000000,0.050400000,true,true,0.026800000,0.148500000,0.009400000,0.004100000,0.009100000,103,103,0
1746,0,1,1920,1080,640,360,ultra-performance,0.001900000,0.023000000,0.257500000,0.663600000,0.014800000,0.135900000,0.825800000,0.193800000,2.383900000,2.382000000,2.116300000,0.267600000,0.004000000,0.023200000,0.013600000,0.216300000,0.266200000,0.266400000,0.078900000,0.002800000,0.579400000,84,0,103,3,7,0.002800000,0.003300000,0.001500000,0.003800000,0.003000000,0.000500000,0.495000000,0.017600000,0.170600000,0.010800000,0.005300000,0.098300000,0.000000000,0.000000000,0.006300000,0.818800000,0.007000000,3,1,7,7,3,,0.190100000,0.004000000,0.271200000,0.048700000,0.013600000,0.051200000,true,true,0.024100000,0.142000000,0.007800000,0.003500000,0.009000000,103,103,0
1747,1,1,1920,1080,640,360,ultra-performance,0.001900000,0.028000000,0.251200000,0.647000000,0.016600000,0.134300000,0.829100000,0.180000000,2.362700000,2.360800000,2.088100000,0.274600000,0.003600000,0.022900000,0.013100000,0.211100000,0.273200000,0.273400000,0.081300000,0.002600000,0.561000000,84,0,103,3,7,0.003400000,0.003200000,0.001400000,0.004300000,0.002800000,0.000500000,0.569400000,0.017000000,0.104100000,0.009100000,0.005300000,0.095300000,0.000100000,0.000000000,0.005900000,0.821800000,0.007300000,3,1,7,7,3,,0.190300000,0.003900000,0.255200000,0.049800000,0.013700000,0.047400000,true,true,0.024100000,0.141200000,0.008700000,0.003900000,0.008500000,103,103,0
1748,2,1,1920,1080,640,360,ultra-performance,0.001900000,0.025600000,0.249900000,0.657900000,0.015100000,0.126600000,0.800300000,0.222200000,2.364500000,2.362600000,2.099500000,0.265000000,0.003300000,0.022100000,0.012700000,0.211300000,0.262000000,0.262300000,0.080100000,0.002600000,0.572500000,84,0,103,3,7,0.002900000,0.002900000,0.001500000,0.003800000,0.006100000,0.000900000,0.444100000,0.027400000,0.152500000,0.014700000,0.009200000,0.113200000,0.000100000,0.000000000,0.009500000,0.788800000,0.011500000,3,1,7,7,3,,0.189400000,0.004000000,0.268800000,0.049400000,0.014100000,0.046100000,true,true,0.022900000,0.142300000,0.008300000,0.003700000,0.008300000,103,103,0
1749,0,1,1920,1080,640,360,ultra-performance,0.002200000,0.038500000,0.316100000,0.612500000,0.016000000,0.117900000,0.902100000,0.561100000,2.868300000,2.866100000,2.566400000,0.301900000,0.006700000,0.036500000,0.019300000,0.252700000,0.299000000,0.299300000,0.098200000,0.004200000,0.508100000,84,0,103,3,7,0.002300000,0.002900000,0.001300000,0.003200000,0.005300000,0.001200000,0.559300000,0.022900000,0.124400000,0.012300000,0.007100000,0.138300000,0.000100000,0.000000000,0.012000000,0.892600000,0.009500000,3,1,7,7,3,,0.195700000,0.004100000,0.195400000,0.064600000,0.012600000,0.035200000,true,true,0.034300000,0.136000000,0.008800000,0.005400000,0.008100000,103,103,0
1750,1,1,1920,1080,640,360,ultra-performance,0.002000000,0.024200000,0.195500000,0.508500000,0.014800000,0.114400000,0.586400000,0.179200000,1.791600000,1.789600000,1.625000000,0.166600000,0.004700000,0.029100000,0.011700000,0.149500000,0.165200000,0.165300000,0.061700000,0.002700000,0.442200000,84,0,103,3,7,0.002100000,0.002800000,0.001600000,0.003500000,0.002000000,0.000600000,0.439100000,0.015200000,0.017800000,0.006700000,0.002900000,0.081900000,0.000000000,0.000000000,0.005600000,0.581800000,0.004600000,3,1,7,7,3,,0.140600000,0.003100000,0.201400000,0.049000000,0.011900000,0.035600000,true,true,0.019300000,0.100600000,0.007100000,0.003600000,0.007000000,103,103,0
1751,2,1,1920,1080,640,360,ultra-performance,0.001900000,0.020800000,0.181600000,0.488100000,0.013100000,0.105200000,1.158600000,0.343100000,2.492200000,2.490300000,2.312400000,0.179800000,0.003100000,0.017800000,0.010600000,0.149800000,0.176600000,0.176800000,0.054800000,0.002500000,0.428800000,84,0,103,3,7,0.001700000,0.002600000,0.001100000,0.003500000,0.006200000,0.001400000,0.530300000,0.025600000,0.371900000,0.022100000,0.011800000,0.157500000,0.000100000,0.000000000,0.011200000,1.147000000,0.011600000,3,1,7,7,3,,0.135100000,0.003100000,0.197200000,0.044000000,0.011900000,0.037000000,true,true,0.018000000,0.097800000,0.005800000,0.003400000,0.007300000,103,103,0
1752,0,1,1920,1080,640,360,ultra-performance,0.003300000,0.037600000,0.333300000,0.512300000,0.014300000,0.105200000,1.030300000,0.229100000,2.442800000,2.439500000,2.265400000,0.177400000,0.007000000,0.037200000,0.020700000,0.267400000,0.174100000,0.174300000,0.061000000,0.002600000,0.446800000,84,0,103,3,7,0.002000000,0.003000000,0.001300000,0.003400000,0.006500000,0.001500000,0.630200000,0.024900000,0.194500000,0.013000000,0.007500000,0.124300000,0.000100000,0.000000000,0.008900000,1.021100000,0.009200000,3,1,7,7,3,,0.145200000,0.003800000,0.195500000,0.054000000,0.012900000,0.034700000,true,true,0.022900000,0.099800000,0.007700000,0.004200000,0.007600000,103,103,0
1753,1,1,1920,1080,640,360,ultra-performance,0.001800000,0.026500000,0.158700000,0.447900000,0.012900000,0.098200000,0.873300000,0.347600000,2.124900000,2.123100000,1.966900000,0.158000000,0.003600000,0.017300000,0.008900000,0.128500000,0.155000000,0.155100000,0.050200000,0.002500000,0.393400000,84,0,103,3,7,0.002100000,0.002700000,0.001400000,0.002900000,0.006400000,0.001500000,0.431800000,0.028300000,0.236200000,0.013200000,0.006800000,0.122000000,0.000000000,0.000000000,0.009000000,0.864300000,0.009000000,3,1,7,7,3,,0.130700000,0.003100000,0.175300000,0.041100000,0.011100000,0.031600000,true,true,0.017100000,0.091400000,0.009600000,0.003600000,0.006300000,103,103,0
1754,2,1,1920,1080,640,360,ultra-performance,0.002200000,0.031200000,0.195200000,0.444000000,0.013600000,0.100100000,0.925600000,0.345900000,2.228300000,2.226100000,2.057800000,0.170500000,0.004200000,0.028800000,0.012300000,0.149400000,0.153500000,0.153700000,0.050600000,0.002100000,0.389600000,84,0,103,3,7,0.001300000,0.002800000,0.001000000,0.003100000,0.005900000,0.001600000,0.614800000,0.023900000,0.101300000,0.012800000,0.006300000,0.131000000,0.000000000,0.000000000,0.008400000,0.914200000,0.011400000,3,1,7,7,3,,0.126400000,0.003100000,0.172600000,0.043200000,0.011700000,0.032100000,true,true,0.016600000,0.090300000,0.006100000,0.003800000,0.007000000,103,103,0
1755,0,1,1920,1080,640,360,ultra-performance,0.004000000,0.047200000,0.417200000,0.567200000,0.015500000,0.106600000,1.005500000,0.254500000,2.584400000,2.580400000,2.417700000,0.166700000,0.007600000,0.047700000,0.029400000,0.331600000,0.164600000,0.164800000,0.059800000,0.002800000,0.502700000,84,0,103,3,7,0.002100000,0.002900000,0.001400000,0.003200000,0.004500000,0.001100000,0.641300000,0.031400000,0.060700000,0.019600000,0.007200000,0.212100000,0.000100000,0.000000000,0.006600000,0.994200000,0.011300000,3,1,7,7,3,,0.193600000,0.004200000,0.208600000,0.048700000,0.011600000,0.035500000,true,true,0.024000000,0.143600000,0.009700000,0.004100000,0.008500000,103,103,0
1756,1,1,1920,1080,640,360,ultra-performance,0.001700000,0.023700000,0.171900000,0.516200000,0.016800000,0.127000000,0.860100000,0.161500000,2.047800000,2.046100000,1.878900000,0.168900000,0.003200000,0.017600000,0.010500000,0.140100000,0.167500000,0.167700000,0.055300000,0.002300000,0.456300000,84,0,103,3,7,0.002300000,0.003200000,0.001200000,0.003600000,0.003700000,0.001100000,0.620000000,0.033500000,0.028900000,0.014600000,0.006200000,0.131100000,0.000000000,0.000000000,0.003500000,0.852900000,0.007200000,3,1,7,7,3,,0.135300000,0.003400000,0.191000000,0.057600000,0.016000000,0.052400000,true,true,0.017200000,0.098800000,0.006400000,0.003200000,0.006900000,103,103,0
1757,2,1,1920,1080,640,360,ultra-performance,0.001700000,0.022600000,0.231900000,0.470700000,0.012800000,0.102000000,0.681100000,0.166500000,1.866800000,1.865100000,1.689300000,0.177500000,0.003000000,0.016600000,0.021100000,0.190800000,0.176200000,0.176300000,0.060600000,0.002500000,0.405600000,84,0,103,3,7,0.001800000,0.002800000,0.001400000,0.003300000,0.001800000,0.000500000,0.551000000,0.016200000,0.001400000,0.005500000,0.003000000,0.084300000,0.000000000,0.000000000,0.003200000,0.676200000,0.004900000,3,1,7,7,3,,0.132100000,0.003200000,0.182700000,0.042000000,0.011000000,0.033900000,true,true,0.017600000,0.095700000,0.005900000,0.003500000,0.006400000,103,103,0
1758,0,1,1920,1080,640,360,ultra-performance,0.001800000,0.020700000,0.179500000,0.489900000,0.013100000,0.100900000,0.941100000,0.167900000,2.093800000,2.092000000,1.914900000,0.178900000,0.002800000,0.016700000,0.010300000,0.149300000,0.177200000,0.177400000,0.064900000,0.002200000,0.420800000,84,0,103,3,7,0.002200000,0.002800000,0.001100000,0.003400000,0.003000000,0.000900000,0.613800000,0.034700000,0.109200000,0.019100000,0.009200000,0.129900000,0.000100000,0.000000000,0.003300000,0.932700000,0.008400000,3,1,7,7,3,,0.137900000,0.004800000,0.188600000,0.044000000,0.011200000,0.033600000,true,true,0.016800000,0.097200000,0.005900000,0.003900000,0.010200000,103,103,0
1759,1,1,1920,1080,640,360,ultra-performance,0.001800000,0.019400000,0.177700000,0.477700000,0.012400000,0.109600000,0.800400000,0.235900000,2.032800000,2.031000000,1.834900000,0.197900000,0.002800000,0.017000000,0.019100000,0.138400000,0.195600000,0.195700000,0.055200000,0.002700000,0.417900000,84,0,103,3,7,0.002200000,0.002800000,0.001100000,0.003700000,0.006100000,0.001100000,0.525500000,0.019800000,0.108300000,0.012300000,0.006600000,0.094700000,0.000000000,0.000000000,0.006400000,0.790600000,0.009800000,3,1,7,7,3,,0.141000000,0.003100000,0.184100000,0.044100000,0.011500000,0.033600000,true,true,0.017600000,0.102200000,0.007700000,0.003600000,0.006600000,103,103,0
1760,2,1,1920,1080,640,360,ultra-performance,0.003400000,0.027300000,0.262500000,0.740800000,0.015800000,0.131300000,0.734800000,0.315800000,2.498300000,2.494900000,2.231700000,0.266600000,0.004000000,0.026600000,0.015800000,0.215600000,0.264900000,0.265100000,0.093200000,0.002500000,0.642700000,84,0,103,3,7,0.003400000,0.003400000,0.001500000,0.003900000,0.002700000,0.000500000,0.529000000,0.013300000,0.072900000,0.008000000,0.005000000,0.080200000,0.000100000,0.000000000,0.004300000,0.728200000,0.006600000,3,1,7,7,3,,0.197400000,0.004300000,0.271300000,0.052500000,0.015700000,0.100700000,true,true,0.023600000,0.148300000,0.008100000,0.004000000,0.009300000,103,103,0
1761,0,1,1920,1080,640,360,ultra-performance,0.001800000,0.023300000,0.255300000,0.655900000,0.014900000,0.127500000,0.783500000,0.187700000,2.317000000,2.315200000,2.049900000,0.267100000,0.003400000,0.022500000,0.013900000,0.214900000,0.265400000,0.265600000,0.079400000,0.002600000,0.571400000,84,0,103,3,7,0.002600000,0.003100000,0.001800000,0.003900000,0.003700000,0.000800000,0.538000000,0.020200000,0.058000000,0.014200000,0.008800000,0.117000000,0.000000000,0.000000000,0.004000000,0.776100000,0.007400000,3,1,7,7,3,,0.185800000,0.003900000,0.267800000,0.052600000,0.013800000,0.046700000,true,true,0.023500000,0.141100000,0.006400000,0.003800000,0.007600000,103,103,0
1762,1,1,1920,1080,640,360,ultra-performance,0.001800000,0.020300000,0.179400000,0.468300000,0.012100000,0.113200000,0.710000000,0.165100000,1.841900000,1.840100000,1.670200000,0.171700000,0.002900000,0.016500000,0.010400000,0.149200000,0.170300000,0.170500000,0.054100000,0.002400000,0.409800000,84,0,103,3,7,0.002200000,0.002700000,0.001200000,0.003100000,0.003900000,0.000600000,0.499000000,0.022000000,0.002900000,0.009500000,0.005500000,0.149800000,0.000000000,0.000000000,0.002900000,0.705300000,0.004700000,3,1,7,7,3,,0.133900000,0.003300000,0.184900000,0.041000000,0.011800000,0.034300000,true,true,0.016800000,0.098100000,0.006000000,0.003300000,0.006800000,103,103,0
1763,2,1,1920,1080,640,360,ultra-performance,0.001800000,0.020200000,0.169300000,0.464700000,0.012200000,0.098900000,0.626000000,0.191000000,1.776200000,1.774400000,1.584100000,0.192100000,0.002800000,0.016900000,0.009700000,0.139500000,0.190600000,0.190700000,0.053400000,0.002300000,0.407100000,84,0,103,3,7,0.001800000,0.002600000,0.001100000,0.003300000,0.002900000,0.000700000,0.471500000,0.015300000,0.017000000,0.007700000,0.003800000,0.088600000,0.000000000,0.000000000,0.003900000,0.620200000,0.005800000,3,1,7,7,3,,0.133300000,0.003100000,0.184300000,0.041200000,0.011200000,0.033500000,true,true,0.017000000,0.097900000,0.005600000,0.003400000,0.006500000,103,103,0
1764,0,1,1920,1080,640,360,ultra-performance,0.002100000,0.024300000,0.317500000,0.756700000,0.015400000,0.146300000,0.860000000,0.191600000,2.631100000,2.629000000,2.313900000,0.317200000,0.003600000,0.025300000,0.015200000,0.272800000,0.315500000,0.315700000,0.099300000,0.002900000,0.652100000,84,0,103,3,7,0.002900000,0.003800000,0.001800000,0.004600000,0.003000000,0.000500000,0.542100000,0.016100000,0.134900000,0.010000000,0.005100000,0.124600000,0.000100000,0.000000000,0.004100000,0.853600000,0.006400000,3,1,7,7,3,,0.216200000,0.004700000,0.311800000,0.055800000,0.013900000,0.048900000,true,true,0.024900000,0.165200000,0.007800000,0.003900000,0.009900000,103,103,0
1765,1,1,1920,1080,640,360,ultra-performance,0.002300000,0.026800000,0.288100000,0.780000000,0.016600000,0.150500000,0.747600000,0.200900000,2.509300000,2.507000000,2.212800000,0.296500000,0.003700000,0.022500000,0.016300000,0.245200000,0.295000000,0.295300000,0.094600000,0.002900000,0.679700000,84,0,103,3,7,0.002900000,0.004000000,0.002000000,0.004200000,0.002900000,0.000500000,0.470500000,0.018100000,0.135300000,0.009900000,0.005200000,0.082100000,0.000000000,0.000000000,0.004000000,0.741600000,0.006000000,3,1,7,7,3,,0.219800000,0.004800000,0.322600000,0.059100000,0.016700000,0.055900000,true,true,0.024600000,0.168900000,0.007900000,0.004000000,0.009700000,103,103,0
1766,2,1,1920,1080,640,360,ultra-performance,0.002100000,0.024500000,0.302600000,0.750900000,0.015000000,0.145100000,0.979300000,0.495700000,3.043400000,3.041300000,2.715200000,0.328200000,0.003500000,0.025400000,0.015600000,0.257600000,0.324400000,0.324500000,0.094600000,0.002800000,0.650700000,84,0,103,3,7,0.002700000,0.003400000,0.001700000,0.004100000,0.007400000,0.001900000,0.666900000,0.035900000,0.027600000,0.023000000,0.010000000,0.171800000,0.000000000,0.000000000,0.008600000,0.965000000,0.014300000,3,1,7,7,3,,0.213400000,0.004400000,0.307400000,0.054000000,0.015700000,0.055200000,true,true,0.024300000,0.164500000,0.007600000,0.003300000,0.009500000,103,103,0
1767,0,1,1920,1080,640,360,ultra-performance,0.004100000,0.047700000,0.396500000,1.023200000,0.256500000,0.419800000,0.885700000,0.251100000,3.573600000,3.569500000,3.284600000,0.289000000,0.009900000,0.048800000,0.089700000,0.247300000,0.286700000,0.287100000,0.099000000,0.006400000,0.915300000,84,0,103,3,7,0.002800000,0.004300000,0.001200000,0.004400000,0.004800000,0.001000000,0.469500000,0.030000000,0.186400000,0.011700000,0.006600000,0.149500000,0.000100000,0.000000000,0.005900000,0.878200000,0.007500000,3,1,7,7,3,,0.280100000,0.006400000,0.443700000,0.106700000,0.019700000,0.058000000,true,true,0.057800000,0.185900000,0.012500000,0.007100000,0.012000000,103,103,0
1768,1,1,1920,1080,640,360,ultra-performance,0.001800000,0.021500000,0.188100000,0.515500000,0.013300000,0.103400000,0.856700000,0.234100000,2.106000000,2.104200000,1.934400000,0.171600000,0.003600000,0.018700000,0.012800000,0.152500000,0.168400000,0.168600000,0.063000000,0.002800000,0.447900000,84,0,103,3,7,0.001900000,0.002700000,0.001300000,0.003300000,0.008800000,0.001600000,0.570700000,0.029500000,0.053400000,0.017300000,0.011000000,0.133900000,0.000000000,0.000000000,0.009400000,0.844800000,0.011900000,3,1,7,7,3,,0.143800000,0.003400000,0.200500000,0.052400000,0.011500000,0.035900000,true,true,0.019400000,0.101900000,0.007700000,0.003800000,0.008000000,103,103,0
1769,2,1,1920,1080,640,360,ultra-performance,0.002400000,0.037200000,0.324300000,0.834500000,0.021800000,0.172200000,0.983000000,0.218700000,2.894600000,2.892200000,2.594100000,0.300500000,0.006700000,0.035200000,0.017100000,0.264300000,0.298100000,0.298400000,0.098000000,0.004400000,0.729600000,84,0,103,3,7,0.002600000,0.004400000,0.001900000,0.004400000,0.004000000,0.001000000,0.717600000,0.031400000,0.063400000,0.014100000,0.006400000,0.116400000,0.000100000,0.000000000,0.006500000,0.974200000,0.008800000,3,1,7,7,3,,0.243800000,0.006100000,0.312900000,0.090000000,0.018100000,0.057900000,true,true,0.036200000,0.174400000,0.011000000,0.006200000,0.011300000,103,103,0
1770,0,1,1920,1080,640,360,ultra-performance,0.002500000,0.035100000,0.308100000,0.922800000,0.031400000,0.259700000,0.940300000,0.242300000,2.922100000,2.919600000,2.742200000,0.179900000,0.005100000,0.027900000,0.016000000,0.258000000,0.178000000,0.178200000,0.053200000,0.003000000,0.861300000,84,0,103,3,7,0.004900000,0.006600000,0.002900000,0.008900000,0.003200000,0.000600000,0.663900000,0.025200000,0.063600000,0.009700000,0.006600000,0.133600000,0.000100000,0.000000000,0.004000000,0.933800000,0.006500000,3,1,7,7,3,,0.198500000,0.004200000,0.417300000,0.110000000,0.029800000,0.100200000,true,true,0.018400000,0.146600000,0.011200000,0.004200000,0.012300000,103,103,0
1771,1,1,1920,1080,640,360,ultra-performance,0.002400000,0.030400000,0.294500000,0.752000000,0.018600000,0.148800000,0.758000000,0.184600000,2.472300000,2.469900000,2.189300000,0.283000000,0.004400000,0.025400000,0.016700000,0.247200000,0.281200000,0.281300000,0.086200000,0.003700000,0.659400000,84,0,103,3,7,0.002800000,0.004300000,0.002100000,0.004300000,0.003900000,0.000700000,0.541500000,0.020900000,0.042300000,0.011200000,0.006100000,0.106200000,0.000000000,0.000000000,0.004500000,0.750800000,0.007200000,3,1,7,7,3,,0.211800000,0.004400000,0.300400000,0.058200000,0.028300000,0.055500000,true,true,0.025700000,0.156600000,0.009800000,0.004100000,0.010600000,103,103,0
1772,2,1,1920,1080,640,360,ultra-performance,0.002000000,0.024500000,0.335600000,0.502900000,0.013700000,0.105800000,0.931800000,0.219300000,2.446200000,2.444200000,2.135600000,0.310600000,0.003900000,0.041900000,0.025000000,0.263900000,0.308300000,0.308500000,0.059800000,0.002600000,0.438700000,84,0,103,3,7,0.002100000,0.003500000,0.001100000,0.003700000,0.005800000,0.001200000,0.623400000,0.023000000,0.101000000,0.012600000,0.006700000,0.131700000,0.000000000,0.000000000,0.007100000,0.922900000,0.008900000,3,1,7,7,3,,0.144600000,0.003100000,0.197900000,0.045300000,0.012300000,0.035100000,true,true,0.020000000,0.102300000,0.007300000,0.004000000,0.007600000,103,103,0
1773,0,1,1920,1080,640,360,ultra-performance,0.001900000,0.023200000,0.179200000,0.533000000,0.018300000,0.148600000,0.936800000,0.157300000,2.156600000,2.154700000,1.998300000,0.158300000,0.003800000,0.018900000,0.011200000,0.144500000,0.156900000,0.157000000,0.056900000,0.003400000,0.470500000,84,0,103,3,7,0.003200000,0.004400000,0.002200000,0.003500000,0.004100000,0.000700000,0.610800000,0.037500000,0.076200000,0.017700000,0.009000000,0.158800000,0.000100000,0.000000000,0.003100000,0.931300000,0.005500000,3,1,7,7,3,,0.141700000,0.004200000,0.192100000,0.068700000,0.016000000,0.047300000,true,true,0.020400000,0.098800000,0.007500000,0.004600000,0.007400000,103,103,0
1774,1,1,1920,1080,640,360,ultra-performance,0.001800000,0.024900000,0.161700000,0.476400000,0.015100000,0.117900000,0.576500000,0.152600000,1.691400000,1.689600000,1.526900000,0.164500000,0.003500000,0.017400000,0.009500000,0.130800000,0.163200000,0.163300000,0.051100000,0.002500000,0.420900000,84,0,103,3,7,0.001500000,0.003200000,0.001300000,0.002900000,0.002400000,0.000600000,0.428200000,0.021400000,0.026400000,0.007700000,0.004400000,0.069900000,0.000000000,0.000000000,0.002900000,0.572800000,0.003700000,3,1,7,7,3,,0.131900000,0.003900000,0.178900000,0.052100000,0.018100000,0.035400000,true,true,0.019000000,0.092200000,0.006900000,0.003900000,0.006900000,103,103,0
1775,2,1,1920,1080,640,360,ultra-performance,0.001600000,0.023000000,0.164700000,0.485900000,0.014800000,0.109600000,0.765400000,0.421900000,2.172400000,2.170800000,1.986900000,0.185500000,0.003500000,0.017000000,0.009900000,0.133900000,0.181800000,0.182300000,0.055900000,0.003400000,0.424900000,84,0,103,3,7,0.002300000,0.003100000,0.001100000,0.003200000,0.009000000,0.001700000,0.515500000,0.028700000,0.030400000,0.015900000,0.011200000,0.120100000,0.000000000,0.000000000,0.008900000,0.751100000,0.014300000,3,1,7,7,3,,0.145000000,0.004000000,0.179100000,0.050000000,0.012100000,0.034100000,true,true,0.022900000,0.101200000,0.006700000,0.003600000,0.007000000,103,103,0
1776,0,1,1920,1080,640,360,ultra-performance,0.002200000,0.042200000,0.315900000,0.809500000,0.017300000,0.154500000,0.894300000,0.188600000,2.738800000,2.736600000,2.424500000,0.314300000,0.004500000,0.028000000,0.017500000,0.265400000,0.312600000,0.312800000,0.101300000,0.003800000,0.701600000,84,0,103,3,7,0.002700000,0.003800000,0.001800000,0.004100000,0.003400000,0.000500000,0.593400000,0.019800000,0.130000000,0.009700000,0.005200000,0.107700000,0.000000000,0.000000000,0.004300000,0.886400000,0.007900000,3,1,7,7,3,,0.233300000,0.004700000,0.328300000,0.061000000,0.015900000,0.057600000,true,true,0.030300000,0.173800000,0.010000000,0.004300000,0.010400000,103,103,0
1777,1,1,1920,1080,640,360,ultra-performance,0.002000000,0.031100000,0.288200000,0.764300000,0.017000000,0.153200000,0.723300000,0.201700000,2.484900000,2.482900000,2.180800000,0.304100000,0.004000000,0.023800000,0.013900000,0.246100000,0.302700000,0.302800000,0.092500000,0.002700000,0.666100000,84,0,103,3,7,0.003200000,0.003700000,0.002000000,0.004400000,0.003000000,0.000700000,0.525600000,0.019900000,0.033300000,0.009700000,0.005000000,0.102700000,0.000100000,0.000000000,0.004000000,0.717300000,0.006000000,3,1,7,7,3,,0.211300000,0.004000000,0.306100000,0.058100000,0.016900000,0.069100000,true,true,0.024500000,0.162000000,0.008400000,0.004100000,0.008400000,103,103,0
1778,2,1,1920,1080,640,360,ultra-performance,0.002200000,0.030200000,0.307500000,0.787100000,0.015900000,0.145200000,0.847400000,0.174300000,2.628700000,2.626500000,2.309800000,0.318900000,0.003700000,0.025900000,0.016700000,0.260800000,0.317300000,0.317400000,0.096000000,0.002900000,0.685500000,84,0,103,3,7,0.002800000,0.003300000,0.001700000,0.004200000,0.005600000,0.001200000,0.570500000,0.018900000,0.094100000,0.014300000,0.006900000,0.112900000,0.000000000,0.000000000,0.004500000,0.840900000,0.006500000,3,1,7,7,3,,0.218700000,0.004200000,0.336200000,0.054400000,0.016000000,0.055400000,true,true,0.025700000,0.167100000,0.008300000,0.003800000,0.009500000,103,103,0
1779,0,1,1920,1080,640,360,ultra-performance,0.009200000,0.024300000,0.210700000,0.521800000,0.015400000,0.114200000,0.927300000,0.180500000,2.184000000,2.174800000,2.003400000,0.180600000,0.004800000,0.020400000,0.012200000,0.172800000,0.178600000,0.178800000,0.058500000,0.002900000,0.458700000,84,0,103,3,7,0.002400000,0.003300000,0.001100000,0.003300000,0.005700000,0.001200000,0.578700000,0.021300000,0.121600000,0.018000000,0.007400000,0.150400000,0.000000000,0.000000000,0.004400000,0.918800000,0.008500000,3,1,7,7,3,,0.143400000,0.003700000,0.193100000,0.068500000,0.013000000,0.036300000,true,true,0.022100000,0.099200000,0.007500000,0.003800000,0.007500000,103,103,0
1780,1,1,1920,1080,640,360,ultra-performance,0.002000000,0.022100000,0.188700000,0.623300000,0.012700000,0.107300000,0.758700000,0.230100000,2.116800000,2.114800000,1.944900000,0.171900000,0.003500000,0.018400000,0.011500000,0.154800000,0.169800000,0.169900000,0.060800000,0.002800000,0.557600000,84,0,103,3,7,0.001900000,0.002600000,0.001200000,0.003100000,0.004400000,0.000800000,0.575600000,0.018100000,0.030000000,0.009700000,0.006200000,0.091500000,0.000000000,0.000000000,0.005400000,0.750500000,0.008200000,3,1,7,7,3,,0.158700000,0.003300000,0.274900000,0.057600000,0.014700000,0.047500000,true,true,0.018600000,0.114200000,0.009400000,0.003800000,0.009700000,103,103,0
1781,2,1,1920,1080,640,360,ultra-performance,0.002200000,0.031600000,0.291800000,0.773600000,0.020300000,0.150500000,0.842700000,0.236200000,2.633300000,2.631100000,2.348900000,0.284400000,0.004900000,0.027200000,0.017600000,0.240900000,0.282500000,0.282700000,0.096700000,0.003600000,0.671200000,84,0,103,3,7,0.002300000,0.003000000,0.001500000,0.003300000,0.004000000,0.001000000,0.544300000,0.023600000,0.125600000,0.013300000,0.007000000,0.098300000,0.000100000,0.000000000,0.005300000,0.832600000,0.010100000,3,1,7,7,3,,0.225200000,0.004900000,0.305600000,0.067000000,0.017000000,0.051000000,true,true,0.030300000,0.164800000,0.010600000,0.004600000,0.010000000,103,103,0
1782,0,1,1920,1080,640,360,ultra-performance,0.002300000,0.029000000,0.321500000,0.817000000,0.017300000,0.154000000,0.802300000,0.197000000,2.658300000,2.656000000,2.340400000,0.317900000,0.004100000,0.029900000,0.016900000,0.269900000,0.316000000,0.316200000,0.102800000,0.003700000,0.707700000,84,0,103,3,7,0.003000000,0.003600000,0.001900000,0.004100000,0.002900000,0.000600000,0.519200000,0.019400000,0.127600000,0.008300000,0.005400000,0.095800000,0.000000000,0.000000000,0.003900000,0.795700000,0.006600000,3,1,7,7,3,,0.230300000,0.004800000,0.333400000,0.063900000,0.016900000,0.057900000,true,true,0.028900000,0.172700000,0.009100000,0.003900000,0.011100000,103,103,0
1783,1,1,1920,1080,640,360,ultra-performance,0.002000000,0.023400000,0.283100000,0.840800000,0.016900000,0.181600000,0.866700000,0.206300000,2.731300000,2.729300000,2.420800000,0.310500000,0.003600000,0.023800000,0.014200000,0.241000000,0.309200000,0.309300000,0.099700000,0.002800000,0.735200000,84,0,103,3,7,0.003200000,0.004400000,0.004700000,0.005000000,0.002900000,0.000600000,0.568000000,0.021500000,0.117500000,0.009700000,0.005700000,0.113300000,0.000100000,0.000000000,0.004100000,0.860700000,0.006000000,3,1,7,7,3,,0.232000000,0.007100000,0.339900000,0.079600000,0.017700000,0.058400000,true,true,0.025700000,0.178000000,0.008900000,0.004400000,0.010000000,103,103,0
1784,2,1,1920,1080,640,360,ultra-performance,0.002100000,0.030700000,0.303700000,0.765000000,0.014700000,0.149600000,0.818100000,0.198900000,2.612100000,2.610000000,2.282800000,0.329300000,0.003500000,0.025800000,0.015200000,0.258600000,0.327500000,0.327600000,0.094900000,0.002600000,0.664900000,84,0,103,3,7,0.002500000,0.003400000,0.001800000,0.003900000,0.002900000,0.000700000,0.590400000,0.018400000,0.028900000,0.012100000,0.006300000,0.134900000,0.000000000,0.000000000,0.004600000,0.810800000,0.007300000,3,1,7,7,3,,0.218100000,0.011600000,0.309600000,0.053800000,0.016000000,0.055400000,true,true,0.025300000,0.167600000,0.007900000,0.003400000,0.009400000,103,103,0
1785,0,1,1920,1080,640,360,ultra-performance,0.002200000,0.029000000,0.191000000,0.534200000,0.016000000,0.117700000,1.018300000,0.295100000,2.361700000,2.359500000,2.203500000,0.158200000,0.005700000,0.023300000,0.010200000,0.151000000,0.156200000,0.156300000,0.057100000,0.002900000,0.472400000,84,0,103,3,7,0.002100000,0.003500000,0.001300000,0.003500000,0.004500000,0.001300000,0.598600000,0.029800000,0.112100000,0.011800000,0.006200000,0.228300000,0.000000000,0.000000000,0.006300000,1.009300000,0.009000000,3,1,7,7,3,,0.146300000,0.003800000,0.214400000,0.058300000,0.012300000,0.036400000,true,true,0.024700000,0.100100000,0.007000000,0.003300000,0.007900000,103,103,0
1786,1,1,1920,1080,640,360,ultra-performance,0.002000000,0.026100000,0.170500000,0.468400000,0.013800000,0.135800000,1.100500000,0.161700000,2.245200000,2.243200000,2.078800000,0.166400000,0.003700000,0.017600000,0.010500000,0.138200000,0.164900000,0.165200000,0.053800000,0.002500000,0.410300000,84,0,103,3,7,0.003300000,0.003800000,0.001500000,0.003800000,0.003900000,0.001100000,0.755200000,0.046000000,0.037200000,0.019300000,0.010800000,0.204400000,0.000100000,0.000000000,0.003100000,1.093500000,0.007000000,3,1,7,7,3,,0.134100000,0.003600000,0.182300000,0.044300000,0.011600000,0.033800000,true,true,0.018500000,0.096000000,0.006600000,0.003200000,0.006700000,103,103,0
1787,2,1,1920,1080,640,360,ultra-performance,0.001600000,0.022900000,0.221400000,0.686000000,0.015500000,0.105900000,0.774700000,0.186000000,2.264900000,2.263300000,2.014000000,0.250900000,0.003500000,0.023200000,0.013800000,0.180200000,0.248800000,0.249400000,0.085900000,0.003100000,0.595100000,84,0,103,3,7,0.001700000,0.002900000,0.001300000,0.003400000,0.003100000,0.000700000,0.554200000,0.018900000,0.031800000,0.009400000,0.004900000,0.129300000,0.000000000,0.000000000,0.005600000,0.767200000,0.007500000,3,1,7,7,3,,0.196500000,0.004400000,0.283600000,0.058700000,0.016700000,0.034500000,true,true,0.025100000,0.144900000,0.008100000,0.004000000,0.009800000,103,103,0
1788,0,1,1920,1080,640,360,ultra-performance,0.002000000,0.025400000,0.204700000,0.513100000,0.012200000,0.103900000,0.686000000,0.180300000,1.898600000,1.896600000,1.727600000,0.171000000,0.003500000,0.017800000,0.012300000,0.170600000,0.169400000,0.169500000,0.060200000,0.003000000,0.447900000,84,0,103,3,7,0.001900000,0.002600000,0.001200000,0.003300000,0.002800000,0.000700000,0.502900000,0.012100000,0.066200000,0.009300000,0.004200000,0.067700000,0.000000000,0.000000000,0.004700000,0.679600000,0.006400000,3,1,7,7,3,,0.143800000,0.003300000,0.203000000,0.049100000,0.011700000,0.036500000,true,true,0.020200000,0.102900000,0.006700000,0.003600000,0.007400000,103,103,0
1789,1,1,1920,1080,640,360,ultra-performance,0.001900000,0.024200000,0.189200000,0.483900000,0.014400000,0.119600000,0.642000000,0.153200000,1.786700000,1.784800000,1.628400000,0.158300000,0.004100000,0.017700000,0.012100000,0.154900000,0.156900000,0.157000000,0.057700000,0.002900000,0.421500000,84,0,103,3,7,0.003100000,0.003400000,0.001800000,0.003700000,0.001900000,0.000300000,0.524100000,0.017800000,0.001700000,0.005700000,0.004100000,0.066300000,0.000000000,0.000000000,0.003000000,0.636900000,0.005100000,3,1,7,7,3,,0.136900000,0.003800000,0.187600000,0.046000000,0.011600000,0.035000000,true,true,0.018600000,0.097400000,0.006900000,0.003700000,0.007500000,103,103,0
1790,2,1,1920,1080,640,360,ultra-performance,0.001800000,0.022400000,0.164800000,0.459800000,0.012600000,0.098600000,0.604700000,0.141600000,1.670700000,1.668900000,1.506300000,0.164400000,0.003600000,0.016400000,0.009500000,0.134600000,0.163000000,0.163300000,0.056800000,0.002300000,0.399000000,84,0,103,3,7,0.002200000,0.002700000,0.001000000,0.003100000,0.002500000,0.000500000,0.423700000,0.019500000,0.031800000,0.008200000,0.004400000,0.097600000,0.000100000,0.000000000,0.002900000,0.600200000,0.004500000,3,1,7,7,3,,0.130900000,0.003300000,0.177400000,0.042800000,0.011100000,0.033100000,true,true,0.017700000,0.093500000,0.006400000,0.003100000,0.007500000,103,103,0
1791,0,1,1920,1080,640,360,ultra-performance,0.001800000,0.020800000,0.160300000,0.539900000,0.017000000,0.132000000,1.080300000,0.211200000,2.339700000,2.337900000,2.163300000,0.176400000,0.003200000,0.015900000,0.009300000,0.131600000,0.173700000,0.173800000,0.050600000,0.002100000,0.484900000,84,0,103,3,7,0.002200000,0.003000000,0.001600000,0.003600000,0.004600000,0.001200000,0.661800000,0.023600000,0.047500000,0.014600000,0.006100000,0.291800000,0.000000000,0.000000000,0.007700000,1.069300000,0.011000000,3,1,7,7,3,,0.124300000,0.003600000,0.239000000,0.054200000,0.014700000,0.048500000,true,true,0.016100000,0.090600000,0.005800000,0.003000000,0.006100000,103,103,0
1792,1,1,1920,1080,640,360,ultra-performance,0.001900000,0.024900000,0.183900000,0.524200000,0.013500000,0.106300000,0.799500000,0.185500000,2.011000000,2.009100000,1.839700000,0.171300000,0.003700000,0.018200000,0.011700000,0.149700000,0.169600000,0.169600000,0.071100000,0.002600000,0.448700000,84,0,103,3,7,0.002100000,0.002900000,0.001200000,0.003400000,0.003100000,0.000900000,0.548300000,0.019800000,0.056400000,0.017800000,0.007600000,0.125000000,0.000000000,0.000000000,0.004200000,0.792700000,0.006800000,3,1,7,7,3,,0.144200000,0.003300000,0.203500000,0.049300000,0.012000000,0.036000000,true,true,0.019700000,0.102200000,0.007900000,0.003700000,0.007600000,103,103,0
1793,2,1,1920,1080,640,360,ultra-performance,0.002300000,0.030500000,0.308100000,0.760100000,0.016700000,0.143300000,0.927000000,0.226500000,2.729700000,2.727400000,2.414500000,0.315200000,0.003600000,0.025600000,0.016300000,0.262000000,0.313500000,0.313600000,0.096400000,0.002800000,0.658500000,84,0,103,3,7,0.002300000,0.003300000,0.002000000,0.004400000,0.002800000,0.000800000,0.606200000,0.019000000,0.121800000,0.010700000,0.008500000,0.135000000,0.000000000,0.000000000,0.004000000,0.920800000,0.006200000,3,1,7,7,3,,0.221300000,0.004600000,0.306800000,0.055200000,0.015800000,0.054200000,true,true,0.026100000,0.168400000,0.007900000,0.003900000,0.010500000,103,103,0
1794,0,1,1920,1080,640,360,ultra-performance,0.003900000,0.033200000,0.234500000,0.604900000,0.016400000,0.116500000,0.881700000,0.190400000,2.239600000,2.235700000,2.081500000,0.158100000,0.006200000,0.032100000,0.017500000,0.177700000,0.156400000,0.156600000,0.064900000,0.004000000,0.534100000,84,0,103,3,7,0.003400000,0.005500000,0.002000000,0.004500000,0.003800000,0.000800000,0.563900000,0.020500000,0.158000000,0.009600000,0.005300000,0.090100000,0.000000000,0.000000000,0.005400000,0.872800000,0.008900000,3,1,7,7,3,,0.205900000,0.004700000,0.214800000,0.059300000,0.012700000,0.036100000,true,true,0.025700000,0.146800000,0.013900000,0.004600000,0.010700000,103,103,0
1795,1,1,1920,1080,640,360,ultra-performance,0.002200000,0.025800000,0.317800000,0.804100000,0.018000000,0.151200000,0.840300000,0.224400000,2.696000000,2.693800000,2.383800000,0.312200000,0.004300000,0.027700000,0.018100000,0.266900000,0.309900000,0.310100000,0.102200000,0.003800000,0.695400000,84,0,103,3,7,0.003200000,0.003700000,0.001700000,0.004500000,0.005400000,0.001100000,0.565500000,0.032900000,0.059700000,0.014100000,0.009400000,0.122100000,0.000000000,0.000000000,0.006100000,0.829400000,0.010900000,3,1,7,7,3,,0.227800000,0.004700000,0.325900000,0.061800000,0.017100000,0.057300000,true,true,0.029000000,0.171300000,0.008300000,0.004100000,0.010600000,103,103,0
1796,2,1,1920,1080,640,360,ultra-performance,0.002300000,0.033600000,0.295900000,0.751500000,0.019000000,0.153200000,0.962400000,0.362000000,2.859300000,2.857000000,2.579900000,0.279400000,0.005100000,0.029700000,0.017900000,0.242600000,0.276100000,0.276400000,0.093700000,0.004200000,0.651000000,84,0,103,3,7,0.003100000,0.004400000,0.002000000,0.004500000,0.008100000,0.001800000,0.616100000,0.032100000,0.092300000,0.016900000,0.010800000,0.149200000,0.000000000,0.000000000,0.008800000,0.950100000,0.012300000,3,1,7,7,3,,0.217500000,0.004700000,0.295200000,0.064600000,0.015500000,0.052800000,true,true,0.029100000,0.158600000,0.010500000,0.004000000,0.010600000,103,103,0
1797,0,1,1920,1080,640,360,ultra-performance,0.002300000,0.031500000,0.304400000,0.803700000,0.018300000,0.149700000,1.060600000,0.347200000,3.073900000,3.071600000,2.717700000,0.356200000,0.004700000,0.026500000,0.015100000,0.257500000,0.353300000,0.353400000,0.102800000,0.004100000,0.694300000,84,0,103,3,7,0.003000000,0.003700000,0.002000000,0.004500000,0.006100000,0.001300000,0.722900000,0.033700000,0.102000000,0.015900000,0.008400000,0.137100000,0.000100000,0.000000000,0.008300000,1.049000000,0.011600000,3,1,7,7,3,,0.228500000,0.004700000,0.322800000,0.064300000,0.016600000,0.056800000,true,true,0.029500000,0.171200000,0.009000000,0.004300000,0.009600000,103,103,0
1798,1,1,1920,1080,640,360,ultra-performance,0.001900000,0.025900000,0.279200000,0.785900000,0.016100000,0.148200000,1.025300000,0.192400000,2.792600000,2.790700000,2.474900000,0.317700000,0.004500000,0.019100000,0.013100000,0.241800000,0.314900000,0.315200000,0.101700000,0.003400000,0.678200000,84,0,103,3,7,0.003700000,0.003900000,0.001700000,0.005100000,0.005700000,0.001400000,0.630200000,0.037600000,0.135400000,0.018600000,0.010400000,0.153700000,0.000000000,0.000000000,0.008000000,1.015400000,0.009900000,3,1,7,7,3,,0.218100000,0.004500000,0.319900000,0.060500000,0.017900000,0.056800000,true,true,0.026100000,0.162700000,0.009600000,0.005100000,0.009900000,103,103,0
1799,2,1,1920,1080,640,360,ultra-performance,0.002200000,0.024800000,0.193500000,0.648900000,0.012600000,0.117200000,0.692200000,0.207000000,2.090200000,2.088000000,1.898400000,0.191800000,0.003700000,0.019400000,0.011000000,0.158800000,0.190100000,0.190200000,0.073900000,0.002300000,0.570600000,84,0,103,3,7,0.002900000,0.003700000,0.001700000,0.004300000,0.002200000,0.000500000,0.518000000,0.017300000,0.028200000,0.008000000,0.004400000,0.092600000,0.000000000,0.000000000,0.003300000,0.687100000,0.005100000,3,1,7,7,3,,0.170900000,0.004000000,0.266100000,0.055000000,0.017900000,0.055800000,true,true,0.022300000,0.120600000,0.009500000,0.004900000,0.009300000,103,103,0
