frame_ordinal,frame_slot,config_revision,display_width,display_height,render_width,render_height,dlss_quality,wait_gpu_ms,frame_setup_ms,scene_ms,post_scene_ms,build_ms,compile_ms,prepare_ms,execute_ms,present_ms,total_ms,cpu_work_ms,classified_ms,unclassified_ms,scene_begin_upload_ms,scene_raster_extract_ms,scene_tlas_extract_ms,scene_bridge_ms,tlas_texture_collection_ms,graph_prelude_ms,ui_collect_ms,node_loop_ms,skeleton_patch_ms,skeleton_rebuild_ms,skeleton_hit,skeleton_miss_reason,raster_packets,rt_packets,tlas_packets,submit_batches,record_tasks,execute_executor_setup_ms,execute_completed_gpu_timing_readback_ms,execute_timing_setup_ms,execute_per_frame_lookup_ms,execute_swapchain_acquire_ms,execute_deferred_prepare_ms,execute_task_plan_launch_ms,execute_primary_record_before_collect_ms,execute_record_completion_wait_ms,execute_primary_replay_barrier_timestamp_ms,execute_primary_end_and_submit_build_ms,execute_queue_submit_ms,execute_initial_release_record_submit_ms,execute_synthetic_present_record_submit_ms,execute_finalization_ms,execute_accounted_main_thread_ms,execute_unclassified_ms,execute_compiled_batches,execute_acquire_batches,execute_record_tasks,execute_replayed_secondary_command_buffers,execute_queue_submits,node_build_0_ms,node_build_1_ms,node_build_2_ms,node_build_3_ms,node_build_4_ms,node_build_5_ms,as_recorded,as_available,as_cache_scan_ms,as_metadata_plan_ms,as_cpu_writes_ms,as_tlas_sizing_ms,as_graph_declare_ms,as_packets,as_instances,as_dirty_blas
600,0,1,1920,1080,640,360,ultra-performance,0.630800000,0.014500000,0.172800000,0.002600000,0.251900000,0.022700000,0.111700000,0.714000000,0.171000000,2.093000000,1.462200000,2.092000000,0.001000000,0.002700000,0.016800000,0.009800000,0.143200000,0.002400000,0.051300000,0.002100000,0.196100000,0.000000000,0.000000000,false,disabled,84,0,103,3,7,0.004400000,0.002300000,0.001100000,0.007000000,0.005900000,0.001400000,0.429300000,0.017700000,0.060800000,0.011100000,0.007700000,0.123500000,0.000000000,0.000000000,0.029800000,0.702000000,0.012000000,3,1,7,7,3,0.086100000,0.003300000,0.033900000,0.041500000,0.011000000,0.006900000,true,true,0.017800000,0.019100000,0.001400000,0.002800000,0.039000000,103,103,0
601,1,1,1920,1080,640,360,ultra-performance,0.831000000,0.022800000,0.177400000,0.002700000,0.258200000,0.032800000,0.125000000,0.680200000,0.152900000,2.284100000,1.453100000,2.283000000,0.001100000,0.003800000,0.019000000,0.009900000,0.144400000,0.002500000,0.051500000,0.002500000,0.201700000,0.000000000,0.000000000,false,disabled,84,0,103,3,7,0.005500000,0.002900000,0.001200000,0.006700000,0.002700000,0.000600000,0.333200000,0.016000000,0.200500000,0.011000000,0.005000000,0.073400000,0.000100000,0.000000000,0.012600000,0.671400000,0.008800000,3,1,7,7,3,0.087100000,0.003800000,0.035600000,0.047400000,0.011600000,0.007500000,true,true,0.017600000,0.019400000,0.001200000,0.003700000,0.039400000,103,103,0
602,2,1,1920,1080,640,360,ultra-performance,0.556700000,0.019100000,0.180300000,0.002800000,0.259100000,0.023000000,0.118300000,0.492000000,0.162200000,1.814400000,1.257700000,1.813500000,0.000900000,0.003400000,0.017900000,0.009900000,0.148600000,0.002500000,0.051200000,0.002300000,0.203200000,0.000000000,0.000000000,false,disabled,84,0,103,3,7,0.004400000,0.002700000,0.001200000,0.006700000,0.002400000,0.000400000,0.344800000,0.010100000,0.029100000,0.006000000,0.003400000,0.058300000,0.000000000,0.000000000,0.012000000,0.481500000,0.010500000,3,1,7,7,3,0.086400000,0.003700000,0.036500000,0.047800000,0.011800000,0.007600000,true,true,0.017800000,0.019300000,0.001500000,0.002700000,0.038900000,103,103,0
603,0,1,1920,1080,640,360,ultra-performance,1.077600000,0.021700000,0.187500000,0.002900000,0.267700000,0.023500000,0.120000000,0.540600000,0.158000000,2.401500000,1.323900000,2.399500000,0.002000000,0.003700000,0.018000000,0.009900000,0.155500000,0.002600000,0.051900000,0.002200000,0.211200000,0.000000000,0.000000000,false,disabled,84,0,103,3,7,0.005400000,0.002700000,0.001200000,0.006600000,0.002700000,0.000600000,0.328600000,0.015700000,0.078500000,0.009700000,0.004600000,0.064000000,0.000100000,0.000000000,0.012100000,0.532500000,0.008100000,3,1,7,7,3,0.095700000,0.003800000,0.036100000,0.047600000,0.011500000,0.007700000,true,true,0.017700000,0.019700000,0.001600000,0.004000000,0.046800000,103,103,0
604,1,1,1920,1080,640,360,ultra-performance,0.645300000,0.015200000,0.176100000,0.002900000,0.263400000,0.021200000,0.118700000,0.668500000,0.179700000,2.092200000,1.446900000,2.091000000,0.001200000,0.002800000,0.016800000,0.009900000,0.146100000,0.002500000,0.051800000,0.002100000,0.207200000,0.000000000,0.000000000,false,disabled,84,0,103,3,7,0.004300000,0.002500000,0.001100000,0.006600000,0.002500000,0.000500000,0.395700000,0.010700000,0.143300000,0.008900000,0.004500000,0.061900000,0.000100000,0.000000000,0.012500000,0.655100000,0.013400000,3,1,7,7,3,0.089900000,0.004700000,0.044800000,0.041600000,0.011000000,0.006900000,true,true,0.017400000,0.019000000,0.001300000,0.002900000,0.040800000,103,103,0
605,2,1,1920,1080,640,360,ultra-performance,1.073100000,0.020400000,0.181300000,0.002700000,0.260000000,0.023800000,0.119400000,0.718100000,0.158900000,2.558900000,1.485800000,2.557700000,0.001200000,0.003200000,0.017700000,0.010600000,0.149500000,0.002400000,0.051700000,0.002300000,0.203700000,0.000000000,0.000000000,false,disabled,84,0,103,3,7,0.005800000,0.002600000,0.001200000,0.006900000,0.002600000,0.000600000,0.290700000,0.019800000,0.267800000,0.014600000,0.004900000,0.078100000,0.000000000,0.000000000,0.013000000,0.708600000,0.009500000,3,1,7,7,3,0.093200000,0.003700000,0.034900000,0.044400000,0.011100000,0.008100000,true,true,0.017700000,0.019400000,0.001200000,0.003900000,0.045000000,103,103,0
606,0,1,1920,1080,640,360,ultra-performance,0.502100000,0.019600000,0.178400000,0.002800000,0.257300000,0.023700000,0.120300000,0.608800000,0.153300000,1.867900000,1.365800000,1.866300000,0.001600000,0.003300000,0.018300000,0.009500000,0.146800000,0.002400000,0.051900000,0.002200000,0.201000000,0.000000000,0.000000000,false,disabled,84,0,103,3,7,0.004500000,0.002700000,0.001300000,0.006700000,0.003400000,0.000900000,0.368100000,0.017400000,0.067800000,0.010500000,0.006200000,0.096900000,0.000100000,0.000000000,0.011900000,0.598400000,0.010400000,3,1,7,7,3,0.088200000,0.003800000,0.035600000,0.045600000,0.011500000,0.007400000,true,true,0.018100000,0.019400000,0.001300000,0.003700000,0.039800000,103,103,0
607,1,1,1920,1080,640,360,ultra-performance,0.817600000,0.018800000,0.176000000,0.002700000,0.242300000,0.023600000,0.110400000,0.622200000,0.162500000,2.177400000,1.359800000,2.176100000,0.001300000,0.003000000,0.017600000,0.009900000,0.145200000,0.002400000,0.050900000,0.001900000,0.187500000,0.000000000,0.000000000,false,disabled,84,0,103,3,7,0.004700000,0.002300000,0.001100000,0.006700000,0.002300000,0.000300000,0.340600000,0.010400000,0.168500000,0.006600000,0.003300000,0.055200000,0.000000000,0.000000000,0.012000000,0.614000000,0.008200000,3,1,7,7,3,0.083900000,0.003300000,0.033800000,0.041000000,0.010400000,0.006300000,true,true,0.017100000,0.019300000,0.001200000,0.002900000,0.037600000,103,103,0
608,2,1,1920,1080,640,360,ultra-performance,0.563900000,0.019000000,0.176500000,0.003300000,0.263300000,0.025100000,0.121600000,0.613700000,0.121300000,1.908900000,1.345000000,1.907700000,0.001200000,0.003200000,0.018800000,0.010100000,0.143800000,0.003000000,0.051600000,0.002200000,0.207000000,0.000000000,0.000000000,false,disabled,84,0,103,3,7,0.004300000,0.002900000,0.001300000,0.006800000,0.002800000,0.000700000,0.308700000,0.015200000,0.163800000,0.008500000,0.004700000,0.067800000,0.000100000,0.000000000,0.012400000,0.600000000,0.013700000,3,1,7,7,3,0.091700000,0.003900000,0.036500000,0.046200000,0.011900000,0.007700000,true,true,0.017900000,0.019400000,0.001400000,0.003800000,0.043100000,103,103,0
609,0,1,1920,1080,640,360,ultra-performance,0.992600000,0.018700000,0.177100000,0.003100000,0.250800000,0.023600000,0.125600000,0.495200000,0.145800000,2.239700000,1.247100000,2.232500000,0.007200000,0.003100000,0.017200000,0.009600000,0.146900000,0.002900000,0.051400000,0.002300000,0.194700000,0.000000000,0.000000000,false,disabled,84,0,103,3,7,0.005500000,0.002500000,0.001300000,0.006700000,0.002500000,0.000400000,0.339000000,0.012400000,0.027500000,0.006900000,0.003800000,0.065900000,0.000000000,0.000000000,0.012200000,0.486600000,0.008600000,3,1,7,7,3,0.086400000,0.003600000,0.035100000,0.043200000,0.011200000,0.007100000,true,true,0.017700000,0.019300000,0.001300000,0.003500000,0.038700000,103,103,0
610,1,1,1920,1080,640,360,ultra-performance,0.696900000,0.022200000,0.179800000,0.003200000,0.265700000,0.024400000,0.124500000,0.608700000,0.154200000,2.081000000,1.384100000,2.079600000,0.001400000,0.003700000,0.019100000,0.009900000,0.146800000,0.003000000,0.052100000,0.002300000,0.208800000,0.000000000,0.000000000,false,disabled,84,0,103,3,7,0.004300000,0.002800000,0.001300000,0.007200000,0.002500000,0.000600000,0.326400000,0.015400000,0.134600000,0.009100000,0.004700000,0.074300000,0.000100000,0.000000000,0.013400000,0.596700000,0.012000000,3,1,7,7,3,0.088300000,0.004000000,0.037200000,0.049000000,0.013000000,0.007900000,true,true,0.017800000,0.019600000,0.001300000,0.003600000,0.039800000,103,103,0
611,2,1,1920,1080,640,360,ultra-performance,1.053600000,0.058600000,0.410000000,0.006100000,0.580700000,0.047400000,0.127900000,0.713800000,0.157400000,3.156800000,2.103200000,3.155500000,0.001300000,0.008200000,0.042600000,0.028900000,0.329100000,0.005500000,0.114900000,0.004800000,0.456000000,0.000000000,0.000000000,false,disabled,84,0,103,3,7,0.005700000,0.003000000,0.001200000,0.006900000,0.002400000,0.000600000,0.391100000,0.011900000,0.188800000,0.007200000,0.003300000,0.071300000,0.000100000,0.000000000,0.012000000,0.705500000,0.008300000,3,1,7,7,3,0.189900000,0.008400000,0.093000000,0.102500000,0.026100000,0.017000000,true,true,0.038700000,0.042900000,0.002100000,0.007800000,0.085200000,103,103,0
612,0,1,1920,1080,640,360,ultra-performance,0.001800000,0.018100000,0.175200000,0.003100000,0.263700000,0.023700000,0.120200000,0.572200000,0.157800000,1.342000000,1.340200000,1.335800000,0.006200000,0.003100000,0.017900000,0.009900000,0.143800000,0.002800000,0.059600000,0.002100000,0.199800000,0.000000000,0.000000000,false,disabled,84,0,103,3,7,0.004400000,0.002900000,0.001200000,0.007000000,0.002700000,0.000600000,0.309000000,0.014500000,0.118900000,0.008700000,0.004500000,0.076900000,0.000100000,0.000000000,0.012800000,0.564200000,0.008000000,3,1,7,7,3,0.086700000,0.003900000,0.035500000,0.045200000,0.011600000,0.007600000,true,true,0.018000000,0.019500000,0.001200000,0.003400000,0.038600000,103,103,0
613,1,1,1920,1080,640,360,ultra-performance,0.899200000,0.021600000,0.178700000,0.002600000,0.256000000,0.023600000,0.119100000,0.648700000,0.153100000,2.303600000,1.404400000,2.302600000,0.001000000,0.003700000,0.018500000,0.009800000,0.146300000,0.002300000,0.051000000,0.002200000,0.200500000,0.000000000,0.000000000,false,disabled,84,0,103,3,7,0.004300000,0.002700000,0.001300000,0.006400000,0.002500000,0.000300000,0.329700000,0.011900000,0.183700000,0.008900000,0.004600000,0.069000000,0.000100000,0.000000000,0.012700000,0.638100000,0.010600000,3,1,7,7,3,0.086000000,0.003800000,0.035700000,0.047200000,0.011500000,0.007400000,true,true,0.017400000,0.019200000,0.001300000,0.003800000,0.038300000,103,103,0
614,2,1,1920,1080,640,360,ultra-performance,1.074600000,0.023200000,0.178200000,0.002600000,0.258100000,0.023600000,0.127700000,0.504400000,0.159400000,2.352900000,1.278300000,2.351800000,0.001100000,0.003700000,0.018500000,0.009800000,0.145700000,0.002200000,0.051100000,0.002400000,0.202200000,0.000000000,0.000000000,false,disabled,84,0,103,3,7,0.004900000,0.002800000,0.001100000,0.006300000,0.002600000,0.000600000,0.307500000,0.014900000,0.052700000,0.009300000,0.004600000,0.073200000,0.000100000,0.000000000,0.012400000,0.493000000,0.011400000,3,1,7,7,3,0.087800000,0.003800000,0.035500000,0.047000000,0.011400000,0.007600000,true,true,0.018000000,0.019400000,0.002100000,0.003600000,0.038800000,103,103,0
615,0,1,1920,1080,640,360,ultra-performance,0.687400000,0.015000000,0.178900000,0.002900000,0.242600000,0.023100000,0.110500000,0.723100000,0.341400000,2.327500000,1.640100000,2.324900000,0.002600000,0.002900000,0.016500000,0.010000000,0.149000000,0.002600000,0.051000000,0.002300000,0.187000000,0.000000000,0.000000000,false,disabled,84,0,103,3,7,0.005500000,0.002200000,0.001100000,0.007000000,0.004600000,0.000900000,0.382500000,0.018800000,0.098100000,0.016300000,0.009100000,0.133900000,0.000100000,0.000000000,0.026900000,0.707000000,0.016100000,3,1,7,7,3,0.084400000,0.003300000,0.034000000,0.039700000,0.010900000,0.006700000,true,true,0.017500000,0.018900000,0.001200000,0.002800000,0.038100000,103,103,0
616,1,1,1920,1080,640,360,ultra-performance,0.624600000,0.023700000,0.176800000,0.003300000,0.260200000,0.024200000,0.119800000,0.556700000,0.151800000,1.942600000,1.318000000,1.941100000,0.001500000,0.003900000,0.018800000,0.010100000,0.143400000,0.003100000,0.051200000,0.002200000,0.204400000,0.000000000,0.000000000,false,disabled,84,0,103,3,7,0.004800000,0.002900000,0.001200000,0.015200000,0.002400000,0.000700000,0.353400000,0.013400000,0.053200000,0.008600000,0.003800000,0.067500000,0.000000000,0.000000000,0.012600000,0.539700000,0.017000000,3,1,7,7,3,0.087900000,0.003700000,0.036200000,0.047600000,0.012100000,0.007600000,true,true,0.018000000,0.019400000,0.001500000,0.003500000,0.039500000,103,103,0
617,2,1,1920,1080,640,360,ultra-performance,0.649900000,0.020000000,0.193600000,0.002900000,0.264000000,0.024100000,0.120500000,0.578000000,0.163100000,2.017500000,1.367600000,2.016100000,0.001400000,0.003200000,0.019000000,0.009900000,0.160900000,0.002600000,0.054400000,0.002200000,0.205000000,0.000000000,0.000000000,false,disabled,84,0,103,3,7,0.004900000,0.003000000,0.001300000,0.006800000,0.002400000,0.000400000,0.349400000,0.012000000,0.098000000,0.007400000,0.003200000,0.069300000,0.000100000,0.000000000,0.012100000,0.570300000,0.007700000,3,1,7,7,3,0.087800000,0.003800000,0.037100000,0.047600000,0.012200000,0.007700000,true,true,0.018000000,0.020300000,0.001300000,0.003500000,0.038900000,103,103,0
618,0,1,1920,1080,640,360,ultra-performance,0.994600000,0.022600000,0.175700000,0.002800000,0.257600000,0.022900000,0.117700000,0.799300000,0.154900000,2.549400000,1.554800000,2.548100000,0.001300000,0.003700000,0.018500000,0.009600000,0.143300000,0.002400000,0.051500000,0.002100000,0.201600000,0.000000000,0.000000000,false,disabled,84,0,103,3,7,0.004200000,0.002700000,0.001200000,0.006600000,0.005000000,0.001200000,0.483200000,0.021700000,0.092800000,0.017900000,0.006900000,0.129900000,0.000000000,0.000000000,0.013200000,0.786500000,0.012800000,3,1,7,7,3,0.087200000,0.003700000,0.035200000,0.046800000,0.012000000,0.007600000,true,true,0.017900000,0.019800000,0.001200000,0.003700000,0.038700000,103,103,0
619,1,1,1920,1080,640,360,ultra-performance,0.402200000,0.017400000,0.175100000,0.002800000,0.249500000,0.022400000,0.127100000,0.919200000,0.157200000,2.074300000,1.672100000,2.072900000,0.001400000,0.003100000,0.017200000,0.009800000,0.144700000,0.002500000,0.050600000,0.002000000,0.194700000,0.000000000,0.000000000,false,disabled,84,0,103,3,7,0.004700000,0.002700000,0.001100000,0.006800000,0.007700000,0.001600000,0.435100000,0.017500000,0.186000000,0.015000000,0.009200000,0.204000000,0.000000000,0.000000000,0.013100000,0.904500000,0.014700000,3,1,7,7,3,0.085400000,0.003700000,0.035300000,0.043700000,0.011400000,0.007200000,true,true,0.017800000,0.019100000,0.001200000,0.003400000,0.038100000,103,103,0
620,2,1,1920,1080,640,360,ultra-performance,0.628400000,0.023000000,0.185100000,0.003000000,0.262800000,0.023600000,0.119600000,0.544100000,0.150800000,1.941600000,1.313200000,1.940400000,0.001200000,0.003800000,0.025900000,0.010500000,0.144500000,0.002600000,0.051700000,0.002400000,0.206500000,0.000000000,0.000000000,false,disabled,84,0,103,3,7,0.005700000,0.002800000,0.001200000,0.006600000,0.002300000,0.000400000,0.381600000,0.011700000,0.024900000,0.009100000,0.004700000,0.071000000,0.000000000,0.000000000,0.012400000,0.534400000,0.009700000,3,1,7,7,3,0.088600000,0.003700000,0.036700000,0.048100000,0.011500000,0.008000000,true,true,0.017300000,0.019600000,0.002400000,0.003800000,0.039400000,103,103,0
621,0,1,1920,1080,640,360,ultra-performance,0.554100000,0.017500000,0.175000000,0.002900000,0.247400000,0.022500000,0.114400000,0.670600000,0.152400000,1.962300000,1.408200000,1.956800000,0.005500000,0.003000000,0.017400000,0.009600000,0.144400000,0.002700000,0.051400000,0.002000000,0.191800000,0.000000000,0.000000000,false,disabled,84,0,103,3,7,0.005000000,0.002400000,0.001200000,0.006600000,0.003300000,0.000600000,0.396700000,0.015600000,0.133000000,0.009900000,0.005400000,0.070300000,0.000000000,0.000000000,0.012400000,0.662400000,0.008200000,3,1,7,7,3,0.084600000,0.003600000,0.034500000,0.042900000,0.011000000,0.006900000,true,true,0.017400000,0.019000000,0.001200000,0.003600000,0.037800000,103,103,0
622,1,1,1920,1080,640,360,ultra-performance,0.874700000,0.019400000,0.183300000,0.003100000,0.253600000,0.022800000,0.118600000,0.583800000,0.160200000,2.220900000,1.346200000,2.219500000,0.001400000,0.003000000,0.018000000,0.010000000,0.152000000,0.002900000,0.051100000,0.002200000,0.198000000,0.000000000,0.000000000,false,disabled,84,0,103,3,7,0.004500000,0.002700000,0.001200000,0.006700000,0.002400000,0.000600000,0.330400000,0.012500000,0.127500000,0.006600000,0.003300000,0.064000000,0.000000000,0.000000000,0.012400000,0.574800000,0.009000000,3,1,7,7,3,0.086600000,0.003700000,0.035200000,0.045000000,0.011500000,0.007300000,true,true,0.018000000,0.019300000,0.001500000,0.003700000,0.038200000,103,103,0
623,2,1,1920,1080,640,360,ultra-performance,0.654700000,0.038000000,0.399800000,0.007100000,0.376700000,0.023300000,0.121700000,0.492600000,0.155000000,2.270300000,1.615600000,2.268900000,0.001400000,0.006800000,0.038700000,0.022000000,0.331400000,0.006500000,0.117200000,0.004700000,0.252300000,0.000000000,0.000000000,false,disabled,84,0,103,3,7,0.004600000,0.002800000,0.001200000,0.006900000,0.002400000,0.000400000,0.318500000,0.011500000,0.039700000,0.007300000,0.004200000,0.068200000,0.000100000,0.000000000,0.012100000,0.479900000,0.012700000,3,1,7,7,3,0.129600000,0.003800000,0.036600000,0.045300000,0.011900000,0.007500000,true,true,0.038500000,0.041400000,0.001200000,0.003500000,0.038800000,103,103,0
624,0,1,1920,1080,640,360,ultra-performance,0.669300000,0.018000000,0.176900000,0.003000000,0.252900000,0.024000000,0.116600000,0.619300000,0.152900000,2.034100000,1.364800000,2.032900000,0.001200000,0.003100000,0.017100000,0.009800000,0.146300000,0.002800000,0.051100000,0.002300000,0.197400000,0.000000000,0.000000000,false,disabled,84,0,103,3,7,0.005900000,0.002500000,0.001200000,0.006900000,0.002600000,0.000600000,0.346500000,0.016300000,0.132200000,0.009700000,0.004800000,0.068400000,0.000000000,0.000000000,0.012700000,0.610300000,0.009000000,3,1,7,7,3,0.087800000,0.003700000,0.035000000,0.043200000,0.011300000,0.007500000,true,true,0.018300000,0.019200000,0.001500000,0.003400000,0.039600000,103,103,0
625,1,1,1920,1080,640,360,ultra-performance,0.542700000,0.015900000,0.181300000,0.002700000,0.241700000,0.023700000,0.112700000,0.547800000,0.149800000,1.819600000,1.276900000,1.818300000,0.001300000,0.003100000,0.017400000,0.009700000,0.150800000,0.002500000,0.050800000,0.002100000,0.186600000,0.000000000,0.000000000,false,disabled,84,0,103,3,7,0.004200000,0.002300000,0.001100000,0.006600000,0.002600000,0.000600000,0.334200000,0.013600000,0.076800000,0.008700000,0.004900000,0.071300000,0.000100000,0.000000000,0.012700000,0.539700000,0.008100000,3,1,7,7,3,0.083400000,0.003500000,0.033400000,0.040700000,0.010900000,0.006500000,true,true,0.017400000,0.018900000,0.001100000,0.003000000,0.037200000,103,103,0
626,2,1,1920,1080,640,360,ultra-performance,1.250700000,0.043500000,0.421400000,0.006200000,0.546900000,0.048100000,0.122200000,0.567500000,0.132600000,3.140500000,1.889800000,3.139100000,0.001400000,0.005800000,0.043200000,0.025900000,0.345600000,0.005800000,0.119300000,0.004100000,0.418900000,0.000000000,0.000000000,false,disabled,84,0,103,3,7,0.004300000,0.002600000,0.001000000,0.006500000,0.002700000,0.000700000,0.352700000,0.012600000,0.075800000,0.007200000,0.004600000,0.070600000,0.000000000,0.000000000,0.012700000,0.554000000,0.013500000,3,1,7,7,3,0.188900000,0.007500000,0.074900000,0.089100000,0.025300000,0.014800000,true,true,0.038200000,0.044300000,0.002600000,0.006000000,0.084400000,103,103,0
627,0,1,1920,1080,640,360,ultra-performance,0.001600000,0.018100000,0.180300000,0.002900000,0.260200000,0.023600000,0.127500000,0.487200000,0.149800000,1.252600000,1.251000000,1.251200000,0.001400000,0.003100000,0.018000000,0.009800000,0.149000000,0.002700000,0.051000000,0.002300000,0.204500000,0.000000000,0.000000000,false,disabled,84,0,103,3,7,0.005200000,0.002600000,0.001200000,0.006800000,0.002500000,0.000400000,0.340400000,0.011900000,0.023500000,0.007200000,0.004000000,0.061000000,0.000000000,0.000000000,0.012600000,0.479300000,0.007900000,3,1,7,7,3,0.086400000,0.004000000,0.038200000,0.047500000,0.011800000,0.008000000,true,true,0.017900000,0.019400000,0.001200000,0.003600000,0.038600000,103,103,0
628,1,1,1920,1080,640,360,ultra-performance,0.995100000,0.037000000,0.417500000,0.006000000,0.333100000,0.023800000,0.118600000,0.553400000,0.156000000,2.641700000,1.646600000,2.640500000,0.001200000,0.006900000,0.038200000,0.021000000,0.350300000,0.005400000,0.118700000,0.004400000,0.207500000,0.000000000,0.000000000,false,disabled,84,0,103,3,7,0.004300000,0.002800000,0.001200000,0.006800000,0.002600000,0.000500000,0.272500000,0.011800000,0.154700000,0.008500000,0.004500000,0.060300000,0.000100000,0.000000000,0.012800000,0.543400000,0.010000000,3,1,7,7,3,0.089900000,0.003700000,0.034300000,0.043600000,0.011600000,0.007200000,true,true,0.020100000,0.020000000,0.001400000,0.003500000,0.038600000,103,103,0
629,2,1,1920,1080,640,360,ultra-performance,0.001600000,0.018200000,0.185500000,0.002900000,0.250700000,0.022100000,0.116700000,0.587700000,0.143200000,1.329800000,1.328200000,1.328600000,0.001200000,0.003000000,0.017200000,0.009800000,0.155200000,0.002600000,0.053300000,0.002000000,0.193300000,0.000000000,0.000000000,false,disabled,84,0,103,3,7,0.005000000,0.002500000,0.001200000,0.006700000,0.002500000,0.000400000,0.326400000,0.015500000,0.112200000,0.010500000,0.004700000,0.079200000,0.000100000,0.000000000,0.011900000,0.578800000,0.008900000,3,1,7,7,3,0.086200000,0.003700000,0.035100000,0.042000000,0.011200000,0.007200000,true,true,0.017400000,0.020100000,0.001200000,0.003100000,0.038600000,103,103,0
630,0,1,1920,1080,640,360,ultra-performance,1.457700000,0.016400000,0.281600000,0.010600000,0.577300000,0.047800000,0.251900000,0.640100000,0.152600000,3.441100000,1.983400000,3.436000000,0.005100000,0.003100000,0.017100000,0.009400000,0.251000000,0.009700000,0.133100000,0.004500000,0.434800000,0.000000000,0.000000000,false,disabled,84,0,103,3,7,0.009700000,0.005800000,0.002800000,0.015100000,0.002500000,0.000500000,0.423200000,0.010800000,0.049000000,0.007100000,0.004000000,0.088500000,0.000100000,0.000000000,0.012600000,0.631700000,0.008400000,3,1,7,7,3,0.193100000,0.008000000,0.076700000,0.096100000,0.026100000,0.016200000,true,true,0.039500000,0.045400000,0.002200000,0.007200000,0.085500000,103,103,0
631,1,1,1920,1080,640,360,ultra-performance,0.001800000,0.017600000,0.177300000,0.002900000,0.260400000,0.022800000,0.117800000,0.516100000,0.156400000,1.274400000,1.272600000,1.273100000,0.001300000,0.003300000,0.017600000,0.009700000,0.146300000,0.002600000,0.051300000,0.002100000,0.204300000,0.000000000,0.000000000,false,disabled,84,0,103,3,7,0.004300000,0.002600000,0.001200000,0.006900000,0.002500000,0.000600000,0.322500000,0.013400000,0.052900000,0.009000000,0.004100000,0.075200000,0.000000000,0.000000000,0.012500000,0.507700000,0.008400000,3,1,7,7,3,0.093500000,0.003700000,0.035200000,0.044700000,0.011400000,0.007400000,true,true,0.025200000,0.019300000,0.001300000,0.003500000,0.038300000,103,103,0
632,2,1,1920,1080,640,360,ultra-performance,0.956600000,0.036300000,0.400700000,0.007100000,0.516900000,0.021800000,0.118300000,0.710800000,0.170500000,2.940200000,1.983600000,2.939000000,0.001200000,0.007000000,0.039800000,0.021400000,0.331600000,0.006300000,0.116800000,0.004700000,0.393000000,0.000000000,0.000000000,false,disabled,84,0,103,3,7,0.004200000,0.003000000,0.001200000,0.006700000,0.002500000,0.000500000,0.367000000,0.011500000,0.218500000,0.008600000,0.004500000,0.060600000,0.000000000,0.000000000,0.011800000,0.700600000,0.010200000,3,1,7,7,3,0.189300000,0.008400000,0.077400000,0.080300000,0.011800000,0.007500000,true,true,0.038300000,0.043500000,0.002300000,0.007500000,0.084600000,103,103,0
633,0,1,1920,1080,640,360,ultra-performance,0.001600000,0.015000000,0.174400000,0.002900000,0.245600000,0.021900000,0.122400000,0.467000000,0.150400000,1.202800000,1.201200000,1.201200000,0.001600000,0.002900000,0.017200000,0.009200000,0.144600000,0.002600000,0.052000000,0.001900000,0.189500000,0.000000000,0.000000000,false,disabled,84,0,103,3,7,0.004700000,0.002500000,0.001200000,0.006700000,0.002800000,0.000800000,0.303100000,0.012700000,0.027000000,0.008300000,0.004700000,0.070200000,0.000000000,0.000000000,0.012500000,0.457200000,0.009800000,3,1,7,7,3,0.084200000,0.003500000,0.034000000,0.041400000,0.011000000,0.007100000,true,true,0.017600000,0.019000000,0.001200000,0.003100000,0.037500000,103,103,0
634,1,1,1920,1080,640,360,ultra-performance,1.298500000,0.018400000,0.190300000,0.002900000,0.260200000,0.022700000,0.125000000,0.638900000,0.153800000,2.711800000,1.413300000,2.710700000,0.001100000,0.003100000,0.017700000,0.009700000,0.159200000,0.002700000,0.053600000,0.002100000,0.202100000,0.000000000,0.000000000,false,disabled,84,0,103,3,7,0.004900000,0.002800000,0.001200000,0.006600000,0.002500000,0.000300000,0.338300000,0.011400000,0.157200000,0.008200000,0.004800000,0.076300000,0.000000000,0.000000000,0.012100000,0.626600000,0.012300000,3,1,7,7,3,0.087500000,0.003800000,0.036000000,0.046700000,0.012000000,0.007400000,true,true,0.017400000,0.020200000,0.001500000,0.003500000,0.039000000,103,103,0
635,2,1,1920,1080,640,360,ultra-performance,0.864000000,0.019100000,0.186400000,0.003000000,0.254300000,0.022900000,0.124800000,0.520800000,0.154800000,2.151500000,1.287500000,2.150100000,0.001400000,0.003200000,0.017400000,0.009700000,0.155800000,0.002600000,0.053800000,0.002200000,0.196000000,0.000000000,0.000000000,false,disabled,84,0,103,3,7,0.005100000,0.002700000,0.001200000,0.006600000,0.002900000,0.000600000,0.305600000,0.015900000,0.074500000,0.010200000,0.004800000,0.066200000,0.000000000,0.000000000,0.013000000,0.509300000,0.011500000,3,1,7,7,3,0.086100000,0.003900000,0.035800000,0.043200000,0.011300000,0.007400000,true,true,0.017800000,0.019800000,0.001200000,0.003200000,0.038200000,103,103,0
636,0,1,1920,1080,640,360,ultra-performance,0.723400000,0.044900000,0.399000000,0.006600000,0.566900000,0.024700000,0.120200000,0.587600000,0.161400000,2.636100000,1.912700000,2.634700000,0.001400000,0.008000000,0.041000000,0.021500000,0.327500000,0.006000000,0.115100000,0.005000000,0.442300000,0.000000000,0.000000000,false,disabled,84,0,103,3,7,0.005000000,0.002700000,0.001100000,0.006700000,0.002300000,0.000600000,0.367400000,0.011400000,0.065900000,0.008900000,0.005000000,0.088300000,0.000100000,0.000000000,0.012400000,0.577800000,0.009800000,3,1,7,7,3,0.190100000,0.008000000,0.079000000,0.103000000,0.026000000,0.016900000,true,true,0.038700000,0.043000000,0.002000000,0.007400000,0.085100000,103,103,0
637,1,1,1920,1080,640,360,ultra-performance,0.534300000,0.018500000,0.183800000,0.002700000,0.247900000,0.022800000,0.115900000,0.603300000,0.144200000,1.874500000,1.340200000,1.873400000,0.001100000,0.003100000,0.017700000,0.009600000,0.153000000,0.002400000,0.051300000,0.002100000,0.192100000,0.000000000,0.000000000,false,disabled,84,0,103,3,7,0.004700000,0.002500000,0.001200000,0.006700000,0.002700000,0.000500000,0.351100000,0.017200000,0.099300000,0.012200000,0.005900000,0.075600000,0.000000000,0.000000000,0.011800000,0.591400000,0.011900000,3,1,7,7,3,0.084300000,0.003600000,0.034700000,0.042600000,0.011300000,0.007000000,true,true,0.017300000,0.019000000,0.001300000,0.003200000,0.037800000,103,103,0
638,2,1,1920,1080,640,360,ultra-performance,0.508900000,0.020600000,0.180400000,0.003300000,0.267900000,0.023100000,0.119400000,0.723100000,0.155800000,2.003900000,1.495000000,2.002500000,0.001400000,0.003400000,0.019000000,0.010100000,0.147500000,0.002900000,0.050900000,0.002300000,0.212200000,0.000000000,0.000000000,false,disabled,84,0,103,3,7,0.004800000,0.003100000,0.001200000,0.006900000,0.003300000,0.000700000,0.383600000,0.015300000,0.124000000,0.009700000,0.005400000,0.142100000,0.000000000,0.000000000,0.012100000,0.712200000,0.010900000,3,1,7,7,3,0.088400000,0.003800000,0.043100000,0.048000000,0.011900000,0.007500000,true,true,0.017900000,0.019700000,0.001300000,0.003600000,0.039700000,103,103,0
639,0,1,1920,1080,640,360,ultra-performance,0.715500000,0.018900000,0.178500000,0.003100000,0.255100000,0.022800000,0.118900000,0.612500000,0.152400000,2.083200000,1.367700000,2.077700000,0.005500000,0.003200000,0.018300000,0.009700000,0.147000000,0.002900000,0.051900000,0.002200000,0.198600000,0.000000000,0.000000000,false,disabled,84,0,103,3,7,0.005000000,0.002600000,0.001200000,0.006800000,0.002500000,0.000300000,0.342500000,0.016500000,0.125800000,0.011300000,0.005700000,0.072300000,0.000000000,0.000000000,0.011000000,0.603500000,0.009000000,3,1,7,7,3,0.086100000,0.003700000,0.035700000,0.046000000,0.011300000,0.007300000,true,true,0.017400000,0.019000000,0.001400000,0.003500000,0.039000000,103,103,0
640,1,1,1920,1080,640,360,ultra-performance,0.566600000,0.019000000,0.179500000,0.002900000,0.264200000,0.023100000,0.118200000,0.591700000,0.158500000,1.925000000,1.358400000,1.923700000,0.001300000,0.003500000,0.018600000,0.010600000,0.146400000,0.002500000,0.057300000,0.002200000,0.202300000,0.000000000,0.000000000,false,disabled,84,0,103,3,7,0.004500000,0.002800000,0.001200000,0.006700000,0.002200000,0.000300000,0.260900000,0.009800000,0.181000000,0.006700000,0.003500000,0.090900000,0.000000000,0.000000000,0.012500000,0.583000000,0.008700000,3,1,7,7,3,0.087400000,0.003700000,0.035500000,0.047000000,0.011500000,0.007700000,true,true,0.017500000,0.019500000,0.001500000,0.003800000,0.039000000,103,103,0
641,2,1,1920,1080,640,360,ultra-performance,0.787900000,0.020600000,0.180700000,0.003000000,0.258500000,0.023700000,0.120100000,0.664800000,0.172600000,2.234400000,1.446500000,2.231900000,0.002500000,0.003600000,0.019200000,0.010200000,0.147300000,0.002700000,0.052100000,0.002100000,0.201700000,0.000000000,0.000000000,false,disabled,84,0,103,3,7,0.004400000,0.002900000,0.001300000,0.006700000,0.005200000,0.001500000,0.395600000,0.019900000,0.054800000,0.013000000,0.006800000,0.109900000,0.000100000,0.000000000,0.026400000,0.648500000,0.016300000,3,1,7,7,3,0.086600000,0.003700000,0.036600000,0.047100000,0.011500000,0.007500000,true,true,0.017700000,0.019500000,0.001500000,0.003700000,0.038100000,103,103,0
642,0,1,1920,1080,640,360,ultra-performance,0.551100000,0.027300000,0.247400000,0.003000000,0.243500000,0.023400000,0.110100000,0.551600000,0.163300000,1.922000000,1.370900000,1.920700000,0.001300000,0.005800000,0.035600000,0.021000000,0.184200000,0.002700000,0.050800000,0.001800000,0.188800000,0.000000000,0.000000000,false,disabled,84,0,103,3,7,0.004400000,0.002200000,0.001000000,0.006500000,0.002200000,0.000400000,0.353000000,0.010900000,0.073000000,0.006400000,0.003400000,0.068400000,0.000000000,0.000000000,0.011700000,0.543500000,0.008100000,3,1,7,7,3,0.085900000,0.003400000,0.033100000,0.040900000,0.010900000,0.006500000,true,true,0.017700000,0.019100000,0.001300000,0.003200000,0.038800000,103,103,0
643,1,1,1920,1080,640,360,ultra-performance,0.998900000,0.020300000,0.174600000,0.003100000,0.248200000,0.023500000,0.118700000,0.584900000,0.145200000,2.318600000,1.319700000,2.317400000,0.001200000,0.003000000,0.017700000,0.009600000,0.144000000,0.002900000,0.051300000,0.002300000,0.192400000,0.000000000,0.000000000,false,disabled,84,0,103,3,7,0.004300000,0.002600000,0.001100000,0.006700000,0.002200000,0.000400000,0.323800000,0.012400000,0.139800000,0.007600000,0.004300000,0.060600000,0.000000000,0.000000000,0.011100000,0.576900000,0.008000000,3,1,7,7,3,0.085700000,0.003600000,0.034400000,0.042200000,0.011100000,0.007000000,true,true,0.017600000,0.019300000,0.001200000,0.003400000,0.038400000,103,103,0
644,2,1,1920,1080,640,360,ultra-performance,0.543500000,0.036500000,0.413700000,0.005800000,0.484500000,0.022500000,0.117300000,0.423100000,0.143100000,2.191100000,1.647600000,2.190000000,0.001100000,0.006500000,0.037400000,0.021600000,0.347200000,0.005300000,0.119600000,0.004300000,0.357900000,0.000000000,0.000000000,false,disabled,84,0,103,3,7,0.004300000,0.002800000,0.001100000,0.006800000,0.002100000,0.000300000,0.301200000,0.011100000,0.003100000,0.006500000,0.003700000,0.061700000,0.000000000,0.000000000,0.011000000,0.415700000,0.007400000,3,1,7,7,3,0.190000000,0.008100000,0.081200000,0.041800000,0.011700000,0.007400000,true,true,0.038900000,0.044400000,0.002000000,0.006900000,0.084700000,103,103,0
645,0,1,1920,1080,640,360,ultra-performance,0.771400000,0.032400000,0.402500000,0.002900000,0.250000000,0.023000000,0.116200000,0.656200000,0.142000000,2.397900000,1.626500000,2.396600000,0.001300000,0.006200000,0.037700000,0.020800000,0.337100000,0.002700000,0.053600000,0.002100000,0.191800000,0.000000000,0.000000000,false,disabled,84,0,103,3,7,0.004300000,0.002400000,0.001100000,0.006600000,0.002200000,0.000300000,0.316100000,0.011200000,0.209100000,0.008500000,0.004400000,0.068700000,0.000000000,0.000000000,0.011400000,0.646300000,0.009900000,3,1,7,7,3,0.086600000,0.003600000,0.034100000,0.041300000,0.011100000,0.007100000,true,true,0.017700000,0.020200000,0.001300000,0.003400000,0.038200000,103,103,0
646,1,1,1920,1080,640,360,ultra-performance,0.001700000,0.015700000,0.184800000,0.002900000,0.248500000,0.022500000,0.126000000,0.623100000,0.156100000,1.382400000,1.380700000,1.381300000,0.001100000,0.002900000,0.017300000,0.009300000,0.154900000,0.002600000,0.053600000,0.001900000,0.190900000,0.000000000,0.000000000,false,disabled,84,0,103,3,7,0.004500000,0.002500000,0.001200000,0.006500000,0.003500000,0.000600000,0.381400000,0.015600000,0.084800000,0.009500000,0.005800000,0.086200000,0.000000000,0.000000000,0.012300000,0.614400000,0.008700000,3,1,7,7,3,0.086300000,0.003500000,0.034000000,0.040900000,0.011200000,0.006900000,true,true,0.017800000,0.020000000,0.001300000,0.003100000,0.038200000,103,103,0
647,2,1,1920,1080,640,360,ultra-performance,1.152800000,0.015100000,0.185100000,0.002800000,0.243600000,0.021900000,0.110200000,0.614400000,0.154600000,2.501400000,1.348600000,2.500500000,0.000900000,0.002700000,0.017500000,0.009700000,0.154700000,0.002500000,0.053200000,0.001900000,0.186300000,0.000000000,0.000000000,false,disabled,84,0,103,3,7,0.004200000,0.002400000,0.001100000,0.006500000,0.002300000,0.000400000,0.334600000,0.008900000,0.110900000,0.005800000,0.003800000,0.112500000,0.000100000,0.000000000,0.011700000,0.605200000,0.009200000,3,1,7,7,3,0.084300000,0.003300000,0.033000000,0.040200000,0.010800000,0.006400000,true,true,0.017300000,0.020300000,0.001200000,0.002800000,0.036800000,103,103,0
648,0,1,1920,1080,640,360,ultra-performance,0.633500000,0.023000000,0.231200000,0.003700000,0.337900000,0.024200000,0.122300000,0.500000000,0.146600000,2.027200000,1.393700000,2.022400000,0.004800000,0.003800000,0.018800000,0.010200000,0.197800000,0.003300000,0.053500000,0.041400000,0.240600000,0.000000000,0.000000000,false,disabled,84,0,103,3,7,0.005100000,0.002800000,0.001100000,0.007200000,0.002500000,0.000400000,0.253900000,0.013300000,0.115200000,0.007600000,0.004600000,0.061900000,0.000000000,0.000000000,0.011900000,0.487500000,0.012500000,3,1,7,7,3,0.116100000,0.006500000,0.040200000,0.048400000,0.011900000,0.007800000,true,true,0.017700000,0.019800000,0.001300000,0.003700000,0.061700000,103,103,0
649,1,1,1920,1080,640,360,ultra-performance,0.900800000,0.039800000,0.400900000,0.006800000,0.531700000,0.023900000,0.127700000,0.571500000,0.129100000,2.733900000,1.833100000,2.732200000,0.001700000,0.007700000,0.040800000,0.021900000,0.329800000,0.006200000,0.115900000,0.005100000,0.408000000,0.000000000,0.000000000,false,disabled,84,0,103,3,7,0.004900000,0.002700000,0.001300000,0.006800000,0.002100000,0.000600000,0.246200000,0.012400000,0.101500000,0.006600000,0.004100000,0.161700000,0.000000000,0.000000000,0.011700000,0.562600000,0.008900000,3,1,7,7,3,0.189900000,0.008200000,0.079900000,0.091700000,0.011900000,0.008100000,true,true,0.037100000,0.043700000,0.002100000,0.007500000,0.085600000,103,103,0
650,2,1,1920,1080,640,360,ultra-performance,0.001500000,0.018500000,0.177400000,0.003100000,0.260200000,0.022900000,0.117000000,0.542400000,0.144300000,1.288500000,1.287000000,1.287300000,0.001200000,0.003200000,0.017700000,0.009900000,0.146100000,0.002800000,0.051600000,0.002300000,0.203900000,0.000000000,0.000000000,false,disabled,84,0,103,3,7,0.004600000,0.002600000,0.001200000,0.006600000,0.002300000,0.000700000,0.325600000,0.013300000,0.083800000,0.007000000,0.003500000,0.068900000,0.000100000,0.000000000,0.012400000,0.532600000,0.009800000,3,1,7,7,3,0.086300000,0.003800000,0.043600000,0.042700000,0.011500000,0.007200000,true,true,0.017500000,0.019300000,0.001200000,0.003500000,0.038800000,103,103,0
651,0,1,1920,1080,640,360,ultra-performance,1.129900000,0.043800000,0.400700000,0.006100000,0.355700000,0.023500000,0.118700000,0.749100000,0.151500000,2.980300000,1.850400000,2.979000000,0.001300000,0.008100000,0.040500000,0.021900000,0.329200000,0.005300000,0.115200000,0.005000000,0.232600000,0.000000000,0.000000000,false,disabled,84,0,103,3,7,0.005300000,0.002700000,0.001200000,0.006500000,0.002800000,0.000600000,0.382700000,0.015100000,0.217000000,0.010200000,0.004800000,0.080700000,0.000000000,0.000000000,0.011600000,0.741200000,0.007900000,3,1,7,7,3,0.109300000,0.003700000,0.035800000,0.046900000,0.011600000,0.007400000,true,true,0.037600000,0.021700000,0.001600000,0.003600000,0.038700000,103,103,0
652,1,1,1920,1080,640,360,ultra-performance,0.001800000,0.017000000,0.177300000,0.002900000,0.259300000,0.022400000,0.118300000,0.734400000,0.282000000,1.618200000,1.616400000,1.615400000,0.002800000,0.003100000,0.017500000,0.009800000,0.146500000,0.002500000,0.050600000,0.002200000,0.204300000,0.000000000,0.000000000,false,disabled,84,0,103,3,7,0.004500000,0.002600000,0.001100000,0.006600000,0.007200000,0.001500000,0.362200000,0.023600000,0.149300000,0.014400000,0.010000000,0.105500000,0.000100000,0.000000000,0.027900000,0.716500000,0.017900000,3,1,7,7,3,0.093500000,0.003900000,0.035100000,0.044300000,0.011400000,0.007500000,true,true,0.017100000,0.019400000,0.001500000,0.003100000,0.038900000,103,103,0
653,2,1,1920,1080,640,360,ultra-performance,1.168400000,0.055400000,0.406000000,0.006200000,0.568100000,0.025600000,0.120100000,0.772200000,0.196600000,3.320200000,2.151800000,3.318600000,0.001600000,0.011000000,0.041900000,0.022100000,0.330100000,0.005500000,0.114300000,0.005000000,0.445800000,0.000000000,0.000000000,false,disabled,84,0,103,3,7,0.006200000,0.002800000,0.001200000,0.006300000,0.002800000,0.000600000,0.380900000,0.028800000,0.114200000,0.017500000,0.007200000,0.181800000,0.000000000,0.000000000,0.011900000,0.762200000,0.010000000,3,1,7,7,3,0.195000000,0.008200000,0.079800000,0.105100000,0.026100000,0.012400000,true,true,0.039100000,0.048200000,0.002300000,0.008000000,0.084100000,103,103,0
654,0,1,1920,1080,640,360,ultra-performance,0.001800000,0.017100000,0.175200000,0.002500000,0.253700000,0.023000000,0.126700000,0.545100000,0.151700000,1.298000000,1.296200000,1.296800000,0.001200000,0.003100000,0.018100000,0.009800000,0.143800000,0.002200000,0.051300000,0.002200000,0.197900000,0.000000000,0.000000000,false,disabled,84,0,103,3,7,0.004400000,0.002600000,0.001100000,0.006900000,0.002400000,0.000700000,0.348700000,0.015200000,0.061900000,0.009600000,0.005100000,0.064700000,0.000100000,0.000000000,0.012000000,0.535400000,0.009700000,3,1,7,7,3,0.086700000,0.003800000,0.035000000,0.044400000,0.011500000,0.007800000,true,true,0.017400000,0.019600000,0.001300000,0.003600000,0.038800000,103,103,0
655,1,1,1920,1080,640,360,ultra-performance,0.653300000,0.016500000,0.185600000,0.002600000,0.243900000,0.022100000,0.110000000,0.683200000,0.341000000,2.261200000,1.607900000,2.258200000,0.003000000,0.002900000,0.017300000,0.010000000,0.155000000,0.002400000,0.050500000,0.002100000,0.188900000,0.000000000,0.000000000,false,disabled,84,0,103,3,7,0.004700000,0.002200000,0.001100000,0.006600000,0.005800000,0.001200000,0.376400000,0.026100000,0.046400000,0.020400000,0.009400000,0.138200000,0.000000000,0.000000000,0.029300000,0.667800000,0.015400000,3,1,7,7,3,0.083500000,0.003500000,0.034500000,0.041300000,0.010800000,0.006400000,true,true,0.016900000,0.019300000,0.001200000,0.002900000,0.037500000,103,103,0
656,2,1,1920,1080,640,360,ultra-performance,0.844800000,0.044800000,0.232400000,0.003000000,0.261500000,0.023400000,0.119800000,0.513000000,0.153700000,2.197700000,1.352900000,2.196400000,0.001300000,0.008300000,0.041200000,0.022400000,0.159800000,0.002600000,0.051400000,0.002300000,0.205300000,0.000000000,0.000000000,false,disabled,84,0,103,3,7,0.004400000,0.002800000,0.001200000,0.006300000,0.002600000,0.000700000,0.315400000,0.015700000,0.062400000,0.009100000,0.004600000,0.066100000,0.000000000,0.000000000,0.012900000,0.504200000,0.008800000,3,1,7,7,3,0.088600000,0.003800000,0.036400000,0.047300000,0.011800000,0.007900000,true,true,0.018300000,0.019600000,0.001400000,0.003600000,0.039500000,103,103,0
657,0,1,1920,1080,640,360,ultra-performance,0.571700000,0.018100000,0.184600000,0.003100000,0.252500000,0.022500000,0.118100000,0.547800000,0.232300000,1.956500000,1.384800000,1.950700000,0.005800000,0.003200000,0.017900000,0.009800000,0.153300000,0.002800000,0.052300000,0.002200000,0.195800000,0.000000000,0.000000000,false,disabled,84,0,103,3,7,0.004300000,0.002900000,0.001200000,0.006600000,0.002300000,0.000500000,0.367300000,0.011600000,0.058000000,0.007900000,0.003900000,0.059200000,0.000000000,0.000000000,0.011700000,0.537400000,0.010400000,3,1,7,7,3,0.085300000,0.003600000,0.035300000,0.044200000,0.011400000,0.007300000,true,true,0.017200000,0.019300000,0.001300000,0.003600000,0.038000000,103,103,0
658,1,1,1920,1080,640,360,ultra-performance,0.838000000,0.016300000,0.177600000,0.002800000,0.247000000,0.021400000,0.114200000,0.528600000,0.145800000,2.092900000,1.254900000,2.091700000,0.001200000,0.003200000,0.017500000,0.009400000,0.147100000,0.002500000,0.050900000,0.002200000,0.191700000,0.000000000,0.000000000,false,disabled,84,0,103,3,7,0.004800000,0.002600000,0.001100000,0.006600000,0.002100000,0.000400000,0.313400000,0.010700000,0.094400000,0.008300000,0.004300000,0.058200000,0.000100000,0.000000000,0.011900000,0.518900000,0.009700000,3,1,7,7,3,0.084800000,0.003700000,0.034400000,0.041900000,0.011300000,0.007200000,true,true,0.017500000,0.019200000,0.001200000,0.003100000,0.038000000,103,103,0
659,2,1,1920,1080,640,360,ultra-performance,0.723700000,0.034700000,0.439700000,0.005300000,0.463300000,0.021800000,0.113800000,0.545100000,0.145300000,2.494000000,1.770300000,2.492700000,0.001300000,0.006300000,0.037800000,0.070800000,0.323900000,0.004700000,0.116500000,0.004100000,0.340300000,0.000000000,0.000000000,false,disabled,84,0,103,3,7,0.004900000,0.002600000,0.001000000,0.006700000,0.002300000,0.000400000,0.349200000,0.011500000,0.067600000,0.007800000,0.004000000,0.064700000,0.000000000,0.000000000,0.012000000,0.534700000,0.010400000,3,1,7,7,3,0.187800000,0.008300000,0.067200000,0.041800000,0.011000000,0.007200000,true,true,0.038100000,0.042400000,0.002200000,0.007000000,0.085000000,103,103,0
660,0,1,1920,1080,640,360,ultra-performance,0.563300000,0.017200000,0.183500000,0.002600000,0.246900000,0.021800000,0.114500000,0.550100000,0.144100000,1.845000000,1.281700000,1.844000000,0.001000000,0.003000000,0.017200000,0.009800000,0.153000000,0.002300000,0.051600000,0.002000000,0.191300000,0.000000000,0.000000000,false,disabled,84,0,103,3,7,0.004900000,0.002500000,0.001000000,0.006900000,0.007000000,0.000700000,0.344700000,0.013300000,0.061100000,0.008500000,0.005300000,0.070900000,0.000100000,0.000000000,0.012400000,0.539300000,0.010800000,3,1,7,7,3,0.085300000,0.003500000,0.034300000,0.041900000,0.011100000,0.007100000,true,true,0.017600000,0.019000000,0.001200000,0.003400000,0.038200000,103,103,0
661,1,1,1920,1080,640,360,ultra-performance,0.566100000,0.017800000,0.175200000,0.009600000,0.245800000,0.022300000,0.114900000,0.538700000,0.166500000,1.858300000,1.292200000,1.856900000,0.001400000,0.003100000,0.017400000,0.009600000,0.144700000,0.009300000,0.051600000,0.002000000,0.189900000,0.000000000,0.000000000,false,disabled,84,0,103,3,7,0.004700000,0.002500000,0.001200000,0.006700000,0.002400000,0.000700000,0.340500000,0.015800000,0.067000000,0.009700000,0.004600000,0.060900000,0.000100000,0.000000000,0.012400000,0.529200000,0.009500000,3,1,7,7,3,0.084600000,0.003500000,0.033900000,0.041700000,0.011000000,0.006900000,true,true,0.017400000,0.019100000,0.001200000,0.003400000,0.037700000,103,103,0
662,2,1,1920,1080,640,360,ultra-performance,1.025600000,0.015900000,0.179400000,0.002600000,0.242600000,0.021700000,0.107400000,0.553900000,0.144500000,2.294900000,1.269300000,2.293600000,0.001300000,0.002700000,0.017500000,0.010200000,0.148600000,0.002300000,0.050600000,0.001800000,0.188100000,0.000000000,0.000000000,false,disabled,84,0,103,3,7,0.004700000,0.002300000,0.001000000,0.006800000,0.002400000,0.000400000,0.338700000,0.010300000,0.093900000,0.007300000,0.004000000,0.059300000,0.000000000,0.000000000,0.012800000,0.543900000,0.010000000,3,1,7,7,3,0.086000000,0.003300000,0.033100000,0.040100000,0.010600000,0.006600000,true,true,0.017300000,0.019300000,0.001200000,0.003100000,0.039200000,103,103,0
663,0,1,1920,1080,640,360,ultra-performance,0.724300000,0.019900000,0.179200000,0.002800000,0.271500000,0.023700000,0.120500000,0.524600000,0.168400000,2.036100000,1.311800000,2.034900000,0.001200000,0.003500000,0.018700000,0.010000000,0.146500000,0.002600000,0.051600000,0.002100000,0.215100000,0.000000000,0.000000000,false,disabled,84,0,103,3,7,0.005000000,0.002800000,0.001200000,0.007500000,0.002500000,0.000500000,0.235100000,0.013300000,0.157900000,0.006700000,0.003400000,0.069300000,0.000100000,0.000000000,0.011600000,0.516900000,0.007700000,3,1,7,7,3,0.094600000,0.006200000,0.038200000,0.047800000,0.011900000,0.007600000,true,true,0.017600000,0.019100000,0.001300000,0.003500000,0.043600000,103,103,0
664,1,1,1920,1080,640,360,ultra-performance,0.801500000,0.018100000,0.274600000,0.005500000,0.558200000,0.048600000,0.258200000,0.617400000,0.149800000,2.733100000,1.931600000,2.731900000,0.001200000,0.003200000,0.017600000,0.009600000,0.243500000,0.005000000,0.114400000,0.004700000,0.434200000,0.000000000,0.000000000,false,disabled,84,0,103,3,7,0.009300000,0.005400000,0.002600000,0.014800000,0.002100000,0.000300000,0.377200000,0.011100000,0.102000000,0.007700000,0.003900000,0.060300000,0.000100000,0.000000000,0.012300000,0.609100000,0.008300000,3,1,7,7,3,0.192800000,0.008800000,0.077300000,0.095800000,0.025300000,0.016200000,true,true,0.040000000,0.043200000,0.001800000,0.007600000,0.087000000,103,103,0
665,2,1,1920,1080,640,360,ultra-performance,0.001600000,0.017000000,0.175800000,0.002600000,0.246700000,0.021800000,0.115700000,0.589200000,0.159000000,1.330900000,1.329300000,1.329400000,0.001500000,0.002900000,0.017300000,0.009200000,0.145900000,0.002400000,0.051500000,0.001900000,0.191000000,0.000000000,0.000000000,false,disabled,84,0,103,3,7,0.004200000,0.002500000,0.001200000,0.006700000,0.002500000,0.000400000,0.330300000,0.012600000,0.104700000,0.008400000,0.005100000,0.084200000,0.000100000,0.000000000,0.013700000,0.576600000,0.012600000,3,1,7,7,3,0.085200000,0.003600000,0.034500000,0.041600000,0.011200000,0.007200000,true,true,0.017300000,0.019000000,0.001200000,0.003300000,0.038700000,103,103,0
666,0,1,1920,1080,640,360,ultra-performance,0.945600000,0.015000000,0.222400000,0.003100000,0.250500000,0.022200000,0.113000000,0.629500000,0.154200000,2.360600000,1.415000000,2.355500000,0.005100000,0.002800000,0.017400000,0.010200000,0.191600000,0.002800000,0.050800000,0.002200000,0.195200000,0.000000000,0.000000000,false,disabled,84,0,103,3,7,0.004900000,0.002500000,0.001200000,0.006400000,0.002600000,0.000600000,0.350200000,0.013000000,0.145900000,0.008500000,0.004900000,0.067300000,0.000100000,0.000000000,0.013200000,0.621300000,0.008200000,3,1,7,7,3,0.086400000,0.003400000,0.035100000,0.042300000,0.011600000,0.007400000,true,true,0.017600000,0.019000000,0.002500000,0.003100000,0.038200000,103,103,0
667,1,1,1920,1080,640,360,ultra-performance,0.398100000,0.014100000,0.176700000,0.002800000,0.246900000,0.021300000,0.110000000,0.520700000,0.149800000,1.641600000,1.243500000,1.640400000,0.001200000,0.002700000,0.016600000,0.009600000,0.147500000,0.002600000,0.051100000,0.002000000,0.191400000,0.000000000,0.000000000,false,disabled,84,0,103,3,7,0.004200000,0.002300000,0.001100000,0.006500000,0.002000000,0.000400000,0.379600000,0.009100000,0.005700000,0.005800000,0.003300000,0.081500000,0.000000000,0.000000000,0.012000000,0.513500000,0.007200000,3,1,7,7,3,0.083600000,0.003300000,0.039400000,0.040000000,0.010700000,0.006400000,true,true,0.017200000,0.019000000,0.001300000,0.002800000,0.037600000,103,103,0
668,2,1,1920,1080,640,360,ultra-performance,1.061200000,0.035400000,0.418600000,0.006700000,0.380000000,0.022700000,0.123300000,0.600200000,0.143700000,2.793300000,1.732100000,2.791800000,0.001500000,0.006900000,0.038600000,0.021600000,0.350500000,0.005900000,0.119100000,0.004500000,0.253900000,0.000000000,0.000000000,false,disabled,84,0,103,3,7,0.004400000,0.002600000,0.001200000,0.006400000,0.002300000,0.000700000,0.362400000,0.011300000,0.113600000,0.007200000,0.004300000,0.061000000,0.000100000,0.000000000,0.012500000,0.590000000,0.010200000,3,1,7,7,3,0.137100000,0.003700000,0.034900000,0.041900000,0.011500000,0.007300000,true,true,0.038800000,0.044900000,0.002100000,0.006400000,0.038500000,103,103,0
669,0,1,1920,1080,640,360,ultra-performance,0.001800000,0.015100000,0.187100000,0.002600000,0.249300000,0.022500000,0.115600000,0.474600000,0.146300000,1.215900000,1.214100000,1.214900000,0.001000000,0.003000000,0.017300000,0.009300000,0.157100000,0.002400000,0.053300000,0.001900000,0.192000000,0.000000000,0.000000000,false,disabled,84,0,103,3,7,0.004800000,0.002400000,0.001200000,0.006600000,0.002000000,0.000400000,0.330600000,0.010600000,0.001400000,0.006400000,0.003600000,0.083300000,0.000000000,0.000000000,0.012200000,0.465500000,0.009100000,3,1,7,7,3,0.086200000,0.003500000,0.034300000,0.041200000,0.011600000,0.007100000,true,true,0.017600000,0.020300000,0.001200000,0.003100000,0.038200000,103,103,0
670,1,1,1920,1080,640,360,ultra-performance,1.303000000,0.035600000,0.358000000,0.002700000,0.253000000,0.021900000,0.116100000,0.588900000,0.181000000,2.861500000,1.558500000,2.860200000,0.001300000,0.006800000,0.038300000,0.021300000,0.290700000,0.002400000,0.053600000,0.002000000,0.195100000,0.000000000,0.000000000,false,disabled,84,0,103,3,7,0.004800000,0.002500000,0.001100000,0.013800000,0.003400000,0.000700000,0.323500000,0.021200000,0.091300000,0.011600000,0.006500000,0.083500000,0.000000000,0.000000000,0.012800000,0.576700000,0.012200000,3,1,7,7,3,0.086700000,0.003600000,0.035300000,0.042100000,0.011700000,0.007100000,true,true,0.017800000,0.019800000,0.001200000,0.003200000,0.039000000,103,103,0
671,2,1,1920,1080,640,360,ultra-performance,0.001800000,0.018400000,0.179000000,0.002700000,0.256400000,0.023500000,0.119700000,0.674600000,0.147300000,1.424500000,1.422700000,1.423400000,0.001100000,0.003200000,0.018100000,0.009400000,0.147900000,0.002500000,0.051600000,0.002200000,0.200100000,0.000000000,0.000000000,false,disabled,84,0,103,3,7,0.015400000,0.002800000,0.001200000,0.007200000,0.002500000,0.000300000,0.336300000,0.016900000,0.182400000,0.011500000,0.005600000,0.071600000,0.000100000,0.000000000,0.012200000,0.666000000,0.008600000,3,1,7,7,3,0.087300000,0.003800000,0.036200000,0.044900000,0.011900000,0.007800000,true,true,0.018200000,0.019200000,0.001300000,0.003500000,0.038900000,103,103,0
672,0,1,1920,1080,640,360,ultra-performance,1.612600000,0.037700000,0.395100000,0.005800000,0.520800000,0.023900000,0.117900000,0.767300000,0.153400000,3.635800000,2.023200000,3.634500000,0.001300000,0.006600000,0.039700000,0.021600000,0.326300000,0.005300000,0.113500000,0.004500000,0.399900000,0.000000000,0.000000000,false,disabled,84,0,103,3,7,0.004500000,0.002600000,0.001100000,0.006900000,0.002300000,0.000700000,0.446300000,0.010100000,0.164100000,0.005300000,0.003100000,0.100500000,0.000000000,0.000000000,0.012200000,0.759700000,0.007600000,3,1,7,7,3,0.193200000,0.008700000,0.079300000,0.078700000,0.013000000,0.008400000,true,true,0.039500000,0.043300000,0.002100000,0.007100000,0.087800000,103,103,0
673,1,1,1920,1080,640,360,ultra-performance,0.001800000,0.016900000,0.187200000,0.003200000,0.253200000,0.022500000,0.116700000,0.514900000,0.153500000,1.271400000,1.269600000,1.269900000,0.001500000,0.003200000,0.017900000,0.009500000,0.156100000,0.002900000,0.051400000,0.002100000,0.197400000,0.000000000,0.000000000,false,disabled,84,0,103,3,7,0.004400000,0.002600000,0.001300000,0.006600000,0.002300000,0.000700000,0.345600000,0.013100000,0.042500000,0.006600000,0.003400000,0.063400000,0.000100000,0.000000000,0.012300000,0.504900000,0.010000000,3,1,7,7,3,0.086200000,0.003800000,0.035600000,0.044400000,0.011700000,0.007500000,true,true,0.017900000,0.019300000,0.001300000,0.003500000,0.038200000,103,103,0
674,2,1,1920,1080,640,360,ultra-performance,1.094500000,0.018100000,0.186100000,0.002600000,0.262100000,0.022700000,0.119600000,0.754100000,0.158600000,2.619900000,1.525400000,2.618400000,0.001500000,0.003300000,0.018100000,0.009800000,0.154400000,0.002300000,0.054100000,0.002100000,0.203600000,0.000000000,0.000000000,false,disabled,84,0,103,3,7,0.004900000,0.002700000,0.001200000,0.007100000,0.006000000,0.001200000,0.380300000,0.019200000,0.155700000,0.013700000,0.007800000,0.110400000,0.000000000,0.000000000,0.028000000,0.738200000,0.015900000,3,1,7,7,3,0.089500000,0.003800000,0.036400000,0.045100000,0.011800000,0.007500000,true,true,0.017700000,0.020400000,0.001300000,0.003800000,0.040400000,103,103,0
675,0,1,1920,1080,640,360,ultra-performance,0.659600000,0.023200000,0.181100000,0.002800000,0.276100000,0.024900000,0.119700000,0.705100000,0.315900000,2.311000000,1.651400000,2.308400000,0.002600000,0.003800000,0.019200000,0.010200000,0.147400000,0.002500000,0.051500000,0.002400000,0.219600000,0.000000000,0.000000000,false,disabled,84,0,103,3,7,0.005200000,0.002700000,0.001200000,0.006700000,0.002500000,0.000600000,0.391300000,0.015100000,0.063900000,0.020800000,0.009500000,0.143200000,0.000100000,0.000000000,0.025800000,0.688600000,0.016500000,3,1,7,7,3,0.088600000,0.003800000,0.037000000,0.054800000,0.012400000,0.013900000,true,true,0.017800000,0.019600000,0.001200000,0.003700000,0.040300000,103,103,0
676,1,1,1920,1080,640,360,ultra-performance,0.403300000,0.020200000,0.177800000,0.002900000,0.265800000,0.023100000,0.119900000,0.542500000,0.132000000,1.692900000,1.289600000,1.687500000,0.005400000,0.003400000,0.018800000,0.010000000,0.145200000,0.002600000,0.052400000,0.002200000,0.208900000,0.000000000,0.000000000,false,disabled,84,0,103,3,7,0.004400000,0.002600000,0.001200000,0.006600000,0.002300000,0.000500000,0.336300000,0.011300000,0.079600000,0.005700000,0.002800000,0.070200000,0.000100000,0.000000000,0.011300000,0.534900000,0.007600000,3,1,7,7,3,0.091200000,0.003900000,0.037200000,0.047500000,0.012000000,0.007800000,true,true,0.022000000,0.019200000,0.001400000,0.003600000,0.038900000,103,103,0
677,2,1,1920,1080,640,360,ultra-performance,0.974500000,0.018100000,0.174200000,0.002700000,0.251700000,0.022400000,0.124400000,0.547200000,0.142000000,2.258300000,1.283800000,2.257200000,0.001100000,0.003100000,0.017500000,0.009500000,0.143600000,0.002500000,0.051400000,0.002100000,0.195900000,0.000000000,0.000000000,false,disabled,84,0,103,3,7,0.004300000,0.002600000,0.001200000,0.006900000,0.002600000,0.000600000,0.207200000,0.016700000,0.186700000,0.011600000,0.005400000,0.076200000,0.000000000,0.000000000,0.011900000,0.533900000,0.013300000,3,1,7,7,3,0.085400000,0.003700000,0.035400000,0.043800000,0.011600000,0.007500000,true,true,0.017500000,0.019200000,0.001500000,0.003100000,0.038300000,103,103,0
678,0,1,1920,1080,640,360,ultra-performance,0.693500000,0.018200000,0.180200000,0.002700000,0.265800000,0.023800000,0.119100000,0.625000000,0.164300000,2.094100000,1.400600000,2.092600000,0.001500000,0.003500000,0.019200000,0.010800000,0.146400000,0.002400000,0.051300000,0.002300000,0.209800000,0.000000000,0.000000000,false,disabled,84,0,103,3,7,0.005200000,0.002600000,0.001200000,0.006300000,0.003300000,0.000600000,0.367100000,0.013600000,0.125500000,0.008200000,0.005000000,0.065800000,0.000100000,0.000000000,0.012400000,0.616900000,0.008100000,3,1,7,7,3,0.092100000,0.003800000,0.037200000,0.047200000,0.012400000,0.008200000,true,true,0.017400000,0.023800000,0.001500000,0.003500000,0.039700000,103,103,0
679,1,1,1920,1080,640,360,ultra-performance,0.782900000,0.021400000,0.178900000,0.002600000,0.266100000,0.023700000,0.123800000,0.507300000,0.167900000,2.076000000,1.293100000,2.074600000,0.001400000,0.003700000,0.018600000,0.010100000,0.146200000,0.002300000,0.051900000,0.002100000,0.209600000,0.000000000,0.000000000,false,disabled,84,0,103,3,7,0.004400000,0.003000000,0.001200000,0.006300000,0.002500000,0.000600000,0.328800000,0.013100000,0.053000000,0.006800000,0.003300000,0.064500000,0.000000000,0.000000000,0.011800000,0.499300000,0.008000000,3,1,7,7,3,0.086300000,0.003700000,0.035700000,0.055700000,0.011900000,0.007400000,true,true,0.017200000,0.019500000,0.001300000,0.004100000,0.038200000,103,103,0
680,2,1,1920,1080,640,360,ultra-performance,0.786100000,0.019700000,0.178800000,0.003200000,0.256200000,0.022200000,0.118400000,0.754500000,0.172200000,2.314100000,1.528000000,2.311300000,0.002800000,0.003200000,0.018100000,0.009700000,0.147400000,0.002900000,0.051600000,0.002100000,0.200200000,0.000000000,0.000000000,false,disabled,84,0,103,3,7,0.004500000,0.002700000,0.001100000,0.006700000,0.005600000,0.001300000,0.421500000,0.027400000,0.078100000,0.018600000,0.009400000,0.127900000,0.000100000,0.000000000,0.027600000,0.732500000,0.022000000,3,1,7,7,3,0.086600000,0.003900000,0.035900000,0.045200000,0.012000000,0.007600000,true,true,0.017600000,0.019000000,0.001200000,0.003300000,0.039300000,103,103,0
681,0,1,1920,1080,640,360,ultra-performance,0.874200000,0.044500000,0.400500000,0.005900000,0.508700000,0.024500000,0.117900000,0.575200000,0.156800000,2.709600000,1.835400000,2.708200000,0.001400000,0.007900000,0.041400000,0.021500000,0.328700000,0.005300000,0.114400000,0.004900000,0.386700000,0.000000000,0.000000000,false,disabled,84,0,103,3,7,0.005300000,0.002800000,0.001200000,0.006800000,0.002300000,0.000600000,0.278100000,0.012700000,0.161000000,0.006600000,0.003700000,0.073700000,0.000100000,0.000000000,0.012300000,0.567200000,0.008000000,3,1,7,7,3,0.191300000,0.008700000,0.079600000,0.069600000,0.011500000,0.007700000,true,true,0.038900000,0.043000000,0.001900000,0.007400000,0.086800000,103,103,0
682,1,1,1920,1080,640,360,ultra-performance,0.001700000,0.016800000,0.177700000,0.003100000,0.253300000,0.022300000,0.116700000,0.510000000,0.193100000,1.295900000,1.294200000,1.294700000,0.001200000,0.003100000,0.017900000,0.009600000,0.146600000,0.002900000,0.051300000,0.002000000,0.197600000,0.000000000,0.000000000,false,disabled,84,0,103,3,7,0.004300000,0.002500000,0.001100000,0.006600000,0.002200000,0.000300000,0.355300000,0.010200000,0.031300000,0.006600000,0.003900000,0.065800000,0.000000000,0.000000000,0.012100000,0.502200000,0.007800000,3,1,7,7,3,0.086600000,0.003800000,0.035100000,0.044500000,0.011800000,0.007500000,true,true,0.016900000,0.019200000,0.001500000,0.003500000,0.039500000,103,103,0
683,2,1,1920,1080,640,360,ultra-performance,1.236000000,0.017900000,0.185900000,0.002700000,0.246300000,0.022900000,0.114500000,0.900500000,0.173900000,2.904100000,1.668100000,2.900600000,0.003500000,0.003000000,0.017600000,0.009700000,0.155000000,0.002500000,0.050900000,0.002000000,0.191100000,0.000000000,0.000000000,false,disabled,84,0,103,3,7,0.004300000,0.002700000,0.001100000,0.006700000,0.006600000,0.001800000,0.509600000,0.024500000,0.041300000,0.017700000,0.008800000,0.220800000,0.000000000,0.000000000,0.035300000,0.881200000,0.019300000,3,1,7,7,3,0.083700000,0.003600000,0.034500000,0.042100000,0.011500000,0.007300000,true,true,0.017200000,0.018700000,0.001400000,0.003100000,0.037500000,103,103,0
684,0,1,1920,1080,640,360,ultra-performance,0.330900000,0.020700000,0.180200000,0.003300000,0.265600000,0.035100000,0.124000000,0.525200000,0.157400000,1.643600000,1.312700000,1.642400000,0.001200000,0.003600000,0.018300000,0.010100000,0.147700000,0.002900000,0.052300000,0.002500000,0.208200000,0.000000000,0.000000000,false,disabled,84,0,103,3,7,0.004600000,0.003000000,0.001300000,0.007000000,0.002700000,0.000600000,0.339600000,0.014100000,0.040400000,0.008800000,0.004600000,0.077200000,0.000000000,0.000000000,0.012200000,0.516100000,0.009100000,3,1,7,7,3,0.087100000,0.004100000,0.038000000,0.048600000,0.013000000,0.008300000,true,true,0.017800000,0.019600000,0.001400000,0.002500000,0.039300000,103,103,0
685,1,1,1920,1080,640,360,ultra-performance,0.848500000,0.020800000,0.179900000,0.002600000,0.257800000,0.023800000,0.119300000,0.722700000,0.128500000,2.308700000,1.460200000,2.303900000,0.004800000,0.003300000,0.019400000,0.010100000,0.146600000,0.002400000,0.051500000,0.002300000,0.201500000,0.000000000,0.000000000,false,disabled,84,0,103,3,7,0.004500000,0.002800000,0.001300000,0.006800000,0.005500000,0.001000000,0.373800000,0.018100000,0.167900000,0.022100000,0.005800000,0.092500000,0.000000000,0.000000000,0.011400000,0.713500000,0.009200000,3,1,7,7,3,0.086400000,0.003700000,0.035900000,0.047200000,0.011600000,0.007600000,true,true,0.017600000,0.019500000,0.001400000,0.003600000,0.038100000,103,103,0
686,2,1,1920,1080,640,360,ultra-performance,0.490300000,0.046300000,0.214900000,0.005300000,0.393500000,0.034500000,0.140000000,0.526800000,0.150700000,2.004100000,1.513800000,2.002300000,0.001800000,0.007800000,0.032600000,0.013700000,0.159300000,0.004500000,0.060200000,0.004700000,0.320900000,0.000000000,0.000000000,false,disabled,84,0,103,3,7,0.005500000,0.003200000,0.001200000,0.007200000,0.002500000,0.000600000,0.245400000,0.017300000,0.140300000,0.009600000,0.004900000,0.068200000,0.000000000,0.000000000,0.012500000,0.518400000,0.008400000,3,1,7,7,3,0.119200000,0.006100000,0.094500000,0.053300000,0.016400000,0.009600000,true,true,0.029400000,0.024900000,0.001900000,0.004100000,0.051500000,103,103,0
687,0,1,1920,1080,640,360,ultra-performance,0.970800000,0.037200000,0.401400000,0.005600000,0.431200000,0.023400000,0.119400000,0.645100000,0.162500000,2.797900000,1.827100000,2.796600000,0.001300000,0.007300000,0.040700000,0.022000000,0.330300000,0.005100000,0.114200000,0.005000000,0.309500000,0.000000000,0.000000000,false,disabled,84,0,103,3,7,0.004500000,0.002900000,0.001100000,0.006700000,0.002500000,0.000600000,0.333800000,0.012100000,0.187600000,0.007000000,0.003300000,0.063300000,0.000000000,0.000000000,0.011800000,0.637200000,0.007900000,3,1,7,7,3,0.185400000,0.004100000,0.035800000,0.045000000,0.011700000,0.007500000,true,true,0.039000000,0.043600000,0.002200000,0.007400000,0.086700000,103,103,0
688,1,1,1920,1080,640,360,ultra-performance,0.001700000,0.017600000,0.180200000,0.003100000,0.265600000,0.022700000,0.117800000,0.454300000,0.143200000,1.207500000,1.205800000,1.206200000,0.001300000,0.003200000,0.018200000,0.009900000,0.148500000,0.002800000,0.051800000,0.002100000,0.209500000,0.000000000,0.000000000,false,disabled,84,0,103,3,7,0.004400000,0.002600000,0.001100000,0.006600000,0.002300000,0.000400000,0.213700000,0.014100000,0.098500000,0.008400000,0.004400000,0.075100000,0.000000000,0.000000000,0.011700000,0.443300000,0.011000000,3,1,7,7,3,0.088500000,0.003900000,0.044600000,0.044400000,0.011700000,0.007600000,true,true,0.017400000,0.019900000,0.002300000,0.003600000,0.039300000,103,103,0
689,2,1,1920,1080,640,360,ultra-performance,1.073100000,0.025500000,0.182000000,0.002500000,0.260000000,0.024700000,0.120700000,0.551200000,0.120500000,2.361300000,1.288200000,2.360200000,0.001100000,0.004100000,0.019500000,0.010200000,0.147800000,0.002200000,0.051600000,0.002100000,0.204000000,0.000000000,0.000000000,false,disabled,84,0,103,3,7,0.005200000,0.002800000,0.001300000,0.006500000,0.002700000,0.000500000,0.338500000,0.014900000,0.080500000,0.009600000,0.005300000,0.063600000,0.000000000,0.000000000,0.011300000,0.542700000,0.008500000,3,1,7,7,3,0.087200000,0.003800000,0.036900000,0.047300000,0.012200000,0.007700000,true,true,0.017700000,0.019500000,0.001200000,0.003900000,0.038800000,103,103,0
690,0,1,1920,1080,640,360,ultra-performance,0.672000000,0.020000000,0.178900000,0.003000000,0.265100000,0.024300000,0.121800000,0.570000000,0.173600000,2.029900000,1.357900000,2.028700000,0.001200000,0.003200000,0.018400000,0.010200000,0.146700000,0.002800000,0.053000000,0.002400000,0.207300000,0.000000000,0.000000000,false,disabled,84,0,103,3,7,0.004500000,0.003000000,0.001300000,0.007100000,0.002900000,0.000600000,0.348100000,0.013600000,0.081700000,0.008000000,0.004100000,0.073100000,0.000100000,0.000000000,0.012400000,0.560500000,0.009500000,3,1,7,7,3,0.088800000,0.003900000,0.036900000,0.048200000,0.012300000,0.007900000,true,true,0.017700000,0.019500000,0.001500000,0.003500000,0.040100000,103,103,0
691,1,1,1920,1080,640,360,ultra-performance,0.896200000,0.040900000,0.295200000,0.003100000,0.257500000,0.023900000,0.119300000,0.643000000,0.154600000,2.435100000,1.538900000,2.433700000,0.001400000,0.007200000,0.038900000,0.021900000,0.226300000,0.002800000,0.051800000,0.002400000,0.200800000,0.000000000,0.000000000,false,disabled,84,0,103,3,7,0.004600000,0.002700000,0.001200000,0.006600000,0.002900000,0.000600000,0.366500000,0.014400000,0.123500000,0.010100000,0.004600000,0.077400000,0.000000000,0.000000000,0.019900000,0.635000000,0.008000000,3,1,7,7,3,0.085200000,0.003800000,0.036300000,0.047200000,0.011900000,0.007700000,true,true,0.018000000,0.019300000,0.001200000,0.002400000,0.038300000,103,103,0
692,2,1,1920,1080,640,360,ultra-performance,0.383100000,0.020000000,0.183800000,0.002400000,0.256800000,0.022800000,0.119000000,0.460700000,0.148300000,1.598300000,1.215200000,1.596900000,0.001400000,0.003200000,0.023500000,0.010200000,0.146300000,0.002200000,0.052100000,0.002100000,0.200100000,0.000000000,0.000000000,false,disabled,84,0,103,3,7,0.004400000,0.003000000,0.001200000,0.006900000,0.003400000,0.000600000,0.300700000,0.017300000,0.018900000,0.009200000,0.005800000,0.069400000,0.000000000,0.000000000,0.011500000,0.452300000,0.008400000,3,1,7,7,3,0.087400000,0.003800000,0.035400000,0.045200000,0.011800000,0.007600000,true,true,0.017900000,0.019600000,0.001200000,0.003200000,0.039500000,103,103,0
693,0,1,1920,1080,640,360,ultra-performance,1.021200000,0.014700000,0.177500000,0.002200000,0.248100000,0.022400000,0.116700000,0.833000000,0.238600000,2.677100000,1.655900000,2.674400000,0.002700000,0.002900000,0.016600000,0.009700000,0.148100000,0.002000000,0.052700000,0.001900000,0.190900000,0.000000000,0.000000000,false,disabled,84,0,103,3,7,0.004300000,0.002300000,0.001200000,0.006500000,0.005600000,0.001000000,0.527800000,0.017600000,0.079100000,0.016300000,0.008000000,0.124200000,0.000100000,0.000000000,0.016500000,0.810500000,0.022500000,3,1,7,7,3,0.084700000,0.003500000,0.034700000,0.041200000,0.011200000,0.006900000,true,true,0.017300000,0.019900000,0.001300000,0.002700000,0.037700000,103,103,0
694,1,1,1920,1080,640,360,ultra-performance,0.512800000,0.024700000,0.192700000,0.003700000,0.292600000,0.029200000,0.132400000,0.587700000,0.169400000,1.950300000,1.437500000,1.945200000,0.005100000,0.004100000,0.024700000,0.012200000,0.151200000,0.003400000,0.054700000,0.002500000,0.232800000,0.000000000,0.000000000,false,disabled,84,0,103,3,7,0.006000000,0.002900000,0.001200000,0.006400000,0.002300000,0.000300000,0.271200000,0.011300000,0.189000000,0.007500000,0.004000000,0.065500000,0.000100000,0.000000000,0.011500000,0.579200000,0.008500000,3,1,7,7,3,0.101700000,0.003800000,0.044900000,0.048700000,0.013200000,0.008300000,true,true,0.020100000,0.019800000,0.001400000,0.003900000,0.050200000,103,103,0
695,2,1,1920,1080,640,360,ultra-performance,0.482000000,0.020000000,0.185300000,0.002900000,0.268600000,0.022900000,0.119700000,0.618300000,0.137300000,1.858200000,1.376200000,1.857000000,0.001200000,0.003200000,0.018500000,0.010100000,0.153000000,0.002600000,0.059600000,0.002100000,0.204600000,0.000000000,0.000000000,false,disabled,84,0,103,3,7,0.004400000,0.002800000,0.001200000,0.006700000,0.002300000,0.000600000,0.293100000,0.013700000,0.190700000,0.007700000,0.004200000,0.067000000,0.000000000,0.000000000,0.011600000,0.606000000,0.012300000,3,1,7,7,3,0.087300000,0.003800000,0.036900000,0.047700000,0.012000000,0.007800000,true,true,0.017500000,0.021000000,0.001200000,0.002500000,0.039100000,103,103,0
696,0,1,1920,1080,640,360,ultra-performance,0.827700000,0.022800000,0.179700000,0.003000000,0.271000000,0.023100000,0.118600000,0.508900000,0.158300000,2.114300000,1.286600000,2.113100000,0.001200000,0.003700000,0.018500000,0.010200000,0.146900000,0.002700000,0.059400000,0.002100000,0.207000000,0.000000000,0.000000000,false,disabled,84,0,103,3,7,0.005300000,0.002700000,0.001100000,0.006400000,0.003500000,0.000600000,0.308100000,0.019000000,0.034100000,0.010200000,0.006300000,0.083600000,0.000000000,0.000000000,0.012300000,0.493200000,0.015700000,3,1,7,7,3,0.088100000,0.003800000,0.036800000,0.049600000,0.011800000,0.007900000,true,true,0.017700000,0.019300000,0.002300000,0.003500000,0.039400000,103,103,0
697,1,1,1920,1080,640,360,ultra-performance,0.640600000,0.013900000,0.181700000,0.002800000,0.243800000,0.021800000,0.108700000,0.454200000,0.153100000,1.822000000,1.181400000,1.820600000,0.001400000,0.002900000,0.017000000,0.009700000,0.151800000,0.002500000,0.050900000,0.001900000,0.188900000,0.000000000,0.000000000,false,disabled,84,0,103,3,7,0.004200000,0.002200000,0.001000000,0.006400000,0.002300000,0.000400000,0.313300000,0.008700000,0.034600000,0.005900000,0.003800000,0.053100000,0.000000000,0.000000000,0.010800000,0.446700000,0.007500000,3,1,7,7,3,0.084900000,0.003400000,0.034500000,0.039900000,0.010900000,0.006600000,true,true,0.017600000,0.019700000,0.001200000,0.002700000,0.038100000,103,103,0
698,2,1,1920,1080,640,360,ultra-performance,1.013500000,0.024100000,0.178400000,0.003000000,0.266200000,0.022400000,0.119500000,0.500200000,0.149900000,2.278400000,1.264900000,2.277200000,0.001200000,0.003700000,0.018600000,0.009700000,0.145900000,0.002700000,0.051400000,0.002100000,0.210200000,0.000000000,0.000000000,false,disabled,84,0,103,3,7,0.004300000,0.002800000,0.001100000,0.006200000,0.003300000,0.000700000,0.297200000,0.016700000,0.059800000,0.009800000,0.006200000,0.071500000,0.000100000,0.000000000,0.011600000,0.491300000,0.008900000,3,1,7,7,3,0.086500000,0.003800000,0.035700000,0.055400000,0.012200000,0.007600000,true,true,0.017600000,0.019400000,0.001200000,0.003700000,0.038700000,103,103,0
699,0,1,1920,1080,640,360,ultra-performance,0.667100000,0.014400000,0.187600000,0.002600000,0.244300000,0.021700000,0.109500000,0.511100000,0.156200000,1.915600000,1.248500000,1.914500000,0.001100000,0.002900000,0.016200000,0.009600000,0.158500000,0.002400000,0.053200000,0.002000000,0.186800000,0.000000000,0.000000000,false,disabled,84,0,103,3,7,0.004200000,0.002100000,0.001100000,0.006800000,0.002400000,0.000500000,0.256500000,0.015400000,0.113400000,0.010500000,0.004900000,0.071200000,0.000000000,0.000000000,0.011400000,0.500400000,0.010700000,3,1,7,7,3,0.084500000,0.003400000,0.034200000,0.039300000,0.011000000,0.006300000,true,true,0.017200000,0.020100000,0.001200000,0.002700000,0.037600000,103,103,0
700,1,1,1920,1080,640,360,ultra-performance,0.927500000,0.021600000,0.179400000,0.002700000,0.259500000,0.022900000,0.115600000,0.521500000,0.158700000,2.210700000,1.283200000,2.209400000,0.001300000,0.003800000,0.018700000,0.009600000,0.147000000,0.002500000,0.051600000,0.002100000,0.203400000,0.000000000,0.000000000,false,disabled,84,0,103,3,7,0.004900000,0.002700000,0.001200000,0.006500000,0.002200000,0.000400000,0.331600000,0.012000000,0.057500000,0.007100000,0.004300000,0.073200000,0.000100000,0.000000000,0.010400000,0.514100000,0.007400000,3,1,7,7,3,0.087100000,0.003700000,0.037300000,0.047100000,0.011800000,0.007400000,true,true,0.017200000,0.019500000,0.001300000,0.003500000,0.039600000,103,103,0
701,2,1,1920,1080,640,360,ultra-performance,0.702600000,0.017200000,0.176800000,0.002400000,0.248000000,0.022600000,0.114800000,0.584500000,0.155700000,2.025800000,1.323200000,2.024600000,0.001200000,0.002900000,0.017200000,0.009700000,0.146600000,0.002100000,0.051900000,0.002100000,0.191600000,0.000000000,0.000000000,false,disabled,84,0,103,3,7,0.004600000,0.002600000,0.001200000,0.006700000,0.002700000,0.000800000,0.360900000,0.013300000,0.089700000,0.008500000,0.004200000,0.067900000,0.000100000,0.000000000,0.010400000,0.573600000,0.010900000,3,1,7,7,3,0.085000000,0.003600000,0.034200000,0.042100000,0.011100000,0.007200000,true,true,0.018700000,0.019200000,0.001200000,0.003200000,0.037400000,103,103,0
702,0,1,1920,1080,640,360,ultra-performance,0.571000000,0.019000000,0.179000000,0.003000000,0.257900000,0.022500000,0.116500000,0.548400000,0.152500000,1.871100000,1.300100000,1.869800000,0.001300000,0.003300000,0.018100000,0.010100000,0.147200000,0.002600000,0.051900000,0.002300000,0.201200000,0.000000000,0.000000000,false,disabled,84,0,103,3,7,0.006200000,0.002900000,0.001300000,0.006800000,0.003400000,0.000700000,0.327200000,0.015700000,0.071000000,0.009600000,0.006100000,0.075500000,0.000100000,0.000000000,0.011100000,0.537600000,0.010800000,3,1,7,7,3,0.086600000,0.003800000,0.036500000,0.045200000,0.012100000,0.007800000,true,true,0.017600000,0.019600000,0.001200000,0.003400000,0.039000000,103,103,0
703,1,1,1920,1080,640,360,ultra-performance,1.055200000,0.032200000,0.423500000,0.006200000,0.542700000,0.048500000,0.153700000,0.887900000,0.162700000,3.317500000,2.262300000,3.312600000,0.004900000,0.006600000,0.054700000,0.021600000,0.339600000,0.005600000,0.114700000,0.004400000,0.418500000,0.000000000,0.000000000,false,disabled,84,0,103,3,7,0.006100000,0.002300000,0.001000000,0.006700000,0.003500000,0.000600000,0.419000000,0.013400000,0.079300000,0.008200000,0.005500000,0.319500000,0.000100000,0.000000000,0.011400000,0.876600000,0.011300000,3,1,7,7,3,0.183100000,0.007700000,0.076400000,0.092600000,0.025300000,0.015300000,true,true,0.037700000,0.042300000,0.001900000,0.006300000,0.082800000,103,103,0
704,2,1,1920,1080,640,360,ultra-performance,0.001700000,0.017100000,0.192100000,0.003300000,0.264000000,0.022700000,0.116000000,0.635400000,0.147300000,1.400800000,1.399100000,1.399600000,0.001200000,0.003100000,0.018000000,0.009300000,0.161100000,0.002900000,0.051600000,0.002100000,0.207700000,0.000000000,0.000000000,false,disabled,84,0,103,3,7,0.006000000,0.003000000,0.001200000,0.006800000,0.002800000,0.000800000,0.312300000,0.013800000,0.179900000,0.008900000,0.004600000,0.073800000,0.000000000,0.000000000,0.010100000,0.624000000,0.011400000,3,1,7,7,3,0.086300000,0.003800000,0.036300000,0.053000000,0.011500000,0.008100000,true,true,0.017500000,0.019700000,0.001200000,0.003500000,0.038800000,103,103,0
705,0,1,1920,1080,640,360,ultra-performance,0.788900000,0.019400000,0.176800000,0.002900000,0.246900000,0.022100000,0.108300000,0.926900000,0.240300000,2.533700000,1.744800000,2.532500000,0.001200000,0.002800000,0.016800000,0.009900000,0.146800000,0.002700000,0.050700000,0.002200000,0.191700000,0.000000000,0.000000000,false,disabled,84,0,103,3,7,0.007400000,0.002300000,0.001100000,0.006600000,0.005200000,0.001600000,0.657900000,0.021000000,0.064300000,0.014500000,0.007700000,0.110500000,0.000100000,0.000000000,0.011900000,0.912100000,0.014800000,3,1,7,7,3,0.085600000,0.003300000,0.035000000,0.041100000,0.011400000,0.007100000,true,true,0.017100000,0.021700000,0.001300000,0.002900000,0.037200000,103,103,0
706,1,1,1920,1080,640,360,ultra-performance,0.559000000,0.019300000,0.185700000,0.002900000,0.254600000,0.022400000,0.117200000,0.555200000,0.144200000,1.861600000,1.302600000,1.860500000,0.001100000,0.003300000,0.018100000,0.009500000,0.154400000,0.002600000,0.050600000,0.002300000,0.199400000,0.000000000,0.000000000,false,disabled,84,0,103,3,7,0.007300000,0.002700000,0.001200000,0.006900000,0.002500000,0.000400000,0.356700000,0.015300000,0.051100000,0.010500000,0.004800000,0.076300000,0.000000000,0.000000000,0.010900000,0.546600000,0.008600000,3,1,7,7,3,0.085900000,0.003700000,0.036300000,0.045100000,0.011700000,0.007800000,true,true,0.017100000,0.019500000,0.001400000,0.003700000,0.038600000,103,103,0
707,2,1,1920,1080,640,360,ultra-performance,0.660400000,0.017300000,0.177300000,0.003400000,0.248800000,0.022200000,0.114900000,0.737300000,0.223300000,2.206100000,1.545700000,2.204900000,0.001200000,0.003100000,0.017400000,0.009500000,0.146900000,0.003100000,0.050900000,0.002100000,0.193400000,0.000000000,0.000000000,false,disabled,84,0,103,3,7,0.004700000,0.002500000,0.001100000,0.007000000,0.003500000,0.000700000,0.365600000,0.015900000,0.220400000,0.010200000,0.006200000,0.077100000,0.000000000,0.000000000,0.011000000,0.725900000,0.011400000,3,1,7,7,3,0.085100000,0.003700000,0.034700000,0.043000000,0.011500000,0.007000000,true,true,0.017600000,0.019800000,0.001200000,0.003300000,0.037900000,103,103,0
708,0,1,1920,1080,640,360,ultra-performance,0.671400000,0.024100000,0.188700000,0.003000000,0.270200000,0.024300000,0.119500000,0.565900000,0.156300000,2.024500000,1.353100000,2.023400000,0.001100000,0.003900000,0.022800000,0.014700000,0.146700000,0.002700000,0.051700000,0.002500000,0.213400000,0.000000000,0.000000000,false,disabled,84,0,103,3,7,0.006900000,0.002800000,0.001100000,0.006600000,0.002400000,0.000600000,0.349200000,0.013200000,0.086800000,0.006500000,0.003600000,0.065300000,0.000100000,0.000000000,0.010300000,0.555400000,0.010500000,3,1,7,7,3,0.095000000,0.003900000,0.037300000,0.047600000,0.011900000,0.008000000,true,true,0.017900000,0.019600000,0.001300000,0.004000000,0.040400000,103,103,0
709,1,1,1920,1080,640,360,ultra-performance,0.590600000,0.019300000,0.185400000,0.002800000,0.258300000,0.023100000,0.121100000,0.529500000,0.156800000,1.888100000,1.297500000,1.886900000,0.001200000,0.003100000,0.018600000,0.010100000,0.153100000,0.002600000,0.051500000,0.002200000,0.202400000,0.000000000,0.000000000,false,disabled,84,0,103,3,7,0.005900000,0.002600000,0.001100000,0.006500000,0.002600000,0.000600000,0.242500000,0.014500000,0.153900000,0.009200000,0.004300000,0.065300000,0.000100000,0.000000000,0.011800000,0.520900000,0.008600000,3,1,7,7,3,0.085700000,0.003700000,0.036900000,0.047200000,0.011700000,0.007600000,true,true,0.017400000,0.019600000,0.001400000,0.003600000,0.038200000,103,103,0
710,2,1,1920,1080,640,360,ultra-performance,1.046100000,0.020100000,0.176800000,0.003200000,0.252400000,0.022700000,0.115100000,0.635500000,0.161000000,2.434000000,1.387900000,2.432900000,0.001100000,0.003400000,0.017800000,0.009200000,0.145800000,0.003000000,0.051000000,0.002100000,0.197100000,0.000000000,0.000000000,false,disabled,84,0,103,3,7,0.004700000,0.002700000,0.001100000,0.006600000,0.002400000,0.000700000,0.356100000,0.014100000,0.139300000,0.008200000,0.004300000,0.072400000,0.000100000,0.000000000,0.010500000,0.623200000,0.012300000,3,1,7,7,3,0.084900000,0.003700000,0.035200000,0.045100000,0.011500000,0.007400000,true,true,0.017300000,0.019300000,0.001200000,0.003800000,0.037700000,103,103,0
711,0,1,1920,1080,640,360,ultra-performance,0.560700000,0.016800000,0.177800000,0.003200000,0.258500000,0.021800000,0.110700000,0.611100000,0.162900000,1.924600000,1.363900000,1.923500000,0.001100000,0.002900000,0.017200000,0.010100000,0.147200000,0.003000000,0.058500000,0.002200000,0.195500000,0.000000000,0.000000000,false,disabled,84,0,103,3,7,0.007200000,0.002400000,0.001100000,0.006900000,0.002600000,0.000500000,0.263900000,0.009600000,0.218200000,0.008300000,0.004000000,0.062400000,0.000000000,0.000000000,0.011400000,0.598500000,0.012600000,3,1,7,7,3,0.088900000,0.003500000,0.034500000,0.042100000,0.011300000,0.006700000,true,true,0.017600000,0.023800000,0.001300000,0.003100000,0.037700000,103,103,0
712,1,1,1920,1080,640,360,ultra-performance,0.822800000,0.021400000,0.180100000,0.003100000,0.264400000,0.022800000,0.117400000,0.621400000,0.154000000,2.212200000,1.389400000,2.207400000,0.004800000,0.003700000,0.018600000,0.010600000,0.146600000,0.002800000,0.051200000,0.002200000,0.208700000,0.000000000,0.000000000,false,disabled,84,0,103,3,7,0.007500000,0.002700000,0.001200000,0.006800000,0.003400000,0.000700000,0.323900000,0.015300000,0.144500000,0.009500000,0.005400000,0.079700000,0.000000000,0.000000000,0.009900000,0.610500000,0.010900000,3,1,7,7,3,0.092600000,0.003800000,0.036100000,0.046900000,0.012000000,0.008000000,true,true,0.017700000,0.025400000,0.001500000,0.003600000,0.038700000,103,103,0
713,2,1,1920,1080,640,360,ultra-performance,0.543200000,0.029200000,0.319200000,0.002600000,0.240000000,0.021100000,0.107700000,0.772000000,0.149900000,2.186000000,1.642800000,2.184900000,0.001100000,0.005500000,0.035700000,0.021500000,0.256000000,0.002500000,0.052100000,0.001900000,0.183700000,0.000000000,0.000000000,false,disabled,84,0,103,3,7,0.006000000,0.002100000,0.001100000,0.006600000,0.002800000,0.000500000,0.397900000,0.015600000,0.110300000,0.013400000,0.005800000,0.185700000,0.000000000,0.000000000,0.010900000,0.758700000,0.013300000,3,1,7,7,3,0.081500000,0.003300000,0.033300000,0.040000000,0.010800000,0.006500000,true,true,0.017400000,0.018900000,0.001200000,0.002700000,0.036000000,103,103,0
714,0,1,1920,1080,640,360,ultra-performance,0.525300000,0.020500000,0.178700000,0.003100000,0.263900000,0.022800000,0.117300000,0.469300000,0.190100000,1.792200000,1.266900000,1.791000000,0.001200000,0.003400000,0.018700000,0.009700000,0.146400000,0.002900000,0.057100000,0.002500000,0.202200000,0.000000000,0.000000000,false,disabled,84,0,103,3,7,0.006700000,0.002500000,0.001200000,0.006700000,0.002600000,0.000600000,0.313700000,0.012400000,0.022600000,0.008700000,0.003900000,0.066200000,0.000000000,0.000000000,0.010100000,0.457900000,0.011400000,3,1,7,7,3,0.086800000,0.003700000,0.036400000,0.047000000,0.011600000,0.007800000,true,true,0.017700000,0.019700000,0.001300000,0.003700000,0.038700000,103,103,0
715,1,1,1920,1080,640,360,ultra-performance,0.730900000,0.019300000,0.378300000,0.006300000,0.558000000,0.048500000,0.258100000,0.553500000,0.155300000,2.709500000,1.978600000,2.708200000,0.001300000,0.003300000,0.017800000,0.009600000,0.346900000,0.005700000,0.113900000,0.004800000,0.434100000,0.000000000,0.000000000,false,disabled,84,0,103,3,7,0.011700000,0.005800000,0.002200000,0.008400000,0.002700000,0.000600000,0.344400000,0.014900000,0.058500000,0.008600000,0.004500000,0.068700000,0.000100000,0.000000000,0.011500000,0.542600000,0.010900000,3,1,7,7,3,0.186600000,0.008200000,0.078500000,0.099800000,0.025600000,0.016400000,true,true,0.038600000,0.042800000,0.002200000,0.008200000,0.082600000,103,103,0
716,2,1,1920,1080,640,360,ultra-performance,0.001900000,0.019200000,0.191400000,0.003100000,0.250400000,0.021800000,0.116200000,0.456700000,0.147400000,1.209100000,1.207200000,1.208100000,0.001000000,0.003100000,0.018000000,0.009300000,0.160600000,0.002900000,0.051200000,0.002000000,0.194900000,0.000000000,0.000000000,false,disabled,84,0,103,3,7,0.005800000,0.002700000,0.001100000,0.006800000,0.002400000,0.000400000,0.314600000,0.009100000,0.034100000,0.004600000,0.003100000,0.052300000,0.000100000,0.000000000,0.010500000,0.447600000,0.009100000,3,1,7,7,3,0.084600000,0.003700000,0.034600000,0.044300000,0.011400000,0.007600000,true,true,0.017200000,0.019300000,0.001400000,0.003700000,0.037500000,103,103,0
717,0,1,1920,1080,640,360,ultra-performance,1.401400000,0.061900000,0.402700000,0.006700000,0.293200000,0.024200000,0.122700000,0.492800000,0.159000000,2.965900000,1.564500000,2.964600000,0.001300000,0.007300000,0.039600000,0.022200000,0.332400000,0.005900000,0.079400000,0.002300000,0.208600000,0.000000000,0.000000000,false,disabled,84,0,103,3,7,0.006400000,0.002800000,0.001200000,0.007300000,0.003400000,0.000700000,0.325600000,0.016800000,0.017900000,0.009100000,0.005900000,0.073800000,0.000000000,0.000000000,0.012000000,0.482900000,0.009900000,3,1,7,7,3,0.088100000,0.003900000,0.038100000,0.048500000,0.012800000,0.008000000,true,true,0.018000000,0.020300000,0.001300000,0.003600000,0.039000000,103,103,0
718,1,1,1920,1080,640,360,ultra-performance,0.586400000,0.020100000,0.178800000,0.003100000,0.256100000,0.022000000,0.115800000,0.696700000,0.269700000,2.150000000,1.563600000,2.148700000,0.001300000,0.003000000,0.018500000,0.009800000,0.146800000,0.002900000,0.051300000,0.002200000,0.200300000,0.000000000,0.000000000,false,disabled,84,0,103,3,7,0.004900000,0.002700000,0.001200000,0.006900000,0.002400000,0.000400000,0.381800000,0.010700000,0.188900000,0.007400000,0.003700000,0.067700000,0.000100000,0.000000000,0.010400000,0.689200000,0.007500000,3,1,7,7,3,0.086200000,0.003700000,0.035200000,0.046700000,0.011600000,0.007600000,true,true,0.017600000,0.019900000,0.001300000,0.003700000,0.037900000,103,103,0
719,2,1,1920,1080,640,360,ultra-performance,0.393500000,0.018900000,0.178000000,0.003000000,0.259600000,0.022400000,0.116600000,0.536900000,0.177900000,1.708000000,1.314500000,1.706800000,0.001200000,0.003200000,0.018700000,0.009400000,0.146300000,0.002600000,0.056800000,0.002200000,0.198300000,0.000000000,0.000000000,false,disabled,84,0,103,3,7,0.004400000,0.002700000,0.001100000,0.006800000,0.002600000,0.000600000,0.322800000,0.014600000,0.085100000,0.009600000,0.004800000,0.063300000,0.000100000,0.000000000,0.009900000,0.528400000,0.008500000,3,1,7,7,3,0.084900000,0.003700000,0.035300000,0.046600000,0.011500000,0.007500000,true,true,0.017700000,0.019200000,0.001300000,0.003400000,0.037700000,103,103,0
720,0,1,1920,1080,640,360,ultra-performance,1.085000000,0.040200000,0.396000000,0.006400000,0.555200000,0.025700000,0.119300000,0.741700000,0.210200000,3.180800000,2.095800000,3.179700000,0.001100000,0.007200000,0.040400000,0.021300000,0.326000000,0.005800000,0.114500000,0.004800000,0.433100000,0.000000000,0.000000000,false,disabled,84,0,103,3,7,0.004800000,0.002600000,0.001100000,0.006800000,0.002600000,0.000700000,0.402300000,0.016200000,0.185100000,0.008700000,0.004900000,0.086300000,0.000000000,0.000000000,0.011300000,0.733400000,0.008300000,3,1,7,7,3,0.188900000,0.008400000,0.079900000,0.100800000,0.026000000,0.009800000,true,true,0.039500000,0.042800000,0.002200000,0.008000000,0.083700000,103,103,0
721,1,1,1920,1080,640,360,ultra-performance,0.001700000,0.058900000,0.292400000,0.004200000,0.257400000,0.022200000,0.116800000,0.571600000,0.155700000,1.485800000,1.484100000,1.480900000,0.004900000,0.003400000,0.018300000,0.009700000,0.260400000,0.003500000,0.051400000,0.002300000,0.201200000,0.000000000,0.000000000,false,disabled,84,0,103,3,7,0.004600000,0.003000000,0.001200000,0.007400000,0.002900000,0.000600000,0.303800000,0.017700000,0.112300000,0.009700000,0.005000000,0.082700000,0.000000000,0.000000000,0.010500000,0.561400000,0.010200000,3,1,7,7,3,0.086500000,0.003700000,0.035600000,0.047300000,0.011400000,0.007300000,true,true,0.018100000,0.019400000,0.001500000,0.003900000,0.038000000,103,103,0
722,2,1,1920,1080,640,360,ultra-performance,0.774500000,0.020500000,0.178300000,0.003300000,0.254200000,0.022400000,0.117600000,0.662000000,0.254700000,2.291800000,1.517300000,2.287500000,0.004300000,0.003400000,0.017900000,0.009500000,0.147100000,0.003000000,0.051300000,0.002100000,0.198400000,0.000000000,0.000000000,false,disabled,84,0,103,3,7,0.006300000,0.002700000,0.001100000,0.006700000,0.005100000,0.001300000,0.366600000,0.027100000,0.049100000,0.018000000,0.009500000,0.126100000,0.000100000,0.000000000,0.025400000,0.645100000,0.016900000,3,1,7,7,3,0.086600000,0.003700000,0.035200000,0.045000000,0.011400000,0.007300000,true,true,0.017700000,0.019500000,0.001400000,0.003800000,0.038500000,103,103,0
723,0,1,1920,1080,640,360,ultra-performance,0.788500000,0.020600000,0.179500000,0.003100000,0.255200000,0.023700000,0.117400000,0.596800000,0.150400000,2.136600000,1.348100000,2.135200000,0.001400000,0.003900000,0.018900000,0.010100000,0.146100000,0.002800000,0.051200000,0.002100000,0.199600000,0.000000000,0.000000000,false,disabled,84,0,103,3,7,0.004700000,0.002800000,0.001200000,0.006700000,0.002400000,0.000400000,0.373500000,0.012100000,0.097100000,0.007600000,0.004300000,0.065600000,0.000100000,0.000000000,0.010600000,0.589100000,0.007700000,3,1,7,7,3,0.086000000,0.003800000,0.036400000,0.045100000,0.011600000,0.007700000,true,true,0.017700000,0.019900000,0.001300000,0.003500000,0.038000000,103,103,0
724,1,1,1920,1080,640,360,ultra-performance,0.636600000,0.020400000,0.335900000,0.006100000,0.562500000,0.049600000,0.126300000,0.659300000,0.319200000,2.717500000,2.080900000,2.715900000,0.001600000,0.003200000,0.018200000,0.009600000,0.304000000,0.005500000,0.115400000,0.004800000,0.437600000,0.000000000,0.000000000,false,disabled,84,0,103,3,7,0.004700000,0.002800000,0.001100000,0.006500000,0.002500000,0.000400000,0.389700000,0.010800000,0.134500000,0.007600000,0.004400000,0.071500000,0.000100000,0.000000000,0.010400000,0.647000000,0.012300000,3,1,7,7,3,0.190100000,0.008500000,0.078600000,0.098300000,0.025700000,0.016400000,true,true,0.040200000,0.043300000,0.002000000,0.007600000,0.084200000,103,103,0
725,2,1,1920,1080,640,360,ultra-performance,0.001800000,0.016100000,0.178500000,0.002600000,0.246400000,0.022500000,0.113700000,0.508100000,0.147800000,1.238700000,1.236900000,1.237500000,0.001200000,0.003000000,0.017500000,0.009700000,0.148100000,0.002400000,0.050900000,0.002000000,0.191100000,0.000000000,0.000000000,false,disabled,84,0,103,3,7,0.007200000,0.002800000,0.001200000,0.006700000,0.003500000,0.000600000,0.315300000,0.016100000,0.046900000,0.009300000,0.005900000,0.073500000,0.000000000,0.000000000,0.010700000,0.499700000,0.008400000,3,1,7,7,3,0.086200000,0.003600000,0.034700000,0.039600000,0.011100000,0.007400000,true,true,0.017600000,0.021700000,0.001200000,0.003400000,0.037000000,103,103,0
726,0,1,1920,1080,640,360,ultra-performance,0.677200000,0.015400000,0.182200000,0.002400000,0.240500000,0.021900000,0.109800000,0.586100000,0.136900000,1.973400000,1.296200000,1.972400000,0.001000000,0.002900000,0.016900000,0.009900000,0.152100000,0.002200000,0.050600000,0.002000000,0.185700000,0.000000000,0.000000000,false,disabled,84,0,103,3,7,0.004600000,0.002400000,0.001000000,0.006300000,0.002600000,0.000700000,0.307200000,0.011400000,0.156900000,0.006800000,0.004300000,0.061400000,0.000000000,0.000000000,0.010200000,0.575800000,0.010300000,3,1,7,7,3,0.083800000,0.003300000,0.033400000,0.039300000,0.010900000,0.006700000,true,true,0.017300000,0.019200000,0.001500000,0.003100000,0.037200000,103,103,0
727,1,1,1920,1080,640,360,ultra-performance,1.228300000,0.023400000,0.187300000,0.003500000,0.255700000,0.022700000,0.114900000,0.779100000,0.199400000,2.816800000,1.588500000,2.814300000,0.002500000,0.003700000,0.018600000,0.010000000,0.154500000,0.003100000,0.051500000,0.002100000,0.199700000,0.000000000,0.000000000,false,disabled,84,0,103,3,7,0.005900000,0.002600000,0.001000000,0.006500000,0.005300000,0.001400000,0.383400000,0.020000000,0.185500000,0.013700000,0.007300000,0.104600000,0.000100000,0.000000000,0.024900000,0.762200000,0.016900000,3,1,7,7,3,0.088200000,0.003600000,0.035500000,0.044100000,0.011500000,0.007500000,true,true,0.021500000,0.019700000,0.001200000,0.003500000,0.036800000,103,103,0
728,2,1,1920,1080,640,360,ultra-performance,0.364800000,0.014800000,0.210400000,0.002800000,0.243200000,0.021700000,0.109500000,0.719500000,0.175800000,1.863700000,1.498900000,1.862500000,0.001200000,0.007500000,0.016900000,0.010200000,0.175300000,0.002600000,0.051300000,0.002000000,0.187900000,0.000000000,0.000000000,false,disabled,84,0,103,3,7,0.004700000,0.002300000,0.000900000,0.006700000,0.003300000,0.000800000,0.375300000,0.015600000,0.192300000,0.009700000,0.006600000,0.078500000,0.000000000,0.000000000,0.010400000,0.707100000,0.012400000,3,1,7,7,3,0.084100000,0.003300000,0.034400000,0.039700000,0.011100000,0.006800000,true,true,0.017300000,0.019600000,0.001100000,0.003000000,0.037300000,103,103,0
729,0,1,1920,1080,640,360,ultra-performance,0.613600000,0.021300000,0.180100000,0.003100000,0.262900000,0.022600000,0.115500000,0.700500000,0.150400000,2.071100000,1.457500000,2.070000000,0.001100000,0.003800000,0.018700000,0.010500000,0.146700000,0.002800000,0.050700000,0.002100000,0.207600000,0.000000000,0.000000000,false,disabled,84,0,103,3,7,0.012800000,0.002800000,0.001200000,0.006400000,0.007100000,0.001400000,0.356600000,0.016200000,0.157100000,0.013500000,0.009100000,0.096900000,0.000000000,0.000000000,0.009900000,0.691000000,0.009500000,3,1,7,7,3,0.094600000,0.003800000,0.036300000,0.044800000,0.011400000,0.007800000,true,true,0.017000000,0.025800000,0.001600000,0.004700000,0.039800000,103,103,0
730,1,1,1920,1080,640,360,ultra-performance,0.537200000,0.027600000,0.290800000,0.002600000,0.238100000,0.021400000,0.108300000,0.636400000,0.160500000,2.028100000,1.490900000,2.022900000,0.005200000,0.005800000,0.036100000,0.021600000,0.226500000,0.002500000,0.050900000,0.001900000,0.183100000,0.000000000,0.000000000,false,disabled,84,0,103,3,7,0.004800000,0.002500000,0.001100000,0.006300000,0.002700000,0.001100000,0.421500000,0.013100000,0.069400000,0.008600000,0.005100000,0.075200000,0.000000000,0.000000000,0.011600000,0.623000000,0.013400000,3,1,7,7,3,0.083300000,0.003200000,0.033800000,0.037500000,0.010700000,0.006400000,true,true,0.017100000,0.019200000,0.001400000,0.002800000,0.037300000,103,103,0
731,2,1,1920,1080,640,360,ultra-performance,0.744200000,0.019300000,0.178300000,0.003000000,0.249700000,0.022300000,0.116300000,0.569300000,0.150900000,2.054600000,1.310400000,2.053300000,0.001300000,0.003100000,0.018200000,0.009800000,0.146700000,0.002800000,0.051700000,0.002300000,0.193400000,0.000000000,0.000000000,false,disabled,84,0,103,3,7,0.007200000,0.002700000,0.001200000,0.006600000,0.002500000,0.000600000,0.341800000,0.012700000,0.049600000,0.011900000,0.004300000,0.107800000,0.000100000,0.000000000,0.011000000,0.560000000,0.009300000,3,1,7,7,3,0.084400000,0.003700000,0.035500000,0.042200000,0.011300000,0.007300000,true,true,0.017000000,0.019400000,0.001300000,0.003900000,0.037300000,103,103,0
732,0,1,1920,1080,640,360,ultra-performance,0.536700000,0.016600000,0.185300000,0.003000000,0.249600000,0.022500000,0.117900000,0.697400000,0.155400000,1.985500000,1.448800000,1.984400000,0.001100000,0.002800000,0.017300000,0.009700000,0.155000000,0.002700000,0.053500000,0.002100000,0.191900000,0.000000000,0.000000000,false,disabled,84,0,103,3,7,0.004700000,0.002400000,0.001000000,0.006800000,0.002500000,0.000600000,0.397600000,0.024300000,0.104800000,0.016300000,0.007400000,0.108600000,0.000000000,0.000000000,0.010300000,0.687300000,0.010100000,3,1,7,7,3,0.085900000,0.003700000,0.034900000,0.040300000,0.011500000,0.006900000,true,true,0.017000000,0.020300000,0.001300000,0.003300000,0.038400000,103,103,0
733,1,1,1920,1080,640,360,ultra-performance,0.800300000,0.023200000,0.178700000,0.002700000,0.261900000,0.022500000,0.117800000,0.645900000,0.153000000,2.207100000,1.406800000,2.206000000,0.001100000,0.003700000,0.018600000,0.009900000,0.146000000,0.002400000,0.051300000,0.002200000,0.206100000,0.000000000,0.000000000,false,disabled,84,0,103,3,7,0.004700000,0.002800000,0.001300000,0.006600000,0.002500000,0.000400000,0.317800000,0.012700000,0.191200000,0.008300000,0.004400000,0.070400000,0.000100000,0.000000000,0.011400000,0.634600000,0.011300000,3,1,7,7,3,0.094500000,0.003800000,0.035600000,0.044300000,0.011400000,0.007500000,true,true,0.018000000,0.019100000,0.001200000,0.003600000,0.038100000,103,103,0
734,2,1,1920,1080,640,360,ultra-performance,0.712000000,0.014600000,0.181800000,0.002600000,0.244600000,0.020900000,0.107100000,0.640800000,0.174200000,2.099800000,1.387800000,2.098600000,0.001200000,0.002800000,0.016600000,0.010000000,0.151900000,0.002400000,0.050300000,0.001900000,0.190100000,0.000000000,0.000000000,false,disabled,84,0,103,3,7,0.006100000,0.002200000,0.001000000,0.006400000,0.002900000,0.000600000,0.368400000,0.010000000,0.151900000,0.006400000,0.003800000,0.060500000,0.000000000,0.000000000,0.010400000,0.630600000,0.010200000,3,1,7,7,3,0.088600000,0.003500000,0.034200000,0.037600000,0.011000000,0.006700000,true,true,0.017600000,0.023600000,0.001300000,0.002600000,0.037900000,103,103,0
735,0,1,1920,1080,640,360,ultra-performance,0.913000000,0.018000000,0.208800000,0.002800000,0.264500000,0.035800000,0.115400000,0.587200000,0.156100000,2.302600000,1.389600000,2.301600000,0.001000000,0.003300000,0.018400000,0.009900000,0.176600000,0.002400000,0.051600000,0.002300000,0.208200000,0.000000000,0.000000000,false,disabled,84,0,103,3,7,0.007000000,0.002500000,0.001100000,0.006700000,0.002300000,0.000400000,0.313500000,0.011100000,0.154200000,0.008100000,0.004100000,0.057200000,0.000000000,0.000000000,0.010600000,0.578800000,0.008400000,3,1,7,7,3,0.086800000,0.003700000,0.036800000,0.052600000,0.011600000,0.007300000,true,true,0.017800000,0.019400000,0.001200000,0.003300000,0.039500000,103,103,0
736,1,1,1920,1080,640,360,ultra-performance,0.577400000,0.018200000,0.183100000,0.003300000,0.245100000,0.023300000,0.113200000,0.577600000,0.152600000,1.894800000,1.317400000,1.893800000,0.001000000,0.003100000,0.023900000,0.009700000,0.146000000,0.002900000,0.051400000,0.002000000,0.189400000,0.000000000,0.000000000,false,disabled,84,0,103,3,7,0.004800000,0.002900000,0.001100000,0.006800000,0.002500000,0.000600000,0.357600000,0.015000000,0.051200000,0.008800000,0.004600000,0.100000000,0.000000000,0.000000000,0.011500000,0.567400000,0.010200000,3,1,7,7,3,0.085000000,0.003600000,0.034200000,0.039900000,0.011000000,0.007200000,true,true,0.017300000,0.019100000,0.001200000,0.003400000,0.038500000,103,103,0
737,2,1,1920,1080,640,360,ultra-performance,1.111900000,0.046600000,0.403300000,0.006200000,0.525100000,0.048200000,0.143900000,0.859200000,0.148400000,3.294000000,2.182100000,3.292800000,0.001200000,0.005900000,0.042400000,0.027700000,0.326100000,0.005700000,0.113900000,0.003800000,0.402900000,0.000000000,0.000000000,false,disabled,84,0,103,3,7,0.005600000,0.002300000,0.001100000,0.006700000,0.003000000,0.000600000,0.351700000,0.014400000,0.283600000,0.009000000,0.004800000,0.150500000,0.000000000,0.000000000,0.010900000,0.844200000,0.015000000,3,1,7,7,3,0.182100000,0.007600000,0.072900000,0.084200000,0.023800000,0.014300000,true,true,0.038500000,0.042500000,0.002100000,0.005800000,0.081100000,103,103,0
738,0,1,1920,1080,640,360,ultra-performance,0.001700000,0.017500000,0.184700000,0.003100000,0.258000000,0.022800000,0.118500000,0.481200000,0.138600000,1.227300000,1.225600000,1.226100000,0.001200000,0.003200000,0.017800000,0.009600000,0.153400000,0.002900000,0.051700000,0.002300000,0.201700000,0.000000000,0.000000000,false,disabled,84,0,103,3,7,0.007000000,0.002600000,0.001200000,0.006800000,0.002200000,0.000400000,0.343400000,0.010700000,0.011400000,0.007100000,0.003900000,0.065900000,0.000000000,0.000000000,0.010700000,0.473300000,0.007900000,3,1,7,7,3,0.091000000,0.003700000,0.036300000,0.042400000,0.011800000,0.007800000,true,true,0.018100000,0.023600000,0.001300000,0.003800000,0.038400000,103,103,0
739,1,1,1920,1080,640,360,ultra-performance,1.292300000,0.019900000,0.316400000,0.008700000,0.571400000,0.049900000,0.270500000,0.867400000,0.154800000,3.552900000,2.260600000,3.551300000,0.001600000,0.003200000,0.018500000,0.009700000,0.284000000,0.007800000,0.120200000,0.005100000,0.440900000,0.000000000,0.000000000,false,disabled,84,0,103,3,7,0.010500000,0.006000000,0.002700000,0.015400000,0.003000000,0.000800000,0.379700000,0.015600000,0.314200000,0.011000000,0.005900000,0.077900000,0.000100000,0.000000000,0.011300000,0.854100000,0.013300000,3,1,7,7,3,0.190200000,0.008600000,0.080300000,0.099200000,0.025800000,0.017000000,true,true,0.039200000,0.043800000,0.002200000,0.007700000,0.084600000,103,103,0
740,2,1,1920,1080,640,360,ultra-performance,0.001800000,0.019400000,0.193200000,0.003100000,0.257300000,0.022600000,0.117400000,0.777800000,0.149200000,1.546400000,1.544600000,1.541800000,0.004600000,0.003100000,0.017800000,0.010000000,0.161900000,0.002800000,0.052000000,0.002200000,0.200700000,0.000000000,0.000000000,false,disabled,84,0,103,3,7,0.006900000,0.002700000,0.001200000,0.006700000,0.005600000,0.001600000,0.582600000,0.024500000,0.012700000,0.010000000,0.005500000,0.097800000,0.000100000,0.000000000,0.011200000,0.769100000,0.008700000,3,1,7,7,3,0.091100000,0.003900000,0.035400000,0.042400000,0.011700000,0.007600000,true,true,0.017800000,0.023700000,0.001300000,0.003600000,0.038800000,103,103,0
741,0,1,1920,1080,640,360,ultra-performance,0.432900000,0.019500000,0.178600000,0.002700000,0.250500000,0.022000000,0.116900000,0.530400000,0.218400000,1.773300000,1.340400000,1.771900000,0.001400000,0.003600000,0.018700000,0.009700000,0.146200000,0.002400000,0.051000000,0.002100000,0.195200000,0.000000000,0.000000000,false,disabled,84,0,103,3,7,0.004800000,0.002700000,0.001300000,0.006200000,0.002700000,0.000500000,0.296100000,0.014100000,0.094200000,0.008700000,0.004700000,0.065600000,0.000000000,0.000000000,0.016200000,0.517800000,0.012600000,3,1,7,7,3,0.084300000,0.003700000,0.035500000,0.044200000,0.011200000,0.007500000,true,true,0.016800000,0.019300000,0.001300000,0.003800000,0.037500000,103,103,0
742,1,1,1920,1080,640,360,ultra-performance,1.198500000,0.024400000,0.179900000,0.002500000,0.254200000,0.022200000,0.126100000,0.710000000,0.154700000,2.673800000,1.475300000,2.672500000,0.001300000,0.003700000,0.018700000,0.009900000,0.147300000,0.002100000,0.051500000,0.002500000,0.197900000,0.000000000,0.000000000,false,disabled,84,0,103,3,7,0.006600000,0.002700000,0.001200000,0.006400000,0.003400000,0.000600000,0.348500000,0.024100000,0.117400000,0.015900000,0.006700000,0.156300000,0.000000000,0.000000000,0.010500000,0.700300000,0.009700000,3,1,7,7,3,0.086700000,0.003700000,0.035100000,0.044200000,0.011300000,0.007600000,true,true,0.017500000,0.019900000,0.001300000,0.003500000,0.038700000,103,103,0
743,2,1,1920,1080,640,360,ultra-performance,0.467400000,0.015600000,0.176600000,0.002400000,0.244500000,0.021400000,0.108300000,0.447700000,0.179200000,1.664100000,1.196700000,1.663100000,0.001000000,0.002900000,0.016500000,0.009400000,0.147100000,0.002200000,0.051100000,0.002000000,0.189200000,0.000000000,0.000000000,false,disabled,84,0,103,3,7,0.004400000,0.002200000,0.001000000,0.006500000,0.002200000,0.000300000,0.300000000,0.010100000,0.025800000,0.007600000,0.004000000,0.064600000,0.000000000,0.000000000,0.011500000,0.440200000,0.007500000,3,1,7,7,3,0.084700000,0.003400000,0.032800000,0.036800000,0.016500000,0.006500000,true,true,0.017400000,0.019200000,0.001300000,0.002900000,0.038200000,103,103,0
744,0,1,1920,1080,640,360,ultra-performance,1.087100000,0.017300000,0.182500000,0.002700000,0.245000000,0.021600000,0.113900000,0.606800000,0.151600000,2.429900000,1.342800000,2.428500000,0.001400000,0.003000000,0.017300000,0.009600000,0.152200000,0.002500000,0.051200000,0.002000000,0.189500000,0.000000000,0.000000000,false,disabled,84,0,103,3,7,0.004300000,0.002500000,0.001200000,0.006700000,0.002500000,0.000600000,0.361000000,0.015000000,0.052600000,0.017100000,0.007500000,0.107000000,0.000100000,0.000000000,0.017000000,0.595100000,0.011700000,3,1,7,7,3,0.086200000,0.003500000,0.033700000,0.039400000,0.011100000,0.007100000,true,true,0.017300000,0.019500000,0.001400000,0.003200000,0.038700000,103,103,0
745,1,1,1920,1080,640,360,ultra-performance,0.639200000,0.015100000,0.175700000,0.002400000,0.240100000,0.021600000,0.105700000,0.633600000,0.161300000,1.996000000,1.356800000,1.994700000,0.001300000,0.002700000,0.016400000,0.009200000,0.146900000,0.002100000,0.051100000,0.001800000,0.185000000,0.000000000,0.000000000,false,disabled,84,0,103,3,7,0.005000000,0.002100000,0.001000000,0.006600000,0.002800000,0.000400000,0.382700000,0.010200000,0.117300000,0.007800000,0.004100000,0.068600000,0.000100000,0.000000000,0.011700000,0.620400000,0.013200000,3,1,7,7,3,0.084700000,0.003300000,0.033800000,0.037600000,0.010600000,0.006300000,true,true,0.017000000,0.019100000,0.001600000,0.002700000,0.038300000,103,103,0
746,2,1,1920,1080,640,360,ultra-performance,0.924300000,0.032600000,0.395100000,0.006100000,0.333700000,0.021600000,0.113700000,0.614100000,0.147000000,2.589600000,1.665300000,2.588200000,0.001400000,0.006400000,0.036700000,0.021200000,0.330000000,0.005500000,0.113400000,0.004200000,0.213600000,0.000000000,0.000000000,false,disabled,84,0,103,3,7,0.005300000,0.002600000,0.001200000,0.006600000,0.002200000,0.000700000,0.360000000,0.016600000,0.104800000,0.010900000,0.004800000,0.076400000,0.000000000,0.000000000,0.011300000,0.603400000,0.010700000,3,1,7,7,3,0.100700000,0.003600000,0.033800000,0.039200000,0.011400000,0.007400000,true,true,0.031600000,0.019100000,0.002400000,0.003400000,0.038300000,103,103,0
747,0,1,1920,1080,640,360,ultra-performance,0.199100000,0.016700000,0.177100000,0.002800000,0.250500000,0.021400000,0.112800000,0.679000000,0.165500000,1.626200000,1.427100000,1.624900000,0.001300000,0.003000000,0.017000000,0.009500000,0.147200000,0.002600000,0.050900000,0.001800000,0.195500000,0.000000000,0.000000000,false,disabled,84,0,103,3,7,0.004900000,0.002600000,0.001000000,0.006600000,0.002200000,0.000300000,0.406500000,0.013400000,0.134000000,0.007600000,0.003400000,0.076100000,0.000000000,0.000000000,0.012200000,0.670800000,0.008200000,3,1,7,7,3,0.084600000,0.003600000,0.041100000,0.039800000,0.011200000,0.007100000,true,true,0.017300000,0.019300000,0.001200000,0.003300000,0.038100000,103,103,0
748,1,1,1920,1080,640,360,ultra-performance,1.176900000,0.059100000,0.192100000,0.003300000,0.255100000,0.022900000,0.118500000,0.765400000,0.173100000,2.767700000,1.590800000,2.766400000,0.001300000,0.007700000,0.026200000,0.010100000,0.147600000,0.003000000,0.050500000,0.002200000,0.199800000,0.000000000,0.000000000,false,disabled,84,0,103,3,7,0.004300000,0.002700000,0.001100000,0.006200000,0.003500000,0.000700000,0.405900000,0.024100000,0.175200000,0.012500000,0.006300000,0.100400000,0.000100000,0.000000000,0.012500000,0.755500000,0.009900000,3,1,7,7,3,0.087400000,0.003600000,0.035800000,0.044300000,0.011800000,0.007700000,true,true,0.017500000,0.020100000,0.001300000,0.003500000,0.039000000,103,103,0
749,2,1,1920,1080,640,360,ultra-performance,0.286900000,0.017200000,0.176700000,0.002700000,0.250700000,0.022200000,0.117600000,0.563600000,0.174000000,1.616900000,1.330000000,1.611600000,0.005300000,0.003100000,0.017200000,0.009600000,0.146500000,0.002500000,0.050600000,0.001900000,0.196000000,0.000000000,0.000000000,false,disabled,84,0,103,3,7,0.004500000,0.002900000,0.001200000,0.006600000,0.002400000,0.000700000,0.398900000,0.010300000,0.038700000,0.006900000,0.004100000,0.064600000,0.000100000,0.000000000,0.012000000,0.553900000,0.009700000,3,1,7,7,3,0.083400000,0.008800000,0.034500000,0.042300000,0.011200000,0.007000000,true,true,0.017100000,0.019200000,0.001300000,0.002700000,0.037500000,103,103,0
750,0,1,1920,1080,640,360,ultra-performance,0.745900000,0.034900000,0.187900000,0.002600000,0.249600000,0.023000000,0.117000000,0.688800000,0.174300000,2.225200000,1.479300000,2.224000000,0.001200000,0.005000000,0.017400000,0.009400000,0.155400000,0.002300000,0.052800000,0.002000000,0.192400000,0.000000000,0.000000000,false,disabled,84,0,103,3,7,0.004800000,0.002500000,0.001100000,0.006600000,0.002400000,0.000700000,0.443600000,0.016600000,0.040100000,0.017400000,0.007600000,0.119100000,0.000100000,0.000000000,0.015400000,0.678000000,0.010800000,3,1,7,7,3,0.086800000,0.003700000,0.034400000,0.039900000,0.011500000,0.007200000,true,true,0.017100000,0.020200000,0.001300000,0.003300000,0.039200000,103,103,0
751,1,1,1920,1080,640,360,ultra-performance,0.580600000,0.029500000,0.413500000,0.005100000,0.506500000,0.021400000,0.108800000,0.605800000,0.156000000,2.428500000,1.847900000,2.427200000,0.001300000,0.005900000,0.035200000,0.020600000,0.350800000,0.004600000,0.120000000,0.003800000,0.380300000,0.000000000,0.000000000,false,disabled,84,0,103,3,7,0.004300000,0.002100000,0.001100000,0.006400000,0.002300000,0.000300000,0.257600000,0.009500000,0.164400000,0.006700000,0.003700000,0.128400000,0.000000000,0.000000000,0.011700000,0.598500000,0.007300000,3,1,7,7,3,0.185900000,0.007700000,0.071200000,0.081400000,0.011200000,0.006000000,true,true,0.037100000,0.045100000,0.002000000,0.005900000,0.083200000,103,103,0
752,2,1,1920,1080,640,360,ultra-performance,0.358300000,0.018300000,0.185100000,0.002800000,0.254100000,0.022000000,0.116200000,0.599800000,0.141000000,1.698900000,1.340600000,1.697600000,0.001300000,0.003100000,0.017100000,0.009500000,0.154900000,0.002500000,0.052600000,0.002000000,0.197200000,0.000000000,0.000000000,false,disabled,84,0,103,3,7,0.004200000,0.002600000,0.001100000,0.006600000,0.002600000,0.000400000,0.301900000,0.016200000,0.148600000,0.010200000,0.004700000,0.076300000,0.000100000,0.000000000,0.012000000,0.587500000,0.012300000,3,1,7,7,3,0.093700000,0.003600000,0.034100000,0.039200000,0.011400000,0.006800000,true,true,0.024700000,0.020000000,0.001200000,0.003400000,0.038800000,103,103,0
753,0,1,1920,1080,640,360,ultra-performance,0.672100000,0.020200000,0.179800000,0.003200000,0.261800000,0.024700000,0.123000000,0.578800000,0.157500000,2.022300000,1.350200000,2.021100000,0.001200000,0.003200000,0.017800000,0.009700000,0.148600000,0.002900000,0.052800000,0.002400000,0.204000000,0.000000000,0.000000000,false,disabled,84,0,103,3,7,0.005300000,0.002800000,0.001300000,0.007100000,0.003400000,0.000600000,0.251800000,0.019900000,0.170900000,0.012000000,0.005900000,0.075100000,0.000100000,0.000000000,0.012100000,0.568300000,0.010500000,3,1,7,7,3,0.087200000,0.004000000,0.037000000,0.045900000,0.012500000,0.008200000,true,true,0.018200000,0.019600000,0.001500000,0.002400000,0.039100000,103,103,0
754,1,1,1920,1080,640,360,ultra-performance,1.031400000,0.019200000,0.178700000,0.002900000,0.255900000,0.022100000,0.126200000,0.642500000,0.214200000,2.495700000,1.464300000,2.493100000,0.002600000,0.003300000,0.018200000,0.009800000,0.146900000,0.002600000,0.051200000,0.002200000,0.200100000,0.000000000,0.000000000,false,disabled,84,0,103,3,7,0.004600000,0.002800000,0.001200000,0.006600000,0.005600000,0.001400000,0.336000000,0.019000000,0.095000000,0.012500000,0.006300000,0.108500000,0.000000000,0.000000000,0.027300000,0.626800000,0.015700000,3,1,7,7,3,0.087100000,0.003700000,0.035700000,0.044300000,0.012100000,0.007600000,true,true,0.017200000,0.019900000,0.001200000,0.003700000,0.039200000,103,103,0
755,2,1,1920,1080,640,360,ultra-performance,0.379900000,0.020300000,0.185800000,0.003100000,0.257900000,0.024300000,0.121700000,0.565900000,0.156800000,1.717200000,1.337300000,1.715700000,0.001500000,0.003300000,0.018200000,0.009900000,0.153800000,0.002800000,0.052000000,0.002300000,0.201500000,0.000000000,0.000000000,false,disabled,84,0,103,3,7,0.004400000,0.002900000,0.001300000,0.006800000,0.002600000,0.000600000,0.322400000,0.014600000,0.095800000,0.009000000,0.004400000,0.080100000,0.000000000,0.000000000,0.012500000,0.557400000,0.008500000,3,1,7,7,3,0.087700000,0.003800000,0.036800000,0.044000000,0.012200000,0.007600000,true,true,0.018300000,0.019500000,0.001300000,0.003600000,0.039100000,103,103,0
756,0,1,1920,1080,640,360,ultra-performance,0.843400000,0.019400000,0.179300000,0.002700000,0.251000000,0.022300000,0.118500000,0.715100000,0.145500000,2.298400000,1.455000000,2.297200000,0.001200000,0.003300000,0.017800000,0.009800000,0.147900000,0.002400000,0.051600000,0.002100000,0.195200000,0.000000000,0.000000000,false,disabled,84,0,103,3,7,0.004400000,0.002600000,0.001100000,0.006600000,0.006100000,0.001100000,0.347700000,0.012100000,0.167100000,0.009700000,0.005400000,0.126700000,0.000100000,0.000000000,0.012000000,0.702700000,0.012400000,3,1,7,7,3,0.086500000,0.003800000,0.035000000,0.042200000,0.011600000,0.007400000,true,true,0.017300000,0.020100000,0.001200000,0.003500000,0.038500000,103,103,0
757,1,1,1920,1080,640,360,ultra-performance,0.535900000,0.020100000,0.265900000,0.006700000,0.578500000,0.051500000,0.262500000,0.502800000,0.162200000,2.387600000,1.851700000,2.386100000,0.001500000,0.003600000,0.017700000,0.009900000,0.234000000,0.006000000,0.118000000,0.005100000,0.450400000,0.000000000,0.000000000,false,disabled,84,0,103,3,7,0.010900000,0.006000000,0.002900000,0.015300000,0.002600000,0.000700000,0.302500000,0.014400000,0.032700000,0.009000000,0.004300000,0.078300000,0.000100000,0.000000000,0.012500000,0.492200000,0.010600000,3,1,7,7,3,0.193000000,0.008500000,0.083100000,0.101200000,0.028100000,0.017600000,true,true,0.038800000,0.043700000,0.003400000,0.004800000,0.088100000,103,103,0
758,2,1,1920,1080,640,360,ultra-performance,0.001900000,0.017400000,0.177800000,0.002800000,0.258500000,0.022600000,0.117900000,0.449500000,0.152600000,1.205900000,1.204000000,1.201000000,0.004900000,0.003100000,0.017300000,0.009700000,0.147200000,0.002600000,0.051200000,0.002100000,0.203000000,0.000000000,0.000000000,false,disabled,84,0,103,3,7,0.005200000,0.002700000,0.001100000,0.006600000,0.002300000,0.000700000,0.256500000,0.013800000,0.060500000,0.008400000,0.004200000,0.068500000,0.000100000,0.000000000,0.011000000,0.441600000,0.007900000,3,1,7,7,3,0.086200000,0.003700000,0.035100000,0.050000000,0.011700000,0.007500000,true,true,0.017200000,0.019400000,0.001400000,0.003500000,0.038800000,103,103,0
759,0,1,1920,1080,640,360,ultra-performance,1.188600000,0.044700000,0.402600000,0.006700000,0.535700000,0.025900000,0.127300000,0.596800000,0.162400000,3.092100000,1.903500000,3.090700000,0.001400000,0.007800000,0.040500000,0.021900000,0.331400000,0.005900000,0.116800000,0.005100000,0.409700000,0.000000000,0.000000000,false,disabled,84,0,103,3,7,0.004400000,0.002800000,0.001300000,0.016200000,0.002400000,0.000600000,0.201300000,0.015400000,0.260200000,0.006700000,0.003700000,0.062500000,0.000100000,0.000000000,0.011800000,0.589400000,0.007400000,3,1,7,7,3,0.195200000,0.008900000,0.080700000,0.080900000,0.015600000,0.010400000,true,true,0.038900000,0.044300000,0.002100000,0.007600000,0.088200000,103,103,0
760,1,1,1920,1080,640,360,ultra-performance,0.322200000,0.019200000,0.188400000,0.003100000,0.253200000,0.022500000,0.119000000,0.603200000,0.144000000,1.676000000,1.353800000,1.674800000,0.001200000,0.003300000,0.017400000,0.009900000,0.157300000,0.002800000,0.051200000,0.002200000,0.197400000,0.000000000,0.000000000,false,disabled,84,0,103,3,7,0.004300000,0.002600000,0.001100000,0.006800000,0.002500000,0.000400000,0.330000000,0.013900000,0.136000000,0.008500000,0.004600000,0.072200000,0.000100000,0.000000000,0.011700000,0.594700000,0.008500000,3,1,7,7,3,0.087000000,0.003800000,0.035600000,0.042600000,0.011600000,0.007800000,true,true,0.017600000,0.019500000,0.001300000,0.003500000,0.039100000,103,103,0
761,2,1,1920,1080,640,360,ultra-performance,0.580700000,0.016800000,0.182300000,0.002800000,0.250100000,0.022000000,0.117000000,0.603700000,0.154100000,1.931100000,1.350400000,1.929500000,0.001600000,0.003100000,0.017100000,0.009500000,0.152200000,0.002500000,0.053300000,0.002200000,0.192400000,0.000000000,0.000000000,false,disabled,84,0,103,3,7,0.004200000,0.002500000,0.001200000,0.006700000,0.002600000,0.000500000,0.329600000,0.014100000,0.137700000,0.008900000,0.004600000,0.069400000,0.000000000,0.000000000,0.012200000,0.594200000,0.009500000,3,1,7,7,3,0.086100000,0.003800000,0.035200000,0.040300000,0.011700000,0.007000000,true,true,0.017800000,0.020100000,0.001200000,0.003200000,0.038000000,103,103,0
762,0,1,1920,1080,640,360,ultra-performance,0.915500000,0.021800000,0.187600000,0.002900000,0.252300000,0.022600000,0.120400000,0.554900000,0.147700000,2.227100000,1.311600000,2.225700000,0.001400000,0.003300000,0.017500000,0.011700000,0.154700000,0.002600000,0.050900000,0.002300000,0.196800000,0.000000000,0.000000000,false,disabled,84,0,103,3,7,0.004400000,0.002700000,0.001200000,0.006800000,0.002900000,0.000600000,0.333100000,0.016700000,0.064100000,0.009000000,0.011300000,0.074700000,0.000100000,0.000000000,0.011700000,0.539300000,0.015600000,3,1,7,7,3,0.086500000,0.003900000,0.035300000,0.042700000,0.011700000,0.007700000,true,true,0.017300000,0.019600000,0.001200000,0.003800000,0.038600000,103,103,0
763,1,1,1920,1080,640,360,ultra-performance,0.809100000,0.023100000,0.179700000,0.003200000,0.257100000,0.023800000,0.127100000,0.710000000,0.152800000,2.287700000,1.478600000,2.285900000,0.001800000,0.003900000,0.018700000,0.009900000,0.146900000,0.002900000,0.051800000,0.002400000,0.200500000,0.000000000,0.000000000,false,disabled,84,0,103,3,7,0.008100000,0.003100000,0.001300000,0.006600000,0.007300000,0.001500000,0.298500000,0.021200000,0.189500000,0.014000000,0.009200000,0.124500000,0.000000000,0.000000000,0.012200000,0.697000000,0.013000000,3,1,7,7,3,0.087300000,0.003800000,0.036200000,0.044900000,0.011400000,0.007800000,true,true,0.017700000,0.019600000,0.001300000,0.003500000,0.039200000,103,103,0
764,2,1,1920,1080,640,360,ultra-performance,0.619300000,0.031200000,0.397400000,0.005700000,0.554200000,0.047500000,0.162300000,0.849300000,0.161900000,2.830100000,2.210800000,2.828800000,0.001300000,0.006700000,0.038500000,0.022500000,0.328600000,0.005200000,0.114800000,0.004700000,0.430300000,0.000000000,0.000000000,false,disabled,84,0,103,3,7,0.005100000,0.002700000,0.001100000,0.006700000,0.002500000,0.000600000,0.420800000,0.015800000,0.257200000,0.009500000,0.005500000,0.097600000,0.000000000,0.000000000,0.011900000,0.837000000,0.012300000,3,1,7,7,3,0.190600000,0.008100000,0.077600000,0.093100000,0.025700000,0.016700000,true,true,0.038000000,0.045700000,0.002000000,0.007600000,0.084100000,103,103,0
765,0,1,1920,1080,640,360,ultra-performance,0.001700000,0.018000000,0.178000000,0.002400000,0.252000000,0.022400000,0.117400000,0.535700000,0.143100000,1.271800000,1.270100000,1.270700000,0.001100000,0.003000000,0.017800000,0.009400000,0.147200000,0.002200000,0.051400000,0.002100000,0.196300000,0.000000000,0.000000000,false,disabled,84,0,103,3,7,0.005200000,0.002600000,0.001200000,0.006900000,0.002200000,0.000300000,0.225200000,0.010900000,0.187500000,0.007400000,0.003700000,0.062600000,0.000000000,0.000000000,0.012100000,0.527800000,0.007900000,3,1,7,7,3,0.088400000,0.003800000,0.034700000,0.041900000,0.011500000,0.007600000,true,true,0.017400000,0.021700000,0.001300000,0.003400000,0.039000000,103,103,0
766,1,1,1920,1080,640,360,ultra-performance,0.699600000,0.016600000,0.175900000,0.002900000,0.244900000,0.021200000,0.116200000,0.458400000,0.143400000,1.880200000,1.180600000,1.879100000,0.001100000,0.003100000,0.016900000,0.009300000,0.146100000,0.002700000,0.051400000,0.002000000,0.189300000,0.000000000,0.000000000,false,disabled,84,0,103,3,7,0.004300000,0.002500000,0.001100000,0.006600000,0.002200000,0.000500000,0.301200000,0.010400000,0.040100000,0.006900000,0.004500000,0.055500000,0.000100000,0.000000000,0.011600000,0.447500000,0.010900000,3,1,7,7,3,0.085200000,0.003800000,0.034000000,0.039300000,0.011400000,0.007200000,true,true,0.016700000,0.019700000,0.001200000,0.003200000,0.038700000,103,103,0
767,2,1,1920,1080,640,360,ultra-performance,1.080800000,0.031400000,0.177600000,0.002700000,0.253300000,0.022200000,0.118400000,0.623700000,0.160900000,2.476500000,1.395700000,2.471000000,0.005500000,0.003700000,0.018100000,0.009600000,0.145800000,0.002400000,0.051400000,0.002200000,0.197400000,0.000000000,0.000000000,false,disabled,84,0,103,3,7,0.004800000,0.002800000,0.001400000,0.006600000,0.002500000,0.000400000,0.320400000,0.014600000,0.155800000,0.009200000,0.004900000,0.077800000,0.000000000,0.000000000,0.011900000,0.613100000,0.010600000,3,1,7,7,3,0.086600000,0.003900000,0.035200000,0.044100000,0.011500000,0.007400000,true,true,0.017400000,0.019300000,0.001300000,0.003800000,0.038900000,103,103,0
768,0,1,1920,1080,640,360,ultra-performance,0.516800000,0.018100000,0.180200000,0.003000000,0.263900000,0.023300000,0.120400000,1.030600000,0.225800000,2.385300000,1.868500000,2.382100000,0.003200000,0.003200000,0.017700000,0.010300000,0.148400000,0.002700000,0.051400000,0.002300000,0.207900000,0.000000000,0.000000000,false,disabled,84,0,103,3,7,0.005100000,0.002800000,0.001200000,0.006900000,0.009300000,0.002100000,0.594400000,0.031200000,0.166400000,0.015900000,0.008500000,0.119300000,0.000100000,0.000000000,0.034800000,0.998000000,0.032600000,3,1,7,7,3,0.088500000,0.003800000,0.042000000,0.044400000,0.012000000,0.007800000,true,true,0.018200000,0.019400000,0.001200000,0.003500000,0.040100000,103,103,0
769,1,1,1920,1080,640,360,ultra-performance,0.426000000,0.022700000,0.182500000,0.002900000,0.265300000,0.027900000,0.125600000,0.632900000,0.152000000,1.839600000,1.413600000,1.837800000,0.001800000,0.004000000,0.018800000,0.010000000,0.149200000,0.002500000,0.053400000,0.002200000,0.207300000,0.000000000,0.000000000,false,disabled,84,0,103,3,7,0.006800000,0.002900000,0.001700000,0.006200000,0.002500000,0.000400000,0.345000000,0.011400000,0.148000000,0.008500000,0.004200000,0.075200000,0.000000000,0.000000000,0.012000000,0.624800000,0.008100000,3,1,7,7,3,0.093000000,0.003900000,0.037700000,0.044300000,0.011300000,0.007400000,true,true,0.020500000,0.020000000,0.001200000,0.003500000,0.041900000,103,103,0
770,2,1,1920,1080,640,360,ultra-performance,0.608500000,0.017400000,0.186000000,0.002400000,0.251500000,0.022000000,0.116700000,0.671800000,0.157700000,2.035700000,1.427200000,2.034000000,0.001700000,0.003000000,0.017000000,0.009700000,0.155900000,0.002200000,0.053900000,0.002000000,0.193400000,0.000000000,0.000000000,false,disabled,84,0,103,3,7,0.004400000,0.002500000,0.001000000,0.006500000,0.003400000,0.000700000,0.341800000,0.022600000,0.098400000,0.008900000,0.005600000,0.152600000,0.000000000,0.000000000,0.012500000,0.660900000,0.010900000,3,1,7,7,3,0.087300000,0.003700000,0.034900000,0.040200000,0.011700000,0.007200000,true,true,0.017700000,0.020300000,0.001300000,0.003400000,0.039000000,103,103,0
771,0,1,1920,1080,640,360,ultra-performance,0.822500000,0.022300000,0.179700000,0.002700000,0.266200000,0.022700000,0.120200000,0.556000000,0.155000000,2.148500000,1.326000000,2.147300000,0.001200000,0.003800000,0.018500000,0.009900000,0.147000000,0.002500000,0.060200000,0.002100000,0.201700000,0.000000000,0.000000000,false,disabled,84,0,103,3,7,0.004900000,0.002900000,0.001200000,0.006400000,0.002600000,0.000500000,0.321200000,0.017500000,0.080500000,0.017100000,0.007300000,0.073100000,0.000000000,0.000000000,0.012300000,0.547500000,0.008500000,3,1,7,7,3,0.090300000,0.003800000,0.035600000,0.044200000,0.011500000,0.007300000,true,true,0.017400000,0.023600000,0.001200000,0.003500000,0.038700000,103,103,0
772,1,1,1920,1080,640,360,ultra-performance,0.661500000,0.021000000,0.177900000,0.002500000,0.252400000,0.021800000,0.119100000,0.520100000,0.156600000,1.934400000,1.272900000,1.932900000,0.001500000,0.003700000,0.018400000,0.009700000,0.145700000,0.002100000,0.051600000,0.002200000,0.196200000,0.000000000,0.000000000,false,disabled,84,0,103,3,7,0.004400000,0.002700000,0.001300000,0.006500000,0.002300000,0.000300000,0.356900000,0.010600000,0.001000000,0.006600000,0.003900000,0.104500000,0.000100000,0.000000000,0.011900000,0.513000000,0.007100000,3,1,7,7,3,0.085700000,0.003800000,0.034900000,0.044000000,0.011200000,0.007400000,true,true,0.017500000,0.019200000,0.001300000,0.003500000,0.038300000,103,103,0
773,2,1,1920,1080,640,360,ultra-performance,1.051300000,0.021900000,0.180100000,0.002900000,0.256200000,0.023000000,0.124100000,0.628700000,0.126400000,2.416000000,1.364700000,2.414600000,0.001400000,0.003600000,0.018900000,0.010100000,0.147100000,0.002700000,0.051500000,0.002300000,0.200000000,0.000000000,0.000000000,false,disabled,84,0,103,3,7,0.004300000,0.002900000,0.001200000,0.006700000,0.003100000,0.000600000,0.322400000,0.015000000,0.163100000,0.008800000,0.005200000,0.066000000,0.000100000,0.000000000,0.018200000,0.617600000,0.011100000,3,1,7,7,3,0.086700000,0.003800000,0.036300000,0.044800000,0.011500000,0.007600000,true,true,0.017900000,0.019300000,0.001400000,0.003800000,0.038300000,103,103,0
774,0,1,1920,1080,640,360,ultra-performance,0.652200000,0.016900000,0.177500000,0.002300000,0.253000000,0.021400000,0.116700000,0.648700000,0.524100000,2.414000000,1.761800000,2.412800000,0.001200000,0.003000000,0.017300000,0.010100000,0.146600000,0.002100000,0.051400000,0.002000000,0.197300000,0.000000000,0.000000000,false,disabled,84,0,103,3,7,0.005200000,0.002600000,0.001100000,0.006800000,0.003100000,0.000600000,0.428900000,0.015600000,0.066500000,0.008800000,0.005100000,0.082800000,0.000100000,0.000000000,0.012900000,0.640100000,0.008600000,3,1,7,7,3,0.090200000,0.003700000,0.035000000,0.040800000,0.011700000,0.007000000,true,true,0.017600000,0.023800000,0.001100000,0.003500000,0.038600000,103,103,0
775,1,1,1920,1080,640,360,ultra-performance,0.502200000,0.020800000,0.177900000,0.002300000,0.263500000,0.022400000,0.117700000,0.638800000,0.165700000,1.912700000,1.410500000,1.911300000,0.001400000,0.003700000,0.018100000,0.009700000,0.145900000,0.002000000,0.051700000,0.002100000,0.207300000,0.000000000,0.000000000,false,disabled,84,0,103,3,7,0.004300000,0.002700000,0.001200000,0.006500000,0.005200000,0.001400000,0.334100000,0.021900000,0.077500000,0.013900000,0.006500000,0.128200000,0.000000000,0.000000000,0.025400000,0.628800000,0.010000000,3,1,7,7,3,0.087600000,0.003900000,0.035300000,0.052800000,0.011400000,0.007300000,true,true,0.018100000,0.019600000,0.001300000,0.003500000,0.039400000,103,103,0
776,2,1,1920,1080,640,360,ultra-performance,0.531100000,0.015400000,0.177400000,0.002400000,0.235700000,0.021100000,0.107700000,0.659400000,0.280500000,2.035600000,1.504500000,2.030700000,0.004900000,0.002700000,0.016200000,0.010000000,0.148000000,0.002200000,0.051000000,0.001800000,0.180600000,0.000000000,0.000000000,false,disabled,84,0,103,3,7,0.004100000,0.002300000,0.001000000,0.006200000,0.002300000,0.000400000,0.400200000,0.009500000,0.131800000,0.007600000,0.003700000,0.070100000,0.000000000,0.000000000,0.012200000,0.651400000,0.008000000,3,1,7,7,3,0.083500000,0.003400000,0.032500000,0.036400000,0.010300000,0.006500000,true,true,0.017200000,0.019000000,0.001100000,0.002600000,0.038000000,103,103,0
777,0,1,1920,1080,640,360,ultra-performance,0.875700000,0.022200000,0.188000000,0.003200000,0.269100000,0.023100000,0.121600000,0.799600000,0.258000000,2.562800000,1.687100000,2.560500000,0.002300000,0.003900000,0.018900000,0.009800000,0.154900000,0.002900000,0.051000000,0.002200000,0.213400000,0.000000000,0.000000000,false,disabled,84,0,103,3,7,0.004400000,0.002800000,0.001300000,0.006800000,0.004600000,0.001200000,0.501800000,0.018700000,0.093800000,0.011600000,0.005700000,0.101800000,0.000100000,0.000000000,0.026800000,0.781400000,0.018200000,3,1,7,7,3,0.097400000,0.003900000,0.037300000,0.045500000,0.012500000,0.007900000,true,true,0.017800000,0.028400000,0.001600000,0.004200000,0.039300000,103,103,0
778,1,1,1920,1080,640,360,ultra-performance,0.179700000,0.021100000,0.185100000,0.003000000,0.257900000,0.022600000,0.119000000,0.613700000,0.154500000,1.557900000,1.378200000,1.556600000,0.001300000,0.003400000,0.025200000,0.009800000,0.146200000,0.002600000,0.052100000,0.002300000,0.201200000,0.000000000,0.000000000,false,disabled,84,0,103,3,7,0.005000000,0.002700000,0.001200000,0.006900000,0.002800000,0.000400000,0.365300000,0.016300000,0.092100000,0.011800000,0.006200000,0.075800000,0.000100000,0.000000000,0.012700000,0.599300000,0.014400000,3,1,7,7,3,0.087900000,0.003900000,0.036000000,0.044700000,0.011800000,0.007600000,true,true,0.017500000,0.020600000,0.001600000,0.003400000,0.039000000,103,103,0
779,2,1,1920,1080,640,360,ultra-performance,0.884000000,0.020700000,0.178800000,0.002800000,0.256100000,0.023100000,0.119500000,0.609000000,0.154300000,2.249600000,1.365600000,2.248300000,0.001300000,0.003400000,0.018200000,0.010000000,0.146800000,0.002500000,0.052200000,0.002300000,0.199300000,0.000000000,0.000000000,false,disabled,84,0,103,3,7,0.005400000,0.002800000,0.001200000,0.006600000,0.002400000,0.000400000,0.329500000,0.009000000,0.159700000,0.007200000,0.003800000,0.059700000,0.000100000,0.000000000,0.011600000,0.599400000,0.009600000,3,1,7,7,3,0.087300000,0.003800000,0.035500000,0.044200000,0.011700000,0.007500000,true,true,0.017600000,0.019700000,0.001300000,0.003700000,0.039200000,103,103,0
780,0,1,1920,1080,640,360,ultra-performance,0.575900000,0.019900000,0.177800000,0.003000000,0.262300000,0.022800000,0.118200000,0.623900000,0.157600000,1.962600000,1.386700000,1.961400000,0.001200000,0.003100000,0.017700000,0.009700000,0.146700000,0.002600000,0.052100000,0.002200000,0.205500000,0.000000000,0.000000000,false,disabled,84,0,103,3,7,0.005000000,0.003000000,0.001300000,0.006700000,0.002800000,0.000400000,0.339600000,0.014700000,0.146800000,0.009800000,0.005300000,0.067100000,0.000100000,0.000000000,0.012600000,0.615200000,0.008700000,3,1,7,7,3,0.093300000,0.003800000,0.035700000,0.044500000,0.011500000,0.007700000,true,true,0.017400000,0.019600000,0.001200000,0.009500000,0.039500000,103,103,0
781,1,1,1920,1080,640,360,ultra-performance,0.922600000,0.018500000,0.178800000,0.002500000,0.250000000,0.023900000,0.117100000,0.784100000,0.127500000,2.426500000,1.503900000,2.425000000,0.001500000,0.003100000,0.017800000,0.010100000,0.147300000,0.002100000,0.050900000,0.002100000,0.195000000,0.000000000,0.000000000,false,disabled,84,0,103,3,7,0.004600000,0.002700000,0.001200000,0.006400000,0.006000000,0.001100000,0.401300000,0.015100000,0.215500000,0.012500000,0.007300000,0.087100000,0.000000000,0.000000000,0.011900000,0.772700000,0.011400000,3,1,7,7,3,0.085900000,0.003600000,0.035700000,0.042500000,0.011300000,0.007200000,true,true,0.017300000,0.019500000,0.001500000,0.003600000,0.038200000,103,103,0
782,2,1,1920,1080,640,360,ultra-performance,0.447100000,0.019300000,0.183400000,0.003100000,0.251300000,0.023800000,0.118400000,0.520400000,0.153700000,1.722000000,1.274900000,1.720500000,0.001500000,0.003100000,0.017600000,0.009800000,0.152400000,0.002800000,0.051400000,0.002200000,0.195400000,0.000000000,0.000000000,false,disabled,84,0,103,3,7,0.004800000,0.002700000,0.001200000,0.006600000,0.003600000,0.000700000,0.335200000,0.016800000,0.032700000,0.009700000,0.006100000,0.079400000,0.000100000,0.000000000,0.012300000,0.511900000,0.008500000,3,1,7,7,3,0.086600000,0.003700000,0.035900000,0.041600000,0.011600000,0.007500000,true,true,0.017400000,0.019400000,0.001300000,0.003600000,0.038900000,103,103,0
783,0,1,1920,1080,640,360,ultra-performance,1.062400000,0.038700000,0.398400000,0.005400000,0.528800000,0.023000000,0.118700000,0.639400000,0.161100000,2.977200000,1.914800000,2.975900000,0.001300000,0.006600000,0.038200000,0.021000000,0.331500000,0.005000000,0.116700000,0.004700000,0.405000000,0.000000000,0.000000000,false,disabled,84,0,103,3,7,0.004400000,0.002600000,0.001100000,0.006700000,0.002500000,0.000400000,0.345200000,0.012900000,0.122600000,0.007400000,0.003800000,0.104800000,0.000100000,0.000000000,0.011900000,0.626400000,0.013000000,3,1,7,7,3,0.201500000,0.008400000,0.077600000,0.081100000,0.011400000,0.007200000,true,true,0.037600000,0.043100000,0.002000000,0.007600000,0.098200000,103,103,0
784,1,1,1920,1080,640,360,ultra-performance,0.001700000,0.018300000,0.187600000,0.002900000,0.244000000,0.022000000,0.128100000,0.481900000,0.150000000,1.237700000,1.236000000,1.236500000,0.001200000,0.003000000,0.016600000,0.009700000,0.157900000,0.002600000,0.050700000,0.002200000,0.189000000,0.000000000,0.000000000,false,disabled,84,0,103,3,7,0.005000000,0.002700000,0.001100000,0.006300000,0.003500000,0.000600000,0.294300000,0.015800000,0.037200000,0.009200000,0.006200000,0.077400000,0.000000000,0.000000000,0.011800000,0.471100000,0.010800000,3,1,7,7,3,0.085500000,0.003600000,0.033700000,0.039300000,0.011000000,0.007200000,true,true,0.017400000,0.019100000,0.001400000,0.003100000,0.038700000,103,103,0
785,2,1,1920,1080,640,360,ultra-performance,1.063200000,0.015600000,0.174500000,0.002400000,0.241800000,0.021100000,0.107600000,0.567100000,0.145300000,2.343400000,1.280200000,2.338600000,0.004800000,0.002900000,0.016800000,0.009900000,0.144500000,0.002100000,0.050700000,0.002000000,0.187000000,0.000000000,0.000000000,false,disabled,84,0,103,3,7,0.004900000,0.002300000,0.001100000,0.006400000,0.002400000,0.000500000,0.329600000,0.009400000,0.119400000,0.007400000,0.004200000,0.055600000,0.000000000,0.000000000,0.012200000,0.555400000,0.011700000,3,1,7,7,3,0.088400000,0.003200000,0.032600000,0.037700000,0.010600000,0.006500000,true,true,0.017600000,0.023600000,0.001100000,0.002700000,0.037900000,103,103,0
786,0,1,1920,1080,640,360,ultra-performance,0.707700000,0.020700000,0.180100000,0.003100000,0.267100000,0.025700000,0.126300000,0.492200000,0.156200000,1.980600000,1.272900000,1.979100000,0.001500000,0.003300000,0.018500000,0.010500000,0.147400000,0.002900000,0.052100000,0.002300000,0.210300000,0.000000000,0.000000000,false,disabled,84,0,103,3,7,0.005600000,0.002700000,0.001200000,0.007300000,0.002800000,0.000600000,0.265600000,0.014900000,0.090200000,0.009100000,0.004700000,0.066300000,0.000000000,0.000000000,0.012200000,0.483200000,0.009000000,3,1,7,7,3,0.093300000,0.004000000,0.036800000,0.045500000,0.012900000,0.008700000,true,true,0.018000000,0.024100000,0.001200000,0.003600000,0.040200000,103,103,0
787,1,1,1920,1080,640,360,ultra-performance,1.190300000,0.019100000,0.177600000,0.002700000,0.259500000,0.022000000,0.118900000,0.630700000,0.151400000,2.573500000,1.383200000,2.572200000,0.001300000,0.003200000,0.017800000,0.009700000,0.146400000,0.002400000,0.051200000,0.002100000,0.203800000,0.000000000,0.000000000,false,disabled,84,0,103,3,7,0.004400000,0.002900000,0.001200000,0.006600000,0.005000000,0.001200000,0.409400000,0.017700000,0.028300000,0.014200000,0.005400000,0.109200000,0.000000000,0.000000000,0.011400000,0.616900000,0.013800000,3,1,7,7,3,0.087900000,0.003800000,0.035400000,0.048900000,0.011300000,0.007500000,true,true,0.017600000,0.019700000,0.002300000,0.003800000,0.038800000,103,103,0
788,2,1,1920,1080,640,360,ultra-performance,0.888600000,0.024000000,0.187500000,0.003100000,0.255200000,0.022800000,0.117600000,0.593200000,0.155700000,2.249000000,1.360400000,2.247700000,0.001300000,0.003700000,0.018000000,0.010000000,0.155400000,0.002800000,0.051100000,0.002500000,0.199300000,0.000000000,0.000000000,false,disabled,84,0,103,3,7,0.004900000,0.002900000,0.001200000,0.006500000,0.002700000,0.000600000,0.321100000,0.015600000,0.135200000,0.009600000,0.004600000,0.067400000,0.000000000,0.000000000,0.012100000,0.584400000,0.008800000,3,1,7,7,3,0.087100000,0.003700000,0.035700000,0.044300000,0.011700000,0.007800000,true,true,0.017500000,0.019300000,0.001300000,0.003600000,0.039300000,103,103,0
789,0,1,1920,1080,640,360,ultra-performance,0.629200000,0.037200000,0.397100000,0.005400000,0.399200000,0.022000000,0.119300000,0.598900000,0.159600000,2.369400000,1.740200000,2.367900000,0.001500000,0.006900000,0.038100000,0.021600000,0.329500000,0.004900000,0.116700000,0.004500000,0.275100000,0.000000000,0.000000000,false,disabled,84,0,103,3,7,0.004400000,0.002700000,0.001300000,0.006700000,0.003700000,0.000600000,0.362000000,0.015400000,0.090800000,0.009900000,0.006000000,0.070500000,0.000000000,0.000000000,0.011600000,0.585600000,0.013300000,3,1,7,7,3,0.157500000,0.003800000,0.035100000,0.042400000,0.011400000,0.007300000,true,true,0.038500000,0.043500000,0.002100000,0.007500000,0.059900000,103,103,0
790,1,1,1920,1080,640,360,ultra-performance,0.001800000,0.018500000,0.179400000,0.003200000,0.291500000,0.022100000,0.124900000,0.541600000,0.152100000,1.336500000,1.334700000,1.335100000,0.001400000,0.003100000,0.017600000,0.009800000,0.148400000,0.002800000,0.052300000,0.002200000,0.234500000,0.000000000,0.000000000,false,disabled,84,0,103,3,7,0.005000000,0.002600000,0.001200000,0.006600000,0.002500000,0.002400000,0.322200000,0.014400000,0.038000000,0.009200000,0.004800000,0.112500000,0.000100000,0.000000000,0.012400000,0.533900000,0.007700000,3,1,7,7,3,0.086500000,0.003800000,0.035300000,0.080500000,0.011900000,0.008000000,true,true,0.017300000,0.019700000,0.001400000,0.003600000,0.038800000,103,103,0
791,2,1,1920,1080,640,360,ultra-performance,1.462300000,0.019600000,0.283700000,0.009200000,0.565100000,0.048300000,0.254800000,0.666200000,0.158300000,3.469000000,2.006700000,3.467500000,0.001500000,0.003300000,0.017500000,0.009900000,0.252100000,0.008600000,0.125300000,0.004700000,0.430300000,0.000000000,0.000000000,false,disabled,84,0,103,3,7,0.009400000,0.006200000,0.002600000,0.014700000,0.002100000,0.000400000,0.417200000,0.011200000,0.086000000,0.008200000,0.004400000,0.081100000,0.000100000,0.000000000,0.012000000,0.655600000,0.010600000,3,1,7,7,3,0.189300000,0.008600000,0.077500000,0.094300000,0.025700000,0.016200000,true,true,0.038800000,0.042400000,0.002400000,0.007800000,0.085400000,103,103,0
792,0,1,1920,1080,640,360,ultra-performance,0.001700000,0.018200000,0.188500000,0.002800000,0.245000000,0.030300000,0.114600000,0.549100000,0.206200000,1.358200000,1.356500000,1.356400000,0.001800000,0.003000000,0.016800000,0.009900000,0.158300000,0.002500000,0.051300000,0.002000000,0.189400000,0.000000000,0.000000000,false,disabled,84,0,103,3,7,0.004700000,0.002500000,0.001000000,0.006400000,0.005200000,0.001000000,0.294000000,0.017000000,0.066200000,0.009500000,0.006800000,0.090700000,0.000100000,0.000000000,0.019300000,0.524400000,0.024700000,3,1,7,7,3,0.086200000,0.003700000,0.033700000,0.039300000,0.011000000,0.007100000,true,true,0.017700000,0.019600000,0.001200000,0.003200000,0.038900000,103,103,0
793,1,1,1920,1080,640,360,ultra-performance,1.021800000,0.018000000,0.192300000,0.003100000,0.273900000,0.028100000,0.113900000,0.513200000,0.242000000,2.407800000,1.386000000,2.406300000,0.001500000,0.003900000,0.021400000,0.011600000,0.154800000,0.002700000,0.054800000,0.002000000,0.214900000,0.000000000,0.000000000,false,disabled,84,0,103,3,7,0.006100000,0.002300000,0.001200000,0.006300000,0.003500000,0.000600000,0.355500000,0.014500000,0.017200000,0.008000000,0.005500000,0.071100000,0.000000000,0.000000000,0.012600000,0.504400000,0.008800000,3,1,7,7,3,0.096400000,0.003600000,0.043100000,0.039700000,0.013800000,0.008000000,true,true,0.019200000,0.022500000,0.002300000,0.002800000,0.043900000,103,103,0
794,2,1,1920,1080,640,360,ultra-performance,0.963800000,0.016200000,0.175600000,0.002700000,0.237200000,0.020800000,0.112200000,0.798100000,0.156800000,2.488100000,1.524300000,2.483400000,0.004700000,0.002900000,0.016500000,0.010300000,0.145500000,0.002400000,0.051100000,0.001800000,0.182200000,0.000000000,0.000000000,false,disabled,84,0,103,3,7,0.004100000,0.002200000,0.001100000,0.006300000,0.006300000,0.001300000,0.445900000,0.023600000,0.099100000,0.019300000,0.007100000,0.153500000,0.000100000,0.000000000,0.013800000,0.783700000,0.014400000,3,1,7,7,3,0.085200000,0.003200000,0.031800000,0.036600000,0.010700000,0.006200000,true,true,0.017900000,0.019700000,0.001300000,0.002700000,0.038000000,103,103,0
795,0,1,1920,1080,640,360,ultra-performance,0.407200000,0.018600000,0.186000000,0.003100000,0.255900000,0.025900000,0.121100000,0.636200000,0.150900000,1.806200000,1.399000000,1.804900000,0.001300000,0.003100000,0.017900000,0.009900000,0.154600000,0.002700000,0.052000000,0.002200000,0.199300000,0.000000000,0.000000000,false,disabled,84,0,103,3,7,0.005100000,0.002800000,0.001200000,0.007000000,0.002600000,0.000400000,0.362100000,0.016700000,0.128100000,0.008100000,0.004100000,0.077400000,0.000000000,0.000000000,0.011800000,0.627400000,0.008800000,3,1,7,7,3,0.087700000,0.003800000,0.036200000,0.043500000,0.011500000,0.007500000,true,true,0.018000000,0.019700000,0.001400000,0.003800000,0.038900000,103,103,0
796,1,1,1920,1080,640,360,ultra-performance,0.847500000,0.018100000,0.178000000,0.003100000,0.255500000,0.022900000,0.118300000,0.594200000,0.153200000,2.192100000,1.344600000,2.190800000,0.001300000,0.003100000,0.018000000,0.010500000,0.146000000,0.002800000,0.051800000,0.002200000,0.199400000,0.000000000,0.000000000,false,disabled,84,0,103,3,7,0.004500000,0.002600000,0.001200000,0.006600000,0.002300000,0.000400000,0.330300000,0.010000000,0.148000000,0.006200000,0.003700000,0.055900000,0.000000000,0.000000000,0.012600000,0.584300000,0.009900000,3,1,7,7,3,0.086500000,0.003900000,0.035900000,0.044600000,0.011700000,0.007700000,true,true,0.017800000,0.019500000,0.001200000,0.002500000,0.039500000,103,103,0
797,2,1,1920,1080,640,360,ultra-performance,0.703000000,0.037200000,0.211500000,0.004600000,0.381100000,0.036900000,0.168800000,0.762000000,0.155200000,2.462000000,1.759000000,2.460300000,0.001700000,0.007800000,0.030500000,0.013000000,0.159200000,0.003700000,0.058200000,0.004300000,0.315800000,0.000000000,0.000000000,false,disabled,84,0,103,3,7,0.007800000,0.004600000,0.001700000,0.007700000,0.003900000,0.000800000,0.387000000,0.022700000,0.206900000,0.010200000,0.004800000,0.066400000,0.000100000,0.000000000,0.017700000,0.742300000,0.019700000,3,1,7,7,3,0.120600000,0.005600000,0.058300000,0.081900000,0.017500000,0.013200000,true,true,0.028900000,0.027100000,0.002000000,0.004700000,0.051000000,103,103,0
798,0,1,1920,1080,640,360,ultra-performance,0.876100000,0.019800000,0.187200000,0.003400000,0.294900000,0.025600000,0.129500000,0.539400000,0.153700000,2.230900000,1.354800000,2.229600000,0.001300000,0.003800000,0.019900000,0.011200000,0.151700000,0.003100000,0.054900000,0.003000000,0.235000000,0.000000000,0.000000000,false,disabled,84,0,103,3,7,0.006000000,0.002900000,0.001300000,0.006600000,0.002700000,0.000700000,0.353600000,0.013300000,0.049200000,0.008200000,0.004700000,0.069800000,0.000000000,0.000000000,0.011700000,0.530700000,0.008700000,3,1,7,7,3,0.096600000,0.003700000,0.043800000,0.051300000,0.012100000,0.007800000,true,true,0.018400000,0.020900000,0.001600000,0.003700000,0.046100000,103,103,0
799,1,1,1920,1080,640,360,ultra-performance,0.546000000,0.018400000,0.185200000,0.003100000,0.253700000,0.022700000,0.125200000,0.618400000,0.161600000,1.935700000,1.389700000,1.934300000,0.001400000,0.003400000,0.018000000,0.010200000,0.153300000,0.002700000,0.051600000,0.002200000,0.197700000,0.000000000,0.000000000,false,disabled,84,0,103,3,7,0.004500000,0.003000000,0.001200000,0.006700000,0.002800000,0.000700000,0.319400000,0.015700000,0.157900000,0.009700000,0.005000000,0.068500000,0.000100000,0.000000000,0.013000000,0.608200000,0.010200000,3,1,7,7,3,0.086500000,0.003800000,0.036500000,0.042900000,0.011900000,0.007600000,true,true,0.017500000,0.019600000,0.001200000,0.003600000,0.038800000,103,103,0
800,2,1,1920,1080,640,360,ultra-performance,1.086000000,0.024200000,0.180000000,0.003100000,0.263400000,0.022400000,0.121600000,0.485400000,0.154900000,2.342300000,1.256300000,2.341000000,0.001300000,0.003900000,0.018400000,0.009900000,0.147300000,0.002800000,0.051000000,0.002200000,0.207900000,0.000000000,0.000000000,false,disabled,84,0,103,3,7,0.004800000,0.002900000,0.001200000,0.006600000,0.002600000,0.000500000,0.300600000,0.013500000,0.042500000,0.008500000,0.004400000,0.077100000,0.000100000,0.000000000,0.011500000,0.476800000,0.008600000,3,1,7,7,3,0.087300000,0.003700000,0.035500000,0.045500000,0.011600000,0.007700000,true,true,0.017200000,0.019700000,0.001700000,0.003600000,0.039000000,103,103,0
801,0,1,1920,1080,640,360,ultra-performance,1.221900000,0.022200000,0.178800000,0.003100000,0.261600000,0.022900000,0.117700000,0.697500000,0.171200000,2.699600000,1.477700000,2.696900000,0.002700000,0.004000000,0.018400000,0.009800000,0.146100000,0.002800000,0.051400000,0.002100000,0.205700000,0.000000000,0.000000000,false,disabled,84,0,103,3,7,0.004300000,0.002800000,0.001200000,0.006400000,0.005000000,0.001100000,0.428000000,0.026600000,0.024900000,0.018800000,0.009400000,0.128300000,0.000000000,0.000000000,0.024600000,0.681400000,0.016100000,3,1,7,7,3,0.087000000,0.003900000,0.043700000,0.043900000,0.011300000,0.007400000,true,true,0.017500000,0.019200000,0.001300000,0.003500000,0.039500000,103,103,0
802,1,1,1920,1080,640,360,ultra-performance,0.431300000,0.014700000,0.173200000,0.002700000,0.239500000,0.021000000,0.110800000,0.544600000,0.155300000,1.694500000,1.263200000,1.693100000,0.001400000,0.002700000,0.016200000,0.009700000,0.144200000,0.002500000,0.051000000,0.001900000,0.184400000,0.000000000,0.000000000,false,disabled,84,0,103,3,7,0.004100000,0.002200000,0.001000000,0.006500000,0.002400000,0.000400000,0.343700000,0.009700000,0.051000000,0.006800000,0.003800000,0.092600000,0.000000000,0.000000000,0.012400000,0.536600000,0.008000000,3,1,7,7,3,0.084100000,0.003700000,0.033600000,0.037900000,0.010600000,0.006300000,true,true,0.017000000,0.019200000,0.001300000,0.002900000,0.038000000,103,103,0
803,2,1,1920,1080,640,360,ultra-performance,1.093400000,0.023700000,0.184400000,0.003000000,0.255000000,0.023100000,0.121400000,0.564500000,0.158500000,2.428200000,1.334800000,2.427000000,0.001200000,0.003800000,0.018400000,0.010200000,0.151500000,0.002800000,0.051200000,0.002100000,0.199300000,0.000000000,0.000000000,false,disabled,84,0,103,3,7,0.004400000,0.002900000,0.001200000,0.006600000,0.002500000,0.000600000,0.364100000,0.015500000,0.059500000,0.009500000,0.004600000,0.073200000,0.000000000,0.000000000,0.011400000,0.556000000,0.008500000,3,1,7,7,3,0.086100000,0.003700000,0.036000000,0.044500000,0.012200000,0.007600000,true,true,0.017700000,0.019200000,0.001200000,0.003700000,0.038300000,103,103,0
804,0,1,1920,1080,640,360,ultra-performance,0.617600000,0.015600000,0.189500000,0.003100000,0.251300000,0.022400000,0.114700000,0.574500000,0.238500000,2.081300000,1.463700000,2.027200000,0.054100000,0.003000000,0.016800000,0.009800000,0.159400000,0.002900000,0.054600000,0.002100000,0.192400000,0.000000000,0.000000000,false,disabled,84,0,103,3,7,0.004300000,0.002400000,0.001100000,0.006700000,0.003500000,0.000600000,0.363100000,0.014400000,0.028700000,0.008700000,0.005500000,0.078600000,0.000000000,0.000000000,0.013000000,0.530600000,0.043900000,3,1,7,7,3,0.087400000,0.003600000,0.034400000,0.039900000,0.011600000,0.007000000,true,true,0.017600000,0.020200000,0.001500000,0.002900000,0.039500000,103,103,0
805,1,1,1920,1080,640,360,ultra-performance,0.777200000,0.044200000,0.398600000,0.006300000,0.371400000,0.022700000,0.118300000,0.510800000,0.181100000,2.431900000,1.654700000,2.430600000,0.001300000,0.008200000,0.039500000,0.022300000,0.327700000,0.005600000,0.114400000,0.004600000,0.249800000,0.000000000,0.000000000,false,disabled,84,0,103,3,7,0.004400000,0.002600000,0.001300000,0.006400000,0.002800000,0.000700000,0.333900000,0.015400000,0.043000000,0.009900000,0.005000000,0.062400000,0.000100000,0.000000000,0.011600000,0.499500000,0.011300000,3,1,7,7,3,0.129200000,0.003900000,0.035100000,0.044200000,0.011400000,0.007500000,true,true,0.038300000,0.041100000,0.001300000,0.003600000,0.038700000,103,103,0
806,2,1,1920,1080,640,360,ultra-performance,0.001800000,0.018600000,0.177400000,0.003200000,0.253500000,0.032100000,0.118600000,0.463300000,0.154300000,1.224200000,1.222400000,1.222800000,0.001400000,0.003200000,0.017700000,0.009900000,0.146300000,0.002900000,0.051900000,0.002200000,0.197100000,0.000000000,0.000000000,false,disabled,84,0,103,3,7,0.005000000,0.002800000,0.001200000,0.006800000,0.002600000,0.000500000,0.295900000,0.012700000,0.033500000,0.007900000,0.003900000,0.068400000,0.000000000,0.000000000,0.011800000,0.453000000,0.010300000,3,1,7,7,3,0.088000000,0.003800000,0.035200000,0.041700000,0.012100000,0.007800000,true,true,0.017400000,0.019400000,0.001300000,0.003900000,0.040000000,103,103,0
807,0,1,1920,1080,640,360,ultra-performance,1.804000000,0.018000000,0.177600000,0.002700000,0.247100000,0.022200000,0.115900000,0.557100000,0.155300000,3.101100000,1.297100000,3.099900000,0.001200000,0.003100000,0.017300000,0.010200000,0.146600000,0.002400000,0.051000000,0.002100000,0.191600000,0.000000000,0.000000000,false,disabled,84,0,103,3,7,0.004800000,0.002800000,0.001100000,0.006700000,0.002400000,0.000400000,0.314300000,0.011000000,0.118400000,0.006900000,0.004600000,0.062900000,0.000100000,0.000000000,0.012000000,0.548400000,0.008700000,3,1,7,7,3,0.085300000,0.003700000,0.034700000,0.040700000,0.011300000,0.007400000,true,true,0.017100000,0.019100000,0.001400000,0.003300000,0.038800000,103,103,0
808,1,1,1920,1080,640,360,ultra-performance,0.640300000,0.045000000,0.403000000,0.006900000,0.565300000,0.025800000,0.133800000,0.494500000,0.155100000,2.471200000,1.830900000,2.469700000,0.001500000,0.008100000,0.040600000,0.022400000,0.330800000,0.006400000,0.117500000,0.005100000,0.438000000,0.000000000,0.000000000,false,disabled,84,0,103,3,7,0.005000000,0.002800000,0.001300000,0.007400000,0.003400000,0.000600000,0.298600000,0.017900000,0.044600000,0.009800000,0.006200000,0.076500000,0.000000000,0.000000000,0.011700000,0.485800000,0.008700000,3,1,7,7,3,0.197400000,0.009000000,0.082400000,0.103500000,0.015000000,0.010800000,true,true,0.039800000,0.044200000,0.002400000,0.007500000,0.089600000,103,103,0
809,2,1,1920,1080,640,360,ultra-performance,0.001800000,0.018100000,0.184300000,0.002600000,0.259800000,0.022100000,0.119500000,0.521300000,0.153500000,1.284200000,1.282400000,1.283000000,0.001200000,0.003300000,0.018000000,0.009400000,0.153300000,0.002400000,0.052200000,0.002100000,0.203100000,0.000000000,0.000000000,false,disabled,84,0,103,3,7,0.004300000,0.003100000,0.001300000,0.006700000,0.002500000,0.000700000,0.332700000,0.013600000,0.049100000,0.008200000,0.004400000,0.074000000,0.000000000,0.000000000,0.011900000,0.512500000,0.008800000,3,1,7,7,3,0.085900000,0.003700000,0.034900000,0.050200000,0.011700000,0.007600000,true,true,0.017400000,0.019300000,0.001200000,0.003700000,0.038500000,103,103,0
810,0,1,1920,1080,640,360,ultra-performance,1.781300000,0.046500000,0.206400000,0.003700000,0.258700000,0.022900000,0.121000000,0.618400000,0.151800000,3.211900000,1.430600000,3.210700000,0.001200000,0.008200000,0.031300000,0.010300000,0.156000000,0.003400000,0.052100000,0.002300000,0.202000000,0.000000000,0.000000000,false,disabled,84,0,103,3,7,0.004400000,0.002700000,0.001200000,0.006600000,0.002600000,0.000900000,0.326700000,0.016100000,0.157100000,0.010400000,0.005000000,0.061900000,0.000000000,0.000000000,0.012400000,0.608000000,0.010400000,3,1,7,7,3,0.087300000,0.003900000,0.036400000,0.045000000,0.012100000,0.007800000,true,true,0.017900000,0.019400000,0.001300000,0.003800000,0.039000000,103,103,0
811,1,1,1920,1080,640,360,ultra-performance,0.456100000,0.019400000,0.186700000,0.002900000,0.258900000,0.023300000,0.118400000,0.593400000,0.130000000,1.790500000,1.334400000,1.789100000,0.001400000,0.003500000,0.018300000,0.010400000,0.154000000,0.002600000,0.051600000,0.002400000,0.202600000,0.000000000,0.000000000,false,disabled,84,0,103,3,7,0.004900000,0.002700000,0.001300000,0.006500000,0.004900000,0.001100000,0.256300000,0.022300000,0.154300000,0.012600000,0.006200000,0.097200000,0.000000000,0.000000000,0.011400000,0.581700000,0.011700000,3,1,7,7,3,0.088700000,0.003700000,0.037400000,0.044500000,0.011600000,0.007500000,true,true,0.018100000,0.019900000,0.001500000,0.003800000,0.039600000,103,103,0
812,2,1,1920,1080,640,360,ultra-performance,1.010800000,0.023800000,0.177600000,0.003000000,0.251700000,0.021900000,0.115800000,0.515500000,0.159100000,2.280500000,1.269700000,2.279200000,0.001300000,0.003700000,0.018000000,0.009700000,0.145800000,0.002700000,0.051000000,0.002200000,0.196100000,0.000000000,0.000000000,false,disabled,84,0,103,3,7,0.004900000,0.002700000,0.001100000,0.006200000,0.002400000,0.000600000,0.353200000,0.013300000,0.040100000,0.006200000,0.003400000,0.062400000,0.000100000,0.000000000,0.011100000,0.507700000,0.007800000,3,1,7,7,3,0.085800000,0.003700000,0.035200000,0.043800000,0.011400000,0.007400000,true,true,0.017500000,0.019600000,0.001300000,0.003400000,0.038300000,103,103,0
813,0,1,1920,1080,640,360,ultra-performance,0.668600000,0.019900000,0.175700000,0.003200000,0.251600000,0.022700000,0.119200000,0.519200000,0.168800000,1.950100000,1.281500000,1.948900000,0.001200000,0.003300000,0.017900000,0.009800000,0.144300000,0.002900000,0.051200000,0.002100000,0.195900000,0.000000000,0.000000000,false,disabled,84,0,103,3,7,0.004400000,0.002800000,0.001300000,0.006800000,0.002400000,0.000400000,0.308500000,0.012600000,0.072700000,0.007800000,0.004000000,0.074600000,0.000100000,0.000000000,0.012300000,0.510700000,0.008500000,3,1,7,7,3,0.086200000,0.003800000,0.035500000,0.042700000,0.011700000,0.007600000,true,true,0.017700000,0.019400000,0.001200000,0.003800000,0.038300000,103,103,0
814,1,1,1920,1080,640,360,ultra-performance,0.953800000,0.044100000,0.399400000,0.006500000,0.285300000,0.022100000,0.122800000,0.483500000,0.152100000,2.471100000,1.517300000,2.469600000,0.001500000,0.008100000,0.039200000,0.021900000,0.329200000,0.005900000,0.075100000,0.002200000,0.205600000,0.000000000,0.000000000,false,disabled,84,0,103,3,7,0.004400000,0.002800000,0.001200000,0.006300000,0.002600000,0.000600000,0.271800000,0.014900000,0.066500000,0.009000000,0.004900000,0.078700000,0.000000000,0.000000000,0.011300000,0.475000000,0.008500000,3,1,7,7,3,0.086500000,0.010400000,0.035400000,0.044700000,0.011900000,0.007700000,true,true,0.017700000,0.019400000,0.001300000,0.003700000,0.038400000,103,103,0
815,2,1,1920,1080,640,360,ultra-performance,0.539000000,0.016700000,0.176100000,0.002900000,0.248400000,0.021900000,0.112500000,0.672200000,0.297200000,2.089700000,1.550700000,2.086900000,0.002800000,0.002700000,0.016400000,0.009600000,0.146800000,0.002600000,0.057200000,0.002300000,0.186700000,0.000000000,0.000000000,false,disabled,84,0,103,3,7,0.004200000,0.002500000,0.001100000,0.006700000,0.005200000,0.001500000,0.373400000,0.018000000,0.083600000,0.011700000,0.007000000,0.111200000,0.000000000,0.000000000,0.028400000,0.654500000,0.017700000,3,1,7,7,3,0.083800000,0.003400000,0.034100000,0.039300000,0.011100000,0.006700000,true,true,0.017500000,0.019200000,0.001200000,0.002900000,0.037300000,103,103,0
816,0,1,1920,1080,640,360,ultra-performance,0.865200000,0.023100000,0.189000000,0.003000000,0.261600000,0.024100000,0.120000000,0.534000000,0.164000000,2.185200000,1.320000000,2.184000000,0.001200000,0.003700000,0.019300000,0.010500000,0.154800000,0.002600000,0.052400000,0.002200000,0.204600000,0.000000000,0.000000000,false,disabled,84,0,103,3,7,0.005100000,0.002800000,0.001200000,0.006500000,0.002900000,0.000600000,0.311000000,0.015900000,0.090000000,0.009700000,0.005100000,0.062200000,0.000000000,0.000000000,0.012800000,0.525800000,0.008200000,3,1,7,7,3,0.089100000,0.003900000,0.036700000,0.045700000,0.011800000,0.007700000,true,true,0.018200000,0.019800000,0.001400000,0.003700000,0.039900000,103,103,0
817,1,1,1920,1080,640,360,ultra-performance,0.596700000,0.017200000,0.174600000,0.002800000,0.245400000,0.022800000,0.111200000,0.644500000,0.163200000,1.979700000,1.383000000,1.978400000,0.001300000,0.002900000,0.016900000,0.009800000,0.144600000,0.002600000,0.050900000,0.001900000,0.190100000,0.000000000,0.000000000,false,disabled,84,0,103,3,7,0.004300000,0.002800000,0.001100000,0.006600000,0.002300000,0.000500000,0.360700000,0.016800000,0.126300000,0.008300000,0.005400000,0.087100000,0.000000000,0.000000000,0.012300000,0.634500000,0.010000000,3,1,7,7,3,0.084900000,0.003700000,0.034400000,0.040700000,0.011100000,0.006800000,true,true,0.018000000,0.019300000,0.001300000,0.002800000,0.037800000,103,103,0
818,2,1,1920,1080,640,360,ultra-performance,1.019300000,0.036900000,0.395400000,0.006100000,0.310600000,0.022000000,0.117300000,0.672100000,0.145300000,2.726300000,1.707000000,2.725000000,0.001300000,0.006700000,0.038000000,0.021900000,0.327800000,0.005500000,0.110900000,0.002000000,0.195400000,0.000000000,0.000000000,false,disabled,84,0,103,3,7,0.005100000,0.002900000,0.001200000,0.006800000,0.002200000,0.000500000,0.340000000,0.010800000,0.208900000,0.007900000,0.003800000,0.062000000,0.000100000,0.000000000,0.011700000,0.663900000,0.008200000,3,1,7,7,3,0.086300000,0.003700000,0.035100000,0.042000000,0.011800000,0.007300000,true,true,0.017900000,0.019200000,0.001300000,0.003500000,0.038600000,103,103,0
819,0,1,1920,1080,640,360,ultra-performance,0.001800000,0.015700000,0.172700000,0.002700000,0.241500000,0.021800000,0.112600000,0.532100000,0.158700000,1.260800000,1.259000000,1.259600000,0.001200000,0.003100000,0.016700000,0.009400000,0.143100000,0.002500000,0.050800000,0.001900000,0.186600000,0.000000000,0.000000000,false,disabled,84,0,103,3,7,0.004200000,0.011000000,0.001000000,0.006400000,0.002600000,0.000600000,0.306500000,0.011500000,0.096600000,0.006800000,0.003100000,0.060500000,0.000000000,0.000000000,0.011800000,0.522600000,0.009500000,3,1,7,7,3,0.083600000,0.003500000,0.034100000,0.039100000,0.010900000,0.007000000,true,true,0.017200000,0.019100000,0.001100000,0.003100000,0.037500000,103,103,0
820,1,1,1920,1080,640,360,ultra-performance,1.375800000,0.021200000,0.179900000,0.002700000,0.253100000,0.021800000,0.118400000,0.709800000,0.128100000,2.812000000,1.436200000,2.810800000,0.001200000,0.003700000,0.019000000,0.010400000,0.146400000,0.002400000,0.051400000,0.002000000,0.197500000,0.000000000,0.000000000,false,disabled,84,0,103,3,7,0.004500000,0.002700000,0.001100000,0.006300000,0.006600000,0.001500000,0.399700000,0.013900000,0.130100000,0.012900000,0.006200000,0.104400000,0.000000000,0.000000000,0.010400000,0.700300000,0.009500000,3,1,7,7,3,0.086200000,0.003700000,0.035300000,0.044400000,0.011400000,0.007600000,true,true,0.017600000,0.019600000,0.001300000,0.003700000,0.038200000,103,103,0
821,2,1,1920,1080,640,360,ultra-performance,0.585600000,0.013400000,0.182500000,0.002200000,0.233000000,0.021200000,0.109800000,0.774900000,0.174000000,2.097800000,1.512200000,2.096600000,0.001200000,0.002900000,0.016500000,0.009900000,0.153000000,0.002000000,0.050100000,0.001700000,0.179100000,0.000000000,0.000000000,false,disabled,84,0,103,3,7,0.004300000,0.002500000,0.001100000,0.006200000,0.002300000,0.000500000,0.432700000,0.014200000,0.030100000,0.016500000,0.007300000,0.237600000,0.000100000,0.000000000,0.010500000,0.765900000,0.009000000,3,1,7,7,3,0.081700000,0.003200000,0.032000000,0.037000000,0.010600000,0.006500000,true,true,0.016900000,0.019300000,0.001100000,0.002600000,0.036200000,103,103,0
822,0,1,1920,1080,640,360,ultra-performance,1.350300000,0.021500000,0.180200000,0.002700000,0.254000000,0.022700000,0.118100000,0.537900000,0.156000000,2.644800000,1.294500000,2.643400000,0.001400000,0.003600000,0.019300000,0.010600000,0.146100000,0.002300000,0.051700000,0.002100000,0.197800000,0.000000000,0.000000000,false,disabled,84,0,103,3,7,0.004300000,0.002800000,0.001200000,0.006400000,0.002700000,0.000400000,0.346700000,0.011600000,0.060000000,0.009400000,0.005200000,0.063000000,0.000000000,0.000000000,0.012400000,0.526100000,0.011800000,3,1,7,7,3,0.086100000,0.003800000,0.035000000,0.044500000,0.011500000,0.007600000,true,true,0.017700000,0.019400000,0.001300000,0.003700000,0.038100000,103,103,0
823,1,1,1920,1080,640,360,ultra-performance,1.005800000,0.021500000,0.179400000,0.002600000,0.250500000,0.023100000,0.117800000,0.579700000,0.162300000,2.344300000,1.338500000,2.342700000,0.001600000,0.003700000,0.018300000,0.010200000,0.146700000,0.002300000,0.051300000,0.002100000,0.195100000,0.000000000,0.000000000,false,disabled,84,0,103,3,7,0.004900000,0.002700000,0.001200000,0.006300000,0.002600000,0.000500000,0.196900000,0.017700000,0.231800000,0.011100000,0.005300000,0.074900000,0.000100000,0.000000000,0.012400000,0.568400000,0.011300000,3,1,7,7,3,0.084900000,0.003700000,0.035000000,0.044000000,0.011300000,0.007400000,true,true,0.017100000,0.019100000,0.001400000,0.003500000,0.037800000,103,103,0
824,2,1,1920,1080,640,360,ultra-performance,0.666900000,0.022300000,0.178800000,0.003000000,0.269500000,0.023300000,0.119200000,0.502700000,0.117500000,1.904600000,1.237700000,1.903200000,0.001400000,0.003800000,0.019400000,0.010800000,0.144400000,0.002700000,0.060400000,0.002200000,0.204400000,0.000000000,0.000000000,false,disabled,84,0,103,3,7,0.004800000,0.002900000,0.001200000,0.006700000,0.002300000,0.000500000,0.293100000,0.014900000,0.074500000,0.009200000,0.004500000,0.068400000,0.000100000,0.000000000,0.011500000,0.494600000,0.008100000,3,1,7,7,3,0.088600000,0.003800000,0.037300000,0.045400000,0.012200000,0.007800000,true,true,0.018000000,0.019900000,0.001300000,0.003600000,0.039700000,103,103,0
825,0,1,1920,1080,640,360,ultra-performance,1.026600000,0.023600000,0.186700000,0.002600000,0.251700000,0.022600000,0.117900000,0.500700000,0.153800000,2.287300000,1.260700000,2.286200000,0.001100000,0.003700000,0.018500000,0.009900000,0.154100000,0.002400000,0.051400000,0.002200000,0.195700000,0.000000000,0.000000000,false,disabled,84,0,103,3,7,0.004300000,0.002700000,0.001300000,0.006500000,0.002700000,0.000600000,0.311000000,0.016000000,0.052900000,0.009100000,0.004700000,0.068500000,0.000000000,0.000000000,0.012200000,0.492500000,0.008200000,3,1,7,7,3,0.084900000,0.003600000,0.034900000,0.044400000,0.011400000,0.007500000,true,true,0.017200000,0.019100000,0.001300000,0.003500000,0.038000000,103,103,0
826,1,1,1920,1080,640,360,ultra-performance,0.850000000,0.018300000,0.178500000,0.002400000,0.249700000,0.022900000,0.116400000,0.625800000,0.153300000,2.218300000,1.368300000,2.217300000,0.001000000,0.003200000,0.017600000,0.009800000,0.147600000,0.002200000,0.050900000,0.002000000,0.194400000,0.000000000,0.000000000,false,disabled,84,0,103,3,7,0.004500000,0.002600000,0.001200000,0.014600000,0.002300000,0.000600000,0.399900000,0.012300000,0.027900000,0.007400000,0.003400000,0.128800000,0.000000000,0.000000000,0.011700000,0.617200000,0.008600000,3,1,7,7,3,0.086300000,0.003700000,0.034400000,0.042300000,0.011400000,0.007500000,true,true,0.017600000,0.019300000,0.001300000,0.003600000,0.038600000,103,103,0
827,2,1,1920,1080,640,360,ultra-performance,0.894500000,0.022900000,0.177100000,0.003100000,0.264100000,0.023500000,0.118000000,0.707600000,0.155000000,2.367200000,1.472700000,2.365800000,0.001400000,0.003700000,0.018600000,0.010000000,0.144300000,0.002700000,0.051500000,0.002200000,0.208000000,0.000000000,0.000000000,false,disabled,84,0,103,3,7,0.004400000,0.002900000,0.001200000,0.006800000,0.005900000,0.001400000,0.365900000,0.015500000,0.136800000,0.013400000,0.006900000,0.119800000,0.000000000,0.000000000,0.012500000,0.693400000,0.014200000,3,1,7,7,3,0.087000000,0.004000000,0.035700000,0.052800000,0.011800000,0.007700000,true,true,0.017900000,0.019400000,0.001200000,0.003900000,0.038600000,103,103,0
828,0,1,1920,1080,640,360,ultra-performance,0.670500000,0.016300000,0.181600000,0.003100000,0.246700000,0.023200000,0.110700000,0.564900000,0.150500000,1.968600000,1.298100000,1.967500000,0.001100000,0.003000000,0.017000000,0.010800000,0.150400000,0.002800000,0.051400000,0.001800000,0.191100000,0.000000000,0.000000000,false,disabled,84,0,103,3,7,0.005100000,0.002300000,0.001000000,0.006600000,0.002500000,0.000400000,0.307800000,0.009400000,0.121300000,0.006400000,0.003900000,0.074900000,0.000000000,0.000000000,0.011700000,0.553300000,0.011600000,3,1,7,7,3,0.086700000,0.003400000,0.035100000,0.039000000,0.011400000,0.007000000,true,true,0.018100000,0.019300000,0.002300000,0.002500000,0.038900000,103,103,0
829,1,1,1920,1080,640,360,ultra-performance,1.038900000,0.017100000,0.177200000,0.002900000,0.252700000,0.021900000,0.118600000,0.735500000,0.148600000,2.514500000,1.475600000,2.513400000,0.001100000,0.002900000,0.017600000,0.009900000,0.146300000,0.002500000,0.051400000,0.002200000,0.196800000,0.000000000,0.000000000,false,disabled,84,0,103,3,7,0.005300000,0.002600000,0.001100000,0.006500000,0.002600000,0.000400000,0.272400000,0.015800000,0.316800000,0.009000000,0.005100000,0.074600000,0.000000000,0.000000000,0.011800000,0.724000000,0.011500000,3,1,7,7,3,0.085000000,0.003600000,0.034200000,0.047000000,0.011000000,0.007400000,true,true,0.018100000,0.019000000,0.001300000,0.003400000,0.037500000,103,103,0
830,2,1,1920,1080,640,360,ultra-performance,0.484400000,0.019100000,0.178000000,0.002600000,0.285200000,0.022100000,0.118600000,0.653300000,0.154200000,1.918900000,1.434500000,1.917500000,0.001400000,0.003200000,0.018500000,0.009900000,0.145900000,0.002300000,0.051100000,0.002200000,0.229600000,0.000000000,0.000000000,false,disabled,84,0,103,3,7,0.004700000,0.002800000,0.001100000,0.006700000,0.002500000,0.000400000,0.393800000,0.010600000,0.096000000,0.008000000,0.004200000,0.101100000,0.000000000,0.000000000,0.011600000,0.643500000,0.009800000,3,1,7,7,3,0.112700000,0.003800000,0.034800000,0.044600000,0.011700000,0.007300000,true,true,0.043000000,0.019700000,0.001200000,0.003500000,0.039300000,103,103,0
831,0,1,1920,1080,640,360,ultra-performance,0.786200000,0.020400000,0.181400000,0.002600000,0.255400000,0.022800000,0.117200000,0.616600000,0.157900000,2.161900000,1.375700000,2.160500000,0.001400000,0.003400000,0.019000000,0.010900000,0.147500000,0.002200000,0.051600000,0.002200000,0.199200000,0.000000000,0.000000000,false,disabled,84,0,103,3,7,0.005500000,0.002700000,0.001200000,0.006300000,0.002700000,0.000600000,0.351900000,0.013600000,0.127400000,0.008500000,0.004300000,0.072300000,0.000000000,0.000000000,0.011500000,0.608500000,0.008100000,3,1,7,7,3,0.086100000,0.003600000,0.036600000,0.045000000,0.011500000,0.007400000,true,true,0.017900000,0.019100000,0.001200000,0.003500000,0.038500000,103,103,0
832,1,1,1920,1080,640,360,ultra-performance,0.641800000,0.018600000,0.176600000,0.003300000,0.249300000,0.022500000,0.116700000,0.884100000,0.171500000,2.285600000,1.643800000,2.284400000,0.001200000,0.003200000,0.017700000,0.009700000,0.145600000,0.003000000,0.050900000,0.002100000,0.194000000,0.000000000,0.000000000,false,disabled,84,0,103,3,7,0.004500000,0.002600000,0.001100000,0.006400000,0.003300000,0.000800000,0.395500000,0.020500000,0.225200000,0.012400000,0.006600000,0.180400000,0.000100000,0.000000000,0.011600000,0.871000000,0.013100000,3,1,7,7,3,0.086100000,0.003800000,0.034900000,0.041700000,0.011400000,0.007600000,true,true,0.016800000,0.019400000,0.001200000,0.003900000,0.038900000,103,103,0
833,2,1,1920,1080,640,360,ultra-performance,0.857000000,0.037900000,0.392000000,0.006100000,0.416600000,0.022100000,0.118600000,0.624200000,0.145700000,2.621400000,1.764400000,2.620200000,0.001200000,0.006700000,0.038900000,0.021600000,0.324000000,0.005300000,0.116000000,0.004400000,0.293400000,0.000000000,0.000000000,false,disabled,84,0,103,3,7,0.005300000,0.002800000,0.001200000,0.006400000,0.002400000,0.000400000,0.333300000,0.016700000,0.144900000,0.010900000,0.005400000,0.075100000,0.000100000,0.000000000,0.011100000,0.616000000,0.008200000,3,1,7,7,3,0.175700000,0.003700000,0.035400000,0.042300000,0.011300000,0.007200000,true,true,0.037500000,0.042900000,0.001900000,0.007600000,0.079800000,103,103,0
834,0,1,1920,1080,640,360,ultra-performance,0.001700000,0.016200000,0.183800000,0.002900000,0.247100000,0.022000000,0.123100000,0.568600000,0.153400000,1.320100000,1.318400000,1.318800000,0.001300000,0.002900000,0.017100000,0.009200000,0.154000000,0.002700000,0.053200000,0.002000000,0.189800000,0.000000000,0.000000000,false,disabled,84,0,103,3,7,0.004300000,0.002400000,0.001000000,0.006400000,0.002800000,0.000700000,0.312900000,0.013900000,0.110000000,0.008700000,0.004800000,0.078200000,0.000000000,0.000000000,0.011900000,0.558000000,0.010600000,3,1,7,7,3,0.085300000,0.003700000,0.034500000,0.039300000,0.011400000,0.007200000,true,true,0.017300000,0.019900000,0.001300000,0.003200000,0.038000000,103,103,0
835,1,1,1920,1080,640,360,ultra-performance,1.369500000,0.022000000,0.177300000,0.002800000,0.262500000,0.022600000,0.116300000,0.506900000,0.152200000,2.633400000,1.263900000,2.632100000,0.001300000,0.003700000,0.018900000,0.010000000,0.144200000,0.002600000,0.051100000,0.008700000,0.200600000,0.000000000,0.000000000,false,disabled,84,0,103,3,7,0.005000000,0.002700000,0.001000000,0.006300000,0.002600000,0.000500000,0.305300000,0.013900000,0.073000000,0.008000000,0.004200000,0.063300000,0.000100000,0.000000000,0.011200000,0.497100000,0.009800000,3,1,7,7,3,0.089100000,0.003700000,0.035600000,0.044400000,0.011400000,0.007600000,true,true,0.017100000,0.022700000,0.001200000,0.003500000,0.038600000,103,103,0
836,2,1,1920,1080,640,360,ultra-performance,0.720400000,0.021900000,0.178400000,0.003000000,0.255100000,0.022400000,0.127000000,0.512000000,0.181600000,2.022900000,1.302500000,2.021800000,0.001100000,0.003700000,0.019000000,0.010000000,0.145400000,0.002700000,0.050900000,0.002200000,0.199800000,0.000000000,0.000000000,false,disabled,84,0,103,3,7,0.004800000,0.002900000,0.001200000,0.006500000,0.002400000,0.000600000,0.328500000,0.013300000,0.056300000,0.006600000,0.003100000,0.066600000,0.000100000,0.000000000,0.011200000,0.504100000,0.007900000,3,1,7,7,3,0.087100000,0.003700000,0.036000000,0.044300000,0.011800000,0.007700000,true,true,0.017500000,0.019800000,0.001300000,0.003800000,0.038600000,103,103,0
837,0,1,1920,1080,640,360,ultra-performance,0.941400000,0.037200000,0.398000000,0.006500000,0.521500000,0.022500000,0.118300000,0.616700000,0.156600000,2.820000000,1.878600000,2.818700000,0.001300000,0.006900000,0.038300000,0.021600000,0.329900000,0.006000000,0.114800000,0.004600000,0.399200000,0.000000000,0.000000000,false,disabled,84,0,103,3,7,0.004400000,0.002600000,0.001300000,0.006500000,0.002200000,0.000600000,0.403200000,0.011800000,0.030300000,0.007300000,0.003500000,0.120600000,0.000000000,0.000000000,0.012000000,0.606300000,0.010400000,3,1,7,7,3,0.187700000,0.008700000,0.079200000,0.087500000,0.011700000,0.007400000,true,true,0.036800000,0.043100000,0.001900000,0.007800000,0.085100000,103,103,0
838,1,1,1920,1080,640,360,ultra-performance,0.001800000,0.017500000,0.180900000,0.002800000,0.259300000,0.022300000,0.117200000,0.477000000,0.161100000,1.241200000,1.239400000,1.239900000,0.001300000,0.003100000,0.018500000,0.009800000,0.149100000,0.002500000,0.051500000,0.002100000,0.203600000,0.000000000,0.000000000,false,disabled,84,0,103,3,7,0.004800000,0.002800000,0.001200000,0.006600000,0.003500000,0.000600000,0.268500000,0.015500000,0.063600000,0.008900000,0.005800000,0.074400000,0.000100000,0.000000000,0.012100000,0.468400000,0.008600000,3,1,7,7,3,0.094100000,0.003800000,0.035500000,0.042000000,0.011700000,0.007600000,true,true,0.017500000,0.019600000,0.001300000,0.003500000,0.046300000,103,103,0
839,2,1,1920,1080,640,360,ultra-performance,1.143300000,0.040100000,0.401900000,0.006000000,0.399500000,0.022700000,0.117800000,0.717200000,0.158000000,3.008000000,1.864700000,3.006500000,0.001500000,0.006900000,0.040400000,0.022200000,0.331700000,0.005300000,0.115600000,0.004400000,0.276700000,0.000000000,0.000000000,false,disabled,84,0,103,3,7,0.004500000,0.002800000,0.001200000,0.006500000,0.002500000,0.000500000,0.376000000,0.010300000,0.216000000,0.005400000,0.003400000,0.065900000,0.000100000,0.000000000,0.011800000,0.706900000,0.010300000,3,1,7,7,3,0.156400000,0.003700000,0.035200000,0.044500000,0.011600000,0.007500000,true,true,0.036600000,0.042800000,0.002100000,0.007400000,0.061200000,103,103,0
840,0,1,1920,1080,640,360,ultra-performance,0.345100000,0.021800000,0.178200000,0.002900000,0.251400000,0.022700000,0.117900000,0.606800000,0.151900000,1.700200000,1.355100000,1.698700000,0.001500000,0.003800000,0.018500000,0.009600000,0.146000000,0.002500000,0.050800000,0.002100000,0.196100000,0.000000000,0.000000000,false,disabled,84,0,103,3,7,0.004900000,0.002700000,0.001300000,0.006400000,0.003500000,0.000700000,0.314300000,0.016100000,0.140400000,0.010100000,0.006100000,0.077200000,0.000000000,0.000000000,0.012000000,0.595700000,0.011100000,3,1,7,7,3,0.086000000,0.003600000,0.034600000,0.044100000,0.011300000,0.007600000,true,true,0.017200000,0.019200000,0.001500000,0.003500000,0.038900000,103,103,0
841,1,1,1920,1080,640,360,ultra-performance,1.031300000,0.031700000,0.434800000,0.006000000,0.541500000,0.047400000,0.182200000,0.679900000,0.159300000,3.115500000,2.084200000,3.114100000,0.001400000,0.006100000,0.041900000,0.031900000,0.353900000,0.005500000,0.117600000,0.004200000,0.415100000,0.000000000,0.000000000,false,disabled,84,0,103,3,7,0.005700000,0.002200000,0.001100000,0.006800000,0.002500000,0.000300000,0.257000000,0.010000000,0.300300000,0.007500000,0.003900000,0.058600000,0.000100000,0.000000000,0.012100000,0.668100000,0.011800000,3,1,7,7,3,0.191900000,0.007500000,0.074300000,0.083600000,0.025000000,0.014900000,true,true,0.037100000,0.050000000,0.001900000,0.005800000,0.084700000,103,103,0
842,2,1,1920,1080,640,360,ultra-performance,0.001800000,0.016800000,0.185600000,0.002700000,0.257000000,0.021900000,0.114700000,0.609100000,0.153600000,1.364400000,1.362600000,1.363200000,0.001200000,0.002900000,0.016800000,0.009800000,0.155600000,0.002300000,0.060100000,0.001900000,0.192800000,0.000000000,0.000000000,false,disabled,84,0,103,3,7,0.005100000,0.002500000,0.001000000,0.006500000,0.003500000,0.000600000,0.325900000,0.016000000,0.136900000,0.009300000,0.006000000,0.076100000,0.000000000,0.000000000,0.011100000,0.600500000,0.008600000,3,1,7,7,3,0.088900000,0.003600000,0.033800000,0.039300000,0.011400000,0.007200000,true,true,0.016500000,0.024200000,0.001300000,0.003100000,0.038200000,103,103,0
843,0,1,1920,1080,640,360,ultra-performance,0.886100000,0.017500000,0.183700000,0.002500000,0.243200000,0.021600000,0.118400000,0.587700000,0.151100000,2.213200000,1.327100000,2.211800000,0.001400000,0.003000000,0.017000000,0.009600000,0.153700000,0.002300000,0.053000000,0.001900000,0.186300000,0.000000000,0.000000000,false,disabled,84,0,103,3,7,0.004200000,0.002400000,0.001100000,0.006500000,0.002400000,0.000400000,0.376400000,0.009900000,0.097500000,0.006400000,0.003600000,0.054500000,0.000100000,0.000000000,0.012100000,0.577500000,0.010200000,3,1,7,7,3,0.083700000,0.003400000,0.034300000,0.038900000,0.011200000,0.006800000,true,true,0.016900000,0.019900000,0.001200000,0.002800000,0.037400000,103,103,0
844,1,1,1920,1080,640,360,ultra-performance,1.624100000,0.024400000,0.181000000,0.002800000,0.253500000,0.023000000,0.122300000,0.622700000,0.154400000,3.009300000,1.385200000,3.008200000,0.001100000,0.003800000,0.018900000,0.010000000,0.148000000,0.002600000,0.051600000,0.002300000,0.197300000,0.000000000,0.000000000,false,disabled,84,0,103,3,7,0.004900000,0.002800000,0.001000000,0.006000000,0.002300000,0.000500000,0.360400000,0.011200000,0.137300000,0.008200000,0.004500000,0.063000000,0.000000000,0.000000000,0.012100000,0.614200000,0.008500000,3,1,7,7,3,0.085900000,0.003700000,0.035400000,0.044300000,0.011500000,0.007500000,true,true,0.017800000,0.019200000,0.001300000,0.003500000,0.038100000,103,103,0
845,2,1,1920,1080,640,360,ultra-performance,0.634900000,0.019800000,0.184600000,0.003300000,0.254500000,0.022800000,0.117600000,0.616300000,0.151900000,2.006700000,1.371800000,2.005700000,0.001000000,0.003200000,0.018400000,0.010300000,0.152200000,0.003000000,0.051600000,0.002200000,0.198300000,0.000000000,0.000000000,false,disabled,84,0,103,3,7,0.004300000,0.003000000,0.001300000,0.006700000,0.002400000,0.000400000,0.367700000,0.010300000,0.117600000,0.006400000,0.003500000,0.074100000,0.000100000,0.000000000,0.011200000,0.609000000,0.007300000,3,1,7,7,3,0.086100000,0.003800000,0.036200000,0.044400000,0.011500000,0.007500000,true,true,0.017700000,0.019400000,0.001300000,0.003900000,0.037700000,103,103,0
846,0,1,1920,1080,640,360,ultra-performance,0.987300000,0.016900000,0.177100000,0.003100000,0.247500000,0.030600000,0.116300000,0.687900000,0.141000000,2.408800000,1.421500000,2.407700000,0.001100000,0.003100000,0.018100000,0.009700000,0.145800000,0.002900000,0.052100000,0.002200000,0.191000000,0.000000000,0.000000000,false,disabled,84,0,103,3,7,0.004300000,0.002500000,0.001100000,0.006600000,0.002500000,0.000500000,0.383700000,0.019900000,0.116100000,0.013800000,0.006200000,0.110000000,0.000000000,0.000000000,0.011300000,0.678500000,0.009400000,3,1,7,7,3,0.085300000,0.003700000,0.034700000,0.040400000,0.011200000,0.007400000,true,true,0.017700000,0.019500000,0.001300000,0.003300000,0.037800000,103,103,0
847,1,1,1920,1080,640,360,ultra-performance,1.015100000,0.044800000,0.398600000,0.006300000,0.405800000,0.022400000,0.116500000,0.651800000,0.160400000,2.823000000,1.807900000,2.821700000,0.001300000,0.007700000,0.040300000,0.022300000,0.327300000,0.005700000,0.115100000,0.004800000,0.283300000,0.000000000,0.000000000,false,disabled,84,0,103,3,7,0.004300000,0.002700000,0.001100000,0.006400000,0.002500000,0.000600000,0.320400000,0.013800000,0.203100000,0.008800000,0.003400000,0.063700000,0.000000000,0.000000000,0.012000000,0.642800000,0.009000000,3,1,7,7,3,0.163400000,0.003700000,0.035400000,0.044200000,0.011400000,0.007400000,true,true,0.055000000,0.043600000,0.002000000,0.007400000,0.049100000,103,103,0
848,2,1,1920,1080,640,360,ultra-performance,0.001800000,0.017300000,0.177000000,0.002800000,0.257800000,0.021600000,0.118600000,0.463000000,0.148800000,1.209900000,1.208100000,1.208700000,0.001200000,0.003200000,0.017800000,0.009700000,0.146000000,0.002600000,0.051600000,0.002000000,0.201900000,0.000000000,0.000000000,false,disabled,84,0,103,3,7,0.004400000,0.002700000,0.001200000,0.006600000,0.002600000,0.000500000,0.274100000,0.012100000,0.044900000,0.008500000,0.004200000,0.077900000,0.000000000,0.000000000,0.011500000,0.451200000,0.011800000,3,1,7,7,3,0.093100000,0.003800000,0.035100000,0.042200000,0.011600000,0.007500000,true,true,0.017600000,0.025800000,0.001300000,0.003700000,0.038800000,103,103,0
849,0,1,1920,1080,640,360,ultra-performance,1.523500000,0.021700000,0.334000000,0.006700000,0.564200000,0.049100000,0.255900000,0.757700000,0.156100000,3.670200000,2.146700000,3.668900000,0.001300000,0.003600000,0.018600000,0.009800000,0.301100000,0.006000000,0.114700000,0.005200000,0.439500000,0.000000000,0.000000000,false,disabled,84,0,103,3,7,0.010500000,0.005900000,0.002800000,0.013100000,0.002500000,0.000400000,0.367900000,0.014700000,0.219200000,0.008800000,0.004700000,0.086300000,0.000100000,0.000000000,0.011600000,0.748500000,0.009200000,3,1,7,7,3,0.192000000,0.008200000,0.078400000,0.098900000,0.025700000,0.016700000,true,true,0.040400000,0.042700000,0.002200000,0.008200000,0.085300000,103,103,0
850,1,1,1920,1080,640,360,ultra-performance,0.001800000,0.015200000,0.181600000,0.002600000,0.251200000,0.021500000,0.113800000,0.603600000,0.255900000,1.449000000,1.447200000,1.447200000,0.001800000,0.002900000,0.017200000,0.009400000,0.151600000,0.002400000,0.050700000,0.001900000,0.196400000,0.000000000,0.000000000,false,disabled,84,0,103,3,7,0.004200000,0.002500000,0.001100000,0.006700000,0.004100000,0.000900000,0.359100000,0.020900000,0.045100000,0.013300000,0.006300000,0.098300000,0.000000000,0.000000000,0.017000000,0.579500000,0.024100000,3,1,7,7,3,0.084800000,0.003700000,0.033900000,0.047500000,0.011200000,0.007100000,true,true,0.017600000,0.019300000,0.001200000,0.003200000,0.037700000,103,103,0
851,2,1,1920,1080,640,360,ultra-performance,0.871400000,0.024600000,0.190900000,0.002800000,0.279800000,0.030100000,0.126100000,0.607000000,0.169900000,2.304200000,1.432800000,2.302600000,0.001600000,0.003900000,0.023300000,0.013000000,0.150000000,0.002500000,0.053500000,0.002200000,0.221900000,0.000000000,0.000000000,false,disabled,84,0,103,3,7,0.006600000,0.003200000,0.001300000,0.006500000,0.002500000,0.000800000,0.328700000,0.011500000,0.143400000,0.007900000,0.004400000,0.068200000,0.000000000,0.000000000,0.012500000,0.597500000,0.009500000,3,1,7,7,3,0.095900000,0.003800000,0.043700000,0.046400000,0.012200000,0.008700000,true,true,0.019100000,0.024200000,0.001500000,0.003900000,0.041100000,103,103,0
852,0,1,1920,1080,640,360,ultra-performance,0.530900000,0.016700000,0.175800000,0.002900000,0.245900000,0.021700000,0.114900000,0.518300000,0.143700000,1.772100000,1.241200000,1.770800000,0.001300000,0.003100000,0.016900000,0.009300000,0.146000000,0.002700000,0.051500000,0.002000000,0.190300000,0.000000000,0.000000000,false,disabled,84,0,103,3,7,0.005100000,0.002500000,0.001100000,0.006500000,0.002000000,0.000300000,0.376500000,0.010400000,0.003600000,0.006600000,0.004100000,0.079400000,0.000100000,0.000000000,0.012200000,0.510400000,0.007900000,3,1,7,7,3,0.085500000,0.003700000,0.034100000,0.039900000,0.011200000,0.007200000,true,true,0.017000000,0.019400000,0.001400000,0.003300000,0.038700000,103,103,0
853,1,1,1920,1080,640,360,ultra-performance,1.322100000,0.038100000,0.421500000,0.005900000,0.540100000,0.046600000,0.165300000,0.778600000,0.151700000,3.471300000,2.149200000,3.469900000,0.001400000,0.006500000,0.053700000,0.022100000,0.338200000,0.005300000,0.115200000,0.004500000,0.415700000,0.000000000,0.000000000,false,disabled,84,0,103,3,7,0.004400000,0.002600000,0.001100000,0.006300000,0.002400000,0.000700000,0.381600000,0.019900000,0.150700000,0.010700000,0.005600000,0.168700000,0.000000000,0.000000000,0.011300000,0.766000000,0.012600000,3,1,7,7,3,0.186100000,0.008000000,0.075300000,0.087300000,0.024800000,0.015700000,true,true,0.038500000,0.042900000,0.002100000,0.006800000,0.083200000,103,103,0
854,2,1,1920,1080,640,360,ultra-performance,0.001800000,0.018200000,0.186100000,0.002800000,0.253600000,0.023200000,0.119100000,0.548800000,0.143600000,1.298500000,1.296700000,1.297200000,0.001300000,0.003100000,0.018100000,0.009700000,0.154500000,0.002600000,0.052000000,0.002100000,0.197200000,0.000000000,0.000000000,false,disabled,84,0,103,3,7,0.005000000,0.002800000,0.001200000,0.006800000,0.002500000,0.000600000,0.343900000,0.010500000,0.080500000,0.007400000,0.004100000,0.062900000,0.000000000,0.000000000,0.010900000,0.539100000,0.009700000,3,1,7,7,3,0.086900000,0.003700000,0.036400000,0.042400000,0.011800000,0.007500000,true,true,0.018000000,0.019500000,0.001200000,0.003500000,0.038700000,103,103,0
855,0,1,1920,1080,640,360,ultra-performance,1.114300000,0.044300000,0.315300000,0.002800000,0.254900000,0.023100000,0.125100000,0.591800000,0.167200000,2.640100000,1.525800000,2.638800000,0.001300000,0.007800000,0.040200000,0.021700000,0.244700000,0.002500000,0.051700000,0.002100000,0.198800000,0.000000000,0.000000000,false,disabled,84,0,103,3,7,0.004700000,0.002700000,0.001200000,0.006400000,0.002500000,0.000600000,0.352700000,0.015100000,0.087700000,0.009800000,0.005000000,0.080300000,0.000000000,0.000000000,0.011700000,0.580400000,0.011400000,3,1,7,7,3,0.087000000,0.003800000,0.035700000,0.044400000,0.011500000,0.007300000,true,true,0.017500000,0.020000000,0.001300000,0.003400000,0.038900000,103,103,0
856,1,1,1920,1080,640,360,ultra-performance,0.813000000,0.024800000,0.180500000,0.002500000,0.257500000,0.023000000,0.117500000,0.473100000,0.154100000,2.047100000,1.234100000,2.046000000,0.001100000,0.004000000,0.018600000,0.010100000,0.147200000,0.002300000,0.052300000,0.002400000,0.200500000,0.000000000,0.000000000,false,disabled,84,0,103,3,7,0.005000000,0.002900000,0.001200000,0.006200000,0.002400000,0.000400000,0.325100000,0.012600000,0.025800000,0.007900000,0.004100000,0.059400000,0.000000000,0.000000000,0.011700000,0.464700000,0.008400000,3,1,7,7,3,0.088100000,0.003700000,0.035400000,0.044600000,0.011500000,0.007500000,true,true,0.018100000,0.019600000,0.001300000,0.003700000,0.039400000,103,103,0
857,2,1,1920,1080,640,360,ultra-performance,0.771800000,0.039400000,0.417200000,0.006500000,0.542500000,0.049300000,0.145400000,0.735400000,0.272500000,2.981100000,2.209300000,2.980000000,0.001100000,0.010700000,0.048300000,0.022100000,0.334900000,0.006000000,0.113600000,0.004500000,0.419800000,0.000000000,0.000000000,false,disabled,84,0,103,3,7,0.004400000,0.002600000,0.001200000,0.006400000,0.002300000,0.000300000,0.254700000,0.011600000,0.239300000,0.007300000,0.003600000,0.181100000,0.000100000,0.000000000,0.012200000,0.727100000,0.008300000,3,1,7,7,3,0.186800000,0.007900000,0.077200000,0.088200000,0.025200000,0.016000000,true,true,0.038800000,0.043000000,0.002000000,0.007900000,0.082400000,103,103,0
858,0,1,1920,1080,640,360,ultra-performance,0.001600000,0.018200000,0.198500000,0.002800000,0.245200000,0.022800000,0.113900000,0.655600000,0.141100000,1.400900000,1.399300000,1.399700000,0.001200000,0.003000000,0.016900000,0.009800000,0.168200000,0.002500000,0.050800000,0.001900000,0.190200000,0.000000000,0.000000000,false,disabled,84,0,103,3,7,0.004300000,0.002500000,0.001000000,0.006200000,0.002500000,0.000400000,0.377600000,0.021000000,0.084700000,0.014900000,0.006600000,0.112400000,0.000000000,0.000000000,0.011700000,0.645800000,0.009800000,3,1,7,7,3,0.085600000,0.003500000,0.035400000,0.039100000,0.011300000,0.007100000,true,true,0.017800000,0.019600000,0.001400000,0.003300000,0.037800000,103,103,0
859,1,1,1920,1080,640,360,ultra-performance,0.691400000,0.016000000,0.177600000,0.002600000,0.241100000,0.022200000,0.118500000,0.749100000,0.341100000,2.362400000,1.671000000,2.359600000,0.002800000,0.003100000,0.017200000,0.009600000,0.147500000,0.002500000,0.050900000,0.001900000,0.185900000,0.000000000,0.000000000,false,disabled,84,0,103,3,7,0.004400000,0.002500000,0.001100000,0.006200000,0.005700000,0.001100000,0.378400000,0.019600000,0.161000000,0.011700000,0.006800000,0.105000000,0.000000000,0.000000000,0.027900000,0.731400000,0.017700000,3,1,7,7,3,0.083600000,0.003400000,0.033400000,0.039400000,0.010900000,0.006900000,true,true,0.017000000,0.019700000,0.001200000,0.003300000,0.036700000,103,103,0
860,2,1,1920,1080,640,360,ultra-performance,1.044900000,0.025500000,0.189700000,0.002800000,0.259500000,0.023400000,0.121200000,0.827100000,0.356600000,2.853600000,1.808700000,2.850700000,0.002900000,0.003700000,0.019000000,0.010200000,0.156200000,0.002500000,0.051800000,0.002200000,0.203100000,0.000000000,0.000000000,false,disabled,84,0,103,3,7,0.005100000,0.002900000,0.001200000,0.006500000,0.005500000,0.001500000,0.403500000,0.026700000,0.171100000,0.015900000,0.009000000,0.120500000,0.000100000,0.000000000,0.035600000,0.805100000,0.022000000,3,1,7,7,3,0.088300000,0.003700000,0.036700000,0.045000000,0.011600000,0.007900000,true,true,0.018100000,0.019700000,0.001300000,0.003800000,0.039500000,103,103,0
861,0,1,1920,1080,640,360,ultra-performance,0.186800000,0.019100000,0.184100000,0.002900000,0.262600000,0.024400000,0.120200000,0.581000000,0.154100000,1.536600000,1.349800000,1.535200000,0.001400000,0.003600000,0.018900000,0.010800000,0.150300000,0.002700000,0.051900000,0.002300000,0.206100000,0.000000000,0.000000000,false,disabled,84,0,103,3,7,0.005100000,0.002700000,0.001300000,0.007100000,0.003700000,0.000600000,0.328700000,0.015200000,0.079900000,0.009500000,0.006200000,0.095000000,0.000000000,0.000000000,0.012200000,0.567200000,0.013800000,3,1,7,7,3,0.092000000,0.003900000,0.037500000,0.043800000,0.012100000,0.007900000,true,true,0.017800000,0.023800000,0.001200000,0.003700000,0.039700000,103,103,0
862,1,1,1920,1080,640,360,ultra-performance,0.949800000,0.021600000,0.180000000,0.002800000,0.258900000,0.023300000,0.119400000,0.527300000,0.151100000,2.235400000,1.285600000,2.234200000,0.001200000,0.003700000,0.018900000,0.010400000,0.146600000,0.002600000,0.051400000,0.002500000,0.203000000,0.000000000,0.000000000,false,disabled,84,0,103,3,7,0.004900000,0.002700000,0.001200000,0.006400000,0.003500000,0.000600000,0.329900000,0.017000000,0.040800000,0.009800000,0.006000000,0.077600000,0.000000000,0.000000000,0.018400000,0.518800000,0.008500000,3,1,7,7,3,0.088900000,0.003900000,0.036200000,0.045000000,0.011800000,0.007900000,true,true,0.017900000,0.019500000,0.001400000,0.003700000,0.040400000,103,103,0
863,2,1,1920,1080,640,360,ultra-performance,0.744000000,0.023300000,0.180100000,0.003200000,0.263100000,0.025500000,0.124000000,0.673000000,0.159200000,2.196600000,1.452600000,2.195400000,0.001200000,0.003200000,0.018400000,0.010100000,0.148000000,0.003000000,0.052000000,0.002400000,0.206300000,0.000000000,0.000000000,false,disabled,84,0,103,3,7,0.004700000,0.003100000,0.001200000,0.007100000,0.003000000,0.000800000,0.361100000,0.016000000,0.168300000,0.010000000,0.005300000,0.065000000,0.000000000,0.000000000,0.012600000,0.658200000,0.014800000,3,1,7,7,3,0.087500000,0.004100000,0.038100000,0.046300000,0.012900000,0.008200000,true,true,0.018100000,0.019500000,0.001400000,0.003400000,0.038700000,103,103,0
864,0,1,1920,1080,640,360,ultra-performance,0.851800000,0.022200000,0.181000000,0.003000000,0.259900000,0.024000000,0.119200000,0.527400000,0.149100000,2.138900000,1.287100000,2.137600000,0.001300000,0.003200000,0.019200000,0.010400000,0.147700000,0.002600000,0.051500000,0.002600000,0.203700000,0.000000000,0.000000000,false,disabled,84,0,103,3,7,0.005100000,0.002700000,0.001100000,0.006400000,0.002600000,0.000500000,0.390200000,0.010200000,0.010200000,0.009200000,0.004300000,0.061200000,0.000000000,0.000000000,0.011500000,0.515200000,0.012200000,3,1,7,7,3,0.089000000,0.003600000,0.037000000,0.045000000,0.011600000,0.008000000,true,true,0.017400000,0.019900000,0.001400000,0.003700000,0.040600000,103,103,0
865,1,1,1920,1080,640,360,ultra-performance,0.779800000,0.044200000,0.403500000,0.006300000,0.538700000,0.047100000,0.110600000,0.506200000,0.158600000,2.596500000,1.816700000,2.595000000,0.001500000,0.005800000,0.039900000,0.029400000,0.327400000,0.005900000,0.115000000,0.004700000,0.414300000,0.000000000,0.000000000,false,disabled,84,0,103,3,7,0.005700000,0.001900000,0.001100000,0.006800000,0.003600000,0.000600000,0.313100000,0.014900000,0.046000000,0.009500000,0.006300000,0.075700000,0.000000000,0.000000000,0.011700000,0.496900000,0.009300000,3,1,7,7,3,0.187900000,0.007900000,0.077700000,0.083400000,0.024400000,0.015200000,true,true,0.038600000,0.042500000,0.001900000,0.005800000,0.086400000,103,103,0
866,2,1,1920,1080,640,360,ultra-performance,0.876800000,0.019800000,0.275400000,0.009900000,0.573900000,0.049000000,0.258000000,0.804000000,0.189100000,3.057400000,2.180600000,3.055900000,0.001500000,0.003200000,0.017900000,0.010100000,0.243300000,0.008800000,0.128600000,0.004800000,0.435600000,0.000000000,0.000000000,false,disabled,84,0,103,3,7,0.009600000,0.006000000,0.002700000,0.014800000,0.002500000,0.000600000,0.438700000,0.011600000,0.216500000,0.008200000,0.004500000,0.064500000,0.000000000,0.000000000,0.012100000,0.792300000,0.011700000,3,1,7,7,3,0.190600000,0.008500000,0.078900000,0.094700000,0.026200000,0.016700000,true,true,0.038500000,0.043300000,0.002000000,0.008100000,0.085900000,103,103,0
867,0,1,1920,1080,640,360,ultra-performance,0.001700000,0.017700000,0.187000000,0.002600000,0.259600000,0.022600000,0.115300000,0.510100000,0.151400000,1.269300000,1.267600000,1.268000000,0.001300000,0.003100000,0.017100000,0.010300000,0.156200000,0.002300000,0.054400000,0.002000000,0.201000000,0.000000000,0.000000000,false,disabled,84,0,103,3,7,0.004800000,0.002400000,0.001100000,0.006600000,0.003400000,0.000600000,0.307500000,0.014000000,0.021700000,0.008700000,0.005000000,0.114400000,0.000000000,0.000000000,0.011500000,0.501700000,0.008400000,3,1,7,7,3,0.086700000,0.003600000,0.043500000,0.040000000,0.011400000,0.007100000,true,true,0.017800000,0.020000000,0.001200000,0.003300000,0.038800000,103,103,0
868,1,1,1920,1080,640,360,ultra-performance,1.107500000,0.014900000,0.185800000,0.003200000,0.241800000,0.021300000,0.109000000,0.558600000,0.150500000,2.394000000,1.286500000,2.392600000,0.001400000,0.002900000,0.016800000,0.010500000,0.155200000,0.002900000,0.054300000,0.001900000,0.183600000,0.000000000,0.000000000,false,disabled,84,0,103,3,7,0.004200000,0.002200000,0.001000000,0.006200000,0.002300000,0.000300000,0.355500000,0.008500000,0.098100000,0.006100000,0.003500000,0.051900000,0.000100000,0.000000000,0.011100000,0.551000000,0.007600000,3,1,7,7,3,0.083900000,0.003400000,0.033300000,0.037100000,0.010900000,0.006600000,true,true,0.017000000,0.020400000,0.001200000,0.002900000,0.036800000,103,103,0
869,2,1,1920,1080,640,360,ultra-performance,1.383000000,0.022500000,0.180100000,0.003100000,0.252300000,0.022100000,0.117800000,0.657000000,0.155000000,2.794400000,1.411400000,2.792900000,0.001500000,0.003700000,0.018600000,0.010500000,0.146900000,0.002800000,0.051700000,0.002100000,0.196200000,0.000000000,0.000000000,false,disabled,84,0,103,3,7,0.004300000,0.002800000,0.001200000,0.006200000,0.002400000,0.000400000,0.301500000,0.011500000,0.219400000,0.009300000,0.004800000,0.067000000,0.000000000,0.000000000,0.011200000,0.642000000,0.015000000,3,1,7,7,3,0.084600000,0.003700000,0.035500000,0.044600000,0.011400000,0.007600000,true,true,0.017100000,0.019100000,0.001200000,0.003600000,0.037800000,103,103,0
870,0,1,1920,1080,640,360,ultra-performance,0.572900000,0.017300000,0.177100000,0.003000000,0.248000000,0.022000000,0.114300000,0.554000000,0.144800000,1.854500000,1.281600000,1.853400000,0.001100000,0.003000000,0.017500000,0.010300000,0.145900000,0.002700000,0.050800000,0.002100000,0.192800000,0.000000000,0.000000000,false,disabled,84,0,103,3,7,0.004900000,0.002400000,0.001000000,0.006500000,0.002200000,0.000500000,0.326200000,0.011000000,0.072100000,0.007700000,0.004300000,0.094100000,0.000000000,0.000000000,0.011200000,0.544100000,0.009900000,3,1,7,7,3,0.087100000,0.003600000,0.034700000,0.039700000,0.011800000,0.007400000,true,true,0.017600000,0.022000000,0.001200000,0.003200000,0.037400000,103,103,0
871,1,1,1920,1080,640,360,ultra-performance,1.348600000,0.019000000,0.252000000,0.006600000,0.572000000,0.048700000,0.240800000,0.924400000,0.165200000,3.578700000,2.230100000,3.577300000,0.001400000,0.003600000,0.018300000,0.010400000,0.219100000,0.006100000,0.140100000,0.004700000,0.422200000,0.000000000,0.000000000,false,disabled,84,0,103,3,7,0.011100000,0.005600000,0.002600000,0.015400000,0.003300000,0.000700000,0.435000000,0.017100000,0.268400000,0.010200000,0.005800000,0.126700000,0.000100000,0.000000000,0.010100000,0.912100000,0.012300000,3,1,7,7,3,0.188400000,0.008100000,0.078200000,0.088100000,0.024900000,0.015800000,true,true,0.040300000,0.042400000,0.002100000,0.007400000,0.083700000,103,103,0
872,2,1,1920,1080,640,360,ultra-performance,0.001700000,0.022200000,0.189800000,0.003000000,0.249000000,0.022500000,0.124900000,0.560700000,0.152000000,1.326900000,1.325200000,1.325800000,0.001100000,0.003200000,0.017400000,0.009800000,0.159100000,0.002800000,0.051000000,0.002200000,0.193400000,0.000000000,0.000000000,false,disabled,84,0,103,3,7,0.005400000,0.002700000,0.001100000,0.006600000,0.002400000,0.000600000,0.302800000,0.014200000,0.117900000,0.008200000,0.004200000,0.072600000,0.000100000,0.000000000,0.011000000,0.549800000,0.010900000,3,1,7,7,3,0.085400000,0.003600000,0.035100000,0.041900000,0.011300000,0.007400000,true,true,0.017500000,0.019400000,0.001300000,0.003500000,0.038100000,103,103,0
873,0,1,1920,1080,640,360,ultra-performance,0.882900000,0.015600000,0.178400000,0.003000000,0.242700000,0.022200000,0.108600000,0.589200000,0.146700000,2.190600000,1.307700000,2.189300000,0.001300000,0.002800000,0.016700000,0.010200000,0.148300000,0.002700000,0.050700000,0.001900000,0.187900000,0.000000000,0.000000000,false,disabled,84,0,103,3,7,0.007200000,0.002100000,0.001000000,0.006200000,0.002200000,0.000500000,0.305100000,0.009100000,0.170100000,0.006200000,0.003800000,0.053800000,0.000000000,0.000000000,0.010900000,0.578200000,0.011000000,3,1,7,7,3,0.086900000,0.003300000,0.034000000,0.038000000,0.011000000,0.006300000,true,true,0.017100000,0.023800000,0.001100000,0.002800000,0.036700000,103,103,0
874,1,1,1920,1080,640,360,ultra-performance,1.073200000,0.022700000,0.188900000,0.003000000,0.257700000,0.022200000,0.123300000,0.692400000,0.155000000,2.539700000,1.466500000,2.538400000,0.001300000,0.003700000,0.018800000,0.010600000,0.155300000,0.002700000,0.051800000,0.002200000,0.201400000,0.000000000,0.000000000,false,disabled,84,0,103,3,7,0.006700000,0.002700000,0.001100000,0.006000000,0.002500000,0.000500000,0.376800000,0.026800000,0.099300000,0.019800000,0.009000000,0.118200000,0.000100000,0.000000000,0.010600000,0.680100000,0.012300000,3,1,7,7,3,0.089300000,0.003600000,0.035400000,0.044200000,0.011700000,0.007800000,true,true,0.018200000,0.022200000,0.001200000,0.003700000,0.038300000,103,103,0
875,2,1,1920,1080,640,360,ultra-performance,0.619000000,0.018300000,0.321400000,0.006000000,0.547500000,0.047100000,0.247600000,0.633700000,0.241700000,2.683500000,2.064500000,2.682300000,0.001200000,0.003200000,0.017200000,0.009800000,0.290600000,0.005600000,0.115500000,0.004700000,0.422700000,0.000000000,0.000000000,false,disabled,84,0,103,3,7,0.027300000,0.005700000,0.002700000,0.014500000,0.002200000,0.000400000,0.364900000,0.011200000,0.111600000,0.007800000,0.003700000,0.063000000,0.000100000,0.000000000,0.010900000,0.626000000,0.007700000,3,1,7,7,3,0.189200000,0.008100000,0.076900000,0.089500000,0.025100000,0.015400000,true,true,0.040200000,0.043500000,0.001900000,0.007200000,0.084200000,103,103,0
876,0,1,1920,1080,640,360,ultra-performance,0.001600000,0.017300000,0.183000000,0.002700000,0.254700000,0.022300000,0.113400000,0.468400000,0.138100000,1.202400000,1.200800000,1.201500000,0.000900000,0.002900000,0.017100000,0.009500000,0.153100000,0.002600000,0.053600000,0.001800000,0.196900000,0.000000000,0.000000000,false,disabled,84,0,103,3,7,0.004500000,0.002500000,0.001000000,0.006500000,0.002300000,0.000300000,0.299100000,0.010500000,0.055500000,0.006200000,0.003700000,0.058000000,0.000100000,0.000000000,0.010500000,0.460700000,0.007700000,3,1,7,7,3,0.085100000,0.003600000,0.034000000,0.047700000,0.011200000,0.007000000,true,true,0.017700000,0.020300000,0.001200000,0.003100000,0.037300000,103,103,0
877,1,1,1920,1080,640,360,ultra-performance,0.969000000,0.016900000,0.183600000,0.002800000,0.243300000,0.021300000,0.120400000,0.492100000,0.155600000,2.206600000,1.237600000,2.205000000,0.001600000,0.003100000,0.017000000,0.009600000,0.153500000,0.002600000,0.052800000,0.002000000,0.186200000,0.000000000,0.000000000,false,disabled,84,0,103,3,7,0.004500000,0.002500000,0.001300000,0.006700000,0.002400000,0.000600000,0.338100000,0.011600000,0.031300000,0.008200000,0.003800000,0.058600000,0.000000000,0.000000000,0.010600000,0.480200000,0.011900000,3,1,7,7,3,0.083700000,0.003500000,0.033900000,0.039200000,0.011000000,0.006800000,true,true,0.017200000,0.019800000,0.001300000,0.003200000,0.036900000,103,103,0
878,2,1,1920,1080,640,360,ultra-performance,1.422000000,0.022600000,0.290800000,0.005900000,0.560100000,0.047900000,0.250400000,0.676000000,0.158100000,3.435100000,2.013100000,3.433800000,0.001300000,0.003700000,0.018100000,0.010000000,0.258200000,0.005300000,0.114400000,0.005000000,0.436100000,0.000000000,0.000000000,false,disabled,84,0,103,3,7,0.012400000,0.005700000,0.002700000,0.015000000,0.002400000,0.000700000,0.372700000,0.015300000,0.126700000,0.011400000,0.005500000,0.081400000,0.000000000,0.000000000,0.010700000,0.662600000,0.013400000,3,1,7,7,3,0.190900000,0.008100000,0.078600000,0.097400000,0.025700000,0.016000000,true,true,0.039400000,0.044000000,0.001900000,0.007900000,0.085000000,103,103,0
879,0,1,1920,1080,640,360,ultra-performance,0.001800000,0.015900000,0.176500000,0.002500000,0.256400000,0.022200000,0.112200000,0.514400000,0.153700000,1.256800000,1.255000000,1.255600000,0.001200000,0.002800000,0.016600000,0.009900000,0.146700000,0.002100000,0.051600000,0.002000000,0.200500000,0.000000000,0.000000000,false,disabled,84,0,103,3,7,0.006600000,0.002600000,0.001100000,0.006400000,0.002300000,0.000400000,0.328000000,0.010600000,0.027200000,0.007800000,0.004100000,0.096100000,0.000100000,0.000000000,0.011200000,0.504500000,0.009900000,3,1,7,7,3,0.088600000,0.003400000,0.034200000,0.039300000,0.011200000,0.015200000,true,true,0.017800000,0.023700000,0.001200000,0.003300000,0.037200000,103,103,0
880,1,1,1920,1080,640,360,ultra-performance,0.966300000,0.017200000,0.177600000,0.002900000,0.247000000,0.028800000,0.111800000,0.509800000,0.158700000,2.221200000,1.254900000,2.220100000,0.001100000,0.003100000,0.017200000,0.009700000,0.147300000,0.002600000,0.050400000,0.002000000,0.192400000,0.000000000,0.000000000,false,disabled,84,0,103,3,7,0.007200000,0.002400000,0.001100000,0.006600000,0.002700000,0.000600000,0.304900000,0.013000000,0.072400000,0.008500000,0.004200000,0.068000000,0.000100000,0.000000000,0.010200000,0.501900000,0.007900000,3,1,7,7,3,0.088600000,0.003500000,0.034100000,0.039700000,0.010900000,0.007600000,true,true,0.017700000,0.024000000,0.001200000,0.003100000,0.037100000,103,103,0
881,2,1,1920,1080,640,360,ultra-performance,0.836200000,0.043200000,0.410500000,0.007200000,0.395300000,0.023900000,0.120600000,0.489200000,0.154000000,2.481200000,1.645000000,2.480100000,0.001100000,0.007900000,0.041500000,0.021900000,0.338100000,0.006600000,0.117000000,0.005300000,0.270100000,0.000000000,0.000000000,false,disabled,84,0,103,3,7,0.004600000,0.003000000,0.001300000,0.007300000,0.003500000,0.000600000,0.305300000,0.015600000,0.037700000,0.010300000,0.005600000,0.073000000,0.000100000,0.000000000,0.011500000,0.479400000,0.009800000,3,1,7,7,3,0.145700000,0.004000000,0.037000000,0.045200000,0.012300000,0.007800000,true,true,0.039300000,0.044100000,0.002000000,0.007700000,0.046600000,103,103,0
882,0,1,1920,1080,640,360,ultra-performance,0.858700000,0.019300000,0.186400000,0.003300000,0.268200000,0.024600000,0.123000000,0.663800000,0.160700000,2.309200000,1.450500000,2.308000000,0.001200000,0.003400000,0.019100000,0.010400000,0.153100000,0.003000000,0.053700000,0.002400000,0.209500000,0.000000000,0.000000000,false,disabled,84,0,103,3,7,0.004600000,0.002700000,0.001300000,0.007100000,0.005000000,0.001300000,0.413700000,0.020700000,0.037400000,0.013500000,0.006500000,0.127400000,0.000000000,0.000000000,0.010900000,0.652100000,0.011700000,3,1,7,7,3,0.086600000,0.003900000,0.037200000,0.051800000,0.012800000,0.008100000,true,true,0.017600000,0.019600000,0.001300000,0.003700000,0.038100000,103,103,0
883,1,1,1920,1080,640,360,ultra-performance,0.983000000,0.022200000,0.188100000,0.003400000,0.261000000,0.023500000,0.118400000,0.571100000,0.153700000,2.325600000,1.342600000,2.324400000,0.001200000,0.003700000,0.018800000,0.009700000,0.155300000,0.003000000,0.052200000,0.002200000,0.204000000,0.000000000,0.000000000,false,disabled,84,0,103,3,7,0.006300000,0.002900000,0.001100000,0.006500000,0.002400000,0.000600000,0.335100000,0.016000000,0.098600000,0.010500000,0.005000000,0.064200000,0.000000000,0.000000000,0.010700000,0.559900000,0.011200000,3,1,7,7,3,0.085300000,0.004100000,0.035700000,0.049900000,0.012400000,0.007400000,true,true,0.018000000,0.019400000,0.001200000,0.003800000,0.037200000,103,103,0
884,2,1,1920,1080,640,360,ultra-performance,0.662500000,0.020500000,0.184000000,0.002800000,0.258200000,0.023600000,0.118000000,0.511500000,0.125000000,1.907200000,1.244700000,1.906100000,0.001100000,0.003300000,0.019300000,0.014200000,0.146900000,0.002600000,0.051800000,0.002200000,0.201800000,0.000000000,0.000000000,false,disabled,84,0,103,3,7,0.005400000,0.003000000,0.001300000,0.006700000,0.002300000,0.000500000,0.346800000,0.012700000,0.035800000,0.006800000,0.003600000,0.069400000,0.000000000,0.000000000,0.010100000,0.504400000,0.007100000,3,1,7,7,3,0.087400000,0.003600000,0.036600000,0.045300000,0.011600000,0.007700000,true,true,0.018000000,0.019600000,0.001400000,0.003600000,0.039100000,103,103,0
885,0,1,1920,1080,640,360,ultra-performance,1.060100000,0.023600000,0.178300000,0.002900000,0.249300000,0.022600000,0.116000000,0.625700000,0.155700000,2.435400000,1.375300000,2.434200000,0.001200000,0.003700000,0.018700000,0.009400000,0.146000000,0.002600000,0.051000000,0.002200000,0.193700000,0.000000000,0.000000000,false,disabled,84,0,103,3,7,0.004200000,0.002900000,0.001200000,0.006300000,0.002300000,0.000500000,0.275900000,0.011400000,0.225300000,0.008100000,0.004100000,0.063900000,0.000000000,0.000000000,0.010800000,0.616900000,0.008800000,3,1,7,7,3,0.084000000,0.003600000,0.034800000,0.044100000,0.011100000,0.007200000,true,true,0.017500000,0.019100000,0.001300000,0.003500000,0.037200000,103,103,0
886,1,1,1920,1080,640,360,ultra-performance,0.646100000,0.022700000,0.179000000,0.002900000,0.251700000,0.022600000,0.115400000,0.774200000,0.185000000,2.202300000,1.556200000,2.199600000,0.002700000,0.003800000,0.018400000,0.009600000,0.146800000,0.002500000,0.051300000,0.002200000,0.195900000,0.000000000,0.000000000,false,disabled,84,0,103,3,7,0.004700000,0.002700000,0.001100000,0.006500000,0.005400000,0.001400000,0.429100000,0.026900000,0.102500000,0.018500000,0.009400000,0.124700000,0.000100000,0.000000000,0.023300000,0.756300000,0.017900000,3,1,7,7,3,0.085200000,0.003600000,0.035400000,0.043900000,0.011300000,0.007500000,true,true,0.017700000,0.019300000,0.001200000,0.003800000,0.037300000,103,103,0
887,2,1,1920,1080,640,360,ultra-performance,0.832000000,0.044200000,0.404700000,0.005900000,0.468800000,0.022800000,0.116400000,0.615900000,0.162500000,2.674400000,1.842400000,2.673200000,0.001200000,0.007900000,0.040200000,0.021800000,0.333500000,0.005300000,0.114300000,0.004400000,0.347500000,0.000000000,0.000000000,false,disabled,84,0,103,3,7,0.006000000,0.002800000,0.001500000,0.006400000,0.003400000,0.000600000,0.333000000,0.017000000,0.146600000,0.007800000,0.004900000,0.065900000,0.000100000,0.000000000,0.011300000,0.607300000,0.008600000,3,1,7,7,3,0.185900000,0.007800000,0.072800000,0.044100000,0.011400000,0.007400000,true,true,0.038000000,0.043100000,0.002200000,0.007400000,0.082900000,103,103,0
888,0,1,1920,1080,640,360,ultra-performance,0.001700000,0.017800000,0.177700000,0.003200000,0.245400000,0.022700000,0.123400000,0.514000000,0.150800000,1.257600000,1.255900000,1.256700000,0.000900000,0.003300000,0.018100000,0.009300000,0.146500000,0.002900000,0.051000000,0.002000000,0.190200000,0.000000000,0.000000000,false,disabled,84,0,103,3,7,0.004800000,0.002600000,0.001100000,0.006500000,0.003100000,0.000500000,0.307100000,0.015600000,0.070100000,0.008800000,0.005800000,0.068900000,0.000100000,0.000000000,0.011100000,0.506100000,0.007900000,3,1,7,7,3,0.084000000,0.003700000,0.034300000,0.041500000,0.011100000,0.007300000,true,true,0.017300000,0.019200000,0.001300000,0.003400000,0.037100000,103,103,0
889,1,1,1920,1080,640,360,ultra-performance,1.262600000,0.020600000,0.175500000,0.002800000,0.246500000,0.021700000,0.119400000,0.551200000,0.154100000,2.555400000,1.292800000,2.554400000,0.001000000,0.003700000,0.018700000,0.009400000,0.143300000,0.002400000,0.050600000,0.002100000,0.191500000,0.000000000,0.000000000,false,disabled,84,0,103,3,7,0.004500000,0.002700000,0.001300000,0.006200000,0.002300000,0.000400000,0.322400000,0.011100000,0.097700000,0.008200000,0.004500000,0.071600000,0.000100000,0.000000000,0.010300000,0.543300000,0.007900000,3,1,7,7,3,0.083200000,0.003500000,0.034300000,0.043700000,0.011100000,0.007200000,true,true,0.017200000,0.019400000,0.001200000,0.003400000,0.036500000,103,103,0
890,2,1,1920,1080,640,360,ultra-performance,0.847800000,0.017100000,0.189000000,0.002500000,0.245400000,0.020600000,0.115800000,0.632900000,0.154900000,2.227100000,1.379300000,2.226000000,0.001100000,0.003000000,0.017100000,0.009100000,0.159200000,0.002300000,0.052900000,0.002200000,0.188200000,0.000000000,0.000000000,false,disabled,84,0,103,3,7,0.004700000,0.002500000,0.001000000,0.006400000,0.002200000,0.000400000,0.479500000,0.010600000,0.032400000,0.006800000,0.004400000,0.060800000,0.000000000,0.000000000,0.010500000,0.622200000,0.010700000,3,1,7,7,3,0.084500000,0.003500000,0.033900000,0.039500000,0.011400000,0.006900000,true,true,0.017200000,0.019900000,0.001300000,0.003300000,0.037400000,103,103,0
891,0,1,1920,1080,640,360,ultra-performance,1.071700000,0.015500000,0.184300000,0.003000000,0.253100000,0.022300000,0.113000000,0.601800000,0.153900000,2.419800000,1.348100000,2.418600000,0.001200000,0.003100000,0.017700000,0.009200000,0.154000000,0.002700000,0.053100000,0.002000000,0.195600000,0.000000000,0.000000000,false,disabled,84,0,103,3,7,0.006200000,0.002500000,0.001200000,0.006400000,0.003300000,0.000700000,0.313700000,0.013900000,0.144100000,0.009100000,0.005100000,0.074700000,0.000000000,0.000000000,0.009800000,0.590700000,0.011100000,3,1,7,7,3,0.084000000,0.003400000,0.042400000,0.039300000,0.011100000,0.006900000,true,true,0.017200000,0.019800000,0.001300000,0.003300000,0.037100000,103,103,0
892,1,1,1920,1080,640,360,ultra-performance,0.708800000,0.019400000,0.180400000,0.003000000,0.261200000,0.023500000,0.121000000,0.567900000,0.152100000,2.038700000,1.329900000,2.037300000,0.001400000,0.003200000,0.018400000,0.009800000,0.148600000,0.002700000,0.052000000,0.002300000,0.204500000,0.000000000,0.000000000,false,disabled,84,0,103,3,7,0.005800000,0.002800000,0.001200000,0.007300000,0.003400000,0.001100000,0.352600000,0.016200000,0.033100000,0.009400000,0.005800000,0.106200000,0.000100000,0.000000000,0.011300000,0.556300000,0.011600000,3,1,7,7,3,0.087700000,0.004000000,0.037400000,0.045600000,0.012500000,0.008100000,true,true,0.017900000,0.019800000,0.001200000,0.003500000,0.039500000,103,103,0
893,2,1,1920,1080,640,360,ultra-performance,1.135500000,0.019500000,0.178000000,0.002800000,0.251400000,0.022700000,0.117600000,0.574400000,0.146200000,2.449300000,1.313800000,2.448100000,0.001200000,0.003300000,0.018100000,0.009600000,0.146600000,0.002600000,0.052600000,0.002100000,0.194300000,0.000000000,0.000000000,false,disabled,84,0,103,3,7,0.005900000,0.002700000,0.001300000,0.006600000,0.002400000,0.000400000,0.349900000,0.011200000,0.095500000,0.007300000,0.004200000,0.063900000,0.000000000,0.000000000,0.010700000,0.562000000,0.012400000,3,1,7,7,3,0.084500000,0.003600000,0.036400000,0.042300000,0.011300000,0.007400000,true,true,0.017700000,0.019000000,0.001300000,0.003600000,0.037400000,103,103,0
894,0,1,1920,1080,640,360,ultra-performance,0.625600000,0.022900000,0.179600000,0.003400000,0.253700000,0.022900000,0.116700000,0.541200000,0.151600000,1.918600000,1.293000000,1.917600000,0.001000000,0.003800000,0.018900000,0.009800000,0.146600000,0.003100000,0.051000000,0.002500000,0.197900000,0.000000000,0.000000000,false,disabled,84,0,103,3,7,0.007600000,0.002600000,0.001100000,0.006300000,0.003600000,0.000600000,0.336700000,0.016200000,0.054000000,0.010300000,0.006100000,0.076800000,0.000100000,0.000000000,0.009700000,0.531700000,0.009500000,3,1,7,7,3,0.085600000,0.003600000,0.035800000,0.044500000,0.011800000,0.007400000,true,true,0.017300000,0.019800000,0.001300000,0.003800000,0.037600000,103,103,0
895,1,1,1920,1080,640,360,ultra-performance,1.025900000,0.037600000,0.400300000,0.006900000,0.536400000,0.024000000,0.128500000,0.717800000,0.172300000,3.051000000,2.025100000,3.049700000,0.001300000,0.007000000,0.039500000,0.021600000,0.331200000,0.006200000,0.117100000,0.005100000,0.411400000,0.000000000,0.000000000,false,disabled,84,0,103,3,7,0.004800000,0.002700000,0.001200000,0.007300000,0.002300000,0.000400000,0.366200000,0.012500000,0.200700000,0.008200000,0.004200000,0.086000000,0.000000000,0.000000000,0.009700000,0.706200000,0.011600000,3,1,7,7,3,0.192400000,0.008900000,0.082400000,0.088900000,0.012400000,0.007900000,true,true,0.039100000,0.043900000,0.002100000,0.007400000,0.086800000,103,103,0
896,2,1,1920,1080,640,360,ultra-performance,0.001700000,0.016900000,0.197800000,0.003000000,0.259400000,0.023500000,0.131800000,0.488800000,0.137900000,1.262200000,1.260500000,1.260800000,0.001400000,0.003100000,0.017400000,0.009700000,0.167200000,0.002800000,0.054100000,0.002200000,0.200500000,0.000000000,0.000000000,false,disabled,84,0,103,3,7,0.006000000,0.002600000,0.001200000,0.007300000,0.002400000,0.000400000,0.297200000,0.010500000,0.064300000,0.008500000,0.004200000,0.062400000,0.000100000,0.000000000,0.009900000,0.477000000,0.011800000,3,1,7,7,3,0.091200000,0.003700000,0.036300000,0.040600000,0.012200000,0.008100000,true,true,0.018100000,0.024400000,0.001200000,0.003200000,0.038700000,103,103,0
897,0,1,1920,1080,640,360,ultra-performance,0.995700000,0.018200000,0.186900000,0.003200000,0.259100000,0.023500000,0.120200000,0.566400000,0.153500000,2.327600000,1.331900000,2.326700000,0.000900000,0.003200000,0.018000000,0.009600000,0.155700000,0.003000000,0.054600000,0.002500000,0.199600000,0.000000000,0.000000000,false,disabled,84,0,103,3,7,0.007300000,0.002700000,0.001300000,0.007200000,0.002900000,0.000400000,0.360900000,0.012000000,0.076700000,0.008400000,0.004900000,0.059600000,0.000100000,0.000000000,0.009900000,0.554300000,0.012100000,3,1,7,7,3,0.087900000,0.003700000,0.037700000,0.041400000,0.012400000,0.008100000,true,true,0.018000000,0.020400000,0.001400000,0.003400000,0.039200000,103,103,0
898,1,1,1920,1080,640,360,ultra-performance,1.243500000,0.018900000,0.187300000,0.002900000,0.253000000,0.023400000,0.115700000,0.504700000,0.141600000,2.492400000,1.248900000,2.491000000,0.001400000,0.003200000,0.017900000,0.009400000,0.156400000,0.002700000,0.053700000,0.002400000,0.194600000,0.000000000,0.000000000,false,disabled,84,0,103,3,7,0.006400000,0.002500000,0.001200000,0.007100000,0.002200000,0.000300000,0.329100000,0.010800000,0.053900000,0.007500000,0.003700000,0.062900000,0.000000000,0.000000000,0.009800000,0.497400000,0.007300000,3,1,7,7,3,0.086000000,0.003800000,0.035900000,0.040600000,0.012100000,0.007700000,true,true,0.017800000,0.020300000,0.001100000,0.003100000,0.038200000,103,103,0
899,2,1,1920,1080,640,360,ultra-performance,0.749200000,0.018400000,0.186400000,0.003000000,0.247500000,0.022000000,0.115100000,0.540300000,0.145400000,2.028300000,1.279100000,2.027300000,0.001000000,0.003100000,0.017300000,0.009500000,0.156000000,0.002700000,0.053100000,0.002200000,0.189900000,0.000000000,0.000000000,false,disabled,84,0,103,3,7,0.004900000,0.002600000,0.001100000,0.007200000,0.002400000,0.000400000,0.378200000,0.010300000,0.042300000,0.007200000,0.004000000,0.057500000,0.000000000,0.000000000,0.010000000,0.528100000,0.012200000,3,1,7,7,3,0.084400000,0.003600000,0.035000000,0.039900000,0.011600000,0.007300000,true,true,0.017100000,0.019900000,0.001400000,0.003400000,0.037300000,103,103,0
900,0,1,1920,1080,640,360,ultra-performance,1.061100000,0.018300000,0.184700000,0.002800000,0.255800000,0.022200000,0.115300000,0.622900000,0.151000000,2.435300000,1.374200000,2.434100000,0.001200000,0.003100000,0.017700000,0.009600000,0.153900000,0.002600000,0.053600000,0.002300000,0.197600000,0.000000000,0.000000000,false,disabled,84,0,103,3,7,0.008100000,0.002600000,0.001100000,0.006900000,0.002400000,0.000500000,0.363800000,0.011100000,0.132100000,0.006800000,0.004200000,0.062100000,0.000000000,0.000000000,0.009500000,0.611200000,0.011700000,3,1,7,7,3,0.091200000,0.003600000,0.035300000,0.039900000,0.011700000,0.007400000,true,true,0.017800000,0.025200000,0.001300000,0.002900000,0.038400000,103,103,0
901,1,1,1920,1080,640,360,ultra-performance,0.640400000,0.016600000,0.185900000,0.002500000,0.248000000,0.021700000,0.115100000,0.714500000,0.169000000,2.114800000,1.474400000,2.113700000,0.001100000,0.003000000,0.017300000,0.009500000,0.155800000,0.002300000,0.053300000,0.002200000,0.190200000,0.000000000,0.000000000,false,disabled,84,0,103,3,7,0.006300000,0.002500000,0.001200000,0.006900000,0.002600000,0.000400000,0.445700000,0.010600000,0.145000000,0.007600000,0.004600000,0.060200000,0.000000000,0.000000000,0.009600000,0.703200000,0.011300000,3,1,7,7,3,0.084800000,0.003500000,0.035400000,0.039500000,0.011200000,0.007500000,true,true,0.017400000,0.020200000,0.001700000,0.003200000,0.036800000,103,103,0
902,2,1,1920,1080,640,360,ultra-performance,1.247100000,0.027200000,0.184000000,0.002900000,0.301700000,0.024700000,0.119200000,0.712200000,0.316300000,2.937600000,1.690500000,2.935300000,0.002300000,0.004400000,0.020000000,0.010600000,0.148600000,0.002600000,0.055700000,0.002600000,0.240800000,0.000000000,0.000000000,false,disabled,84,0,103,3,7,0.008000000,0.003100000,0.001200000,0.007000000,0.005700000,0.001400000,0.390500000,0.021300000,0.077600000,0.013700000,0.007100000,0.135600000,0.000000000,0.000000000,0.022400000,0.694600000,0.017600000,3,1,7,7,3,0.108700000,0.005300000,0.043600000,0.047000000,0.011900000,0.007900000,true,true,0.026000000,0.025700000,0.001300000,0.006000000,0.043900000,103,103,0
903,0,1,1920,1080,640,360,ultra-performance,0.274100000,0.030300000,0.225900000,0.003500000,0.276200000,0.035400000,0.155000000,0.728400000,0.286800000,2.017900000,1.743800000,2.015600000,0.002300000,0.005200000,0.024800000,0.013100000,0.182300000,0.003100000,0.053400000,0.002600000,0.216800000,0.000000000,0.000000000,false,disabled,84,0,103,3,7,0.006200000,0.002900000,0.001200000,0.022900000,0.007200000,0.001200000,0.370100000,0.028300000,0.111300000,0.014900000,0.010400000,0.107900000,0.000000000,0.000000000,0.025800000,0.710300000,0.018100000,3,1,7,7,3,0.088100000,0.004500000,0.039400000,0.049000000,0.015900000,0.010200000,true,true,0.018700000,0.019900000,0.001500000,0.003600000,0.038200000,103,103,0
904,1,1,1920,1080,640,360,ultra-performance,0.560300000,0.021000000,0.177600000,0.002900000,0.261100000,0.024600000,0.128900000,0.801100000,0.138800000,2.117300000,1.557000000,2.116300000,0.001000000,0.003500000,0.019000000,0.010300000,0.144400000,0.002600000,0.052000000,0.002200000,0.204700000,0.000000000,0.000000000,false,disabled,84,0,103,3,7,0.005100000,0.002800000,0.001200000,0.006800000,0.003000000,0.000600000,0.405800000,0.029400000,0.117200000,0.019000000,0.008600000,0.175400000,0.000000000,0.000000000,0.011200000,0.786100000,0.015000000,3,1,7,7,3,0.088200000,0.003900000,0.036700000,0.046700000,0.012000000,0.007700000,true,true,0.018300000,0.019600000,0.001300000,0.003700000,0.039500000,103,103,0
905,2,1,1920,1080,640,360,ultra-performance,0.434500000,0.022900000,0.177400000,0.002800000,0.257400000,0.023300000,0.118000000,0.458900000,0.146000000,1.642300000,1.207800000,1.641200000,0.001100000,0.003600000,0.019000000,0.009800000,0.144600000,0.002500000,0.051600000,0.002400000,0.201000000,0.000000000,0.000000000,false,disabled,84,0,103,3,7,0.008000000,0.002800000,0.001200000,0.006700000,0.002400000,0.000500000,0.280700000,0.015500000,0.049400000,0.009000000,0.004700000,0.058100000,0.000000000,0.000000000,0.010700000,0.449700000,0.009200000,3,1,7,7,3,0.086400000,0.003900000,0.037200000,0.045500000,0.011700000,0.007500000,true,true,0.018000000,0.019300000,0.001200000,0.003500000,0.038700000,103,103,0
906,0,1,1920,1080,640,360,ultra-performance,0.951100000,0.019500000,0.270500000,0.007100000,0.570800000,0.048500000,0.254000000,0.668000000,0.152100000,2.942800000,1.991700000,2.941600000,0.001200000,0.003300000,0.018200000,0.010000000,0.238400000,0.006600000,0.124700000,0.004800000,0.436200000,0.000000000,0.000000000,false,disabled,84,0,103,3,7,0.010100000,0.005800000,0.002700000,0.015700000,0.002200000,0.000400000,0.437200000,0.010900000,0.024400000,0.007000000,0.004000000,0.129500000,0.000100000,0.000000000,0.010500000,0.660500000,0.007500000,3,1,7,7,3,0.190900000,0.008700000,0.078900000,0.095600000,0.026000000,0.016600000,true,true,0.039000000,0.043800000,0.002100000,0.008000000,0.085100000,103,103,0
907,1,1,1920,1080,640,360,ultra-performance,0.001600000,0.016700000,0.177100000,0.003100000,0.242800000,0.022100000,0.112700000,0.483200000,0.152000000,1.212400000,1.210800000,1.211300000,0.001100000,0.003100000,0.017300000,0.009300000,0.146900000,0.002800000,0.051300000,0.002100000,0.187100000,0.000000000,0.000000000,false,disabled,84,0,103,3,7,0.004500000,0.002400000,0.001100000,0.006600000,0.002700000,0.000600000,0.314400000,0.013300000,0.022400000,0.008500000,0.004900000,0.080700000,0.000000000,0.000000000,0.010900000,0.473000000,0.010200000,3,1,7,7,3,0.083800000,0.003600000,0.033900000,0.039300000,0.011100000,0.007200000,true,true,0.017400000,0.019300000,0.001200000,0.003100000,0.037300000,103,103,0
908,2,1,1920,1080,640,360,ultra-performance,1.702700000,0.015300000,0.177200000,0.003000000,0.241400000,0.022100000,0.111400000,0.840800000,0.128100000,3.243400000,1.540700000,3.242000000,0.001400000,0.002800000,0.017400000,0.009700000,0.146900000,0.002700000,0.050600000,0.001800000,0.186600000,0.000000000,0.000000000,false,disabled,84,0,103,3,7,0.006000000,0.002300000,0.001100000,0.006600000,0.002100000,0.000500000,0.377600000,0.011700000,0.285300000,0.015500000,0.006300000,0.106300000,0.000000000,0.000000000,0.010200000,0.831500000,0.009300000,3,1,7,7,3,0.084300000,0.003400000,0.034800000,0.038400000,0.010600000,0.006600000,true,true,0.017600000,0.019400000,0.001400000,0.002800000,0.037600000,103,103,0
909,0,1,1920,1080,640,360,ultra-performance,0.867600000,0.021900000,0.198200000,0.003000000,0.255800000,0.023500000,0.119200000,0.637000000,0.167900000,2.295300000,1.427700000,2.294100000,0.001200000,0.003900000,0.019100000,0.010200000,0.164400000,0.002800000,0.052200000,0.002300000,0.199200000,0.000000000,0.000000000,false,disabled,84,0,103,3,7,0.005100000,0.003000000,0.001300000,0.006700000,0.002500000,0.000500000,0.370100000,0.018800000,0.116600000,0.010300000,0.006400000,0.073700000,0.000000000,0.000000000,0.011900000,0.626900000,0.010100000,3,1,7,7,3,0.085700000,0.003900000,0.036300000,0.044900000,0.011500000,0.007600000,true,true,0.018000000,0.019800000,0.001300000,0.003600000,0.037400000,103,103,0
910,1,1,1920,1080,640,360,ultra-performance,0.712000000,0.019800000,0.177700000,0.003200000,0.252600000,0.023000000,0.124700000,0.649600000,0.156100000,2.120000000,1.408000000,2.118700000,0.001300000,0.003300000,0.018300000,0.009500000,0.146200000,0.002900000,0.051600000,0.002300000,0.196600000,0.000000000,0.000000000,false,disabled,84,0,103,3,7,0.004700000,0.002600000,0.001200000,0.006900000,0.003900000,0.000700000,0.419500000,0.017000000,0.078800000,0.009700000,0.006100000,0.079100000,0.000100000,0.000000000,0.010100000,0.640400000,0.009200000,3,1,7,7,3,0.085900000,0.003900000,0.035500000,0.042700000,0.011700000,0.007500000,true,true,0.017600000,0.019500000,0.001200000,0.003700000,0.038300000,103,103,0
911,2,1,1920,1080,640,360,ultra-performance,0.945200000,0.016500000,0.175300000,0.003000000,0.243100000,0.022000000,0.111200000,0.742900000,0.157400000,2.417800000,1.472600000,2.416600000,0.001200000,0.003000000,0.017600000,0.009600000,0.144700000,0.002700000,0.051700000,0.002000000,0.187100000,0.000000000,0.000000000,false,disabled,84,0,103,3,7,0.004500000,0.002400000,0.001100000,0.006500000,0.007100000,0.001100000,0.367300000,0.019600000,0.157400000,0.013500000,0.008500000,0.128500000,0.000000000,0.000000000,0.012400000,0.729900000,0.013000000,3,1,7,7,3,0.084400000,0.003600000,0.033800000,0.039100000,0.010800000,0.006700000,true,true,0.017400000,0.019100000,0.001400000,0.003100000,0.037700000,103,103,0
912,0,1,1920,1080,640,360,ultra-performance,0.542500000,0.028500000,0.237900000,0.002900000,0.244400000,0.021600000,0.107700000,0.624000000,0.153300000,1.964100000,1.421600000,1.962800000,0.001300000,0.005600000,0.036500000,0.021100000,0.174000000,0.002700000,0.050000000,0.001900000,0.190100000,0.000000000,0.000000000,false,disabled,84,0,103,3,7,0.005400000,0.002500000,0.001000000,0.006400000,0.002500000,0.000400000,0.419600000,0.009100000,0.075900000,0.006300000,0.003900000,0.069400000,0.000000000,0.000000000,0.011000000,0.613400000,0.010600000,3,1,7,7,3,0.091400000,0.003300000,0.032500000,0.037100000,0.010700000,0.006900000,true,true,0.017400000,0.025900000,0.001300000,0.002900000,0.038200000,103,103,0
913,1,1,1920,1080,640,360,ultra-performance,1.347800000,0.018600000,0.188300000,0.002700000,0.248400000,0.023000000,0.116400000,0.529400000,0.144900000,2.620700000,1.272900000,2.619500000,0.001200000,0.003200000,0.017500000,0.009800000,0.157400000,0.002500000,0.051500000,0.002100000,0.192600000,0.000000000,0.000000000,false,disabled,84,0,103,3,7,0.005100000,0.002500000,0.001100000,0.006700000,0.002200000,0.000400000,0.291800000,0.010700000,0.121400000,0.006600000,0.003800000,0.058300000,0.000100000,0.000000000,0.011300000,0.522000000,0.007400000,3,1,7,7,3,0.086500000,0.003700000,0.034600000,0.040700000,0.011200000,0.007200000,true,true,0.017800000,0.020200000,0.001400000,0.003200000,0.038200000,103,103,0
914,2,1,1920,1080,640,360,ultra-performance,0.976100000,0.023700000,0.357400000,0.006000000,0.562500000,0.049900000,0.187700000,0.628300000,0.177100000,2.970100000,1.994000000,2.968700000,0.001400000,0.003700000,0.018200000,0.009600000,0.325000000,0.005300000,0.115100000,0.004700000,0.438100000,0.000000000,0.000000000,false,disabled,84,0,103,3,7,0.006500000,0.005600000,0.001200000,0.006600000,0.002600000,0.000600000,0.334300000,0.017600000,0.058600000,0.011000000,0.005000000,0.153900000,0.000100000,0.000000000,0.011700000,0.615300000,0.013000000,3,1,7,7,3,0.191900000,0.008400000,0.077200000,0.098500000,0.025600000,0.016800000,true,true,0.038600000,0.043600000,0.002100000,0.008000000,0.086200000,103,103,0
915,0,1,1920,1080,640,360,ultra-performance,0.001700000,0.019700000,0.184100000,0.003000000,0.259700000,0.024300000,0.125200000,0.428900000,0.152600000,1.200300000,1.198600000,1.199200000,0.001100000,0.003000000,0.017000000,0.009800000,0.154000000,0.002600000,0.053500000,0.002200000,0.201900000,0.000000000,0.000000000,false,disabled,84,0,103,3,7,0.005200000,0.002600000,0.001200000,0.006900000,0.002400000,0.000600000,0.281700000,0.012000000,0.028300000,0.007000000,0.004000000,0.058700000,0.000000000,0.000000000,0.010900000,0.421500000,0.007400000,3,1,7,7,3,0.095500000,0.003900000,0.035100000,0.040500000,0.011700000,0.007100000,true,true,0.017400000,0.020600000,0.001300000,0.003500000,0.047000000,103,103,0
916,1,1,1920,1080,640,360,ultra-performance,1.133800000,0.044000000,0.419600000,0.006400000,0.420300000,0.024100000,0.121100000,0.618300000,0.154600000,2.943600000,1.809800000,2.942200000,0.001400000,0.008200000,0.040200000,0.021800000,0.348100000,0.005800000,0.116200000,0.005000000,0.296500000,0.000000000,0.000000000,false,disabled,84,0,103,3,7,0.004400000,0.002900000,0.001300000,0.007000000,0.002800000,0.000700000,0.323900000,0.015000000,0.142700000,0.009000000,0.005000000,0.080300000,0.000000000,0.000000000,0.012400000,0.607400000,0.010900000,3,1,7,7,3,0.172100000,0.004100000,0.035800000,0.045400000,0.012200000,0.007900000,true,true,0.040100000,0.044300000,0.002000000,0.007500000,0.071500000,103,103,0
917,2,1,1920,1080,640,360,ultra-performance,0.001900000,0.018600000,0.176600000,0.002700000,0.258500000,0.022300000,0.121000000,0.514700000,0.147100000,1.264600000,1.262700000,1.263400000,0.001200000,0.003000000,0.017300000,0.009400000,0.146500000,0.002500000,0.051400000,0.002300000,0.202400000,0.000000000,0.000000000,false,disabled,84,0,103,3,7,0.005100000,0.002700000,0.001300000,0.006700000,0.002400000,0.000500000,0.311900000,0.011800000,0.079600000,0.008300000,0.004400000,0.058400000,0.000100000,0.000000000,0.012000000,0.505200000,0.009500000,3,1,7,7,3,0.086000000,0.003800000,0.035300000,0.041900000,0.019500000,0.007700000,true,true,0.017700000,0.019200000,0.001500000,0.003600000,0.038100000,103,103,0
918,0,1,1920,1080,640,360,ultra-performance,1.362700000,0.022500000,0.180900000,0.002900000,0.255000000,0.023400000,0.118500000,0.635900000,0.306700000,2.909700000,1.547000000,2.908500000,0.001200000,0.003800000,0.018900000,0.009700000,0.147900000,0.002700000,0.051500000,0.002200000,0.199100000,0.000000000,0.000000000,false,disabled,84,0,103,3,7,0.005200000,0.002700000,0.001300000,0.006600000,0.002400000,0.000300000,0.338600000,0.011600000,0.173200000,0.008700000,0.004500000,0.060500000,0.000100000,0.000000000,0.012200000,0.627900000,0.008000000,3,1,7,7,3,0.087300000,0.003700000,0.035300000,0.044600000,0.011500000,0.007400000,true,true,0.017600000,0.019500000,0.001600000,0.003600000,0.039000000,103,103,0
919,1,1,1920,1080,640,360,ultra-performance,0.479700000,0.035100000,0.195100000,0.002600000,0.245400000,0.022400000,0.121300000,0.512600000,0.152700000,1.768100000,1.288400000,1.766900000,0.001200000,0.006300000,0.026900000,0.009900000,0.151300000,0.002400000,0.051100000,0.002100000,0.189800000,0.000000000,0.000000000,false,disabled,84,0,103,3,7,0.004400000,0.002600000,0.001200000,0.006800000,0.002000000,0.000400000,0.386800000,0.011300000,0.001300000,0.006600000,0.004100000,0.063500000,0.000100000,0.000000000,0.011300000,0.502400000,0.010200000,3,1,7,7,3,0.085500000,0.003700000,0.034600000,0.039600000,0.011000000,0.007300000,true,true,0.017400000,0.019300000,0.001400000,0.003200000,0.038600000,103,103,0
920,2,1,1920,1080,640,360,ultra-performance,1.092900000,0.044500000,0.398000000,0.006400000,0.365400000,0.022700000,0.118800000,0.609200000,0.154400000,2.813500000,1.720600000,2.812300000,0.001200000,0.007800000,0.040100000,0.021700000,0.327500000,0.005800000,0.114800000,0.004900000,0.243100000,0.000000000,0.000000000,false,disabled,84,0,103,3,7,0.004800000,0.002800000,0.001100000,0.006500000,0.002200000,0.000600000,0.336100000,0.012200000,0.137000000,0.008700000,0.004300000,0.070700000,0.000100000,0.000000000,0.012700000,0.599800000,0.009400000,3,1,7,7,3,0.122400000,0.003800000,0.035600000,0.044000000,0.011400000,0.007700000,true,true,0.039500000,0.032000000,0.001400000,0.003500000,0.039400000,103,103,0
921,0,1,1920,1080,640,360,ultra-performance,0.001800000,0.015500000,0.190300000,0.002700000,0.247900000,0.022100000,0.124200000,0.498200000,0.176300000,1.280400000,1.278600000,1.279000000,0.001400000,0.003000000,0.017000000,0.009600000,0.160200000,0.002300000,0.052900000,0.002000000,0.190800000,0.000000000,0.000000000,false,disabled,84,0,103,3,7,0.005200000,0.002400000,0.001200000,0.006800000,0.003300000,0.000700000,0.321300000,0.015600000,0.029100000,0.008600000,0.005900000,0.074700000,0.000100000,0.000000000,0.012500000,0.487400000,0.010800000,3,1,7,7,3,0.086500000,0.003600000,0.034300000,0.039700000,0.011500000,0.007300000,true,true,0.017700000,0.019900000,0.002200000,0.003100000,0.038000000,103,103,0
922,1,1,1920,1080,640,360,ultra-performance,1.348000000,0.023200000,0.180900000,0.002700000,0.261300000,0.022100000,0.118600000,0.775600000,0.152900000,2.886600000,1.538600000,2.885300000,0.001300000,0.003700000,0.018700000,0.010400000,0.147700000,0.002500000,0.050800000,0.002100000,0.206200000,0.000000000,0.000000000,false,disabled,84,0,103,3,7,0.005400000,0.002700000,0.001200000,0.006400000,0.007200000,0.001000000,0.387800000,0.024200000,0.168900000,0.015700000,0.010400000,0.120300000,0.000000000,0.000000000,0.011900000,0.763100000,0.012500000,3,1,7,7,3,0.094500000,0.003800000,0.035300000,0.044500000,0.011500000,0.007600000,true,true,0.017700000,0.026600000,0.001300000,0.003500000,0.039300000,103,103,0
923,2,1,1920,1080,640,360,ultra-performance,0.490200000,0.029700000,0.295900000,0.002800000,0.276800000,0.021900000,0.129000000,0.805200000,0.157500000,2.210300000,1.720100000,2.209000000,0.001300000,0.005700000,0.034600000,0.021400000,0.233400000,0.002500000,0.074000000,0.002300000,0.198200000,0.000000000,0.000000000,false,disabled,84,0,103,3,7,0.004800000,0.002700000,0.001200000,0.006900000,0.003400000,0.000600000,0.545000000,0.027600000,0.048000000,0.016200000,0.008900000,0.118300000,0.000000000,0.000000000,0.011200000,0.794800000,0.010400000,3,1,7,7,3,0.092900000,0.003500000,0.033500000,0.039300000,0.011000000,0.006800000,true,true,0.020400000,0.019100000,0.005900000,0.003200000,0.038500000,103,103,0
924,0,1,1920,1080,640,360,ultra-performance,0.864400000,0.034900000,0.397400000,0.005500000,0.314800000,0.022600000,0.114200000,0.688200000,0.162400000,2.605600000,1.741200000,2.604400000,0.001200000,0.006400000,0.037600000,0.021500000,0.330900000,0.004900000,0.113600000,0.004100000,0.194600000,0.000000000,0.000000000,false,disabled,84,0,103,3,7,0.004700000,0.002600000,0.001200000,0.006600000,0.002500000,0.000600000,0.312600000,0.014200000,0.216400000,0.009400000,0.004300000,0.092300000,0.000000000,0.000000000,0.012100000,0.679500000,0.008700000,3,1,7,7,3,0.086400000,0.003600000,0.034400000,0.041100000,0.011300000,0.007200000,true,true,0.018000000,0.019600000,0.001300000,0.002600000,0.039200000,103,103,0
925,1,1,1920,1080,640,360,ultra-performance,0.001800000,0.017000000,0.175700000,0.002700000,0.244300000,0.022800000,0.122800000,0.518100000,0.154200000,1.260700000,1.258900000,1.259400000,0.001300000,0.003000000,0.016900000,0.009700000,0.145600000,0.002500000,0.051200000,0.001900000,0.188900000,0.000000000,0.000000000,false,disabled,84,0,103,3,7,0.004200000,0.002400000,0.001000000,0.006600000,0.003500000,0.000600000,0.314000000,0.016300000,0.062100000,0.009200000,0.005900000,0.072200000,0.000000000,0.000000000,0.011400000,0.509400000,0.008700000,3,1,7,7,3,0.085300000,0.003600000,0.034000000,0.039900000,0.011000000,0.007200000,true,true,0.017600000,0.019600000,0.001600000,0.003300000,0.037500000,103,103,0
926,2,1,1920,1080,640,360,ultra-performance,1.407400000,0.022600000,0.259800000,0.011700000,0.584100000,0.049700000,0.256400000,0.923700000,0.185900000,3.702800000,2.295400000,3.701300000,0.001500000,0.003800000,0.018600000,0.010300000,0.226200000,0.010600000,0.131900000,0.005000000,0.442300000,0.000000000,0.000000000,false,disabled,84,0,103,3,7,0.011900000,0.008100000,0.004600000,0.021100000,0.002300000,0.000400000,0.424000000,0.027600000,0.136200000,0.016600000,0.006000000,0.245100000,0.000100000,0.000000000,0.010200000,0.914200000,0.009500000,3,1,7,7,3,0.193400000,0.008500000,0.078700000,0.098400000,0.025900000,0.016700000,true,true,0.040600000,0.043400000,0.002100000,0.007900000,0.086100000,103,103,0
927,0,1,1920,1080,640,360,ultra-performance,0.001600000,0.016500000,0.179000000,0.003300000,0.256700000,0.023900000,0.123600000,0.523200000,0.161000000,1.290300000,1.288700000,1.288800000,0.001500000,0.003200000,0.017800000,0.009700000,0.147900000,0.003000000,0.052000000,0.002300000,0.199900000,0.000000000,0.000000000,false,disabled,84,0,103,3,7,0.004600000,0.002800000,0.001300000,0.007000000,0.002900000,0.000600000,0.308300000,0.012900000,0.075400000,0.008300000,0.004400000,0.073600000,0.000100000,0.000000000,0.012200000,0.514400000,0.008800000,3,1,7,7,3,0.086200000,0.004000000,0.037100000,0.043200000,0.012700000,0.007900000,true,true,0.017300000,0.019500000,0.001300000,0.003700000,0.038300000,103,103,0
928,1,1,1920,1080,640,360,ultra-performance,0.659800000,0.014500000,0.195700000,0.002800000,0.252600000,0.022800000,0.152400000,0.454400000,0.144700000,1.900800000,1.241000000,1.899700000,0.001100000,0.002900000,0.017100000,0.010200000,0.165000000,0.002500000,0.053500000,0.002000000,0.194400000,0.000000000,0.000000000,false,disabled,84,0,103,3,7,0.004300000,0.002500000,0.001000000,0.006900000,0.002200000,0.000400000,0.294700000,0.009000000,0.052700000,0.005900000,0.003300000,0.052300000,0.000000000,0.000000000,0.011300000,0.446500000,0.007900000,3,1,7,7,3,0.087400000,0.003600000,0.035400000,0.040300000,0.011700000,0.007100000,true,true,0.017800000,0.020600000,0.001200000,0.002800000,0.039200000,103,103,0
929,2,1,1920,1080,640,360,ultra-performance,1.213700000,0.016100000,0.185000000,0.002900000,0.258300000,0.022700000,0.116900000,0.579200000,0.154000000,2.550200000,1.336500000,2.548800000,0.001400000,0.002900000,0.017300000,0.010000000,0.154400000,0.002700000,0.060200000,0.002100000,0.193600000,0.000000000,0.000000000,false,disabled,84,0,103,3,7,0.004400000,0.002500000,0.001100000,0.007200000,0.002500000,0.000700000,0.325800000,0.014000000,0.116600000,0.008700000,0.004500000,0.069300000,0.000100000,0.000000000,0.012600000,0.570000000,0.009200000,3,1,7,7,3,0.086200000,0.003900000,0.035700000,0.040500000,0.011500000,0.007400000,true,true,0.017400000,0.019900000,0.001800000,0.003100000,0.038300000,103,103,0
930,0,1,1920,1080,640,360,ultra-performance,0.642200000,0.025800000,0.181400000,0.003100000,0.263600000,0.023600000,0.123600000,0.552300000,0.154300000,1.971300000,1.329100000,1.969900000,0.001400000,0.004500000,0.020100000,0.010000000,0.146300000,0.002900000,0.052500000,0.002400000,0.206200000,0.000000000,0.000000000,false,disabled,84,0,103,3,7,0.004400000,0.002800000,0.001200000,0.006900000,0.003300000,0.000700000,0.313700000,0.016900000,0.046800000,0.009900000,0.006100000,0.115000000,0.000100000,0.000000000,0.012300000,0.540100000,0.012200000,3,1,7,7,3,0.088600000,0.004100000,0.038100000,0.045700000,0.012600000,0.008000000,true,true,0.017500000,0.019500000,0.001400000,0.003600000,0.040200000,103,103,0
931,1,1,1920,1080,640,360,ultra-performance,1.332400000,0.045500000,0.402400000,0.006300000,0.338200000,0.023800000,0.124700000,0.685300000,0.129900000,3.089800000,1.757400000,3.088500000,0.001300000,0.008200000,0.039600000,0.022400000,0.331000000,0.005700000,0.117200000,0.004900000,0.213400000,0.000000000,0.000000000,false,disabled,84,0,103,3,7,0.005000000,0.002700000,0.001200000,0.006500000,0.002500000,0.000800000,0.356200000,0.015500000,0.195600000,0.008700000,0.004500000,0.065200000,0.000000000,0.000000000,0.011200000,0.675600000,0.009700000,3,1,7,7,3,0.090700000,0.003900000,0.036600000,0.044700000,0.011400000,0.007600000,true,true,0.020800000,0.019400000,0.001500000,0.003600000,0.039100000,103,103,0
932,2,1,1920,1080,640,360,ultra-performance,0.001600000,0.017900000,0.179000000,0.003200000,0.261900000,0.023200000,0.118900000,0.502700000,0.148400000,1.258300000,1.256700000,1.256800000,0.001500000,0.003200000,0.018100000,0.009800000,0.147500000,0.003000000,0.051500000,0.002100000,0.206000000,0.000000000,0.000000000,false,disabled,84,0,103,3,7,0.004700000,0.002800000,0.001100000,0.007300000,0.002400000,0.000300000,0.334400000,0.011000000,0.049800000,0.007800000,0.004200000,0.057400000,0.000000000,0.000000000,0.011100000,0.494300000,0.008400000,3,1,7,7,3,0.094700000,0.003800000,0.036300000,0.042300000,0.012100000,0.008100000,true,true,0.017400000,0.019600000,0.001400000,0.003500000,0.047000000,103,103,0
933,0,1,1920,1080,640,360,ultra-performance,1.882100000,0.020600000,0.177900000,0.003200000,0.259400000,0.023800000,0.118400000,0.591500000,0.157500000,3.235800000,1.353700000,3.234400000,0.001400000,0.003700000,0.017600000,0.010000000,0.146100000,0.002800000,0.052100000,0.002300000,0.202400000,0.000000000,0.000000000,false,disabled,84,0,103,3,7,0.004500000,0.002600000,0.001300000,0.007000000,0.002500000,0.000800000,0.386300000,0.015500000,0.069700000,0.010200000,0.004900000,0.063300000,0.000100000,0.000000000,0.012100000,0.580800000,0.010700000,3,1,7,7,3,0.085700000,0.003800000,0.036300000,0.048300000,0.011900000,0.007700000,true,true,0.017500000,0.019500000,0.001500000,0.003300000,0.038200000,103,103,0
934,1,1,1920,1080,640,360,ultra-performance,0.658500000,0.022900000,0.227000000,0.003400000,0.429600000,0.024700000,0.130000000,0.578900000,0.166400000,2.242700000,1.584200000,2.241400000,0.001300000,0.003800000,0.019200000,0.010200000,0.193300000,0.003000000,0.180800000,0.002400000,0.243700000,0.000000000,0.000000000,false,disabled,84,0,103,3,7,0.005200000,0.002800000,0.001200000,0.007400000,0.003300000,0.000600000,0.402900000,0.018400000,0.020800000,0.010200000,0.006200000,0.076600000,0.000100000,0.000000000,0.011800000,0.567500000,0.011400000,3,1,7,7,3,0.123300000,0.004200000,0.038500000,0.046600000,0.012900000,0.008400000,true,true,0.018300000,0.053000000,0.001500000,0.003600000,0.040200000,103,103,0
935,2,1,1920,1080,640,360,ultra-performance,0.661500000,0.025000000,0.180600000,0.003100000,0.256700000,0.024300000,0.120100000,0.573900000,0.168100000,2.014400000,1.352900000,2.013300000,0.001100000,0.004000000,0.018400000,0.010400000,0.147300000,0.002800000,0.051200000,0.002300000,0.200700000,0.000000000,0.000000000,false,disabled,84,0,103,3,7,0.004900000,0.002800000,0.001200000,0.006400000,0.003100000,0.000600000,0.332600000,0.029300000,0.081300000,0.009700000,0.005800000,0.075300000,0.000000000,0.000000000,0.012500000,0.565500000,0.008400000,3,1,7,7,3,0.087300000,0.003800000,0.036400000,0.044800000,0.011600000,0.007700000,true,true,0.017800000,0.019500000,0.001500000,0.003600000,0.039100000,103,103,0
936,0,1,1920,1080,640,360,ultra-performance,0.906400000,0.024400000,0.186900000,0.003200000,0.264100000,0.023700000,0.118600000,0.683400000,0.157100000,2.369100000,1.462700000,2.367800000,0.001300000,0.003700000,0.018500000,0.009900000,0.154300000,0.002900000,0.059300000,0.002300000,0.200300000,0.000000000,0.000000000,false,disabled,84,0,103,3,7,0.004300000,0.002700000,0.001200000,0.006600000,0.003200000,0.000600000,0.401700000,0.024600000,0.064100000,0.018400000,0.006500000,0.125200000,0.000000000,0.000000000,0.012500000,0.671600000,0.011800000,3,1,7,7,3,0.088600000,0.003700000,0.035300000,0.044500000,0.011200000,0.007700000,true,true,0.018100000,0.019900000,0.001700000,0.003500000,0.039400000,103,103,0
937,1,1,1920,1080,640,360,ultra-performance,0.597000000,0.014700000,0.179900000,0.002700000,0.239700000,0.022700000,0.107800000,0.469100000,0.153300000,1.788100000,1.191100000,1.786900000,0.001200000,0.002700000,0.016900000,0.009900000,0.149900000,0.002600000,0.051100000,0.001900000,0.184700000,0.000000000,0.000000000,false,disabled,84,0,103,3,7,0.004500000,0.002300000,0.001000000,0.006500000,0.002400000,0.000300000,0.281200000,0.009300000,0.068200000,0.006700000,0.003500000,0.063800000,0.000000000,0.000000000,0.011900000,0.461600000,0.007500000,3,1,7,7,3,0.085100000,0.003300000,0.034200000,0.037200000,0.010500000,0.006400000,true,true,0.017700000,0.019600000,0.001200000,0.002500000,0.038600000,103,103,0
938,2,1,1920,1080,640,360,ultra-performance,1.140000000,0.022800000,0.177300000,0.003100000,0.261100000,0.024800000,0.135500000,0.731900000,0.156300000,2.653900000,1.513900000,2.652800000,0.001100000,0.003700000,0.018800000,0.010500000,0.143800000,0.002900000,0.051600000,0.002300000,0.204800000,0.000000000,0.000000000,false,disabled,84,0,103,3,7,0.004500000,0.003000000,0.001300000,0.007000000,0.002400000,0.000800000,0.347600000,0.014100000,0.247400000,0.009300000,0.004100000,0.067300000,0.000000000,0.000000000,0.012200000,0.721000000,0.010900000,3,1,7,7,3,0.087900000,0.003900000,0.037600000,0.045400000,0.012800000,0.008000000,true,true,0.017800000,0.019500000,0.001400000,0.003600000,0.039600000,103,103,0
939,0,1,1920,1080,640,360,ultra-performance,0.486400000,0.019800000,0.178100000,0.003200000,0.266500000,0.024300000,0.119400000,0.634300000,0.127300000,1.860800000,1.374400000,1.859300000,0.001500000,0.003500000,0.019200000,0.009900000,0.145100000,0.002900000,0.052100000,0.002400000,0.209700000,0.000000000,0.000000000,false,disabled,84,0,103,3,7,0.005500000,0.003100000,0.001200000,0.006900000,0.002200000,0.000800000,0.282300000,0.011600000,0.188300000,0.005500000,0.003200000,0.100400000,0.000000000,0.000000000,0.012200000,0.623200000,0.011100000,3,1,7,7,3,0.094000000,0.004000000,0.037800000,0.045100000,0.011900000,0.007700000,true,true,0.023800000,0.019700000,0.001400000,0.003800000,0.039300000,103,103,0
940,1,1,1920,1080,640,360,ultra-performance,0.957100000,0.021400000,0.179400000,0.003100000,0.256700000,0.022300000,0.118100000,0.699600000,0.150700000,2.410000000,1.452900000,2.408400000,0.001600000,0.003700000,0.018700000,0.010000000,0.146700000,0.002900000,0.051900000,0.002100000,0.200400000,0.000000000,0.000000000,false,disabled,84,0,103,3,7,0.004800000,0.002700000,0.001100000,0.006500000,0.005300000,0.001200000,0.375900000,0.019200000,0.117700000,0.012700000,0.007200000,0.118100000,0.000100000,0.000000000,0.017500000,0.690000000,0.009600000,3,1,7,7,3,0.088100000,0.003700000,0.035800000,0.044600000,0.011400000,0.007600000,true,true,0.018200000,0.020000000,0.001300000,0.003600000,0.039000000,103,103,0
941,2,1,1920,1080,640,360,ultra-performance,0.547100000,0.028900000,0.252500000,0.002900000,0.239800000,0.021200000,0.110200000,0.614900000,0.183700000,2.002400000,1.455300000,2.001200000,0.001200000,0.005500000,0.035500000,0.021600000,0.189200000,0.002700000,0.050900000,0.001900000,0.184800000,0.000000000,0.000000000,false,disabled,84,0,103,3,7,0.004300000,0.002300000,0.001100000,0.006800000,0.002400000,0.000500000,0.357600000,0.009300000,0.143000000,0.006300000,0.003500000,0.054600000,0.000100000,0.000000000,0.012200000,0.604000000,0.010900000,3,1,7,7,3,0.084800000,0.003300000,0.033700000,0.037500000,0.011000000,0.006500000,true,true,0.017400000,0.019500000,0.001200000,0.002900000,0.038300000,103,103,0
942,0,1,1920,1080,640,360,ultra-performance,0.782000000,0.018000000,0.178200000,0.003000000,0.252200000,0.021500000,0.115100000,0.546300000,0.154700000,2.072000000,1.290000000,2.071000000,0.001000000,0.003200000,0.017500000,0.009700000,0.147300000,0.002700000,0.051300000,0.002000000,0.196500000,0.000000000,0.000000000,false,disabled,84,0,103,3,7,0.004800000,0.002400000,0.001100000,0.006700000,0.002500000,0.000600000,0.331000000,0.014100000,0.081900000,0.008800000,0.004600000,0.068800000,0.000000000,0.000000000,0.011100000,0.538400000,0.007900000,3,1,7,7,3,0.090800000,0.003700000,0.034500000,0.040300000,0.011400000,0.007500000,true,true,0.017200000,0.023700000,0.001300000,0.003500000,0.039200000,103,103,0
943,1,1,1920,1080,640,360,ultra-performance,0.861000000,0.014000000,0.175200000,0.002900000,0.239700000,0.021500000,0.107800000,0.769000000,0.159900000,2.352000000,1.491000000,2.351000000,0.001000000,0.002900000,0.016700000,0.009900000,0.145300000,0.002700000,0.051300000,0.001700000,0.184500000,0.000000000,0.000000000,false,disabled,84,0,103,3,7,0.004100000,0.002000000,0.000800000,0.006500000,0.002500000,0.000600000,0.371400000,0.009600000,0.270900000,0.007000000,0.004400000,0.065200000,0.000000000,0.000000000,0.012200000,0.757200000,0.011800000,3,1,7,7,3,0.084000000,0.003400000,0.033600000,0.037700000,0.011000000,0.006600000,true,true,0.017100000,0.019600000,0.001300000,0.002800000,0.037600000,103,103,0
944,2,1,1920,1080,640,360,ultra-performance,1.130600000,0.018400000,0.362200000,0.006100000,0.546900000,0.047300000,0.251000000,0.814200000,0.154600000,3.332800000,2.202200000,3.331300000,0.001500000,0.003000000,0.017800000,0.010300000,0.330500000,0.005600000,0.115400000,0.004200000,0.422200000,0.000000000,0.000000000,false,disabled,84,0,103,3,7,0.011000000,0.005900000,0.002700000,0.015000000,0.002500000,0.000600000,0.374700000,0.013200000,0.251500000,0.011300000,0.003800000,0.096200000,0.000100000,0.000000000,0.011600000,0.800100000,0.014100000,3,1,7,7,3,0.190100000,0.007700000,0.075200000,0.089200000,0.025300000,0.015900000,true,true,0.039500000,0.043200000,0.002000000,0.007400000,0.085500000,103,103,0
945,0,1,1920,1080,640,360,ultra-performance,0.001700000,0.017400000,0.184000000,0.003200000,0.254100000,0.023600000,0.120000000,0.529200000,0.153500000,1.288000000,1.286300000,1.286700000,0.001300000,0.003100000,0.017900000,0.009800000,0.152800000,0.003000000,0.051900000,0.002300000,0.197500000,0.000000000,0.000000000,false,disabled,84,0,103,3,7,0.005100000,0.002600000,0.001300000,0.007100000,0.003400000,0.000600000,0.312300000,0.015900000,0.043400000,0.009200000,0.005700000,0.101900000,0.000100000,0.000000000,0.012200000,0.520800000,0.008400000,3,1,7,7,3,0.086700000,0.003900000,0.036100000,0.042300000,0.012100000,0.008100000,true,true,0.017800000,0.019500000,0.001300000,0.002900000,0.039400000,103,103,0
946,1,1,1920,1080,640,360,ultra-performance,0.762500000,0.023600000,0.186400000,0.002900000,0.258100000,0.023300000,0.119600000,0.627400000,0.154800000,2.159900000,1.397400000,2.158600000,0.001300000,0.003600000,0.019200000,0.010700000,0.152400000,0.002600000,0.051500000,0.002100000,0.202000000,0.000000000,0.000000000,false,disabled,84,0,103,3,7,0.004400000,0.002800000,0.001400000,0.006900000,0.003400000,0.000700000,0.341700000,0.016500000,0.134700000,0.010600000,0.006500000,0.072700000,0.000100000,0.000000000,0.011700000,0.614100000,0.013300000,3,1,7,7,3,0.087900000,0.003800000,0.036300000,0.044900000,0.012000000,0.007700000,true,true,0.017700000,0.019700000,0.001300000,0.003600000,0.039500000,103,103,0
947,2,1,1920,1080,640,360,ultra-performance,0.640100000,0.015900000,0.179300000,0.003000000,0.240500000,0.022700000,0.112300000,0.545600000,0.170600000,1.931300000,1.291200000,1.930000000,0.001300000,0.002600000,0.016900000,0.009500000,0.150000000,0.002700000,0.050500000,0.002300000,0.185500000,0.000000000,0.000000000,false,disabled,84,0,103,3,7,0.004900000,0.002500000,0.001100000,0.007100000,0.003800000,0.000700000,0.353400000,0.014400000,0.044900000,0.008300000,0.006200000,0.073600000,0.000100000,0.000000000,0.011700000,0.532700000,0.012900000,3,1,7,7,3,0.083900000,0.003400000,0.034000000,0.038200000,0.011100000,0.007000000,true,true,0.017800000,0.019000000,0.001300000,0.002600000,0.037700000,103,103,0
948,0,1,1920,1080,640,360,ultra-performance,1.052500000,0.018900000,0.177500000,0.003000000,0.253400000,0.022900000,0.118800000,0.540700000,0.145200000,2.334200000,1.281700000,2.332900000,0.001300000,0.003200000,0.017900000,0.009600000,0.146400000,0.002800000,0.051300000,0.002500000,0.197300000,0.000000000,0.000000000,false,disabled,84,0,103,3,7,0.005300000,0.002700000,0.001200000,0.006600000,0.002300000,0.000400000,0.335000000,0.010500000,0.086600000,0.007100000,0.004100000,0.058000000,0.000000000,0.000000000,0.011800000,0.531600000,0.009100000,3,1,7,7,3,0.087200000,0.003600000,0.036100000,0.042300000,0.011600000,0.007700000,true,true,0.017700000,0.019300000,0.001600000,0.003500000,0.039300000,103,103,0
949,1,1,1920,1080,640,360,ultra-performance,1.045100000,0.023400000,0.178400000,0.002700000,0.252200000,0.022400000,0.125200000,0.569400000,0.152600000,2.372500000,1.327400000,2.371400000,0.001100000,0.003700000,0.018800000,0.009600000,0.145800000,0.002500000,0.051100000,0.002100000,0.196600000,0.000000000,0.000000000,false,disabled,84,0,103,3,7,0.005200000,0.002900000,0.001400000,0.006300000,0.002500000,0.000400000,0.310900000,0.017500000,0.107800000,0.011600000,0.005900000,0.076200000,0.000000000,0.000000000,0.012000000,0.560600000,0.008800000,3,1,7,7,3,0.085800000,0.003700000,0.035200000,0.044400000,0.011400000,0.007400000,true,true,0.017700000,0.019400000,0.001500000,0.003500000,0.038000000,103,103,0
950,2,1,1920,1080,640,360,ultra-performance,0.684600000,0.018700000,0.175000000,0.002600000,0.244500000,0.021700000,0.117200000,0.540900000,0.144200000,1.958700000,1.274100000,1.949400000,0.009300000,0.003100000,0.017200000,0.009200000,0.145000000,0.002300000,0.050500000,0.002000000,0.189600000,0.000000000,0.000000000,false,disabled,84,0,103,3,7,0.004400000,0.002700000,0.001100000,0.006600000,0.002200000,0.000300000,0.319900000,0.010500000,0.098900000,0.007000000,0.004000000,0.063800000,0.000100000,0.000000000,0.011900000,0.533400000,0.007500000,3,1,7,7,3,0.085100000,0.003600000,0.034100000,0.040200000,0.011200000,0.007000000,true,true,0.017800000,0.019300000,0.001200000,0.003200000,0.038000000,103,103,0
951,0,1,1920,1080,640,360,ultra-performance,1.018300000,0.022300000,0.177000000,0.003100000,0.261800000,0.024200000,0.120900000,0.613300000,0.176100000,2.418300000,1.400000000,2.417000000,0.001300000,0.004000000,0.018800000,0.009800000,0.143900000,0.002800000,0.051300000,0.002400000,0.205800000,0.000000000,0.000000000,false,disabled,84,0,103,3,7,0.004400000,0.002700000,0.001300000,0.006800000,0.003300000,0.000700000,0.344500000,0.016500000,0.118000000,0.009400000,0.006200000,0.078400000,0.000100000,0.000000000,0.012500000,0.604800000,0.008500000,3,1,7,7,3,0.091400000,0.003900000,0.036500000,0.045100000,0.012000000,0.007900000,true,true,0.017700000,0.020400000,0.001500000,0.003600000,0.039300000,103,103,0
952,1,1,1920,1080,640,360,ultra-performance,0.667800000,0.016000000,0.180200000,0.002800000,0.241200000,0.023100000,0.112400000,0.595400000,0.158900000,1.999000000,1.331200000,1.997800000,0.001200000,0.002900000,0.017100000,0.010100000,0.149700000,0.002500000,0.050500000,0.002000000,0.186700000,0.000000000,0.000000000,false,disabled,84,0,103,3,7,0.004300000,0.002300000,0.001000000,0.007000000,0.002600000,0.000400000,0.323100000,0.013200000,0.134400000,0.009500000,0.004400000,0.072100000,0.000000000,0.000000000,0.012300000,0.586600000,0.008800000,3,1,7,7,3,0.084400000,0.003500000,0.033900000,0.038100000,0.011100000,0.007200000,true,true,0.017300000,0.019400000,0.001300000,0.002500000,0.038100000,103,103,0
953,2,1,1920,1080,640,360,ultra-performance,0.991800000,0.024000000,0.180000000,0.003100000,0.254200000,0.023400000,0.127600000,0.638000000,0.157400000,2.400700000,1.408900000,2.399500000,0.001200000,0.003800000,0.019000000,0.010300000,0.146500000,0.002800000,0.050900000,0.002100000,0.198900000,0.000000000,0.000000000,false,disabled,84,0,103,3,7,0.004400000,0.002900000,0.001400000,0.006300000,0.005000000,0.001400000,0.370100000,0.019500000,0.066700000,0.012500000,0.004800000,0.116500000,0.000000000,0.000000000,0.012300000,0.623800000,0.014200000,3,1,7,7,3,0.086300000,0.003700000,0.036000000,0.044600000,0.011700000,0.007700000,true,true,0.017600000,0.019100000,0.001500000,0.003700000,0.038700000,103,103,0
954,0,1,1920,1080,640,360,ultra-performance,0.594300000,0.021700000,0.185300000,0.003600000,0.263100000,0.024500000,0.121200000,0.745400000,0.175000000,2.135400000,1.541100000,2.134100000,0.001300000,0.003700000,0.018800000,0.010100000,0.152200000,0.002900000,0.053600000,0.002600000,0.204400000,0.000000000,0.000000000,false,disabled,84,0,103,3,7,0.005200000,0.002800000,0.001100000,0.007100000,0.003200000,0.000700000,0.392500000,0.029300000,0.095400000,0.022200000,0.008300000,0.150500000,0.000000000,0.000000000,0.013000000,0.731300000,0.014100000,3,1,7,7,3,0.088300000,0.003800000,0.037200000,0.045200000,0.012100000,0.008100000,true,true,0.017600000,0.019800000,0.001500000,0.003800000,0.039700000,103,103,0
955,1,1,1920,1080,640,360,ultra-performance,0.806300000,0.015600000,0.175100000,0.002900000,0.239300000,0.022100000,0.113600000,0.601700000,0.154900000,2.132800000,1.326500000,2.131500000,0.001300000,0.002800000,0.017200000,0.009700000,0.144900000,0.002500000,0.050200000,0.002000000,0.185000000,0.000000000,0.000000000,false,disabled,84,0,103,3,7,0.005100000,0.002500000,0.001000000,0.006500000,0.002300000,0.000500000,0.245500000,0.009800000,0.231100000,0.006300000,0.002800000,0.067100000,0.000100000,0.000000000,0.012100000,0.592700000,0.009000000,3,1,7,7,3,0.083300000,0.003600000,0.033900000,0.038800000,0.010700000,0.006500000,true,true,0.017500000,0.018800000,0.001300000,0.002800000,0.037400000,103,103,0
956,2,1,1920,1080,640,360,ultra-performance,0.614400000,0.020100000,0.187000000,0.002800000,0.258800000,0.022900000,0.124500000,0.502600000,0.167000000,1.901500000,1.287100000,1.900100000,0.001400000,0.003300000,0.018700000,0.010500000,0.154100000,0.002500000,0.053500000,0.002200000,0.200700000,0.000000000,0.000000000,false,disabled,84,0,103,3,7,0.004500000,0.002800000,0.001200000,0.006700000,0.002300000,0.000600000,0.367400000,0.011400000,0.001700000,0.006700000,0.004400000,0.068600000,0.000000000,0.000000000,0.012100000,0.490400000,0.012200000,3,1,7,7,3,0.086800000,0.003800000,0.036600000,0.044700000,0.011800000,0.008000000,true,true,0.017500000,0.020200000,0.001400000,0.003500000,0.038400000,103,103,0
957,0,1,1920,1080,640,360,ultra-performance,0.950300000,0.023700000,0.181600000,0.003200000,0.255900000,0.023300000,0.119800000,0.522400000,0.159500000,2.241100000,1.290800000,2.239700000,0.001400000,0.003900000,0.019500000,0.010300000,0.147400000,0.002800000,0.051400000,0.002500000,0.199700000,0.000000000,0.000000000,false,disabled,84,0,103,3,7,0.005800000,0.002800000,0.001300000,0.006500000,0.002300000,0.000600000,0.328100000,0.014400000,0.063900000,0.008400000,0.003200000,0.065100000,0.000000000,0.000000000,0.012100000,0.514500000,0.007900000,3,1,7,7,3,0.086800000,0.003700000,0.036000000,0.044800000,0.011400000,0.008100000,true,true,0.017700000,0.019800000,0.001300000,0.003900000,0.038300000,103,103,0
958,1,1,1920,1080,640,360,ultra-performance,0.705300000,0.021300000,0.175600000,0.002700000,0.253900000,0.021900000,0.117100000,0.669100000,0.161200000,2.129500000,1.424200000,2.128100000,0.001400000,0.003700000,0.018800000,0.009900000,0.142800000,0.002400000,0.051300000,0.002300000,0.198000000,0.000000000,0.000000000,false,disabled,84,0,103,3,7,0.004200000,0.002700000,0.001200000,0.006400000,0.002100000,0.000300000,0.363200000,0.012000000,0.088400000,0.010000000,0.006400000,0.148400000,0.000100000,0.000000000,0.013200000,0.658600000,0.010500000,3,1,7,7,3,0.086500000,0.003800000,0.035100000,0.044300000,0.011400000,0.007600000,true,true,0.017700000,0.019400000,0.001300000,0.003500000,0.038500000,103,103,0
959,2,1,1920,1080,640,360,ultra-performance,0.992100000,0.044600000,0.400400000,0.006600000,0.609100000,0.037300000,0.133600000,0.581500000,0.179400000,2.986100000,1.994000000,2.984600000,0.001500000,0.007200000,0.040400000,0.021400000,0.330400000,0.006100000,0.116600000,0.005000000,0.484600000,0.000000000,0.000000000,false,disabled,84,0,103,3,7,0.006000000,0.002800000,0.001200000,0.006700000,0.002600000,0.000400000,0.386300000,0.015400000,0.052200000,0.008500000,0.004500000,0.071100000,0.000000000,0.000000000,0.012600000,0.570300000,0.011200000,3,1,7,7,3,0.198400000,0.008800000,0.080100000,0.125900000,0.039100000,0.012000000,true,true,0.043600000,0.043600000,0.002500000,0.009700000,0.085900000,103,103,0
960,0,1,1920,1080,640,360,ultra-performance,0.001600000,0.019800000,0.189400000,0.002600000,0.258700000,0.025800000,0.119600000,0.493900000,0.155200000,1.267800000,1.266200000,1.266600000,0.001200000,0.003300000,0.017600000,0.009200000,0.158800000,0.002400000,0.053800000,0.002000000,0.200900000,0.000000000,0.000000000,false,disabled,84,0,103,3,7,0.004500000,0.002600000,0.001100000,0.006500000,0.002400000,0.000400000,0.344600000,0.014200000,0.024800000,0.006700000,0.004300000,0.058400000,0.000000000,0.000000000,0.011800000,0.482300000,0.011600000,3,1,7,7,3,0.089600000,0.003600000,0.035400000,0.043600000,0.012200000,0.007600000,true,true,0.018200000,0.020300000,0.001500000,0.003800000,0.040100000,103,103,0
961,1,1,1920,1080,640,360,ultra-performance,1.473000000,0.030000000,0.180700000,0.002900000,0.274800000,0.027700000,0.125400000,0.769500000,0.316900000,3.203400000,1.730400000,3.200900000,0.002500000,0.004000000,0.019500000,0.010000000,0.146700000,0.002700000,0.052800000,0.002700000,0.216700000,0.000000000,0.000000000,false,disabled,84,0,103,3,7,0.005500000,0.003100000,0.001400000,0.006800000,0.002500000,0.000600000,0.378000000,0.015800000,0.227500000,0.008700000,0.005700000,0.073400000,0.000100000,0.000000000,0.026400000,0.755500000,0.014000000,3,1,7,7,3,0.096800000,0.003900000,0.037800000,0.047900000,0.012500000,0.008200000,true,true,0.017900000,0.028200000,0.001600000,0.003900000,0.039200000,103,103,0
962,2,1,1920,1080,640,360,ultra-performance,0.432600000,0.026200000,0.181400000,0.003300000,0.268500000,0.026900000,0.128900000,0.487100000,0.156100000,1.712200000,1.279600000,1.711000000,0.001200000,0.003900000,0.019500000,0.010200000,0.147400000,0.002900000,0.052700000,0.002400000,0.211000000,0.000000000,0.000000000,false,disabled,84,0,103,3,7,0.005100000,0.002900000,0.001100000,0.007000000,0.002500000,0.000600000,0.305600000,0.017600000,0.031800000,0.009100000,0.004700000,0.077800000,0.000100000,0.000000000,0.011800000,0.477700000,0.009400000,3,1,7,7,3,0.089400000,0.004000000,0.038300000,0.047800000,0.013400000,0.008300000,true,true,0.018500000,0.020200000,0.001300000,0.003500000,0.039800000,103,103,0
963,0,1,1920,1080,640,360,ultra-performance,1.201600000,0.039400000,0.402500000,0.002800000,0.254400000,0.025100000,0.119800000,0.627300000,0.213100000,2.887300000,1.685700000,2.886000000,0.001300000,0.007000000,0.039600000,0.021300000,0.333600000,0.002600000,0.051800000,0.002200000,0.198000000,0.000000000,0.000000000,false,disabled,84,0,103,3,7,0.004500000,0.002700000,0.001300000,0.006800000,0.002300000,0.000400000,0.394300000,0.013200000,0.110100000,0.007200000,0.004300000,0.061200000,0.000100000,0.000000000,0.011400000,0.619800000,0.007500000,3,1,7,7,3,0.086700000,0.003700000,0.035700000,0.043800000,0.011700000,0.007500000,true,true,0.017600000,0.019700000,0.001600000,0.003800000,0.038200000,103,103,0
964,1,1,1920,1080,640,360,ultra-performance,0.695800000,0.018200000,0.177100000,0.002700000,0.245800000,0.023300000,0.122600000,0.636100000,0.159500000,2.082500000,1.386700000,2.081100000,0.001400000,0.003200000,0.017300000,0.009600000,0.146600000,0.002400000,0.051300000,0.002000000,0.190300000,0.000000000,0.000000000,false,disabled,84,0,103,3,7,0.004300000,0.002500000,0.001100000,0.006500000,0.003400000,0.000700000,0.337000000,0.018200000,0.119300000,0.014100000,0.008600000,0.097400000,0.000000000,0.000000000,0.012100000,0.625200000,0.010900000,3,1,7,7,3,0.085800000,0.003600000,0.033700000,0.040300000,0.011300000,0.007200000,true,true,0.017700000,0.019500000,0.001200000,0.003400000,0.038300000,103,103,0
965,2,1,1920,1080,640,360,ultra-performance,0.714900000,0.015800000,0.174400000,0.002400000,0.238400000,0.022100000,0.109000000,0.485100000,0.150700000,1.913900000,1.199000000,1.912800000,0.001100000,0.003000000,0.017200000,0.009500000,0.144300000,0.002200000,0.051100000,0.001900000,0.183000000,0.000000000,0.000000000,false,disabled,84,0,103,3,7,0.004500000,0.002400000,0.001100000,0.006300000,0.002200000,0.000400000,0.349400000,0.009700000,0.022800000,0.006000000,0.003300000,0.058200000,0.000100000,0.000000000,0.011400000,0.477800000,0.007300000,3,1,7,7,3,0.083100000,0.003300000,0.033600000,0.037600000,0.010600000,0.006400000,true,true,0.017400000,0.019200000,0.001400000,0.002800000,0.036700000,103,103,0
966,0,1,1920,1080,640,360,ultra-performance,1.068300000,0.033400000,0.387400000,0.005200000,0.320700000,0.023300000,0.113800000,0.532400000,0.155300000,2.641000000,1.572700000,2.639800000,0.001200000,0.006400000,0.037100000,0.020700000,0.322100000,0.004700000,0.113500000,0.004100000,0.200600000,0.000000000,0.000000000,false,disabled,84,0,103,3,7,0.004200000,0.002500000,0.001000000,0.006500000,0.002300000,0.000400000,0.335200000,0.014100000,0.058100000,0.009400000,0.003900000,0.075200000,0.000100000,0.000000000,0.011500000,0.524400000,0.008000000,3,1,7,7,3,0.089400000,0.003500000,0.033400000,0.039600000,0.011100000,0.006900000,true,true,0.020800000,0.020000000,0.001500000,0.003200000,0.037900000,103,103,0
967,1,1,1920,1080,640,360,ultra-performance,0.174000000,0.017500000,0.175600000,0.002800000,0.249900000,0.021800000,0.115200000,0.497900000,0.157300000,1.413300000,1.239300000,1.412000000,0.001300000,0.003100000,0.017400000,0.009200000,0.145500000,0.002500000,0.050800000,0.002100000,0.194700000,0.000000000,0.000000000,false,disabled,84,0,103,3,7,0.004300000,0.002500000,0.001100000,0.006500000,0.002200000,0.000300000,0.348300000,0.010400000,0.026800000,0.006700000,0.003800000,0.066400000,0.000100000,0.000000000,0.011600000,0.491000000,0.006900000,3,1,7,7,3,0.083400000,0.003600000,0.034000000,0.047800000,0.011000000,0.006800000,true,true,0.017300000,0.019200000,0.001100000,0.003100000,0.037200000,103,103,0
968,2,1,1920,1080,640,360,ultra-performance,1.437000000,0.017600000,0.311100000,0.007600000,0.550300000,0.048000000,0.248800000,0.656300000,0.154900000,3.433200000,1.996200000,3.431600000,0.001600000,0.003200000,0.017100000,0.009300000,0.280500000,0.006800000,0.122300000,0.004300000,0.419100000,0.000000000,0.000000000,false,disabled,84,0,103,3,7,0.009700000,0.005600000,0.002500000,0.014800000,0.002600000,0.000700000,0.393900000,0.013600000,0.107500000,0.009100000,0.004100000,0.066000000,0.000000000,0.000000000,0.011800000,0.641900000,0.014400000,3,1,7,7,3,0.186400000,0.008300000,0.075600000,0.089200000,0.025100000,0.015800000,true,true,0.038100000,0.042900000,0.002000000,0.007200000,0.083800000,103,103,0
969,0,1,1920,1080,640,360,ultra-performance,0.001800000,0.018400000,0.175700000,0.003300000,0.264400000,0.024900000,0.123200000,0.464400000,0.176400000,1.253800000,1.252000000,1.252500000,0.001300000,0.003100000,0.017900000,0.009800000,0.144400000,0.002900000,0.052600000,0.002400000,0.206900000,0.000000000,0.000000000,false,disabled,84,0,103,3,7,0.004900000,0.002700000,0.001300000,0.006900000,0.002500000,0.000600000,0.311600000,0.014200000,0.012900000,0.008000000,0.004300000,0.074400000,0.000000000,0.000000000,0.011900000,0.456200000,0.008200000,3,1,7,7,3,0.086400000,0.004000000,0.044900000,0.042900000,0.012400000,0.007900000,true,true,0.017900000,0.019300000,0.001400000,0.003500000,0.038300000,103,103,0
970,1,1,1920,1080,640,360,ultra-performance,1.131800000,0.036600000,0.398100000,0.006600000,0.402000000,0.022100000,0.116200000,0.611400000,0.146000000,2.872000000,1.740200000,2.870800000,0.001200000,0.006900000,0.038700000,0.021000000,0.330600000,0.006000000,0.115000000,0.004500000,0.279900000,0.000000000,0.000000000,false,disabled,84,0,103,3,7,0.004300000,0.002600000,0.001200000,0.006500000,0.002200000,0.000400000,0.331100000,0.011000000,0.147800000,0.008400000,0.004300000,0.072100000,0.000000000,0.000000000,0.011300000,0.603200000,0.008200000,3,1,7,7,3,0.162500000,0.003700000,0.035000000,0.042300000,0.011500000,0.007400000,true,true,0.036800000,0.043500000,0.002100000,0.007600000,0.066500000,103,103,0
971,2,1,1920,1080,640,360,ultra-performance,0.001700000,0.016200000,0.175800000,0.002700000,0.241400000,0.022500000,0.114500000,0.641200000,0.149100000,1.366400000,1.364700000,1.365100000,0.001300000,0.003000000,0.017200000,0.009700000,0.145500000,0.002400000,0.051100000,0.002000000,0.186400000,0.000000000,0.000000000,false,disabled,84,0,103,3,7,0.004200000,0.002800000,0.001100000,0.006700000,0.003300000,0.000700000,0.312600000,0.015800000,0.029100000,0.008800000,0.005700000,0.227800000,0.000000000,0.000000000,0.012200000,0.630800000,0.010400000,3,1,7,7,3,0.083400000,0.003600000,0.033900000,0.039300000,0.011200000,0.007000000,true,true,0.016800000,0.019000000,0.001200000,0.003100000,0.037800000,103,103,0
972,0,1,1920,1080,640,360,ultra-performance,1.264900000,0.021400000,0.185000000,0.002700000,0.254100000,0.022700000,0.118500000,0.593300000,0.155700000,2.619600000,1.354700000,2.618300000,0.001300000,0.003700000,0.017900000,0.009800000,0.153000000,0.002400000,0.051600000,0.002200000,0.198100000,0.000000000,0.000000000,false,disabled,84,0,103,3,7,0.005000000,0.002600000,0.001100000,0.006800000,0.002400000,0.000700000,0.286100000,0.013200000,0.181200000,0.006300000,0.003200000,0.065700000,0.000100000,0.000000000,0.011300000,0.585700000,0.007600000,3,1,7,7,3,0.087400000,0.003800000,0.035000000,0.044100000,0.011400000,0.007500000,true,true,0.018000000,0.019300000,0.001400000,0.003600000,0.039100000,103,103,0
973,1,1,1920,1080,640,360,ultra-performance,0.998400000,0.022700000,0.176500000,0.003200000,0.257800000,0.023800000,0.120400000,0.643600000,0.147900000,2.395500000,1.397100000,2.394300000,0.001200000,0.003700000,0.018500000,0.010000000,0.143800000,0.002900000,0.051200000,0.002200000,0.202000000,0.000000000,0.000000000,false,disabled,84,0,103,3,7,0.007200000,0.003500000,0.002100000,0.008500000,0.002300000,0.000400000,0.326000000,0.011300000,0.187200000,0.008300000,0.004200000,0.063300000,0.000000000,0.000000000,0.011200000,0.635500000,0.008100000,3,1,7,7,3,0.087100000,0.004000000,0.036800000,0.045200000,0.012400000,0.007700000,true,true,0.017500000,0.019200000,0.001300000,0.003700000,0.039400000,103,103,0
974,2,1,1920,1080,640,360,ultra-performance,0.562400000,0.020500000,0.175500000,0.002500000,0.259400000,0.022500000,0.119700000,0.438800000,0.153000000,1.755800000,1.193400000,1.754300000,0.001500000,0.003200000,0.018300000,0.010200000,0.143200000,0.002300000,0.057500000,0.002200000,0.197400000,0.000000000,0.000000000,false,disabled,84,0,103,3,7,0.004300000,0.002700000,0.001200000,0.006600000,0.002500000,0.000400000,0.278200000,0.010400000,0.044400000,0.006500000,0.003600000,0.058500000,0.000000000,0.000000000,0.011800000,0.431100000,0.007700000,3,1,7,7,3,0.085800000,0.003700000,0.035100000,0.044700000,0.011600000,0.007500000,true,true,0.017500000,0.019200000,0.001400000,0.003500000,0.038400000,103,103,0
975,0,1,1920,1080,640,360,ultra-performance,1.053500000,0.156400000,0.265500000,0.003200000,0.374100000,0.024800000,0.124500000,0.615200000,0.160500000,2.778900000,1.725400000,2.777700000,0.001200000,0.003700000,0.068900000,0.010100000,0.182200000,0.002900000,0.157100000,0.003900000,0.210300000,0.000000000,0.000000000,false,disabled,84,0,103,3,7,0.004600000,0.003000000,0.001300000,0.007500000,0.002700000,0.000600000,0.350500000,0.017800000,0.106500000,0.010000000,0.004900000,0.084200000,0.000100000,0.000000000,0.011900000,0.605600000,0.009600000,3,1,7,7,3,0.088800000,0.004200000,0.038700000,0.046500000,0.012700000,0.008200000,true,true,0.018500000,0.019900000,0.001500000,0.003800000,0.038400000,103,103,0
976,1,1,1920,1080,640,360,ultra-performance,0.001900000,0.016400000,0.179300000,0.002600000,0.257700000,0.021400000,0.117300000,0.432500000,0.151000000,1.181400000,1.179500000,1.180100000,0.001300000,0.003200000,0.017500000,0.009600000,0.148600000,0.002200000,0.052100000,0.002100000,0.201200000,0.000000000,0.000000000,false,disabled,84,0,103,3,7,0.004500000,0.002500000,0.001200000,0.006600000,0.002600000,0.000700000,0.218300000,0.009600000,0.089600000,0.007300000,0.003900000,0.062900000,0.000000000,0.000000000,0.012300000,0.422000000,0.010500000,3,1,7,7,3,0.093700000,0.003700000,0.034600000,0.041800000,0.011300000,0.007600000,true,true,0.017700000,0.019500000,0.001300000,0.011200000,0.038200000,103,103,0
977,2,1,1920,1080,640,360,ultra-performance,1.592900000,0.034900000,0.394900000,0.006600000,0.562300000,0.023600000,0.119600000,0.899400000,0.158600000,3.794100000,2.201200000,3.792800000,0.001300000,0.007900000,0.041000000,0.022000000,0.322900000,0.005900000,0.116100000,0.004800000,0.438800000,0.000000000,0.000000000,false,disabled,84,0,103,3,7,0.005100000,0.002800000,0.001300000,0.006900000,0.002700000,0.000800000,0.357300000,0.015900000,0.401200000,0.010600000,0.005200000,0.066100000,0.000000000,0.000000000,0.012400000,0.888300000,0.011100000,3,1,7,7,3,0.189600000,0.008700000,0.081100000,0.098700000,0.026800000,0.015400000,true,true,0.038600000,0.043000000,0.002100000,0.007500000,0.085200000,103,103,0
978,0,1,1920,1080,640,360,ultra-performance,0.001800000,0.017800000,0.189900000,0.003400000,0.274000000,0.022500000,0.119500000,0.525100000,0.204200000,1.359600000,1.357800000,1.358200000,0.001400000,0.003200000,0.017500000,0.009500000,0.159200000,0.003200000,0.051400000,0.002100000,0.218400000,0.000000000,0.000000000,false,disabled,84,0,103,3,7,0.004900000,0.002700000,0.001200000,0.006900000,0.003200000,0.000600000,0.249800000,0.020500000,0.102400000,0.011200000,0.006200000,0.094600000,0.000000000,0.000000000,0.011500000,0.515700000,0.009400000,3,1,7,7,3,0.096000000,0.003800000,0.048500000,0.042300000,0.011700000,0.007700000,true,true,0.017600000,0.019300000,0.001600000,0.003700000,0.047900000,103,103,0
979,1,1,1920,1080,640,360,ultra-performance,0.836500000,0.019100000,0.181800000,0.002800000,0.254200000,0.023600000,0.124000000,0.579900000,0.154100000,2.177200000,1.340700000,2.176000000,0.001200000,0.003200000,0.017700000,0.009800000,0.150600000,0.002600000,0.052100000,0.002200000,0.197500000,0.000000000,0.000000000,false,disabled,84,0,103,3,7,0.004700000,0.002700000,0.001200000,0.007100000,0.002600000,0.000700000,0.337100000,0.013200000,0.111300000,0.009700000,0.003700000,0.062100000,0.000100000,0.000000000,0.012200000,0.568400000,0.011500000,3,1,7,7,3,0.085900000,0.003800000,0.036600000,0.043000000,0.011900000,0.007700000,true,true,0.017600000,0.019400000,0.001300000,0.003700000,0.038200000,103,103,0
980,2,1,1920,1080,640,360,ultra-performance,0.586500000,0.038500000,0.389200000,0.006100000,0.331700000,0.022400000,0.118100000,0.597700000,0.151000000,2.242700000,1.656200000,2.241200000,0.001500000,0.006800000,0.038300000,0.020700000,0.322200000,0.005600000,0.114800000,0.004600000,0.209800000,0.000000000,0.000000000,false,disabled,84,0,103,3,7,0.004800000,0.002700000,0.001100000,0.006700000,0.002400000,0.000700000,0.404600000,0.016100000,0.056900000,0.009400000,0.005000000,0.066700000,0.000100000,0.000000000,0.011900000,0.589100000,0.008600000,3,1,7,7,3,0.091400000,0.003700000,0.035400000,0.042200000,0.011700000,0.007500000,true,true,0.022300000,0.019400000,0.001200000,0.003400000,0.039100000,103,103,0
981,0,1,1920,1080,640,360,ultra-performance,0.638300000,0.016200000,0.173000000,0.003100000,0.238000000,0.022000000,0.108700000,0.525900000,0.149700000,1.875900000,1.237600000,1.874900000,0.001000000,0.002900000,0.016800000,0.009600000,0.143200000,0.002800000,0.051400000,0.002000000,0.182400000,0.000000000,0.000000000,false,disabled,84,0,103,3,7,0.004300000,0.002100000,0.001100000,0.006500000,0.002300000,0.000300000,0.328400000,0.009500000,0.078200000,0.007500000,0.003900000,0.062700000,0.000000000,0.000000000,0.011600000,0.518400000,0.007500000,3,1,7,7,3,0.083400000,0.003400000,0.033000000,0.037700000,0.010500000,0.006500000,true,true,0.017100000,0.019100000,0.001200000,0.003100000,0.037300000,103,103,0
982,1,1,1920,1080,640,360,ultra-performance,0.726500000,0.020000000,0.182400000,0.002900000,0.259300000,0.023400000,0.120400000,0.766400000,0.151700000,2.254400000,1.527900000,2.253000000,0.001400000,0.003500000,0.018900000,0.010000000,0.149500000,0.002700000,0.051800000,0.002200000,0.203000000,0.000000000,0.000000000,false,disabled,84,0,103,3,7,0.004500000,0.002800000,0.001200000,0.007000000,0.002800000,0.000600000,0.384800000,0.013400000,0.064500000,0.011200000,0.004500000,0.243600000,0.000100000,0.000000000,0.011800000,0.752800000,0.013600000,3,1,7,7,3,0.088700000,0.003800000,0.036200000,0.044900000,0.012300000,0.007700000,true,true,0.017900000,0.019900000,0.001300000,0.003700000,0.039800000,103,103,0
983,2,1,1920,1080,640,360,ultra-performance,1.076800000,0.020300000,0.179100000,0.003100000,0.252300000,0.023100000,0.118000000,0.643000000,0.151700000,2.468300000,1.391500000,2.467400000,0.000900000,0.003300000,0.018300000,0.009700000,0.147500000,0.002900000,0.051500000,0.002200000,0.196300000,0.000000000,0.000000000,false,disabled,84,0,103,3,7,0.005300000,0.002900000,0.001100000,0.006700000,0.002200000,0.000300000,0.326600000,0.010800000,0.197200000,0.007800000,0.004000000,0.058900000,0.000000000,0.000000000,0.011400000,0.635200000,0.007800000,3,1,7,7,3,0.086800000,0.003700000,0.034900000,0.042600000,0.011700000,0.007900000,true,true,0.018200000,0.019300000,0.001400000,0.004100000,0.038100000,103,103,0
984,0,1,1920,1080,640,360,ultra-performance,0.584300000,0.043100000,0.403300000,0.007200000,0.355000000,0.024600000,0.155300000,0.485700000,0.161600000,2.221400000,1.637100000,2.220100000,0.001300000,0.008100000,0.040500000,0.022100000,0.331700000,0.006600000,0.116300000,0.005200000,0.230700000,0.000000000,0.000000000,false,disabled,84,0,103,3,7,0.005800000,0.003100000,0.001400000,0.008400000,0.002700000,0.000700000,0.304200000,0.016900000,0.041600000,0.009600000,0.004900000,0.063800000,0.000000000,0.000000000,0.012900000,0.476000000,0.009700000,3,1,7,7,3,0.102300000,0.004100000,0.037900000,0.046000000,0.013000000,0.008100000,true,true,0.031200000,0.019800000,0.002100000,0.003600000,0.039000000,103,103,0
985,1,1,1920,1080,640,360,ultra-performance,0.807900000,0.023500000,0.267300000,0.007000000,0.572800000,0.048800000,0.258000000,0.629600000,0.162100000,2.778300000,1.970400000,2.777000000,0.001300000,0.003800000,0.018400000,0.009800000,0.234600000,0.006300000,0.124900000,0.004800000,0.438400000,0.000000000,0.000000000,false,disabled,84,0,103,3,7,0.009800000,0.005800000,0.002800000,0.014700000,0.002600000,0.000400000,0.425400000,0.011900000,0.046100000,0.007100000,0.004500000,0.076500000,0.000100000,0.000000000,0.011900000,0.619600000,0.010000000,3,1,7,7,3,0.190300000,0.008100000,0.077900000,0.099300000,0.026200000,0.016600000,true,true,0.039900000,0.042800000,0.002300000,0.008200000,0.084100000,103,103,0
986,2,1,1920,1080,640,360,ultra-performance,0.001800000,0.018400000,0.184400000,0.002900000,0.248700000,0.022500000,0.116100000,0.507100000,0.149700000,1.253100000,1.251300000,1.251600000,0.001500000,0.003000000,0.016600000,0.009700000,0.154800000,0.002600000,0.053400000,0.002200000,0.190800000,0.000000000,0.000000000,false,disabled,84,0,103,3,7,0.004800000,0.002500000,0.001000000,0.006500000,0.002800000,0.000700000,0.307700000,0.014100000,0.051400000,0.008500000,0.004700000,0.078900000,0.000000000,0.000000000,0.012200000,0.495800000,0.011300000,3,1,7,7,3,0.086500000,0.003800000,0.034100000,0.039500000,0.011600000,0.007200000,true,true,0.017700000,0.020000000,0.001400000,0.003300000,0.038600000,103,103,0
987,0,1,1920,1080,640,360,ultra-performance,1.257300000,0.015800000,0.184200000,0.002800000,0.249100000,0.022000000,0.110000000,0.580400000,0.149900000,2.572800000,1.315500000,2.571500000,0.001300000,0.002800000,0.016500000,0.010300000,0.154100000,0.002600000,0.053400000,0.001900000,0.191800000,0.000000000,0.000000000,false,disabled,84,0,103,3,7,0.005000000,0.002200000,0.001000000,0.006300000,0.002300000,0.000400000,0.320900000,0.008900000,0.152600000,0.005500000,0.003300000,0.053200000,0.000000000,0.000000000,0.011800000,0.573400000,0.007000000,3,1,7,7,3,0.090400000,0.003400000,0.033700000,0.038200000,0.011400000,0.006900000,true,true,0.017500000,0.026100000,0.001200000,0.002700000,0.037500000,103,103,0
988,1,1,1920,1080,640,360,ultra-performance,0.963800000,0.022400000,0.186100000,0.003000000,0.253900000,0.021600000,0.116200000,0.473400000,0.154800000,2.196500000,1.232700000,2.195200000,0.001300000,0.003900000,0.018000000,0.010300000,0.153600000,0.002700000,0.051200000,0.002200000,0.198200000,0.000000000,0.000000000,false,disabled,84,0,103,3,7,0.004400000,0.002700000,0.001200000,0.006200000,0.002400000,0.000400000,0.316500000,0.010900000,0.031500000,0.007500000,0.004400000,0.065800000,0.000000000,0.000000000,0.011200000,0.465100000,0.008300000,3,1,7,7,3,0.087000000,0.003800000,0.034900000,0.044000000,0.011900000,0.007700000,true,true,0.017800000,0.019700000,0.001300000,0.003500000,0.038700000,103,103,0
989,2,1,1920,1080,640,360,ultra-performance,0.731300000,0.018000000,0.176400000,0.002600000,0.243100000,0.021700000,0.115800000,0.767700000,0.193600000,2.272800000,1.541500000,2.270200000,0.002600000,0.003000000,0.017100000,0.009800000,0.146000000,0.002300000,0.050500000,0.002100000,0.188200000,0.000000000,0.000000000,false,disabled,84,0,103,3,7,0.004300000,0.002500000,0.001200000,0.006400000,0.005000000,0.000800000,0.385700000,0.018900000,0.172500000,0.012000000,0.006400000,0.107500000,0.000000000,0.000000000,0.027500000,0.750700000,0.017000000,3,1,7,7,3,0.084200000,0.003600000,0.034100000,0.039900000,0.011300000,0.006900000,true,true,0.017600000,0.019200000,0.001600000,0.003200000,0.037000000,103,103,0
990,0,1,1920,1080,640,360,ultra-performance,0.741000000,0.022000000,0.179800000,0.003200000,0.263800000,0.022700000,0.118000000,0.551800000,0.155000000,2.058600000,1.317600000,2.057300000,0.001300000,0.003900000,0.019000000,0.010200000,0.146100000,0.002900000,0.051200000,0.002100000,0.208300000,0.000000000,0.000000000,false,disabled,84,0,103,3,7,0.004900000,0.002700000,0.001200000,0.006300000,0.003000000,0.000500000,0.324300000,0.014900000,0.086300000,0.009300000,0.004800000,0.072900000,0.000100000,0.000000000,0.012100000,0.543300000,0.008500000,3,1,7,7,3,0.087400000,0.003700000,0.044200000,0.044500000,0.011900000,0.007400000,true,true,0.017600000,0.019500000,0.001800000,0.003600000,0.039100000,103,103,0
991,1,1,1920,1080,640,360,ultra-performance,0.540000000,0.015400000,0.172700000,0.002700000,0.240200000,0.021700000,0.108200000,0.465800000,0.148500000,1.716500000,1.176500000,1.715200000,0.001300000,0.002800000,0.016000000,0.009300000,0.144300000,0.002600000,0.055700000,0.001700000,0.180600000,0.000000000,0.000000000,false,disabled,84,0,103,3,7,0.004200000,0.002400000,0.001000000,0.006400000,0.002200000,0.000600000,0.305600000,0.009600000,0.031500000,0.006800000,0.003900000,0.070200000,0.000100000,0.000000000,0.011800000,0.456300000,0.009500000,3,1,7,7,3,0.083000000,0.003400000,0.032800000,0.036500000,0.010800000,0.006400000,true,true,0.017200000,0.019200000,0.001300000,0.002500000,0.037400000,103,103,0
992,2,1,1920,1080,640,360,ultra-performance,1.479500000,0.023000000,0.179100000,0.002900000,0.254900000,0.023100000,0.118900000,0.501200000,0.156500000,2.740300000,1.260800000,2.739100000,0.001200000,0.003700000,0.018700000,0.009900000,0.146400000,0.002700000,0.051100000,0.002200000,0.199300000,0.000000000,0.000000000,false,disabled,84,0,103,3,7,0.005100000,0.002900000,0.001100000,0.006300000,0.002400000,0.000600000,0.303500000,0.014900000,0.049000000,0.009500000,0.004900000,0.080600000,0.000000000,0.000000000,0.011400000,0.492200000,0.009000000,3,1,7,7,3,0.085900000,0.003700000,0.036400000,0.044500000,0.011700000,0.007700000,true,true,0.017000000,0.019400000,0.001200000,0.003600000,0.039000000,103,103,0
993,0,1,1920,1080,640,360,ultra-performance,0.622500000,0.014800000,0.178900000,0.002700000,0.237300000,0.021200000,0.112400000,0.564300000,0.181100000,1.936600000,1.314100000,1.935200000,0.001400000,0.002900000,0.016800000,0.010000000,0.148900000,0.002400000,0.050100000,0.001900000,0.183200000,0.000000000,0.000000000,false,disabled,84,0,103,3,7,0.004300000,0.002300000,0.001100000,0.006400000,0.002400000,0.000400000,0.403000000,0.009000000,0.049700000,0.006200000,0.003600000,0.055900000,0.000100000,0.000000000,0.012000000,0.556400000,0.007900000,3,1,7,7,3,0.082900000,0.003400000,0.032900000,0.038600000,0.011000000,0.006600000,true,true,0.017200000,0.019100000,0.001300000,0.002700000,0.036900000,103,103,0
994,1,1,1920,1080,640,360,ultra-performance,1.095300000,0.016800000,0.184200000,0.002800000,0.257600000,0.022000000,0.121200000,0.616900000,0.153700000,2.471600000,1.376300000,2.470500000,0.001100000,0.003100000,0.017300000,0.009500000,0.153800000,0.002600000,0.052900000,0.002000000,0.200200000,0.000000000,0.000000000,false,disabled,84,0,103,3,7,0.004400000,0.002800000,0.001200000,0.006500000,0.007000000,0.001400000,0.376500000,0.015700000,0.053200000,0.014300000,0.008800000,0.101300000,0.000000000,0.000000000,0.010800000,0.603900000,0.013000000,3,1,7,7,3,0.094400000,0.003900000,0.034400000,0.040300000,0.011800000,0.007200000,true,true,0.017600000,0.020600000,0.001300000,0.003300000,0.045800000,103,103,0
995,2,1,1920,1080,640,360,ultra-performance,0.579700000,0.014500000,0.189400000,0.003100000,0.241100000,0.021500000,0.110300000,0.680600000,0.148000000,1.989200000,1.409500000,1.988200000,0.001000000,0.002700000,0.016800000,0.009600000,0.159800000,0.002900000,0.053000000,0.001800000,0.184300000,0.000000000,0.000000000,false,disabled,84,0,103,3,7,0.004900000,0.002300000,0.001000000,0.006200000,0.002300000,0.000400000,0.402800000,0.009900000,0.142800000,0.006500000,0.003700000,0.075200000,0.000000000,0.000000000,0.011900000,0.669900000,0.010700000,3,1,7,7,3,0.084300000,0.003400000,0.033100000,0.037800000,0.011200000,0.006400000,true,true,0.017500000,0.020000000,0.001200000,0.002900000,0.037300000,103,103,0
996,0,1,1920,1080,640,360,ultra-performance,0.995900000,0.016400000,0.184800000,0.002700000,0.248900000,0.021400000,0.115100000,0.601700000,0.142700000,2.331000000,1.335100000,2.329600000,0.001400000,0.003300000,0.017200000,0.009500000,0.154300000,0.002600000,0.053600000,0.001900000,0.191200000,0.000000000,0.000000000,false,disabled,84,0,103,3,7,0.005000000,0.002700000,0.001100000,0.006500000,0.002600000,0.000500000,0.319100000,0.010500000,0.160000000,0.007500000,0.004300000,0.059500000,0.000000000,0.000000000,0.011900000,0.591200000,0.010500000,3,1,7,7,3,0.087400000,0.003500000,0.034000000,0.039300000,0.011400000,0.007100000,true,true,0.017700000,0.020200000,0.001400000,0.003300000,0.039100000,103,103,0
997,1,1,1920,1080,640,360,ultra-performance,0.644900000,0.021500000,0.177800000,0.002900000,0.266300000,0.024300000,0.122500000,0.504600000,0.171800000,1.937800000,1.292900000,1.936600000,0.001200000,0.003700000,0.018300000,0.010400000,0.144900000,0.002600000,0.053000000,0.002300000,0.208600000,0.000000000,0.000000000,false,disabled,84,0,103,3,7,0.005100000,0.002800000,0.001300000,0.006800000,0.002100000,0.000400000,0.317400000,0.011300000,0.005700000,0.007500000,0.004700000,0.120300000,0.000100000,0.000000000,0.011700000,0.497200000,0.007400000,3,1,7,7,3,0.091600000,0.004000000,0.037200000,0.045900000,0.012800000,0.008000000,true,true,0.017900000,0.023600000,0.001300000,0.003800000,0.039100000,103,103,0
998,2,1,1920,1080,640,360,ultra-performance,1.094000000,0.022900000,0.180700000,0.002800000,0.259400000,0.023000000,0.119500000,0.478600000,0.157300000,2.339500000,1.245500000,2.338200000,0.001300000,0.003700000,0.019000000,0.010100000,0.147400000,0.002500000,0.052300000,0.002200000,0.203000000,0.000000000,0.000000000,false,disabled,84,0,103,3,7,0.004400000,0.003000000,0.001200000,0.006700000,0.002400000,0.000400000,0.331300000,0.010600000,0.023300000,0.007600000,0.003900000,0.063300000,0.000000000,0.000000000,0.011800000,0.469900000,0.008700000,3,1,7,7,3,0.088000000,0.003900000,0.036100000,0.045500000,0.011900000,0.007700000,true,true,0.018000000,0.019800000,0.001300000,0.003800000,0.039400000,103,103,0
999,0,1,1920,1080,640,360,ultra-performance,0.718900000,0.021900000,0.178200000,0.002900000,0.258900000,0.023200000,0.118600000,0.677100000,0.189700000,2.190600000,1.471700000,2.189400000,0.001200000,0.003800000,0.018300000,0.009700000,0.146100000,0.002700000,0.055400000,0.002200000,0.199100000,0.000000000,0.000000000,false,disabled,84,0,103,3,7,0.004400000,0.002700000,0.001300000,0.006600000,0.002700000,0.000600000,0.364500000,0.014500000,0.159200000,0.009900000,0.004700000,0.083500000,0.000100000,0.000000000,0.011400000,0.666100000,0.011000000,3,1,7,7,3,0.087400000,0.003700000,0.034900000,0.044700000,0.011800000,0.007400000,true,true,0.018500000,0.019400000,0.001300000,0.003800000,0.038500000,103,103,0
1000,1,1,1920,1080,640,360,ultra-performance,0.832200000,0.016700000,0.180000000,0.002500000,0.250000000,0.022300000,0.110800000,0.531000000,0.159600000,2.106300000,1.274100000,2.105100000,0.001200000,0.002800000,0.016400000,0.009900000,0.150400000,0.002200000,0.051300000,0.002000000,0.194300000,0.000000000,0.000000000,false,disabled,84,0,103,3,7,0.005800000,0.002200000,0.001000000,0.006700000,0.002300000,0.000400000,0.323600000,0.008900000,0.088100000,0.006000000,0.003700000,0.063300000,0.000000000,0.000000000,0.011700000,0.523700000,0.007300000,3,1,7,7,3,0.091400000,0.003400000,0.035000000,0.038400000,0.011100000,0.006600000,true,true,0.017800000,0.025000000,0.001200000,0.002800000,0.039000000,103,103,0
1001,2,1,1920,1080,640,360,ultra-performance,0.618000000,0.024200000,0.178400000,0.002800000,0.251600000,0.022800000,0.126100000,0.523200000,0.150700000,1.899100000,1.281100000,1.897800000,0.001300000,0.003700000,0.018200000,0.009700000,0.146300000,0.002600000,0.051100000,0.002200000,0.196000000,0.000000000,0.000000000,false,disabled,84,0,103,3,7,0.004400000,0.003100000,0.001200000,0.006300000,0.002600000,0.000500000,0.298400000,0.015200000,0.078500000,0.008900000,0.004600000,0.081400000,0.000000000,0.000000000,0.009900000,0.515000000,0.008200000,3,1,7,7,3,0.085600000,0.003700000,0.034900000,0.044200000,0.011500000,0.007500000,true,true,0.018100000,0.019000000,0.001400000,0.003400000,0.037900000,103,103,0
1002,0,1,1920,1080,640,360,ultra-performance,0.943600000,0.020100000,0.179900000,0.003300000,0.265600000,0.024100000,0.125200000,0.567300000,0.154300000,2.284600000,1.341000000,2.283400000,0.001200000,0.003200000,0.018100000,0.009900000,0.148100000,0.003000000,0.053100000,0.002500000,0.207500000,0.000000000,0.000000000,false,disabled,84,0,103,3,7,0.004500000,0.002800000,0.001200000,0.007000000,0.002800000,0.000600000,0.318000000,0.011700000,0.119200000,0.007700000,0.004800000,0.061200000,0.000000000,0.000000000,0.012300000,0.553800000,0.013500000,3,1,7,7,3,0.093000000,0.003900000,0.037200000,0.043800000,0.012500000,0.008000000,true,true,0.017800000,0.025300000,0.001400000,0.003600000,0.038800000,103,103,0
1003,1,1,1920,1080,640,360,ultra-performance,0.527500000,0.015600000,0.184500000,0.002800000,0.253400000,0.023000000,0.112300000,0.540200000,0.152700000,1.813200000,1.285700000,1.812000000,0.001200000,0.002800000,0.016800000,0.009700000,0.154600000,0.002600000,0.059800000,0.002400000,0.189000000,0.000000000,0.000000000,false,disabled,84,0,103,3,7,0.004900000,0.002400000,0.001000000,0.006900000,0.002900000,0.000700000,0.277800000,0.012000000,0.128100000,0.007400000,0.004000000,0.072100000,0.000000000,0.000000000,0.011400000,0.531600000,0.008600000,3,1,7,7,3,0.084700000,0.003500000,0.035000000,0.038900000,0.011300000,0.007300000,true,true,0.017300000,0.019900000,0.001400000,0.002800000,0.037600000,103,103,0
1004,2,1,1920,1080,640,360,ultra-performance,0.963100000,0.038800000,0.395900000,0.006800000,0.290300000,0.023700000,0.119500000,0.655900000,0.159800000,2.655300000,1.692200000,2.653800000,0.001500000,0.006700000,0.038500000,0.021500000,0.328200000,0.006000000,0.086400000,0.002300000,0.199100000,0.000000000,0.000000000,false,disabled,84,0,103,3,7,0.005000000,0.003100000,0.001200000,0.006700000,0.002400000,0.000600000,0.383300000,0.014600000,0.128600000,0.008400000,0.004400000,0.077200000,0.000000000,0.000000000,0.011900000,0.647400000,0.008500000,3,1,7,7,3,0.087900000,0.003600000,0.035700000,0.042800000,0.011800000,0.007700000,true,true,0.018400000,0.019600000,0.001400000,0.004100000,0.038800000,103,103,0
1005,0,1,1920,1080,640,360,ultra-performance,0.002200000,0.019000000,0.176200000,0.002900000,0.266000000,0.024700000,0.121700000,0.578100000,0.149700000,1.342000000,1.339800000,1.340500000,0.001500000,0.003100000,0.017900000,0.010000000,0.144700000,0.002700000,0.052000000,0.002200000,0.209500000,0.000000000,0.000000000,false,disabled,84,0,103,3,7,0.004300000,0.002800000,0.001500000,0.007400000,0.002500000,0.000700000,0.414300000,0.015100000,0.035300000,0.008100000,0.004600000,0.059800000,0.000000000,0.000000000,0.012000000,0.568400000,0.009700000,3,1,7,7,3,0.095500000,0.004000000,0.036900000,0.043100000,0.012000000,0.008000000,true,true,0.017500000,0.019500000,0.001500000,0.003800000,0.047200000,103,103,0
1006,1,1,1920,1080,640,360,ultra-performance,1.211800000,0.019800000,0.175300000,0.002700000,0.253100000,0.022800000,0.118200000,0.496200000,0.144100000,2.445200000,1.233400000,2.444000000,0.001200000,0.003400000,0.017800000,0.009900000,0.143900000,0.002400000,0.052100000,0.002100000,0.196600000,0.000000000,0.000000000,false,disabled,84,0,103,3,7,0.005000000,0.002700000,0.001300000,0.006500000,0.002400000,0.000400000,0.323800000,0.010700000,0.056900000,0.007700000,0.004000000,0.055100000,0.000000000,0.000000000,0.011200000,0.487700000,0.008500000,3,1,7,7,3,0.087100000,0.003800000,0.035400000,0.042100000,0.011800000,0.007600000,true,true,0.017700000,0.019300000,0.001300000,0.003700000,0.039300000,103,103,0
1007,2,1,1920,1080,640,360,ultra-performance,1.016000000,0.022100000,0.176200000,0.003000000,0.254900000,0.022800000,0.128300000,0.487000000,0.171100000,2.282900000,1.266900000,2.281400000,0.001500000,0.003700000,0.018800000,0.009900000,0.143500000,0.002700000,0.051200000,0.002100000,0.199000000,0.000000000,0.000000000,false,disabled,84,0,103,3,7,0.004500000,0.003000000,0.001200000,0.006900000,0.002600000,0.000900000,0.309800000,0.014100000,0.043100000,0.009300000,0.003700000,0.066200000,0.000000000,0.000000000,0.011600000,0.476900000,0.010100000,3,1,7,7,3,0.085700000,0.003800000,0.036100000,0.044900000,0.011900000,0.007600000,true,true,0.017300000,0.019300000,0.001400000,0.003500000,0.038100000,103,103,0
1008,0,1,1920,1080,640,360,ultra-performance,0.722000000,0.037300000,0.396400000,0.006900000,0.495800000,0.022600000,0.119000000,0.693000000,0.169100000,2.663200000,1.941200000,2.662100000,0.001100000,0.006900000,0.038000000,0.021700000,0.328800000,0.006200000,0.114800000,0.004500000,0.373800000,0.000000000,0.000000000,false,disabled,84,0,103,3,7,0.005100000,0.002700000,0.001200000,0.006800000,0.002900000,0.000900000,0.372500000,0.015200000,0.166800000,0.012300000,0.005500000,0.074900000,0.000100000,0.000000000,0.012400000,0.679300000,0.013700000,3,1,7,7,3,0.191800000,0.008400000,0.079100000,0.056900000,0.011900000,0.007700000,true,true,0.038600000,0.043500000,0.002300000,0.007600000,0.086600000,103,103,0
1009,1,1,1920,1080,640,360,ultra-performance,0.001800000,0.017800000,0.191900000,0.002700000,0.273500000,0.023700000,0.124000000,0.492400000,0.156700000,1.285900000,1.284100000,1.284500000,0.001400000,0.003100000,0.017700000,0.009800000,0.160800000,0.002500000,0.061500000,0.002300000,0.207300000,0.000000000,0.000000000,false,disabled,84,0,103,3,7,0.005800000,0.002600000,0.001300000,0.006800000,0.003400000,0.000600000,0.323200000,0.016000000,0.018500000,0.009000000,0.006000000,0.077400000,0.000100000,0.000000000,0.011800000,0.482500000,0.009900000,3,1,7,7,3,0.095900000,0.003900000,0.036500000,0.042500000,0.011800000,0.007900000,true,true,0.017400000,0.022300000,0.001300000,0.010100000,0.039000000,103,103,0
1010,2,1,1920,1080,640,360,ultra-performance,1.209600000,0.019300000,0.177500000,0.002900000,0.250200000,0.022700000,0.118100000,0.682100000,0.151500000,2.635100000,1.425500000,2.633900000,0.001200000,0.003300000,0.017700000,0.009700000,0.146400000,0.002600000,0.050700000,0.002200000,0.195000000,0.000000000,0.000000000,false,disabled,84,0,103,3,7,0.004900000,0.002600000,0.001200000,0.006600000,0.002400000,0.000300000,0.321200000,0.012300000,0.230400000,0.009000000,0.005200000,0.061200000,0.000000000,0.000000000,0.011300000,0.668600000,0.013500000,3,1,7,7,3,0.085700000,0.003600000,0.035600000,0.042100000,0.011700000,0.007500000,true,true,0.017600000,0.019200000,0.001200000,0.003500000,0.038500000,103,103,0
1011,0,1,1920,1080,640,360,ultra-performance,0.844000000,0.022700000,0.179200000,0.003100000,0.260200000,0.022600000,0.126800000,0.623100000,0.154400000,2.237400000,1.393400000,2.236100000,0.001300000,0.003800000,0.018300000,0.010000000,0.146700000,0.002700000,0.051800000,0.002000000,0.204000000,0.000000000,0.000000000,false,disabled,84,0,103,3,7,0.005500000,0.002700000,0.001100000,0.006500000,0.002800000,0.000500000,0.338000000,0.014600000,0.135700000,0.009100000,0.004700000,0.082600000,0.000000000,0.000000000,0.010700000,0.614500000,0.008600000,3,1,7,7,3,0.092000000,0.003900000,0.035800000,0.044200000,0.011700000,0.007600000,true,true,0.017500000,0.024000000,0.001400000,0.003600000,0.039500000,103,103,0
1012,1,1,1920,1080,640,360,ultra-performance,0.637800000,0.016500000,0.407900000,0.006800000,0.545200000,0.046200000,0.221800000,0.570200000,0.203700000,2.657400000,2.019600000,2.656100000,0.001300000,0.003000000,0.025200000,0.021800000,0.357100000,0.006200000,0.113500000,0.004300000,0.422400000,0.000000000,0.000000000,false,disabled,84,0,103,3,7,0.004800000,0.002900000,0.001200000,0.007100000,0.002300000,0.000400000,0.403300000,0.010400000,0.035000000,0.007200000,0.004100000,0.073000000,0.000100000,0.000000000,0.010900000,0.562700000,0.007500000,3,1,7,7,3,0.190200000,0.008100000,0.075800000,0.089000000,0.024800000,0.016200000,true,true,0.040100000,0.043000000,0.002000000,0.007400000,0.085100000,103,103,0
1013,2,1,1920,1080,640,360,ultra-performance,0.015800000,0.018700000,0.184700000,0.003100000,0.245700000,0.021000000,0.116800000,0.583100000,0.285800000,1.477100000,1.461300000,1.474700000,0.002400000,0.003000000,0.017500000,0.009700000,0.154000000,0.002800000,0.053500000,0.002000000,0.188200000,0.000000000,0.000000000,false,disabled,84,0,103,3,7,0.004300000,0.002500000,0.001200000,0.006400000,0.002600000,0.000400000,0.307400000,0.018200000,0.088300000,0.010100000,0.005900000,0.094900000,0.000100000,0.000000000,0.024600000,0.566900000,0.016200000,3,1,7,7,3,0.084100000,0.003500000,0.034400000,0.039500000,0.011400000,0.007200000,true,true,0.017300000,0.019600000,0.001300000,0.003000000,0.037300000,103,103,0
1014,0,1,1920,1080,640,360,ultra-performance,1.035100000,0.021800000,0.180500000,0.003200000,0.257800000,0.023000000,0.118100000,0.757000000,0.152200000,2.550100000,1.515000000,2.548700000,0.001400000,0.003600000,0.018400000,0.010300000,0.147600000,0.003000000,0.051000000,0.002000000,0.202500000,0.000000000,0.000000000,false,disabled,84,0,103,3,7,0.005600000,0.002600000,0.001100000,0.006200000,0.002300000,0.000500000,0.346300000,0.011100000,0.173300000,0.007900000,0.004500000,0.176400000,0.000000000,0.000000000,0.010500000,0.748300000,0.008700000,3,1,7,7,3,0.090000000,0.003800000,0.035400000,0.044700000,0.011900000,0.007600000,true,true,0.017500000,0.023400000,0.001400000,0.003500000,0.038400000,103,103,0
1015,1,1,1920,1080,640,360,ultra-performance,0.886600000,0.017900000,0.176400000,0.002600000,0.283400000,0.022200000,0.121300000,0.597600000,0.152900000,2.262200000,1.375600000,2.260900000,0.001300000,0.003100000,0.017100000,0.009500000,0.146400000,0.002400000,0.052000000,0.002000000,0.227000000,0.000000000,0.000000000,false,disabled,84,0,103,3,7,0.004400000,0.002500000,0.001100000,0.006600000,0.002600000,0.000500000,0.331300000,0.013700000,0.103200000,0.007800000,0.004100000,0.101400000,0.000000000,0.000000000,0.010100000,0.589300000,0.008300000,3,1,7,7,3,0.121200000,0.003700000,0.034900000,0.040300000,0.011200000,0.007100000,true,true,0.017700000,0.020000000,0.001200000,0.003600000,0.038400000,103,103,0
1016,2,1,1920,1080,640,360,ultra-performance,0.602300000,0.020700000,0.184900000,0.002600000,0.256300000,0.023200000,0.120000000,0.570500000,0.148700000,1.930600000,1.328300000,1.929200000,0.001400000,0.003200000,0.018200000,0.009700000,0.153400000,0.002400000,0.051600000,0.002300000,0.200000000,0.000000000,0.000000000,false,disabled,84,0,103,3,7,0.004400000,0.003200000,0.001200000,0.007200000,0.002700000,0.000600000,0.350200000,0.014900000,0.087300000,0.009700000,0.004900000,0.065100000,0.000100000,0.000000000,0.010700000,0.562200000,0.008300000,3,1,7,7,3,0.085700000,0.003900000,0.036300000,0.045200000,0.012200000,0.007900000,true,true,0.018000000,0.019400000,0.001300000,0.002600000,0.038500000,103,103,0
1017,0,1,1920,1080,640,360,ultra-performance,0.887400000,0.036800000,0.398100000,0.006300000,0.386100000,0.022100000,0.118200000,0.547200000,0.144900000,2.548300000,1.660900000,2.547100000,0.001200000,0.006800000,0.038700000,0.021200000,0.330300000,0.005800000,0.115800000,0.004700000,0.262800000,0.000000000,0.000000000,false,disabled,84,0,103,3,7,0.004400000,0.002600000,0.001200000,0.006500000,0.002500000,0.000400000,0.326000000,0.012100000,0.088900000,0.009300000,0.004400000,0.069200000,0.000100000,0.000000000,0.010600000,0.538200000,0.009000000,3,1,7,7,3,0.144800000,0.003800000,0.035200000,0.042400000,0.011500000,0.007500000,true,true,0.038300000,0.043100000,0.002600000,0.007800000,0.047200000,103,103,0
1018,1,1,1920,1080,640,360,ultra-performance,0.044500000,0.015000000,0.186500000,0.002700000,0.255800000,0.022700000,0.115300000,0.525700000,0.152900000,1.322300000,1.277800000,1.321100000,0.001200000,0.002900000,0.017700000,0.009800000,0.155600000,0.002600000,0.053400000,0.002100000,0.197900000,0.000000000,0.000000000,false,disabled,84,0,103,3,7,0.004400000,0.002300000,0.001200000,0.007100000,0.003400000,0.000600000,0.309500000,0.012500000,0.061200000,0.008300000,0.004600000,0.091000000,0.000000000,0.000000000,0.011700000,0.517800000,0.007900000,3,1,7,7,3,0.086500000,0.003600000,0.040000000,0.040500000,0.011600000,0.007100000,true,true,0.017000000,0.020300000,0.001200000,0.003300000,0.038700000,103,103,0
1019,2,1,1920,1080,640,360,ultra-performance,1.549900000,0.038600000,0.462400000,0.006000000,0.564300000,0.049700000,0.234300000,0.798400000,0.154800000,3.859800000,2.309900000,3.858400000,0.001400000,0.006800000,0.038900000,0.026600000,0.388800000,0.005500000,0.115700000,0.004700000,0.439000000,0.000000000,0.000000000,false,disabled,84,0,103,3,7,0.004900000,0.003300000,0.001200000,0.007500000,0.003700000,0.000600000,0.507200000,0.017800000,0.122500000,0.011300000,0.006300000,0.085900000,0.000100000,0.000000000,0.012300000,0.784600000,0.013800000,3,1,7,7,3,0.188200000,0.008400000,0.080000000,0.099700000,0.025900000,0.017100000,true,true,0.039300000,0.043000000,0.002300000,0.005500000,0.085300000,103,103,0
1020,0,1,1920,1080,640,360,ultra-performance,0.001800000,0.017900000,0.176700000,0.002500000,0.257200000,0.023400000,0.133700000,0.505800000,0.149000000,1.269300000,1.267500000,1.268000000,0.001300000,0.003100000,0.018000000,0.010300000,0.144700000,0.002300000,0.051400000,0.002500000,0.200900000,0.000000000,0.000000000,false,disabled,84,0,103,3,7,0.005000000,0.002700000,0.001200000,0.006900000,0.003300000,0.000500000,0.327800000,0.015800000,0.030400000,0.009400000,0.005700000,0.077100000,0.000000000,0.000000000,0.011400000,0.497200000,0.008600000,3,1,7,7,3,0.088300000,0.003900000,0.036800000,0.042800000,0.012100000,0.008300000,true,true,0.017600000,0.019500000,0.001800000,0.004000000,0.039500000,103,103,0
1021,1,1,1920,1080,640,360,ultra-performance,0.688000000,0.016200000,0.179200000,0.002300000,0.244800000,0.022800000,0.111900000,0.532500000,0.125400000,1.924100000,1.236100000,1.923100000,0.001000000,0.003000000,0.017200000,0.010100000,0.148500000,0.002200000,0.051000000,0.002200000,0.189200000,0.000000000,0.000000000,false,disabled,84,0,103,3,7,0.004300000,0.002400000,0.001000000,0.007000000,0.002800000,0.000400000,0.289400000,0.012200000,0.122700000,0.007200000,0.004000000,0.054700000,0.000100000,0.000000000,0.011300000,0.519500000,0.013000000,3,1,7,7,3,0.085000000,0.003500000,0.034700000,0.039200000,0.011200000,0.007100000,true,true,0.017800000,0.019700000,0.001400000,0.003000000,0.037500000,103,103,0
1022,2,1,1920,1080,640,360,ultra-performance,1.340600000,0.023000000,0.178200000,0.002700000,0.269100000,0.022800000,0.164700000,0.629500000,0.158100000,2.789900000,1.449300000,2.788700000,0.001200000,0.003700000,0.018800000,0.009800000,0.145400000,0.002500000,0.051700000,0.002200000,0.212700000,0.000000000,0.000000000,false,disabled,84,0,103,3,7,0.004300000,0.002800000,0.001200000,0.006400000,0.003300000,0.000500000,0.333700000,0.020400000,0.140900000,0.012100000,0.006500000,0.076200000,0.000000000,0.000000000,0.011700000,0.620000000,0.009500000,3,1,7,7,3,0.085900000,0.003700000,0.044100000,0.048100000,0.014000000,0.007800000,true,true,0.017600000,0.019300000,0.001500000,0.003500000,0.038300000,103,103,0
1023,0,1,1920,1080,640,360,ultra-performance,0.471200000,0.017900000,0.176700000,0.002300000,0.262800000,0.023900000,0.120400000,0.546900000,0.167800000,1.791200000,1.320000000,1.789900000,0.001300000,0.003400000,0.018600000,0.010100000,0.144100000,0.002100000,0.052100000,0.002300000,0.206000000,0.000000000,0.000000000,false,disabled,84,0,103,3,7,0.004400000,0.002700000,0.001200000,0.007100000,0.002400000,0.000400000,0.355800000,0.009100000,0.059900000,0.006900000,0.004700000,0.069600000,0.000100000,0.000000000,0.011800000,0.536100000,0.010800000,3,1,7,7,3,0.092300000,0.003900000,0.036700000,0.044600000,0.011700000,0.007800000,true,true,0.017800000,0.024700000,0.001300000,0.003900000,0.038800000,103,103,0
1024,1,1,1920,1080,640,360,ultra-performance,0.994700000,0.022900000,0.188800000,0.002800000,0.262200000,0.022500000,0.122100000,0.586400000,0.152000000,2.355500000,1.360800000,2.354400000,0.001100000,0.003700000,0.019000000,0.010000000,0.155600000,0.002600000,0.051500000,0.002300000,0.206000000,0.000000000,0.000000000,false,disabled,84,0,103,3,7,0.005000000,0.002800000,0.001100000,0.006200000,0.002500000,0.000500000,0.333900000,0.014800000,0.087600000,0.013900000,0.006400000,0.090900000,0.000000000,0.000000000,0.010400000,0.576000000,0.010400000,3,1,7,7,3,0.087300000,0.003800000,0.036200000,0.044700000,0.011500000,0.007900000,true,true,0.017900000,0.019700000,0.001200000,0.003600000,0.038900000,103,103,0
1025,2,1,1920,1080,640,360,ultra-performance,0.691500000,0.017700000,0.185900000,0.002500000,0.248600000,0.021800000,0.116300000,0.521600000,0.171300000,1.978500000,1.287000000,1.977200000,0.001300000,0.003100000,0.017200000,0.009600000,0.155700000,0.002400000,0.053400000,0.002000000,0.190900000,0.000000000,0.000000000,false,disabled,84,0,103,3,7,0.004600000,0.002700000,0.001100000,0.006800000,0.002500000,0.000400000,0.333500000,0.010900000,0.051300000,0.007700000,0.004300000,0.072300000,0.000100000,0.000000000,0.010500000,0.508700000,0.012900000,3,1,7,7,3,0.084900000,0.003700000,0.034800000,0.040300000,0.011300000,0.007300000,true,true,0.017000000,0.019900000,0.001200000,0.003600000,0.037600000,103,103,0
1026,0,1,1920,1080,640,360,ultra-performance,0.919100000,0.035000000,0.412000000,0.005200000,0.304700000,0.021900000,0.115100000,0.599500000,0.142800000,2.556500000,1.637400000,2.555300000,0.001200000,0.006700000,0.037100000,0.020600000,0.346700000,0.004600000,0.102000000,0.002200000,0.198200000,0.000000000,0.000000000,false,disabled,84,0,103,3,7,0.005800000,0.002600000,0.001100000,0.006500000,0.002500000,0.000400000,0.324600000,0.016500000,0.124900000,0.011500000,0.005700000,0.078500000,0.000000000,0.000000000,0.010500000,0.591100000,0.008400000,3,1,7,7,3,0.092400000,0.003600000,0.034800000,0.039600000,0.011600000,0.007400000,true,true,0.017800000,0.025400000,0.001400000,0.003600000,0.038500000,103,103,0
1027,1,1,1920,1080,640,360,ultra-performance,0.358500000,0.017300000,0.191100000,0.002600000,0.246800000,0.021700000,0.114500000,0.548200000,0.148000000,1.649600000,1.291100000,1.648700000,0.000900000,0.003100000,0.017200000,0.009500000,0.160700000,0.002400000,0.053600000,0.001900000,0.189000000,0.000000000,0.000000000,false,disabled,84,0,103,3,7,0.004300000,0.002600000,0.001100000,0.006600000,0.002200000,0.000500000,0.288300000,0.010600000,0.141800000,0.008400000,0.004100000,0.057200000,0.000000000,0.000000000,0.010800000,0.538500000,0.009700000,3,1,7,7,3,0.085400000,0.003600000,0.034100000,0.039600000,0.011100000,0.006900000,true,true,0.017300000,0.020100000,0.001600000,0.003200000,0.037800000,103,103,0
1028,2,1,1920,1080,640,360,ultra-performance,1.170600000,0.024200000,0.177600000,0.002500000,0.271900000,0.023900000,0.120000000,0.747500000,0.365600000,2.906400000,1.735800000,2.903800000,0.002600000,0.003900000,0.019000000,0.010300000,0.144100000,0.002400000,0.051100000,0.002200000,0.216000000,0.000000000,0.000000000,false,disabled,84,0,103,3,7,0.004900000,0.002800000,0.001300000,0.006700000,0.005300000,0.001100000,0.416800000,0.023400000,0.054400000,0.023100000,0.012500000,0.152500000,0.000100000,0.000000000,0.025700000,0.730600000,0.016900000,3,1,7,7,3,0.095200000,0.003900000,0.042500000,0.045000000,0.012100000,0.007900000,true,true,0.018200000,0.019100000,0.001400000,0.003700000,0.038800000,103,103,0
1029,0,1,1920,1080,640,360,ultra-performance,0.095000000,0.018300000,0.178700000,0.002300000,0.257000000,0.022600000,0.119600000,0.702700000,0.152500000,1.550200000,1.455200000,1.548700000,0.001500000,0.003500000,0.018500000,0.009700000,0.146600000,0.002100000,0.052200000,0.002100000,0.200400000,0.000000000,0.000000000,false,disabled,84,0,103,3,7,0.004300000,0.002700000,0.001300000,0.006500000,0.005200000,0.001500000,0.372400000,0.024900000,0.089800000,0.018300000,0.008400000,0.140000000,0.000000000,0.000000000,0.012100000,0.687400000,0.015300000,3,1,7,7,3,0.084500000,0.003700000,0.040000000,0.044200000,0.011700000,0.007500000,true,true,0.016900000,0.019100000,0.001300000,0.003500000,0.037900000,103,103,0
1030,1,1,1920,1080,640,360,ultra-performance,0.923800000,0.031500000,0.412200000,0.004200000,0.418300000,0.021700000,0.108900000,0.616500000,0.163000000,2.701300000,1.777500000,2.700100000,0.001200000,0.005600000,0.036400000,0.020400000,0.349000000,0.003900000,0.125800000,0.004300000,0.285800000,0.000000000,0.000000000,false,disabled,84,0,103,3,7,0.005000000,0.002300000,0.001000000,0.006400000,0.002500000,0.000400000,0.349200000,0.013500000,0.126700000,0.010900000,0.005200000,0.073900000,0.000000000,0.000000000,0.010700000,0.607700000,0.008800000,3,1,7,7,3,0.175600000,0.003500000,0.034200000,0.037300000,0.011400000,0.006800000,true,true,0.038700000,0.045900000,0.002300000,0.005900000,0.077100000,103,103,0
1031,2,1,1920,1080,640,360,ultra-performance,0.001700000,0.016400000,0.184300000,0.002200000,0.245300000,0.032800000,0.114700000,0.500400000,0.152300000,1.251300000,1.249600000,1.250100000,0.001200000,0.003000000,0.017000000,0.009400000,0.154300000,0.002000000,0.053500000,0.001900000,0.187900000,0.000000000,0.000000000,false,disabled,84,0,103,3,7,0.004300000,0.002500000,0.001100000,0.006400000,0.002600000,0.000600000,0.316200000,0.014500000,0.034000000,0.009000000,0.004700000,0.082800000,0.000100000,0.000000000,0.011700000,0.490500000,0.009900000,3,1,7,7,3,0.084400000,0.003700000,0.034400000,0.039100000,0.011200000,0.007100000,true,true,0.017600000,0.019700000,0.001500000,0.003200000,0.036900000,103,103,0
1032,0,1,1920,1080,640,360,ultra-performance,1.204200000,0.014800000,0.184200000,0.002000000,0.242800000,0.021900000,0.108700000,0.570600000,0.148300000,2.498900000,1.294700000,2.497500000,0.001400000,0.002800000,0.017200000,0.010000000,0.153900000,0.001900000,0.053500000,0.001900000,0.185500000,0.000000000,0.000000000,false,disabled,84,0,103,3,7,0.004700000,0.002300000,0.001000000,0.006200000,0.002300000,0.000300000,0.329700000,0.008900000,0.134500000,0.006700000,0.003400000,0.051200000,0.000000000,0.000000000,0.011100000,0.562300000,0.008300000,3,1,7,7,3,0.085200000,0.003300000,0.033700000,0.037400000,0.010700000,0.006800000,true,true,0.017200000,0.020200000,0.001300000,0.003000000,0.037900000,103,103,0
1033,1,1,1920,1080,640,360,ultra-performance,0.731500000,0.020200000,0.179900000,0.003000000,0.262200000,0.024500000,0.120200000,0.482300000,0.154600000,1.979600000,1.248100000,1.978400000,0.001200000,0.003300000,0.018500000,0.010100000,0.147700000,0.002800000,0.052400000,0.002500000,0.204800000,0.000000000,0.000000000,false,disabled,84,0,103,3,7,0.004500000,0.002800000,0.001300000,0.007300000,0.002500000,0.000600000,0.317200000,0.012900000,0.023800000,0.008000000,0.003900000,0.077700000,0.000100000,0.000000000,0.011600000,0.474200000,0.008100000,3,1,7,7,3,0.087000000,0.004100000,0.037900000,0.046100000,0.012800000,0.008100000,true,true,0.017500000,0.019500000,0.001400000,0.003600000,0.038900000,103,103,0
1034,2,1,1920,1080,640,360,ultra-performance,1.148100000,0.020000000,0.179400000,0.002200000,0.251800000,0.022400000,0.117800000,0.566200000,0.144100000,2.453300000,1.305200000,2.452000000,0.001300000,0.003300000,0.017700000,0.009500000,0.148400000,0.002100000,0.052200000,0.002100000,0.195200000,0.000000000,0.000000000,false,disabled,84,0,103,3,7,0.004600000,0.003000000,0.001100000,0.006500000,0.002200000,0.000700000,0.340400000,0.011600000,0.103900000,0.007900000,0.004000000,0.059300000,0.000100000,0.000000000,0.010700000,0.556000000,0.010200000,3,1,7,7,3,0.085600000,0.003700000,0.035400000,0.042300000,0.011700000,0.007500000,true,true,0.017700000,0.019400000,0.001400000,0.003600000,0.037800000,103,103,0
1035,0,1,1920,1080,640,360,ultra-performance,0.958300000,0.021600000,0.178700000,0.002100000,0.254500000,0.023000000,0.116400000,0.666200000,0.370200000,2.593800000,1.635500000,2.591000000,0.002800000,0.003700000,0.018600000,0.009700000,0.146100000,0.001900000,0.051800000,0.002100000,0.198200000,0.000000000,0.000000000,false,disabled,84,0,103,3,7,0.004700000,0.002600000,0.001100000,0.006200000,0.006200000,0.001300000,0.357300000,0.021300000,0.083400000,0.016000000,0.009900000,0.110200000,0.000000000,0.000000000,0.027400000,0.647600000,0.018600000,3,1,7,7,3,0.085900000,0.003800000,0.035900000,0.044500000,0.011700000,0.007500000,true,true,0.017600000,0.019200000,0.001300000,0.004000000,0.038000000,103,103,0
1036,1,1,1920,1080,640,360,ultra-performance,0.320700000,0.014400000,0.182100000,0.002000000,0.235500000,0.020700000,0.107800000,0.593800000,0.160400000,1.638600000,1.317900000,1.637400000,0.001200000,0.002700000,0.016600000,0.009100000,0.153200000,0.001800000,0.050200000,0.001800000,0.181400000,0.000000000,0.000000000,false,disabled,84,0,103,3,7,0.004600000,0.002200000,0.001000000,0.006400000,0.002600000,0.000400000,0.333300000,0.011900000,0.132100000,0.007700000,0.004200000,0.068500000,0.000100000,0.000000000,0.010700000,0.585700000,0.008100000,3,1,7,7,3,0.083200000,0.003300000,0.033100000,0.036500000,0.010800000,0.006600000,true,true,0.017400000,0.018900000,0.001200000,0.002600000,0.037500000,103,103,0
1037,2,1,1920,1080,640,360,ultra-performance,0.936300000,0.022900000,0.187500000,0.003200000,0.259300000,0.023700000,0.120800000,0.584600000,0.154700000,2.294300000,1.358000000,2.293000000,0.001300000,0.003700000,0.019200000,0.010200000,0.153800000,0.003000000,0.053200000,0.002300000,0.201400000,0.000000000,0.000000000,false,disabled,84,0,103,3,7,0.004400000,0.002900000,0.001300000,0.006800000,0.002700000,0.000500000,0.319400000,0.015800000,0.117300000,0.011400000,0.005100000,0.074500000,0.000000000,0.000000000,0.011500000,0.573600000,0.011000000,3,1,7,7,3,0.086400000,0.003900000,0.036900000,0.045100000,0.012100000,0.008100000,true,true,0.018000000,0.019300000,0.001700000,0.003400000,0.038300000,103,103,0
1038,0,1,1920,1080,640,360,ultra-performance,0.787500000,0.018400000,0.177900000,0.002000000,0.253900000,0.022300000,0.123100000,0.628100000,0.240600000,2.255500000,1.468000000,2.253800000,0.001700000,0.003400000,0.019100000,0.009500000,0.145500000,0.001700000,0.052300000,0.002200000,0.197200000,0.000000000,0.000000000,false,disabled,84,0,103,3,7,0.004900000,0.002700000,0.001100000,0.006600000,0.003200000,0.000700000,0.333200000,0.018200000,0.149800000,0.011200000,0.005800000,0.068700000,0.000100000,0.000000000,0.010400000,0.616600000,0.011500000,3,1,7,7,3,0.085500000,0.003800000,0.035700000,0.044200000,0.011400000,0.007700000,true,true,0.017500000,0.019200000,0.001400000,0.003700000,0.038000000,103,103,0
1039,1,1,1920,1080,640,360,ultra-performance,0.818300000,0.020600000,0.179500000,0.002600000,0.263900000,0.022800000,0.122800000,0.429900000,0.154300000,2.016100000,1.197800000,2.014700000,0.001400000,0.003700000,0.018600000,0.010100000,0.146600000,0.002500000,0.051300000,0.002300000,0.207800000,0.000000000,0.000000000,false,disabled,84,0,103,3,7,0.004800000,0.002800000,0.001300000,0.006700000,0.002000000,0.000400000,0.315700000,0.010800000,0.001300000,0.006900000,0.004100000,0.056400000,0.000000000,0.000000000,0.009600000,0.422800000,0.007100000,3,1,7,7,3,0.094300000,0.003800000,0.036700000,0.044600000,0.011900000,0.007700000,true,true,0.017600000,0.019200000,0.001400000,0.003500000,0.046800000,103,103,0
1040,2,1,1920,1080,640,360,ultra-performance,0.765400000,0.038400000,0.395600000,0.005200000,0.466300000,0.021900000,0.116300000,0.756600000,0.156100000,2.723100000,1.957700000,2.721800000,0.001300000,0.007400000,0.038600000,0.021200000,0.327500000,0.004700000,0.114500000,0.004500000,0.344700000,0.000000000,0.000000000,false,disabled,84,0,103,3,7,0.004800000,0.002800000,0.001200000,0.006500000,0.003500000,0.000600000,0.418500000,0.015300000,0.187600000,0.010000000,0.006200000,0.075200000,0.000000000,0.000000000,0.011000000,0.743200000,0.013400000,3,1,7,7,3,0.184500000,0.008700000,0.069300000,0.044400000,0.011500000,0.007600000,true,true,0.037500000,0.042800000,0.002200000,0.004900000,0.084900000,103,103,0
1041,0,1,1920,1080,640,360,ultra-performance,0.001800000,0.017800000,0.182000000,0.002300000,0.249100000,0.023100000,0.117000000,0.443100000,0.149300000,1.186800000,1.185000000,1.185500000,0.001300000,0.003200000,0.017300000,0.009300000,0.151700000,0.002100000,0.051200000,0.002400000,0.193300000,0.000000000,0.000000000,false,disabled,84,0,103,3,7,0.006400000,0.002600000,0.001200000,0.006400000,0.002600000,0.000700000,0.292800000,0.013100000,0.016200000,0.008200000,0.004500000,0.070000000,0.000000000,0.000000000,0.009500000,0.434200000,0.008900000,3,1,7,7,3,0.084900000,0.003600000,0.035500000,0.042200000,0.011100000,0.007400000,true,true,0.017600000,0.019200000,0.001400000,0.003900000,0.037500000,103,103,0
1042,1,1,1920,1080,640,360,ultra-performance,1.230800000,0.015500000,0.184200000,0.002500000,0.242400000,0.021700000,0.106300000,0.580000000,0.394500000,2.779200000,1.548400000,2.777900000,0.001300000,0.002900000,0.016600000,0.009400000,0.154700000,0.002400000,0.053100000,0.001900000,0.185100000,0.000000000,0.000000000,false,disabled,84,0,103,3,7,0.004400000,0.002300000,0.001100000,0.006300000,0.002600000,0.000700000,0.374700000,0.015000000,0.062000000,0.007200000,0.004300000,0.076600000,0.000100000,0.000000000,0.011500000,0.568800000,0.011200000,3,1,7,7,3,0.083700000,0.003400000,0.034100000,0.037900000,0.010900000,0.006600000,true,true,0.017100000,0.020000000,0.001500000,0.002800000,0.036800000,103,103,0
1043,2,1,1920,1080,640,360,ultra-performance,0.761700000,0.031700000,0.476900000,0.005500000,0.532600000,0.048200000,0.211400000,0.652800000,0.151300000,2.873600000,2.111900000,2.872100000,0.001500000,0.005700000,0.059000000,0.037900000,0.373500000,0.005000000,0.120100000,0.003800000,0.404100000,0.000000000,0.000000000,false,disabled,84,0,103,3,7,0.008800000,0.002600000,0.001200000,0.007300000,0.002400000,0.000500000,0.338900000,0.015400000,0.153200000,0.010500000,0.004600000,0.087100000,0.000100000,0.000000000,0.011000000,0.643600000,0.009200000,3,1,7,7,3,0.183400000,0.007200000,0.075100000,0.082800000,0.024200000,0.013900000,true,true,0.038300000,0.043600000,0.002400000,0.005900000,0.081700000,103,103,0
1044,0,1,1920,1080,640,360,ultra-performance,0.001700000,0.015600000,0.184800000,0.002300000,0.244100000,0.022400000,0.121000000,0.578900000,0.157100000,1.329300000,1.327600000,1.327900000,0.001400000,0.003000000,0.017200000,0.009200000,0.155000000,0.002200000,0.052300000,0.001800000,0.187900000,0.000000000,0.000000000,false,disabled,84,0,103,3,7,0.004600000,0.002400000,0.001100000,0.006600000,0.003400000,0.000600000,0.314700000,0.016000000,0.034300000,0.009000000,0.005800000,0.161500000,0.000100000,0.000000000,0.010200000,0.570300000,0.008600000,3,1,7,7,3,0.085100000,0.003500000,0.033400000,0.039300000,0.011000000,0.007200000,true,true,0.017600000,0.020000000,0.001400000,0.003300000,0.037400000,103,103,0
1045,1,1,1920,1080,640,360,ultra-performance,0.725700000,0.015800000,0.189400000,0.002400000,0.237100000,0.021200000,0.105700000,0.488800000,0.163400000,1.950700000,1.225000000,1.949500000,0.001200000,0.002700000,0.016500000,0.009600000,0.160100000,0.002300000,0.051900000,0.001800000,0.181200000,0.000000000,0.000000000,false,disabled,84,0,103,3,7,0.004600000,0.002200000,0.001100000,0.006300000,0.002600000,0.000700000,0.318900000,0.012400000,0.041300000,0.007800000,0.004600000,0.065600000,0.000000000,0.000000000,0.009400000,0.477500000,0.011300000,3,1,7,7,3,0.082100000,0.003200000,0.032900000,0.037700000,0.010800000,0.006500000,true,true,0.016600000,0.020200000,0.001300000,0.002900000,0.036000000,103,103,0
1046,2,1,1920,1080,640,360,ultra-performance,0.782400000,0.015000000,0.184300000,0.002700000,0.235500000,0.020800000,0.103900000,0.540900000,0.145400000,2.032000000,1.249600000,2.030900000,0.001100000,0.002700000,0.016300000,0.009700000,0.155300000,0.002600000,0.052400000,0.001700000,0.179300000,0.000000000,0.000000000,false,disabled,84,0,103,3,7,0.006200000,0.002100000,0.001000000,0.006000000,0.002500000,0.000400000,0.371100000,0.008400000,0.032700000,0.005700000,0.003400000,0.078500000,0.000000000,0.000000000,0.010900000,0.528900000,0.012000000,3,1,7,7,3,0.082300000,0.003100000,0.032500000,0.035800000,0.011000000,0.006400000,true,true,0.016900000,0.019500000,0.001300000,0.002900000,0.036500000,103,103,0
1047,0,1,1920,1080,640,360,ultra-performance,1.041600000,0.033000000,0.413300000,0.002500000,0.247100000,0.021700000,0.113900000,0.610700000,0.171500000,2.656500000,1.614900000,2.655300000,0.001200000,0.006400000,0.037000000,0.021300000,0.347800000,0.002300000,0.052600000,0.002100000,0.190200000,0.000000000,0.000000000,false,disabled,84,0,103,3,7,0.007600000,0.002500000,0.001100000,0.006600000,0.002400000,0.000500000,0.332300000,0.010300000,0.145900000,0.006900000,0.004200000,0.068800000,0.000000000,0.000000000,0.010800000,0.599900000,0.010800000,3,1,7,7,3,0.085800000,0.003400000,0.034500000,0.039200000,0.011100000,0.007800000,true,true,0.017900000,0.020500000,0.001300000,0.003400000,0.037400000,103,103,0
1048,1,1,1920,1080,640,360,ultra-performance,0.268300000,0.034200000,0.419000000,0.005400000,0.275100000,0.020800000,0.113000000,0.511000000,0.152600000,1.800700000,1.532400000,1.799400000,0.001300000,0.006400000,0.037300000,0.020600000,0.353700000,0.004900000,0.075000000,0.001900000,0.195800000,0.000000000,0.000000000,false,disabled,84,0,103,3,7,0.006700000,0.002500000,0.001100000,0.006400000,0.002900000,0.000600000,0.323100000,0.013100000,0.052300000,0.008200000,0.004500000,0.072500000,0.000000000,0.000000000,0.009300000,0.503200000,0.007800000,3,1,7,7,3,0.091400000,0.003300000,0.034700000,0.038800000,0.011200000,0.007600000,true,true,0.017700000,0.026500000,0.001300000,0.003200000,0.037300000,103,103,0
1049,2,1,1920,1080,640,360,ultra-performance,1.535500000,0.043200000,0.397200000,0.004400000,0.289100000,0.022500000,0.116000000,0.569400000,0.158900000,3.137300000,1.601800000,3.136200000,0.001100000,0.007800000,0.040800000,0.021400000,0.326100000,0.003900000,0.089400000,0.002200000,0.195000000,0.000000000,0.000000000,false,disabled,84,0,103,3,7,0.004600000,0.003200000,0.001200000,0.006300000,0.002600000,0.000600000,0.340200000,0.015100000,0.035000000,0.009100000,0.004900000,0.126600000,0.000000000,0.000000000,0.009300000,0.558700000,0.010700000,3,1,7,7,3,0.084300000,0.003600000,0.035400000,0.044300000,0.011300000,0.007400000,true,true,0.017800000,0.018900000,0.001500000,0.003600000,0.037100000,103,103,0
1050,0,1,1920,1080,640,360,ultra-performance,0.001800000,0.019900000,0.179800000,0.002600000,0.257400000,0.024900000,0.119500000,0.632000000,0.142700000,1.382000000,1.380200000,1.380600000,0.001400000,0.003100000,0.018200000,0.009800000,0.148300000,0.002500000,0.052100000,0.002300000,0.200500000,0.000000000,0.000000000,false,disabled,84,0,103,3,7,0.006300000,0.002700000,0.001200000,0.007100000,0.002300000,0.000400000,0.359500000,0.014000000,0.100600000,0.007500000,0.004200000,0.108700000,0.000100000,0.000000000,0.010500000,0.625100000,0.006900000,3,1,7,7,3,0.087800000,0.003800000,0.037000000,0.043300000,0.012000000,0.008000000,true,true,0.018000000,0.019700000,0.001500000,0.003800000,0.039000000,103,103,0
1051,1,1,1920,1080,640,360,ultra-performance,1.496000000,0.049800000,0.403000000,0.005400000,0.538400000,0.048400000,0.144300000,0.789000000,0.220500000,3.696400000,2.200400000,3.694800000,0.001600000,0.007800000,0.040000000,0.028300000,0.325900000,0.005000000,0.113500000,0.004300000,0.416000000,0.000000000,0.000000000,false,disabled,84,0,103,3,7,0.004700000,0.002500000,0.001000000,0.006400000,0.002400000,0.000700000,0.407400000,0.011200000,0.223100000,0.007600000,0.004000000,0.098200000,0.000100000,0.000000000,0.010900000,0.780200000,0.008800000,3,1,7,7,3,0.182300000,0.007500000,0.075700000,0.091600000,0.024200000,0.015600000,true,true,0.038000000,0.042500000,0.002400000,0.006400000,0.081300000,103,103,0
1052,2,1,1920,1080,640,360,ultra-performance,0.001800000,0.018200000,0.184800000,0.002400000,0.251800000,0.022700000,0.112200000,0.710200000,0.156600000,1.462100000,1.460300000,1.460700000,0.001400000,0.003100000,0.016700000,0.009500000,0.155100000,0.002300000,0.052500000,0.001900000,0.194800000,0.000000000,0.000000000,false,disabled,84,0,103,3,7,0.004400000,0.002500000,0.001000000,0.006500000,0.003400000,0.000600000,0.420500000,0.026300000,0.079500000,0.018500000,0.007500000,0.117900000,0.000000000,0.000000000,0.011000000,0.699600000,0.010600000,3,1,7,7,3,0.083700000,0.003400000,0.033800000,0.039200000,0.011100000,0.015300000,true,true,0.016900000,0.019700000,0.001400000,0.003300000,0.036900000,103,103,0
1053,0,1,1920,1080,640,360,ultra-performance,0.561800000,0.018400000,0.174600000,0.002300000,0.247600000,0.022200000,0.114800000,0.616200000,0.165600000,1.924700000,1.362900000,1.923500000,0.001200000,0.003100000,0.017800000,0.009300000,0.143900000,0.002200000,0.051000000,0.002100000,0.192400000,0.000000000,0.000000000,false,disabled,84,0,103,3,7,0.004600000,0.002600000,0.001200000,0.006700000,0.002400000,0.000500000,0.211600000,0.011600000,0.280400000,0.008300000,0.004100000,0.058400000,0.000000000,0.000000000,0.010700000,0.603100000,0.013100000,3,1,7,7,3,0.084000000,0.003600000,0.035200000,0.042200000,0.011500000,0.007200000,true,true,0.017700000,0.019200000,0.001400000,0.003600000,0.036700000,103,103,0
1054,1,1,1920,1080,640,360,ultra-performance,0.841200000,0.044200000,0.350400000,0.002400000,0.256600000,0.021200000,0.121100000,0.557200000,0.149900000,2.345500000,1.504300000,2.344200000,0.001300000,0.007900000,0.040400000,0.021300000,0.280100000,0.002200000,0.051700000,0.002100000,0.200500000,0.000000000,0.000000000,false,disabled,84,0,103,3,7,0.006400000,0.002700000,0.001200000,0.006300000,0.002400000,0.000500000,0.325000000,0.013500000,0.093000000,0.008800000,0.004300000,0.076000000,0.000000000,0.000000000,0.009400000,0.549500000,0.007700000,3,1,7,7,3,0.088300000,0.003700000,0.035500000,0.044600000,0.011500000,0.007600000,true,true,0.017600000,0.022800000,0.001400000,0.003600000,0.037400000,103,103,0
1055,2,1,1920,1080,640,360,ultra-performance,0.529500000,0.029500000,0.330900000,0.002400000,0.240500000,0.020500000,0.106600000,0.574900000,0.173000000,2.008900000,1.479400000,2.007800000,0.001100000,0.005500000,0.036200000,0.020600000,0.267900000,0.002200000,0.054400000,0.001600000,0.182200000,0.000000000,0.000000000,false,disabled,84,0,103,3,7,0.004600000,0.002300000,0.001000000,0.006400000,0.002400000,0.000700000,0.230700000,0.009300000,0.218200000,0.007000000,0.004200000,0.065500000,0.000100000,0.000000000,0.011200000,0.563600000,0.011300000,3,1,7,7,3,0.083300000,0.003200000,0.032800000,0.037800000,0.010800000,0.006200000,true,true,0.017100000,0.020100000,0.001400000,0.002500000,0.037000000,103,103,0
1056,0,1,1920,1080,640,360,ultra-performance,0.765800000,0.017000000,0.419000000,0.004700000,0.547600000,0.044300000,0.141300000,0.580000000,0.153700000,2.674500000,1.908700000,2.673400000,0.001100000,0.003100000,0.030400000,0.021300000,0.363400000,0.004400000,0.119200000,0.003900000,0.420000000,0.000000000,0.000000000,false,disabled,84,0,103,3,7,0.006900000,0.002500000,0.001100000,0.006400000,0.003400000,0.000600000,0.304400000,0.016400000,0.111400000,0.009100000,0.005800000,0.092800000,0.000000000,0.000000000,0.009200000,0.570000000,0.010000000,3,1,7,7,3,0.190400000,0.007900000,0.076300000,0.087000000,0.025100000,0.015200000,true,true,0.037900000,0.047200000,0.002500000,0.006800000,0.083600000,103,103,0
1057,1,1,1920,1080,640,360,ultra-performance,0.001800000,0.017500000,0.178600000,0.002500000,0.253100000,0.023200000,0.128300000,0.516600000,0.146100000,1.269000000,1.267200000,1.267700000,0.001300000,0.003200000,0.018000000,0.009700000,0.147400000,0.002400000,0.052200000,0.002100000,0.196400000,0.000000000,0.000000000,false,disabled,84,0,103,3,7,0.006400000,0.002800000,0.001300000,0.007100000,0.002400000,0.000300000,0.348400000,0.010900000,0.044700000,0.007000000,0.004100000,0.061600000,0.000000000,0.000000000,0.009200000,0.506200000,0.010400000,3,1,7,7,3,0.085400000,0.003900000,0.037200000,0.042200000,0.011800000,0.007500000,true,true,0.017900000,0.019600000,0.001300000,0.003400000,0.037700000,103,103,0
1058,2,1,1920,1080,640,360,ultra-performance,1.345100000,0.021000000,0.193100000,0.002400000,0.253900000,0.023900000,0.116300000,0.604900000,0.154400000,2.716000000,1.370900000,2.715000000,0.001000000,0.003100000,0.017600000,0.010100000,0.161800000,0.002100000,0.054000000,0.002500000,0.194800000,0.000000000,0.000000000,false,disabled,84,0,103,3,7,0.007100000,0.002700000,0.001300000,0.007000000,0.002600000,0.000600000,0.324700000,0.014200000,0.133500000,0.008500000,0.004400000,0.078500000,0.000000000,0.000000000,0.011000000,0.596100000,0.008800000,3,1,7,7,3,0.086600000,0.003700000,0.035600000,0.040500000,0.011900000,0.007500000,true,true,0.017700000,0.020500000,0.001400000,0.003400000,0.038100000,103,103,0
1059,0,1,1920,1080,640,360,ultra-performance,0.556500000,0.039300000,0.402700000,0.006500000,0.269400000,0.024300000,0.120900000,0.488200000,0.154300000,2.063500000,1.507000000,2.062100000,0.001400000,0.006600000,0.041900000,0.021700000,0.331500000,0.005900000,0.060900000,0.002400000,0.203400000,0.000000000,0.000000000,false,disabled,84,0,103,3,7,0.005200000,0.003000000,0.001200000,0.007200000,0.002700000,0.000600000,0.296600000,0.013500000,0.033000000,0.008400000,0.004500000,0.093100000,0.000000000,0.000000000,0.010800000,0.479800000,0.008400000,3,1,7,7,3,0.086600000,0.003900000,0.037600000,0.045500000,0.012500000,0.008000000,true,true,0.017900000,0.019400000,0.001400000,0.003600000,0.038400000,103,103,0
1060,1,1,1920,1080,640,360,ultra-performance,1.149900000,0.038500000,0.396500000,0.005300000,0.429500000,0.021700000,0.114100000,0.886400000,0.156700000,3.200200000,2.050300000,3.198600000,0.001600000,0.007000000,0.039700000,0.021400000,0.327400000,0.004900000,0.116000000,0.004600000,0.306200000,0.000000000,0.000000000,false,disabled,84,0,103,3,7,0.004800000,0.002700000,0.001100000,0.006600000,0.007100000,0.001500000,0.400900000,0.023800000,0.269300000,0.013600000,0.009500000,0.104700000,0.000000000,0.000000000,0.025100000,0.870700000,0.015700000,3,1,7,7,3,0.187600000,0.003700000,0.035000000,0.042300000,0.011600000,0.007400000,true,true,0.038000000,0.043400000,0.002200000,0.007400000,0.084400000,103,103,0
1061,2,1,1920,1080,640,360,ultra-performance,0.001700000,0.036900000,0.177600000,0.002300000,0.261500000,0.023000000,0.116700000,0.487800000,0.150200000,1.258800000,1.257100000,1.257700000,0.001100000,0.003900000,0.018900000,0.009800000,0.144500000,0.002200000,0.051000000,0.002200000,0.205600000,0.000000000,0.000000000,false,disabled,84,0,103,3,7,0.004500000,0.002800000,0.001300000,0.006400000,0.002400000,0.000400000,0.328900000,0.011600000,0.036200000,0.007600000,0.004200000,0.063100000,0.000000000,0.000000000,0.010700000,0.480100000,0.007700000,3,1,7,7,3,0.084700000,0.003600000,0.036000000,0.044800000,0.011500000,0.016000000,true,true,0.017700000,0.019300000,0.001500000,0.003700000,0.037200000,103,103,0
1062,0,1,1920,1080,640,360,ultra-performance,0.989500000,0.018100000,0.174200000,0.002200000,0.245200000,0.022600000,0.140800000,0.576800000,0.150900000,2.321400000,1.331900000,2.320300000,0.001100000,0.003100000,0.017500000,0.009700000,0.143400000,0.002000000,0.052200000,0.002000000,0.188800000,0.000000000,0.000000000,false,disabled,84,0,103,3,7,0.004600000,0.002500000,0.001100000,0.006500000,0.002300000,0.000500000,0.329600000,0.010600000,0.134800000,0.006800000,0.004000000,0.055100000,0.000100000,0.000000000,0.010500000,0.569000000,0.007800000,3,1,7,7,3,0.084100000,0.003400000,0.034500000,0.040200000,0.011200000,0.007000000,true,true,0.017600000,0.019000000,0.001400000,0.003500000,0.037100000,103,103,0
1063,1,1,1920,1080,640,360,ultra-performance,0.880400000,0.015700000,0.177100000,0.002900000,0.240000000,0.021400000,0.112000000,0.590600000,0.150500000,2.191900000,1.311500000,2.190600000,0.001300000,0.003100000,0.017400000,0.009300000,0.146900000,0.002700000,0.051000000,0.002100000,0.184600000,0.000000000,0.000000000,false,disabled,84,0,103,3,7,0.012500000,0.002600000,0.001100000,0.006400000,0.002100000,0.000400000,0.325200000,0.010500000,0.132500000,0.007700000,0.004100000,0.067300000,0.000000000,0.000000000,0.010300000,0.582700000,0.007900000,3,1,7,7,3,0.081900000,0.003400000,0.033500000,0.039600000,0.010900000,0.006900000,true,true,0.017500000,0.019300000,0.001300000,0.003100000,0.035400000,103,103,0
1064,2,1,1920,1080,640,360,ultra-performance,0.628600000,0.022000000,0.175700000,0.002800000,0.242200000,0.020500000,0.111200000,0.469900000,0.144600000,1.818800000,1.190200000,1.817500000,0.001300000,0.003100000,0.017100000,0.009300000,0.145800000,0.002700000,0.051600000,0.002000000,0.186200000,0.000000000,0.000000000,false,disabled,84,0,103,3,7,0.004600000,0.002500000,0.001100000,0.006500000,0.002200000,0.000400000,0.322600000,0.010500000,0.035700000,0.006800000,0.004100000,0.054500000,0.000000000,0.000000000,0.010600000,0.462100000,0.007800000,3,1,7,7,3,0.083700000,0.003400000,0.033500000,0.039400000,0.010900000,0.006800000,true,true,0.017600000,0.019100000,0.001200000,0.003200000,0.037200000,103,103,0
1065,0,1,1920,1080,640,360,ultra-performance,1.138800000,0.021000000,0.177100000,0.002600000,0.256200000,0.023400000,0.128300000,0.559100000,0.150900000,2.458600000,1.319800000,2.457400000,0.001200000,0.003900000,0.018400000,0.009900000,0.144500000,0.002400000,0.051300000,0.002300000,0.200200000,0.000000000,0.000000000,false,disabled,84,0,103,3,7,0.004800000,0.002800000,0.001300000,0.007000000,0.002400000,0.000600000,0.327300000,0.013100000,0.093600000,0.007000000,0.003800000,0.067800000,0.000000000,0.000000000,0.017500000,0.549000000,0.010100000,3,1,7,7,3,0.085100000,0.003800000,0.037400000,0.045000000,0.012200000,0.007700000,true,true,0.017900000,0.019200000,0.001300000,0.003700000,0.037500000,103,103,0
1066,1,1,1920,1080,640,360,ultra-performance,0.642200000,0.019200000,0.185600000,0.002300000,0.244900000,0.022100000,0.109800000,0.421000000,0.155800000,1.803900000,1.161700000,1.802900000,0.001000000,0.002800000,0.016700000,0.010000000,0.155800000,0.002200000,0.052800000,0.002000000,0.188200000,0.000000000,0.000000000,false,disabled,84,0,103,3,7,0.005300000,0.002300000,0.000900000,0.007100000,0.002100000,0.000300000,0.293700000,0.009200000,0.005800000,0.006300000,0.003600000,0.065800000,0.000000000,0.000000000,0.011100000,0.413500000,0.007500000,3,1,7,7,3,0.084900000,0.003400000,0.035100000,0.038000000,0.011400000,0.006900000,true,true,0.017200000,0.020400000,0.001400000,0.002600000,0.037800000,103,103,0
1067,2,1,1920,1080,640,360,ultra-performance,1.242600000,0.021700000,0.175700000,0.002300000,0.253800000,0.022800000,0.116200000,0.550400000,0.152800000,2.539500000,1.296900000,2.538300000,0.001200000,0.003700000,0.018300000,0.009800000,0.143400000,0.002200000,0.051200000,0.002200000,0.198000000,0.000000000,0.000000000,false,disabled,84,0,103,3,7,0.004800000,0.002700000,0.001200000,0.006800000,0.003500000,0.000600000,0.324300000,0.016700000,0.078100000,0.010200000,0.006000000,0.076800000,0.000000000,0.000000000,0.010100000,0.541800000,0.008600000,3,1,7,7,3,0.085200000,0.003800000,0.036200000,0.044600000,0.011800000,0.007600000,true,true,0.017700000,0.019200000,0.001300000,0.003800000,0.037800000,103,103,0
1068,0,1,1920,1080,640,360,ultra-performance,0.657400000,0.015500000,0.173700000,0.002100000,0.250200000,0.021800000,0.109100000,0.601100000,0.322600000,2.155800000,1.498400000,2.153500000,0.002300000,0.002900000,0.016900000,0.009900000,0.143600000,0.002000000,0.057100000,0.002000000,0.188900000,0.000000000,0.000000000,false,disabled,84,0,103,3,7,0.004600000,0.002400000,0.001100000,0.006800000,0.005200000,0.001400000,0.323400000,0.016800000,0.075100000,0.010500000,0.006300000,0.105900000,0.000000000,0.000000000,0.025200000,0.584700000,0.016400000,3,1,7,7,3,0.085000000,0.003300000,0.034200000,0.039800000,0.011000000,0.007100000,true,true,0.017300000,0.019600000,0.001300000,0.002700000,0.038600000,103,103,0
1069,1,1,1920,1080,640,360,ultra-performance,0.689500000,0.021100000,0.179400000,0.002600000,0.254300000,0.022700000,0.120700000,0.748600000,0.154100000,2.194100000,1.504600000,2.193000000,0.001100000,0.003800000,0.018900000,0.010100000,0.145900000,0.002400000,0.051400000,0.002200000,0.198200000,0.000000000,0.000000000,false,disabled,84,0,103,3,7,0.004700000,0.002700000,0.001100000,0.006500000,0.007300000,0.001200000,0.385000000,0.016200000,0.120100000,0.014100000,0.009200000,0.155700000,0.000100000,0.000000000,0.011200000,0.735100000,0.013500000,3,1,7,7,3,0.085000000,0.003700000,0.036400000,0.044800000,0.011600000,0.007600000,true,true,0.017800000,0.019500000,0.001400000,0.003500000,0.037400000,103,103,0
1070,2,1,1920,1080,640,360,ultra-performance,0.437500000,0.030800000,0.281800000,0.002100000,0.245000000,0.021500000,0.107600000,0.667200000,0.125400000,1.920100000,1.482600000,1.918900000,0.001200000,0.005700000,0.037200000,0.020500000,0.217600000,0.001900000,0.056700000,0.002400000,0.183600000,0.000000000,0.000000000,false,disabled,84,0,103,3,7,0.007000000,0.002400000,0.000900000,0.006900000,0.002500000,0.000500000,0.401200000,0.011300000,0.139600000,0.007100000,0.003600000,0.061500000,0.000100000,0.000000000,0.010100000,0.654700000,0.012500000,3,1,7,7,3,0.083300000,0.003100000,0.033400000,0.037800000,0.010800000,0.006800000,true,true,0.017700000,0.019400000,0.001400000,0.002800000,0.036600000,103,103,0
1071,0,1,1920,1080,640,360,ultra-performance,0.704900000,0.022100000,0.175900000,0.002200000,0.251700000,0.022700000,0.117000000,0.498900000,0.122800000,1.919500000,1.214600000,1.918200000,0.001300000,0.003700000,0.018800000,0.009600000,0.143300000,0.002100000,0.051000000,0.002300000,0.196200000,0.000000000,0.000000000,false,disabled,84,0,103,3,7,0.006700000,0.002600000,0.001100000,0.006400000,0.002800000,0.000400000,0.341800000,0.014300000,0.029700000,0.008300000,0.004900000,0.061700000,0.000000000,0.000000000,0.009300000,0.490000000,0.008900000,3,1,7,7,3,0.084500000,0.003600000,0.035900000,0.044000000,0.011500000,0.007700000,true,true,0.018100000,0.019200000,0.001300000,0.003700000,0.036700000,103,103,0
1072,1,1,1920,1080,640,360,ultra-performance,0.879000000,0.021400000,0.179300000,0.002300000,0.262400000,0.022800000,0.117500000,0.598600000,0.156300000,2.240800000,1.361800000,2.239600000,0.001200000,0.003800000,0.018900000,0.010100000,0.146100000,0.002000000,0.051500000,0.002100000,0.206600000,0.000000000,0.000000000,false,disabled,84,0,103,3,7,0.004700000,0.002900000,0.001100000,0.006500000,0.002700000,0.000600000,0.401600000,0.011600000,0.061300000,0.009000000,0.004800000,0.071500000,0.000000000,0.000000000,0.011000000,0.589300000,0.009300000,3,1,7,7,3,0.087500000,0.003800000,0.036300000,0.044300000,0.011200000,0.007500000,true,true,0.017600000,0.019900000,0.001400000,0.003600000,0.039200000,103,103,0
1073,2,1,1920,1080,640,360,ultra-performance,0.930000000,0.023400000,0.176400000,0.002400000,0.265100000,0.024000000,0.118000000,0.669000000,0.154800000,2.364500000,1.434500000,2.363100000,0.001400000,0.003800000,0.018600000,0.010000000,0.143600000,0.002200000,0.051600000,0.002200000,0.208800000,0.000000000,0.000000000,false,disabled,84,0,103,3,7,0.006700000,0.002900000,0.001200000,0.007000000,0.003000000,0.000600000,0.342000000,0.015700000,0.177200000,0.009400000,0.004900000,0.074400000,0.000000000,0.000000000,0.011100000,0.656100000,0.012900000,3,1,7,7,3,0.094200000,0.003800000,0.036800000,0.045000000,0.011900000,0.007600000,true,true,0.018100000,0.019200000,0.001400000,0.003700000,0.046200000,103,103,0
1074,0,1,1920,1080,640,360,ultra-performance,0.503900000,0.018800000,0.178400000,0.002200000,0.262700000,0.022700000,0.117400000,0.644900000,0.155200000,1.907400000,1.403500000,1.906200000,0.001200000,0.003100000,0.018300000,0.010000000,0.146600000,0.002100000,0.051500000,0.002100000,0.206700000,0.000000000,0.000000000,false,disabled,84,0,103,3,7,0.008500000,0.002800000,0.001200000,0.006700000,0.002800000,0.000800000,0.371100000,0.010100000,0.102900000,0.008500000,0.003900000,0.100100000,0.000100000,0.000000000,0.010300000,0.629800000,0.015100000,3,1,7,7,3,0.095100000,0.003600000,0.035300000,0.044500000,0.011500000,0.007500000,true,true,0.021800000,0.024200000,0.001300000,0.003500000,0.038700000,103,103,0
1075,1,1,1920,1080,640,360,ultra-performance,0.810100000,0.022000000,0.177800000,0.002200000,0.264000000,0.024600000,0.124600000,0.534400000,0.159400000,2.120300000,1.310200000,2.119100000,0.001200000,0.003700000,0.018500000,0.010300000,0.144800000,0.002100000,0.052300000,0.002700000,0.206400000,0.000000000,0.000000000,false,disabled,84,0,103,3,7,0.007900000,0.002800000,0.001200000,0.006700000,0.002500000,0.000600000,0.338400000,0.015400000,0.063600000,0.009400000,0.004900000,0.061700000,0.000100000,0.000000000,0.010200000,0.525400000,0.009000000,3,1,7,7,3,0.091000000,0.003700000,0.037200000,0.045300000,0.012100000,0.007900000,true,true,0.018200000,0.024100000,0.001600000,0.003800000,0.037900000,103,103,0
1076,2,1,1920,1080,640,360,ultra-performance,0.668200000,0.020000000,0.176500000,0.002500000,0.248800000,0.022000000,0.116900000,0.631100000,0.149000000,2.036300000,1.368100000,2.035000000,0.001300000,0.003100000,0.018200000,0.009300000,0.145500000,0.002400000,0.051800000,0.002100000,0.192600000,0.000000000,0.000000000,false,disabled,84,0,103,3,7,0.004400000,0.002700000,0.001100000,0.006400000,0.002300000,0.000400000,0.403500000,0.011600000,0.090600000,0.007300000,0.004100000,0.078400000,0.000000000,0.000000000,0.010700000,0.623500000,0.007600000,3,1,7,7,3,0.084400000,0.003600000,0.034700000,0.042300000,0.011100000,0.007400000,true,true,0.017600000,0.019100000,0.001300000,0.003500000,0.037300000,103,103,0
1077,0,1,1920,1080,640,360,ultra-performance,1.173400000,0.021200000,0.184800000,0.002300000,0.257000000,0.022000000,0.114200000,0.577400000,0.145600000,2.499100000,1.325700000,2.497900000,0.001200000,0.003000000,0.017300000,0.009300000,0.154900000,0.002200000,0.054000000,0.002000000,0.198700000,0.000000000,0.000000000,false,disabled,84,0,103,3,7,0.004800000,0.002400000,0.001000000,0.006700000,0.002300000,0.000400000,0.347100000,0.016200000,0.038200000,0.010900000,0.005100000,0.120400000,0.000000000,0.000000000,0.010700000,0.566200000,0.011200000,3,1,7,7,3,0.086500000,0.003900000,0.034400000,0.040200000,0.011200000,0.007000000,true,true,0.017700000,0.020500000,0.001700000,0.003300000,0.037700000,103,103,0
1078,1,1,1920,1080,640,360,ultra-performance,0.593100000,0.020200000,0.205000000,0.003200000,0.270200000,0.024900000,0.121300000,0.687400000,0.310800000,2.238800000,1.645700000,2.236100000,0.002700000,0.003400000,0.018200000,0.010100000,0.172800000,0.002900000,0.052300000,0.002500000,0.212900000,0.000000000,0.000000000,false,disabled,84,0,103,3,7,0.006100000,0.002700000,0.001200000,0.008200000,0.005900000,0.001300000,0.348600000,0.024700000,0.102400000,0.015000000,0.007400000,0.122000000,0.000100000,0.000000000,0.024900000,0.670500000,0.016900000,3,1,7,7,3,0.092800000,0.004100000,0.038100000,0.046200000,0.012700000,0.008100000,true,true,0.018700000,0.019800000,0.001500000,0.003900000,0.042700000,103,103,0
1079,2,1,1920,1080,640,360,ultra-performance,0.578900000,0.019400000,0.178000000,0.002300000,0.250500000,0.022100000,0.117900000,0.626200000,0.152600000,1.949100000,1.370200000,1.947900000,0.001200000,0.003200000,0.018100000,0.009600000,0.146600000,0.002100000,0.051400000,0.002100000,0.194700000,0.000000000,0.000000000,false,disabled,84,0,103,3,7,0.004700000,0.003000000,0.001200000,0.006500000,0.002300000,0.000500000,0.321100000,0.011900000,0.173400000,0.007900000,0.004900000,0.065300000,0.000100000,0.000000000,0.010700000,0.613500000,0.012700000,3,1,7,7,3,0.086500000,0.003800000,0.034700000,0.042200000,0.011600000,0.007300000,true,true,0.017900000,0.019100000,0.001700000,0.003100000,0.039100000,103,103,0
1080,0,1,1920,1080,640,360,ultra-performance,0.616500000,0.042700000,0.619500000,0.002900000,0.277600000,0.025200000,0.124000000,0.658500000,0.155800000,2.523800000,1.907300000,2.522700000,0.001100000,0.007100000,0.040200000,0.100400000,0.470800000,0.002800000,0.053300000,0.002700000,0.219100000,0.000000000,0.000000000,false,disabled,84,0,103,3,7,0.008600000,0.002800000,0.001200000,0.007500000,0.003100000,0.000600000,0.379700000,0.015000000,0.122200000,0.011800000,0.006300000,0.077400000,0.000100000,0.000000000,0.011500000,0.647800000,0.010700000,3,1,7,7,3,0.097400000,0.004400000,0.038900000,0.046900000,0.012800000,0.008600000,true,true,0.018000000,0.026200000,0.002000000,0.003800000,0.041000000,103,103,0
1081,1,1,1920,1080,640,360,ultra-performance,0.331600000,0.017900000,0.191500000,0.003000000,0.260300000,0.029200000,0.121300000,0.504000000,0.140700000,1.600900000,1.269300000,1.599500000,0.001400000,0.003700000,0.023200000,0.009800000,0.154300000,0.002700000,0.053600000,0.002200000,0.202200000,0.000000000,0.000000000,false,disabled,84,0,103,3,7,0.005800000,0.002700000,0.001300000,0.006900000,0.002200000,0.000300000,0.332200000,0.012200000,0.040200000,0.007600000,0.004000000,0.070600000,0.000100000,0.000000000,0.010600000,0.496700000,0.007300000,3,1,7,7,3,0.089200000,0.003900000,0.037000000,0.043100000,0.012300000,0.007700000,true,true,0.017700000,0.020500000,0.001300000,0.003700000,0.040200000,103,103,0
1082,2,1,1920,1080,640,360,ultra-performance,0.617900000,0.022800000,0.199100000,0.002900000,0.260000000,0.023900000,0.144800000,0.502400000,0.167100000,1.942100000,1.324200000,1.940900000,0.001200000,0.003600000,0.018700000,0.010000000,0.166100000,0.002700000,0.051800000,0.002300000,0.203500000,0.000000000,0.000000000,false,disabled,84,0,103,3,7,0.007000000,0.004000000,0.001600000,0.008900000,0.002600000,0.000600000,0.297600000,0.017900000,0.062300000,0.010000000,0.004900000,0.065000000,0.000000000,0.000000000,0.011200000,0.493600000,0.008800000,3,1,7,7,3,0.087400000,0.003900000,0.037000000,0.045700000,0.012500000,0.007800000,true,true,0.017700000,0.019500000,0.001700000,0.003500000,0.039200000,103,103,0
1083,0,1,1920,1080,640,360,ultra-performance,0.838200000,0.039600000,0.464900000,0.005300000,0.630600000,0.050000000,0.208900000,0.735600000,0.160100000,3.134600000,2.296400000,3.133200000,0.001400000,0.007100000,0.040100000,0.021000000,0.395500000,0.004800000,0.176800000,0.005300000,0.443500000,0.000000000,0.000000000,false,disabled,84,0,103,3,7,0.004800000,0.002800000,0.001300000,0.006500000,0.003700000,0.000800000,0.379900000,0.016700000,0.144900000,0.008800000,0.006300000,0.130800000,0.000000000,0.000000000,0.012300000,0.719600000,0.016000000,3,1,7,7,3,0.194300000,0.008500000,0.077900000,0.100100000,0.026100000,0.016700000,true,true,0.040400000,0.043600000,0.002400000,0.007800000,0.087300000,103,103,0
1084,1,1,1920,1080,640,360,ultra-performance,0.001700000,0.018400000,0.193300000,0.002200000,0.255600000,0.022700000,0.132200000,0.530900000,0.142900000,1.301300000,1.299600000,1.299900000,0.001400000,0.003100000,0.017500000,0.009800000,0.162400000,0.002000000,0.052100000,0.002300000,0.199100000,0.000000000,0.000000000,false,disabled,84,0,103,3,7,0.007300000,0.002600000,0.001200000,0.006600000,0.002300000,0.000400000,0.306500000,0.011100000,0.099900000,0.007100000,0.004200000,0.060800000,0.000100000,0.000000000,0.011700000,0.521800000,0.009100000,3,1,7,7,3,0.090400000,0.003800000,0.035000000,0.041800000,0.011400000,0.007800000,true,true,0.017500000,0.023600000,0.001500000,0.003700000,0.038400000,103,103,0
1085,2,1,1920,1080,640,360,ultra-performance,0.712400000,0.018400000,0.177000000,0.002500000,0.245100000,0.022000000,0.115200000,0.763700000,0.330500000,2.389300000,1.676900000,2.386800000,0.002500000,0.003200000,0.017000000,0.009400000,0.147000000,0.002400000,0.051600000,0.002000000,0.189400000,0.000000000,0.000000000,false,disabled,84,0,103,3,7,0.005700000,0.002700000,0.001200000,0.006400000,0.007100000,0.001300000,0.346600000,0.023800000,0.194500000,0.014200000,0.010100000,0.106000000,0.000100000,0.000000000,0.026100000,0.745800000,0.017900000,3,1,7,7,3,0.084700000,0.003500000,0.034000000,0.040000000,0.011200000,0.007200000,true,true,0.017300000,0.018800000,0.001600000,0.003400000,0.037900000,103,103,0
1086,0,1,1920,1080,640,360,ultra-performance,0.234900000,0.024100000,0.242100000,0.002900000,0.433400000,0.024700000,0.124500000,0.584600000,0.157300000,1.829800000,1.594900000,1.828500000,0.001300000,0.003900000,0.018300000,0.010300000,0.209000000,0.002600000,0.138800000,0.002400000,0.289700000,0.000000000,0.000000000,false,disabled,84,0,103,3,7,0.006800000,0.003000000,0.001300000,0.007700000,0.002400000,0.000600000,0.351000000,0.015900000,0.085700000,0.009200000,0.004600000,0.076100000,0.000000000,0.000000000,0.011800000,0.576100000,0.008500000,3,1,7,7,3,0.171100000,0.004100000,0.037800000,0.046100000,0.012600000,0.008400000,true,true,0.063200000,0.024100000,0.001400000,0.003600000,0.072700000,103,103,0
1087,1,1,1920,1080,640,360,ultra-performance,0.664000000,0.018500000,0.177100000,0.002500000,0.255600000,0.023300000,0.117000000,0.567000000,0.162100000,1.988600000,1.324600000,1.987100000,0.001500000,0.003200000,0.017900000,0.009500000,0.146100000,0.002400000,0.050700000,0.002100000,0.200400000,0.000000000,0.000000000,false,disabled,84,0,103,3,7,0.004800000,0.002700000,0.001100000,0.006300000,0.002700000,0.000500000,0.342800000,0.013300000,0.087600000,0.008400000,0.004900000,0.069800000,0.000100000,0.000000000,0.011400000,0.556400000,0.010600000,3,1,7,7,3,0.086300000,0.003800000,0.034900000,0.041800000,0.017700000,0.007400000,true,true,0.017400000,0.019300000,0.001500000,0.003800000,0.038600000,103,103,0
1088,2,1,1920,1080,640,360,ultra-performance,0.905500000,0.023300000,0.177600000,0.002800000,0.267200000,0.023500000,0.128800000,0.685900000,0.154800000,2.370400000,1.464900000,2.369400000,0.001000000,0.003700000,0.018600000,0.010300000,0.144300000,0.002500000,0.059800000,0.002300000,0.202700000,0.000000000,0.000000000,false,disabled,84,0,103,3,7,0.006500000,0.002800000,0.001200000,0.007100000,0.002300000,0.000400000,0.415400000,0.026400000,0.056800000,0.018500000,0.007800000,0.119800000,0.000000000,0.000000000,0.011000000,0.676000000,0.009900000,3,1,7,7,3,0.087800000,0.003900000,0.036400000,0.045200000,0.012000000,0.007800000,true,true,0.018500000,0.019600000,0.001300000,0.003600000,0.039100000,103,103,0
1089,0,1,1920,1080,640,360,ultra-performance,0.491200000,0.018700000,0.177800000,0.002300000,0.259600000,0.022500000,0.117900000,0.461400000,0.153900000,1.706400000,1.215200000,1.705300000,0.001100000,0.003500000,0.018100000,0.009800000,0.146000000,0.002000000,0.052700000,0.002300000,0.202000000,0.000000000,0.000000000,false,disabled,84,0,103,3,7,0.004900000,0.002700000,0.001200000,0.006400000,0.002500000,0.000800000,0.311800000,0.009200000,0.035600000,0.005800000,0.003800000,0.052100000,0.000100000,0.000000000,0.012600000,0.449500000,0.011900000,3,1,7,7,3,0.090600000,0.003700000,0.035100000,0.044500000,0.011400000,0.007400000,true,true,0.017400000,0.023600000,0.001500000,0.003600000,0.038800000,103,103,0
1090,1,1,1920,1080,640,360,ultra-performance,1.029800000,0.022900000,0.178500000,0.002400000,0.261900000,0.022600000,0.118500000,0.517600000,0.155000000,2.310400000,1.280600000,2.309200000,0.001200000,0.003800000,0.018300000,0.009900000,0.146000000,0.002200000,0.051100000,0.002400000,0.206100000,0.000000000,0.000000000,false,disabled,84,0,103,3,7,0.006200000,0.002900000,0.001100000,0.006200000,0.002500000,0.000500000,0.351200000,0.011100000,0.041800000,0.007700000,0.004500000,0.059800000,0.000100000,0.000000000,0.011900000,0.507500000,0.010100000,3,1,7,7,3,0.086300000,0.003600000,0.035000000,0.052900000,0.011700000,0.007500000,true,true,0.017700000,0.019300000,0.001500000,0.003600000,0.038300000,103,103,0
1091,2,1,1920,1080,640,360,ultra-performance,0.692200000,0.017700000,0.177900000,0.002100000,0.243500000,0.021100000,0.114200000,0.432700000,0.147900000,1.850500000,1.158300000,1.849300000,0.001200000,0.003000000,0.017100000,0.009300000,0.147900000,0.001800000,0.050800000,0.002200000,0.188300000,0.000000000,0.000000000,false,disabled,84,0,103,3,7,0.005600000,0.002500000,0.001100000,0.006500000,0.002000000,0.000300000,0.320600000,0.010200000,0.001200000,0.006000000,0.003600000,0.054300000,0.000000000,0.000000000,0.011700000,0.425600000,0.007100000,3,1,7,7,3,0.084200000,0.003500000,0.034200000,0.040000000,0.010900000,0.007000000,true,true,0.018500000,0.018800000,0.001600000,0.003100000,0.036600000,103,103,0
1092,0,1,1920,1080,640,360,ultra-performance,1.063100000,0.022800000,0.181100000,0.002700000,0.263200000,0.023600000,0.122200000,0.441800000,0.154600000,2.276500000,1.213400000,2.275100000,0.001400000,0.003700000,0.018400000,0.009900000,0.148500000,0.002600000,0.053600000,0.002300000,0.204800000,0.000000000,0.000000000,false,disabled,84,0,103,3,7,0.004800000,0.002800000,0.001300000,0.006900000,0.002400000,0.000700000,0.311100000,0.011600000,0.005100000,0.007000000,0.004400000,0.061000000,0.000000000,0.000000000,0.011800000,0.430900000,0.010900000,3,1,7,7,3,0.089700000,0.003900000,0.036300000,0.045200000,0.012400000,0.008000000,true,true,0.018000000,0.020400000,0.001600000,0.003800000,0.040000000,103,103,0
1093,1,1,1920,1080,640,360,ultra-performance,0.713800000,0.022300000,0.178200000,0.002400000,0.256700000,0.023500000,0.118500000,0.477000000,0.161100000,1.954600000,1.240800000,1.953500000,0.001100000,0.003800000,0.018600000,0.009700000,0.145700000,0.002300000,0.051500000,0.002400000,0.200400000,0.000000000,0.000000000,false,disabled,84,0,103,3,7,0.006500000,0.002900000,0.001100000,0.006300000,0.002400000,0.000500000,0.308800000,0.010800000,0.044900000,0.007600000,0.004400000,0.060500000,0.000000000,0.000000000,0.012400000,0.469100000,0.007900000,3,1,7,7,3,0.087000000,0.003800000,0.036500000,0.044600000,0.011400000,0.008000000,true,true,0.017500000,0.019800000,0.001500000,0.003600000,0.038900000,103,103,0
1094,2,1,1920,1080,640,360,ultra-performance,1.022600000,0.022400000,0.185700000,0.002300000,0.251500000,0.022000000,0.124900000,0.618900000,0.161200000,2.412800000,1.390200000,2.411500000,0.001300000,0.011900000,0.018300000,0.009800000,0.145200000,0.002100000,0.051100000,0.002100000,0.196000000,0.000000000,0.000000000,false,disabled,84,0,103,3,7,0.004900000,0.002900000,0.001200000,0.006500000,0.003500000,0.000700000,0.322800000,0.016800000,0.138200000,0.010100000,0.006200000,0.080700000,0.000000000,0.000000000,0.012300000,0.606800000,0.012100000,3,1,7,7,3,0.085100000,0.003800000,0.034700000,0.044200000,0.011300000,0.007500000,true,true,0.017700000,0.019100000,0.001400000,0.003500000,0.037700000,103,103,0
1095,0,1,1920,1080,640,360,ultra-performance,0.652200000,0.014400000,0.181900000,0.002200000,0.241700000,0.022000000,0.110400000,0.570900000,0.123300000,1.920200000,1.268000000,1.919000000,0.001200000,0.002800000,0.016800000,0.009600000,0.152300000,0.002000000,0.050800000,0.001900000,0.186900000,0.000000000,0.000000000,false,disabled,84,0,103,3,7,0.006600000,0.002200000,0.000900000,0.006200000,0.002700000,0.000400000,0.328700000,0.010900000,0.127800000,0.006500000,0.003500000,0.057000000,0.000100000,0.000000000,0.010800000,0.564300000,0.006600000,3,1,7,7,3,0.087800000,0.003400000,0.032700000,0.037500000,0.010700000,0.006500000,true,true,0.018000000,0.023300000,0.001300000,0.002600000,0.037100000,103,103,0
1096,1,1,1920,1080,640,360,ultra-performance,0.971000000,0.022000000,0.177100000,0.002700000,0.261900000,0.025600000,0.128700000,0.572700000,0.153500000,2.323300000,1.352300000,2.315200000,0.008100000,0.003900000,0.018800000,0.010100000,0.143800000,0.002600000,0.051200000,0.002300000,0.206100000,0.000000000,0.000000000,false,disabled,84,0,103,3,7,0.005300000,0.002700000,0.001100000,0.006700000,0.002800000,0.000700000,0.377500000,0.020200000,0.056000000,0.008800000,0.003600000,0.066900000,0.000100000,0.000000000,0.012400000,0.564800000,0.007900000,3,1,7,7,3,0.088500000,0.003800000,0.036600000,0.046700000,0.012300000,0.007600000,true,true,0.017900000,0.019700000,0.001500000,0.004300000,0.039200000,103,103,0
1097,2,1,1920,1080,640,360,ultra-performance,0.663700000,0.020700000,0.178100000,0.002400000,0.249300000,0.022200000,0.117900000,0.662600000,0.161400000,2.079900000,1.416200000,2.078300000,0.001600000,0.003100000,0.018100000,0.009500000,0.146900000,0.002300000,0.051800000,0.002500000,0.192700000,0.000000000,0.000000000,false,disabled,84,0,103,3,7,0.004600000,0.002800000,0.001200000,0.006500000,0.002900000,0.000900000,0.341000000,0.019500000,0.153300000,0.008600000,0.005200000,0.090500000,0.000100000,0.000000000,0.012800000,0.649900000,0.012700000,3,1,7,7,3,0.084400000,0.003800000,0.034800000,0.042600000,0.011200000,0.007400000,true,true,0.017400000,0.018800000,0.001400000,0.003700000,0.037500000,103,103,0
1098,0,1,1920,1080,640,360,ultra-performance,1.055600000,0.020900000,0.178100000,0.002300000,0.264000000,0.023300000,0.119000000,0.647600000,0.149000000,2.461100000,1.405500000,2.459800000,0.001300000,0.003200000,0.017300000,0.009600000,0.147200000,0.002100000,0.051200000,0.002300000,0.208100000,0.000000000,0.000000000,false,disabled,84,0,103,3,7,0.006900000,0.002700000,0.001200000,0.006800000,0.002500000,0.000500000,0.347700000,0.018500000,0.143200000,0.011500000,0.005500000,0.077200000,0.000000000,0.000000000,0.012200000,0.636400000,0.011200000,3,1,7,7,3,0.098300000,0.003800000,0.035200000,0.042500000,0.011300000,0.008100000,true,true,0.017900000,0.023800000,0.001400000,0.003600000,0.039000000,103,103,0
1099,1,1,1920,1080,640,360,ultra-performance,0.536800000,0.021100000,0.183400000,0.002300000,0.254900000,0.021700000,0.124300000,0.728900000,0.154500000,2.029300000,1.492500000,2.027900000,0.001400000,0.003700000,0.018400000,0.009700000,0.151200000,0.002100000,0.053700000,0.002100000,0.196800000,0.000000000,0.000000000,false,disabled,84,0,103,3,7,0.005600000,0.002700000,0.001500000,0.006300000,0.003300000,0.000700000,0.374800000,0.016100000,0.146200000,0.009400000,0.005700000,0.134700000,0.000000000,0.000000000,0.012000000,0.719000000,0.009900000,3,1,7,7,3,0.086000000,0.003800000,0.035200000,0.044200000,0.011500000,0.007400000,true,true,0.017800000,0.020300000,0.001400000,0.003500000,0.037300000,103,103,0
1100,2,1,1920,1080,640,360,ultra-performance,0.734000000,0.019800000,0.177500000,0.002100000,0.251700000,0.022900000,0.118100000,0.599300000,0.156200000,2.082900000,1.348900000,2.081600000,0.001300000,0.003200000,0.018000000,0.010100000,0.145800000,0.001900000,0.051600000,0.002100000,0.195700000,0.000000000,0.000000000,false,disabled,84,0,103,3,7,0.008100000,0.002700000,0.001200000,0.006600000,0.002500000,0.000700000,0.354400000,0.015300000,0.099500000,0.009300000,0.004800000,0.073900000,0.000000000,0.000000000,0.011700000,0.590700000,0.008600000,3,1,7,7,3,0.086400000,0.003700000,0.035100000,0.042200000,0.011800000,0.007400000,true,true,0.017600000,0.019300000,0.001400000,0.003800000,0.038700000,103,103,0
1101,0,1,1920,1080,640,360,ultra-performance,0.585600000,0.015100000,0.188500000,0.002500000,0.243000000,0.021400000,0.109000000,0.556600000,0.131000000,1.853500000,1.267900000,1.852700000,0.000800000,0.002800000,0.017300000,0.009500000,0.158500000,0.002300000,0.052900000,0.002000000,0.186000000,0.000000000,0.000000000,false,disabled,84,0,103,3,7,0.004900000,0.002400000,0.001000000,0.006300000,0.002400000,0.000700000,0.405100000,0.013200000,0.022800000,0.007900000,0.010600000,0.059200000,0.000000000,0.000000000,0.010600000,0.547100000,0.009500000,3,1,7,7,3,0.085400000,0.003500000,0.033200000,0.038500000,0.010900000,0.006300000,true,true,0.018700000,0.019900000,0.001800000,0.002600000,0.037000000,103,103,0
1102,1,1,1920,1080,640,360,ultra-performance,1.108700000,0.020800000,0.175400000,0.002900000,0.262600000,0.023600000,0.121500000,0.571200000,0.156200000,2.444200000,1.335500000,2.442900000,0.001300000,0.003300000,0.018000000,0.010000000,0.143600000,0.002700000,0.051500000,0.002500000,0.206100000,0.000000000,0.000000000,false,disabled,84,0,103,3,7,0.006000000,0.002700000,0.001200000,0.007100000,0.003300000,0.000500000,0.340100000,0.015600000,0.071500000,0.013400000,0.007900000,0.080300000,0.000000000,0.000000000,0.012300000,0.561900000,0.009300000,3,1,7,7,3,0.093400000,0.003900000,0.036600000,0.043000000,0.012300000,0.008100000,true,true,0.018000000,0.024900000,0.001300000,0.003500000,0.039900000,103,103,0
1103,2,1,1920,1080,640,360,ultra-performance,0.623200000,0.015600000,0.190500000,0.002800000,0.243300000,0.021700000,0.108800000,0.728000000,0.152800000,2.088200000,1.465000000,2.086700000,0.001500000,0.002900000,0.016500000,0.010200000,0.160600000,0.002700000,0.053400000,0.002000000,0.185700000,0.000000000,0.000000000,false,disabled,84,0,103,3,7,0.004400000,0.002300000,0.001000000,0.006900000,0.002400000,0.000300000,0.264900000,0.013000000,0.146700000,0.016300000,0.005300000,0.243800000,0.000000000,0.000000000,0.011500000,0.718800000,0.009200000,3,1,7,7,3,0.084600000,0.003500000,0.033600000,0.038200000,0.011100000,0.006800000,true,true,0.017400000,0.019900000,0.001400000,0.002700000,0.037800000,103,103,0
1104,0,1,1920,1080,640,360,ultra-performance,1.249800000,0.020800000,0.179600000,0.002300000,0.256300000,0.022600000,0.121000000,0.656200000,0.153400000,2.663200000,1.413400000,2.662000000,0.001200000,0.003600000,0.018400000,0.010100000,0.147100000,0.002000000,0.052100000,0.002300000,0.199600000,0.000000000,0.000000000,false,disabled,84,0,103,3,7,0.004700000,0.002800000,0.001200000,0.006600000,0.002400000,0.000400000,0.324300000,0.010300000,0.213400000,0.006900000,0.003800000,0.060200000,0.000000000,0.000000000,0.011700000,0.648700000,0.007500000,3,1,7,7,3,0.087700000,0.003800000,0.035500000,0.044400000,0.011400000,0.007700000,true,true,0.017400000,0.020200000,0.001500000,0.003600000,0.039100000,103,103,0
1105,1,1,1920,1080,640,360,ultra-performance,0.491600000,0.028600000,0.179100000,0.003000000,0.261900000,0.024100000,0.144400000,0.523500000,0.152000000,1.810100000,1.318500000,1.808200000,0.001900000,0.003300000,0.018000000,0.010000000,0.147400000,0.002800000,0.052500000,0.002400000,0.204500000,0.000000000,0.000000000,false,disabled,84,0,103,3,7,0.004600000,0.003100000,0.001300000,0.008300000,0.002800000,0.000700000,0.325000000,0.017800000,0.054200000,0.009200000,0.005200000,0.068000000,0.000100000,0.000000000,0.013200000,0.513500000,0.010000000,3,1,7,7,3,0.087600000,0.003900000,0.037000000,0.046100000,0.012600000,0.008100000,true,true,0.017900000,0.019300000,0.001300000,0.003800000,0.039500000,103,103,0
1106,2,1,1920,1080,640,360,ultra-performance,1.028000000,0.039600000,0.404700000,0.006000000,0.580300000,0.023800000,0.120000000,0.541300000,0.154700000,2.899900000,1.871900000,2.898400000,0.001500000,0.007000000,0.039600000,0.022400000,0.334800000,0.005600000,0.116900000,0.004900000,0.455700000,0.000000000,0.000000000,false,disabled,84,0,103,3,7,0.005600000,0.002800000,0.001100000,0.006900000,0.002500000,0.000600000,0.336800000,0.010700000,0.022000000,0.007000000,0.003700000,0.120700000,0.000000000,0.000000000,0.011400000,0.531800000,0.009500000,3,1,7,7,3,0.194100000,0.008600000,0.091000000,0.098600000,0.027100000,0.015400000,true,true,0.039900000,0.044100000,0.002100000,0.007500000,0.087600000,103,103,0
1107,0,1,1920,1080,640,360,ultra-performance,0.001800000,0.015700000,0.176100000,0.002500000,0.247300000,0.022500000,0.116500000,0.502200000,0.153500000,1.239500000,1.237700000,1.238100000,0.001400000,0.003100000,0.016800000,0.009700000,0.146200000,0.002300000,0.052000000,0.002000000,0.191000000,0.000000000,0.000000000,false,disabled,84,0,103,3,7,0.005500000,0.002500000,0.001100000,0.006900000,0.002900000,0.000500000,0.325200000,0.013500000,0.044400000,0.008000000,0.004000000,0.067800000,0.000100000,0.000000000,0.011900000,0.494300000,0.007900000,3,1,7,7,3,0.085300000,0.003600000,0.035000000,0.040300000,0.011500000,0.007100000,true,true,0.017900000,0.019200000,0.001300000,0.003200000,0.037900000,103,103,0
1108,1,1,1920,1080,640,360,ultra-performance,1.016400000,0.018800000,0.176600000,0.002300000,0.249400000,0.021500000,0.117400000,0.605000000,0.147600000,2.356300000,1.339900000,2.355000000,0.001300000,0.003200000,0.017700000,0.009800000,0.145500000,0.002100000,0.050900000,0.002100000,0.194000000,0.000000000,0.000000000,false,disabled,84,0,103,3,7,0.004800000,0.002700000,0.001200000,0.006600000,0.002200000,0.000300000,0.333200000,0.010500000,0.154200000,0.008300000,0.004300000,0.057200000,0.000000000,0.000000000,0.011400000,0.596900000,0.008100000,3,1,7,7,3,0.085500000,0.003800000,0.034700000,0.042300000,0.011600000,0.007500000,true,true,0.017400000,0.019300000,0.001400000,0.003600000,0.038000000,103,103,0
1109,2,1,1920,1080,640,360,ultra-performance,0.933000000,0.023300000,0.185700000,0.002300000,0.254000000,0.022000000,0.120400000,0.592100000,0.154300000,2.288300000,1.355300000,2.287100000,0.001200000,0.003700000,0.018100000,0.009800000,0.153700000,0.002100000,0.051600000,0.002100000,0.198000000,0.000000000,0.000000000,false,disabled,84,0,103,3,7,0.004400000,0.002800000,0.001300000,0.006400000,0.002500000,0.000500000,0.341000000,0.014200000,0.104700000,0.008500000,0.004200000,0.081500000,0.000100000,0.000000000,0.011800000,0.583900000,0.008200000,3,1,7,7,3,0.086600000,0.003900000,0.035000000,0.044700000,0.011500000,0.007500000,true,true,0.017800000,0.019000000,0.001400000,0.003800000,0.038900000,103,103,0
1110,0,1,1920,1080,640,360,ultra-performance,0.577800000,0.014200000,0.188100000,0.002000000,0.243100000,0.021900000,0.110300000,0.510400000,0.129200000,1.798300000,1.220500000,1.797000000,0.001300000,0.002700000,0.016600000,0.009800000,0.158700000,0.001900000,0.053500000,0.001800000,0.185700000,0.000000000,0.000000000,false,disabled,84,0,103,3,7,0.004400000,0.002200000,0.001000000,0.006500000,0.002300000,0.000500000,0.328500000,0.010900000,0.065000000,0.008000000,0.003600000,0.054700000,0.000000000,0.000000000,0.011400000,0.499000000,0.011400000,3,1,7,7,3,0.085200000,0.003500000,0.033400000,0.037600000,0.011300000,0.006500000,true,true,0.017100000,0.020000000,0.001300000,0.002900000,0.038300000,103,103,0
1111,1,1,1920,1080,640,360,ultra-performance,0.971300000,0.022000000,0.184800000,0.002700000,0.255300000,0.023500000,0.119600000,0.510900000,0.174800000,2.266200000,1.294900000,2.264900000,0.001300000,0.003700000,0.018100000,0.009900000,0.152500000,0.002400000,0.051800000,0.002200000,0.199000000,0.000000000,0.000000000,false,disabled,84,0,103,3,7,0.005500000,0.002900000,0.001200000,0.006900000,0.002700000,0.000600000,0.316000000,0.015300000,0.042500000,0.009300000,0.005000000,0.075600000,0.000100000,0.000000000,0.019000000,0.502600000,0.008300000,3,1,7,7,3,0.086100000,0.003800000,0.035600000,0.044700000,0.011900000,0.007800000,true,true,0.018100000,0.019300000,0.001500000,0.003700000,0.037800000,103,103,0
1112,2,1,1920,1080,640,360,ultra-performance,0.627600000,0.013900000,0.180200000,0.002500000,0.239400000,0.022100000,0.109100000,0.558300000,0.151400000,1.905800000,1.278200000,1.904500000,0.001300000,0.002900000,0.016400000,0.009900000,0.150800000,0.002400000,0.051000000,0.001800000,0.184400000,0.000000000,0.000000000,false,disabled,84,0,103,3,7,0.004600000,0.002200000,0.001000000,0.006700000,0.002200000,0.000400000,0.311000000,0.009000000,0.140600000,0.006300000,0.003500000,0.052300000,0.000000000,0.000000000,0.011100000,0.550900000,0.007400000,3,1,7,7,3,0.084600000,0.003200000,0.033400000,0.037100000,0.010700000,0.006600000,true,true,0.017400000,0.019600000,0.001200000,0.002500000,0.038300000,103,103,0
1113,0,1,1920,1080,640,360,ultra-performance,0.925000000,0.022800000,0.361300000,0.004500000,0.559500000,0.048600000,0.142300000,0.622600000,0.157900000,2.845900000,1.920900000,2.844500000,0.001400000,0.003600000,0.018300000,0.014500000,0.323900000,0.003900000,0.115500000,0.004700000,0.434400000,0.000000000,0.000000000,false,disabled,84,0,103,3,7,0.004700000,0.002800000,0.001300000,0.006400000,0.002500000,0.000300000,0.327300000,0.014500000,0.155600000,0.008600000,0.004600000,0.073500000,0.000000000,0.000000000,0.011700000,0.613800000,0.008800000,3,1,7,7,3,0.190200000,0.008500000,0.077300000,0.097400000,0.025600000,0.016600000,true,true,0.039100000,0.042800000,0.002200000,0.007600000,0.085700000,103,103,0
1114,1,1,1920,1080,640,360,ultra-performance,0.001800000,0.015600000,0.174000000,0.002200000,0.243000000,0.021500000,0.127400000,0.417800000,0.150800000,1.155400000,1.153600000,1.154100000,0.001300000,0.002900000,0.016900000,0.009400000,0.144300000,0.002000000,0.052100000,0.001900000,0.187000000,0.000000000,0.000000000,false,disabled,84,0,103,3,7,0.004500000,0.002500000,0.001100000,0.006500000,0.002500000,0.000600000,0.284400000,0.011200000,0.016700000,0.006900000,0.004300000,0.058000000,0.000100000,0.000000000,0.011000000,0.410300000,0.007500000,3,1,7,7,3,0.084500000,0.003500000,0.033300000,0.038900000,0.011400000,0.007000000,true,true,0.017600000,0.019400000,0.001300000,0.003100000,0.037500000,103,103,0
1115,2,1,1920,1080,640,360,ultra-performance,1.354500000,0.021300000,0.176000000,0.002600000,0.261600000,0.022400000,0.117500000,0.660300000,0.158800000,2.776400000,1.421900000,2.775000000,0.001400000,0.003600000,0.018400000,0.010000000,0.143400000,0.002400000,0.051600000,0.002100000,0.197700000,0.000000000,0.000000000,false,disabled,84,0,103,3,7,0.004600000,0.002800000,0.001100000,0.006600000,0.002800000,0.000600000,0.330000000,0.013800000,0.184700000,0.008900000,0.004600000,0.079000000,0.000000000,0.000000000,0.011900000,0.651400000,0.008900000,3,1,7,7,3,0.086400000,0.003800000,0.035300000,0.044400000,0.012000000,0.007500000,true,true,0.018300000,0.019300000,0.001300000,0.003500000,0.038300000,103,103,0
1116,0,1,1920,1080,640,360,ultra-performance,0.536400000,0.013900000,0.172600000,0.002500000,0.243300000,0.021400000,0.109300000,0.625900000,0.157000000,1.883600000,1.347200000,1.882300000,0.001300000,0.002800000,0.016100000,0.009600000,0.143600000,0.002300000,0.056200000,0.001900000,0.183000000,0.000000000,0.000000000,false,disabled,84,0,103,3,7,0.004500000,0.002200000,0.001000000,0.006700000,0.003100000,0.000600000,0.348000000,0.014100000,0.103600000,0.007900000,0.005100000,0.107300000,0.000100000,0.000000000,0.012100000,0.616300000,0.009600000,3,1,7,7,3,0.083600000,0.003400000,0.033200000,0.037200000,0.010700000,0.006700000,true,true,0.017300000,0.019400000,0.001300000,0.002600000,0.037400000,103,103,0
1117,1,1,1920,1080,640,360,ultra-performance,0.920700000,0.021600000,0.176000000,0.002500000,0.263500000,0.023200000,0.118600000,0.613600000,0.150000000,2.290900000,1.370200000,2.289700000,0.001200000,0.003700000,0.018100000,0.009700000,0.144100000,0.002300000,0.051800000,0.002200000,0.207300000,0.000000000,0.000000000,false,disabled,84,0,103,3,7,0.006000000,0.002600000,0.001200000,0.006700000,0.002600000,0.000600000,0.343400000,0.015600000,0.133900000,0.010300000,0.005100000,0.063100000,0.000100000,0.000000000,0.012200000,0.603400000,0.010200000,3,1,7,7,3,0.087400000,0.003900000,0.035600000,0.044400000,0.011600000,0.007400000,true,true,0.018100000,0.019600000,0.001300000,0.003500000,0.039000000,103,103,0
1118,2,1,1920,1080,640,360,ultra-performance,0.582000000,0.018100000,0.175000000,0.002900000,0.253900000,0.021800000,0.117500000,0.546400000,0.147900000,1.866700000,1.284700000,1.865500000,0.001200000,0.003100000,0.017700000,0.009800000,0.143900000,0.002700000,0.051500000,0.002200000,0.197900000,0.000000000,0.000000000,false,disabled,84,0,103,3,7,0.006900000,0.002900000,0.001100000,0.006700000,0.002300000,0.000300000,0.332300000,0.011000000,0.090500000,0.006900000,0.003700000,0.062100000,0.000100000,0.000000000,0.011700000,0.538500000,0.007900000,3,1,7,7,3,0.088100000,0.003700000,0.035200000,0.042700000,0.011900000,0.007500000,true,true,0.018400000,0.019200000,0.001200000,0.003900000,0.039800000,103,103,0
1119,0,1,1920,1080,640,360,ultra-performance,0.838500000,0.021900000,0.175600000,0.002500000,0.251700000,0.022100000,0.117700000,0.664500000,0.159500000,2.255300000,1.416800000,2.254000000,0.001300000,0.003600000,0.018300000,0.009700000,0.143400000,0.002300000,0.051400000,0.002100000,0.195900000,0.000000000,0.000000000,false,disabled,84,0,103,3,7,0.004600000,0.002600000,0.001100000,0.006500000,0.004800000,0.001200000,0.430000000,0.015400000,0.048400000,0.012300000,0.005000000,0.109800000,0.000100000,0.000000000,0.012000000,0.653800000,0.010700000,3,1,7,7,3,0.086000000,0.003600000,0.034700000,0.044000000,0.011400000,0.007400000,true,true,0.018100000,0.019400000,0.001300000,0.003600000,0.037900000,103,103,0
1120,1,1,1920,1080,640,360,ultra-performance,0.752000000,0.031800000,0.388200000,0.005800000,0.531500000,0.046300000,0.134600000,0.615500000,0.151700000,2.658900000,1.906900000,2.657400000,0.001500000,0.006300000,0.035800000,0.020600000,0.324400000,0.005500000,0.115100000,0.003900000,0.407900000,0.000000000,0.000000000,false,disabled,84,0,103,3,7,0.004900000,0.002400000,0.000900000,0.006500000,0.002600000,0.000600000,0.323200000,0.014200000,0.109600000,0.009200000,0.004600000,0.112000000,0.000100000,0.000000000,0.011400000,0.602200000,0.013300000,3,1,7,7,3,0.185700000,0.007500000,0.072900000,0.085900000,0.024000000,0.014400000,true,true,0.038400000,0.042400000,0.002100000,0.005600000,0.084400000,103,103,0
1121,2,1,1920,1080,640,360,ultra-performance,0.001800000,0.018100000,0.177500000,0.002400000,0.259000000,0.022700000,0.118400000,0.569700000,0.153500000,1.324400000,1.322600000,1.323100000,0.001300000,0.003100000,0.018200000,0.009500000,0.146300000,0.002200000,0.051900000,0.002300000,0.202500000,0.000000000,0.000000000,false,disabled,84,0,103,3,7,0.007200000,0.002600000,0.001200000,0.006800000,0.002300000,0.000500000,0.283500000,0.009300000,0.183500000,0.004500000,0.003000000,0.042700000,0.000100000,0.000000000,0.012600000,0.559800000,0.009900000,3,1,7,7,3,0.094100000,0.003700000,0.034900000,0.041900000,0.011600000,0.007600000,true,true,0.018000000,0.019100000,0.001500000,0.003700000,0.046100000,103,103,0
1122,0,1,1920,1080,640,360,ultra-performance,1.083400000,0.036000000,0.389200000,0.005700000,0.318000000,0.021900000,0.115500000,0.642600000,0.142900000,2.756500000,1.673100000,2.755200000,0.001300000,0.006800000,0.037500000,0.020500000,0.323600000,0.005300000,0.115100000,0.004300000,0.196000000,0.000000000,0.000000000,false,disabled,84,0,103,3,7,0.006000000,0.002600000,0.001100000,0.006600000,0.002600000,0.000300000,0.365200000,0.011800000,0.146900000,0.008400000,0.004900000,0.061600000,0.000100000,0.000000000,0.011400000,0.629500000,0.013100000,3,1,7,7,3,0.086000000,0.003600000,0.034300000,0.040900000,0.011000000,0.007100000,true,true,0.017100000,0.019700000,0.001300000,0.003100000,0.039100000,103,103,0
1123,1,1,1920,1080,640,360,ultra-performance,0.523400000,0.019500000,0.183100000,0.002500000,0.245100000,0.022400000,0.112600000,0.599200000,0.142500000,1.851700000,1.328300000,1.850300000,0.001400000,0.003100000,0.016900000,0.009400000,0.153200000,0.002300000,0.050900000,0.002200000,0.189800000,0.000000000,0.000000000,false,disabled,84,0,103,3,7,0.007700000,0.002400000,0.001000000,0.006500000,0.002600000,0.000300000,0.342100000,0.016600000,0.106700000,0.011400000,0.005600000,0.074400000,0.000000000,0.000000000,0.012300000,0.589600000,0.009600000,3,1,7,7,3,0.085900000,0.003300000,0.034100000,0.039800000,0.010900000,0.007200000,true,true,0.018000000,0.019400000,0.001300000,0.003600000,0.037900000,103,103,0
1124,2,1,1920,1080,640,360,ultra-performance,0.633900000,0.017700000,0.176800000,0.002700000,0.244100000,0.021700000,0.114300000,0.855000000,0.164600000,2.233700000,1.599800000,2.230800000,0.002900000,0.003100000,0.017000000,0.009600000,0.146800000,0.002600000,0.050600000,0.002000000,0.189500000,0.000000000,0.000000000,false,disabled,84,0,103,3,7,0.004700000,0.002500000,0.001000000,0.006400000,0.007100000,0.001200000,0.413300000,0.023900000,0.148200000,0.014000000,0.010700000,0.174200000,0.000100000,0.000000000,0.028700000,0.836000000,0.019000000,3,1,7,7,3,0.085100000,0.003700000,0.033800000,0.040300000,0.011000000,0.007200000,true,true,0.017600000,0.019300000,0.001300000,0.003100000,0.038100000,103,103,0
1125,0,1,1920,1080,640,360,ultra-performance,0.792100000,0.023500000,0.179600000,0.002500000,0.255900000,0.023800000,0.121200000,0.677300000,0.155200000,2.232600000,1.440500000,2.231100000,0.001500000,0.003700000,0.018200000,0.010000000,0.147200000,0.002300000,0.051800000,0.002100000,0.199800000,0.000000000,0.000000000,false,disabled,84,0,103,3,7,0.006200000,0.002900000,0.001300000,0.006200000,0.002700000,0.000400000,0.333200000,0.011900000,0.195000000,0.011000000,0.004700000,0.073100000,0.000000000,0.000000000,0.012400000,0.661000000,0.016300000,3,1,7,7,3,0.087000000,0.003800000,0.035900000,0.044800000,0.011300000,0.007600000,true,true,0.017500000,0.019600000,0.001800000,0.003800000,0.038500000,103,103,0
1126,1,1,1920,1080,640,360,ultra-performance,0.591500000,0.019000000,0.185500000,0.002600000,0.253700000,0.022000000,0.115900000,0.573800000,0.192600000,1.957800000,1.366300000,1.956600000,0.001200000,0.003000000,0.016800000,0.009400000,0.155700000,0.002400000,0.052700000,0.002400000,0.196500000,0.000000000,0.000000000,false,disabled,84,0,103,3,7,0.006700000,0.002500000,0.001100000,0.006500000,0.002400000,0.000600000,0.361800000,0.011600000,0.057200000,0.006800000,0.004500000,0.087800000,0.000100000,0.000000000,0.012100000,0.561700000,0.012100000,3,1,7,7,3,0.090500000,0.003600000,0.034600000,0.040300000,0.011600000,0.007400000,true,true,0.017100000,0.024600000,0.001600000,0.003200000,0.038400000,103,103,0
1127,2,1,1920,1080,640,360,ultra-performance,0.889900000,0.024500000,0.179400000,0.003100000,0.266100000,0.024500000,0.123600000,0.573700000,0.161800000,2.248000000,1.358100000,2.246600000,0.001400000,0.003800000,0.018300000,0.010300000,0.146700000,0.002900000,0.052500000,0.002600000,0.208400000,0.000000000,0.000000000,false,disabled,84,0,103,3,7,0.008100000,0.002900000,0.001200000,0.006700000,0.002600000,0.000600000,0.370900000,0.019900000,0.041900000,0.011400000,0.005100000,0.081600000,0.000000000,0.000000000,0.011700000,0.564600000,0.009100000,3,1,7,7,3,0.089200000,0.004200000,0.038600000,0.046100000,0.012600000,0.008200000,true,true,0.018000000,0.019600000,0.002000000,0.003900000,0.039500000,103,103,0
1128,0,1,1920,1080,640,360,ultra-performance,0.582300000,0.021500000,0.186000000,0.002700000,0.262400000,0.024600000,0.122700000,0.639300000,0.153300000,1.996200000,1.413900000,1.994800000,0.001400000,0.003200000,0.018200000,0.009900000,0.154300000,0.002600000,0.052500000,0.002300000,0.205000000,0.000000000,0.000000000,false,disabled,84,0,103,3,7,0.004800000,0.002800000,0.001200000,0.007500000,0.002500000,0.000500000,0.369800000,0.013500000,0.124600000,0.008000000,0.004400000,0.077500000,0.000000000,0.000000000,0.013000000,0.630100000,0.009200000,3,1,7,7,3,0.088700000,0.003900000,0.036900000,0.045700000,0.012500000,0.008000000,true,true,0.018100000,0.019600000,0.001300000,0.003500000,0.040100000,103,103,0
1129,1,1,1920,1080,640,360,ultra-performance,0.769400000,0.022000000,0.177300000,0.002600000,0.262200000,0.024100000,0.124600000,0.647000000,0.163100000,2.193500000,1.424100000,2.192300000,0.001200000,0.003200000,0.017700000,0.010000000,0.145900000,0.002400000,0.052200000,0.002100000,0.205600000,0.000000000,0.000000000,false,disabled,84,0,103,3,7,0.004800000,0.002800000,0.001300000,0.006800000,0.002500000,0.000300000,0.354800000,0.010900000,0.172800000,0.006800000,0.003700000,0.058800000,0.000100000,0.000000000,0.011600000,0.638000000,0.009000000,3,1,7,7,3,0.086300000,0.003700000,0.042400000,0.044900000,0.011700000,0.007400000,true,true,0.017800000,0.019600000,0.001500000,0.003500000,0.038100000,103,103,0
1130,2,1,1920,1080,640,360,ultra-performance,0.515700000,0.021700000,0.178700000,0.002800000,0.258600000,0.023500000,0.119900000,0.563400000,0.154600000,1.840300000,1.324600000,1.838900000,0.001400000,0.003700000,0.018600000,0.009900000,0.146200000,0.002600000,0.052500000,0.002200000,0.201500000,0.000000000,0.000000000,false,disabled,84,0,103,3,7,0.005800000,0.002800000,0.001200000,0.006900000,0.002600000,0.000500000,0.392200000,0.019000000,0.013500000,0.008900000,0.005300000,0.083600000,0.000100000,0.000000000,0.012100000,0.554500000,0.008900000,3,1,7,7,3,0.087100000,0.003900000,0.036300000,0.045100000,0.012200000,0.007800000,true,true,0.017700000,0.019300000,0.001400000,0.003400000,0.039200000,103,103,0
1131,0,1,1920,1080,640,360,ultra-performance,1.363200000,0.024900000,0.178700000,0.003000000,0.254900000,0.023800000,0.119900000,0.642900000,0.153000000,2.765400000,1.402200000,2.764300000,0.001100000,0.003500000,0.017700000,0.009800000,0.147200000,0.002900000,0.052000000,0.002200000,0.198200000,0.000000000,0.000000000,false,disabled,84,0,103,3,7,0.004900000,0.002800000,0.001200000,0.006700000,0.002400000,0.000400000,0.358000000,0.011900000,0.160300000,0.007600000,0.004200000,0.062900000,0.000000000,0.000000000,0.011900000,0.635200000,0.007700000,3,1,7,7,3,0.087100000,0.003900000,0.035900000,0.043100000,0.011800000,0.007600000,true,true,0.017900000,0.019200000,0.001500000,0.003800000,0.039100000,103,103,0
1132,1,1,1920,1080,640,360,ultra-performance,0.459600000,0.017400000,0.187100000,0.002700000,0.283600000,0.024000000,0.120100000,0.565300000,0.148200000,1.809300000,1.349700000,1.808000000,0.001300000,0.002900000,0.017100000,0.009500000,0.157200000,0.002500000,0.054200000,0.002100000,0.225000000,0.000000000,0.000000000,false,disabled,84,0,103,3,7,0.004500000,0.002900000,0.001200000,0.007500000,0.002200000,0.000400000,0.321800000,0.012800000,0.107500000,0.008800000,0.004700000,0.070000000,0.000000000,0.000000000,0.011600000,0.555900000,0.009400000,3,1,7,7,3,0.108100000,0.005800000,0.037800000,0.045100000,0.011800000,0.007800000,true,true,0.017700000,0.020100000,0.001400000,0.002400000,0.056800000,103,103,0
1133,2,1,1920,1080,640,360,ultra-performance,0.908700000,0.019400000,0.188400000,0.002700000,0.251800000,0.022000000,0.124000000,0.499100000,0.157600000,2.175200000,1.266500000,2.173700000,0.001500000,0.003300000,0.017300000,0.009800000,0.157500000,0.002500000,0.054300000,0.002100000,0.193100000,0.000000000,0.000000000,false,disabled,84,0,103,3,7,0.005900000,0.002600000,0.001200000,0.006500000,0.002300000,0.000500000,0.330100000,0.012400000,0.042400000,0.007600000,0.003400000,0.064000000,0.000000000,0.000000000,0.011600000,0.490500000,0.008600000,3,1,7,7,3,0.086200000,0.003700000,0.034900000,0.041000000,0.011300000,0.007200000,true,true,0.017800000,0.020300000,0.001300000,0.003600000,0.037700000,103,103,0
1134,0,1,1920,1080,640,360,ultra-performance,0.953100000,0.043800000,0.298900000,0.002600000,0.257100000,0.024100000,0.122300000,0.569400000,0.299400000,2.571900000,1.618800000,2.570700000,0.001200000,0.008100000,0.040300000,0.022100000,0.227500000,0.002500000,0.051600000,0.002300000,0.200700000,0.000000000,0.000000000,false,disabled,84,0,103,3,7,0.004700000,0.002800000,0.001300000,0.006800000,0.002500000,0.000700000,0.315900000,0.014500000,0.108400000,0.008900000,0.004700000,0.078100000,0.000100000,0.000000000,0.012000000,0.561400000,0.008000000,3,1,7,7,3,0.086300000,0.004000000,0.036300000,0.044900000,0.012400000,0.007900000,true,true,0.017800000,0.019500000,0.001300000,0.003600000,0.038200000,103,103,0
1135,1,1,1920,1080,640,360,ultra-performance,0.262000000,0.037100000,0.318500000,0.002800000,0.249900000,0.021900000,0.118100000,0.527300000,0.154000000,1.692800000,1.430800000,1.691600000,0.001200000,0.006800000,0.037600000,0.021300000,0.252100000,0.002600000,0.051700000,0.002100000,0.193700000,0.000000000,0.000000000,false,disabled,84,0,103,3,7,0.004600000,0.002700000,0.001200000,0.006800000,0.002300000,0.000500000,0.351800000,0.011000000,0.022000000,0.007100000,0.004000000,0.092200000,0.000000000,0.000000000,0.011600000,0.517800000,0.009500000,3,1,7,7,3,0.085600000,0.003700000,0.034800000,0.042400000,0.011400000,0.007500000,true,true,0.017500000,0.019700000,0.001400000,0.003900000,0.037400000,103,103,0
1136,2,1,1920,1080,640,360,ultra-performance,0.960200000,0.022600000,0.179400000,0.002600000,0.268400000,0.023800000,0.128400000,0.497300000,0.154400000,2.238700000,1.278500000,2.237100000,0.001600000,0.003800000,0.018300000,0.010200000,0.146700000,0.002500000,0.051700000,0.002200000,0.212100000,0.000000000,0.000000000,false,disabled,84,0,103,3,7,0.005900000,0.002900000,0.001200000,0.006900000,0.003100000,0.000600000,0.319900000,0.015800000,0.030900000,0.009300000,0.005700000,0.074800000,0.000100000,0.000000000,0.012000000,0.489100000,0.008200000,3,1,7,7,3,0.087500000,0.003900000,0.036800000,0.053800000,0.012300000,0.008200000,true,true,0.018200000,0.019300000,0.001300000,0.003700000,0.039000000,103,103,0
1137,0,1,1920,1080,640,360,ultra-performance,0.694100000,0.017300000,0.177900000,0.002400000,0.253900000,0.022900000,0.120000000,0.488600000,0.155100000,1.933800000,1.239700000,1.932200000,0.001600000,0.003200000,0.017700000,0.009700000,0.147000000,0.002300000,0.052000000,0.002100000,0.197200000,0.000000000,0.000000000,false,disabled,84,0,103,3,7,0.004900000,0.002600000,0.001200000,0.007100000,0.002500000,0.000700000,0.328600000,0.012900000,0.024100000,0.008000000,0.004100000,0.072900000,0.000000000,0.000000000,0.010900000,0.480500000,0.008100000,3,1,7,7,3,0.086600000,0.003900000,0.036100000,0.042600000,0.011900000,0.007600000,true,true,0.017900000,0.019100000,0.001600000,0.003600000,0.038800000,103,103,0
1138,1,1,1920,1080,640,360,ultra-performance,1.023800000,0.021900000,0.189900000,0.002300000,0.292100000,0.023300000,0.119300000,0.707100000,0.305000000,2.687500000,1.663700000,2.684700000,0.002800000,0.003800000,0.018400000,0.010200000,0.156800000,0.002100000,0.051500000,0.002200000,0.236000000,0.000000000,0.000000000,false,disabled,84,0,103,3,7,0.004900000,0.002800000,0.001200000,0.006900000,0.005500000,0.001500000,0.408400000,0.028000000,0.050600000,0.019000000,0.009900000,0.129300000,0.000100000,0.000000000,0.022200000,0.690300000,0.016800000,3,1,7,7,3,0.093000000,0.003800000,0.036500000,0.073500000,0.012300000,0.008100000,true,true,0.018000000,0.019600000,0.001500000,0.003500000,0.044100000,103,103,0
1139,2,1,1920,1080,640,360,ultra-performance,0.265200000,0.019200000,0.189100000,0.002500000,0.259800000,0.022700000,0.123500000,0.566700000,0.135400000,1.585600000,1.320400000,1.584100000,0.001500000,0.003500000,0.018300000,0.009900000,0.157000000,0.002400000,0.055500000,0.002200000,0.199500000,0.000000000,0.000000000,false,disabled,84,0,103,3,7,0.004700000,0.002800000,0.001200000,0.006700000,0.002900000,0.000400000,0.320000000,0.013100000,0.122000000,0.007500000,0.004000000,0.063800000,0.000100000,0.000000000,0.009500000,0.558700000,0.008000000,3,1,7,7,3,0.087600000,0.003800000,0.035800000,0.044400000,0.011400000,0.007600000,true,true,0.017700000,0.020600000,0.001400000,0.003500000,0.038500000,103,103,0
1140,0,1,1920,1080,640,360,ultra-performance,0.806400000,0.042700000,0.396800000,0.005600000,0.272600000,0.022100000,0.118200000,0.685400000,0.168800000,2.521400000,1.715000000,2.518600000,0.002800000,0.007800000,0.039400000,0.021800000,0.327000000,0.005200000,0.061500000,0.002400000,0.206200000,0.000000000,0.000000000,false,disabled,84,0,103,3,7,0.004600000,0.002800000,0.001200000,0.006600000,0.007200000,0.001200000,0.375600000,0.020300000,0.084500000,0.013600000,0.008400000,0.115500000,0.000000000,0.000000000,0.028000000,0.669500000,0.015900000,3,1,7,7,3,0.094400000,0.003900000,0.035000000,0.044400000,0.011600000,0.007700000,true,true,0.018000000,0.019400000,0.001300000,0.003600000,0.046300000,103,103,0
1141,1,1,1920,1080,640,360,ultra-performance,0.387700000,0.027600000,0.343400000,0.002300000,0.242500000,0.021300000,0.108000000,0.613300000,0.151100000,1.898500000,1.510800000,1.897200000,0.001300000,0.006200000,0.034800000,0.021200000,0.280700000,0.002200000,0.053200000,0.002000000,0.185200000,0.000000000,0.000000000,false,disabled,84,0,103,3,7,0.004500000,0.002300000,0.001100000,0.006700000,0.002400000,0.000300000,0.410900000,0.008500000,0.085200000,0.006200000,0.003800000,0.063300000,0.000100000,0.000000000,0.010400000,0.605700000,0.007600000,3,1,7,7,3,0.084600000,0.003400000,0.033700000,0.037900000,0.010900000,0.006500000,true,true,0.017500000,0.020500000,0.001400000,0.002600000,0.037100000,103,103,0
1142,2,1,1920,1080,640,360,ultra-performance,0.717900000,0.018000000,0.185800000,0.002500000,0.253400000,0.022400000,0.117200000,0.557000000,0.156800000,2.032100000,1.314200000,2.031000000,0.001100000,0.003300000,0.018000000,0.009400000,0.154400000,0.002200000,0.053100000,0.002000000,0.196200000,0.000000000,0.000000000,false,disabled,84,0,103,3,7,0.004700000,0.002800000,0.001100000,0.006500000,0.002600000,0.000600000,0.364200000,0.018800000,0.037800000,0.011500000,0.004700000,0.081500000,0.000100000,0.000000000,0.011700000,0.548600000,0.008400000,3,1,7,7,3,0.087900000,0.003600000,0.034800000,0.041500000,0.011500000,0.007700000,true,true,0.018300000,0.020800000,0.001200000,0.003400000,0.038500000,103,103,0
1143,0,1,1920,1080,640,360,ultra-performance,0.672600000,0.015600000,0.188300000,0.002400000,0.241600000,0.022900000,0.109100000,0.538500000,0.157500000,1.949700000,1.277100000,1.948500000,0.001200000,0.002800000,0.016500000,0.009600000,0.159000000,0.002200000,0.053000000,0.002200000,0.184100000,0.000000000,0.000000000,false,disabled,84,0,103,3,7,0.004600000,0.002300000,0.001000000,0.006300000,0.002200000,0.000300000,0.367300000,0.010200000,0.055600000,0.006700000,0.004600000,0.055800000,0.000000000,0.000000000,0.011600000,0.528500000,0.010000000,3,1,7,7,3,0.083700000,0.003400000,0.033500000,0.037900000,0.010800000,0.006800000,true,true,0.017800000,0.020100000,0.001300000,0.003000000,0.036100000,103,103,0
1144,1,1,1920,1080,640,360,ultra-performance,1.004300000,0.017400000,0.184800000,0.002500000,0.254000000,0.021400000,0.120200000,0.678600000,0.344600000,2.630600000,1.626300000,2.627800000,0.002800000,0.003100000,0.016800000,0.009700000,0.154700000,0.002300000,0.053100000,0.001900000,0.196800000,0.000000000,0.000000000,false,disabled,84,0,103,3,7,0.005500000,0.002500000,0.001000000,0.006300000,0.007200000,0.001300000,0.389500000,0.028200000,0.043700000,0.017800000,0.011800000,0.117600000,0.000100000,0.000000000,0.028500000,0.661000000,0.017600000,3,1,7,7,3,0.093000000,0.003700000,0.033900000,0.039400000,0.011100000,0.007400000,true,true,0.024400000,0.020400000,0.001400000,0.003300000,0.037800000,103,103,0
1145,2,1,1920,1080,640,360,ultra-performance,0.300700000,0.014900000,0.188500000,0.002400000,0.240600000,0.020500000,0.109200000,0.682900000,0.142700000,1.703800000,1.403100000,1.702400000,0.001400000,0.002800000,0.021900000,0.009300000,0.154200000,0.002300000,0.053000000,0.002100000,0.183200000,0.000000000,0.000000000,false,disabled,84,0,103,3,7,0.004600000,0.002300000,0.001100000,0.006100000,0.003600000,0.000700000,0.361800000,0.015800000,0.175000000,0.009900000,0.005700000,0.071400000,0.000100000,0.000000000,0.012800000,0.670900000,0.012000000,3,1,7,7,3,0.084100000,0.003400000,0.032700000,0.037900000,0.010700000,0.006200000,true,true,0.017400000,0.020100000,0.001400000,0.003000000,0.036600000,103,103,0
1146,0,1,1920,1080,640,360,ultra-performance,0.980200000,0.019900000,0.182000000,0.002300000,0.257400000,0.023300000,0.118400000,0.575100000,0.153600000,2.313600000,1.333400000,2.312200000,0.001400000,0.003400000,0.018300000,0.010100000,0.149700000,0.002100000,0.052500000,0.002300000,0.200600000,0.000000000,0.000000000,false,disabled,84,0,103,3,7,0.007300000,0.002700000,0.001200000,0.006600000,0.002400000,0.000400000,0.315800000,0.010500000,0.132800000,0.008400000,0.004100000,0.059700000,0.000000000,0.000000000,0.012400000,0.564300000,0.010800000,3,1,7,7,3,0.086900000,0.003800000,0.035900000,0.044700000,0.012200000,0.007700000,true,true,0.017700000,0.019400000,0.001400000,0.003400000,0.039300000,103,103,0
1147,1,1,1920,1080,640,360,ultra-performance,0.527200000,0.019700000,0.183600000,0.002500000,0.258600000,0.023400000,0.120600000,0.803700000,0.153000000,2.093500000,1.566300000,2.092300000,0.001200000,0.003700000,0.019000000,0.010500000,0.150000000,0.002200000,0.052100000,0.002200000,0.202100000,0.000000000,0.000000000,false,disabled,84,0,103,3,7,0.006500000,0.002800000,0.001200000,0.007100000,0.003400000,0.000600000,0.405600000,0.015500000,0.168800000,0.009700000,0.006100000,0.153200000,0.000100000,0.000000000,0.012100000,0.792700000,0.011000000,3,1,7,7,3,0.086700000,0.003900000,0.037400000,0.045300000,0.012100000,0.007700000,true,true,0.018100000,0.019300000,0.001400000,0.003600000,0.038200000,103,103,0
1148,2,1,1920,1080,640,360,ultra-performance,0.723400000,0.020500000,0.279200000,0.005600000,0.557200000,0.046400000,0.249100000,0.638700000,0.148200000,2.669600000,1.946200000,2.668300000,0.001300000,0.003300000,0.017500000,0.009600000,0.248100000,0.005000000,0.116800000,0.004600000,0.431000000,0.000000000,0.000000000,false,disabled,84,0,103,3,7,0.011900000,0.005500000,0.001900000,0.006600000,0.002300000,0.000300000,0.210200000,0.011400000,0.251200000,0.008300000,0.005000000,0.099700000,0.000000000,0.000000000,0.011700000,0.626000000,0.012700000,3,1,7,7,3,0.190800000,0.008400000,0.078000000,0.093000000,0.025800000,0.016200000,true,true,0.038600000,0.043400000,0.002200000,0.007500000,0.086000000,103,103,0
1149,0,1,1920,1080,640,360,ultra-performance,0.001700000,0.018100000,0.174200000,0.002300000,0.251200000,0.022700000,0.113800000,0.524200000,0.154700000,1.264300000,1.262600000,1.262900000,0.001400000,0.002900000,0.017100000,0.009300000,0.144400000,0.002200000,0.051000000,0.002200000,0.195800000,0.000000000,0.000000000,false,disabled,84,0,103,3,7,0.006200000,0.002500000,0.001200000,0.006700000,0.002500000,0.000500000,0.341300000,0.014200000,0.035100000,0.008600000,0.004900000,0.077700000,0.000000000,0.000000000,0.012300000,0.513700000,0.010500000,3,1,7,7,3,0.084400000,0.003700000,0.033900000,0.047600000,0.011300000,0.007000000,true,true,0.017200000,0.019000000,0.001600000,0.003300000,0.037800000,103,103,0
1150,1,1,1920,1080,640,360,ultra-performance,1.086900000,0.017800000,0.183700000,0.002300000,0.248100000,0.021700000,0.109500000,0.658400000,0.165600000,2.495300000,1.408400000,2.494000000,0.001300000,0.002800000,0.016800000,0.009900000,0.153800000,0.002100000,0.055800000,0.001900000,0.188500000,0.000000000,0.000000000,false,disabled,84,0,103,3,7,0.005800000,0.002200000,0.001000000,0.006700000,0.002200000,0.000300000,0.334600000,0.009000000,0.215100000,0.006500000,0.003500000,0.052100000,0.000000000,0.000000000,0.012000000,0.651000000,0.007400000,3,1,7,7,3,0.086400000,0.003400000,0.034200000,0.038100000,0.011000000,0.006400000,true,true,0.017700000,0.020800000,0.001500000,0.002800000,0.037900000,103,103,0
1151,2,1,1920,1080,640,360,ultra-performance,0.547500000,0.061500000,0.228500000,0.005600000,0.610600000,0.034800000,0.128400000,0.615300000,0.162900000,2.396600000,1.849100000,2.395100000,0.001500000,0.011000000,0.039700000,0.014600000,0.162100000,0.005300000,0.060400000,0.004900000,0.541300000,0.000000000,0.000000000,false,disabled,84,0,103,3,7,0.005300000,0.003400000,0.001200000,0.008100000,0.002700000,0.000700000,0.358800000,0.015000000,0.120600000,0.007800000,0.004500000,0.065700000,0.000100000,0.000000000,0.012500000,0.606400000,0.008900000,3,1,7,7,3,0.320000000,0.078000000,0.050400000,0.048200000,0.014600000,0.008800000,true,true,0.040800000,0.029400000,0.002300000,0.005400000,0.223300000,103,103,0
1152,0,1,1920,1080,640,360,ultra-performance,0.508700000,0.019400000,0.186800000,0.002900000,0.292700000,0.022500000,0.120800000,0.503900000,0.151000000,1.810300000,1.301600000,1.808700000,0.001600000,0.004100000,0.019100000,0.010400000,0.152600000,0.002800000,0.052000000,0.002600000,0.235600000,0.000000000,0.000000000,false,disabled,84,0,103,3,7,0.004800000,0.002800000,0.001300000,0.006900000,0.003200000,0.000600000,0.328200000,0.015800000,0.037100000,0.008600000,0.005600000,0.068400000,0.000100000,0.000000000,0.012100000,0.495500000,0.008400000,3,1,7,7,3,0.088900000,0.004000000,0.036000000,0.043200000,0.011900000,0.041600000,true,true,0.018100000,0.020200000,0.002200000,0.003900000,0.038600000,103,103,0
1153,1,1,1920,1080,640,360,ultra-performance,0.614500000,0.021100000,0.178600000,0.002800000,0.259600000,0.023700000,0.122600000,0.480800000,0.155800000,1.860700000,1.246200000,1.859500000,0.001200000,0.003800000,0.019300000,0.010500000,0.144500000,0.002500000,0.051900000,0.002400000,0.202700000,0.000000000,0.000000000,false,disabled,84,0,103,3,7,0.004500000,0.002800000,0.001200000,0.006900000,0.002300000,0.000500000,0.324100000,0.015300000,0.001400000,0.008100000,0.004700000,0.087700000,0.000000000,0.000000000,0.012100000,0.471600000,0.009200000,3,1,7,7,3,0.087200000,0.004000000,0.037100000,0.045200000,0.012300000,0.008000000,true,true,0.018200000,0.019500000,0.001500000,0.003500000,0.038400000,103,103,0
1154,2,1,1920,1080,640,360,ultra-performance,0.990300000,0.023000000,0.231700000,0.006200000,0.590500000,0.048300000,0.254500000,0.798300000,0.158500000,3.102700000,2.112400000,3.101300000,0.001400000,0.003300000,0.018200000,0.009900000,0.199500000,0.005700000,0.134600000,0.006600000,0.444700000,0.000000000,0.000000000,false,disabled,84,0,103,3,7,0.010000000,0.006000000,0.002700000,0.015700000,0.002500000,0.000400000,0.390400000,0.015100000,0.244800000,0.009000000,0.004600000,0.073700000,0.000100000,0.000000000,0.012200000,0.787200000,0.011100000,3,1,7,7,3,0.189600000,0.008400000,0.079300000,0.099600000,0.026100000,0.016600000,true,true,0.038200000,0.043200000,0.002300000,0.008100000,0.084600000,103,103,0
1155,0,1,1920,1080,640,360,ultra-performance,0.001800000,0.015800000,0.173900000,0.002700000,0.243700000,0.021900000,0.123200000,0.450700000,0.143000000,1.177800000,1.176000000,1.176700000,0.001100000,0.003100000,0.017100000,0.009900000,0.143400000,0.002600000,0.051500000,0.001900000,0.188000000,0.000000000,0.000000000,false,disabled,84,0,103,3,7,0.005200000,0.002500000,0.001100000,0.006500000,0.002200000,0.000300000,0.295700000,0.010000000,0.038300000,0.007200000,0.004000000,0.059500000,0.000000000,0.000000000,0.011200000,0.443700000,0.007000000,3,1,7,7,3,0.083800000,0.003700000,0.034200000,0.039600000,0.011200000,0.007200000,true,true,0.017100000,0.018900000,0.001200000,0.003400000,0.037700000,103,103,0
1156,1,1,1920,1080,640,360,ultra-performance,1.290500000,0.016500000,0.179200000,0.002800000,0.244400000,0.020700000,0.115300000,1.184000000,0.191400000,3.246200000,1.955700000,3.244800000,0.001400000,0.003100000,0.016900000,0.009400000,0.149300000,0.002600000,0.051600000,0.001900000,0.188800000,0.000000000,0.000000000,false,disabled,84,0,103,3,7,0.004700000,0.002600000,0.001100000,0.006600000,0.003300000,0.000700000,0.394000000,0.016100000,0.626200000,0.009200000,0.005400000,0.089600000,0.000100000,0.000000000,0.012700000,1.172300000,0.011700000,3,1,7,7,3,0.084700000,0.003600000,0.033900000,0.039600000,0.011200000,0.007100000,true,true,0.017800000,0.019100000,0.001500000,0.003200000,0.037200000,103,103,0
1157,2,1,1920,1080,640,360,ultra-performance,0.341900000,0.021800000,0.176500000,0.003000000,0.264500000,0.022300000,0.118700000,0.672800000,0.148000000,1.770800000,1.428900000,1.769500000,0.001300000,0.003500000,0.018000000,0.009800000,0.144800000,0.002700000,0.052100000,0.002400000,0.207800000,0.000000000,0.000000000,false,disabled,84,0,103,3,7,0.007200000,0.002900000,0.001200000,0.006800000,0.005000000,0.001400000,0.414400000,0.021500000,0.053200000,0.013100000,0.006300000,0.116000000,0.000000000,0.000000000,0.011400000,0.660400000,0.012400000,3,1,7,7,3,0.085700000,0.003800000,0.045500000,0.044600000,0.011400000,0.007800000,true,true,0.017500000,0.019200000,0.001400000,0.003700000,0.038200000,103,103,0
1158,0,1,1920,1080,640,360,ultra-performance,0.609600000,0.014300000,0.301000000,0.007400000,0.531300000,0.045900000,0.228700000,1.124100000,0.197900000,3.062200000,2.452600000,3.060200000,0.002000000,0.003000000,0.017400000,0.009900000,0.269900000,0.007000000,0.115700000,0.004100000,0.406900000,0.000000000,0.000000000,false,disabled,84,0,103,3,7,0.010400000,0.004500000,0.002400000,0.014200000,0.009000000,0.002300000,0.546200000,0.043100000,0.131200000,0.034400000,0.016700000,0.277600000,0.000000000,0.000000000,0.014300000,1.106300000,0.017800000,3,1,7,7,3,0.185900000,0.007500000,0.074600000,0.083400000,0.023400000,0.014200000,true,true,0.038700000,0.042600000,0.002400000,0.005900000,0.083900000,103,103,0
1159,1,1,1920,1080,640,360,ultra-performance,0.001800000,0.019200000,0.178400000,0.002600000,0.257600000,0.023800000,0.123200000,0.712900000,0.316900000,1.638900000,1.637100000,1.636400000,0.002500000,0.003000000,0.017700000,0.009600000,0.147600000,0.002500000,0.052100000,0.002000000,0.201200000,0.000000000,0.000000000,false,disabled,84,0,103,3,7,0.007000000,0.002700000,0.001200000,0.006700000,0.005800000,0.001100000,0.368300000,0.019700000,0.124400000,0.012600000,0.007100000,0.117500000,0.000000000,0.000000000,0.023600000,0.697700000,0.015200000,3,1,7,7,3,0.085700000,0.003800000,0.034900000,0.041600000,0.019300000,0.007400000,true,true,0.017300000,0.019500000,0.001400000,0.003500000,0.038300000,103,103,0
1160,2,1,1920,1080,640,360,ultra-performance,0.001800000,0.017400000,0.199400000,0.002900000,0.256200000,0.023500000,0.122000000,0.418400000,0.136500000,1.179400000,1.177600000,1.178100000,0.001300000,0.003200000,0.017700000,0.009900000,0.168200000,0.002800000,0.052100000,0.002100000,0.199600000,0.000000000,0.000000000,false,disabled,84,0,103,3,7,0.005900000,0.002700000,0.001200000,0.006900000,0.002000000,0.000300000,0.293700000,0.010400000,0.005700000,0.006100000,0.003700000,0.061100000,0.000100000,0.000000000,0.011100000,0.410900000,0.007500000,3,1,7,7,3,0.086700000,0.003900000,0.036800000,0.043000000,0.012400000,0.008000000,true,true,0.018100000,0.019600000,0.001300000,0.003200000,0.038500000,103,103,0
1161,0,1,1920,1080,640,360,ultra-performance,1.391600000,0.023400000,0.179000000,0.003000000,0.258300000,0.023600000,0.119800000,0.774300000,0.155800000,2.931500000,1.539900000,2.928800000,0.002700000,0.003800000,0.018600000,0.010100000,0.146000000,0.002700000,0.052300000,0.002200000,0.201300000,0.000000000,0.000000000,false,disabled,84,0,103,3,7,0.004800000,0.002700000,0.001300000,0.007000000,0.005500000,0.001400000,0.419900000,0.029000000,0.095300000,0.019600000,0.009500000,0.132000000,0.000100000,0.000000000,0.028000000,0.756100000,0.018200000,3,1,7,7,3,0.086700000,0.003900000,0.037200000,0.044800000,0.012200000,0.007700000,true,true,0.018400000,0.019200000,0.001500000,0.003500000,0.038300000,103,103,0
1162,1,1,1920,1080,640,360,ultra-performance,0.377700000,0.018900000,0.175300000,0.002300000,0.250300000,0.021600000,0.116600000,0.606500000,0.147900000,1.718500000,1.340800000,1.717100000,0.001400000,0.003200000,0.017700000,0.009800000,0.144300000,0.002200000,0.051700000,0.002200000,0.194200000,0.000000000,0.000000000,false,disabled,84,0,103,3,7,0.005700000,0.002600000,0.001200000,0.006500000,0.002300000,0.000400000,0.394000000,0.010900000,0.070700000,0.006800000,0.004200000,0.081800000,0.000100000,0.000000000,0.011500000,0.598700000,0.007800000,3,1,7,7,3,0.085600000,0.003700000,0.035400000,0.041900000,0.011400000,0.007300000,true,true,0.017400000,0.019100000,0.001400000,0.003500000,0.038500000,103,103,0
1163,2,1,1920,1080,640,360,ultra-performance,0.840900000,0.016900000,0.177200000,0.002700000,0.243300000,0.021000000,0.115400000,0.666800000,0.156800000,2.243400000,1.402500000,2.241000000,0.002400000,0.003000000,0.016900000,0.009400000,0.147400000,0.002600000,0.051400000,0.002200000,0.187400000,0.000000000,0.000000000,false,disabled,84,0,103,3,7,0.004800000,0.002600000,0.001200000,0.014100000,0.007300000,0.001200000,0.379400000,0.023800000,0.057800000,0.014300000,0.010100000,0.106700000,0.000100000,0.000000000,0.025300000,0.648700000,0.018100000,3,1,7,7,3,0.084100000,0.003500000,0.034000000,0.039500000,0.010800000,0.006900000,true,true,0.017400000,0.019600000,0.001400000,0.003200000,0.036900000,103,103,0
1164,0,1,1920,1080,640,360,ultra-performance,0.539000000,0.028900000,0.267800000,0.002800000,0.244600000,0.021200000,0.110500000,0.752900000,0.154500000,2.123500000,1.584500000,2.122200000,0.001300000,0.005900000,0.036500000,0.021400000,0.203400000,0.002700000,0.053500000,0.001900000,0.187000000,0.000000000,0.000000000,false,disabled,84,0,103,3,7,0.007300000,0.002200000,0.001000000,0.006400000,0.003200000,0.000800000,0.447900000,0.015600000,0.099800000,0.008400000,0.005300000,0.133600000,0.000000000,0.000000000,0.011400000,0.742900000,0.010000000,3,1,7,7,3,0.085500000,0.003300000,0.033400000,0.038000000,0.011500000,0.006600000,true,true,0.017700000,0.019800000,0.001500000,0.002800000,0.038100000,103,103,0
1165,1,1,1920,1080,640,360,ultra-performance,0.626800000,0.024800000,0.182300000,0.002600000,0.273900000,0.024000000,0.120800000,0.528900000,0.155900000,1.941200000,1.314400000,1.940000000,0.001200000,0.004300000,0.019400000,0.010700000,0.147400000,0.002400000,0.058700000,0.002300000,0.210600000,0.000000000,0.000000000,false,disabled,84,0,103,3,7,0.006700000,0.002800000,0.001100000,0.006600000,0.002800000,0.000600000,0.329600000,0.015400000,0.042300000,0.009000000,0.004800000,0.086800000,0.000000000,0.000000000,0.010400000,0.518900000,0.010000000,3,1,7,7,3,0.094500000,0.003900000,0.037000000,0.046100000,0.011700000,0.007500000,true,true,0.018000000,0.020500000,0.001700000,0.003700000,0.044700000,103,103,0
1166,2,1,1920,1080,640,360,ultra-performance,0.626400000,0.019500000,0.194900000,0.002800000,0.253100000,0.024100000,0.113300000,0.599100000,0.162500000,1.997200000,1.370800000,1.995700000,0.001500000,0.003000000,0.017400000,0.009600000,0.164500000,0.002600000,0.060300000,0.001900000,0.188900000,0.000000000,0.000000000,false,disabled,84,0,103,3,7,0.006600000,0.002400000,0.001000000,0.006400000,0.002700000,0.000500000,0.431600000,0.012500000,0.039000000,0.007100000,0.004500000,0.062100000,0.000000000,0.000000000,0.012600000,0.589000000,0.010100000,3,1,7,7,3,0.085400000,0.003500000,0.034200000,0.039300000,0.011300000,0.006700000,true,true,0.017400000,0.020300000,0.001400000,0.002800000,0.037900000,103,103,0
1167,0,1,1920,1080,640,360,ultra-performance,0.756600000,0.020900000,0.190900000,0.003300000,0.261400000,0.024600000,0.121700000,0.642500000,0.167100000,2.190800000,1.434200000,2.189000000,0.001800000,0.003600000,0.018800000,0.009900000,0.158100000,0.003000000,0.056300000,0.002500000,0.200100000,0.000000000,0.000000000,false,disabled,84,0,103,3,7,0.007100000,0.002600000,0.001200000,0.006700000,0.002500000,0.000600000,0.370500000,0.014900000,0.134400000,0.008000000,0.004000000,0.068900000,0.000000000,0.000000000,0.010400000,0.631800000,0.010700000,3,1,7,7,3,0.090000000,0.003700000,0.036000000,0.042100000,0.011800000,0.008000000,true,true,0.018700000,0.021000000,0.001800000,0.004200000,0.038700000,103,103,0
1168,1,1,1920,1080,640,360,ultra-performance,0.593300000,0.019200000,0.194700000,0.002800000,0.245700000,0.022400000,0.111400000,0.606000000,0.216700000,2.013500000,1.420200000,2.012200000,0.001300000,0.003300000,0.018400000,0.009900000,0.162800000,0.002600000,0.053600000,0.001800000,0.188000000,0.000000000,0.000000000,false,disabled,84,0,103,3,7,0.004800000,0.002400000,0.001300000,0.006400000,0.002400000,0.000500000,0.380200000,0.010100000,0.097600000,0.006400000,0.003800000,0.066500000,0.000100000,0.000000000,0.012600000,0.595100000,0.010900000,3,1,7,7,3,0.085600000,0.003600000,0.033400000,0.039000000,0.010900000,0.006700000,true,true,0.017700000,0.020200000,0.001400000,0.003500000,0.037200000,103,103,0
1169,2,1,1920,1080,640,360,ultra-performance,0.729800000,0.021600000,0.187200000,0.002800000,0.258500000,0.024000000,0.119500000,0.573100000,0.183000000,2.101000000,1.371200000,2.099500000,0.001500000,0.003700000,0.018500000,0.009600000,0.154900000,0.002600000,0.054200000,0.002000000,0.199900000,0.000000000,0.000000000,false,disabled,84,0,103,3,7,0.007800000,0.002700000,0.001200000,0.006400000,0.002600000,0.000700000,0.374800000,0.017400000,0.052000000,0.008600000,0.004800000,0.072600000,0.000000000,0.000000000,0.010200000,0.561800000,0.011300000,3,1,7,7,3,0.091400000,0.003500000,0.035600000,0.041400000,0.011700000,0.007300000,true,true,0.018200000,0.024800000,0.001700000,0.003500000,0.037700000,103,103,0
1170,0,1,1920,1080,640,360,ultra-performance,0.593100000,0.018800000,0.191200000,0.002600000,0.246800000,0.023500000,0.112600000,0.548700000,0.156000000,1.894900000,1.301800000,1.893300000,0.001600000,0.003000000,0.018200000,0.010200000,0.159400000,0.002400000,0.053500000,0.002000000,0.189400000,0.000000000,0.000000000,false,disabled,84,0,103,3,7,0.006800000,0.002600000,0.001000000,0.006400000,0.002400000,0.000400000,0.357100000,0.010300000,0.073900000,0.005600000,0.003400000,0.059500000,0.000100000,0.000000000,0.011500000,0.541000000,0.007700000,3,1,7,7,3,0.085900000,0.003700000,0.034000000,0.039100000,0.011600000,0.006500000,true,true,0.017800000,0.020200000,0.001500000,0.003200000,0.037700000,103,103,0
1171,1,1,1920,1080,640,360,ultra-performance,0.996200000,0.021000000,0.188800000,0.002900000,0.261600000,0.024800000,0.119000000,0.471300000,0.157600000,2.244900000,1.248700000,2.243200000,0.001700000,0.003600000,0.019500000,0.009900000,0.155300000,0.002600000,0.053600000,0.002400000,0.203300000,0.000000000,0.000000000,false,disabled,84,0,103,3,7,0.005300000,0.002900000,0.001200000,0.006500000,0.002500000,0.000500000,0.305300000,0.013000000,0.040500000,0.008300000,0.004300000,0.059600000,0.000000000,0.000000000,0.011900000,0.461800000,0.009500000,3,1,7,7,3,0.087800000,0.003900000,0.035500000,0.041600000,0.011500000,0.014200000,true,true,0.018200000,0.020400000,0.001500000,0.003700000,0.038400000,103,103,0
1172,2,1,1920,1080,640,360,ultra-performance,0.711200000,0.023400000,0.188900000,0.002800000,0.263700000,0.023400000,0.120600000,0.838800000,0.163300000,2.337300000,1.626100000,2.336100000,0.001200000,0.003700000,0.019100000,0.009600000,0.156000000,0.002500000,0.053500000,0.002400000,0.205400000,0.000000000,0.000000000,false,disabled,84,0,103,3,7,0.007800000,0.003100000,0.001300000,0.006600000,0.002500000,0.000500000,0.428000000,0.014700000,0.219600000,0.007700000,0.004300000,0.120400000,0.000100000,0.000000000,0.011900000,0.828500000,0.010300000,3,1,7,7,3,0.095900000,0.003500000,0.036200000,0.041700000,0.011600000,0.007200000,true,true,0.018200000,0.027200000,0.001500000,0.003700000,0.039200000,103,103,0
1173,0,1,1920,1080,640,360,ultra-performance,0.834300000,0.022400000,0.188500000,0.003300000,0.259500000,0.025800000,0.122500000,0.734900000,0.154500000,2.347100000,1.512800000,2.345700000,0.001400000,0.004200000,0.019800000,0.009700000,0.154100000,0.002900000,0.053300000,0.002700000,0.200900000,0.000000000,0.000000000,false,disabled,84,0,103,3,7,0.006800000,0.003000000,0.001200000,0.006500000,0.002600000,0.000400000,0.379700000,0.019100000,0.195100000,0.011600000,0.004800000,0.081600000,0.000100000,0.000000000,0.011900000,0.724400000,0.010500000,3,1,7,7,3,0.088500000,0.003800000,0.035900000,0.044700000,0.011600000,0.007400000,true,true,0.019000000,0.020000000,0.001700000,0.003600000,0.038700000,103,103,0
1174,1,1,1920,1080,640,360,ultra-performance,0.477800000,0.023400000,0.181800000,0.003600000,0.275200000,0.026500000,0.134400000,0.674800000,0.169500000,1.968800000,1.491000000,1.967000000,0.001800000,0.004200000,0.020600000,0.010400000,0.146200000,0.003300000,0.051400000,0.002700000,0.218400000,0.000000000,0.000000000,false,disabled,84,0,103,3,7,0.006800000,0.003500000,0.001300000,0.007300000,0.002700000,0.001300000,0.356900000,0.016700000,0.168400000,0.007000000,0.003700000,0.067300000,0.000100000,0.000000000,0.016600000,0.659600000,0.015200000,3,1,7,7,3,0.089900000,0.004300000,0.038500000,0.049600000,0.013100000,0.008100000,true,true,0.019200000,0.019800000,0.001500000,0.003300000,0.039900000,103,103,0
1175,2,1,1920,1080,640,360,ultra-performance,1.024500000,0.027600000,0.190900000,0.002800000,0.267600000,0.026000000,0.128500000,0.665500000,0.172300000,2.507500000,1.483000000,2.505700000,0.001800000,0.004200000,0.020600000,0.010200000,0.155200000,0.002600000,0.053800000,0.002700000,0.208400000,0.000000000,0.000000000,false,disabled,84,0,103,3,7,0.009100000,0.003100000,0.001200000,0.006600000,0.002600000,0.000300000,0.392100000,0.015700000,0.122000000,0.008600000,0.004500000,0.070000000,0.000100000,0.000000000,0.011700000,0.647600000,0.017900000,3,1,7,7,3,0.090800000,0.003900000,0.037600000,0.046200000,0.012500000,0.008200000,true,true,0.019500000,0.020600000,0.001500000,0.004000000,0.039400000,103,103,0
1176,0,1,1920,1080,640,360,ultra-performance,0.780800000,0.025800000,0.189500000,0.002900000,0.262600000,0.026100000,0.125100000,0.652200000,0.167500000,2.233600000,1.452800000,2.232500000,0.001100000,0.004000000,0.020000000,0.010200000,0.154900000,0.002600000,0.053600000,0.002600000,0.204000000,0.000000000,0.000000000,false,disabled,84,0,103,3,7,0.007600000,0.003200000,0.001000000,0.006800000,0.002500000,0.000600000,0.330500000,0.017800000,0.171300000,0.008900000,0.004500000,0.077100000,0.000000000,0.000000000,0.010700000,0.642500000,0.009700000,3,1,7,7,3,0.089300000,0.003700000,0.037000000,0.044100000,0.012300000,0.007700000,true,true,0.019000000,0.020600000,0.001600000,0.003400000,0.039200000,103,103,0
1177,1,1,1920,1080,640,360,ultra-performance,0.605300000,0.020700000,0.193700000,0.002700000,0.249500000,0.024500000,0.114000000,0.582800000,0.158500000,1.953100000,1.347800000,1.951700000,0.001400000,0.003400000,0.018600000,0.009900000,0.161200000,0.002300000,0.053600000,0.002400000,0.191000000,0.000000000,0.000000000,false,disabled,84,0,103,3,7,0.005200000,0.002800000,0.001200000,0.006600000,0.002600000,0.000500000,0.344000000,0.012500000,0.111600000,0.007200000,0.003900000,0.061200000,0.000000000,0.000000000,0.012000000,0.571300000,0.011500000,3,1,7,7,3,0.085900000,0.003500000,0.035100000,0.040800000,0.011100000,0.006600000,true,true,0.018400000,0.020300000,0.001400000,0.003000000,0.037300000,103,103,0
1178,2,1,1920,1080,640,360,ultra-performance,0.121300000,0.050200000,0.292000000,0.003200000,0.282100000,0.026000000,0.123100000,0.545100000,0.149500000,1.594500000,1.473200000,1.592500000,0.002000000,0.008200000,0.042100000,0.022900000,0.218000000,0.002500000,0.055000000,0.002300000,0.222400000,0.000000000,0.000000000,false,disabled,84,0,103,3,7,0.007900000,0.003300000,0.001100000,0.007300000,0.002400000,0.000400000,0.245500000,0.018100000,0.119500000,0.007800000,0.003600000,0.108000000,0.000000000,0.000000000,0.012000000,0.536900000,0.008200000,3,1,7,7,3,0.103800000,0.003900000,0.036000000,0.043600000,0.011900000,0.007500000,true,true,0.019100000,0.027800000,0.001500000,0.003900000,0.039700000,103,103,0
1179,0,1,1920,1080,640,360,ultra-performance,1.447300000,0.043600000,0.434200000,0.006200000,0.308300000,0.025600000,0.124200000,0.773300000,0.176100000,3.340800000,1.893500000,3.338800000,0.002000000,0.007600000,0.039900000,0.022200000,0.363400000,0.005700000,0.102600000,0.002400000,0.200500000,0.000000000,0.000000000,false,disabled,84,0,103,3,7,0.005400000,0.003200000,0.001100000,0.006600000,0.002700000,0.001000000,0.460200000,0.020200000,0.160200000,0.009300000,0.005000000,0.077100000,0.000000000,0.000000000,0.011100000,0.763100000,0.010200000,3,1,7,7,3,0.089900000,0.003700000,0.035200000,0.043300000,0.011800000,0.007100000,true,true,0.020600000,0.020300000,0.001700000,0.003500000,0.038200000,103,103,0
1180,1,1,1920,1080,640,360,ultra-performance,0.002000000,0.025500000,0.197300000,0.003600000,0.274800000,0.028900000,0.130500000,0.509800000,0.158200000,1.331800000,1.329800000,1.330600000,0.001200000,0.003500000,0.018700000,0.010100000,0.164600000,0.003000000,0.052500000,0.002600000,0.216900000,0.000000000,0.000000000,false,disabled,84,0,103,3,7,0.006900000,0.003300000,0.001200000,0.007200000,0.002400000,0.000300000,0.314600000,0.017000000,0.059600000,0.007300000,0.004100000,0.067200000,0.000000000,0.000000000,0.011200000,0.502300000,0.007500000,3,1,7,7,3,0.095800000,0.004100000,0.038400000,0.047300000,0.013100000,0.008500000,true,true,0.019200000,0.023900000,0.002000000,0.003900000,0.040700000,103,103,0
1181,2,1,1920,1080,640,360,ultra-performance,1.023700000,0.024500000,0.187100000,0.003000000,0.271500000,0.027300000,0.124900000,0.614600000,0.151900000,2.429900000,1.406200000,2.428500000,0.001400000,0.003200000,0.018300000,0.009800000,0.155300000,0.002700000,0.054600000,0.002200000,0.212000000,0.000000000,0.000000000,false,disabled,84,0,103,3,7,0.005500000,0.002900000,0.001300000,0.007400000,0.002400000,0.000300000,0.386200000,0.016900000,0.094700000,0.007900000,0.004600000,0.062800000,0.000000000,0.000000000,0.010700000,0.603600000,0.011000000,3,1,7,7,3,0.089600000,0.004200000,0.037100000,0.051600000,0.012900000,0.007700000,true,true,0.018300000,0.020600000,0.001400000,0.003800000,0.039900000,103,103,0
1182,0,1,1920,1080,640,360,ultra-performance,1.087700000,0.051200000,0.433000000,0.005300000,0.268600000,0.026200000,0.128400000,0.669000000,0.165400000,2.836300000,1.748600000,2.834800000,0.001500000,0.008000000,0.042400000,0.022100000,0.359100000,0.004800000,0.054600000,0.002500000,0.208900000,0.000000000,0.000000000,false,disabled,84,0,103,3,7,0.007200000,0.003400000,0.001100000,0.006900000,0.002500000,0.000600000,0.342400000,0.015700000,0.161700000,0.009000000,0.004700000,0.090300000,0.000100000,0.000000000,0.012400000,0.658000000,0.011000000,3,1,7,7,3,0.089800000,0.004000000,0.037000000,0.047800000,0.012400000,0.008200000,true,true,0.019500000,0.019900000,0.001700000,0.003800000,0.039200000,103,103,0
1183,1,1,1920,1080,640,360,ultra-performance,0.001800000,0.021200000,0.187300000,0.002600000,0.257800000,0.024200000,0.130000000,0.899000000,0.349600000,1.875300000,1.873500000,1.873500000,0.001800000,0.003000000,0.017900000,0.009700000,0.156300000,0.002300000,0.053100000,0.002200000,0.199700000,0.000000000,0.000000000,false,disabled,84,0,103,3,7,0.006800000,0.003100000,0.001100000,0.006800000,0.002700000,0.000400000,0.408800000,0.015700000,0.332100000,0.009500000,0.006300000,0.079800000,0.000000000,0.000000000,0.012900000,0.886000000,0.013000000,3,1,7,7,3,0.091700000,0.003800000,0.035200000,0.041400000,0.011700000,0.007300000,true,true,0.017800000,0.024500000,0.001800000,0.003100000,0.038900000,103,103,0
1184,2,1,1920,1080,640,360,ultra-performance,0.776000000,0.023800000,0.189800000,0.003100000,0.261400000,0.025600000,0.120600000,0.678700000,0.161800000,2.242500000,1.466500000,2.240800000,0.001700000,0.003800000,0.019500000,0.010300000,0.155600000,0.002900000,0.053200000,0.002500000,0.203100000,0.000000000,0.000000000,false,disabled,84,0,103,3,7,0.008400000,0.002900000,0.001100000,0.006300000,0.002800000,0.000600000,0.419100000,0.020800000,0.055300000,0.018100000,0.008000000,0.110800000,0.000100000,0.000000000,0.011300000,0.665600000,0.013100000,3,1,7,7,3,0.090200000,0.003700000,0.037300000,0.042900000,0.011400000,0.007800000,true,true,0.019000000,0.020700000,0.001800000,0.003300000,0.039600000,103,103,0
1185,0,1,1920,1080,640,360,ultra-performance,0.527700000,0.036100000,0.182100000,0.002800000,0.266000000,0.027900000,0.127000000,0.619500000,0.166500000,1.957000000,1.429300000,1.955600000,0.001400000,0.004100000,0.020900000,0.010100000,0.146300000,0.002500000,0.052500000,0.002900000,0.208100000,0.000000000,0.000000000,false,disabled,84,0,103,3,7,0.007400000,0.003300000,0.001200000,0.006600000,0.002800000,0.000400000,0.386300000,0.016800000,0.006400000,0.007500000,0.003900000,0.155600000,0.000100000,0.000000000,0.011900000,0.610200000,0.009300000,3,1,7,7,3,0.088800000,0.003900000,0.037900000,0.048000000,0.012200000,0.008100000,true,true,0.018700000,0.019500000,0.002200000,0.003900000,0.038900000,103,103,0
1186,1,1,1920,1080,640,360,ultra-performance,0.762700000,0.040900000,0.391800000,0.005900000,0.441900000,0.026200000,0.121500000,0.547000000,0.186300000,2.525700000,1.763000000,2.524200000,0.001500000,0.006800000,0.038000000,0.021200000,0.324900000,0.005500000,0.128900000,0.004600000,0.305700000,0.000000000,0.000000000,false,disabled,84,0,103,3,7,0.006500000,0.002700000,0.001100000,0.006800000,0.002500000,0.000800000,0.364100000,0.020300000,0.042200000,0.009800000,0.004900000,0.063000000,0.000100000,0.000000000,0.012000000,0.536800000,0.010200000,3,1,7,7,3,0.187400000,0.003700000,0.035500000,0.042400000,0.011900000,0.007400000,true,true,0.039100000,0.044000000,0.002600000,0.007200000,0.085400000,103,103,0
1187,2,1,1920,1080,640,360,ultra-performance,0.001700000,0.025700000,0.179300000,0.002700000,0.267500000,0.026900000,0.128300000,0.558100000,0.218100000,1.410100000,1.408400000,1.408300000,0.001800000,0.003300000,0.018600000,0.009900000,0.146900000,0.002400000,0.052100000,0.002500000,0.210500000,0.000000000,0.000000000,false,disabled,84,0,103,3,7,0.006000000,0.003000000,0.001300000,0.007000000,0.003500000,0.000600000,0.329300000,0.021800000,0.062300000,0.009500000,0.006100000,0.086200000,0.000100000,0.000000000,0.012600000,0.549300000,0.008800000,3,1,7,7,3,0.088800000,0.003800000,0.036700000,0.051900000,0.012300000,0.008300000,true,true,0.017700000,0.019300000,0.001600000,0.004000000,0.040400000,103,103,0
1188,0,1,1920,1080,640,360,ultra-performance,1.113800000,0.026500000,0.180100000,0.002600000,0.277200000,0.032400000,0.151600000,0.635800000,0.156400000,2.578200000,1.464400000,2.576400000,0.001800000,0.003600000,0.019700000,0.010000000,0.145900000,0.002300000,0.058700000,0.002600000,0.213400000,0.000000000,0.000000000,false,disabled,84,0,103,3,7,0.006400000,0.004000000,0.001600000,0.006900000,0.002700000,0.000400000,0.355300000,0.016700000,0.147200000,0.007600000,0.004700000,0.059100000,0.000100000,0.000000000,0.012000000,0.624700000,0.011100000,3,1,7,7,3,0.090100000,0.003800000,0.036800000,0.050800000,0.013000000,0.009200000,true,true,0.019000000,0.019500000,0.002100000,0.004000000,0.039900000,103,103,0
1189,1,1,1920,1080,640,360,ultra-performance,0.394700000,0.021800000,0.186600000,0.002500000,0.261500000,0.026800000,0.131000000,0.627700000,0.156800000,1.810800000,1.416100000,1.809400000,0.001400000,0.003200000,0.018200000,0.009600000,0.155000000,0.002200000,0.054700000,0.002300000,0.202300000,0.000000000,0.000000000,false,disabled,84,0,103,3,7,0.005900000,0.002800000,0.001200000,0.006900000,0.002500000,0.000600000,0.317800000,0.019600000,0.169100000,0.009500000,0.004500000,0.066100000,0.000000000,0.000000000,0.011900000,0.618400000,0.009300000,3,1,7,7,3,0.087600000,0.008500000,0.035900000,0.042900000,0.011800000,0.007200000,true,true,0.017900000,0.020500000,0.001500000,0.003300000,0.038600000,103,103,0
1190,2,1,1920,1080,640,360,ultra-performance,1.013300000,0.024000000,0.344500000,0.006400000,0.560700000,0.052300000,0.259800000,0.816600000,0.169100000,3.248200000,2.234900000,3.246700000,0.001500000,0.003200000,0.017800000,0.009900000,0.312500000,0.005900000,0.115000000,0.004900000,0.435700000,0.000000000,0.000000000,false,disabled,84,0,103,3,7,0.010200000,0.006000000,0.002700000,0.015000000,0.002900000,0.000800000,0.366300000,0.022900000,0.268200000,0.010100000,0.005600000,0.081500000,0.000100000,0.000000000,0.011800000,0.804100000,0.012500000,3,1,7,7,3,0.190900000,0.008500000,0.078100000,0.096000000,0.026000000,0.016800000,true,true,0.039300000,0.042800000,0.002100000,0.008600000,0.085200000,103,103,0
1191,0,1,1920,1080,640,360,ultra-performance,0.001700000,0.022600000,0.189200000,0.003200000,0.268100000,0.027000000,0.126900000,0.531900000,0.172100000,1.344400000,1.342700000,1.342700000,0.001700000,0.003500000,0.018200000,0.010400000,0.156400000,0.002800000,0.058400000,0.002400000,0.204500000,0.000000000,0.000000000,false,disabled,84,0,103,3,7,0.007200000,0.003000000,0.001300000,0.007000000,0.002500000,0.000700000,0.337200000,0.019500000,0.043800000,0.008500000,0.004700000,0.076700000,0.000000000,0.000000000,0.011700000,0.523800000,0.008100000,3,1,7,7,3,0.089000000,0.004100000,0.037400000,0.044500000,0.012600000,0.008300000,true,true,0.018400000,0.019600000,0.001500000,0.003800000,0.040000000,103,103,0
1192,1,1,1920,1080,640,360,ultra-performance,0.692700000,0.020100000,0.189900000,0.002700000,0.248600000,0.024900000,0.115800000,0.569600000,0.157500000,2.023000000,1.330300000,2.021800000,0.001200000,0.003000000,0.017100000,0.009700000,0.159400000,0.002400000,0.051200000,0.002200000,0.192500000,0.000000000,0.000000000,false,disabled,84,0,103,3,7,0.004800000,0.002500000,0.001200000,0.007300000,0.002500000,0.000600000,0.336500000,0.016500000,0.078900000,0.010300000,0.004000000,0.081700000,0.000100000,0.000000000,0.011100000,0.558000000,0.011600000,3,1,7,7,3,0.086600000,0.003700000,0.034500000,0.040600000,0.011200000,0.007200000,true,true,0.017800000,0.019300000,0.001400000,0.003400000,0.038900000,103,103,0
1193,2,1,1920,1080,640,360,ultra-performance,0.598500000,0.028700000,0.182800000,0.002600000,0.268400000,0.025700000,0.122600000,0.522100000,0.154900000,1.907600000,1.309100000,1.906300000,0.001300000,0.003800000,0.021500000,0.010100000,0.146600000,0.002400000,0.051400000,0.002400000,0.212100000,0.000000000,0.000000000,false,disabled,84,0,103,3,7,0.006100000,0.002800000,0.001300000,0.006400000,0.003000000,0.000600000,0.335200000,0.019300000,0.030000000,0.009700000,0.005200000,0.081400000,0.000000000,0.000000000,0.011100000,0.512100000,0.010000000,3,1,7,7,3,0.088500000,0.003900000,0.036200000,0.045800000,0.011800000,0.016700000,true,true,0.018400000,0.019100000,0.001400000,0.004200000,0.039500000,103,103,0
1194,0,1,1920,1080,640,360,ultra-performance,0.939600000,0.019300000,0.176400000,0.002900000,0.245500000,0.025700000,0.115300000,0.501900000,0.157200000,2.185200000,1.245600000,2.183800000,0.001400000,0.002900000,0.016800000,0.009800000,0.146400000,0.002500000,0.051000000,0.002200000,0.190000000,0.000000000,0.000000000,false,disabled,84,0,103,3,7,0.006200000,0.002400000,0.001200000,0.006300000,0.002300000,0.000300000,0.354000000,0.012400000,0.031800000,0.006100000,0.003700000,0.056700000,0.000100000,0.000000000,0.011300000,0.494800000,0.007100000,3,1,7,7,3,0.085000000,0.003500000,0.035300000,0.039300000,0.011200000,0.007000000,true,true,0.017600000,0.018900000,0.001500000,0.003200000,0.038200000,103,103,0
1195,1,1,1920,1080,640,360,ultra-performance,0.633900000,0.028200000,0.177600000,0.002700000,0.270100000,0.026000000,0.123900000,0.499300000,0.159200000,1.922300000,1.288400000,1.920900000,0.001400000,0.004000000,0.018800000,0.009900000,0.144200000,0.002400000,0.051600000,0.002600000,0.213400000,0.000000000,0.000000000,false,disabled,84,0,103,3,7,0.004700000,0.003200000,0.001300000,0.006800000,0.002400000,0.000500000,0.361600000,0.014100000,0.001400000,0.007300000,0.004800000,0.068000000,0.000100000,0.000000000,0.011000000,0.487200000,0.012100000,3,1,7,7,3,0.088800000,0.003900000,0.036500000,0.055000000,0.012400000,0.007900000,true,true,0.018400000,0.019400000,0.001700000,0.003800000,0.039500000,103,103,0
1196,2,1,1920,1080,640,360,ultra-performance,0.979800000,0.026900000,0.179400000,0.002700000,0.259100000,0.025600000,0.122600000,0.618300000,0.160300000,2.376300000,1.396500000,2.374700000,0.001600000,0.003600000,0.018700000,0.009700000,0.146600000,0.002500000,0.051700000,0.002500000,0.202400000,0.000000000,0.000000000,false,disabled,84,0,103,3,7,0.006300000,0.003300000,0.001100000,0.006400000,0.002200000,0.000500000,0.359900000,0.015200000,0.108800000,0.008500000,0.004000000,0.079800000,0.000000000,0.000000000,0.011500000,0.607500000,0.010800000,3,1,7,7,3,0.087500000,0.003800000,0.036300000,0.045700000,0.011700000,0.008000000,true,true,0.018200000,0.019200000,0.001700000,0.003700000,0.038900000,103,103,0
1197,0,1,1920,1080,640,360,ultra-performance,0.676300000,0.023000000,0.194300000,0.002500000,0.251800000,0.025900000,0.122500000,0.713200000,0.183100000,2.194200000,1.517900000,2.192600000,0.001600000,0.003300000,0.017800000,0.010300000,0.162300000,0.002300000,0.051100000,0.002500000,0.195400000,0.000000000,0.000000000,false,disabled,84,0,103,3,7,0.005800000,0.002700000,0.001200000,0.006700000,0.005700000,0.001300000,0.447800000,0.029800000,0.042500000,0.018500000,0.008400000,0.119000000,0.000100000,0.000000000,0.012100000,0.701600000,0.011600000,3,1,7,7,3,0.086600000,0.003800000,0.035400000,0.041500000,0.011300000,0.007700000,true,true,0.018400000,0.019500000,0.001700000,0.003400000,0.038200000,103,103,0
1198,1,1,1920,1080,640,360,ultra-performance,0.624500000,0.024000000,0.429700000,0.005900000,0.535700000,0.047600000,0.218000000,0.877100000,0.171400000,2.935800000,2.311300000,2.933900000,0.001900000,0.005000000,0.033400000,0.021800000,0.368700000,0.005500000,0.118500000,0.004200000,0.408400000,0.000000000,0.000000000,false,disabled,84,0,103,3,7,0.005700000,0.002700000,0.001000000,0.007200000,0.006600000,0.001700000,0.473400000,0.027700000,0.116300000,0.016100000,0.007500000,0.188000000,0.000100000,0.000000000,0.012300000,0.866300000,0.010800000,3,1,7,7,3,0.188900000,0.007600000,0.073700000,0.082000000,0.024200000,0.013800000,true,true,0.040900000,0.043800000,0.002000000,0.005900000,0.083800000,103,103,0
1199,2,1,1920,1080,640,360,ultra-performance,0.001800000,0.023200000,0.178100000,0.003000000,0.263000000,0.026700000,0.128300000,0.906800000,0.233500000,1.767100000,1.765300000,1.764400000,0.002700000,0.003200000,0.017800000,0.010100000,0.146700000,0.002800000,0.052000000,0.002400000,0.206000000,0.000000000,0.000000000,false,disabled,84,0,103,3,7,0.004900000,0.003000000,0.001300000,0.007000000,0.005200000,0.001100000,0.477000000,0.022000000,0.118000000,0.013700000,0.006400000,0.199000000,0.000100000,0.000000000,0.027100000,0.885800000,0.021000000,3,1,7,7,3,0.088100000,0.004200000,0.038600000,0.044800000,0.012900000,0.008500000,true,true,0.018100000,0.019400000,0.001600000,0.003600000,0.039100000,103,103,0
1200,0,1,1920,1080,640,360,ultra-performance,0.402500000,0.026000000,0.177500000,0.002400000,0.258000000,0.025800000,0.124800000,0.848700000,0.228400000,2.096800000,1.694300000,2.094100000,0.002700000,0.003700000,0.018800000,0.010300000,0.143900000,0.002200000,0.051100000,0.002400000,0.202000000,0.000000000,0.000000000,false,disabled,84,0,103,3,7,0.024400000,0.002900000,0.001200000,0.006500000,0.003400000,0.000600000,0.442900000,0.020700000,0.153800000,0.015000000,0.012100000,0.116500000,0.000000000,0.000000000,0.028500000,0.828500000,0.020200000,3,1,7,7,3,0.086800000,0.003700000,0.036800000,0.045300000,0.012200000,0.007900000,true,true,0.018100000,0.019400000,0.001500000,0.003800000,0.038300000,103,103,0
1201,1,1,1920,1080,640,360,ultra-performance,0.630400000,0.026800000,0.182400000,0.002300000,0.271700000,0.025700000,0.125100000,0.744500000,0.156600000,2.166700000,1.536300000,2.165500000,0.001200000,0.003900000,0.018900000,0.010700000,0.148300000,0.002000000,0.061000000,0.002300000,0.205900000,0.000000000,0.000000000,false,disabled,84,0,103,3,7,0.006500000,0.003000000,0.001200000,0.006300000,0.003500000,0.000700000,0.379300000,0.024400000,0.187500000,0.011600000,0.006500000,0.089100000,0.000000000,0.000000000,0.011700000,0.731300000,0.013200000,3,1,7,7,3,0.088500000,0.003800000,0.037900000,0.046100000,0.011900000,0.007800000,true,true,0.017800000,0.020100000,0.002100000,0.004100000,0.038400000,103,103,0
1202,2,1,1920,1080,640,360,ultra-performance,0.421000000,0.025600000,0.285500000,0.005700000,0.575900000,0.053000000,0.250100000,0.887000000,0.154600000,2.661600000,2.240600000,2.658400000,0.003200000,0.003200000,0.017700000,0.010300000,0.253300000,0.005300000,0.116100000,0.005100000,0.449400000,0.000000000,0.000000000,false,disabled,84,0,103,3,7,0.007500000,0.003000000,0.001200000,0.007200000,0.002400000,0.000700000,0.462300000,0.018400000,0.025700000,0.010000000,0.005200000,0.319200000,0.000000000,0.000000000,0.012800000,0.875600000,0.011400000,3,1,7,7,3,0.196400000,0.008600000,0.082700000,0.096400000,0.028300000,0.017900000,true,true,0.039700000,0.046500000,0.002400000,0.007800000,0.086300000,103,103,0
1203,0,1,1920,1080,640,360,ultra-performance,0.002100000,0.020700000,0.204000000,0.003000000,0.267600000,0.025900000,0.123700000,0.638400000,0.153400000,1.440700000,1.438600000,1.438800000,0.001900000,0.003300000,0.017800000,0.031500000,0.150700000,0.002700000,0.055900000,0.002200000,0.206600000,0.000000000,0.000000000,false,disabled,84,0,103,3,7,0.006200000,0.002800000,0.001200000,0.007900000,0.003600000,0.000800000,0.349200000,0.018900000,0.130100000,0.010400000,0.006100000,0.078800000,0.000100000,0.000000000,0.011500000,0.627600000,0.010800000,3,1,7,7,3,0.089100000,0.003900000,0.037700000,0.046500000,0.012000000,0.008000000,true,true,0.018300000,0.019500000,0.001700000,0.004400000,0.039200000,103,103,0
1204,1,1,1920,1080,640,360,ultra-performance,0.543100000,0.025300000,0.179300000,0.002600000,0.260200000,0.024500000,0.127100000,0.535600000,0.218000000,1.917000000,1.373900000,1.915700000,0.001300000,0.003700000,0.018300000,0.010100000,0.146700000,0.002300000,0.051600000,0.002200000,0.204000000,0.000000000,0.000000000,false,disabled,84,0,103,3,7,0.005700000,0.002900000,0.001300000,0.006900000,0.002300000,0.000400000,0.389900000,0.012100000,0.002700000,0.007300000,0.004300000,0.079300000,0.000000000,0.000000000,0.010700000,0.525800000,0.009800000,3,1,7,7,3,0.088700000,0.003900000,0.036900000,0.045300000,0.012100000,0.007900000,true,true,0.017600000,0.019700000,0.001400000,0.003700000,0.040200000,103,103,0
1205,2,1,1920,1080,640,360,ultra-performance,0.818900000,0.049000000,0.402200000,0.006200000,0.327600000,0.024300000,0.120000000,0.607900000,0.158700000,2.516300000,1.697400000,2.514800000,0.001500000,0.007900000,0.041000000,0.022400000,0.329900000,0.005600000,0.115600000,0.004800000,0.204600000,0.000000000,0.000000000,false,disabled,84,0,103,3,7,0.006100000,0.002800000,0.001300000,0.006800000,0.002300000,0.000400000,0.334800000,0.012200000,0.145900000,0.008500000,0.004500000,0.062200000,0.000100000,0.000000000,0.011600000,0.599500000,0.008400000,3,1,7,7,3,0.087100000,0.003800000,0.036900000,0.045500000,0.011800000,0.007700000,true,true,0.017800000,0.019700000,0.001600000,0.003600000,0.038500000,103,103,0
1206,0,1,1920,1080,640,360,ultra-performance,0.001800000,0.017700000,0.176700000,0.002600000,0.247300000,0.024100000,0.116500000,0.529800000,0.152600000,1.270600000,1.268800000,1.269100000,0.001500000,0.003100000,0.017100000,0.009900000,0.146200000,0.002400000,0.050500000,0.002000000,0.192700000,0.000000000,0.000000000,false,disabled,84,0,103,3,7,0.004800000,0.002600000,0.001100000,0.015100000,0.002400000,0.000500000,0.354100000,0.010600000,0.048600000,0.007300000,0.004500000,0.056400000,0.000000000,0.000000000,0.011400000,0.519400000,0.010400000,3,1,7,7,3,0.086900000,0.003700000,0.035100000,0.040100000,0.011400000,0.007300000,true,true,0.017700000,0.019200000,0.003000000,0.003500000,0.037900000,103,103,0
1207,1,1,1920,1080,640,360,ultra-performance,1.343300000,0.022700000,0.180400000,0.002200000,0.267500000,0.023800000,0.117100000,0.698400000,0.164500000,2.821500000,1.478200000,2.819900000,0.001600000,0.003800000,0.018700000,0.010300000,0.147000000,0.002100000,0.051300000,0.002200000,0.211600000,0.000000000,0.000000000,false,disabled,84,0,103,3,7,0.007500000,0.003000000,0.001100000,0.006600000,0.007200000,0.001300000,0.406200000,0.017200000,0.105000000,0.013800000,0.008600000,0.098500000,0.000000000,0.000000000,0.009900000,0.685900000,0.012500000,3,1,7,7,3,0.089700000,0.003900000,0.044800000,0.045100000,0.011600000,0.008000000,true,true,0.017300000,0.023600000,0.001400000,0.003600000,0.037800000,103,103,0
1208,2,1,1920,1080,640,360,ultra-performance,0.467800000,0.029800000,0.301000000,0.002200000,0.239300000,0.022100000,0.107800000,0.616700000,0.153500000,1.941300000,1.473500000,1.940200000,0.001100000,0.005900000,0.035700000,0.021000000,0.237700000,0.002000000,0.050600000,0.001900000,0.184400000,0.000000000,0.000000000,false,disabled,84,0,103,3,7,0.006500000,0.002300000,0.001100000,0.006800000,0.002700000,0.000800000,0.396300000,0.014100000,0.077400000,0.008200000,0.004300000,0.074700000,0.000100000,0.000000000,0.010300000,0.605600000,0.011100000,3,1,7,7,3,0.083900000,0.003400000,0.033300000,0.038200000,0.010400000,0.006800000,true,true,0.017600000,0.019300000,0.001400000,0.002900000,0.037300000,103,103,0
1209,0,1,1920,1080,640,360,ultra-performance,0.848000000,0.022400000,0.177000000,0.002100000,0.253200000,0.023800000,0.117200000,0.547300000,0.150200000,2.142300000,1.294300000,2.141200000,0.001100000,0.003600000,0.018600000,0.009600000,0.144700000,0.001800000,0.051800000,0.002300000,0.196700000,0.000000000,0.000000000,false,disabled,84,0,103,3,7,0.006400000,0.002800000,0.001200000,0.006800000,0.002300000,0.000300000,0.316300000,0.011900000,0.107900000,0.008500000,0.004100000,0.059800000,0.000000000,0.000000000,0.010700000,0.539000000,0.008300000,3,1,7,7,3,0.084900000,0.003700000,0.035300000,0.044900000,0.011400000,0.007600000,true,true,0.017700000,0.019300000,0.001300000,0.003500000,0.037800000,103,103,0
1210,1,1,1920,1080,640,360,ultra-performance,0.692600000,0.052600000,0.417300000,0.006200000,0.579000000,0.050400000,0.121600000,0.518900000,0.159600000,2.599400000,1.906800000,2.598200000,0.001200000,0.012700000,0.041400000,0.028900000,0.333000000,0.005800000,0.114600000,0.005200000,0.453700000,0.000000000,0.000000000,false,disabled,84,0,103,3,7,0.004800000,0.003100000,0.001200000,0.007000000,0.003400000,0.000600000,0.330400000,0.015900000,0.044600000,0.009500000,0.005700000,0.073900000,0.000100000,0.000000000,0.010200000,0.510400000,0.008500000,3,1,7,7,3,0.191000000,0.008700000,0.083800000,0.103100000,0.028500000,0.018400000,true,true,0.039300000,0.044300000,0.002300000,0.007800000,0.084000000,103,103,0
1211,2,1,1920,1080,640,360,ultra-performance,0.001800000,0.019100000,0.176700000,0.003000000,0.254700000,0.023200000,0.115500000,0.500300000,0.146100000,1.241500000,1.239700000,1.240400000,0.001100000,0.003200000,0.017500000,0.009400000,0.146100000,0.002700000,0.051000000,0.002100000,0.199300000,0.000000000,0.000000000,false,disabled,84,0,103,3,7,0.004600000,0.002900000,0.001200000,0.007000000,0.002400000,0.000400000,0.327100000,0.012800000,0.039500000,0.007100000,0.004000000,0.071300000,0.000100000,0.000000000,0.010200000,0.490600000,0.009700000,3,1,7,7,3,0.091400000,0.003800000,0.034500000,0.042300000,0.011400000,0.007500000,true,true,0.025500000,0.019100000,0.001200000,0.003500000,0.036600000,103,103,0
1212,0,1,1920,1080,640,360,ultra-performance,1.277700000,0.042600000,0.389200000,0.003000000,0.265900000,0.024900000,0.121800000,0.748700000,0.152200000,3.027100000,1.749400000,3.026000000,0.001100000,0.008200000,0.039600000,0.022200000,0.318400000,0.002800000,0.054400000,0.002500000,0.206500000,0.000000000,0.000000000,false,disabled,84,0,103,3,7,0.005900000,0.002900000,0.001200000,0.006900000,0.002500000,0.000600000,0.549000000,0.022100000,0.013300000,0.013700000,0.007000000,0.102800000,0.000000000,0.000000000,0.010800000,0.738700000,0.010000000,3,1,7,7,3,0.087500000,0.004000000,0.038400000,0.045800000,0.012800000,0.008300000,true,true,0.017800000,0.020400000,0.001500000,0.003600000,0.038500000,103,103,0
1213,1,1,1920,1080,640,360,ultra-performance,0.496600000,0.022400000,0.178100000,0.002500000,0.252100000,0.022600000,0.116200000,0.550300000,0.158100000,1.800100000,1.303500000,1.798900000,0.001200000,0.003800000,0.018200000,0.009800000,0.146000000,0.002200000,0.051300000,0.002200000,0.196200000,0.000000000,0.000000000,false,disabled,84,0,103,3,7,0.004900000,0.011700000,0.001300000,0.006700000,0.003300000,0.000700000,0.365600000,0.016700000,0.026700000,0.010000000,0.005900000,0.078400000,0.000100000,0.000000000,0.010500000,0.542500000,0.007800000,3,1,7,7,3,0.084400000,0.003600000,0.035400000,0.044800000,0.011600000,0.007500000,true,true,0.017300000,0.019300000,0.001400000,0.004000000,0.036900000,103,103,0
1214,2,1,1920,1080,640,360,ultra-performance,0.604800000,0.023700000,0.188800000,0.003100000,0.264700000,0.025000000,0.122700000,0.715100000,0.157200000,2.106400000,1.501600000,2.105100000,0.001300000,0.003700000,0.018600000,0.010200000,0.155700000,0.002800000,0.051700000,0.002500000,0.208200000,0.000000000,0.000000000,false,disabled,84,0,103,3,7,0.004600000,0.003000000,0.001200000,0.006800000,0.004300000,0.000600000,0.368800000,0.023600000,0.137700000,0.012800000,0.008300000,0.121400000,0.000100000,0.000000000,0.010800000,0.704000000,0.011100000,3,1,7,7,3,0.087800000,0.004000000,0.038300000,0.047200000,0.012900000,0.008200000,true,true,0.018100000,0.019700000,0.001300000,0.003500000,0.038900000,103,103,0
1215,0,1,1920,1080,640,360,ultra-performance,0.727700000,0.021600000,0.179500000,0.002900000,0.260400000,0.025100000,0.119100000,1.058900000,0.231100000,2.630500000,1.902800000,2.626300000,0.004200000,0.003700000,0.018300000,0.010200000,0.146900000,0.002700000,0.052000000,0.002400000,0.203400000,0.000000000,0.000000000,false,disabled,84,0,103,3,7,0.004500000,0.002800000,0.001300000,0.007000000,0.008500000,0.002200000,0.564800000,0.037800000,0.077100000,0.023300000,0.011600000,0.250200000,0.000100000,0.000000000,0.032600000,1.023800000,0.035100000,3,1,7,7,3,0.085300000,0.003900000,0.038400000,0.046100000,0.012700000,0.008000000,true,true,0.017400000,0.019700000,0.001400000,0.003700000,0.037300000,103,103,0
1216,1,1,1920,1080,640,360,ultra-performance,0.379300000,0.022900000,0.186200000,0.002600000,0.266800000,0.029100000,0.120700000,0.553300000,0.150900000,1.713700000,1.334400000,1.711800000,0.001900000,0.003700000,0.019300000,0.011600000,0.151100000,0.002400000,0.052600000,0.002100000,0.209600000,0.000000000,0.000000000,false,disabled,84,0,103,3,7,0.010300000,0.002800000,0.001200000,0.006800000,0.003400000,0.000600000,0.368300000,0.017000000,0.029100000,0.009300000,0.006100000,0.079400000,0.000000000,0.000000000,0.010500000,0.544800000,0.008500000,3,1,7,7,3,0.091000000,0.003800000,0.038800000,0.045200000,0.012000000,0.008000000,true,true,0.020100000,0.020300000,0.001400000,0.003600000,0.039800000,103,103,0
1217,2,1,1920,1080,640,360,ultra-performance,0.631600000,0.040300000,0.187300000,0.002200000,0.251200000,0.023500000,0.117700000,0.618200000,0.159300000,2.032500000,1.400900000,2.031300000,0.001200000,0.003700000,0.026800000,0.009900000,0.146600000,0.002100000,0.051300000,0.002300000,0.195400000,0.000000000,0.000000000,false,disabled,84,0,103,3,7,0.006200000,0.002900000,0.001200000,0.006800000,0.003500000,0.000600000,0.329800000,0.017100000,0.141000000,0.009900000,0.006400000,0.073400000,0.000100000,0.000000000,0.009800000,0.608700000,0.009500000,3,1,7,7,3,0.084300000,0.003600000,0.035200000,0.044400000,0.011500000,0.007700000,true,true,0.017300000,0.019500000,0.001300000,0.003600000,0.037100000,103,103,0
1218,0,1,1920,1080,640,360,ultra-performance,0.784000000,0.024200000,0.178600000,0.002600000,0.252500000,0.023600000,0.117500000,0.674500000,0.235500000,2.295400000,1.511400000,2.293000000,0.002400000,0.003800000,0.018600000,0.010100000,0.145600000,0.002500000,0.051000000,0.002200000,0.197000000,0.000000000,0.000000000,false,disabled,84,0,103,3,7,0.004600000,0.002800000,0.001200000,0.006800000,0.006100000,0.001100000,0.345600000,0.024300000,0.110300000,0.012600000,0.007500000,0.111600000,0.000000000,0.000000000,0.023600000,0.658100000,0.016400000,3,1,7,7,3,0.085600000,0.003600000,0.035000000,0.044500000,0.011600000,0.007500000,true,true,0.017200000,0.019400000,0.001400000,0.003900000,0.038200000,103,103,0
1219,1,1,1920,1080,640,360,ultra-performance,0.505100000,0.021300000,0.187100000,0.002900000,0.258300000,0.023700000,0.127000000,0.646800000,0.157300000,1.930800000,1.425700000,1.929500000,0.001300000,0.003700000,0.018000000,0.010100000,0.154800000,0.002600000,0.051600000,0.002300000,0.202100000,0.000000000,0.000000000,false,disabled,84,0,103,3,7,0.004900000,0.002800000,0.001200000,0.007100000,0.003400000,0.000800000,0.384500000,0.020600000,0.102300000,0.012000000,0.006500000,0.078000000,0.000100000,0.000000000,0.010000000,0.634200000,0.012600000,3,1,7,7,3,0.086000000,0.003900000,0.038000000,0.045100000,0.012400000,0.008000000,true,true,0.017600000,0.019500000,0.001500000,0.003500000,0.038100000,103,103,0
1220,2,1,1920,1080,640,360,ultra-performance,0.782600000,0.023700000,0.179800000,0.002400000,0.252500000,0.022100000,0.116200000,0.510000000,0.154500000,2.045100000,1.262500000,2.043800000,0.001300000,0.003700000,0.018500000,0.009700000,0.147500000,0.002300000,0.051200000,0.002500000,0.196400000,0.000000000,0.000000000,false,disabled,84,0,103,3,7,0.006800000,0.002800000,0.001200000,0.006600000,0.002300000,0.000400000,0.335300000,0.011300000,0.040700000,0.008200000,0.011500000,0.063800000,0.000100000,0.000000000,0.010600000,0.501600000,0.008400000,3,1,7,7,3,0.084900000,0.003700000,0.034800000,0.044300000,0.011500000,0.008000000,true,true,0.017800000,0.019100000,0.001300000,0.003800000,0.037200000,103,103,0
1221,0,1,1920,1080,640,360,ultra-performance,0.714400000,0.021000000,0.178700000,0.002400000,0.251100000,0.022900000,0.115600000,0.407000000,0.156000000,1.870000000,1.155600000,1.869100000,0.000900000,0.003700000,0.018300000,0.009600000,0.146600000,0.002100000,0.051400000,0.002200000,0.195200000,0.000000000,0.000000000,false,disabled,84,0,103,3,7,0.004500000,0.002600000,0.001100000,0.006500000,0.002100000,0.000300000,0.290100000,0.011000000,0.001300000,0.007200000,0.004000000,0.058800000,0.000100000,0.000000000,0.009800000,0.399400000,0.007600000,3,1,7,7,3,0.085200000,0.003600000,0.034900000,0.044300000,0.011200000,0.007400000,true,true,0.017600000,0.019100000,0.001300000,0.003800000,0.038000000,103,103,0
1222,1,1,1920,1080,640,360,ultra-performance,1.119100000,0.023200000,0.188200000,0.002400000,0.252900000,0.022200000,0.115500000,0.640300000,0.158800000,2.524100000,1.405000000,2.522600000,0.001500000,0.003700000,0.018300000,0.009700000,0.156100000,0.002200000,0.051100000,0.002100000,0.197300000,0.000000000,0.000000000,false,disabled,84,0,103,3,7,0.004700000,0.002700000,0.001100000,0.006500000,0.002500000,0.000600000,0.337800000,0.011700000,0.177300000,0.007800000,0.004400000,0.061700000,0.000100000,0.000000000,0.010200000,0.629100000,0.011200000,3,1,7,7,3,0.085400000,0.003700000,0.035000000,0.044700000,0.011900000,0.007500000,true,true,0.017600000,0.019700000,0.001700000,0.003600000,0.037200000,103,103,0
1223,2,1,1920,1080,640,360,ultra-performance,0.654200000,0.019100000,0.184700000,0.002600000,0.248300000,0.022700000,0.115100000,0.916800000,0.337200000,2.503000000,1.848800000,2.500700000,0.002300000,0.003100000,0.017400000,0.009600000,0.154200000,0.002500000,0.053700000,0.002200000,0.190300000,0.000000000,0.000000000,false,disabled,84,0,103,3,7,0.006700000,0.002600000,0.001100000,0.006600000,0.005700000,0.001300000,0.457900000,0.026800000,0.190800000,0.017800000,0.009000000,0.150500000,0.000100000,0.000000000,0.024000000,0.900900000,0.015900000,3,1,7,7,3,0.084600000,0.003700000,0.034600000,0.040300000,0.011400000,0.007400000,true,true,0.017800000,0.019900000,0.001300000,0.003300000,0.037000000,103,103,0
1224,0,1,1920,1080,640,360,ultra-performance,0.487900000,0.021500000,0.178500000,0.003000000,0.265300000,0.023300000,0.122100000,0.676900000,0.158900000,1.938600000,1.450700000,1.937400000,0.001200000,0.003700000,0.018300000,0.009600000,0.146400000,0.002700000,0.062400000,0.002200000,0.198300000,0.000000000,0.000000000,false,disabled,84,0,103,3,7,0.005100000,0.002700000,0.001100000,0.006400000,0.003200000,0.000600000,0.402200000,0.018300000,0.126000000,0.008800000,0.004800000,0.078400000,0.000100000,0.000000000,0.010600000,0.668300000,0.008600000,3,1,7,7,3,0.085200000,0.003700000,0.035600000,0.044900000,0.011500000,0.007700000,true,true,0.017800000,0.019400000,0.001600000,0.003600000,0.037200000,103,103,0
1225,1,1,1920,1080,640,360,ultra-performance,0.390400000,0.019100000,0.178700000,0.002900000,0.257100000,0.023300000,0.119400000,0.593400000,0.160300000,1.745900000,1.355500000,1.744600000,0.001300000,0.003300000,0.017800000,0.009700000,0.147400000,0.002800000,0.052000000,0.002300000,0.200300000,0.000000000,0.000000000,false,disabled,84,0,103,3,7,0.004600000,0.002900000,0.001300000,0.007200000,0.002600000,0.000600000,0.337200000,0.015500000,0.106000000,0.009500000,0.004800000,0.081700000,0.000000000,0.000000000,0.010500000,0.584400000,0.009000000,3,1,7,7,3,0.085400000,0.004000000,0.037600000,0.044000000,0.012600000,0.008100000,true,true,0.017400000,0.019700000,0.001500000,0.003800000,0.037300000,103,103,0
1226,2,1,1920,1080,640,360,ultra-performance,1.497900000,0.023800000,0.178100000,0.002400000,0.251900000,0.022400000,0.117700000,0.664700000,0.176500000,2.936700000,1.438800000,2.935400000,0.001300000,0.003700000,0.018300000,0.009800000,0.145800000,0.002100000,0.051000000,0.002200000,0.196200000,0.000000000,0.000000000,false,disabled,84,0,103,3,7,0.004800000,0.002900000,0.001300000,0.006500000,0.002400000,0.000400000,0.376000000,0.012100000,0.162500000,0.008400000,0.004200000,0.065000000,0.000000000,0.000000000,0.009900000,0.656400000,0.008300000,3,1,7,7,3,0.084900000,0.003700000,0.034500000,0.044900000,0.011600000,0.007400000,true,true,0.017500000,0.019500000,0.001400000,0.003600000,0.037300000,103,103,0
1227,0,1,1920,1080,640,360,ultra-performance,0.428000000,0.018200000,0.187200000,0.002600000,0.248300000,0.023600000,0.114800000,0.680500000,0.139900000,1.844100000,1.416100000,1.843100000,0.001000000,0.003100000,0.017400000,0.009600000,0.156500000,0.002400000,0.053600000,0.002100000,0.190400000,0.000000000,0.000000000,false,disabled,84,0,103,3,7,0.004600000,0.002700000,0.001100000,0.006600000,0.002400000,0.000400000,0.212900000,0.011100000,0.342700000,0.007800000,0.004300000,0.064400000,0.000000000,0.000000000,0.010100000,0.671100000,0.009400000,3,1,7,7,3,0.084300000,0.003700000,0.034900000,0.040800000,0.011300000,0.007000000,true,true,0.017600000,0.019700000,0.001800000,0.003200000,0.036800000,103,103,0
1228,1,1,1920,1080,640,360,ultra-performance,0.758400000,0.024300000,0.180600000,0.002900000,0.263900000,0.024000000,0.136600000,0.640400000,0.157400000,2.190000000,1.431600000,2.188500000,0.001500000,0.003800000,0.018700000,0.009900000,0.147700000,0.002800000,0.052100000,0.002400000,0.206800000,0.000000000,0.000000000,false,disabled,84,0,103,3,7,0.006100000,0.002800000,0.001200000,0.007100000,0.003300000,0.000700000,0.325800000,0.018700000,0.164300000,0.008800000,0.005100000,0.076600000,0.000100000,0.000000000,0.010600000,0.631200000,0.009200000,3,1,7,7,3,0.088300000,0.003900000,0.038100000,0.046000000,0.012600000,0.008200000,true,true,0.017900000,0.019900000,0.001700000,0.003900000,0.039000000,103,103,0
1229,2,1,1920,1080,640,360,ultra-performance,0.479600000,0.018800000,0.183300000,0.002600000,0.254300000,0.024600000,0.119700000,0.586000000,0.151200000,1.821200000,1.341600000,1.820100000,0.001100000,0.003300000,0.018100000,0.010300000,0.151100000,0.002400000,0.051300000,0.002200000,0.198400000,0.000000000,0.000000000,false,disabled,84,0,103,3,7,0.004700000,0.002800000,0.001200000,0.007200000,0.002300000,0.000500000,0.293700000,0.012200000,0.130600000,0.007800000,0.004800000,0.097600000,0.000000000,0.000000000,0.010500000,0.575900000,0.010100000,3,1,7,7,3,0.085800000,0.003900000,0.036700000,0.043800000,0.012000000,0.007900000,true,true,0.017700000,0.019400000,0.001300000,0.003700000,0.038100000,103,103,0
1230,0,1,1920,1080,640,360,ultra-performance,1.070700000,0.020100000,0.378400000,0.005700000,0.563700000,0.050300000,0.251800000,0.677300000,0.155800000,3.175200000,2.104500000,3.173800000,0.001400000,0.003500000,0.018200000,0.010000000,0.345800000,0.005200000,0.115600000,0.005100000,0.438700000,0.000000000,0.000000000,false,disabled,84,0,103,3,7,0.011400000,0.005700000,0.001600000,0.008100000,0.002400000,0.000300000,0.292700000,0.010400000,0.244000000,0.006600000,0.004200000,0.070300000,0.000100000,0.000000000,0.010300000,0.668100000,0.009200000,3,1,7,7,3,0.189100000,0.008300000,0.078500000,0.100200000,0.025800000,0.016400000,true,true,0.039200000,0.043100000,0.002300000,0.007800000,0.084600000,103,103,0
1231,1,1,1920,1080,640,360,ultra-performance,0.001700000,0.016200000,0.175700000,0.002700000,0.240700000,0.022100000,0.119200000,0.480300000,0.163000000,1.222700000,1.221000000,1.221600000,0.001100000,0.002900000,0.016900000,0.009500000,0.146000000,0.002600000,0.050300000,0.002100000,0.186200000,0.000000000,0.000000000,false,disabled,84,0,103,3,7,0.005600000,0.002500000,0.001100000,0.006700000,0.003400000,0.000600000,0.292800000,0.015800000,0.042000000,0.009400000,0.005900000,0.074600000,0.000000000,0.000000000,0.009700000,0.470100000,0.010200000,3,1,7,7,3,0.082400000,0.003600000,0.034300000,0.039600000,0.011000000,0.007200000,true,true,0.017800000,0.019100000,0.001300000,0.003100000,0.035600000,103,103,0
1232,2,1,1920,1080,640,360,ultra-performance,1.142200000,0.014900000,0.175500000,0.002700000,0.237300000,0.020700000,0.108100000,0.627900000,0.315500000,2.647100000,1.504900000,2.644800000,0.002300000,0.002800000,0.016200000,0.009700000,0.146500000,0.002400000,0.050700000,0.001900000,0.182700000,0.000000000,0.000000000,false,disabled,84,0,103,3,7,0.005700000,0.002300000,0.001100000,0.006500000,0.004800000,0.001200000,0.307500000,0.019900000,0.095900000,0.013600000,0.006400000,0.121700000,0.000000000,0.000000000,0.023500000,0.610100000,0.017800000,3,1,7,7,3,0.082400000,0.003300000,0.033700000,0.037500000,0.010600000,0.006800000,true,true,0.017300000,0.019200000,0.001400000,0.002700000,0.036300000,103,103,0
1233,0,1,1920,1080,640,360,ultra-performance,0.380900000,0.021600000,0.221800000,0.002900000,0.424600000,0.025700000,0.124500000,0.806200000,0.159900000,2.170500000,1.789600000,2.168100000,0.002400000,0.003400000,0.017800000,0.010200000,0.189900000,0.002800000,0.129800000,0.043200000,0.248900000,0.000000000,0.000000000,false,disabled,84,0,103,3,7,0.006300000,0.002900000,0.001300000,0.007500000,0.005700000,0.001300000,0.379300000,0.022900000,0.196400000,0.014300000,0.006600000,0.117700000,0.000100000,0.000000000,0.023700000,0.786000000,0.020200000,3,1,7,7,3,0.127600000,0.004100000,0.039200000,0.046900000,0.013000000,0.008400000,true,true,0.018700000,0.020300000,0.001400000,0.003300000,0.078000000,103,103,0
1234,1,1,1920,1080,640,360,ultra-performance,0.440100000,0.039600000,0.335700000,0.002700000,0.273200000,0.024000000,0.126500000,0.571200000,0.126200000,1.940500000,1.500400000,1.939200000,0.001300000,0.007700000,0.039900000,0.022200000,0.265000000,0.002500000,0.052600000,0.002500000,0.215700000,0.000000000,0.000000000,false,disabled,84,0,103,3,7,0.007100000,0.002800000,0.001300000,0.007200000,0.002300000,0.000600000,0.329100000,0.011600000,0.126100000,0.005400000,0.002800000,0.056200000,0.000000000,0.000000000,0.010100000,0.562600000,0.008600000,3,1,7,7,3,0.098400000,0.003800000,0.038200000,0.045300000,0.012400000,0.008200000,true,true,0.024500000,0.024000000,0.001400000,0.003800000,0.038900000,103,103,0
1235,2,1,1920,1080,640,360,ultra-performance,0.378400000,0.060200000,0.183900000,0.003200000,0.274700000,0.040800000,0.136800000,0.593100000,0.309400000,1.983000000,1.604600000,1.980500000,0.002500000,0.004100000,0.020100000,0.010600000,0.148700000,0.003100000,0.052100000,0.002500000,0.217500000,0.000000000,0.000000000,false,disabled,84,0,103,3,7,0.005500000,0.003100000,0.001200000,0.006900000,0.006400000,0.001300000,0.314100000,0.021000000,0.058900000,0.012200000,0.007000000,0.113500000,0.000100000,0.000000000,0.024100000,0.575300000,0.017800000,3,1,7,7,3,0.088300000,0.004000000,0.038600000,0.055600000,0.012900000,0.008200000,true,true,0.018200000,0.019900000,0.001500000,0.004300000,0.038300000,103,103,0
1236,0,1,1920,1080,640,360,ultra-performance,0.817300000,0.042500000,0.424100000,0.006000000,0.564500000,0.050700000,0.173000000,0.782300000,0.200700000,3.062600000,2.245300000,3.061100000,0.001500000,0.007300000,0.040300000,0.033800000,0.341500000,0.005600000,0.115400000,0.005100000,0.439100000,0.000000000,0.000000000,false,disabled,84,0,103,3,7,0.005000000,0.003000000,0.001200000,0.006800000,0.002500000,0.000400000,0.410100000,0.011400000,0.216600000,0.007800000,0.003900000,0.095300000,0.000100000,0.000000000,0.010000000,0.774100000,0.008200000,3,1,7,7,3,0.187400000,0.008200000,0.079700000,0.100300000,0.026000000,0.017600000,true,true,0.039500000,0.043600000,0.002500000,0.005800000,0.083800000,103,103,0
1237,1,1,1920,1080,640,360,ultra-performance,0.001700000,0.018300000,0.183300000,0.002300000,0.245500000,0.030500000,0.114700000,0.494100000,0.142800000,1.234500000,1.232800000,1.233200000,0.001300000,0.003100000,0.016800000,0.009400000,0.153800000,0.002100000,0.052900000,0.002000000,0.188400000,0.000000000,0.000000000,false,disabled,84,0,103,3,7,0.004600000,0.002500000,0.001200000,0.006700000,0.002500000,0.000500000,0.300900000,0.011000000,0.062300000,0.007800000,0.003900000,0.068700000,0.000100000,0.000000000,0.010200000,0.482900000,0.011200000,3,1,7,7,3,0.083800000,0.003500000,0.034700000,0.039800000,0.011500000,0.007200000,true,true,0.017700000,0.020000000,0.001400000,0.003100000,0.036300000,103,103,0
1238,2,1,1920,1080,640,360,ultra-performance,0.750500000,0.019400000,0.183400000,0.002300000,0.248300000,0.021600000,0.113600000,0.537300000,0.145700000,2.023500000,1.273000000,2.022100000,0.001400000,0.003000000,0.016900000,0.009500000,0.153600000,0.002200000,0.053500000,0.002300000,0.190300000,0.000000000,0.000000000,false,disabled,84,0,103,3,7,0.006100000,0.002400000,0.001000000,0.006500000,0.002500000,0.000500000,0.322900000,0.010800000,0.095900000,0.006800000,0.004600000,0.055700000,0.000100000,0.000000000,0.010100000,0.525900000,0.011400000,3,1,7,7,3,0.085300000,0.003600000,0.034400000,0.039600000,0.011500000,0.007400000,true,true,0.017400000,0.020200000,0.001300000,0.003200000,0.037900000,103,103,0
1239,0,1,1920,1080,640,360,ultra-performance,1.001500000,0.022200000,0.176800000,0.002300000,0.253900000,0.022900000,0.115900000,0.552900000,0.159800000,2.309400000,1.307900000,2.308200000,0.001200000,0.003600000,0.018100000,0.009800000,0.144800000,0.002200000,0.051500000,0.002500000,0.197500000,0.000000000,0.000000000,false,disabled,84,0,103,3,7,0.006400000,0.002700000,0.001100000,0.006700000,0.002500000,0.000400000,0.328200000,0.015300000,0.075200000,0.007900000,0.003700000,0.079700000,0.000000000,0.000000000,0.009600000,0.539400000,0.013500000,3,1,7,7,3,0.085300000,0.003600000,0.035700000,0.045000000,0.011600000,0.007500000,true,true,0.018300000,0.019300000,0.001600000,0.003800000,0.036900000,103,103,0
1240,1,1,1920,1080,640,360,ultra-performance,0.680500000,0.019300000,0.173600000,0.002300000,0.248400000,0.022600000,0.118400000,0.759000000,0.215800000,2.242200000,1.561700000,2.239900000,0.002300000,0.003200000,0.016900000,0.009600000,0.143500000,0.002200000,0.051900000,0.002500000,0.191800000,0.000000000,0.000000000,false,disabled,84,0,103,3,7,0.007500000,0.002600000,0.001100000,0.006700000,0.005700000,0.001400000,0.389400000,0.018300000,0.158600000,0.011300000,0.006500000,0.109200000,0.000000000,0.000000000,0.024400000,0.742700000,0.016300000,3,1,7,7,3,0.084600000,0.003500000,0.034800000,0.041300000,0.011300000,0.007400000,true,true,0.017500000,0.019300000,0.001300000,0.003300000,0.037900000,103,103,0
1241,2,1,1920,1080,640,360,ultra-performance,0.716000000,0.023000000,0.179500000,0.002700000,0.271300000,0.024200000,0.188600000,0.593700000,0.159100000,2.159400000,1.443400000,2.158100000,0.001300000,0.003900000,0.018400000,0.010100000,0.146700000,0.002600000,0.051800000,0.002400000,0.214700000,0.000000000,0.000000000,false,disabled,84,0,103,3,7,0.005000000,0.002900000,0.001300000,0.007200000,0.002700000,0.000600000,0.339400000,0.015800000,0.062800000,0.017900000,0.007700000,0.107200000,0.000000000,0.000000000,0.009900000,0.580400000,0.013300000,3,1,7,7,3,0.087300000,0.003800000,0.047100000,0.046100000,0.012800000,0.008100000,true,true,0.018300000,0.019600000,0.001400000,0.003800000,0.038700000,103,103,0
1242,0,1,1920,1080,640,360,ultra-performance,0.452000000,0.022300000,0.178000000,0.002400000,0.252900000,0.023100000,0.115700000,0.647900000,0.214400000,1.916100000,1.464100000,1.908700000,0.007400000,0.003800000,0.018100000,0.009700000,0.146000000,0.002100000,0.050900000,0.002500000,0.197200000,0.000000000,0.000000000,false,disabled,84,0,103,3,7,0.006500000,0.002700000,0.001100000,0.006400000,0.002600000,0.000600000,0.341700000,0.016400000,0.157600000,0.010000000,0.004000000,0.077600000,0.000000000,0.000000000,0.010800000,0.638000000,0.009900000,3,1,7,7,3,0.085100000,0.003700000,0.036000000,0.044500000,0.011700000,0.007600000,true,true,0.017700000,0.019300000,0.001500000,0.003500000,0.037700000,103,103,0
1243,1,1,1920,1080,640,360,ultra-performance,1.065900000,0.022200000,0.186900000,0.002400000,0.254800000,0.023000000,0.115900000,0.565100000,0.160600000,2.398300000,1.332400000,2.396800000,0.001500000,0.003800000,0.017900000,0.010000000,0.154800000,0.002200000,0.051200000,0.002200000,0.199000000,0.000000000,0.000000000,false,disabled,84,0,103,3,7,0.004900000,0.002800000,0.001200000,0.006800000,0.002600000,0.001000000,0.347800000,0.015000000,0.051500000,0.011200000,0.006700000,0.091400000,0.000100000,0.000000000,0.010200000,0.553200000,0.011900000,3,1,7,7,3,0.085400000,0.003700000,0.036700000,0.045000000,0.011500000,0.007600000,true,true,0.018000000,0.019600000,0.001400000,0.003700000,0.037000000,103,103,0
1244,2,1,1920,1080,640,360,ultra-performance,0.694700000,0.020500000,0.184000000,0.002900000,0.249200000,0.022700000,0.115300000,0.768300000,0.146600000,2.205700000,1.511000000,2.204200000,0.001500000,0.003100000,0.024200000,0.009500000,0.146800000,0.002700000,0.050400000,0.002200000,0.194200000,0.000000000,0.000000000,false,disabled,84,0,103,3,7,0.006100000,0.002700000,0.001200000,0.006600000,0.002500000,0.000500000,0.403000000,0.012000000,0.226200000,0.010900000,0.004400000,0.068200000,0.000000000,0.000000000,0.009900000,0.754200000,0.014100000,3,1,7,7,3,0.085200000,0.003700000,0.035300000,0.042400000,0.011300000,0.007600000,true,true,0.017500000,0.019800000,0.001400000,0.003500000,0.037600000,103,103,0
1245,0,1,1920,1080,640,360,ultra-performance,0.684700000,0.022100000,0.179400000,0.002900000,0.269800000,0.025500000,0.121300000,0.734400000,0.151200000,2.192500000,1.507800000,2.191300000,0.001200000,0.003800000,0.018000000,0.010100000,0.147200000,0.002700000,0.059100000,0.002800000,0.205400000,0.000000000,0.000000000,false,disabled,84,0,103,3,7,0.007400000,0.002900000,0.001300000,0.007300000,0.005500000,0.001400000,0.381700000,0.020300000,0.125600000,0.013900000,0.007600000,0.128500000,0.000000000,0.000000000,0.021200000,0.724600000,0.009800000,3,1,7,7,3,0.087900000,0.003700000,0.038200000,0.045600000,0.012400000,0.008400000,true,true,0.018000000,0.020000000,0.001800000,0.003800000,0.038700000,103,103,0
1246,1,1,1920,1080,640,360,ultra-performance,0.503000000,0.015300000,0.183500000,0.002700000,0.244900000,0.022000000,0.114200000,0.681400000,0.267400000,2.035500000,1.532500000,2.034400000,0.001100000,0.002600000,0.016200000,0.009700000,0.154600000,0.002500000,0.052900000,0.001900000,0.187900000,0.000000000,0.000000000,false,disabled,84,0,103,3,7,0.004600000,0.002500000,0.001100000,0.006800000,0.002300000,0.000600000,0.388400000,0.009000000,0.152500000,0.009700000,0.006400000,0.076200000,0.000100000,0.000000000,0.009400000,0.669600000,0.011800000,3,1,7,7,3,0.085600000,0.003500000,0.033800000,0.038200000,0.011100000,0.006700000,true,true,0.018200000,0.021000000,0.001300000,0.002900000,0.036900000,103,103,0
1247,2,1,1920,1080,640,360,ultra-performance,0.658800000,0.021800000,0.177900000,0.002600000,0.249900000,0.022500000,0.116100000,0.480300000,0.150300000,1.881100000,1.222300000,1.880200000,0.000900000,0.003200000,0.017400000,0.009300000,0.147500000,0.002400000,0.051300000,0.002200000,0.194000000,0.000000000,0.000000000,false,disabled,84,0,103,3,7,0.006000000,0.002600000,0.001100000,0.006700000,0.002400000,0.000400000,0.318500000,0.011500000,0.046100000,0.007100000,0.003800000,0.057500000,0.000100000,0.000000000,0.009100000,0.472900000,0.007400000,3,1,7,7,3,0.085000000,0.003700000,0.035600000,0.042300000,0.011300000,0.007400000,true,true,0.017900000,0.019500000,0.001400000,0.003800000,0.037100000,103,103,0
1248,0,1,1920,1080,640,360,ultra-performance,0.773300000,0.041300000,0.414800000,0.005300000,0.555600000,0.047700000,0.137500000,0.636000000,0.154500000,2.767300000,1.994000000,2.766000000,0.001300000,0.010600000,0.044600000,0.023200000,0.335300000,0.004900000,0.112600000,0.004700000,0.433500000,0.000000000,0.000000000,false,disabled,84,0,103,3,7,0.004600000,0.002800000,0.001100000,0.006600000,0.003300000,0.000700000,0.319600000,0.015800000,0.178400000,0.009300000,0.005900000,0.068100000,0.000000000,0.000000000,0.010800000,0.627000000,0.009000000,3,1,7,7,3,0.185800000,0.007800000,0.090300000,0.089800000,0.025300000,0.016200000,true,true,0.039400000,0.042500000,0.002400000,0.006900000,0.082600000,103,103,0
1249,1,1,1920,1080,640,360,ultra-performance,0.671400000,0.016500000,0.181600000,0.002500000,0.240800000,0.021800000,0.114000000,0.643400000,0.144600000,2.037900000,1.366500000,2.036600000,0.001300000,0.002900000,0.016500000,0.015600000,0.146100000,0.002400000,0.050400000,0.001900000,0.186200000,0.000000000,0.000000000,false,disabled,84,0,103,3,7,0.004400000,0.002400000,0.001000000,0.006300000,0.002500000,0.000400000,0.392400000,0.025400000,0.044900000,0.018200000,0.007600000,0.118000000,0.000000000,0.000000000,0.009700000,0.633200000,0.010200000,3,1,7,7,3,0.084200000,0.003400000,0.034700000,0.038900000,0.010400000,0.006600000,true,true,0.017800000,0.018900000,0.001700000,0.002900000,0.037500000,103,103,0
1250,2,1,1920,1080,640,360,ultra-performance,0.618200000,0.019400000,0.182600000,0.002800000,0.258000000,0.023400000,0.117800000,0.446000000,0.154400000,1.823800000,1.205600000,1.822600000,0.001200000,0.003500000,0.017900000,0.009600000,0.151200000,0.002700000,0.051700000,0.002200000,0.201800000,0.000000000,0.000000000,false,disabled,84,0,103,3,7,0.004500000,0.002600000,0.001100000,0.007100000,0.002200000,0.000400000,0.294700000,0.009900000,0.036000000,0.006000000,0.003800000,0.059500000,0.000100000,0.000000000,0.010600000,0.438500000,0.007500000,3,1,7,7,3,0.087700000,0.003700000,0.036300000,0.044900000,0.012000000,0.007700000,true,true,0.017700000,0.021300000,0.001600000,0.003700000,0.037800000,103,103,0
1251,0,1,1920,1080,640,360,ultra-performance,1.023400000,0.016900000,0.175800000,0.002800000,0.255700000,0.022600000,0.114000000,0.601300000,0.152500000,2.366100000,1.342700000,2.365000000,0.001100000,0.003100000,0.017200000,0.009500000,0.145700000,0.002500000,0.051400000,0.002000000,0.199800000,0.000000000,0.000000000,false,disabled,84,0,103,3,7,0.004800000,0.002600000,0.001200000,0.007000000,0.002300000,0.000500000,0.398300000,0.011500000,0.031000000,0.012200000,0.004900000,0.103100000,0.000000000,0.000000000,0.009600000,0.589000000,0.012300000,3,1,7,7,3,0.084400000,0.003600000,0.035900000,0.040900000,0.019200000,0.007400000,true,true,0.018200000,0.019300000,0.001300000,0.003200000,0.037000000,103,103,0
1252,1,1,1920,1080,640,360,ultra-performance,0.935600000,0.022100000,0.177900000,0.002600000,0.261500000,0.021800000,0.116000000,0.566600000,0.155300000,2.260800000,1.325200000,2.259400000,0.001400000,0.003600000,0.018000000,0.009800000,0.146000000,0.002400000,0.059000000,0.002200000,0.198000000,0.000000000,0.000000000,false,disabled,84,0,103,3,7,0.005700000,0.002700000,0.001100000,0.006500000,0.002300000,0.000500000,0.320300000,0.011300000,0.125200000,0.007500000,0.004300000,0.061800000,0.000100000,0.000000000,0.009500000,0.558800000,0.007800000,3,1,7,7,3,0.086400000,0.003500000,0.035400000,0.044200000,0.011500000,0.007500000,true,true,0.017900000,0.019700000,0.001600000,0.003700000,0.037800000,103,103,0
1253,2,1,1920,1080,640,360,ultra-performance,0.752500000,0.017000000,0.175400000,0.002800000,0.244400000,0.021800000,0.112000000,0.546600000,0.156300000,2.029900000,1.277400000,2.028800000,0.001100000,0.003000000,0.016900000,0.009600000,0.145600000,0.002500000,0.051100000,0.002000000,0.189100000,0.000000000,0.000000000,false,disabled,84,0,103,3,7,0.004900000,0.002700000,0.001100000,0.006800000,0.002800000,0.000600000,0.333400000,0.013200000,0.076300000,0.009100000,0.004400000,0.068500000,0.000000000,0.000000000,0.011100000,0.534900000,0.011700000,3,1,7,7,3,0.084600000,0.003500000,0.034100000,0.040100000,0.011300000,0.007200000,true,true,0.017900000,0.019600000,0.001200000,0.003500000,0.037100000,103,103,0
1254,0,1,1920,1080,640,360,ultra-performance,0.954200000,0.021500000,0.177900000,0.002700000,0.252400000,0.022400000,0.114700000,0.591400000,0.171800000,2.310000000,1.355800000,2.309000000,0.001000000,0.003600000,0.017900000,0.009700000,0.146100000,0.002600000,0.051300000,0.002200000,0.196700000,0.000000000,0.000000000,false,disabled,84,0,103,3,7,0.005800000,0.002700000,0.001100000,0.006500000,0.002600000,0.000500000,0.329600000,0.017100000,0.113100000,0.011800000,0.006000000,0.075800000,0.000100000,0.000000000,0.009400000,0.582100000,0.009300000,3,1,7,7,3,0.085000000,0.003600000,0.035100000,0.044800000,0.011500000,0.007500000,true,true,0.017900000,0.019400000,0.001300000,0.003500000,0.037400000,103,103,0
1255,1,1,1920,1080,640,360,ultra-performance,0.636500000,0.018000000,0.177500000,0.002200000,0.244000000,0.021700000,0.112300000,0.926100000,0.198900000,2.338400000,1.701900000,2.337200000,0.001200000,0.003100000,0.016900000,0.009500000,0.147400000,0.002100000,0.051100000,0.002100000,0.188500000,0.000000000,0.000000000,false,disabled,84,0,103,3,7,0.004900000,0.002400000,0.001100000,0.006600000,0.002700000,0.000800000,0.709300000,0.027800000,0.046700000,0.011200000,0.005100000,0.084600000,0.000000000,0.000000000,0.011400000,0.914600000,0.011500000,3,1,7,7,3,0.084300000,0.003500000,0.034000000,0.040400000,0.011000000,0.007000000,true,true,0.017300000,0.019500000,0.001600000,0.003700000,0.036800000,103,103,0
1256,2,1,1920,1080,640,360,ultra-performance,0.590800000,0.022900000,0.184500000,0.003100000,0.267600000,0.032700000,0.117800000,0.600100000,0.150900000,1.971700000,1.380900000,1.970400000,0.001300000,0.003800000,0.018100000,0.009900000,0.152100000,0.002900000,0.051300000,0.002300000,0.211600000,0.000000000,0.000000000,false,disabled,84,0,103,3,7,0.005700000,0.002800000,0.001200000,0.006900000,0.002300000,0.000600000,0.383900000,0.013000000,0.077300000,0.009600000,0.004700000,0.071600000,0.000000000,0.000000000,0.010500000,0.590100000,0.010000000,3,1,7,7,3,0.087800000,0.003800000,0.036300000,0.054400000,0.012200000,0.007900000,true,true,0.018200000,0.019500000,0.001300000,0.003700000,0.039300000,103,103,0
1257,0,1,1920,1080,640,360,ultra-performance,0.663900000,0.025200000,0.175200000,0.002900000,0.250100000,0.023400000,0.115500000,0.568600000,0.157800000,1.983900000,1.320000000,1.982600000,0.001300000,0.003100000,0.017100000,0.009400000,0.145300000,0.002700000,0.051900000,0.002200000,0.193600000,0.000000000,0.000000000,false,disabled,84,0,103,3,7,0.006700000,0.002500000,0.001100000,0.006800000,0.003500000,0.000700000,0.319000000,0.018300000,0.045900000,0.018200000,0.007500000,0.116100000,0.000100000,0.000000000,0.010700000,0.557100000,0.011500000,3,1,7,7,3,0.084400000,0.003700000,0.036400000,0.041400000,0.011600000,0.007400000,true,true,0.017900000,0.019300000,0.001600000,0.003300000,0.036900000,103,103,0
1258,1,1,1920,1080,640,360,ultra-performance,1.171600000,0.019300000,0.177600000,0.002500000,0.253700000,0.023000000,0.115200000,0.510700000,0.157500000,2.432300000,1.260700000,2.431100000,0.001200000,0.003500000,0.017500000,0.010100000,0.145900000,0.002300000,0.051800000,0.002100000,0.197500000,0.000000000,0.000000000,false,disabled,84,0,103,3,7,0.006400000,0.002700000,0.001100000,0.006700000,0.002400000,0.000300000,0.336500000,0.009700000,0.054100000,0.007500000,0.003700000,0.061300000,0.000000000,0.000000000,0.010000000,0.502400000,0.008300000,3,1,7,7,3,0.084600000,0.003700000,0.036200000,0.044800000,0.011400000,0.007400000,true,true,0.017200000,0.019300000,0.001500000,0.003000000,0.038000000,103,103,0
1259,2,1,1920,1080,640,360,ultra-performance,0.678700000,0.018300000,0.184500000,0.002200000,0.247800000,0.021900000,0.114700000,0.791400000,0.164400000,2.225000000,1.546300000,2.223900000,0.001100000,0.003000000,0.017000000,0.009400000,0.154700000,0.002000000,0.053200000,0.002100000,0.190100000,0.000000000,0.000000000,false,disabled,84,0,103,3,7,0.004800000,0.002500000,0.001100000,0.006800000,0.003400000,0.000700000,0.411900000,0.016000000,0.209700000,0.012200000,0.008400000,0.089700000,0.000000000,0.000000000,0.010500000,0.777700000,0.013700000,3,1,7,7,3,0.084200000,0.003600000,0.034500000,0.040300000,0.011500000,0.007100000,true,true,0.017500000,0.020000000,0.001300000,0.003300000,0.036800000,103,103,0
1260,0,1,1920,1080,640,360,ultra-performance,0.685000000,0.019600000,0.176700000,0.002100000,0.258300000,0.023300000,0.117000000,0.742100000,0.237200000,2.262500000,1.577500000,2.261300000,0.001200000,0.003100000,0.017300000,0.009600000,0.146200000,0.002000000,0.051400000,0.002100000,0.202500000,0.000000000,0.000000000,false,disabled,84,0,103,3,7,0.007200000,0.002600000,0.001100000,0.006800000,0.002500000,0.000700000,0.521400000,0.019000000,0.045200000,0.013400000,0.005900000,0.090500000,0.000000000,0.000000000,0.011500000,0.727800000,0.014300000,3,1,7,7,3,0.092700000,0.003800000,0.035200000,0.042500000,0.011600000,0.007500000,true,true,0.017600000,0.019300000,0.001300000,0.003800000,0.045300000,103,103,0
1261,1,1,1920,1080,640,360,ultra-performance,0.375100000,0.016400000,0.344500000,0.005400000,0.543400000,0.047600000,0.236200000,0.776000000,0.156000000,2.502000000,2.126900000,2.500600000,0.001400000,0.002900000,0.016500000,0.009400000,0.315100000,0.005000000,0.118900000,0.004800000,0.415100000,0.000000000,0.000000000,false,disabled,84,0,103,3,7,0.012800000,0.005200000,0.002800000,0.014900000,0.003000000,0.000500000,0.397700000,0.012700000,0.211200000,0.010000000,0.004100000,0.077800000,0.000000000,0.000000000,0.010600000,0.763300000,0.012700000,3,1,7,7,3,0.186200000,0.007600000,0.075900000,0.087800000,0.024600000,0.015300000,true,true,0.038700000,0.044300000,0.002000000,0.007100000,0.082300000,103,103,0
1262,2,1,1920,1080,640,360,ultra-performance,0.001700000,0.020400000,0.177900000,0.002900000,0.264300000,0.023300000,0.116000000,0.436500000,0.147900000,1.191900000,1.190200000,1.190900000,0.001000000,0.003200000,0.017500000,0.009900000,0.146800000,0.002800000,0.051300000,0.002200000,0.208600000,0.000000000,0.000000000,false,disabled,84,0,103,3,7,0.006500000,0.002700000,0.001200000,0.006900000,0.002500000,0.000400000,0.285900000,0.011500000,0.030900000,0.007100000,0.003800000,0.058500000,0.000000000,0.000000000,0.010000000,0.427900000,0.008600000,3,1,7,7,3,0.097700000,0.003600000,0.035800000,0.042700000,0.012200000,0.007900000,true,true,0.017900000,0.023600000,0.001400000,0.003600000,0.045700000,103,103,0
1263,0,1,1920,1080,640,360,ultra-performance,0.915300000,0.019200000,0.184100000,0.002300000,0.247800000,0.022100000,0.115300000,0.870900000,0.159100000,2.537200000,1.621900000,2.536100000,0.001100000,0.003100000,0.017200000,0.009400000,0.153900000,0.002100000,0.053100000,0.002100000,0.190300000,0.000000000,0.000000000,false,disabled,84,0,103,3,7,0.004400000,0.002600000,0.001100000,0.006700000,0.002700000,0.000600000,0.392800000,0.015500000,0.203300000,0.007800000,0.003600000,0.207500000,0.000100000,0.000000000,0.009800000,0.858500000,0.012400000,3,1,7,7,3,0.083800000,0.003600000,0.034500000,0.041200000,0.011400000,0.007200000,true,true,0.017000000,0.019600000,0.001400000,0.003500000,0.037000000,103,103,0
1264,1,1,1920,1080,640,360,ultra-performance,1.113200000,0.019000000,0.178100000,0.002900000,0.262400000,0.021800000,0.122700000,0.775900000,0.300500000,2.798800000,1.685600000,2.796500000,0.002300000,0.003300000,0.017500000,0.009600000,0.147200000,0.002700000,0.050900000,0.002200000,0.206900000,0.000000000,0.000000000,false,disabled,84,0,103,3,7,0.006600000,0.002700000,0.001100000,0.006400000,0.005100000,0.000900000,0.437900000,0.016800000,0.083000000,0.019200000,0.007900000,0.146200000,0.000000000,0.000000000,0.021600000,0.755400000,0.020500000,3,1,7,7,3,0.091300000,0.003700000,0.035000000,0.048500000,0.011600000,0.008000000,true,true,0.017100000,0.025400000,0.001400000,0.003500000,0.038400000,103,103,0
1265,2,1,1920,1080,640,360,ultra-performance,0.257200000,0.033800000,0.184700000,0.002600000,0.249300000,0.022200000,0.114500000,0.570300000,0.150700000,1.586600000,1.329400000,1.585300000,0.001300000,0.003200000,0.017000000,0.009500000,0.154500000,0.002400000,0.054200000,0.002200000,0.190700000,0.000000000,0.000000000,false,disabled,84,0,103,3,7,0.006600000,0.002600000,0.001200000,0.006600000,0.002500000,0.000600000,0.323000000,0.013900000,0.102500000,0.009400000,0.004500000,0.075800000,0.000000000,0.000000000,0.010800000,0.560000000,0.010300000,3,1,7,7,3,0.084500000,0.003500000,0.035500000,0.040500000,0.011000000,0.007100000,true,true,0.017500000,0.019900000,0.001400000,0.003300000,0.037000000,103,103,0
1266,0,1,1920,1080,640,360,ultra-performance,0.994600000,0.015900000,0.185600000,0.002500000,0.243400000,0.021400000,0.110400000,0.487400000,0.147000000,2.209400000,1.214800000,2.208200000,0.001200000,0.002900000,0.017000000,0.009400000,0.155900000,0.002400000,0.053200000,0.001900000,0.186300000,0.000000000,0.000000000,false,disabled,84,0,103,3,7,0.005800000,0.002300000,0.001100000,0.006500000,0.002400000,0.000300000,0.323800000,0.008600000,0.057300000,0.005800000,0.003300000,0.052600000,0.000000000,0.000000000,0.010000000,0.479800000,0.007600000,3,1,7,7,3,0.085200000,0.003200000,0.033800000,0.038600000,0.010700000,0.006200000,true,true,0.017600000,0.019900000,0.001600000,0.003000000,0.037800000,103,103,0
1267,1,1,1920,1080,640,360,ultra-performance,1.093700000,0.023200000,0.175900000,0.002700000,0.254900000,0.023100000,0.123700000,0.480100000,0.151500000,2.329800000,1.236100000,2.328800000,0.001000000,0.003700000,0.018200000,0.009900000,0.143600000,0.002600000,0.051400000,0.002500000,0.198600000,0.000000000,0.000000000,false,disabled,84,0,103,3,7,0.004700000,0.002800000,0.001200000,0.006700000,0.002400000,0.000400000,0.241000000,0.011500000,0.120200000,0.006200000,0.003200000,0.061300000,0.000100000,0.000000000,0.010300000,0.472000000,0.008100000,3,1,7,7,3,0.085300000,0.003600000,0.036200000,0.044700000,0.012000000,0.007900000,true,true,0.017800000,0.019600000,0.001400000,0.003500000,0.037500000,103,103,0
1268,2,1,1920,1080,640,360,ultra-performance,0.802000000,0.020900000,0.176900000,0.002700000,0.254500000,0.022700000,0.117000000,0.664800000,0.198600000,2.262500000,1.460500000,2.260100000,0.002400000,0.003600000,0.018300000,0.010000000,0.144500000,0.002400000,0.051300000,0.002200000,0.198600000,0.000000000,0.000000000,false,disabled,84,0,103,3,7,0.004500000,0.002800000,0.001100000,0.006500000,0.005400000,0.001400000,0.335100000,0.015000000,0.149300000,0.010900000,0.006800000,0.087200000,0.000000000,0.000000000,0.022200000,0.648200000,0.016600000,3,1,7,7,3,0.085900000,0.003600000,0.035900000,0.044300000,0.011800000,0.007600000,true,true,0.017700000,0.019600000,0.001400000,0.003700000,0.037900000,103,103,0
1269,0,1,1920,1080,640,360,ultra-performance,0.934800000,0.021500000,0.179400000,0.002500000,0.253900000,0.022900000,0.115700000,0.489400000,0.153300000,2.174700000,1.239900000,2.173400000,0.001300000,0.003700000,0.018600000,0.009900000,0.146700000,0.002300000,0.051000000,0.002200000,0.198300000,0.000000000,0.000000000,false,disabled,84,0,103,3,7,0.005500000,0.002700000,0.001400000,0.006400000,0.002400000,0.000300000,0.331700000,0.010900000,0.038800000,0.007300000,0.004300000,0.059100000,0.000000000,0.000000000,0.010200000,0.481000000,0.008400000,3,1,7,7,3,0.085300000,0.003600000,0.036100000,0.044900000,0.011500000,0.007700000,true,true,0.018500000,0.019500000,0.001400000,0.003500000,0.037000000,103,103,0
1270,1,1,1920,1080,640,360,ultra-performance,0.826100000,0.020900000,0.179200000,0.003000000,0.263600000,0.023800000,0.121300000,0.741500000,0.386800000,2.568600000,1.742500000,2.566200000,0.002400000,0.003800000,0.018100000,0.009800000,0.147200000,0.002700000,0.053200000,0.002600000,0.205200000,0.000000000,0.000000000,false,disabled,84,0,103,3,7,0.005000000,0.002800000,0.001300000,0.006800000,0.007400000,0.001300000,0.373600000,0.025000000,0.074000000,0.015200000,0.010300000,0.177900000,0.000000000,0.000000000,0.023100000,0.723700000,0.017800000,3,1,7,7,3,0.087100000,0.003900000,0.037800000,0.045900000,0.012700000,0.008100000,true,true,0.017500000,0.020000000,0.001400000,0.003700000,0.038400000,103,103,0
1271,2,1,1920,1080,640,360,ultra-performance,0.562200000,0.021300000,0.184100000,0.003000000,0.258100000,0.023700000,0.119300000,0.762600000,0.210200000,2.146900000,1.584700000,2.144500000,0.002400000,0.003600000,0.018000000,0.009900000,0.152100000,0.002800000,0.052100000,0.002300000,0.201300000,0.000000000,0.000000000,false,disabled,84,0,103,3,7,0.006400000,0.002800000,0.001200000,0.006800000,0.006000000,0.001400000,0.444300000,0.027700000,0.063100000,0.020000000,0.009900000,0.129300000,0.000100000,0.000000000,0.023100000,0.742100000,0.020500000,3,1,7,7,3,0.087100000,0.003700000,0.037200000,0.044500000,0.012300000,0.007900000,true,true,0.018200000,0.019600000,0.001400000,0.003700000,0.038700000,103,103,0
1272,0,1,1920,1080,640,360,ultra-performance,0.486900000,0.018700000,0.178300000,0.002600000,0.252300000,0.022800000,0.118200000,0.644900000,0.147100000,1.872900000,1.386000000,1.871800000,0.001100000,0.003300000,0.017900000,0.009800000,0.146800000,0.002400000,0.051000000,0.002500000,0.196500000,0.000000000,0.000000000,false,disabled,84,0,103,3,7,0.007200000,0.002700000,0.001200000,0.006800000,0.002400000,0.000500000,0.394900000,0.010700000,0.129300000,0.007200000,0.004000000,0.057700000,0.000000000,0.000000000,0.010000000,0.634600000,0.010300000,3,1,7,7,3,0.086200000,0.003800000,0.035600000,0.042300000,0.011400000,0.008200000,true,true,0.018000000,0.019400000,0.001800000,0.003500000,0.038200000,103,103,0
1273,1,1,1920,1080,640,360,ultra-performance,0.728000000,0.034200000,0.212500000,0.002700000,0.249400000,0.021500000,0.113400000,0.571100000,0.141900000,2.075800000,1.347800000,2.074700000,0.001100000,0.006300000,0.036300000,0.014000000,0.155200000,0.002600000,0.054400000,0.002200000,0.190600000,0.000000000,0.000000000,false,disabled,84,0,103,3,7,0.006200000,0.002400000,0.001200000,0.006800000,0.002600000,0.000400000,0.321700000,0.014300000,0.109200000,0.008400000,0.004300000,0.075100000,0.000000000,0.000000000,0.009500000,0.562100000,0.009000000,3,1,7,7,3,0.085500000,0.003500000,0.034100000,0.040200000,0.011400000,0.007200000,true,true,0.018400000,0.020500000,0.001400000,0.003100000,0.036700000,103,103,0
1274,2,1,1920,1080,640,360,ultra-performance,0.679200000,0.019800000,0.178700000,0.002700000,0.263100000,0.023400000,0.116900000,0.639200000,0.163500000,2.087700000,1.408500000,2.086500000,0.001200000,0.003200000,0.018400000,0.010200000,0.146400000,0.002500000,0.056500000,0.002300000,0.201800000,0.000000000,0.000000000,false,disabled,84,0,103,3,7,0.005000000,0.003000000,0.001300000,0.007000000,0.003300000,0.000600000,0.411700000,0.014800000,0.076900000,0.008700000,0.005300000,0.080400000,0.000000000,0.000000000,0.010300000,0.628300000,0.010900000,3,1,7,7,3,0.087600000,0.003800000,0.036200000,0.045100000,0.012000000,0.007800000,true,true,0.018000000,0.020000000,0.001400000,0.003500000,0.039000000,103,103,0
1275,0,1,1920,1080,640,360,ultra-performance,1.059900000,0.031000000,0.182100000,0.002900000,0.261700000,0.022400000,0.116700000,0.577000000,0.140900000,2.395600000,1.335700000,2.394600000,0.001000000,0.003700000,0.018200000,0.010100000,0.149400000,0.002800000,0.051800000,0.002100000,0.205500000,0.000000000,0.000000000,false,disabled,84,0,103,3,7,0.006000000,0.002800000,0.001200000,0.006500000,0.002800000,0.000500000,0.323400000,0.014000000,0.124300000,0.008300000,0.004900000,0.063900000,0.000100000,0.000000000,0.009900000,0.568600000,0.008400000,3,1,7,7,3,0.092600000,0.003700000,0.036000000,0.044700000,0.011800000,0.007600000,true,true,0.017800000,0.027000000,0.001400000,0.004000000,0.037000000,103,103,0
1276,1,1,1920,1080,640,360,ultra-performance,0.607700000,0.014800000,0.182100000,0.002800000,0.237100000,0.020200000,0.105400000,0.700300000,0.319100000,2.191800000,1.584100000,2.189500000,0.002300000,0.002800000,0.016200000,0.010000000,0.152600000,0.002500000,0.051000000,0.001800000,0.182200000,0.000000000,0.000000000,false,disabled,84,0,103,3,7,0.004500000,0.002200000,0.001000000,0.007000000,0.005400000,0.001300000,0.336200000,0.017000000,0.075000000,0.010900000,0.006200000,0.193100000,0.000000000,0.000000000,0.024400000,0.684200000,0.016100000,3,1,7,7,3,0.082800000,0.003200000,0.032300000,0.038300000,0.010700000,0.006600000,true,true,0.017000000,0.020000000,0.001300000,0.003000000,0.036100000,103,103,0
1277,2,1,1920,1080,640,360,ultra-performance,0.682000000,0.023500000,0.179600000,0.002600000,0.251500000,0.022300000,0.119600000,0.736100000,0.151200000,2.169700000,1.487700000,2.168400000,0.001300000,0.003600000,0.018200000,0.010400000,0.146900000,0.002500000,0.051300000,0.002200000,0.195600000,0.000000000,0.000000000,false,disabled,84,0,103,3,7,0.004600000,0.002800000,0.001300000,0.006600000,0.005800000,0.001500000,0.385700000,0.020900000,0.132400000,0.014300000,0.007600000,0.127900000,0.000100000,0.000000000,0.009500000,0.721000000,0.015100000,3,1,7,7,3,0.085000000,0.003700000,0.036400000,0.042000000,0.011500000,0.007700000,true,true,0.017000000,0.020200000,0.001400000,0.004000000,0.036900000,103,103,0
1278,0,1,1920,1080,640,360,ultra-performance,0.480900000,0.019600000,0.179000000,0.002800000,0.263800000,0.025200000,0.122200000,0.506700000,0.151000000,1.752200000,1.271300000,1.751200000,0.001000000,0.003100000,0.018100000,0.010000000,0.147300000,0.002700000,0.051900000,0.002800000,0.206600000,0.000000000,0.000000000,false,disabled,84,0,103,3,7,0.006500000,0.002700000,0.001300000,0.007400000,0.002700000,0.000600000,0.312700000,0.013600000,0.054800000,0.008700000,0.004100000,0.073000000,0.000000000,0.000000000,0.009100000,0.497200000,0.009500000,3,1,7,7,3,0.087900000,0.004000000,0.038700000,0.045700000,0.012800000,0.008100000,true,true,0.018000000,0.019700000,0.001500000,0.003900000,0.039100000,103,103,0
1279,1,1,1920,1080,640,360,ultra-performance,1.156400000,0.045200000,0.396500000,0.005500000,0.531900000,0.023200000,0.122300000,0.786900000,0.164600000,3.234000000,2.077600000,3.232500000,0.001500000,0.007200000,0.039000000,0.022000000,0.327300000,0.005000000,0.114200000,0.004800000,0.409900000,0.000000000,0.000000000,false,disabled,84,0,103,3,7,0.004900000,0.002700000,0.001100000,0.006700000,0.003600000,0.001000000,0.426100000,0.031000000,0.108200000,0.019200000,0.009700000,0.144200000,0.000000000,0.000000000,0.010600000,0.769000000,0.017900000,3,1,7,7,3,0.189000000,0.008200000,0.080300000,0.085100000,0.020000000,0.008400000,true,true,0.039400000,0.043700000,0.002400000,0.007900000,0.083200000,103,103,0
1280,2,1,1920,1080,640,360,ultra-performance,0.001800000,0.019500000,0.182700000,0.003000000,0.256100000,0.024100000,0.128500000,0.504200000,0.158600000,1.279700000,1.277900000,1.278500000,0.001200000,0.003200000,0.017500000,0.009800000,0.151600000,0.002800000,0.051700000,0.002300000,0.199700000,0.000000000,0.000000000,false,disabled,84,0,103,3,7,0.006900000,0.002800000,0.001200000,0.006900000,0.002700000,0.000600000,0.326700000,0.016300000,0.037300000,0.009400000,0.004900000,0.068500000,0.000100000,0.000000000,0.011100000,0.495400000,0.008800000,3,1,7,7,3,0.087400000,0.003700000,0.036400000,0.043000000,0.012100000,0.008100000,true,true,0.017800000,0.019700000,0.001300000,0.003700000,0.039200000,103,103,0
1281,0,1,1920,1080,640,360,ultra-performance,1.061100000,0.019600000,0.177800000,0.002600000,0.250100000,0.023100000,0.116500000,0.539200000,0.148300000,2.339600000,1.278500000,2.338300000,0.001300000,0.003300000,0.017800000,0.009700000,0.146500000,0.002400000,0.051400000,0.002200000,0.194100000,0.000000000,0.000000000,false,disabled,84,0,103,3,7,0.004800000,0.002600000,0.001200000,0.006700000,0.002500000,0.000400000,0.303500000,0.012000000,0.104400000,0.008600000,0.005100000,0.067000000,0.000100000,0.000000000,0.010200000,0.529100000,0.010100000,3,1,7,7,3,0.085300000,0.003700000,0.035500000,0.042500000,0.011200000,0.007500000,true,true,0.017700000,0.019100000,0.001500000,0.003600000,0.037800000,103,103,0
1282,1,1,1920,1080,640,360,ultra-performance,0.634900000,0.022700000,0.190700000,0.002600000,0.255400000,0.023500000,0.117600000,0.634800000,0.175600000,2.059000000,1.424100000,2.057800000,0.001200000,0.003200000,0.017300000,0.009700000,0.160100000,0.002400000,0.053800000,0.002300000,0.197100000,0.000000000,0.000000000,false,disabled,84,0,103,3,7,0.005600000,0.002800000,0.001300000,0.007000000,0.002300000,0.000600000,0.482400000,0.018600000,0.006300000,0.008200000,0.004200000,0.077400000,0.000000000,0.000000000,0.010300000,0.627000000,0.007800000,3,1,7,7,3,0.086900000,0.003600000,0.036500000,0.041700000,0.012200000,0.007500000,true,true,0.017700000,0.020300000,0.001500000,0.003500000,0.038400000,103,103,0
1283,2,1,1920,1080,640,360,ultra-performance,0.851100000,0.018900000,0.178200000,0.002400000,0.249600000,0.022200000,0.122500000,0.624400000,0.146500000,2.216900000,1.365800000,2.215800000,0.001100000,0.003300000,0.017900000,0.009700000,0.146900000,0.002300000,0.051200000,0.002200000,0.193800000,0.000000000,0.000000000,false,disabled,84,0,103,3,7,0.004600000,0.002600000,0.001100000,0.006800000,0.005600000,0.000900000,0.346300000,0.013000000,0.126900000,0.008900000,0.005200000,0.083000000,0.000000000,0.000000000,0.009900000,0.614800000,0.009600000,3,1,7,7,3,0.082800000,0.003600000,0.035100000,0.044600000,0.011400000,0.007500000,true,true,0.017100000,0.019400000,0.001200000,0.002600000,0.037000000,103,103,0
1284,0,1,1920,1080,640,360,ultra-performance,1.401500000,0.043200000,0.279000000,0.002800000,0.262800000,0.023000000,0.116700000,0.497500000,0.157900000,2.785600000,1.384100000,2.784400000,0.001200000,0.007700000,0.039800000,0.022000000,0.208600000,0.002600000,0.051100000,0.002400000,0.206900000,0.000000000,0.000000000,false,disabled,84,0,103,3,7,0.004700000,0.002700000,0.001100000,0.013100000,0.003500000,0.000600000,0.289900000,0.015200000,0.052100000,0.009500000,0.005500000,0.079100000,0.000000000,0.000000000,0.011000000,0.488000000,0.009500000,3,1,7,7,3,0.094300000,0.003600000,0.035400000,0.044900000,0.011800000,0.007800000,true,true,0.017700000,0.028000000,0.001400000,0.003500000,0.038200000,103,103,0
1285,1,1,1920,1080,640,360,ultra-performance,0.549500000,0.018100000,0.185200000,0.002900000,0.249800000,0.021300000,0.114900000,0.655400000,0.159500000,1.957700000,1.408200000,1.956600000,0.001100000,0.003300000,0.017500000,0.010200000,0.153500000,0.002700000,0.051600000,0.002300000,0.193600000,0.000000000,0.000000000,false,disabled,84,0,103,3,7,0.004900000,0.002900000,0.001200000,0.006700000,0.003600000,0.000700000,0.389000000,0.016900000,0.111700000,0.009700000,0.006000000,0.078700000,0.000000000,0.000000000,0.009700000,0.641700000,0.013700000,3,1,7,7,3,0.084500000,0.003700000,0.035300000,0.042400000,0.011500000,0.007500000,true,true,0.017400000,0.019500000,0.001300000,0.003800000,0.037000000,103,103,0
1286,2,1,1920,1080,640,360,ultra-performance,0.888900000,0.023000000,0.198700000,0.002700000,0.252500000,0.021600000,0.115600000,0.555500000,0.156300000,2.215800000,1.326900000,2.214800000,0.001000000,0.003600000,0.018400000,0.010600000,0.165400000,0.002600000,0.051100000,0.002400000,0.197000000,0.000000000,0.000000000,false,disabled,84,0,103,3,7,0.007100000,0.002700000,0.001100000,0.006600000,0.002500000,0.000700000,0.318700000,0.015800000,0.088500000,0.017500000,0.007400000,0.066700000,0.000100000,0.000000000,0.008600000,0.544000000,0.011500000,3,1,7,7,3,0.085000000,0.003700000,0.035200000,0.044200000,0.011400000,0.007700000,true,true,0.017700000,0.019600000,0.001300000,0.003700000,0.037100000,103,103,0
1287,0,1,1920,1080,640,360,ultra-performance,0.757500000,0.014200000,0.178400000,0.002300000,0.236800000,0.020600000,0.106600000,0.531200000,0.180200000,2.028800000,1.271300000,2.027800000,0.001000000,0.002800000,0.016300000,0.010000000,0.148900000,0.002200000,0.050800000,0.002000000,0.181700000,0.000000000,0.000000000,false,disabled,84,0,103,3,7,0.005300000,0.002300000,0.001000000,0.006400000,0.002400000,0.000400000,0.263200000,0.010300000,0.136000000,0.008000000,0.004000000,0.069500000,0.000000000,0.000000000,0.010800000,0.519600000,0.011600000,3,1,7,7,3,0.081600000,0.003400000,0.033700000,0.038000000,0.010500000,0.006300000,true,true,0.017300000,0.019100000,0.001700000,0.002600000,0.035800000,103,103,0
1288,1,1,1920,1080,640,360,ultra-performance,1.003800000,0.035100000,0.398900000,0.005200000,0.283200000,0.021700000,0.141300000,0.573700000,0.153000000,2.617200000,1.613400000,2.615900000,0.001300000,0.006700000,0.036800000,0.020800000,0.333600000,0.004900000,0.083200000,0.002000000,0.195700000,0.000000000,0.000000000,false,disabled,84,0,103,3,7,0.007900000,0.002600000,0.001100000,0.006800000,0.002400000,0.000700000,0.321700000,0.014200000,0.109800000,0.008900000,0.004700000,0.071800000,0.000100000,0.000000000,0.009600000,0.562300000,0.011400000,3,1,7,7,3,0.090400000,0.003600000,0.034300000,0.040100000,0.011000000,0.007400000,true,true,0.017300000,0.026000000,0.001300000,0.003400000,0.037000000,103,103,0
1289,2,1,1920,1080,640,360,ultra-performance,0.398100000,0.029200000,0.408200000,0.004900000,0.261600000,0.020900000,0.106000000,0.618700000,0.154900000,2.003800000,1.605700000,2.002500000,0.001300000,0.005700000,0.035700000,0.021300000,0.344800000,0.004500000,0.069200000,0.002000000,0.188000000,0.000000000,0.000000000,false,disabled,84,0,103,3,7,0.006900000,0.002500000,0.001100000,0.006500000,0.002800000,0.000700000,0.300800000,0.014700000,0.177500000,0.010500000,0.005400000,0.068900000,0.000000000,0.000000000,0.008900000,0.607200000,0.011500000,3,1,7,7,3,0.087700000,0.003300000,0.033200000,0.038300000,0.010600000,0.006700000,true,true,0.016900000,0.024600000,0.001200000,0.003000000,0.036700000,103,103,0
1290,0,1,1920,1080,640,360,ultra-performance,0.964100000,0.029100000,0.396900000,0.004700000,0.463900000,0.021100000,0.104300000,0.579900000,0.125500000,2.690600000,1.726500000,2.689500000,0.001100000,0.005700000,0.036100000,0.021100000,0.332900000,0.004600000,0.115400000,0.003800000,0.342600000,0.000000000,0.000000000,false,disabled,84,0,103,3,7,0.005700000,0.002000000,0.001100000,0.006300000,0.002900000,0.000500000,0.345900000,0.012200000,0.114800000,0.006900000,0.004400000,0.060600000,0.000000000,0.000000000,0.008700000,0.572000000,0.007900000,3,1,7,7,3,0.179400000,0.007200000,0.069600000,0.053000000,0.010300000,0.006100000,true,true,0.037600000,0.042600000,0.002100000,0.005400000,0.080000000,103,103,0
1291,1,1,1920,1080,640,360,ultra-performance,0.001400000,0.019500000,0.177600000,0.002900000,0.262000000,0.022800000,0.119100000,0.485900000,0.280600000,1.373000000,1.371600000,1.371800000,0.001200000,0.003300000,0.017700000,0.009800000,0.146100000,0.002800000,0.051700000,0.002200000,0.205700000,0.000000000,0.000000000,false,disabled,84,0,103,3,7,0.004600000,0.002700000,0.001200000,0.007000000,0.002500000,0.000300000,0.289000000,0.011600000,0.055800000,0.007100000,0.003900000,0.083000000,0.000100000,0.000000000,0.009000000,0.477800000,0.008100000,3,1,7,7,3,0.086000000,0.003700000,0.036200000,0.043000000,0.020400000,0.007900000,true,true,0.017500000,0.019500000,0.001600000,0.003600000,0.038300000,103,103,0
1292,2,1,1920,1080,640,360,ultra-performance,1.159400000,0.018100000,0.193100000,0.002800000,0.250400000,0.021800000,0.114800000,0.509300000,0.161500000,2.432500000,1.273100000,2.431200000,0.001300000,0.003200000,0.016800000,0.009600000,0.163000000,0.002700000,0.053700000,0.002300000,0.192100000,0.000000000,0.000000000,false,disabled,84,0,103,3,7,0.004700000,0.002500000,0.001200000,0.006700000,0.002800000,0.000700000,0.355400000,0.013700000,0.019500000,0.008500000,0.004800000,0.068600000,0.000000000,0.000000000,0.011100000,0.500200000,0.009100000,3,1,7,7,3,0.085300000,0.003600000,0.034800000,0.040600000,0.011900000,0.007600000,true,true,0.017300000,0.020200000,0.001300000,0.003100000,0.037900000,103,103,0
1293,0,1,1920,1080,640,360,ultra-performance,1.301600000,0.022000000,0.178500000,0.002500000,0.251700000,0.022400000,0.118100000,0.491700000,0.153300000,2.543000000,1.241400000,2.541800000,0.001200000,0.003800000,0.018000000,0.009500000,0.146800000,0.002300000,0.051500000,0.002300000,0.195500000,0.000000000,0.000000000,false,disabled,84,0,103,3,7,0.004900000,0.002800000,0.001200000,0.006400000,0.002400000,0.000400000,0.225000000,0.011600000,0.142300000,0.008300000,0.004200000,0.063500000,0.000100000,0.000000000,0.010500000,0.483600000,0.008100000,3,1,7,7,3,0.084500000,0.003700000,0.035100000,0.044500000,0.011500000,0.007400000,true,true,0.018100000,0.019300000,0.001500000,0.003600000,0.036500000,103,103,0
1294,1,1,1920,1080,640,360,ultra-performance,0.719700000,0.016700000,0.184200000,0.002300000,0.246600000,0.021000000,0.118000000,0.461900000,0.145200000,1.916700000,1.197000000,1.915600000,0.001100000,0.003100000,0.016700000,0.009600000,0.154300000,0.002100000,0.052700000,0.001900000,0.189500000,0.000000000,0.000000000,false,disabled,84,0,103,3,7,0.004600000,0.002500000,0.001100000,0.006600000,0.002200000,0.000500000,0.311700000,0.011100000,0.030800000,0.007100000,0.003900000,0.059500000,0.000100000,0.000000000,0.010900000,0.452600000,0.009300000,3,1,7,7,3,0.084700000,0.003500000,0.034100000,0.040300000,0.011500000,0.007100000,true,true,0.017300000,0.020700000,0.001300000,0.003400000,0.036500000,103,103,0
1295,2,1,1920,1080,640,360,ultra-performance,1.155400000,0.022500000,0.178400000,0.002300000,0.259300000,0.021800000,0.116100000,0.682200000,0.160700000,2.599700000,1.444300000,2.598700000,0.001000000,0.003700000,0.018100000,0.009700000,0.146500000,0.002200000,0.051100000,0.002100000,0.203700000,0.000000000,0.000000000,false,disabled,84,0,103,3,7,0.006900000,0.002800000,0.001100000,0.006600000,0.002500000,0.000400000,0.343900000,0.014400000,0.195000000,0.008800000,0.004700000,0.075500000,0.000100000,0.000000000,0.010800000,0.673500000,0.008700000,3,1,7,7,3,0.092900000,0.003700000,0.035100000,0.044100000,0.011300000,0.007400000,true,true,0.017600000,0.027700000,0.001300000,0.003600000,0.037200000,103,103,0
1296,0,1,1920,1080,640,360,ultra-performance,0.640800000,0.042600000,0.388400000,0.002800000,0.259500000,0.023500000,0.118600000,0.654600000,0.316300000,2.448500000,1.807700000,2.447100000,0.001400000,0.008300000,0.040300000,0.022400000,0.316600000,0.002600000,0.051500000,0.002400000,0.203100000,0.000000000,0.000000000,false,disabled,84,0,103,3,7,0.004500000,0.002700000,0.001200000,0.006900000,0.002400000,0.000400000,0.411000000,0.011700000,0.112800000,0.007700000,0.005000000,0.071200000,0.000100000,0.000000000,0.009900000,0.647500000,0.007100000,3,1,7,7,3,0.087600000,0.003700000,0.036400000,0.045200000,0.012500000,0.008200000,true,true,0.018500000,0.019500000,0.001600000,0.003600000,0.038800000,103,103,0
1297,1,1,1920,1080,640,360,ultra-performance,0.003800000,0.030800000,0.429800000,0.006400000,0.295000000,0.022800000,0.115500000,0.502200000,0.155800000,1.563400000,1.559600000,1.562100000,0.001300000,0.006100000,0.036800000,0.021600000,0.364300000,0.006100000,0.096700000,0.002000000,0.194000000,0.000000000,0.000000000,false,disabled,84,0,103,3,7,0.004700000,0.002600000,0.001200000,0.006900000,0.002600000,0.000600000,0.308800000,0.015900000,0.048800000,0.009700000,0.004700000,0.076700000,0.000000000,0.000000000,0.010100000,0.493300000,0.008900000,3,1,7,7,3,0.086600000,0.003700000,0.035500000,0.040900000,0.011800000,0.007600000,true,true,0.017900000,0.020200000,0.001400000,0.003300000,0.038300000,103,103,0
1298,2,1,1920,1080,640,360,ultra-performance,0.732300000,0.018800000,0.178500000,0.002600000,0.252600000,0.021800000,0.116900000,0.491600000,0.153500000,1.969800000,1.237500000,1.968600000,0.001200000,0.003400000,0.018000000,0.009600000,0.147200000,0.002300000,0.051800000,0.002100000,0.196400000,0.000000000,0.000000000,false,disabled,84,0,103,3,7,0.004500000,0.002800000,0.001100000,0.006700000,0.002400000,0.000400000,0.322100000,0.012000000,0.047100000,0.007500000,0.004300000,0.062400000,0.000000000,0.000000000,0.009700000,0.483000000,0.008600000,3,1,7,7,3,0.086900000,0.003700000,0.034800000,0.042700000,0.011900000,0.007300000,true,true,0.017700000,0.019700000,0.001300000,0.003900000,0.038700000,103,103,0
1299,0,1,1920,1080,640,360,ultra-performance,1.336200000,0.020900000,0.186100000,0.002800000,0.253900000,0.023200000,0.116000000,0.521300000,0.154000000,2.615600000,1.279400000,2.614400000,0.001200000,0.003800000,0.017900000,0.009700000,0.154200000,0.002600000,0.051400000,0.002300000,0.197800000,0.000000000,0.000000000,false,disabled,84,0,103,3,7,0.004600000,0.002800000,0.001200000,0.006700000,0.002600000,0.000600000,0.340000000,0.015300000,0.048300000,0.009600000,0.004500000,0.067000000,0.000000000,0.000000000,0.009200000,0.512400000,0.008900000,3,1,7,7,3,0.085000000,0.003700000,0.036400000,0.044400000,0.011700000,0.007700000,true,true,0.017600000,0.019200000,0.001600000,0.003500000,0.037700000,103,103,0
1300,1,1,1920,1080,640,360,ultra-performance,0.646400000,0.018800000,0.176900000,0.002800000,0.249700000,0.021400000,0.115900000,0.604000000,0.151300000,1.988400000,1.342000000,1.987200000,0.001200000,0.003200000,0.017300000,0.010400000,0.145700000,0.002700000,0.051700000,0.002200000,0.193400000,0.000000000,0.000000000,false,disabled,84,0,103,3,7,0.004500000,0.002700000,0.001200000,0.006600000,0.002600000,0.000300000,0.365300000,0.012400000,0.067200000,0.008600000,0.004400000,0.108000000,0.000000000,0.000000000,0.009600000,0.593400000,0.010600000,3,1,7,7,3,0.085400000,0.003700000,0.034700000,0.042100000,0.011300000,0.007300000,true,true,0.017100000,0.019500000,0.001700000,0.003700000,0.037900000,103,103,0
1301,2,1,1920,1080,640,360,ultra-performance,0.937900000,0.018400000,0.175700000,0.002500000,0.243800000,0.021300000,0.112800000,0.550200000,0.143500000,2.207300000,1.269400000,2.206100000,0.001200000,0.003100000,0.016900000,0.009300000,0.146100000,0.002300000,0.050900000,0.002000000,0.188600000,0.000000000,0.000000000,false,disabled,84,0,103,3,7,0.006000000,0.002500000,0.001200000,0.006700000,0.002700000,0.000400000,0.294900000,0.011200000,0.122800000,0.010900000,0.004100000,0.063400000,0.000000000,0.000000000,0.010100000,0.536900000,0.013300000,3,1,7,7,3,0.083200000,0.003600000,0.034900000,0.040000000,0.011400000,0.007100000,true,true,0.017400000,0.018900000,0.001300000,0.003200000,0.037000000,103,103,0
1302,0,1,1920,1080,640,360,ultra-performance,0.718200000,0.019700000,0.184900000,0.002800000,0.255300000,0.023600000,0.116100000,0.620500000,0.146300000,2.088500000,1.370300000,2.087400000,0.001100000,0.003200000,0.018100000,0.010600000,0.152600000,0.002500000,0.051500000,0.002400000,0.199300000,0.000000000,0.000000000,false,disabled,84,0,103,3,7,0.007000000,0.002800000,0.001100000,0.006900000,0.002100000,0.000400000,0.346400000,0.009800000,0.001600000,0.006400000,0.003500000,0.214200000,0.000000000,0.000000000,0.010600000,0.612800000,0.007700000,3,1,7,7,3,0.086100000,0.003800000,0.035800000,0.044800000,0.011900000,0.008100000,true,true,0.017600000,0.019400000,0.001600000,0.003700000,0.038200000,103,103,0
1303,1,1,1920,1080,640,360,ultra-performance,0.977200000,0.050700000,0.419600000,0.005300000,0.567700000,0.050200000,0.164400000,0.879300000,0.163200000,3.279200000,2.302000000,3.277600000,0.001600000,0.012100000,0.046300000,0.025900000,0.333900000,0.004800000,0.114400000,0.004900000,0.443200000,0.000000000,0.000000000,false,disabled,84,0,103,3,7,0.004800000,0.002700000,0.001200000,0.006600000,0.007500000,0.001500000,0.402100000,0.027100000,0.110300000,0.024200000,0.010900000,0.251800000,0.000000000,0.000000000,0.011900000,0.862600000,0.016700000,3,1,7,7,3,0.190200000,0.008400000,0.080600000,0.100100000,0.027000000,0.017100000,true,true,0.038200000,0.045200000,0.002300000,0.007900000,0.084200000,103,103,0
1304,2,1,1920,1080,640,360,ultra-performance,0.001800000,0.019800000,0.176900000,0.002400000,0.247700000,0.023500000,0.115600000,0.744300000,0.363400000,1.698800000,1.697000000,1.695400000,0.003400000,0.003100000,0.017400000,0.009600000,0.146100000,0.002100000,0.051200000,0.002000000,0.192100000,0.000000000,0.000000000,false,disabled,84,0,103,3,7,0.005800000,0.002800000,0.001100000,0.006700000,0.008900000,0.001700000,0.355100000,0.026000000,0.128500000,0.016200000,0.011900000,0.120500000,0.000100000,0.000000000,0.027800000,0.713100000,0.031200000,3,1,7,7,3,0.085100000,0.003700000,0.034300000,0.041800000,0.011300000,0.007400000,true,true,0.017700000,0.019800000,0.001200000,0.003500000,0.037300000,103,103,0
1305,0,1,1920,1080,640,360,ultra-performance,0.524400000,0.017000000,0.184700000,0.002600000,0.243900000,0.024600000,0.117000000,0.478800000,0.165300000,1.759700000,1.235300000,1.758300000,0.001400000,0.003300000,0.018500000,0.010000000,0.152300000,0.002400000,0.052200000,0.001800000,0.187600000,0.000000000,0.000000000,false,disabled,84,0,103,3,7,0.007600000,0.002200000,0.001400000,0.006200000,0.002500000,0.000600000,0.320000000,0.010700000,0.032200000,0.005800000,0.002800000,0.067000000,0.000000000,0.000000000,0.010200000,0.469200000,0.009600000,3,1,7,7,3,0.084600000,0.003400000,0.034900000,0.038000000,0.011600000,0.006700000,true,true,0.018900000,0.018900000,0.001200000,0.003100000,0.037300000,103,103,0
1306,1,1,1920,1080,640,360,ultra-performance,0.667000000,0.021100000,0.192100000,0.002900000,0.266200000,0.024300000,0.120700000,0.689700000,0.242800000,2.229700000,1.562700000,2.226800000,0.002900000,0.003100000,0.024600000,0.010200000,0.153700000,0.002700000,0.054000000,0.002300000,0.207100000,0.000000000,0.000000000,false,disabled,84,0,103,3,7,0.005200000,0.002900000,0.001100000,0.007000000,0.005700000,0.001400000,0.355800000,0.024900000,0.113100000,0.014500000,0.006700000,0.110500000,0.000000000,0.000000000,0.023000000,0.671800000,0.017900000,3,1,7,7,3,0.088800000,0.004100000,0.038000000,0.045800000,0.012800000,0.008200000,true,true,0.017900000,0.020700000,0.001700000,0.003600000,0.038700000,103,103,0
1307,2,1,1920,1080,640,360,ultra-performance,0.638000000,0.019700000,0.178000000,0.002600000,0.250500000,0.021500000,0.116000000,0.473700000,0.146600000,1.847700000,1.209700000,1.846600000,0.001100000,0.003300000,0.017600000,0.009500000,0.147100000,0.002400000,0.052900000,0.002100000,0.193200000,0.000000000,0.000000000,false,disabled,84,0,103,3,7,0.004900000,0.002900000,0.001200000,0.006700000,0.002300000,0.000300000,0.314300000,0.012600000,0.020100000,0.007400000,0.004200000,0.078900000,0.000000000,0.000000000,0.010200000,0.466000000,0.007700000,3,1,7,7,3,0.083500000,0.003700000,0.035400000,0.042500000,0.011300000,0.007600000,true,true,0.017500000,0.019400000,0.001200000,0.003500000,0.036400000,103,103,0
1308,0,1,1920,1080,640,360,ultra-performance,1.022300000,0.021400000,0.177500000,0.002400000,0.261000000,0.023200000,0.115500000,0.579600000,0.201700000,2.405700000,1.383400000,2.404600000,0.001100000,0.003700000,0.018100000,0.009800000,0.145500000,0.002300000,0.051300000,0.002100000,0.205200000,0.000000000,0.000000000,false,disabled,84,0,103,3,7,0.004700000,0.002800000,0.001200000,0.006700000,0.002700000,0.000400000,0.322000000,0.017500000,0.060800000,0.019300000,0.008300000,0.113100000,0.000100000,0.000000000,0.010200000,0.569800000,0.009800000,3,1,7,7,3,0.094100000,0.003700000,0.035000000,0.044300000,0.011300000,0.007600000,true,true,0.026300000,0.019300000,0.001500000,0.003700000,0.037900000,103,103,0
1309,1,1,1920,1080,640,360,ultra-performance,0.665400000,0.018800000,0.191500000,0.002900000,0.257100000,0.023500000,0.121700000,0.482600000,0.120600000,1.885400000,1.220000000,1.884100000,0.001300000,0.003500000,0.018200000,0.010300000,0.159000000,0.002700000,0.051800000,0.002400000,0.200400000,0.000000000,0.000000000,false,disabled,84,0,103,3,7,0.004800000,0.003000000,0.001200000,0.007300000,0.002400000,0.000500000,0.345200000,0.012600000,0.016500000,0.012500000,0.003500000,0.054300000,0.000100000,0.000000000,0.009900000,0.473800000,0.008800000,3,1,7,7,3,0.085800000,0.003800000,0.036900000,0.045100000,0.012000000,0.007800000,true,true,0.017700000,0.020000000,0.001300000,0.003600000,0.037500000,103,103,0
1310,2,1,1920,1080,640,360,ultra-performance,1.027400000,0.022600000,0.185300000,0.002400000,0.253100000,0.022000000,0.121900000,0.531600000,0.170200000,2.337600000,1.310200000,2.336500000,0.001100000,0.003600000,0.017800000,0.009900000,0.153300000,0.002200000,0.050800000,0.002300000,0.197700000,0.000000000,0.000000000,false,disabled,84,0,103,3,7,0.004700000,0.003000000,0.001100000,0.006500000,0.002500000,0.000900000,0.364200000,0.014900000,0.021300000,0.008800000,0.004500000,0.079100000,0.000100000,0.000000000,0.011000000,0.522600000,0.009000000,3,1,7,7,3,0.086200000,0.003700000,0.035000000,0.044600000,0.011400000,0.007400000,true,true,0.018000000,0.019800000,0.002000000,0.003600000,0.037300000,103,103,0
1311,0,1,1920,1080,640,360,ultra-performance,0.666900000,0.014000000,0.179900000,0.002100000,0.236000000,0.022100000,0.106300000,0.730100000,0.167100000,2.125700000,1.458800000,2.124500000,0.001200000,0.002700000,0.016200000,0.009700000,0.150800000,0.002000000,0.050700000,0.001600000,0.181400000,0.000000000,0.000000000,false,disabled,84,0,103,3,7,0.004500000,0.002100000,0.001100000,0.006600000,0.003400000,0.000700000,0.342700000,0.017300000,0.245200000,0.011500000,0.006000000,0.066900000,0.000000000,0.000000000,0.010100000,0.718100000,0.012000000,3,1,7,7,3,0.082200000,0.003300000,0.032900000,0.037400000,0.010600000,0.006500000,true,true,0.017400000,0.018700000,0.001400000,0.002700000,0.036900000,103,103,0
1312,1,1,1920,1080,640,360,ultra-performance,1.218700000,0.018300000,0.176800000,0.002900000,0.257600000,0.022300000,0.115900000,0.441000000,0.148100000,2.402600000,1.183900000,2.401600000,0.001000000,0.003300000,0.017500000,0.009600000,0.146000000,0.002800000,0.057700000,0.002100000,0.195500000,0.000000000,0.000000000,false,disabled,84,0,103,3,7,0.005700000,0.002800000,0.001100000,0.006800000,0.002500000,0.000300000,0.294600000,0.012300000,0.025900000,0.007700000,0.004200000,0.059000000,0.000100000,0.000000000,0.010200000,0.433200000,0.007800000,3,1,7,7,3,0.085800000,0.003700000,0.035200000,0.043200000,0.011200000,0.007500000,true,true,0.017700000,0.019500000,0.001400000,0.003600000,0.038200000,103,103,0
1313,2,1,1920,1080,640,360,ultra-performance,0.786200000,0.035700000,0.393000000,0.006200000,0.474400000,0.021500000,0.113500000,0.572100000,0.145900000,2.549700000,1.763500000,2.548500000,0.001200000,0.006300000,0.036700000,0.020600000,0.328400000,0.005700000,0.116200000,0.004400000,0.351200000,0.000000000,0.000000000,false,disabled,84,0,103,3,7,0.004500000,0.002600000,0.001200000,0.006500000,0.002500000,0.000400000,0.294300000,0.010900000,0.138400000,0.007800000,0.004300000,0.074500000,0.000100000,0.000000000,0.009900000,0.557900000,0.014200000,3,1,7,7,3,0.183900000,0.008000000,0.075500000,0.048500000,0.011100000,0.007100000,true,true,0.038300000,0.043100000,0.002100000,0.006900000,0.081800000,103,103,0
1314,0,1,1920,1080,640,360,ultra-performance,0.165400000,0.018200000,0.176600000,0.002500000,0.251900000,0.021500000,0.112200000,0.482300000,0.148500000,1.380200000,1.214800000,1.379100000,0.001100000,0.003000000,0.017000000,0.009600000,0.146600000,0.002200000,0.051900000,0.002200000,0.195500000,0.000000000,0.000000000,false,disabled,84,0,103,3,7,0.006500000,0.002500000,0.001000000,0.006800000,0.002500000,0.000600000,0.293800000,0.013500000,0.049800000,0.008000000,0.004500000,0.073500000,0.000100000,0.000000000,0.010700000,0.473800000,0.008500000,3,1,7,7,3,0.091500000,0.003500000,0.033800000,0.039600000,0.011200000,0.007200000,true,true,0.017600000,0.026400000,0.001400000,0.003500000,0.037300000,103,103,0
1315,1,1,1920,1080,640,360,ultra-performance,1.144900000,0.014600000,0.177400000,0.002200000,0.238500000,0.021800000,0.104800000,0.581500000,0.227900000,2.514700000,1.369800000,2.513600000,0.001100000,0.002900000,0.016300000,0.009700000,0.147900000,0.002000000,0.051000000,0.001800000,0.183600000,0.000000000,0.000000000,false,disabled,84,0,103,3,7,0.004400000,0.002100000,0.000900000,0.006400000,0.002400000,0.000500000,0.431700000,0.009800000,0.039900000,0.006300000,0.003800000,0.053000000,0.000000000,0.000000000,0.009700000,0.570900000,0.010600000,3,1,7,7,3,0.083700000,0.003300000,0.033500000,0.037300000,0.010400000,0.006700000,true,true,0.017700000,0.020000000,0.001300000,0.002900000,0.036600000,103,103,0
1316,2,1,1920,1080,640,360,ultra-performance,1.143000000,0.023400000,0.177500000,0.002500000,0.262100000,0.022400000,0.115800000,0.601200000,0.150300000,2.499600000,1.356600000,2.498200000,0.001400000,0.003600000,0.018200000,0.009500000,0.145700000,0.002300000,0.059100000,0.002100000,0.198700000,0.000000000,0.000000000,false,disabled,84,0,103,3,7,0.006200000,0.002800000,0.001200000,0.006400000,0.002500000,0.000700000,0.370200000,0.015600000,0.041700000,0.017400000,0.007900000,0.107000000,0.000000000,0.000000000,0.009800000,0.589400000,0.011800000,3,1,7,7,3,0.087200000,0.003700000,0.035300000,0.044300000,0.011300000,0.007500000,true,true,0.017600000,0.019800000,0.001500000,0.003600000,0.039000000,103,103,0
1317,0,1,1920,1080,640,360,ultra-performance,0.669000000,0.013900000,0.176900000,0.002800000,0.230200000,0.021000000,0.104100000,0.560100000,0.151800000,1.930900000,1.261900000,1.929800000,0.001100000,0.002700000,0.016000000,0.009600000,0.148200000,0.002700000,0.051400000,0.001700000,0.174900000,0.000000000,0.000000000,false,disabled,84,0,103,3,7,0.006000000,0.002200000,0.001000000,0.006500000,0.002300000,0.000400000,0.335800000,0.009100000,0.105900000,0.007600000,0.003800000,0.061700000,0.000000000,0.000000000,0.010100000,0.552400000,0.007700000,3,1,7,7,3,0.080000000,0.003200000,0.031900000,0.035800000,0.010100000,0.006100000,true,true,0.017300000,0.018500000,0.001300000,0.002700000,0.035100000,103,103,0
1318,1,1,1920,1080,640,360,ultra-performance,1.061900000,0.035500000,0.396700000,0.005700000,0.356600000,0.022300000,0.114000000,0.752800000,0.160400000,2.907400000,1.845500000,2.905900000,0.001500000,0.006700000,0.037500000,0.021500000,0.329800000,0.005300000,0.117100000,0.004400000,0.232600000,0.000000000,0.000000000,false,disabled,84,0,103,3,7,0.004900000,0.002500000,0.001100000,0.006500000,0.007300000,0.001500000,0.319100000,0.023300000,0.239400000,0.013600000,0.010000000,0.099500000,0.000000000,0.000000000,0.010900000,0.739600000,0.013200000,3,1,7,7,3,0.120500000,0.003400000,0.033700000,0.039900000,0.011000000,0.006900000,true,true,0.037900000,0.034900000,0.001700000,0.003400000,0.037000000,103,103,0
1319,2,1,1920,1080,640,360,ultra-performance,0.178500000,0.022100000,0.176400000,0.002700000,0.261000000,0.024200000,0.127100000,0.616400000,0.159000000,1.568800000,1.390300000,1.567400000,0.001400000,0.003400000,0.018400000,0.010200000,0.143900000,0.002600000,0.051900000,0.002500000,0.204400000,0.000000000,0.000000000,false,disabled,84,0,103,3,7,0.006600000,0.002900000,0.001300000,0.007300000,0.002500000,0.000600000,0.345100000,0.012100000,0.145900000,0.006400000,0.003200000,0.064100000,0.000000000,0.000000000,0.010100000,0.608100000,0.008300000,3,1,7,7,3,0.086900000,0.003800000,0.038000000,0.045600000,0.012200000,0.008300000,true,true,0.017800000,0.019500000,0.001600000,0.004100000,0.038200000,103,103,0
1320,0,1,1920,1080,640,360,ultra-performance,0.888800000,0.018200000,0.177100000,0.002600000,0.249000000,0.022200000,0.116900000,0.663400000,0.166200000,2.306800000,1.418000000,2.304400000,0.002400000,0.003300000,0.017700000,0.009400000,0.146100000,0.002400000,0.052000000,0.002100000,0.192400000,0.000000000,0.000000000,false,disabled,84,0,103,3,7,0.004900000,0.002700000,0.001200000,0.006600000,0.004900000,0.000900000,0.329500000,0.018200000,0.115700000,0.015000000,0.007200000,0.116900000,0.000000000,0.000000000,0.024000000,0.647700000,0.015700000,3,1,7,7,3,0.083900000,0.003700000,0.034800000,0.042600000,0.011400000,0.007300000,true,true,0.017000000,0.019200000,0.001500000,0.003200000,0.037500000,103,103,0
1321,1,1,1920,1080,640,360,ultra-performance,0.947900000,0.021800000,0.175900000,0.002800000,0.264200000,0.024100000,0.123700000,0.546900000,0.160700000,2.269200000,1.321300000,2.268000000,0.001200000,0.003700000,0.018300000,0.009800000,0.143600000,0.002700000,0.059400000,0.002300000,0.200100000,0.000000000,0.000000000,false,disabled,84,0,103,3,7,0.004700000,0.002700000,0.001300000,0.007300000,0.002900000,0.000700000,0.227300000,0.016200000,0.182600000,0.009900000,0.004800000,0.062000000,0.000000000,0.000000000,0.010300000,0.532700000,0.014200000,3,1,7,7,3,0.085500000,0.003800000,0.036900000,0.045300000,0.011900000,0.007800000,true,true,0.017400000,0.019500000,0.001400000,0.003700000,0.037900000,103,103,0
1322,2,1,1920,1080,640,360,ultra-performance,0.778600000,0.038000000,0.396300000,0.005700000,0.356100000,0.023200000,0.116100000,0.513400000,0.154000000,2.382500000,1.603900000,2.381400000,0.001100000,0.006700000,0.038300000,0.021500000,0.328800000,0.005300000,0.114400000,0.004900000,0.234200000,0.000000000,0.000000000,false,disabled,84,0,103,3,7,0.007500000,0.002800000,0.001200000,0.006800000,0.002400000,0.000500000,0.217700000,0.012200000,0.169700000,0.008400000,0.004200000,0.059400000,0.000000000,0.000000000,0.010300000,0.503100000,0.010300000,3,1,7,7,3,0.115400000,0.003600000,0.035300000,0.042100000,0.011500000,0.008000000,true,true,0.037200000,0.030100000,0.001200000,0.003600000,0.037500000,103,103,0
1323,0,1,1920,1080,640,360,ultra-performance,0.001700000,0.014900000,0.176900000,0.002500000,0.248200000,0.022000000,0.112300000,0.535200000,0.141000000,1.255700000,1.254000000,1.254700000,0.001000000,0.003000000,0.016600000,0.009200000,0.147600000,0.002300000,0.050600000,0.002000000,0.193100000,0.000000000,0.000000000,false,disabled,84,0,103,3,7,0.005600000,0.002800000,0.001100000,0.006600000,0.002300000,0.000400000,0.323900000,0.010400000,0.056600000,0.006700000,0.003700000,0.097900000,0.000100000,0.000000000,0.009900000,0.528000000,0.007200000,3,1,7,7,3,0.082600000,0.003500000,0.034000000,0.039300000,0.010900000,0.014800000,true,true,0.017300000,0.019300000,0.001400000,0.003300000,0.036000000,103,103,0
1324,1,1,1920,1080,640,360,ultra-performance,1.581700000,0.017200000,0.236900000,0.005700000,0.561900000,0.045900000,0.263400000,0.810700000,0.365900000,3.890600000,2.308900000,3.889300000,0.001300000,0.003000000,0.017400000,0.009400000,0.206500000,0.005300000,0.130200000,0.005800000,0.420900000,0.000000000,0.000000000,false,disabled,84,0,103,3,7,0.010100000,0.005400000,0.002400000,0.014400000,0.003500000,0.000700000,0.487000000,0.015600000,0.076300000,0.009300000,0.006500000,0.155200000,0.000100000,0.000000000,0.010400000,0.796900000,0.013800000,3,1,7,7,3,0.186100000,0.007800000,0.074700000,0.087900000,0.024700000,0.015800000,true,true,0.039800000,0.043200000,0.002300000,0.006800000,0.081400000,103,103,0
1325,2,1,1920,1080,640,360,ultra-performance,0.001800000,0.019000000,0.175000000,0.003000000,0.254600000,0.024400000,0.120900000,0.536400000,0.194300000,1.330800000,1.329000000,1.329400000,0.001400000,0.003200000,0.017300000,0.009800000,0.144300000,0.002800000,0.051900000,0.002200000,0.198100000,0.000000000,0.000000000,false,disabled,84,0,103,3,7,0.006000000,0.002800000,0.001300000,0.007200000,0.002500000,0.000700000,0.335900000,0.013700000,0.064500000,0.006700000,0.003800000,0.067800000,0.000100000,0.000000000,0.010000000,0.523000000,0.013400000,3,1,7,7,3,0.086400000,0.003700000,0.036600000,0.042700000,0.011900000,0.007700000,true,true,0.017900000,0.019300000,0.001600000,0.003700000,0.038600000,103,103,0
1326,0,1,1920,1080,640,360,ultra-performance,0.671200000,0.021000000,0.179200000,0.002500000,0.250600000,0.023300000,0.117200000,0.614800000,0.162400000,2.043200000,1.372000000,2.042200000,0.001000000,0.003300000,0.022600000,0.009700000,0.143200000,0.002300000,0.051000000,0.002400000,0.194900000,0.000000000,0.000000000,false,disabled,84,0,103,3,7,0.006000000,0.002800000,0.001000000,0.006400000,0.002500000,0.000600000,0.343000000,0.013700000,0.134000000,0.008600000,0.004100000,0.071200000,0.000100000,0.000000000,0.010600000,0.604600000,0.010200000,3,1,7,7,3,0.085700000,0.003600000,0.034600000,0.043000000,0.011400000,0.007300000,true,true,0.017600000,0.019400000,0.001400000,0.003700000,0.038200000,103,103,0
1327,1,1,1920,1080,640,360,ultra-performance,1.000200000,0.024400000,0.179400000,0.002200000,0.254100000,0.023000000,0.119700000,0.745400000,0.188300000,2.539400000,1.539200000,2.536700000,0.002700000,0.003700000,0.019200000,0.009500000,0.146500000,0.002000000,0.051200000,0.002200000,0.198300000,0.000000000,0.000000000,false,disabled,84,0,103,3,7,0.006200000,0.003000000,0.001200000,0.006400000,0.007600000,0.001400000,0.397900000,0.020900000,0.118400000,0.013200000,0.007800000,0.115900000,0.000000000,0.000000000,0.027100000,0.727000000,0.018400000,3,1,7,7,3,0.085200000,0.003700000,0.036100000,0.045100000,0.011500000,0.007400000,true,true,0.017900000,0.019500000,0.001400000,0.003900000,0.037000000,103,103,0
1328,2,1,1920,1080,640,360,ultra-performance,0.483500000,0.015200000,0.190100000,0.002300000,0.242300000,0.022600000,0.107300000,0.778200000,0.166400000,2.009000000,1.525500000,2.007900000,0.001100000,0.002900000,0.016800000,0.009700000,0.160400000,0.002100000,0.052700000,0.001900000,0.185700000,0.000000000,0.000000000,false,disabled,84,0,103,3,7,0.006500000,0.002400000,0.001000000,0.006600000,0.003700000,0.000700000,0.425600000,0.014800000,0.077200000,0.008900000,0.006100000,0.203100000,0.000000000,0.000000000,0.010600000,0.767200000,0.011000000,3,1,7,7,3,0.084300000,0.003400000,0.034400000,0.037600000,0.010900000,0.006300000,true,true,0.017400000,0.020400000,0.001200000,0.002900000,0.037000000,103,103,0
1329,0,1,1920,1080,640,360,ultra-performance,0.715200000,0.021400000,0.180200000,0.002800000,0.254400000,0.024000000,0.124900000,0.582900000,0.155000000,2.062300000,1.347100000,2.060800000,0.001500000,0.003800000,0.018300000,0.009800000,0.147900000,0.002700000,0.051600000,0.002200000,0.198100000,0.000000000,0.000000000,false,disabled,84,0,103,3,7,0.006000000,0.002700000,0.001300000,0.006700000,0.002500000,0.000600000,0.306700000,0.015400000,0.141600000,0.009600000,0.004800000,0.063000000,0.000100000,0.000000000,0.010800000,0.571800000,0.011100000,3,1,7,7,3,0.085400000,0.003700000,0.035800000,0.044700000,0.011800000,0.007700000,true,true,0.017900000,0.019300000,0.001600000,0.003500000,0.037600000,103,103,0
1330,1,1,1920,1080,640,360,ultra-performance,0.669600000,0.039700000,0.422000000,0.005500000,0.556000000,0.049300000,0.200800000,0.837300000,0.144800000,2.926200000,2.256600000,2.925000000,0.001200000,0.007200000,0.039300000,0.032000000,0.342300000,0.005100000,0.115400000,0.004800000,0.430700000,0.000000000,0.000000000,false,disabled,84,0,103,3,7,0.006200000,0.002700000,0.001300000,0.006600000,0.002300000,0.000500000,0.323000000,0.011300000,0.388200000,0.008000000,0.004600000,0.062200000,0.000000000,0.000000000,0.010500000,0.827400000,0.009900000,3,1,7,7,3,0.188700000,0.008100000,0.077800000,0.094600000,0.025700000,0.016200000,true,true,0.039000000,0.043100000,0.002300000,0.007700000,0.084200000,103,103,0
1331,2,1,1920,1080,640,360,ultra-performance,0.001700000,0.017800000,0.191800000,0.002500000,0.254800000,0.022400000,0.113500000,0.833100000,0.331300000,1.771300000,1.769600000,1.768900000,0.002400000,0.003000000,0.017400000,0.009500000,0.161400000,0.002400000,0.054200000,0.002200000,0.196200000,0.000000000,0.000000000,false,disabled,84,0,103,3,7,0.005900000,0.002700000,0.001000000,0.007000000,0.005400000,0.001300000,0.405000000,0.027400000,0.039100000,0.018600000,0.009200000,0.270100000,0.000000000,0.000000000,0.022500000,0.815200000,0.017900000,3,1,7,7,3,0.083800000,0.003500000,0.042500000,0.039500000,0.011300000,0.007300000,true,true,0.017700000,0.020000000,0.001300000,0.002900000,0.036600000,103,103,0
1332,0,1,1920,1080,640,360,ultra-performance,0.826600000,0.022200000,0.179700000,0.002900000,0.258100000,0.024000000,0.128100000,0.686000000,0.158700000,2.287300000,1.460700000,2.286300000,0.001000000,0.003700000,0.018400000,0.010000000,0.147200000,0.002600000,0.051700000,0.002400000,0.201600000,0.000000000,0.000000000,false,disabled,84,0,103,3,7,0.006300000,0.002800000,0.001300000,0.006900000,0.002700000,0.000600000,0.395000000,0.015900000,0.145300000,0.009800000,0.005300000,0.071500000,0.000000000,0.000000000,0.010700000,0.674100000,0.011900000,3,1,7,7,3,0.086700000,0.003800000,0.036900000,0.045400000,0.012200000,0.007900000,true,true,0.018200000,0.019300000,0.001700000,0.003700000,0.038200000,103,103,0
1333,1,1,1920,1080,640,360,ultra-performance,0.644400000,0.023700000,0.180200000,0.002700000,0.266600000,0.023900000,0.117000000,0.596700000,0.148100000,2.004500000,1.360100000,2.003300000,0.001200000,0.003800000,0.018600000,0.009900000,0.147400000,0.002500000,0.059900000,0.002300000,0.202100000,0.000000000,0.000000000,false,disabled,84,0,103,3,7,0.006200000,0.002900000,0.001300000,0.006800000,0.002500000,0.000500000,0.362600000,0.013800000,0.068900000,0.012500000,0.005100000,0.094700000,0.000000000,0.000000000,0.010100000,0.587900000,0.008800000,3,1,7,7,3,0.086900000,0.003600000,0.037200000,0.045500000,0.011500000,0.008000000,true,true,0.018400000,0.019900000,0.001400000,0.003600000,0.038000000,103,103,0
1334,2,1,1920,1080,640,360,ultra-performance,0.933600000,0.022300000,0.178400000,0.002600000,0.252500000,0.022700000,0.115800000,0.557300000,0.156700000,2.243000000,1.309400000,2.241900000,0.001100000,0.003800000,0.018400000,0.009700000,0.146200000,0.002400000,0.051100000,0.002400000,0.196700000,0.000000000,0.000000000,false,disabled,84,0,103,3,7,0.004600000,0.002800000,0.001200000,0.006700000,0.002400000,0.000600000,0.335200000,0.014100000,0.085900000,0.009000000,0.004100000,0.072200000,0.000000000,0.000000000,0.010000000,0.548800000,0.008500000,3,1,7,7,3,0.086000000,0.003700000,0.034700000,0.044300000,0.011500000,0.007600000,true,true,0.017800000,0.019200000,0.001300000,0.003700000,0.038400000,103,103,0
1335,0,1,1920,1080,640,360,ultra-performance,0.664400000,0.014100000,0.181100000,0.002200000,0.242300000,0.022700000,0.107700000,0.459600000,0.162500000,1.857400000,1.193000000,1.856600000,0.000800000,0.002700000,0.016600000,0.009700000,0.151600000,0.002100000,0.052600000,0.001800000,0.185600000,0.000000000,0.000000000,false,disabled,84,0,103,3,7,0.004300000,0.002500000,0.001100000,0.006700000,0.002300000,0.000300000,0.312700000,0.009000000,0.038800000,0.006400000,0.003500000,0.054800000,0.000000000,0.000000000,0.009900000,0.452300000,0.007300000,3,1,7,7,3,0.083700000,0.003400000,0.033900000,0.038300000,0.011500000,0.006700000,true,true,0.017600000,0.020200000,0.001300000,0.002600000,0.036900000,103,103,0
1336,1,1,1920,1080,640,360,ultra-performance,1.072900000,0.021600000,0.192800000,0.002600000,0.253800000,0.022400000,0.115900000,0.580600000,0.151400000,2.415300000,1.342400000,2.414000000,0.001300000,0.011400000,0.018500000,0.009900000,0.152600000,0.002500000,0.051400000,0.002200000,0.197500000,0.000000000,0.000000000,false,disabled,84,0,103,3,7,0.004500000,0.002700000,0.001200000,0.006900000,0.002500000,0.000400000,0.318700000,0.016900000,0.105200000,0.012100000,0.006200000,0.081200000,0.000000000,0.000000000,0.010300000,0.568800000,0.011800000,3,1,7,7,3,0.085400000,0.003700000,0.035300000,0.044400000,0.011700000,0.007700000,true,true,0.017600000,0.019400000,0.001300000,0.003600000,0.037900000,103,103,0
1337,2,1,1920,1080,640,360,ultra-performance,0.803200000,0.017000000,0.294000000,0.005300000,0.542200000,0.048400000,0.242500000,0.700500000,0.188900000,2.843000000,2.039800000,2.842000000,0.001000000,0.003100000,0.017500000,0.009700000,0.263100000,0.004800000,0.114600000,0.004600000,0.418400000,0.000000000,0.000000000,false,disabled,84,0,103,3,7,0.011300000,0.005600000,0.002400000,0.014900000,0.002400000,0.000500000,0.395100000,0.011100000,0.151400000,0.008300000,0.004200000,0.072000000,0.000000000,0.000000000,0.010600000,0.689800000,0.010700000,3,1,7,7,3,0.186400000,0.007800000,0.076900000,0.088800000,0.025000000,0.015800000,true,true,0.038700000,0.043000000,0.002200000,0.006900000,0.083400000,103,103,0
1338,0,1,1920,1080,640,360,ultra-performance,0.001700000,0.016900000,0.176700000,0.002600000,0.241100000,0.022100000,0.111500000,0.465400000,0.148400000,1.187600000,1.185900000,1.186400000,0.001200000,0.003000000,0.017000000,0.009600000,0.146600000,0.002400000,0.050200000,0.001900000,0.186700000,0.000000000,0.000000000,false,disabled,84,0,103,3,7,0.005700000,0.002600000,0.001100000,0.006800000,0.003300000,0.000600000,0.293700000,0.014300000,0.021100000,0.009000000,0.005100000,0.083000000,0.000000000,0.000000000,0.010000000,0.456300000,0.009100000,3,1,7,7,3,0.083700000,0.003500000,0.033900000,0.039100000,0.011100000,0.007100000,true,true,0.017500000,0.019200000,0.001400000,0.003200000,0.037100000,103,103,0
1339,1,1,1920,1080,640,360,ultra-performance,1.306000000,0.016300000,0.178500000,0.002800000,0.239300000,0.021900000,0.112500000,1.176000000,0.173200000,3.227600000,1.921600000,3.226500000,0.001100000,0.003000000,0.016600000,0.009400000,0.149000000,0.002700000,0.050600000,0.002000000,0.184400000,0.000000000,0.000000000,false,disabled,84,0,103,3,7,0.004900000,0.002200000,0.000900000,0.006300000,0.008300000,0.002000000,0.577900000,0.037700000,0.153800000,0.030000000,0.014000000,0.303300000,0.000000000,0.000000000,0.014000000,1.155300000,0.020700000,3,1,7,7,3,0.083200000,0.003200000,0.034100000,0.038000000,0.010800000,0.006500000,true,true,0.017600000,0.019600000,0.001500000,0.002700000,0.036500000,103,103,0
1340,2,1,1920,1080,640,360,ultra-performance,0.378700000,0.026700000,0.179500000,0.002500000,0.253400000,0.024900000,0.117500000,0.544800000,0.154400000,1.683900000,1.305200000,1.682400000,0.001500000,0.003500000,0.017900000,0.009900000,0.147800000,0.002300000,0.052300000,0.002200000,0.196500000,0.000000000,0.000000000,false,disabled,84,0,103,3,7,0.006300000,0.002600000,0.001200000,0.006800000,0.002500000,0.000600000,0.331100000,0.015800000,0.075200000,0.009700000,0.004500000,0.069900000,0.000000000,0.000000000,0.009700000,0.535900000,0.008900000,3,1,7,7,3,0.085600000,0.003700000,0.036000000,0.042500000,0.011400000,0.007600000,true,true,0.017700000,0.019800000,0.001300000,0.003600000,0.037700000,103,103,0
1341,0,1,1920,1080,640,360,ultra-performance,0.720900000,0.019800000,0.177300000,0.002500000,0.238300000,0.021900000,0.108500000,0.671900000,0.166100000,2.128500000,1.407600000,2.127200000,0.001300000,0.003100000,0.017000000,0.009600000,0.147300000,0.002400000,0.051200000,0.002400000,0.182400000,0.000000000,0.000000000,false,disabled,84,0,103,3,7,0.004400000,0.002200000,0.001100000,0.006500000,0.002700000,0.000400000,0.399600000,0.010400000,0.128700000,0.007600000,0.004900000,0.078000000,0.000000000,0.000000000,0.010800000,0.657300000,0.014600000,3,1,7,7,3,0.080900000,0.003300000,0.033300000,0.038800000,0.010600000,0.006800000,true,true,0.016700000,0.019300000,0.001300000,0.003000000,0.035400000,103,103,0
1342,1,1,1920,1080,640,360,ultra-performance,1.153200000,0.019100000,0.175400000,0.002800000,0.248800000,0.022400000,0.113200000,0.653600000,0.144200000,2.533900000,1.380700000,2.532700000,0.001200000,0.003100000,0.017100000,0.009800000,0.145000000,0.002700000,0.050200000,0.002300000,0.194200000,0.000000000,0.000000000,false,disabled,84,0,103,3,7,0.008400000,0.002700000,0.001000000,0.006600000,0.002300000,0.000400000,0.338400000,0.014100000,0.157300000,0.007900000,0.004300000,0.092500000,0.000000000,0.000000000,0.010100000,0.646000000,0.007600000,3,1,7,7,3,0.089400000,0.003500000,0.034800000,0.039000000,0.011200000,0.007600000,true,true,0.017900000,0.024100000,0.001300000,0.003500000,0.037200000,103,103,0
1343,2,1,1920,1080,640,360,ultra-performance,0.638700000,0.018600000,0.184300000,0.002700000,0.254100000,0.023200000,0.118000000,0.424500000,0.158600000,1.823800000,1.185100000,1.822700000,0.001100000,0.003300000,0.017900000,0.009600000,0.153000000,0.002400000,0.052000000,0.002100000,0.197500000,0.000000000,0.000000000,false,disabled,84,0,103,3,7,0.004800000,0.002900000,0.001500000,0.007000000,0.002300000,0.000500000,0.209100000,0.012400000,0.095300000,0.006200000,0.003300000,0.061200000,0.000100000,0.000000000,0.010200000,0.416800000,0.007700000,3,1,7,7,3,0.083800000,0.003900000,0.036200000,0.045100000,0.011900000,0.007800000,true,true,0.017500000,0.019300000,0.001300000,0.002500000,0.037600000,103,103,0
1344,0,1,1920,1080,640,360,ultra-performance,1.123500000,0.020300000,0.245100000,0.006000000,0.586200000,0.048900000,0.249800000,0.862000000,0.150700000,3.293900000,2.170400000,3.292500000,0.001400000,0.003300000,0.017900000,0.009600000,0.213800000,0.005600000,0.143000000,0.005000000,0.433200000,0.000000000,0.000000000,false,disabled,84,0,103,3,7,0.010100000,0.005900000,0.002700000,0.015000000,0.002400000,0.000500000,0.440400000,0.011200000,0.226100000,0.008400000,0.004500000,0.114700000,0.000100000,0.000000000,0.010300000,0.852300000,0.009700000,3,1,7,7,3,0.189000000,0.008500000,0.077900000,0.094900000,0.025800000,0.017100000,true,true,0.039800000,0.043200000,0.002300000,0.008200000,0.083400000,103,103,0
1345,1,1,1920,1080,640,360,ultra-performance,0.001700000,0.015100000,0.192300000,0.002300000,0.242400000,0.021900000,0.111600000,0.477400000,0.151100000,1.217100000,1.215400000,1.215800000,0.001300000,0.003000000,0.016800000,0.009400000,0.162900000,0.002100000,0.051300000,0.002100000,0.186800000,0.000000000,0.000000000,false,disabled,84,0,103,3,7,0.005200000,0.002500000,0.001200000,0.006500000,0.002600000,0.000600000,0.308600000,0.013900000,0.033100000,0.008100000,0.004400000,0.072500000,0.000100000,0.000000000,0.010400000,0.469700000,0.007700000,3,1,7,7,3,0.082300000,0.003600000,0.034600000,0.039200000,0.011000000,0.007100000,true,true,0.017300000,0.019000000,0.001300000,0.003100000,0.036300000,103,103,0
1346,2,1,1920,1080,640,360,ultra-performance,0.951900000,0.015200000,0.173300000,0.002800000,0.239200000,0.021300000,0.108300000,0.554600000,0.160000000,2.227900000,1.276000000,2.226600000,0.001300000,0.002900000,0.017100000,0.010000000,0.142900000,0.002700000,0.050900000,0.002000000,0.184400000,0.000000000,0.000000000,false,disabled,84,0,103,3,7,0.004700000,0.002400000,0.001100000,0.006500000,0.002100000,0.000400000,0.384800000,0.015400000,0.039000000,0.007900000,0.005200000,0.065700000,0.000100000,0.000000000,0.010900000,0.546200000,0.008400000,3,1,7,7,3,0.082300000,0.003200000,0.033500000,0.038900000,0.010700000,0.007000000,true,true,0.017000000,0.019200000,0.001300000,0.002700000,0.036600000,103,103,0
1347,0,1,1920,1080,640,360,ultra-performance,1.106600000,0.022200000,0.179400000,0.002700000,0.254800000,0.023900000,0.120000000,0.816000000,0.160800000,2.688100000,1.581500000,2.686400000,0.001700000,0.003700000,0.018700000,0.009700000,0.146700000,0.002400000,0.051100000,0.002200000,0.199200000,0.000000000,0.000000000,false,disabled,84,0,103,3,7,0.004500000,0.002900000,0.001300000,0.006900000,0.005700000,0.001200000,0.465100000,0.021100000,0.135800000,0.012700000,0.007700000,0.122000000,0.000000000,0.000000000,0.018400000,0.805300000,0.010700000,3,1,7,7,3,0.085500000,0.003800000,0.036200000,0.045200000,0.011800000,0.007800000,true,true,0.017700000,0.019300000,0.001500000,0.003900000,0.037600000,103,103,0
1348,1,1,1920,1080,640,360,ultra-performance,0.479400000,0.020900000,0.179400000,0.002800000,0.263700000,0.024800000,0.150400000,0.713900000,0.162000000,1.998700000,1.519300000,1.997300000,0.001400000,0.003400000,0.018600000,0.010000000,0.146900000,0.002500000,0.052600000,0.002800000,0.205900000,0.000000000,0.000000000,false,disabled,84,0,103,3,7,0.014500000,0.004900000,0.001300000,0.007400000,0.002500000,0.000600000,0.299600000,0.014300000,0.249800000,0.006700000,0.003100000,0.090700000,0.000000000,0.000000000,0.009900000,0.705300000,0.008600000,3,1,7,7,3,0.087200000,0.003900000,0.038500000,0.047300000,0.011500000,0.008000000,true,true,0.018300000,0.019800000,0.001400000,0.003000000,0.039100000,103,103,0
1349,2,1,1920,1080,640,360,ultra-performance,0.825500000,0.049500000,0.399800000,0.005700000,0.506700000,0.032400000,0.133900000,0.867400000,0.170800000,2.993100000,2.167600000,2.991700000,0.001400000,0.008100000,0.040400000,0.021000000,0.329100000,0.005300000,0.114100000,0.004900000,0.384400000,0.000000000,0.000000000,false,disabled,84,0,103,3,7,0.004800000,0.003000000,0.001400000,0.007300000,0.002500000,0.000700000,0.259600000,0.018800000,0.452100000,0.009900000,0.004700000,0.081300000,0.000100000,0.000000000,0.010100000,0.856300000,0.011100000,3,1,7,7,3,0.186800000,0.008300000,0.078000000,0.067100000,0.015600000,0.010200000,true,true,0.038500000,0.042800000,0.002400000,0.007400000,0.083300000,103,103,0
1350,0,1,1920,1080,640,360,ultra-performance,0.002100000,0.020000000,0.184800000,0.002900000,0.256100000,0.026600000,0.119200000,0.540600000,0.159500000,1.312800000,1.310700000,1.311800000,0.001000000,0.003300000,0.018100000,0.009800000,0.153100000,0.002700000,0.051500000,0.002200000,0.200000000,0.000000000,0.000000000,false,disabled,84,0,103,3,7,0.006800000,0.002900000,0.001200000,0.007200000,0.002500000,0.000400000,0.372800000,0.013200000,0.031700000,0.007200000,0.004500000,0.067600000,0.000100000,0.000000000,0.010600000,0.528700000,0.011900000,3,1,7,7,3,0.087600000,0.003800000,0.036600000,0.042800000,0.012400000,0.008000000,true,true,0.018100000,0.019500000,0.001800000,0.003700000,0.039100000,103,103,0
1351,1,1,1920,1080,640,360,ultra-performance,1.037400000,0.046900000,0.314200000,0.002500000,0.263900000,0.024300000,0.121400000,0.567800000,0.169100000,2.548700000,1.511300000,2.547500000,0.001200000,0.008000000,0.040100000,0.022200000,0.243200000,0.002300000,0.051400000,0.002400000,0.207700000,0.000000000,0.000000000,false,disabled,84,0,103,3,7,0.007200000,0.002700000,0.001200000,0.014700000,0.002300000,0.000400000,0.342600000,0.013600000,0.087400000,0.008500000,0.004200000,0.064400000,0.000000000,0.000000000,0.010500000,0.559700000,0.008100000,3,1,7,7,3,0.095300000,0.003900000,0.035800000,0.044800000,0.011500000,0.007600000,true,true,0.017400000,0.024600000,0.001700000,0.004100000,0.041600000,103,103,0
1352,2,1,1920,1080,640,360,ultra-performance,0.001800000,0.018800000,0.174400000,0.002500000,0.244400000,0.023800000,0.113700000,0.896100000,0.327900000,1.805600000,1.803800000,1.803400000,0.002200000,0.003000000,0.017100000,0.009500000,0.144400000,0.002200000,0.051000000,0.002000000,0.189400000,0.000000000,0.000000000,false,disabled,84,0,103,3,7,0.005000000,0.002600000,0.001400000,0.006500000,0.005500000,0.001400000,0.391800000,0.027200000,0.169800000,0.010900000,0.006700000,0.225200000,0.000100000,0.000000000,0.024100000,0.878200000,0.017900000,3,1,7,7,3,0.085800000,0.003600000,0.033600000,0.039900000,0.011000000,0.007200000,true,true,0.017500000,0.020300000,0.001200000,0.003200000,0.038200000,103,103,0
1353,0,1,1920,1080,640,360,ultra-performance,1.134700000,0.024900000,0.182900000,0.002900000,0.260200000,0.026000000,0.120200000,0.710700000,0.158700000,2.622200000,1.487500000,2.621200000,0.001000000,0.003800000,0.019200000,0.010200000,0.149400000,0.002700000,0.051800000,0.002500000,0.203500000,0.000000000,0.000000000,false,disabled,84,0,103,3,7,0.007000000,0.002800000,0.001400000,0.007000000,0.002700000,0.000700000,0.375800000,0.016600000,0.189400000,0.008700000,0.004900000,0.071900000,0.000000000,0.000000000,0.010400000,0.699300000,0.011400000,3,1,7,7,3,0.087400000,0.003800000,0.037300000,0.045800000,0.012400000,0.007900000,true,true,0.018700000,0.019200000,0.001900000,0.003800000,0.038100000,103,103,0
1354,1,1,1920,1080,640,360,ultra-performance,0.532500000,0.046900000,0.244700000,0.006300000,0.438600000,0.062100000,0.159600000,0.620300000,0.166600000,2.279100000,1.746600000,2.277600000,0.001500000,0.010100000,0.043800000,0.015400000,0.174100000,0.005700000,0.060300000,0.005700000,0.369400000,0.000000000,0.000000000,false,disabled,84,0,103,3,7,0.007500000,0.003200000,0.001200000,0.007200000,0.002800000,0.000400000,0.351500000,0.013900000,0.135500000,0.007600000,0.004900000,0.061600000,0.000000000,0.000000000,0.011400000,0.608700000,0.011600000,3,1,7,7,3,0.144500000,0.006200000,0.065900000,0.095300000,0.018200000,0.015200000,true,true,0.047700000,0.027800000,0.002800000,0.005700000,0.053500000,103,103,0
1355,2,1,1920,1080,640,360,ultra-performance,0.673200000,0.026500000,0.188300000,0.003100000,0.283200000,0.026700000,0.120700000,0.690500000,0.167800000,2.181500000,1.508300000,2.180000000,0.001500000,0.004200000,0.022100000,0.011000000,0.150500000,0.002900000,0.053700000,0.003600000,0.223800000,0.000000000,0.000000000,false,disabled,84,0,103,3,7,0.007200000,0.002800000,0.001400000,0.007000000,0.006100000,0.001100000,0.404700000,0.023200000,0.070600000,0.011800000,0.006600000,0.115900000,0.000100000,0.000000000,0.021000000,0.679500000,0.011000000,3,1,7,7,3,0.093000000,0.004100000,0.040900000,0.048800000,0.012100000,0.008100000,true,true,0.019000000,0.020300000,0.001600000,0.003900000,0.042700000,103,103,0
1356,0,1,1920,1080,640,360,ultra-performance,0.562100000,0.024200000,0.184700000,0.003400000,0.272600000,0.027600000,0.124500000,0.636600000,0.158200000,1.995200000,1.433100000,1.993900000,0.001300000,0.004500000,0.020300000,0.011300000,0.148000000,0.003100000,0.052200000,0.002600000,0.215200000,0.000000000,0.000000000,false,disabled,84,0,103,3,7,0.005500000,0.002800000,0.001200000,0.007300000,0.002900000,0.000700000,0.382600000,0.016900000,0.109700000,0.008100000,0.004800000,0.071100000,0.000000000,0.000000000,0.010900000,0.624500000,0.012100000,3,1,7,7,3,0.091000000,0.004200000,0.038600000,0.048000000,0.012900000,0.008400000,true,true,0.018600000,0.020600000,0.001600000,0.003900000,0.040200000,103,103,0
1357,1,1,1920,1080,640,360,ultra-performance,0.883300000,0.024300000,0.181700000,0.002900000,0.273200000,0.025900000,0.121500000,0.537200000,0.158700000,2.209900000,1.326600000,2.208700000,0.001200000,0.003400000,0.018400000,0.010700000,0.148800000,0.002800000,0.051900000,0.002700000,0.216000000,0.000000000,0.000000000,false,disabled,84,0,103,3,7,0.006200000,0.002800000,0.001400000,0.007000000,0.003500000,0.000600000,0.350700000,0.016000000,0.034600000,0.010100000,0.005300000,0.077100000,0.000000000,0.000000000,0.010200000,0.525500000,0.011700000,3,1,7,7,3,0.091700000,0.004200000,0.039300000,0.049600000,0.012700000,0.008600000,true,true,0.017800000,0.024000000,0.001800000,0.003500000,0.038600000,103,103,0
1358,2,1,1920,1080,640,360,ultra-performance,1.000800000,0.026000000,0.180900000,0.002900000,0.261600000,0.025500000,0.119400000,0.735900000,0.156500000,2.510600000,1.509800000,2.509500000,0.001100000,0.003700000,0.019100000,0.010100000,0.147300000,0.002600000,0.052200000,0.002600000,0.204300000,0.000000000,0.000000000,false,disabled,84,0,103,3,7,0.006700000,0.002900000,0.001400000,0.006700000,0.002600000,0.000400000,0.399300000,0.025300000,0.095400000,0.018500000,0.006700000,0.148800000,0.000000000,0.000000000,0.010900000,0.725600000,0.010300000,3,1,7,7,3,0.087500000,0.004000000,0.036700000,0.046000000,0.012200000,0.008100000,true,true,0.018400000,0.019500000,0.001800000,0.003500000,0.038400000,103,103,0
1359,0,1,1920,1080,640,360,ultra-performance,0.470900000,0.020400000,0.177400000,0.002900000,0.249800000,0.024400000,0.114800000,0.648400000,0.158100000,1.868400000,1.397500000,1.867100000,0.001300000,0.003100000,0.017700000,0.009700000,0.146500000,0.002800000,0.051600000,0.002300000,0.193600000,0.000000000,0.000000000,false,disabled,84,0,103,3,7,0.004900000,0.002500000,0.001200000,0.006500000,0.002400000,0.000400000,0.275100000,0.012100000,0.254100000,0.006700000,0.003100000,0.060800000,0.000000000,0.000000000,0.010900000,0.640700000,0.007700000,3,1,7,7,3,0.084800000,0.003800000,0.035600000,0.041900000,0.011700000,0.007400000,true,true,0.017700000,0.019000000,0.001600000,0.003300000,0.037900000,103,103,0
1360,1,1,1920,1080,640,360,ultra-performance,0.786700000,0.024000000,0.178500000,0.002800000,0.255300000,0.023800000,0.119100000,0.648600000,0.246500000,2.286600000,1.499900000,2.285300000,0.001300000,0.003700000,0.018400000,0.010000000,0.145800000,0.002600000,0.051300000,0.002200000,0.199400000,0.000000000,0.000000000,false,disabled,84,0,103,3,7,0.004600000,0.002800000,0.001200000,0.006700000,0.002300000,0.000600000,0.355200000,0.012000000,0.161900000,0.008600000,0.004500000,0.067900000,0.000100000,0.000000000,0.010700000,0.639100000,0.009500000,3,1,7,7,3,0.086600000,0.003700000,0.035300000,0.044800000,0.011700000,0.007800000,true,true,0.017800000,0.019300000,0.001600000,0.003700000,0.038400000,103,103,0
1361,2,1,1920,1080,640,360,ultra-performance,0.411300000,0.034800000,0.287400000,0.002600000,0.251200000,0.023100000,0.115500000,0.675700000,0.161200000,1.964300000,1.553000000,1.962800000,0.001500000,0.006600000,0.038200000,0.021700000,0.220200000,0.002400000,0.053400000,0.002100000,0.193200000,0.000000000,0.000000000,false,disabled,84,0,103,3,7,0.005700000,0.002600000,0.001100000,0.006700000,0.005600000,0.001100000,0.390900000,0.013600000,0.112400000,0.011600000,0.005200000,0.096100000,0.000000000,0.000000000,0.011300000,0.663900000,0.011800000,3,1,7,7,3,0.085500000,0.003500000,0.035600000,0.041200000,0.011600000,0.007400000,true,true,0.017700000,0.020300000,0.001300000,0.003300000,0.037400000,103,103,0
1362,0,1,1920,1080,640,360,ultra-performance,0.706400000,0.023800000,0.179000000,0.002700000,0.258200000,0.024300000,0.127400000,0.629100000,0.153600000,2.105900000,1.399500000,2.104500000,0.001400000,0.003800000,0.019900000,0.009900000,0.145100000,0.002500000,0.051500000,0.002300000,0.202100000,0.000000000,0.000000000,false,disabled,84,0,103,3,7,0.005800000,0.002800000,0.001100000,0.006600000,0.003200000,0.000600000,0.348100000,0.016500000,0.134000000,0.009600000,0.005700000,0.076400000,0.000100000,0.000000000,0.010800000,0.621300000,0.007800000,3,1,7,7,3,0.087100000,0.003800000,0.036400000,0.045400000,0.012000000,0.007700000,true,true,0.018300000,0.019400000,0.001600000,0.003600000,0.038800000,103,103,0
1363,1,1,1920,1080,640,360,ultra-performance,0.457000000,0.019400000,0.175900000,0.002600000,0.251900000,0.022600000,0.118900000,0.545900000,0.141100000,1.736600000,1.279600000,1.735300000,0.001300000,0.003200000,0.017600000,0.009500000,0.145100000,0.002300000,0.051700000,0.002200000,0.195600000,0.000000000,0.000000000,false,disabled,84,0,103,3,7,0.004600000,0.002700000,0.001200000,0.006800000,0.002800000,0.000400000,0.276100000,0.011200000,0.149800000,0.008500000,0.004100000,0.057300000,0.000000000,0.000000000,0.010200000,0.535700000,0.010200000,3,1,7,7,3,0.085400000,0.003800000,0.035700000,0.042800000,0.011500000,0.007600000,true,true,0.018300000,0.019600000,0.001400000,0.003600000,0.037000000,103,103,0
1364,2,1,1920,1080,640,360,ultra-performance,1.021900000,0.046800000,0.394000000,0.005500000,0.392400000,0.022600000,0.116500000,0.641300000,0.163900000,2.806100000,1.784200000,2.804900000,0.001200000,0.007900000,0.040500000,0.021500000,0.323100000,0.005100000,0.114900000,0.004800000,0.270300000,0.000000000,0.000000000,false,disabled,84,0,103,3,7,0.006000000,0.002900000,0.001200000,0.006600000,0.002300000,0.000600000,0.385300000,0.011700000,0.125500000,0.008900000,0.004400000,0.063400000,0.000000000,0.000000000,0.010300000,0.629100000,0.012200000,3,1,7,7,3,0.149400000,0.003600000,0.035400000,0.044000000,0.011300000,0.007800000,true,true,0.037700000,0.044000000,0.002200000,0.007400000,0.052100000,103,103,0
1365,0,1,1920,1080,640,360,ultra-performance,0.001900000,0.015300000,0.188300000,0.002400000,0.246500000,0.021600000,0.112200000,0.424400000,0.147800000,1.161300000,1.159400000,1.160400000,0.000900000,0.002800000,0.016700000,0.009900000,0.158300000,0.002200000,0.050100000,0.001900000,0.192200000,0.000000000,0.000000000,false,disabled,84,0,103,3,7,0.007300000,0.002500000,0.001200000,0.015000000,0.002200000,0.000300000,0.195100000,0.010600000,0.097000000,0.007400000,0.004000000,0.063300000,0.000000000,0.000000000,0.010000000,0.415900000,0.008500000,3,1,7,7,3,0.088000000,0.003500000,0.034300000,0.039600000,0.011300000,0.007200000,true,true,0.017700000,0.023500000,0.001300000,0.003200000,0.036900000,103,103,0
1366,1,1,1920,1080,640,360,ultra-performance,1.403600000,0.021000000,0.186800000,0.002500000,0.255100000,0.021200000,0.112800000,0.617300000,0.168900000,2.790700000,1.387100000,2.789200000,0.001500000,0.003700000,0.018100000,0.009800000,0.154600000,0.002300000,0.054200000,0.002100000,0.196400000,0.000000000,0.000000000,false,disabled,84,0,103,3,7,0.004700000,0.002700000,0.001200000,0.006300000,0.002700000,0.000700000,0.324100000,0.014100000,0.143700000,0.010100000,0.011700000,0.072400000,0.000100000,0.000000000,0.010300000,0.604800000,0.012500000,3,1,7,7,3,0.086300000,0.003700000,0.034600000,0.043800000,0.011300000,0.007500000,true,true,0.017500000,0.020300000,0.001300000,0.003800000,0.037800000,103,103,0
1367,2,1,1920,1080,640,360,ultra-performance,0.665500000,0.015500000,0.178500000,0.002300000,0.236700000,0.021800000,0.106900000,0.773700000,0.182700000,2.184700000,1.519200000,2.183600000,0.001100000,0.002800000,0.016800000,0.009600000,0.148900000,0.002200000,0.050300000,0.002100000,0.181900000,0.000000000,0.000000000,false,disabled,84,0,103,3,7,0.006900000,0.002200000,0.001000000,0.006500000,0.002700000,0.000600000,0.448800000,0.014600000,0.180300000,0.010000000,0.004700000,0.072300000,0.000000000,0.000000000,0.009900000,0.760500000,0.013200000,3,1,7,7,3,0.082400000,0.003200000,0.033200000,0.037500000,0.010500000,0.006600000,true,true,0.017400000,0.019900000,0.001500000,0.002900000,0.035400000,103,103,0
1368,0,1,1920,1080,640,360,ultra-performance,0.909400000,0.021100000,0.177700000,0.002200000,0.264100000,0.022000000,0.116100000,0.655200000,0.158500000,2.327600000,1.418200000,2.326300000,0.001300000,0.003800000,0.018600000,0.009900000,0.145100000,0.002000000,0.051900000,0.002300000,0.207600000,0.000000000,0.000000000,false,disabled,84,0,103,3,7,0.006700000,0.002700000,0.001200000,0.006300000,0.002500000,0.000400000,0.341600000,0.011500000,0.182000000,0.008400000,0.004600000,0.063600000,0.000000000,0.000000000,0.010600000,0.642100000,0.013100000,3,1,7,7,3,0.095900000,0.003700000,0.034900000,0.044100000,0.011600000,0.007800000,true,true,0.018000000,0.029100000,0.001300000,0.003600000,0.038300000,103,103,0
1369,1,1,1920,1080,640,360,ultra-performance,0.538600000,0.018500000,0.175300000,0.002400000,0.242800000,0.022000000,0.118500000,0.665400000,0.145000000,1.929500000,1.390900000,1.928500000,0.001000000,0.002900000,0.017800000,0.009400000,0.144800000,0.002300000,0.051000000,0.002300000,0.187200000,0.000000000,0.000000000,false,disabled,84,0,103,3,7,0.005800000,0.002600000,0.001100000,0.006300000,0.002400000,0.000600000,0.370200000,0.010400000,0.163000000,0.008400000,0.004300000,0.069600000,0.000100000,0.000000000,0.010300000,0.655100000,0.010300000,3,1,7,7,3,0.082700000,0.003600000,0.034300000,0.039800000,0.011100000,0.007300000,true,true,0.017600000,0.019100000,0.001200000,0.003500000,0.036100000,103,103,0
1370,2,1,1920,1080,640,360,ultra-performance,0.992000000,0.017500000,0.174600000,0.002000000,0.241800000,0.021700000,0.110900000,0.626300000,0.147000000,2.334700000,1.342700000,2.333800000,0.000900000,0.003100000,0.017200000,0.009500000,0.144500000,0.001900000,0.050700000,0.002200000,0.186600000,0.000000000,0.000000000,false,disabled,84,0,103,3,7,0.005800000,0.003800000,0.001000000,0.006600000,0.002200000,0.000400000,0.383700000,0.010500000,0.119300000,0.006900000,0.003900000,0.064100000,0.000100000,0.000000000,0.010000000,0.618300000,0.008000000,3,1,7,7,3,0.082700000,0.003700000,0.034000000,0.039500000,0.011200000,0.007100000,true,true,0.017300000,0.019000000,0.001400000,0.003200000,0.036300000,103,103,0
1371,0,1,1920,1080,640,360,ultra-performance,0.665800000,0.019100000,0.176000000,0.002800000,0.249200000,0.022500000,0.113700000,0.509700000,0.152500000,1.912300000,1.246500000,1.911300000,0.001000000,0.003000000,0.017300000,0.009800000,0.145400000,0.002600000,0.050700000,0.002100000,0.194100000,0.000000000,0.000000000,false,disabled,84,0,103,3,7,0.005000000,0.002500000,0.001100000,0.006700000,0.002300000,0.000600000,0.333300000,0.013800000,0.038300000,0.007800000,0.004200000,0.074800000,0.000000000,0.000000000,0.010300000,0.500700000,0.009000000,3,1,7,7,3,0.083100000,0.003500000,0.040700000,0.039600000,0.011000000,0.007100000,true,true,0.017600000,0.018800000,0.001600000,0.003100000,0.036800000,103,103,0
1372,1,1,1920,1080,640,360,ultra-performance,1.385300000,0.033100000,0.389200000,0.005800000,0.480800000,0.022600000,0.107200000,0.572000000,0.154800000,3.152200000,1.766900000,3.150800000,0.001400000,0.006000000,0.037400000,0.021600000,0.323300000,0.005400000,0.113400000,0.004100000,0.360400000,0.000000000,0.000000000,false,disabled,84,0,103,3,7,0.004700000,0.002300000,0.000900000,0.006400000,0.002600000,0.000400000,0.331100000,0.011300000,0.123600000,0.006600000,0.004200000,0.059500000,0.000100000,0.000000000,0.010700000,0.564400000,0.007600000,3,1,7,7,3,0.183900000,0.007700000,0.073000000,0.058200000,0.011800000,0.007400000,true,true,0.039200000,0.042300000,0.002000000,0.006500000,0.081500000,103,103,0
1373,2,1,1920,1080,640,360,ultra-performance,0.001700000,0.016200000,0.173900000,0.002300000,0.238100000,0.021500000,0.120700000,0.537000000,0.151600000,1.264600000,1.262900000,1.263000000,0.001600000,0.002900000,0.017000000,0.009300000,0.144300000,0.002200000,0.051000000,0.002000000,0.182900000,0.000000000,0.000000000,false,disabled,84,0,103,3,7,0.004500000,0.002600000,0.001100000,0.006500000,0.002700000,0.000600000,0.291400000,0.013700000,0.023000000,0.008400000,0.004400000,0.159600000,0.000100000,0.000000000,0.009500000,0.528100000,0.008900000,3,1,7,7,3,0.081600000,0.003500000,0.033400000,0.038700000,0.010800000,0.006900000,true,true,0.017200000,0.019000000,0.001500000,0.003200000,0.035600000,103,103,0
1374,0,1,1920,1080,640,360,ultra-performance,1.758900000,0.047500000,0.408000000,0.006600000,0.578700000,0.026800000,0.122700000,0.778600000,0.156100000,3.885200000,2.126300000,3.883900000,0.001300000,0.010800000,0.046800000,0.022600000,0.326600000,0.006100000,0.116200000,0.005200000,0.454200000,0.000000000,0.000000000,false,disabled,84,0,103,3,7,0.004900000,0.002900000,0.001300000,0.007000000,0.003400000,0.000900000,0.394800000,0.016900000,0.152700000,0.010400000,0.006400000,0.152000000,0.000100000,0.000000000,0.010800000,0.764500000,0.014100000,3,1,7,7,3,0.193900000,0.008600000,0.103000000,0.103900000,0.015500000,0.009100000,true,true,0.039900000,0.044100000,0.003000000,0.008100000,0.085400000,103,103,0
1375,1,1,1920,1080,640,360,ultra-performance,0.001900000,0.017500000,0.175600000,0.002900000,0.253700000,0.029700000,0.131700000,0.637000000,0.149100000,1.400300000,1.398400000,1.399100000,0.001200000,0.003100000,0.018000000,0.009500000,0.144500000,0.002700000,0.051700000,0.002100000,0.196900000,0.000000000,0.000000000,false,disabled,84,0,103,3,7,0.006700000,0.002800000,0.001200000,0.006600000,0.002400000,0.000400000,0.313200000,0.011600000,0.206500000,0.007300000,0.004000000,0.056000000,0.000000000,0.000000000,0.010400000,0.629100000,0.007900000,3,1,7,7,3,0.088300000,0.003700000,0.035300000,0.042000000,0.011300000,0.007600000,true,true,0.017800000,0.023400000,0.001300000,0.003600000,0.036700000,103,103,0
1376,2,1,1920,1080,640,360,ultra-performance,0.902300000,0.017400000,0.174300000,0.002600000,0.242900000,0.021600000,0.113000000,0.857100000,0.182200000,2.514600000,1.612300000,2.513400000,0.001200000,0.003200000,0.017200000,0.009500000,0.144000000,0.002500000,0.050900000,0.002000000,0.187600000,0.000000000,0.000000000,false,disabled,84,0,103,3,7,0.004500000,0.002800000,0.001100000,0.006400000,0.005100000,0.001500000,0.464900000,0.021400000,0.105600000,0.014100000,0.007600000,0.200300000,0.000000000,0.000000000,0.010900000,0.846200000,0.010900000,3,1,7,7,3,0.083000000,0.003500000,0.034300000,0.040200000,0.011000000,0.007200000,true,true,0.017500000,0.019100000,0.001400000,0.003300000,0.036400000,103,103,0
1377,0,1,1920,1080,640,360,ultra-performance,1.076800000,0.020600000,0.174700000,0.002900000,0.247000000,0.023500000,0.116400000,0.552900000,0.155400000,2.371300000,1.294500000,2.370200000,0.001100000,0.003300000,0.017900000,0.009400000,0.143600000,0.002800000,0.051700000,0.002200000,0.190700000,0.000000000,0.000000000,false,disabled,84,0,103,3,7,0.004700000,0.002600000,0.001200000,0.006600000,0.002200000,0.000400000,0.336900000,0.011500000,0.078700000,0.009800000,0.005300000,0.070800000,0.000000000,0.000000000,0.010100000,0.540800000,0.012100000,3,1,7,7,3,0.083400000,0.003700000,0.034600000,0.042100000,0.011000000,0.007400000,true,true,0.017300000,0.019200000,0.001400000,0.003600000,0.036600000,103,103,0
1378,1,1,1920,1080,640,360,ultra-performance,0.647100000,0.049000000,0.179600000,0.003000000,0.262700000,0.024500000,0.123700000,0.615500000,0.159500000,2.065800000,1.418700000,2.064600000,0.001200000,0.003700000,0.018500000,0.009800000,0.147100000,0.002700000,0.052200000,0.002500000,0.205400000,0.000000000,0.000000000,false,disabled,84,0,103,3,7,0.006100000,0.002900000,0.001200000,0.007300000,0.003600000,0.000800000,0.329200000,0.016800000,0.128700000,0.009900000,0.006500000,0.079900000,0.000100000,0.000000000,0.010800000,0.603800000,0.011700000,3,1,7,7,3,0.087600000,0.003900000,0.037900000,0.045700000,0.012600000,0.008500000,true,true,0.017500000,0.019800000,0.001400000,0.003700000,0.039200000,103,103,0
1379,2,1,1920,1080,640,360,ultra-performance,0.853400000,0.019800000,0.178200000,0.002900000,0.251700000,0.023300000,0.117100000,0.530300000,0.148600000,2.126300000,1.272900000,2.125300000,0.001000000,0.003200000,0.017600000,0.009800000,0.147200000,0.002600000,0.051200000,0.002200000,0.195900000,0.000000000,0.000000000,false,disabled,84,0,103,3,7,0.007700000,0.003100000,0.001200000,0.006500000,0.002300000,0.000400000,0.339000000,0.011100000,0.037800000,0.007700000,0.004000000,0.092300000,0.000000000,0.000000000,0.010100000,0.523200000,0.007100000,3,1,7,7,3,0.085300000,0.003800000,0.036500000,0.042100000,0.011700000,0.007700000,true,true,0.017500000,0.019000000,0.002400000,0.003600000,0.037300000,103,103,0
1380,0,1,1920,1080,640,360,ultra-performance,0.789400000,0.022200000,0.176500000,0.002800000,0.252200000,0.022900000,0.116200000,0.487700000,0.156300000,2.027800000,1.238400000,2.026200000,0.001600000,0.003600000,0.018500000,0.010300000,0.143700000,0.002600000,0.051200000,0.002200000,0.196500000,0.000000000,0.000000000,false,disabled,84,0,103,3,7,0.004600000,0.002600000,0.001100000,0.006500000,0.002400000,0.000600000,0.323900000,0.022800000,0.024600000,0.008800000,0.004400000,0.066600000,0.000000000,0.000000000,0.010300000,0.479200000,0.008500000,3,1,7,7,3,0.085100000,0.003700000,0.035000000,0.044400000,0.011500000,0.007500000,true,true,0.017800000,0.019300000,0.001500000,0.003700000,0.037100000,103,103,0
1381,1,1,1920,1080,640,360,ultra-performance,1.095700000,0.023700000,0.176000000,0.002500000,0.262700000,0.022700000,0.117500000,0.482800000,0.155400000,2.340300000,1.244600000,2.339000000,0.001300000,0.003900000,0.018200000,0.009600000,0.143900000,0.002300000,0.051400000,0.002200000,0.206700000,0.000000000,0.000000000,false,disabled,84,0,103,3,7,0.004700000,0.003000000,0.001300000,0.006500000,0.002600000,0.000300000,0.309900000,0.011900000,0.049600000,0.007700000,0.004400000,0.062600000,0.000000000,0.000000000,0.010200000,0.474700000,0.008100000,3,1,7,7,3,0.086000000,0.003800000,0.035600000,0.044800000,0.011400000,0.016100000,true,true,0.018100000,0.019400000,0.001400000,0.003600000,0.038000000,103,103,0
1382,2,1,1920,1080,640,360,ultra-performance,0.628300000,0.021800000,0.268100000,0.003000000,0.390700000,0.024500000,0.122500000,0.684500000,0.311800000,2.457600000,1.829300000,2.455200000,0.002400000,0.003800000,0.019300000,0.009800000,0.234700000,0.002800000,0.052300000,0.002400000,0.333400000,0.000000000,0.000000000,false,disabled,84,0,103,3,7,0.004700000,0.003100000,0.001200000,0.007600000,0.007500000,0.001400000,0.358600000,0.026300000,0.100800000,0.013400000,0.009700000,0.109700000,0.000000000,0.000000000,0.020900000,0.664900000,0.019600000,3,1,7,7,3,0.213500000,0.004200000,0.038400000,0.046500000,0.012700000,0.008200000,true,true,0.052700000,0.020000000,0.001300000,0.003700000,0.129200000,103,103,0
1383,0,1,1920,1080,640,360,ultra-performance,0.337100000,0.018000000,0.178000000,0.002700000,0.257100000,0.023300000,0.116000000,0.540200000,0.128400000,1.601800000,1.264700000,1.600800000,0.001000000,0.003500000,0.018500000,0.010300000,0.145300000,0.002500000,0.051800000,0.002200000,0.200700000,0.000000000,0.000000000,false,disabled,84,0,103,3,7,0.006500000,0.002800000,0.001200000,0.006500000,0.002800000,0.000500000,0.317200000,0.011900000,0.104300000,0.007700000,0.003900000,0.056500000,0.000000000,0.000000000,0.009500000,0.531300000,0.008900000,3,1,7,7,3,0.088400000,0.003700000,0.035600000,0.044600000,0.011800000,0.007400000,true,true,0.017800000,0.023900000,0.001400000,0.002700000,0.037200000,103,103,0
1384,1,1,1920,1080,640,360,ultra-performance,0.672000000,0.018800000,0.178100000,0.002800000,0.258200000,0.023400000,0.127400000,0.550800000,0.151100000,1.984100000,1.312100000,1.982600000,0.001500000,0.003400000,0.018000000,0.010000000,0.146200000,0.002700000,0.052100000,0.002400000,0.201200000,0.000000000,0.000000000,false,disabled,84,0,103,3,7,0.004800000,0.002800000,0.001200000,0.007200000,0.002600000,0.000500000,0.290000000,0.014300000,0.125400000,0.008800000,0.004300000,0.069900000,0.000100000,0.000000000,0.010700000,0.542600000,0.008200000,3,1,7,7,3,0.087600000,0.003900000,0.036900000,0.043600000,0.012200000,0.007900000,true,true,0.017700000,0.019900000,0.001400000,0.003700000,0.039200000,103,103,0
1385,2,1,1920,1080,640,360,ultra-performance,0.929100000,0.037700000,0.395800000,0.006300000,0.260300000,0.021800000,0.115800000,0.630200000,0.216400000,2.615900000,1.686800000,2.613400000,0.002500000,0.007000000,0.038600000,0.021100000,0.328200000,0.006000000,0.064600000,0.002200000,0.191000000,0.000000000,0.000000000,false,disabled,84,0,103,3,7,0.004800000,0.002700000,0.001300000,0.006700000,0.005500000,0.001100000,0.331700000,0.019000000,0.079000000,0.012600000,0.006400000,0.118100000,0.000000000,0.000000000,0.025400000,0.614300000,0.015900000,3,1,7,7,3,0.083500000,0.003600000,0.034500000,0.042300000,0.011100000,0.007400000,true,true,0.017400000,0.019200000,0.001500000,0.003600000,0.036400000,103,103,0
1386,0,1,1920,1080,640,360,ultra-performance,0.830200000,0.044600000,0.399700000,0.005600000,0.504600000,0.023100000,0.116000000,0.699800000,0.160700000,2.785400000,1.955200000,2.784300000,0.001100000,0.007900000,0.041000000,0.021500000,0.328200000,0.005200000,0.115400000,0.004900000,0.381700000,0.000000000,0.000000000,false,disabled,84,0,103,3,7,0.004600000,0.002600000,0.001200000,0.006400000,0.003000000,0.000700000,0.372800000,0.016700000,0.172600000,0.009700000,0.005300000,0.080900000,0.000000000,0.000000000,0.009900000,0.686400000,0.013400000,3,1,7,7,3,0.189200000,0.007900000,0.077700000,0.068800000,0.011400000,0.007500000,true,true,0.039100000,0.043100000,0.002400000,0.007700000,0.084000000,103,103,0
1387,1,1,1920,1080,640,360,ultra-performance,0.001800000,0.018800000,0.178800000,0.002800000,0.256600000,0.024400000,0.130200000,0.432900000,0.143700000,1.191100000,1.189300000,1.190000000,0.001100000,0.003300000,0.017600000,0.009900000,0.147600000,0.002700000,0.051700000,0.002400000,0.200200000,0.000000000,0.000000000,false,disabled,84,0,103,3,7,0.006700000,0.002900000,0.001200000,0.007300000,0.002300000,0.000300000,0.274000000,0.011400000,0.036300000,0.006800000,0.003900000,0.062400000,0.000000000,0.000000000,0.009900000,0.425400000,0.007500000,3,1,7,7,3,0.086900000,0.003800000,0.037800000,0.042800000,0.012400000,0.007800000,true,true,0.017800000,0.020600000,0.001500000,0.003600000,0.037800000,103,103,0
1388,2,1,1920,1080,640,360,ultra-performance,1.181900000,0.023100000,0.177900000,0.002600000,0.250800000,0.022300000,0.127200000,0.632000000,0.372900000,2.793000000,1.611100000,2.790700000,0.002300000,0.003600000,0.017900000,0.009900000,0.145800000,0.002300000,0.051100000,0.002200000,0.195300000,0.000000000,0.000000000,false,disabled,84,0,103,3,7,0.004800000,0.003000000,0.001500000,0.006400000,0.005100000,0.001100000,0.333900000,0.022000000,0.065300000,0.012900000,0.005900000,0.126800000,0.000000000,0.000000000,0.025900000,0.614600000,0.017400000,3,1,7,7,3,0.084600000,0.003600000,0.035100000,0.044300000,0.011100000,0.007400000,true,true,0.017400000,0.019000000,0.001300000,0.003500000,0.037800000,103,103,0
1389,0,1,1920,1080,640,360,ultra-performance,0.370400000,0.017000000,0.184200000,0.002800000,0.243600000,0.022600000,0.109600000,0.599100000,0.160300000,1.718600000,1.348200000,1.709600000,0.009000000,0.002800000,0.017000000,0.009500000,0.154400000,0.002700000,0.053000000,0.002100000,0.186200000,0.000000000,0.000000000,false,disabled,84,0,103,3,7,0.004500000,0.002300000,0.001200000,0.006300000,0.002600000,0.000600000,0.371700000,0.016100000,0.067900000,0.008100000,0.005100000,0.092200000,0.000000000,0.000000000,0.011100000,0.589700000,0.009400000,3,1,7,7,3,0.084000000,0.003300000,0.033900000,0.038900000,0.011000000,0.006700000,true,true,0.017300000,0.020200000,0.001900000,0.002700000,0.036700000,103,103,0
1390,1,1,1920,1080,640,360,ultra-performance,0.971000000,0.021100000,0.183900000,0.002500000,0.257100000,0.022000000,0.116000000,0.657300000,0.153100000,2.385500000,1.414500000,2.384000000,0.001500000,0.003700000,0.018400000,0.009600000,0.151800000,0.002300000,0.051300000,0.002200000,0.201400000,0.000000000,0.000000000,false,disabled,84,0,103,3,7,0.004400000,0.002800000,0.001200000,0.006300000,0.002800000,0.000500000,0.389100000,0.026700000,0.050400000,0.019700000,0.008700000,0.120700000,0.000000000,0.000000000,0.010400000,0.643700000,0.013600000,3,1,7,7,3,0.084500000,0.003600000,0.040800000,0.044300000,0.011600000,0.007400000,true,true,0.017600000,0.019300000,0.001400000,0.003600000,0.037000000,103,103,0
1391,2,1,1920,1080,640,360,ultra-performance,0.686500000,0.026300000,0.441900000,0.005400000,0.555900000,0.048500000,0.203200000,0.670200000,0.162200000,2.801800000,2.115300000,2.800100000,0.001700000,0.006700000,0.038300000,0.021300000,0.374400000,0.004900000,0.122500000,0.004800000,0.423800000,0.000000000,0.000000000,false,disabled,84,0,103,3,7,0.007200000,0.002600000,0.001100000,0.006700000,0.003700000,0.000800000,0.341900000,0.016300000,0.170900000,0.010100000,0.006500000,0.079000000,0.000000000,0.000000000,0.009800000,0.656600000,0.013600000,3,1,7,7,3,0.188000000,0.008100000,0.077300000,0.090400000,0.025500000,0.016000000,true,true,0.038500000,0.045400000,0.002000000,0.007500000,0.082400000,103,103,0
1392,0,1,1920,1080,640,360,ultra-performance,0.001800000,0.018100000,0.177900000,0.002800000,0.263800000,0.024000000,0.117600000,0.403300000,0.136000000,1.146600000,1.144800000,1.145300000,0.001300000,0.003200000,0.017800000,0.010000000,0.146600000,0.002600000,0.051700000,0.002400000,0.207300000,0.000000000,0.000000000,false,disabled,84,0,103,3,7,0.006600000,0.002600000,0.001200000,0.007400000,0.002000000,0.000400000,0.284700000,0.010800000,0.002700000,0.007200000,0.003800000,0.056700000,0.000000000,0.000000000,0.009500000,0.395600000,0.007700000,3,1,7,7,3,0.086200000,0.003800000,0.037000000,0.050900000,0.012300000,0.008400000,true,true,0.017600000,0.019800000,0.001500000,0.003700000,0.037900000,103,103,0
1393,1,1,1920,1080,640,360,ultra-performance,1.081000000,0.016700000,0.191600000,0.002300000,0.243200000,0.021800000,0.109900000,0.833800000,0.173200000,2.674600000,1.593600000,2.673500000,0.001100000,0.003000000,0.016700000,0.009900000,0.161500000,0.002100000,0.055000000,0.002000000,0.184000000,0.000000000,0.000000000,false,disabled,84,0,103,3,7,0.004500000,0.002300000,0.001100000,0.006300000,0.003400000,0.000600000,0.363000000,0.014800000,0.324500000,0.010300000,0.005900000,0.073500000,0.000000000,0.000000000,0.009600000,0.819800000,0.014000000,3,1,7,7,3,0.082900000,0.003300000,0.033500000,0.039000000,0.010800000,0.006400000,true,true,0.017200000,0.020400000,0.001300000,0.003000000,0.035600000,103,103,0
1394,2,1,1920,1080,640,360,ultra-performance,0.758000000,0.022400000,0.183600000,0.002200000,0.238600000,0.021700000,0.107700000,0.589700000,0.158400000,2.083400000,1.325400000,2.082300000,0.001100000,0.002800000,0.016500000,0.009600000,0.154200000,0.002100000,0.052700000,0.002100000,0.181500000,0.000000000,0.000000000,false,disabled,84,0,103,3,7,0.006900000,0.002700000,0.001000000,0.006400000,0.002300000,0.000600000,0.344000000,0.011300000,0.118100000,0.007000000,0.004300000,0.068500000,0.000100000,0.000000000,0.008500000,0.581700000,0.008000000,3,1,7,7,3,0.084100000,0.003100000,0.032500000,0.036500000,0.010700000,0.006300000,true,true,0.017700000,0.020100000,0.001600000,0.002800000,0.036700000,103,103,0
1395,0,1,1920,1080,640,360,ultra-performance,0.643800000,0.021200000,0.178400000,0.002900000,0.256700000,0.024100000,0.118000000,0.568400000,0.154200000,1.969100000,1.325300000,1.967700000,0.001400000,0.003700000,0.018500000,0.009900000,0.145800000,0.002600000,0.051100000,0.002300000,0.201000000,0.000000000,0.000000000,false,disabled,84,0,103,3,7,0.004500000,0.002800000,0.001300000,0.006900000,0.002300000,0.000600000,0.244500000,0.011800000,0.182500000,0.006700000,0.003200000,0.082300000,0.000100000,0.000000000,0.009900000,0.559400000,0.009000000,3,1,7,7,3,0.086700000,0.003800000,0.037100000,0.045000000,0.012000000,0.007800000,true,true,0.017700000,0.019500000,0.001800000,0.004200000,0.038000000,103,103,0
1396,1,1,1920,1080,640,360,ultra-performance,1.095500000,0.049300000,0.402100000,0.005900000,0.553200000,0.025500000,0.119100000,0.667800000,0.156200000,3.075700000,1.980200000,3.074600000,0.001100000,0.008300000,0.041200000,0.021900000,0.329600000,0.005400000,0.114700000,0.004900000,0.430700000,0.000000000,0.000000000,false,disabled,84,0,103,3,7,0.005400000,0.002800000,0.001200000,0.007000000,0.002600000,0.000700000,0.312200000,0.012700000,0.190500000,0.007800000,0.003400000,0.098500000,0.000000000,0.000000000,0.011400000,0.656200000,0.011600000,3,1,7,7,3,0.193300000,0.008600000,0.081500000,0.101500000,0.017000000,0.009000000,true,true,0.041000000,0.043400000,0.002300000,0.007700000,0.086200000,103,103,0
1397,2,1,1920,1080,640,360,ultra-performance,0.001800000,0.017500000,0.176400000,0.002900000,0.258100000,0.022700000,0.118000000,0.604400000,0.147900000,1.351000000,1.349200000,1.349700000,0.001300000,0.003300000,0.017800000,0.009600000,0.145100000,0.002700000,0.051500000,0.002500000,0.201900000,0.000000000,0.000000000,false,disabled,84,0,103,3,7,0.006500000,0.002800000,0.001300000,0.006500000,0.002900000,0.000400000,0.287400000,0.027200000,0.140900000,0.011600000,0.005800000,0.089800000,0.000100000,0.000000000,0.010700000,0.593900000,0.010500000,3,1,7,7,3,0.085000000,0.003700000,0.035700000,0.042400000,0.011500000,0.007700000,true,true,0.017600000,0.019500000,0.001500000,0.003600000,0.037300000,103,103,0
1398,0,1,1920,1080,640,360,ultra-performance,1.172300000,0.017900000,0.175300000,0.002600000,0.246900000,0.021500000,0.114000000,0.560100000,0.144400000,2.456400000,1.284100000,2.455000000,0.001400000,0.003100000,0.017400000,0.009700000,0.144600000,0.002400000,0.052300000,0.002300000,0.190000000,0.000000000,0.000000000,false,disabled,84,0,103,3,7,0.005100000,0.002600000,0.001100000,0.006500000,0.002200000,0.000400000,0.328100000,0.011000000,0.112100000,0.007700000,0.004600000,0.057600000,0.000100000,0.000000000,0.010200000,0.549300000,0.010800000,3,1,7,7,3,0.084300000,0.003600000,0.034200000,0.040600000,0.011300000,0.007400000,true,true,0.017600000,0.019300000,0.002000000,0.003600000,0.036300000,103,103,0
1399,1,1,1920,1080,640,360,ultra-performance,0.638500000,0.020000000,0.257300000,0.002900000,0.261500000,0.023700000,0.127000000,0.520600000,0.161000000,2.013400000,1.374900000,2.012500000,0.000900000,0.003500000,0.018200000,0.009900000,0.225300000,0.002800000,0.052400000,0.002400000,0.204000000,0.000000000,0.000000000,false,disabled,84,0,103,3,7,0.005600000,0.002800000,0.001300000,0.007200000,0.002800000,0.000700000,0.321800000,0.014400000,0.037100000,0.009600000,0.003500000,0.092200000,0.000000000,0.000000000,0.010800000,0.509800000,0.010800000,3,1,7,7,3,0.085300000,0.004100000,0.038300000,0.046200000,0.012700000,0.008100000,true,true,0.017900000,0.019400000,0.001300000,0.002700000,0.038200000,103,103,0
1400,2,1,1920,1080,640,360,ultra-performance,1.079200000,0.043300000,0.399600000,0.005800000,0.416300000,0.021900000,0.115800000,0.850100000,0.185400000,3.120100000,2.040900000,3.117400000,0.002700000,0.008000000,0.040100000,0.022000000,0.328800000,0.005400000,0.114600000,0.004800000,0.294300000,0.000000000,0.000000000,false,disabled,84,0,103,3,7,0.006300000,0.003100000,0.001300000,0.006200000,0.005600000,0.001300000,0.489300000,0.027200000,0.050200000,0.022000000,0.009700000,0.182500000,0.000000000,0.000000000,0.025200000,0.829900000,0.020200000,3,1,7,7,3,0.173000000,0.003600000,0.035600000,0.044200000,0.011600000,0.007500000,true,true,0.039000000,0.043000000,0.002300000,0.007400000,0.075500000,103,103,0
1401,0,1,1920,1080,640,360,ultra-performance,0.001800000,0.017800000,0.207000000,0.002800000,0.258100000,0.023000000,0.120000000,0.759500000,0.152700000,1.544100000,1.542300000,1.542700000,0.001400000,0.003400000,0.017800000,0.009700000,0.175700000,0.002600000,0.051700000,0.002700000,0.201300000,0.000000000,0.000000000,false,disabled,84,0,103,3,7,0.006300000,0.002700000,0.001200000,0.007400000,0.003400000,0.000600000,0.383100000,0.026400000,0.160000000,0.014300000,0.006900000,0.123800000,0.000000000,0.000000000,0.010900000,0.747000000,0.012500000,3,1,7,7,3,0.087200000,0.003600000,0.036500000,0.044600000,0.011500000,0.007600000,true,true,0.018300000,0.019500000,0.001400000,0.003900000,0.038300000,103,103,0
1402,1,1,1920,1080,640,360,ultra-performance,0.456300000,0.018800000,0.209400000,0.002600000,0.249200000,0.021600000,0.114600000,0.650100000,0.316600000,2.041800000,1.585500000,2.039200000,0.002600000,0.003300000,0.018100000,0.010000000,0.177500000,0.002400000,0.051900000,0.002200000,0.192800000,0.000000000,0.000000000,false,disabled,84,0,103,3,7,0.006300000,0.002700000,0.001100000,0.006700000,0.005100000,0.001400000,0.296800000,0.021600000,0.067300000,0.012900000,0.006700000,0.181400000,0.000000000,0.000000000,0.024000000,0.634000000,0.016100000,3,1,7,7,3,0.084200000,0.003700000,0.034900000,0.042500000,0.011500000,0.007200000,true,true,0.017700000,0.018900000,0.001300000,0.003600000,0.037300000,103,103,0
1403,2,1,1920,1080,640,360,ultra-performance,0.862600000,0.024000000,0.179600000,0.002400000,0.263200000,0.022600000,0.116400000,0.658900000,0.150000000,2.281200000,1.418600000,2.279700000,0.001500000,0.003700000,0.018900000,0.010200000,0.146300000,0.002300000,0.051600000,0.002200000,0.207000000,0.000000000,0.000000000,false,disabled,84,0,103,3,7,0.004700000,0.002900000,0.001200000,0.006500000,0.002700000,0.000500000,0.389700000,0.027100000,0.054800000,0.019100000,0.008600000,0.118300000,0.000100000,0.000000000,0.010300000,0.646500000,0.012400000,3,1,7,7,3,0.085300000,0.003500000,0.044900000,0.044700000,0.011500000,0.007800000,true,true,0.017600000,0.019500000,0.001400000,0.003800000,0.037500000,103,103,0
1404,0,1,1920,1080,640,360,ultra-performance,0.472900000,0.023600000,0.185700000,0.002700000,0.247700000,0.021600000,0.115200000,0.644000000,0.157000000,1.871500000,1.398600000,1.870400000,0.001100000,0.003100000,0.017400000,0.009600000,0.155100000,0.002400000,0.053400000,0.002400000,0.189600000,0.000000000,0.000000000,false,disabled,84,0,103,3,7,0.007000000,0.002500000,0.001100000,0.006500000,0.003300000,0.000600000,0.356600000,0.015300000,0.122400000,0.008700000,0.005500000,0.095200000,0.000000000,0.000000000,0.010800000,0.635500000,0.008500000,3,1,7,7,3,0.084500000,0.003400000,0.034600000,0.040100000,0.011300000,0.007100000,true,true,0.017400000,0.020300000,0.001300000,0.003200000,0.036800000,103,103,0
1405,1,1,1920,1080,640,360,ultra-performance,0.899000000,0.022200000,0.186600000,0.002300000,0.250300000,0.021700000,0.115500000,0.751100000,0.152300000,2.402200000,1.503200000,2.401000000,0.001200000,0.003700000,0.018000000,0.009800000,0.154700000,0.002200000,0.051400000,0.002200000,0.194300000,0.000000000,0.000000000,false,disabled,84,0,103,3,7,0.004900000,0.002900000,0.001200000,0.006300000,0.002700000,0.000400000,0.355300000,0.017100000,0.207400000,0.019200000,0.008700000,0.104200000,0.000100000,0.000000000,0.010100000,0.740500000,0.010600000,3,1,7,7,3,0.084100000,0.003600000,0.035100000,0.044200000,0.011400000,0.007300000,true,true,0.017400000,0.019400000,0.001300000,0.003800000,0.036700000,103,103,0
1406,2,1,1920,1080,640,360,ultra-performance,0.509400000,0.022000000,0.178900000,0.002700000,0.271300000,0.023900000,0.119100000,0.504200000,0.153800000,1.786200000,1.276800000,1.785300000,0.000900000,0.003900000,0.018800000,0.010200000,0.145700000,0.002600000,0.051700000,0.002300000,0.214800000,0.000000000,0.000000000,false,disabled,84,0,103,3,7,0.004700000,0.002900000,0.001300000,0.007000000,0.002100000,0.000400000,0.381200000,0.011200000,0.001400000,0.007100000,0.004200000,0.062700000,0.000100000,0.000000000,0.010700000,0.497000000,0.007200000,3,1,7,7,3,0.087500000,0.003900000,0.047100000,0.046200000,0.012600000,0.008200000,true,true,0.017800000,0.019700000,0.001400000,0.003800000,0.039000000,103,103,0
1407,0,1,1920,1080,640,360,ultra-performance,1.001900000,0.043200000,0.400000000,0.005300000,0.291600000,0.022300000,0.116100000,0.798400000,0.163200000,2.843400000,1.841500000,2.842000000,0.001400000,0.007800000,0.039800000,0.022200000,0.329300000,0.005000000,0.091200000,0.002200000,0.195600000,0.000000000,0.000000000,false,disabled,84,0,103,3,7,0.004600000,0.002800000,0.001200000,0.006200000,0.007100000,0.001700000,0.474300000,0.028500000,0.058000000,0.023800000,0.008900000,0.159000000,0.000000000,0.000000000,0.010900000,0.787000000,0.011400000,3,1,7,7,3,0.083700000,0.003500000,0.035600000,0.044700000,0.011400000,0.007500000,true,true,0.017200000,0.019900000,0.001300000,0.003800000,0.036000000,103,103,0
1408,1,1,1920,1080,640,360,ultra-performance,0.291300000,0.018300000,0.183600000,0.002400000,0.245700000,0.021500000,0.113100000,0.800700000,0.219000000,1.896600000,1.605300000,1.895600000,0.001000000,0.003100000,0.017500000,0.016000000,0.146400000,0.002300000,0.051000000,0.002200000,0.190200000,0.000000000,0.000000000,false,disabled,84,0,103,3,7,0.004400000,0.002600000,0.001100000,0.006600000,0.003000000,0.000600000,0.447900000,0.015200000,0.131300000,0.010800000,0.005500000,0.147400000,0.000000000,0.000000000,0.010600000,0.787000000,0.013700000,3,1,7,7,3,0.084500000,0.003600000,0.034200000,0.040800000,0.011400000,0.007200000,true,true,0.017800000,0.019300000,0.001400000,0.003600000,0.036800000,103,103,0
1409,2,1,1920,1080,640,360,ultra-performance,1.092100000,0.037200000,0.399500000,0.005500000,0.377900000,0.022000000,0.114800000,0.560500000,0.165800000,2.776500000,1.684400000,2.775300000,0.001200000,0.006900000,0.039400000,0.020900000,0.331100000,0.005000000,0.116500000,0.004800000,0.253900000,0.000000000,0.000000000,false,disabled,84,0,103,3,7,0.006800000,0.002800000,0.001300000,0.006500000,0.002400000,0.000600000,0.331600000,0.013800000,0.095100000,0.008800000,0.003700000,0.065100000,0.000000000,0.000000000,0.011000000,0.549500000,0.011000000,3,1,7,7,3,0.135300000,0.003600000,0.035800000,0.042500000,0.011600000,0.007800000,true,true,0.037900000,0.042800000,0.002300000,0.007600000,0.038800000,103,103,0
1410,0,1,1920,1080,640,360,ultra-performance,0.001700000,0.018300000,0.179000000,0.002800000,0.266300000,0.024500000,0.120100000,0.552000000,0.148200000,1.314100000,1.312400000,1.312900000,0.001200000,0.003200000,0.017800000,0.009700000,0.147800000,0.002700000,0.051500000,0.002200000,0.209900000,0.000000000,0.000000000,false,disabled,84,0,103,3,7,0.005800000,0.002700000,0.001300000,0.007200000,0.003800000,0.000700000,0.352100000,0.015800000,0.045700000,0.009600000,0.006300000,0.078600000,0.000100000,0.000000000,0.010400000,0.540100000,0.011900000,3,1,7,7,3,0.087400000,0.004200000,0.037300000,0.043300000,0.020700000,0.007900000,true,true,0.017900000,0.019700000,0.001500000,0.003200000,0.039400000,103,103,0
1411,1,1,1920,1080,640,360,ultra-performance,1.530200000,0.020000000,0.382500000,0.006600000,0.555100000,0.048200000,0.248900000,0.763200000,0.304100000,3.860100000,2.329900000,3.858800000,0.001300000,0.003400000,0.017500000,0.014800000,0.346100000,0.006200000,0.114300000,0.005200000,0.430800000,0.000000000,0.000000000,false,disabled,84,0,103,3,7,0.012100000,0.003300000,0.001400000,0.007500000,0.002800000,0.000800000,0.447600000,0.017600000,0.152100000,0.013000000,0.005600000,0.073800000,0.000100000,0.000000000,0.010300000,0.748000000,0.015200000,3,1,7,7,3,0.188000000,0.008100000,0.078600000,0.094500000,0.025700000,0.016900000,true,true,0.039300000,0.043200000,0.002200000,0.008100000,0.082800000,103,103,0
1412,2,1,1920,1080,640,360,ultra-performance,0.001800000,0.018900000,0.189800000,0.002500000,0.250300000,0.021900000,0.115200000,0.562400000,0.154000000,1.318200000,1.316400000,1.316800000,0.001400000,0.003200000,0.018000000,0.009600000,0.158700000,0.002400000,0.051600000,0.002300000,0.194100000,0.000000000,0.000000000,false,disabled,84,0,103,3,7,0.007100000,0.003000000,0.001100000,0.006600000,0.003500000,0.000600000,0.319000000,0.016100000,0.092000000,0.009200000,0.006200000,0.075400000,0.000000000,0.000000000,0.010900000,0.550700000,0.011700000,3,1,7,7,3,0.086500000,0.003700000,0.034900000,0.041500000,0.011200000,0.007600000,true,true,0.017700000,0.019600000,0.001500000,0.003500000,0.038500000,103,103,0
1413,0,1,1920,1080,640,360,ultra-performance,0.643800000,0.015700000,0.182800000,0.002500000,0.238600000,0.021800000,0.106600000,0.692700000,0.156100000,2.061600000,1.417800000,2.060600000,0.001000000,0.002900000,0.016900000,0.010100000,0.152500000,0.002300000,0.051100000,0.001900000,0.183400000,0.000000000,0.000000000,false,disabled,84,0,103,3,7,0.006000000,0.002200000,0.001100000,0.006400000,0.002800000,0.000600000,0.309600000,0.012900000,0.232400000,0.007300000,0.004200000,0.069900000,0.000100000,0.000000000,0.025300000,0.680800000,0.011900000,3,1,7,7,3,0.083400000,0.003400000,0.033900000,0.037700000,0.010500000,0.006400000,true,true,0.017500000,0.019100000,0.001800000,0.002800000,0.036800000,103,103,0
1414,1,1,1920,1080,640,360,ultra-performance,1.127300000,0.024200000,0.187700000,0.002500000,0.262700000,0.023500000,0.124300000,0.601500000,0.163000000,2.518100000,1.390800000,2.516700000,0.001400000,0.003700000,0.018600000,0.010300000,0.154700000,0.002300000,0.050900000,0.002200000,0.207200000,0.000000000,0.000000000,false,disabled,84,0,103,3,7,0.007700000,0.002700000,0.001300000,0.006800000,0.003300000,0.000500000,0.321800000,0.016500000,0.134100000,0.009900000,0.005800000,0.071100000,0.000100000,0.000000000,0.010900000,0.592500000,0.009000000,3,1,7,7,3,0.091300000,0.003800000,0.037000000,0.045200000,0.012400000,0.008200000,true,true,0.017900000,0.024000000,0.001300000,0.003700000,0.038700000,103,103,0
1415,2,1,1920,1080,640,360,ultra-performance,0.548000000,0.018800000,0.178100000,0.002600000,0.249000000,0.021900000,0.122300000,0.710300000,0.177800000,2.029800000,1.481800000,2.028800000,0.001000000,0.003300000,0.017900000,0.009600000,0.146900000,0.002400000,0.051700000,0.002100000,0.193100000,0.000000000,0.000000000,false,disabled,84,0,103,3,7,0.004900000,0.002700000,0.001200000,0.006400000,0.003700000,0.000600000,0.434300000,0.017000000,0.120000000,0.011800000,0.005800000,0.078000000,0.000000000,0.000000000,0.010900000,0.697300000,0.013000000,3,1,7,7,3,0.084400000,0.003700000,0.035400000,0.042400000,0.011300000,0.007300000,true,true,0.017100000,0.018800000,0.001300000,0.003800000,0.037800000,103,103,0
1416,0,1,1920,1080,640,360,ultra-performance,0.883800000,0.026500000,0.185700000,0.002700000,0.264600000,0.024600000,0.119300000,0.645300000,0.133100000,2.286700000,1.402900000,2.285600000,0.001100000,0.004300000,0.020500000,0.010800000,0.149800000,0.002400000,0.051700000,0.002600000,0.207900000,0.000000000,0.000000000,false,disabled,84,0,103,3,7,0.007500000,0.002700000,0.001100000,0.006800000,0.002700000,0.000700000,0.350500000,0.015500000,0.146900000,0.009900000,0.009500000,0.066800000,0.000000000,0.000000000,0.009800000,0.630400000,0.014900000,3,1,7,7,3,0.089500000,0.003800000,0.037600000,0.047300000,0.011500000,0.007900000,true,true,0.018800000,0.019900000,0.001600000,0.004000000,0.039500000,103,103,0
1417,1,1,1920,1080,640,360,ultra-performance,0.584400000,0.017600000,0.177600000,0.002300000,0.246400000,0.023300000,0.106700000,0.697600000,0.292600000,2.149600000,1.565200000,2.148500000,0.001100000,0.002900000,0.017000000,0.010400000,0.146900000,0.002200000,0.056900000,0.002100000,0.185200000,0.000000000,0.000000000,false,disabled,84,0,103,3,7,0.006800000,0.002300000,0.001100000,0.006300000,0.002500000,0.000400000,0.361300000,0.010200000,0.195100000,0.006400000,0.003800000,0.079000000,0.000000000,0.000000000,0.011200000,0.686400000,0.011200000,3,1,7,7,3,0.083900000,0.003300000,0.034600000,0.037700000,0.010300000,0.006700000,true,true,0.017600000,0.019800000,0.001500000,0.002900000,0.036600000,103,103,0
1418,2,1,1920,1080,640,360,ultra-performance,0.655100000,0.020400000,0.175500000,0.002300000,0.245400000,0.022000000,0.116300000,0.615400000,0.146100000,1.999800000,1.344700000,1.998500000,0.001300000,0.003200000,0.017000000,0.009700000,0.145200000,0.002200000,0.050500000,0.002000000,0.190700000,0.000000000,0.000000000,false,disabled,84,0,103,3,7,0.006800000,0.002600000,0.001000000,0.006300000,0.002300000,0.000400000,0.266000000,0.012200000,0.225000000,0.007900000,0.003900000,0.061900000,0.000100000,0.000000000,0.010900000,0.607300000,0.008100000,3,1,7,7,3,0.086600000,0.003500000,0.033600000,0.040400000,0.010800000,0.006900000,true,true,0.017200000,0.019100000,0.001400000,0.003400000,0.039800000,103,103,0
1419,0,1,1920,1080,640,360,ultra-performance,0.653400000,0.017700000,0.183900000,0.002800000,0.245500000,0.022100000,0.113700000,0.596900000,0.140500000,1.977800000,1.324400000,1.976500000,0.001300000,0.003100000,0.016900000,0.009500000,0.154000000,0.002600000,0.052800000,0.001900000,0.188600000,0.000000000,0.000000000,false,disabled,84,0,103,3,7,0.004800000,0.002600000,0.001000000,0.006600000,0.002200000,0.000400000,0.271300000,0.010600000,0.207300000,0.006500000,0.002900000,0.062300000,0.000000000,0.000000000,0.010600000,0.589100000,0.007800000,3,1,7,7,3,0.085700000,0.003600000,0.033700000,0.039600000,0.011400000,0.006800000,true,true,0.017500000,0.020200000,0.001500000,0.003200000,0.037700000,103,103,0
1420,1,1,1920,1080,640,360,ultra-performance,1.070900000,0.017800000,0.183600000,0.002800000,0.255300000,0.021900000,0.114200000,0.574400000,0.144300000,2.386400000,1.315500000,2.385200000,0.001200000,0.003500000,0.016800000,0.009200000,0.153700000,0.002600000,0.052400000,0.001900000,0.198500000,0.000000000,0.000000000,false,disabled,84,0,103,3,7,0.005000000,0.002600000,0.001100000,0.006500000,0.002300000,0.000400000,0.347100000,0.010800000,0.110800000,0.007000000,0.004100000,0.058800000,0.000000000,0.000000000,0.010500000,0.567000000,0.007400000,3,1,7,7,3,0.086100000,0.003700000,0.034600000,0.047200000,0.011400000,0.007000000,true,true,0.017600000,0.020900000,0.001200000,0.003300000,0.037500000,103,103,0
1421,2,1,1920,1080,640,360,ultra-performance,0.678800000,0.016600000,0.183600000,0.002500000,0.245200000,0.021500000,0.115000000,0.599700000,0.174100000,2.038200000,1.359400000,2.037000000,0.001200000,0.003100000,0.016800000,0.009400000,0.153800000,0.002400000,0.053300000,0.002000000,0.187600000,0.000000000,0.000000000,false,disabled,84,0,103,3,7,0.004600000,0.002500000,0.001100000,0.006600000,0.002500000,0.000700000,0.354800000,0.013600000,0.097900000,0.008700000,0.004700000,0.080100000,0.000000000,0.000000000,0.010600000,0.588400000,0.011300000,3,1,7,7,3,0.083800000,0.003600000,0.034200000,0.039500000,0.011200000,0.007200000,true,true,0.016800000,0.019800000,0.001200000,0.003200000,0.037200000,103,103,0
1422,0,1,1920,1080,640,360,ultra-performance,1.487900000,0.039300000,0.284300000,0.002700000,0.300600000,0.024000000,0.119800000,0.480700000,0.160000000,2.900800000,1.412900000,2.899300000,0.001500000,0.007000000,0.040400000,0.022100000,0.213800000,0.002500000,0.058500000,0.002300000,0.237500000,0.000000000,0.000000000,false,disabled,84,0,103,3,7,0.005600000,0.002800000,0.001300000,0.007300000,0.003500000,0.000600000,0.281400000,0.016300000,0.048700000,0.009500000,0.006100000,0.076500000,0.000000000,0.000000000,0.012200000,0.471800000,0.008900000,3,1,7,7,3,0.123400000,0.003900000,0.036900000,0.043900000,0.012400000,0.007700000,true,true,0.018300000,0.054300000,0.001400000,0.003400000,0.040200000,103,103,0
1423,1,1,1920,1080,640,360,ultra-performance,1.565500000,0.022300000,0.187100000,0.002400000,0.259800000,0.022000000,0.118100000,0.517300000,0.164200000,2.859800000,1.294300000,2.858700000,0.001100000,0.003800000,0.018100000,0.009800000,0.154700000,0.002200000,0.051700000,0.002200000,0.203500000,0.000000000,0.000000000,false,disabled,84,0,103,3,7,0.004800000,0.002700000,0.001100000,0.006500000,0.002300000,0.000400000,0.320800000,0.012200000,0.073800000,0.008300000,0.004100000,0.060500000,0.000000000,0.000000000,0.011800000,0.509300000,0.008000000,3,1,7,7,3,0.085200000,0.003800000,0.035700000,0.050500000,0.011700000,0.007800000,true,true,0.017400000,0.019300000,0.001400000,0.003700000,0.037600000,103,103,0
1424,2,1,1920,1080,640,360,ultra-performance,0.650200000,0.023500000,0.176000000,0.002300000,0.245300000,0.021200000,0.115200000,0.719300000,0.148900000,2.103300000,1.453100000,2.101900000,0.001400000,0.003000000,0.017300000,0.009400000,0.145900000,0.002200000,0.051100000,0.002000000,0.189700000,0.000000000,0.000000000,false,disabled,84,0,103,3,7,0.004700000,0.002600000,0.001100000,0.006700000,0.003300000,0.000600000,0.395800000,0.015800000,0.150100000,0.009100000,0.005700000,0.104200000,0.000000000,0.000000000,0.011500000,0.711200000,0.008100000,3,1,7,7,3,0.085100000,0.003600000,0.034100000,0.040100000,0.011200000,0.007200000,true,true,0.017300000,0.019200000,0.001400000,0.003400000,0.038200000,103,103,0
1425,0,1,1920,1080,640,360,ultra-performance,0.756700000,0.021500000,0.193200000,0.002100000,0.252400000,0.022000000,0.117400000,0.562700000,0.158500000,2.087700000,1.331000000,2.086500000,0.001200000,0.003700000,0.018800000,0.010100000,0.159800000,0.001900000,0.051200000,0.002200000,0.196800000,0.000000000,0.000000000,false,disabled,84,0,103,3,7,0.004600000,0.002600000,0.001400000,0.006500000,0.002800000,0.000500000,0.326000000,0.014600000,0.097900000,0.009000000,0.004700000,0.072900000,0.000100000,0.000000000,0.010800000,0.554400000,0.008300000,3,1,7,7,3,0.085700000,0.003700000,0.035200000,0.044600000,0.011400000,0.007500000,true,true,0.017700000,0.019300000,0.001500000,0.003600000,0.037700000,103,103,0
1426,1,1,1920,1080,640,360,ultra-performance,0.684500000,0.015100000,0.181600000,0.002200000,0.239900000,0.020900000,0.110300000,0.555200000,0.154400000,1.965300000,1.280800000,1.964100000,0.001200000,0.002900000,0.016700000,0.009900000,0.151900000,0.002000000,0.050800000,0.002000000,0.185000000,0.000000000,0.000000000,false,disabled,84,0,103,3,7,0.004500000,0.002300000,0.001000000,0.006600000,0.002500000,0.000400000,0.365500000,0.009600000,0.064100000,0.007400000,0.004000000,0.064400000,0.000000000,0.000000000,0.011600000,0.543900000,0.011300000,3,1,7,7,3,0.083500000,0.003500000,0.033000000,0.038900000,0.010900000,0.006700000,true,true,0.017300000,0.019600000,0.001300000,0.003000000,0.036600000,103,103,0
1427,2,1,1920,1080,640,360,ultra-performance,0.975100000,0.017400000,0.176200000,0.002600000,0.242800000,0.022100000,0.115600000,0.528600000,0.143800000,2.225600000,1.250500000,2.224200000,0.001400000,0.002900000,0.017000000,0.009500000,0.146400000,0.002400000,0.050900000,0.002100000,0.187400000,0.000000000,0.000000000,false,disabled,84,0,103,3,7,0.007500000,0.002500000,0.001100000,0.006300000,0.002100000,0.000400000,0.325100000,0.010700000,0.078400000,0.007600000,0.004300000,0.059800000,0.000100000,0.000000000,0.012500000,0.518400000,0.010200000,3,1,7,7,3,0.083600000,0.003600000,0.034100000,0.039600000,0.011000000,0.007400000,true,true,0.017400000,0.019100000,0.001500000,0.003200000,0.036900000,103,103,0
1428,0,1,1920,1080,640,360,ultra-performance,0.703200000,0.032000000,0.393100000,0.005000000,0.321800000,0.021700000,0.114900000,0.522000000,0.158600000,2.273800000,1.570600000,2.272300000,0.001500000,0.006000000,0.037100000,0.020500000,0.328700000,0.004600000,0.114700000,0.004600000,0.200200000,0.000000000,0.000000000,false,disabled,84,0,103,3,7,0.005900000,0.002800000,0.001100000,0.006400000,0.002700000,0.000600000,0.344400000,0.013500000,0.031600000,0.008200000,0.005000000,0.077500000,0.000000000,0.000000000,0.013000000,0.512700000,0.009300000,3,1,7,7,3,0.088600000,0.003600000,0.033500000,0.039200000,0.011100000,0.007100000,true,true,0.021100000,0.019400000,0.001400000,0.003100000,0.037900000,103,103,0
1429,1,1,1920,1080,640,360,ultra-performance,1.307800000,0.021200000,0.182600000,0.002200000,0.251600000,0.022400000,0.125400000,0.710400000,0.154200000,2.778900000,1.471100000,2.777800000,0.001100000,0.003700000,0.017800000,0.009600000,0.150900000,0.001900000,0.050900000,0.002300000,0.196000000,0.000000000,0.000000000,false,disabled,84,0,103,3,7,0.004800000,0.002800000,0.001200000,0.006200000,0.002600000,0.000300000,0.374700000,0.022200000,0.134600000,0.015200000,0.007100000,0.116000000,0.000100000,0.000000000,0.012200000,0.700000000,0.010400000,3,1,7,7,3,0.085700000,0.003700000,0.034900000,0.044000000,0.011300000,0.007600000,true,true,0.017700000,0.019100000,0.001400000,0.003600000,0.038100000,103,103,0
1430,2,1,1920,1080,640,360,ultra-performance,0.438400000,0.024300000,0.186400000,0.002800000,0.252700000,0.021300000,0.116600000,0.527100000,0.144000000,1.714800000,1.276400000,1.713600000,0.001200000,0.003100000,0.017800000,0.009400000,0.155700000,0.002700000,0.053700000,0.002100000,0.194800000,0.000000000,0.000000000,false,disabled,84,0,103,3,7,0.004400000,0.002600000,0.001100000,0.006500000,0.002400000,0.000300000,0.307700000,0.014500000,0.079900000,0.008300000,0.004300000,0.074800000,0.000000000,0.000000000,0.011800000,0.518600000,0.008500000,3,1,7,7,3,0.085700000,0.005500000,0.035900000,0.040300000,0.011600000,0.007200000,true,true,0.017600000,0.020000000,0.001400000,0.003700000,0.037400000,103,103,0
1431,0,1,1920,1080,640,360,ultra-performance,0.825700000,0.016300000,0.185100000,0.002400000,0.244300000,0.021400000,0.115400000,0.591300000,0.151200000,2.154400000,1.328700000,2.153100000,0.001300000,0.003200000,0.017600000,0.009400000,0.154400000,0.002300000,0.053200000,0.001900000,0.187100000,0.000000000,0.000000000,false,disabled,84,0,103,3,7,0.004600000,0.002500000,0.001000000,0.006300000,0.002500000,0.000300000,0.317400000,0.010400000,0.152200000,0.007700000,0.004100000,0.058200000,0.000100000,0.000000000,0.011900000,0.579200000,0.012100000,3,1,7,7,3,0.084300000,0.003400000,0.033900000,0.039400000,0.011100000,0.006800000,true,true,0.017400000,0.019700000,0.001400000,0.003300000,0.037100000,103,103,0
1432,1,1,1920,1080,640,360,ultra-performance,1.041200000,0.044000000,0.266200000,0.002300000,0.255500000,0.023200000,0.118700000,0.578400000,0.148600000,2.479300000,1.438100000,2.478100000,0.001200000,0.008300000,0.039800000,0.021600000,0.195800000,0.002100000,0.051000000,0.002600000,0.199400000,0.000000000,0.000000000,false,disabled,84,0,103,3,7,0.008000000,0.002800000,0.001100000,0.006200000,0.003300000,0.000700000,0.325500000,0.017100000,0.101700000,0.010000000,0.006100000,0.072900000,0.000000000,0.000000000,0.011500000,0.566900000,0.011500000,3,1,7,7,3,0.087300000,0.003700000,0.035600000,0.044600000,0.011500000,0.007700000,true,true,0.018100000,0.019300000,0.001400000,0.003800000,0.038700000,103,103,0
1433,2,1,1920,1080,640,360,ultra-performance,0.539700000,0.014600000,0.176300000,0.002600000,0.241100000,0.021700000,0.110300000,0.568600000,0.153600000,1.829700000,1.290000000,1.828500000,0.001200000,0.002700000,0.016600000,0.009600000,0.146900000,0.002400000,0.050700000,0.006800000,0.181300000,0.000000000,0.000000000,false,disabled,84,0,103,3,7,0.006400000,0.002400000,0.001000000,0.006300000,0.002800000,0.000400000,0.323600000,0.011900000,0.109400000,0.009400000,0.004800000,0.065200000,0.000000000,0.000000000,0.012100000,0.555700000,0.012900000,3,1,7,7,3,0.083400000,0.003200000,0.032900000,0.036800000,0.010400000,0.006300000,true,true,0.017600000,0.018500000,0.001500000,0.002800000,0.037600000,103,103,0
1434,0,1,1920,1080,640,360,ultra-performance,1.018400000,0.035100000,0.414000000,0.005400000,0.482900000,0.021900000,0.118000000,0.545400000,0.151100000,2.793300000,1.774900000,2.792200000,0.001100000,0.006800000,0.037300000,0.020900000,0.348100000,0.005100000,0.120200000,0.004500000,0.355700000,0.000000000,0.000000000,false,disabled,84,0,103,3,7,0.006800000,0.002400000,0.001100000,0.006600000,0.002300000,0.000600000,0.330100000,0.012800000,0.059200000,0.006600000,0.003300000,0.094800000,0.000000000,0.000000000,0.010600000,0.537200000,0.008200000,3,1,7,7,3,0.188700000,0.007800000,0.074600000,0.048400000,0.011200000,0.007300000,true,true,0.037600000,0.045000000,0.002400000,0.007000000,0.083900000,103,103,0
1435,1,1,1920,1080,640,360,ultra-performance,0.001800000,0.017300000,0.191600000,0.002700000,0.292300000,0.023500000,0.121300000,0.446200000,0.144200000,1.242400000,1.240600000,1.240900000,0.001500000,0.003200000,0.017300000,0.009600000,0.161300000,0.002600000,0.051900000,0.002200000,0.235800000,0.000000000,0.000000000,false,disabled,84,0,103,3,7,0.004900000,0.002600000,0.001200000,0.007300000,0.002500000,0.000500000,0.280600000,0.012700000,0.022500000,0.007700000,0.004000000,0.079500000,0.000000000,0.000000000,0.012000000,0.438000000,0.008200000,3,1,7,7,3,0.122700000,0.004000000,0.037100000,0.043500000,0.012300000,0.007800000,true,true,0.017700000,0.019300000,0.001400000,0.003500000,0.038100000,103,103,0
1436,2,1,1920,1080,640,360,ultra-performance,1.553800000,0.022000000,0.185500000,0.002600000,0.257700000,0.023400000,0.120500000,0.571300000,0.157600000,2.896000000,1.342200000,2.894400000,0.001600000,0.003700000,0.019000000,0.010000000,0.152400000,0.002500000,0.051500000,0.002200000,0.201600000,0.000000000,0.000000000,false,disabled,84,0,103,3,7,0.004600000,0.002800000,0.001200000,0.006900000,0.002600000,0.000600000,0.299500000,0.015800000,0.135900000,0.009900000,0.004700000,0.063700000,0.000000000,0.000000000,0.012900000,0.561100000,0.010200000,3,1,7,7,3,0.086600000,0.003800000,0.037000000,0.045500000,0.012000000,0.007700000,true,true,0.017500000,0.019400000,0.001300000,0.003500000,0.039000000,103,103,0
1437,0,1,1920,1080,640,360,ultra-performance,0.631400000,0.021100000,0.179200000,0.002500000,0.255200000,0.022600000,0.118600000,0.776800000,0.215100000,2.224000000,1.592600000,2.222500000,0.001500000,0.003700000,0.018600000,0.010000000,0.146500000,0.002400000,0.051100000,0.002200000,0.199400000,0.000000000,0.000000000,false,disabled,84,0,103,3,7,0.004800000,0.002800000,0.001300000,0.006500000,0.006100000,0.001400000,0.405000000,0.022800000,0.099300000,0.013800000,0.061800000,0.125400000,0.000100000,0.000000000,0.013500000,0.764600000,0.012200000,3,1,7,7,3,0.087700000,0.003800000,0.035600000,0.044400000,0.011400000,0.007500000,true,true,0.017700000,0.020600000,0.001300000,0.003900000,0.038400000,103,103,0
1438,1,1,1920,1080,640,360,ultra-performance,1.039600000,0.022000000,0.186600000,0.002400000,0.254300000,0.021700000,0.116500000,0.549600000,0.156900000,2.350700000,1.311100000,2.349600000,0.001100000,0.003800000,0.018400000,0.009900000,0.154100000,0.002200000,0.051100000,0.002300000,0.198700000,0.000000000,0.000000000,false,disabled,84,0,103,3,7,0.006600000,0.002800000,0.001200000,0.006700000,0.002500000,0.000400000,0.335300000,0.010900000,0.091300000,0.007300000,0.004300000,0.061100000,0.000000000,0.000000000,0.011900000,0.542300000,0.007300000,3,1,7,7,3,0.086900000,0.003600000,0.035500000,0.044400000,0.011400000,0.007700000,true,true,0.017800000,0.019200000,0.001400000,0.003700000,0.038900000,103,103,0
1439,2,1,1920,1080,640,360,ultra-performance,0.625400000,0.016500000,0.175700000,0.002300000,0.242100000,0.021400000,0.114700000,0.682400000,0.164100000,2.046200000,1.420800000,2.044600000,0.001600000,0.003000000,0.016600000,0.009700000,0.145900000,0.002100000,0.050600000,0.002000000,0.186900000,0.000000000,0.000000000,false,disabled,84,0,103,3,7,0.004400000,0.002500000,0.001000000,0.006700000,0.002700000,0.000700000,0.353700000,0.015700000,0.157800000,0.010500000,0.005100000,0.097500000,0.000000000,0.000000000,0.012300000,0.670600000,0.011800000,3,1,7,7,3,0.083500000,0.003600000,0.033600000,0.040000000,0.011100000,0.006900000,true,true,0.017700000,0.019100000,0.001200000,0.003300000,0.036700000,103,103,0
1440,0,1,1920,1080,640,360,ultra-performance,0.945000000,0.014500000,0.174600000,0.002400000,0.233500000,0.021100000,0.109300000,0.593000000,0.143100000,2.237700000,1.292700000,2.236500000,0.001200000,0.002800000,0.016300000,0.009500000,0.145600000,0.002300000,0.050500000,0.001700000,0.179300000,0.000000000,0.000000000,false,disabled,84,0,103,3,7,0.005700000,0.002100000,0.001000000,0.006400000,0.002300000,0.000400000,0.335800000,0.009300000,0.136000000,0.008100000,0.004000000,0.058500000,0.000000000,0.000000000,0.011600000,0.581200000,0.011800000,3,1,7,7,3,0.083200000,0.003200000,0.032100000,0.036700000,0.010200000,0.006100000,true,true,0.017000000,0.019300000,0.001300000,0.002700000,0.037300000,103,103,0
1441,1,1,1920,1080,640,360,ultra-performance,0.696500000,0.022000000,0.180900000,0.002800000,0.264700000,0.024600000,0.126100000,0.525600000,0.154900000,1.999400000,1.302900000,1.998100000,0.001300000,0.003700000,0.018400000,0.009900000,0.148500000,0.002700000,0.052600000,0.002600000,0.206900000,0.000000000,0.000000000,false,disabled,84,0,103,3,7,0.006900000,0.002900000,0.001400000,0.006800000,0.003300000,0.000600000,0.316300000,0.016900000,0.061000000,0.009500000,0.005800000,0.073800000,0.000100000,0.000000000,0.011800000,0.517100000,0.008500000,3,1,7,7,3,0.087400000,0.004100000,0.038900000,0.046100000,0.012900000,0.008200000,true,true,0.017900000,0.019600000,0.001600000,0.003600000,0.038400000,103,103,0
1442,2,1,1920,1080,640,360,ultra-performance,0.958900000,0.019100000,0.207400000,0.002600000,0.258500000,0.021500000,0.118000000,0.961500000,0.293800000,2.844800000,1.885900000,2.841300000,0.003500000,0.003200000,0.017700000,0.009500000,0.176600000,0.002500000,0.052100000,0.002100000,0.201900000,0.000000000,0.000000000,false,disabled,84,0,103,3,7,0.004600000,0.002700000,0.001200000,0.006500000,0.006900000,0.001700000,0.484600000,0.025000000,0.212700000,0.014700000,0.007700000,0.133000000,0.000000000,0.000000000,0.037100000,0.938400000,0.023100000,3,1,7,7,3,0.085800000,0.003700000,0.034900000,0.049700000,0.011500000,0.007400000,true,true,0.017500000,0.019300000,0.001300000,0.003900000,0.038200000,103,103,0
1443,0,1,1920,1080,640,360,ultra-performance,0.098500000,0.022000000,0.181700000,0.002600000,0.295800000,0.027400000,0.128700000,0.539300000,0.149600000,1.446800000,1.348300000,1.445600000,0.001200000,0.003700000,0.018900000,0.010500000,0.148100000,0.002400000,0.051500000,0.002400000,0.238600000,0.000000000,0.000000000,false,disabled,84,0,103,3,7,0.006900000,0.002800000,0.001300000,0.008100000,0.002600000,0.000500000,0.316600000,0.016000000,0.068600000,0.009000000,0.004800000,0.080600000,0.000100000,0.000000000,0.012400000,0.530300000,0.009000000,3,1,7,7,3,0.093200000,0.004100000,0.054800000,0.052800000,0.014500000,0.010100000,true,true,0.017900000,0.023300000,0.001500000,0.003600000,0.040900000,103,103,0
1444,1,1,1920,1080,640,360,ultra-performance,1.018100000,0.037000000,0.394800000,0.003600000,0.252300000,0.021900000,0.124900000,0.686600000,0.273500000,2.814100000,1.796000000,2.812700000,0.001400000,0.006900000,0.038100000,0.021400000,0.327500000,0.003300000,0.051700000,0.002200000,0.196100000,0.000000000,0.000000000,false,disabled,84,0,103,3,7,0.005200000,0.002600000,0.001200000,0.006400000,0.002600000,0.000600000,0.268600000,0.013700000,0.208800000,0.008600000,0.003600000,0.145300000,0.000000000,0.000000000,0.011700000,0.678900000,0.007700000,3,1,7,7,3,0.086800000,0.003700000,0.035000000,0.042100000,0.011400000,0.007500000,true,true,0.018100000,0.019800000,0.001400000,0.003800000,0.037900000,103,103,0
1445,2,1,1920,1080,640,360,ultra-performance,0.003800000,0.034800000,0.416800000,0.006600000,0.325300000,0.022900000,0.120500000,0.658600000,0.199600000,1.791400000,1.787600000,1.788900000,0.002500000,0.006800000,0.038800000,0.021400000,0.348800000,0.006200000,0.122600000,0.002500000,0.197800000,0.000000000,0.000000000,false,disabled,84,0,103,3,7,0.004300000,0.002700000,0.001300000,0.007300000,0.007300000,0.001400000,0.385800000,0.023200000,0.047700000,0.013800000,0.009400000,0.112900000,0.000000000,0.000000000,0.026800000,0.643900000,0.014700000,3,1,7,7,3,0.087000000,0.003900000,0.036500000,0.042400000,0.011900000,0.007900000,true,true,0.017700000,0.019400000,0.001400000,0.004200000,0.038300000,103,103,0
1446,0,1,1920,1080,640,360,ultra-performance,0.672000000,0.017900000,0.177300000,0.002300000,0.250700000,0.022200000,0.118200000,0.563500000,0.145700000,1.970900000,1.298900000,1.969800000,0.001100000,0.003200000,0.017700000,0.009600000,0.146400000,0.002100000,0.052100000,0.002200000,0.194000000,0.000000000,0.000000000,false,disabled,84,0,103,3,7,0.004700000,0.002600000,0.001200000,0.006600000,0.002300000,0.000400000,0.338700000,0.011100000,0.110200000,0.007000000,0.004000000,0.055500000,0.000100000,0.000000000,0.011900000,0.556300000,0.007200000,3,1,7,7,3,0.086000000,0.003700000,0.034500000,0.042100000,0.011500000,0.007500000,true,true,0.017300000,0.019400000,0.001300000,0.003600000,0.038600000,103,103,0
1447,1,1,1920,1080,640,360,ultra-performance,0.917400000,0.016800000,0.176500000,0.002600000,0.244800000,0.021600000,0.121000000,0.457200000,0.148100000,2.106800000,1.189400000,2.106000000,0.000800000,0.003100000,0.016700000,0.009400000,0.146700000,0.002400000,0.052100000,0.002000000,0.188400000,0.000000000,0.000000000,false,disabled,84,0,103,3,7,0.004500000,0.002600000,0.001100000,0.006700000,0.002400000,0.000400000,0.309700000,0.010700000,0.028400000,0.006500000,0.003900000,0.061400000,0.000100000,0.000000000,0.011100000,0.449500000,0.007700000,3,1,7,7,3,0.084400000,0.003600000,0.034400000,0.039500000,0.011200000,0.007000000,true,true,0.017800000,0.018700000,0.001200000,0.003200000,0.037700000,103,103,0
1448,2,1,1920,1080,640,360,ultra-performance,0.883900000,0.016300000,0.175600000,0.002400000,0.241600000,0.021000000,0.113400000,0.578700000,0.145500000,2.179500000,1.295600000,2.178400000,0.001100000,0.003000000,0.017100000,0.009300000,0.145700000,0.002200000,0.051100000,0.002000000,0.186200000,0.000000000,0.000000000,false,disabled,84,0,103,3,7,0.012600000,0.002500000,0.001100000,0.006600000,0.002200000,0.000500000,0.346600000,0.011100000,0.106100000,0.006800000,0.004300000,0.056700000,0.000000000,0.000000000,0.011600000,0.568700000,0.010000000,3,1,7,7,3,0.083400000,0.003500000,0.033400000,0.039300000,0.010900000,0.007000000,true,true,0.017300000,0.019100000,0.001400000,0.003200000,0.036800000,103,103,0
1449,0,1,1920,1080,640,360,ultra-performance,0.646500000,0.018100000,0.185400000,0.002900000,0.257800000,0.023200000,0.118900000,0.550900000,0.168800000,1.973800000,1.327300000,1.972500000,0.001300000,0.003200000,0.018100000,0.009600000,0.154100000,0.002800000,0.051800000,0.002200000,0.201300000,0.000000000,0.000000000,false,disabled,84,0,103,3,7,0.005500000,0.002900000,0.001200000,0.007000000,0.002800000,0.000500000,0.306500000,0.013400000,0.106600000,0.008700000,0.004100000,0.071300000,0.000000000,0.000000000,0.011500000,0.542000000,0.008900000,3,1,7,7,3,0.087600000,0.003800000,0.036400000,0.044700000,0.012100000,0.007800000,true,true,0.017700000,0.019400000,0.001900000,0.003800000,0.038800000,103,103,0
1450,1,1,1920,1080,640,360,ultra-performance,0.986100000,0.037300000,0.399500000,0.002900000,0.251500000,0.021900000,0.117100000,0.605000000,0.178200000,2.600600000,1.614500000,2.599500000,0.001100000,0.006900000,0.037900000,0.021200000,0.332700000,0.002700000,0.052500000,0.002200000,0.194500000,0.000000000,0.000000000,false,disabled,84,0,103,3,7,0.004700000,0.002700000,0.001200000,0.006700000,0.002800000,0.000400000,0.303800000,0.017700000,0.152800000,0.011500000,0.005600000,0.073400000,0.000000000,0.000000000,0.010900000,0.594200000,0.010800000,3,1,7,7,3,0.084900000,0.003700000,0.035300000,0.042400000,0.011500000,0.007600000,true,true,0.017600000,0.019500000,0.001300000,0.003200000,0.037600000,103,103,0
1451,2,1,1920,1080,640,360,ultra-performance,0.001800000,0.017000000,0.180300000,0.002600000,0.256100000,0.022200000,0.116400000,0.738200000,0.155700000,1.491600000,1.489800000,1.490300000,0.001300000,0.003100000,0.017400000,0.009300000,0.150100000,0.002500000,0.052000000,0.002000000,0.199800000,0.000000000,0.000000000,false,disabled,84,0,103,3,7,0.005900000,0.002700000,0.001100000,0.006700000,0.002800000,0.000600000,0.322700000,0.015200000,0.067500000,0.008900000,0.004700000,0.278800000,0.000000000,0.000000000,0.012100000,0.729700000,0.008500000,3,1,7,7,3,0.084700000,0.003800000,0.043500000,0.040300000,0.011400000,0.007400000,true,true,0.017700000,0.019100000,0.001400000,0.003200000,0.037700000,103,103,0
1452,0,1,1920,1080,640,360,ultra-performance,1.067200000,0.014700000,0.176000000,0.002400000,0.242200000,0.021800000,0.110900000,0.526100000,0.158500000,2.321200000,1.254000000,2.319800000,0.001400000,0.003000000,0.016900000,0.009700000,0.146000000,0.002300000,0.051000000,0.002100000,0.186700000,0.000000000,0.000000000,false,disabled,84,0,103,3,7,0.004800000,0.002400000,0.001100000,0.006600000,0.002400000,0.000400000,0.344200000,0.009100000,0.065400000,0.006000000,0.003400000,0.061500000,0.000000000,0.000000000,0.011200000,0.518500000,0.007600000,3,1,7,7,3,0.084300000,0.003500000,0.033400000,0.038900000,0.010700000,0.007100000,true,true,0.017700000,0.019700000,0.001300000,0.003000000,0.036700000,103,103,0
1453,1,1,1920,1080,640,360,ultra-performance,1.195700000,0.021600000,0.177700000,0.002500000,0.261800000,0.022200000,0.117400000,0.617400000,0.156100000,2.573800000,1.378100000,2.572400000,0.001400000,0.003700000,0.018000000,0.009600000,0.145900000,0.002300000,0.051200000,0.002100000,0.206100000,0.000000000,0.000000000,false,disabled,84,0,103,3,7,0.004700000,0.002900000,0.001200000,0.006400000,0.003100000,0.000500000,0.339900000,0.014600000,0.128200000,0.009900000,0.004900000,0.073900000,0.000000000,0.000000000,0.011400000,0.601600000,0.015800000,3,1,7,7,3,0.085500000,0.003900000,0.044200000,0.044500000,0.011400000,0.007600000,true,true,0.017500000,0.019600000,0.001300000,0.003700000,0.037700000,103,103,0
1454,2,1,1920,1080,640,360,ultra-performance,0.518300000,0.014100000,0.177200000,0.002100000,0.244500000,0.022000000,0.108900000,0.636400000,0.166800000,1.891600000,1.373300000,1.890300000,0.001300000,0.002800000,0.016500000,0.009700000,0.147800000,0.002000000,0.050800000,0.001900000,0.189500000,0.000000000,0.000000000,false,disabled,84,0,103,3,7,0.004400000,0.002300000,0.000900000,0.006600000,0.002600000,0.000300000,0.348100000,0.013300000,0.156700000,0.010000000,0.004800000,0.063200000,0.000000000,0.000000000,0.012300000,0.625500000,0.010900000,3,1,7,7,3,0.083100000,0.003400000,0.033900000,0.037300000,0.010800000,0.006800000,true,true,0.016800000,0.019300000,0.001300000,0.002600000,0.037400000,103,103,0
1455,0,1,1920,1080,640,360,ultra-performance,0.855600000,0.016100000,0.177100000,0.002300000,0.249200000,0.022200000,0.113400000,0.588500000,0.152100000,2.177700000,1.322100000,2.176500000,0.001200000,0.003000000,0.017300000,0.009900000,0.146500000,0.002200000,0.051200000,0.002000000,0.193600000,0.000000000,0.000000000,false,disabled,84,0,103,3,7,0.007100000,0.002600000,0.001100000,0.006800000,0.002200000,0.000300000,0.324900000,0.010600000,0.145700000,0.007800000,0.004200000,0.055500000,0.000100000,0.000000000,0.011500000,0.580400000,0.008100000,3,1,7,7,3,0.088700000,0.003700000,0.034600000,0.039800000,0.011100000,0.007200000,true,true,0.017200000,0.023500000,0.001300000,0.003500000,0.037600000,103,103,0
1456,1,1,1920,1080,640,360,ultra-performance,0.738600000,0.019700000,0.185800000,0.002900000,0.259200000,0.023400000,0.117500000,0.645000000,0.166600000,2.159900000,1.421300000,2.158700000,0.001200000,0.003500000,0.018500000,0.010700000,0.152600000,0.002600000,0.051400000,0.002200000,0.203400000,0.000000000,0.000000000,false,disabled,84,0,103,3,7,0.004700000,0.002500000,0.001100000,0.007100000,0.003300000,0.000600000,0.382600000,0.015300000,0.114600000,0.009300000,0.005900000,0.077900000,0.000000000,0.000000000,0.011000000,0.635900000,0.009100000,3,1,7,7,3,0.088300000,0.003900000,0.037000000,0.045100000,0.011800000,0.007900000,true,true,0.017800000,0.019800000,0.001500000,0.003700000,0.039500000,103,103,0
1457,2,1,1920,1080,640,360,ultra-performance,0.773200000,0.025100000,0.188800000,0.002700000,0.261300000,0.023300000,0.122600000,0.769100000,0.129200000,2.296600000,1.523400000,2.295300000,0.001300000,0.003800000,0.018800000,0.010400000,0.155400000,0.002600000,0.052200000,0.002300000,0.204400000,0.000000000,0.000000000,false,disabled,84,0,103,3,7,0.004400000,0.002900000,0.001400000,0.006900000,0.005100000,0.000800000,0.427400000,0.019400000,0.169300000,0.011200000,0.005000000,0.093100000,0.000100000,0.000000000,0.010800000,0.757800000,0.011300000,3,1,7,7,3,0.087900000,0.003800000,0.037700000,0.045600000,0.012100000,0.007800000,true,true,0.018300000,0.019600000,0.001300000,0.003700000,0.039200000,103,103,0
1458,0,1,1920,1080,640,360,ultra-performance,0.534400000,0.019000000,0.182000000,0.002400000,0.273800000,0.023000000,0.119300000,0.686700000,0.166300000,2.008100000,1.473700000,2.006900000,0.001200000,0.003700000,0.018300000,0.010200000,0.149500000,0.002100000,0.052600000,0.002400000,0.216500000,0.000000000,0.000000000,false,disabled,84,0,103,3,7,0.007600000,0.002700000,0.001200000,0.006700000,0.003300000,0.000700000,0.362500000,0.015600000,0.151800000,0.009000000,0.005800000,0.097700000,0.000000000,0.000000000,0.012200000,0.676800000,0.009900000,3,1,7,7,3,0.101500000,0.003900000,0.036700000,0.045100000,0.012100000,0.007900000,true,true,0.024700000,0.027000000,0.001400000,0.003600000,0.038800000,103,103,0
1459,1,1,1920,1080,640,360,ultra-performance,0.901200000,0.022700000,0.179000000,0.002500000,0.255500000,0.022900000,0.132200000,0.660000000,0.152900000,2.330100000,1.428900000,2.328900000,0.001200000,0.003800000,0.018400000,0.010200000,0.146000000,0.002300000,0.051000000,0.002200000,0.199900000,0.000000000,0.000000000,false,disabled,84,0,103,3,7,0.006300000,0.002800000,0.001200000,0.006400000,0.002500000,0.000600000,0.324800000,0.013400000,0.201300000,0.009600000,0.004600000,0.063400000,0.000000000,0.000000000,0.010700000,0.647600000,0.012400000,3,1,7,7,3,0.086000000,0.003900000,0.036900000,0.044400000,0.011700000,0.007700000,true,true,0.017400000,0.019700000,0.001400000,0.003600000,0.038200000,103,103,0
1460,2,1,1920,1080,640,360,ultra-performance,0.618300000,0.017700000,0.184400000,0.002700000,0.256500000,0.023300000,0.123600000,0.550300000,0.156400000,1.934500000,1.316200000,1.933200000,0.001300000,0.003300000,0.017500000,0.010200000,0.152900000,0.002500000,0.051800000,0.002100000,0.200300000,0.000000000,0.000000000,false,disabled,84,0,103,3,7,0.007100000,0.002900000,0.001200000,0.007300000,0.002500000,0.000600000,0.330600000,0.013900000,0.080600000,0.009700000,0.004600000,0.066400000,0.000100000,0.000000000,0.012100000,0.539600000,0.010700000,3,1,7,7,3,0.086400000,0.003700000,0.037000000,0.043800000,0.012000000,0.008100000,true,true,0.017200000,0.019100000,0.002200000,0.002600000,0.039500000,103,103,0
1461,0,1,1920,1080,640,360,ultra-performance,0.968100000,0.018900000,0.179800000,0.002500000,0.251100000,0.024400000,0.118500000,0.708800000,0.160000000,2.433400000,1.465300000,2.432100000,0.001300000,0.003600000,0.018500000,0.010100000,0.147200000,0.002300000,0.051300000,0.002100000,0.195700000,0.000000000,0.000000000,false,disabled,84,0,103,3,7,0.006400000,0.002600000,0.001200000,0.006500000,0.002400000,0.000400000,0.325700000,0.010400000,0.268700000,0.006900000,0.003700000,0.055900000,0.000000000,0.000000000,0.010600000,0.701400000,0.007400000,3,1,7,7,3,0.084500000,0.003900000,0.036900000,0.042600000,0.011100000,0.007500000,true,true,0.017500000,0.019400000,0.001300000,0.002800000,0.037800000,103,103,0
1462,1,1,1920,1080,640,360,ultra-performance,0.479300000,0.037300000,0.326500000,0.002700000,0.246500000,0.023000000,0.115400000,0.517200000,0.157200000,1.906900000,1.427600000,1.905100000,0.001800000,0.006400000,0.037500000,0.020800000,0.261000000,0.002500000,0.050900000,0.002100000,0.191300000,0.000000000,0.000000000,false,disabled,84,0,103,3,7,0.004700000,0.002600000,0.001200000,0.006800000,0.002500000,0.000600000,0.327100000,0.015900000,0.059700000,0.009800000,0.004700000,0.061900000,0.000100000,0.000000000,0.011000000,0.508600000,0.008600000,3,1,7,7,3,0.083700000,0.003700000,0.034900000,0.041900000,0.011500000,0.007100000,true,true,0.016700000,0.019100000,0.001200000,0.002400000,0.038600000,103,103,0
1463,2,1,1920,1080,640,360,ultra-performance,0.814900000,0.020000000,0.417600000,0.006700000,0.554700000,0.048700000,0.233900000,0.712700000,0.161800000,2.972300000,2.157400000,2.971000000,0.001300000,0.003200000,0.037500000,0.021900000,0.354000000,0.006300000,0.114100000,0.004900000,0.430700000,0.000000000,0.000000000,false,disabled,84,0,103,3,7,0.005300000,0.003000000,0.001300000,0.007600000,0.003500000,0.000700000,0.354800000,0.016300000,0.204800000,0.010300000,0.005800000,0.074500000,0.000100000,0.000000000,0.011800000,0.699800000,0.012900000,3,1,7,7,3,0.188800000,0.008200000,0.078900000,0.094600000,0.025100000,0.016700000,true,true,0.039400000,0.042600000,0.002100000,0.007800000,0.084400000,103,103,0
1464,0,1,1920,1080,640,360,ultra-performance,0.001800000,0.017600000,0.200800000,0.003100000,0.251800000,0.023000000,0.125400000,0.598400000,0.240900000,1.465100000,1.463300000,1.462800000,0.002300000,0.003200000,0.017500000,0.009700000,0.170000000,0.002800000,0.052200000,0.002200000,0.195100000,0.000000000,0.000000000,false,disabled,84,0,103,3,7,0.006600000,0.002700000,0.001200000,0.006800000,0.004200000,0.001300000,0.351100000,0.020500000,0.042800000,0.013700000,0.006600000,0.097100000,0.000000000,0.000000000,0.018300000,0.572900000,0.025500000,3,1,7,7,3,0.086100000,0.003800000,0.035200000,0.042100000,0.011500000,0.007800000,true,true,0.016900000,0.019300000,0.001500000,0.003600000,0.039000000,103,103,0
1465,1,1,1920,1080,640,360,ultra-performance,1.042300000,0.022000000,0.195800000,0.002700000,0.291700000,0.030000000,0.126400000,0.698200000,0.171700000,2.582500000,1.540200000,2.580800000,0.001700000,0.003800000,0.024400000,0.014200000,0.152700000,0.002400000,0.053300000,0.002400000,0.233700000,0.000000000,0.000000000,false,disabled,84,0,103,3,7,0.009400000,0.002700000,0.001500000,0.007100000,0.005700000,0.001300000,0.381100000,0.017800000,0.113900000,0.011000000,0.006500000,0.112900000,0.000100000,0.000000000,0.012800000,0.683800000,0.014400000,3,1,7,7,3,0.100600000,0.003900000,0.047800000,0.048100000,0.013000000,0.008900000,true,true,0.020200000,0.025200000,0.002000000,0.004000000,0.043300000,103,103,0
1466,2,1,1920,1080,640,360,ultra-performance,0.832300000,0.024100000,0.187700000,0.002800000,0.265300000,0.024100000,0.120700000,0.555400000,0.152600000,2.166500000,1.334200000,2.165000000,0.001500000,0.003800000,0.019200000,0.010600000,0.153700000,0.002600000,0.051500000,0.002400000,0.209200000,0.000000000,0.000000000,false,disabled,84,0,103,3,7,0.007100000,0.002900000,0.001100000,0.006900000,0.002700000,0.000700000,0.318900000,0.013200000,0.102900000,0.009200000,0.003700000,0.062900000,0.000100000,0.000000000,0.012600000,0.544900000,0.010500000,3,1,7,7,3,0.087500000,0.003700000,0.037400000,0.050400000,0.011900000,0.008400000,true,true,0.017700000,0.019700000,0.001500000,0.003600000,0.039100000,103,103,0
1467,0,1,1920,1080,640,360,ultra-performance,0.659100000,0.017900000,0.190700000,0.002700000,0.246400000,0.022600000,0.111400000,0.448900000,0.159500000,1.860600000,1.201500000,1.859200000,0.001400000,0.002700000,0.017100000,0.010500000,0.159900000,0.002500000,0.052600000,0.002000000,0.189600000,0.000000000,0.000000000,false,disabled,84,0,103,3,7,0.005800000,0.002500000,0.001000000,0.006500000,0.002400000,0.000400000,0.303200000,0.012700000,0.024500000,0.007200000,0.003400000,0.060400000,0.000000000,0.000000000,0.011900000,0.441900000,0.007000000,3,1,7,7,3,0.085500000,0.003400000,0.034900000,0.039300000,0.011300000,0.006800000,true,true,0.017700000,0.020100000,0.001400000,0.002900000,0.037800000,103,103,0
1468,1,1,1920,1080,640,360,ultra-performance,0.708800000,0.022100000,0.178800000,0.002800000,0.263200000,0.022200000,0.123000000,0.538900000,0.151700000,2.012700000,1.303900000,2.011500000,0.001200000,0.003800000,0.019100000,0.010000000,0.145600000,0.002500000,0.050900000,0.002200000,0.207700000,0.000000000,0.000000000,false,disabled,84,0,103,3,7,0.005800000,0.002600000,0.001200000,0.006600000,0.002600000,0.000800000,0.197500000,0.015500000,0.182400000,0.010100000,0.005600000,0.084000000,0.000000000,0.000000000,0.012300000,0.527000000,0.011900000,3,1,7,7,3,0.085900000,0.003700000,0.036300000,0.053000000,0.012000000,0.007800000,true,true,0.017500000,0.019600000,0.001400000,0.003500000,0.038000000,103,103,0
1469,2,1,1920,1080,640,360,ultra-performance,0.922900000,0.036900000,0.393400000,0.005900000,0.356600000,0.022800000,0.119300000,0.736500000,0.293000000,2.888700000,1.965800000,2.887300000,0.001400000,0.006800000,0.038900000,0.021300000,0.325300000,0.005500000,0.152900000,0.002200000,0.199300000,0.000000000,0.000000000,false,disabled,84,0,103,3,7,0.006000000,0.002800000,0.001300000,0.006700000,0.002400000,0.000500000,0.391100000,0.011800000,0.203500000,0.009200000,0.004600000,0.074400000,0.000100000,0.000000000,0.011500000,0.725900000,0.010600000,3,1,7,7,3,0.087900000,0.003900000,0.036500000,0.042800000,0.011500000,0.007700000,true,true,0.018100000,0.019600000,0.001500000,0.004000000,0.038900000,103,103,0
1470,0,1,1920,1080,640,360,ultra-performance,0.001900000,0.017800000,0.202600000,0.002900000,0.266100000,0.077800000,0.156000000,0.705100000,0.278400000,1.711300000,1.709400000,1.708600000,0.002700000,0.003500000,0.018300000,0.009600000,0.170800000,0.002800000,0.055200000,0.002400000,0.206100000,0.000000000,0.000000000,false,disabled,84,0,103,3,7,0.006500000,0.002600000,0.001200000,0.007200000,0.005700000,0.001400000,0.355500000,0.021200000,0.123800000,0.013800000,0.008300000,0.117100000,0.000100000,0.000000000,0.024200000,0.688600000,0.016500000,3,1,7,7,3,0.089600000,0.004100000,0.038200000,0.043600000,0.013000000,0.008200000,true,true,0.018000000,0.020700000,0.001900000,0.003600000,0.039000000,103,103,0
1471,1,1,1920,1080,640,360,ultra-performance,0.643400000,0.018900000,0.176800000,0.002600000,0.250100000,0.022600000,0.117600000,0.627300000,0.276500000,2.137200000,1.493800000,2.135800000,0.001400000,0.003100000,0.017300000,0.009400000,0.146600000,0.002300000,0.050900000,0.002100000,0.194700000,0.000000000,0.000000000,false,disabled,84,0,103,3,7,0.006600000,0.002700000,0.001200000,0.006500000,0.002400000,0.000500000,0.388900000,0.011200000,0.098700000,0.007900000,0.004300000,0.074100000,0.000100000,0.000000000,0.011000000,0.616100000,0.011200000,3,1,7,7,3,0.085500000,0.003700000,0.035500000,0.042400000,0.011200000,0.007500000,true,true,0.017900000,0.019200000,0.001300000,0.003200000,0.038200000,103,103,0
1472,2,1,1920,1080,640,360,ultra-performance,0.953100000,0.019600000,0.177900000,0.002300000,0.247400000,0.021900000,0.116000000,0.688200000,0.145900000,2.373500000,1.420400000,2.372300000,0.001200000,0.003600000,0.017100000,0.009700000,0.147200000,0.002200000,0.051400000,0.002100000,0.191500000,0.000000000,0.000000000,false,disabled,84,0,103,3,7,0.006900000,0.002600000,0.001000000,0.006700000,0.002100000,0.000400000,0.347200000,0.010800000,0.219000000,0.007700000,0.004100000,0.060700000,0.000100000,0.000000000,0.011200000,0.680500000,0.007700000,3,1,7,7,3,0.086000000,0.003500000,0.035400000,0.039900000,0.011200000,0.007100000,true,true,0.018100000,0.019400000,0.001300000,0.003400000,0.038100000,103,103,0
1473,0,1,1920,1080,640,360,ultra-performance,0.531800000,0.017000000,0.175200000,0.002700000,0.240800000,0.021800000,0.114300000,0.629900000,0.154100000,1.889000000,1.357200000,1.887600000,0.001400000,0.003000000,0.016900000,0.009400000,0.145500000,0.002600000,0.050800000,0.001900000,0.186000000,0.000000000,0.000000000,false,disabled,84,0,103,3,7,0.004600000,0.002600000,0.001100000,0.006500000,0.002500000,0.000600000,0.274100000,0.019100000,0.209600000,0.011400000,0.005100000,0.071800000,0.000000000,0.000000000,0.011800000,0.620800000,0.009100000,3,1,7,7,3,0.083800000,0.003500000,0.033600000,0.039200000,0.010800000,0.007100000,true,true,0.017500000,0.019000000,0.001300000,0.003100000,0.037300000,103,103,0
1474,1,1,1920,1080,640,360,ultra-performance,1.118000000,0.016500000,0.177000000,0.002700000,0.240200000,0.021500000,0.115100000,0.580300000,0.148900000,2.421300000,1.303300000,2.420200000,0.001100000,0.002900000,0.017300000,0.009800000,0.146600000,0.002600000,0.050500000,0.002100000,0.185700000,0.000000000,0.000000000,false,disabled,84,0,103,3,7,0.004600000,0.002500000,0.001100000,0.006300000,0.002200000,0.000400000,0.326600000,0.009800000,0.108600000,0.007600000,0.003700000,0.087100000,0.000000000,0.000000000,0.011700000,0.572200000,0.008100000,3,1,7,7,3,0.083900000,0.003300000,0.033800000,0.038700000,0.010700000,0.006600000,true,true,0.018100000,0.018900000,0.001200000,0.002900000,0.037200000,103,103,0
1475,2,1,1920,1080,640,360,ultra-performance,0.707100000,0.021900000,0.181000000,0.002900000,0.262000000,0.024200000,0.123600000,0.608900000,0.181300000,2.114000000,1.406900000,2.112900000,0.001100000,0.003800000,0.018500000,0.010100000,0.148300000,0.002800000,0.052000000,0.002300000,0.205000000,0.000000000,0.000000000,false,disabled,84,0,103,3,7,0.004900000,0.003000000,0.001200000,0.007000000,0.002800000,0.000600000,0.361700000,0.018800000,0.105600000,0.008700000,0.004700000,0.064500000,0.000000000,0.000000000,0.012300000,0.595800000,0.013100000,3,1,7,7,3,0.087300000,0.004100000,0.037800000,0.045800000,0.012800000,0.008000000,true,true,0.017800000,0.019600000,0.001500000,0.003700000,0.038300000,103,103,0
1476,0,1,1920,1080,640,360,ultra-performance,0.978500000,0.018300000,0.177600000,0.002700000,0.251700000,0.022800000,0.118400000,0.686800000,0.146400000,2.404400000,1.425900000,2.403200000,0.001200000,0.003100000,0.017900000,0.009600000,0.146500000,0.002500000,0.051100000,0.002100000,0.196100000,0.000000000,0.000000000,false,disabled,84,0,103,3,7,0.005700000,0.002700000,0.001100000,0.006700000,0.002700000,0.000500000,0.313300000,0.017200000,0.224200000,0.011700000,0.005800000,0.070100000,0.000000000,0.000000000,0.011400000,0.673100000,0.013700000,3,1,7,7,3,0.085800000,0.003700000,0.035800000,0.042700000,0.011200000,0.007600000,true,true,0.017700000,0.019400000,0.001400000,0.003600000,0.038100000,103,103,0
1477,1,1,1920,1080,640,360,ultra-performance,0.458300000,0.018700000,0.179400000,0.002700000,0.268800000,0.023300000,0.121000000,0.493300000,0.165900000,1.732700000,1.274400000,1.731400000,0.001300000,0.003400000,0.017800000,0.010200000,0.147500000,0.002500000,0.052000000,0.002400000,0.212200000,0.000000000,0.000000000,false,disabled,84,0,103,3,7,0.007400000,0.002800000,0.001200000,0.007000000,0.002700000,0.000500000,0.298100000,0.012400000,0.054800000,0.008100000,0.004300000,0.071600000,0.000100000,0.000000000,0.011400000,0.482400000,0.010900000,3,1,7,7,3,0.095500000,0.003900000,0.036800000,0.047100000,0.012000000,0.008000000,true,true,0.017500000,0.029300000,0.001600000,0.002300000,0.038900000,103,103,0
1478,2,1,1920,1080,640,360,ultra-performance,0.928400000,0.020100000,0.178400000,0.002600000,0.253200000,0.022100000,0.117800000,0.475400000,0.154000000,2.153100000,1.224700000,2.152000000,0.001100000,0.003200000,0.017900000,0.009700000,0.147100000,0.002400000,0.051100000,0.002200000,0.197700000,0.000000000,0.000000000,false,disabled,84,0,103,3,7,0.007300000,0.002700000,0.001100000,0.006500000,0.002300000,0.000400000,0.298100000,0.011500000,0.055100000,0.007100000,0.003800000,0.061300000,0.000000000,0.000000000,0.010800000,0.468000000,0.007400000,3,1,7,7,3,0.087000000,0.003700000,0.035700000,0.042500000,0.011800000,0.007900000,true,true,0.017700000,0.019200000,0.002600000,0.003500000,0.038200000,103,103,0
1479,0,1,1920,1080,640,360,ultra-performance,0.729400000,0.044100000,0.403400000,0.005900000,0.343100000,0.022900000,0.119100000,0.536400000,0.156800000,2.362500000,1.633100000,2.361100000,0.001400000,0.008000000,0.039600000,0.021900000,0.333000000,0.005600000,0.132100000,0.003900000,0.204600000,0.000000000,0.000000000,false,disabled,84,0,103,3,7,0.004600000,0.002700000,0.001100000,0.006500000,0.002600000,0.000600000,0.326400000,0.014200000,0.069100000,0.009200000,0.004700000,0.073900000,0.000000000,0.000000000,0.012200000,0.527800000,0.008600000,3,1,7,7,3,0.086000000,0.003800000,0.042700000,0.044700000,0.011300000,0.007400000,true,true,0.017600000,0.019200000,0.001400000,0.003600000,0.038300000,103,103,0
1480,1,1,1920,1080,640,360,ultra-performance,0.513500000,0.018500000,0.178100000,0.002800000,0.253200000,0.023200000,0.118800000,0.654100000,0.295400000,2.060400000,1.546900000,2.057600000,0.002800000,0.003300000,0.017700000,0.009700000,0.147000000,0.002600000,0.051100000,0.002200000,0.197600000,0.000000000,0.000000000,false,disabled,84,0,103,3,7,0.004700000,0.002900000,0.001200000,0.007000000,0.007400000,0.001200000,0.366400000,0.023500000,0.050200000,0.014100000,0.011000000,0.119600000,0.000100000,0.000000000,0.025900000,0.635200000,0.018900000,3,1,7,7,3,0.086200000,0.003900000,0.036500000,0.042800000,0.011800000,0.007800000,true,true,0.017300000,0.019600000,0.001300000,0.003300000,0.038700000,103,103,0
1481,2,1,1920,1080,640,360,ultra-performance,0.344700000,0.020900000,0.181200000,0.003100000,0.290200000,0.023200000,0.120100000,0.622300000,0.157800000,1.764600000,1.419900000,1.763500000,0.001100000,0.003400000,0.018600000,0.010300000,0.148500000,0.002900000,0.079600000,0.002800000,0.205400000,0.000000000,0.000000000,false,disabled,84,0,103,3,7,0.007100000,0.002900000,0.001200000,0.007600000,0.002900000,0.000500000,0.370200000,0.016100000,0.103700000,0.009200000,0.004400000,0.074400000,0.000100000,0.000000000,0.011100000,0.611400000,0.010900000,3,1,7,7,3,0.089800000,0.004100000,0.036400000,0.045000000,0.011500000,0.007600000,true,true,0.018500000,0.019600000,0.001600000,0.003800000,0.040200000,103,103,0
1482,0,1,1920,1080,640,360,ultra-performance,0.993700000,0.019500000,0.381800000,0.006200000,0.563200000,0.048600000,0.256200000,0.708400000,0.230100000,3.209100000,2.215400000,3.207700000,0.001400000,0.003300000,0.017900000,0.015700000,0.344100000,0.005700000,0.114200000,0.005000000,0.438900000,0.000000000,0.000000000,false,disabled,84,0,103,3,7,0.007800000,0.003000000,0.001300000,0.007500000,0.002300000,0.000400000,0.412800000,0.010000000,0.121900000,0.006300000,0.003700000,0.108900000,0.000000000,0.000000000,0.010900000,0.696800000,0.011600000,3,1,7,7,3,0.194800000,0.008400000,0.077800000,0.095200000,0.025900000,0.017100000,true,true,0.039600000,0.048000000,0.002500000,0.007100000,0.084900000,103,103,0
1483,1,1,1920,1080,640,360,ultra-performance,0.001800000,0.017800000,0.185600000,0.002300000,0.248000000,0.021700000,0.124700000,0.573900000,0.138700000,1.315800000,1.314000000,1.314500000,0.001300000,0.002900000,0.016800000,0.009700000,0.155800000,0.002100000,0.053600000,0.002400000,0.189600000,0.000000000,0.000000000,false,disabled,84,0,103,3,7,0.005900000,0.002700000,0.001100000,0.006700000,0.002500000,0.000300000,0.300600000,0.017100000,0.124100000,0.011300000,0.005600000,0.076700000,0.000100000,0.000000000,0.010600000,0.565300000,0.008600000,3,1,7,7,3,0.084600000,0.003700000,0.034600000,0.039800000,0.011600000,0.007300000,true,true,0.017200000,0.019700000,0.001300000,0.003100000,0.037800000,103,103,0
1484,2,1,1920,1080,640,360,ultra-performance,0.635800000,0.017700000,0.186500000,0.002700000,0.247600000,0.020900000,0.115200000,0.412000000,0.137200000,1.776800000,1.141000000,1.775600000,0.001200000,0.003100000,0.016900000,0.009400000,0.156600000,0.002600000,0.053000000,0.002000000,0.190300000,0.000000000,0.000000000,false,disabled,84,0,103,3,7,0.004600000,0.002700000,0.001100000,0.006600000,0.002100000,0.000300000,0.280100000,0.011100000,0.018600000,0.006500000,0.004200000,0.055700000,0.000000000,0.000000000,0.010800000,0.404400000,0.007600000,3,1,7,7,3,0.085700000,0.003600000,0.034300000,0.040000000,0.011200000,0.007200000,true,true,0.017700000,0.020100000,0.001500000,0.003200000,0.037500000,103,103,0
1485,0,1,1920,1080,640,360,ultra-performance,1.592600000,0.022200000,0.185400000,0.002500000,0.253800000,0.022800000,0.131700000,0.569500000,0.153700000,2.935400000,1.342800000,2.934200000,0.001200000,0.003700000,0.018300000,0.009600000,0.153200000,0.002300000,0.051200000,0.002300000,0.197900000,0.000000000,0.000000000,false,disabled,84,0,103,3,7,0.004600000,0.002700000,0.001200000,0.006500000,0.002600000,0.000900000,0.365100000,0.015100000,0.064600000,0.009700000,0.005000000,0.068100000,0.000000000,0.000000000,0.012500000,0.558600000,0.010900000,3,1,7,7,3,0.085800000,0.003900000,0.035600000,0.044600000,0.011600000,0.007500000,true,true,0.017800000,0.019600000,0.001500000,0.003700000,0.037300000,103,103,0
1486,1,1,1920,1080,640,360,ultra-performance,0.595400000,0.028400000,0.207000000,0.002300000,0.239300000,0.026600000,0.110300000,0.611600000,0.159800000,1.981900000,1.386500000,1.980700000,0.001200000,0.005900000,0.035500000,0.020600000,0.144400000,0.002200000,0.051200000,0.001900000,0.184000000,0.000000000,0.000000000,false,disabled,84,0,103,3,7,0.005900000,0.002200000,0.001000000,0.006300000,0.002400000,0.000300000,0.384200000,0.009600000,0.101600000,0.008500000,0.004200000,0.061500000,0.000100000,0.000000000,0.010900000,0.598700000,0.012900000,3,1,7,7,3,0.083000000,0.003500000,0.033900000,0.037700000,0.010800000,0.006500000,true,true,0.017000000,0.019200000,0.001300000,0.002800000,0.037100000,103,103,0
1487,2,1,1920,1080,640,360,ultra-performance,0.909300000,0.022400000,0.187200000,0.002800000,0.257500000,0.023400000,0.118800000,0.671300000,0.160100000,2.354000000,1.444700000,2.352800000,0.001200000,0.003700000,0.018300000,0.010300000,0.154500000,0.002600000,0.051900000,0.002300000,0.200900000,0.000000000,0.000000000,false,disabled,84,0,103,3,7,0.007600000,0.002800000,0.001100000,0.006700000,0.002600000,0.000400000,0.336500000,0.015100000,0.183800000,0.011100000,0.005400000,0.076900000,0.000100000,0.000000000,0.012300000,0.662400000,0.008900000,3,1,7,7,3,0.087400000,0.003800000,0.036600000,0.044700000,0.011900000,0.007900000,true,true,0.017800000,0.019200000,0.002400000,0.003700000,0.038400000,103,103,0
1488,0,1,1920,1080,640,360,ultra-performance,0.545200000,0.018700000,0.186800000,0.002400000,0.264400000,0.021800000,0.118900000,0.605200000,0.153500000,1.918200000,1.373000000,1.916900000,0.001300000,0.003400000,0.018300000,0.010200000,0.154400000,0.002200000,0.059900000,0.002100000,0.200000000,0.000000000,0.000000000,false,disabled,84,0,103,3,7,0.004600000,0.002700000,0.001200000,0.006500000,0.002500000,0.000400000,0.374100000,0.010200000,0.117500000,0.005700000,0.003500000,0.054200000,0.000000000,0.000000000,0.011300000,0.594400000,0.010800000,3,1,7,7,3,0.086700000,0.003800000,0.035900000,0.044800000,0.012000000,0.007500000,true,true,0.017500000,0.020500000,0.001400000,0.002800000,0.038700000,103,103,0
1489,1,1,1920,1080,640,360,ultra-performance,0.955800000,0.017400000,0.189300000,0.002600000,0.249100000,0.022000000,0.135200000,0.484400000,0.142800000,2.199900000,1.244100000,2.198600000,0.001300000,0.003000000,0.017100000,0.009300000,0.159600000,0.002400000,0.053600000,0.002000000,0.191100000,0.000000000,0.000000000,false,disabled,84,0,103,3,7,0.006800000,0.002500000,0.001200000,0.006300000,0.001900000,0.000300000,0.364300000,0.010700000,0.004100000,0.006300000,0.003700000,0.058200000,0.000000000,0.000000000,0.010500000,0.476800000,0.007600000,3,1,7,7,3,0.085000000,0.003800000,0.035300000,0.040100000,0.011500000,0.007200000,true,true,0.017600000,0.020100000,0.001300000,0.003200000,0.037400000,103,103,0
1490,2,1,1920,1080,640,360,ultra-performance,0.796400000,0.016800000,0.184200000,0.002700000,0.246600000,0.021600000,0.115000000,0.659900000,0.163800000,2.208000000,1.411600000,2.207000000,0.001000000,0.002900000,0.017400000,0.009500000,0.154000000,0.002500000,0.052500000,0.001900000,0.190100000,0.000000000,0.000000000,false,disabled,84,0,103,3,7,0.005000000,0.002500000,0.001100000,0.006400000,0.002200000,0.000300000,0.358500000,0.011500000,0.122800000,0.008300000,0.004200000,0.116500000,0.000000000,0.000000000,0.010900000,0.650200000,0.009700000,3,1,7,7,3,0.085900000,0.003600000,0.034300000,0.039400000,0.011200000,0.007100000,true,true,0.017700000,0.020000000,0.001500000,0.003200000,0.037900000,103,103,0
1491,0,1,1920,1080,640,360,ultra-performance,1.257700000,0.035300000,0.417400000,0.006200000,0.350400000,0.021700000,0.116600000,0.631100000,0.162100000,2.999700000,1.742000000,2.998500000,0.001200000,0.006700000,0.037300000,0.021500000,0.351100000,0.005900000,0.120800000,0.004500000,0.222600000,0.000000000,0.000000000,false,disabled,84,0,103,3,7,0.005900000,0.002500000,0.001100000,0.006300000,0.002800000,0.000900000,0.346900000,0.014000000,0.138700000,0.008700000,0.004600000,0.074600000,0.000100000,0.000000000,0.012100000,0.619200000,0.011900000,3,1,7,7,3,0.109100000,0.003700000,0.034700000,0.039900000,0.011100000,0.007000000,true,true,0.039700000,0.021100000,0.001300000,0.003500000,0.037800000,103,103,0
1492,1,1,1920,1080,640,360,ultra-performance,0.001700000,0.017400000,0.177700000,0.002600000,0.256700000,0.022400000,0.125500000,0.549700000,0.191500000,1.346500000,1.344800000,1.345200000,0.001300000,0.003200000,0.017800000,0.009600000,0.146800000,0.002500000,0.051800000,0.002100000,0.200500000,0.000000000,0.000000000,false,disabled,84,0,103,3,7,0.006000000,0.002600000,0.001200000,0.006900000,0.002300000,0.000600000,0.326500000,0.011200000,0.085400000,0.008300000,0.004800000,0.072200000,0.000100000,0.000000000,0.011500000,0.539600000,0.010100000,3,1,7,7,3,0.089800000,0.003900000,0.035900000,0.042400000,0.011800000,0.008000000,true,true,0.018000000,0.022300000,0.001300000,0.003600000,0.038900000,103,103,0
1493,2,1,1920,1080,640,360,ultra-performance,1.138200000,0.019100000,0.178000000,0.002600000,0.250100000,0.021900000,0.113700000,0.613600000,0.153400000,2.491900000,1.353700000,2.490600000,0.001300000,0.002900000,0.017500000,0.009500000,0.147500000,0.002400000,0.051100000,0.002100000,0.194600000,0.000000000,0.000000000,false,disabled,84,0,103,3,7,0.006500000,0.002600000,0.001100000,0.006900000,0.002700000,0.000600000,0.317200000,0.013000000,0.164500000,0.008600000,0.003500000,0.065700000,0.000000000,0.000000000,0.011600000,0.604500000,0.009100000,3,1,7,7,3,0.086600000,0.003700000,0.035900000,0.040900000,0.011400000,0.007500000,true,true,0.017600000,0.019100000,0.002600000,0.003300000,0.038200000,103,103,0
1494,0,1,1920,1080,640,360,ultra-performance,1.128200000,0.022800000,0.180000000,0.003400000,0.258500000,0.022800000,0.118300000,0.605400000,0.157300000,2.498300000,1.370100000,2.496700000,0.001600000,0.003800000,0.018400000,0.010000000,0.147300000,0.003200000,0.055000000,0.002300000,0.198900000,0.000000000,0.000000000,false,disabled,84,0,103,3,7,0.005100000,0.002800000,0.001200000,0.006300000,0.003500000,0.000700000,0.329200000,0.016100000,0.126700000,0.010000000,0.006000000,0.076800000,0.000000000,0.000000000,0.012000000,0.596400000,0.009000000,3,1,7,7,3,0.086600000,0.003800000,0.035100000,0.044500000,0.011800000,0.007700000,true,true,0.017800000,0.019500000,0.001400000,0.003700000,0.038200000,103,103,0
1495,1,1,1920,1080,640,360,ultra-performance,0.579500000,0.015600000,0.177300000,0.002800000,0.238500000,0.021700000,0.111300000,0.414100000,0.132700000,1.694500000,1.115000000,1.693500000,0.001000000,0.002800000,0.016300000,0.010000000,0.147800000,0.002600000,0.050200000,0.001900000,0.184200000,0.000000000,0.000000000,false,disabled,84,0,103,3,7,0.004500000,0.002400000,0.001000000,0.006600000,0.002800000,0.000500000,0.281800000,0.011300000,0.018700000,0.006800000,0.003700000,0.055400000,0.000000000,0.000000000,0.011000000,0.406500000,0.007600000,3,1,7,7,3,0.083100000,0.003400000,0.033800000,0.038100000,0.011000000,0.006600000,true,true,0.017600000,0.019300000,0.001300000,0.002600000,0.036800000,103,103,0
1496,2,1,1920,1080,640,360,ultra-performance,1.206000000,0.022800000,0.188100000,0.002800000,0.264300000,0.023700000,0.119400000,0.535800000,0.163500000,2.527700000,1.321700000,2.526400000,0.001300000,0.003800000,0.019300000,0.018600000,0.146000000,0.002600000,0.057900000,0.002300000,0.201800000,0.000000000,0.000000000,false,disabled,84,0,103,3,7,0.004800000,0.002700000,0.001200000,0.006800000,0.002700000,0.000600000,0.318700000,0.013300000,0.089600000,0.008500000,0.003600000,0.062300000,0.000000000,0.000000000,0.011900000,0.526700000,0.009100000,3,1,7,7,3,0.087300000,0.003900000,0.036400000,0.044900000,0.011900000,0.008100000,true,true,0.017400000,0.019500000,0.001500000,0.003900000,0.039000000,103,103,0
1497,0,1,1920,1080,640,360,ultra-performance,0.692900000,0.018000000,0.175100000,0.002700000,0.249000000,0.022600000,0.118600000,0.530500000,0.146200000,1.956700000,1.263800000,1.955600000,0.001100000,0.003200000,0.017300000,0.009700000,0.144400000,0.002500000,0.051100000,0.002200000,0.193300000,0.000000000,0.000000000,false,disabled,84,0,103,3,7,0.004700000,0.002800000,0.001200000,0.006600000,0.002400000,0.000300000,0.334500000,0.010800000,0.079600000,0.007000000,0.004000000,0.057500000,0.000000000,0.000000000,0.011400000,0.522800000,0.007700000,3,1,7,7,3,0.084500000,0.003800000,0.035400000,0.042200000,0.011500000,0.007400000,true,true,0.017300000,0.019400000,0.001300000,0.003200000,0.037700000,103,103,0
1498,1,1,1920,1080,640,360,ultra-performance,0.969600000,0.021900000,0.177800000,0.002500000,0.252500000,0.022100000,0.117400000,0.703300000,0.154000000,2.422500000,1.452900000,2.421100000,0.001400000,0.003700000,0.018300000,0.009900000,0.145400000,0.002400000,0.051500000,0.002300000,0.196600000,0.000000000,0.000000000,false,disabled,84,0,103,3,7,0.004600000,0.002600000,0.001200000,0.006300000,0.007300000,0.001700000,0.385100000,0.023300000,0.115900000,0.014200000,0.009100000,0.108300000,0.000000000,0.000000000,0.011900000,0.691500000,0.011800000,3,1,7,7,3,0.085600000,0.003800000,0.034400000,0.044500000,0.011600000,0.007300000,true,true,0.017400000,0.019500000,0.001400000,0.003600000,0.037900000,103,103,0
1499,2,1,1920,1080,640,360,ultra-performance,0.596600000,0.029200000,0.212500000,0.002400000,0.239400000,0.022100000,0.111300000,0.924800000,0.315000000,2.455900000,1.859300000,2.453300000,0.002600000,0.005700000,0.035700000,0.017900000,0.152800000,0.002200000,0.050200000,0.001900000,0.185100000,0.000000000,0.000000000,false,disabled,84,0,103,3,7,0.006400000,0.002700000,0.001000000,0.006600000,0.007400000,0.001400000,0.520800000,0.035200000,0.084300000,0.019700000,0.011600000,0.183600000,0.000000000,0.000000000,0.026400000,0.907100000,0.017700000,3,1,7,7,3,0.083400000,0.003300000,0.034300000,0.038100000,0.010900000,0.006600000,true,true,0.017400000,0.018900000,0.001400000,0.002800000,0.037300000,103,103,0
1500,0,1,1920,1080,640,360,ultra-performance,0.597500000,0.020800000,0.180500000,0.002700000,0.266900000,0.023900000,0.118100000,0.511400000,0.171200000,1.894300000,1.296800000,1.893000000,0.001300000,0.003700000,0.019000000,0.010300000,0.147000000,0.002600000,0.051200000,0.010300000,0.202900000,0.000000000,0.000000000,false,disabled,84,0,103,3,7,0.005600000,0.002600000,0.001100000,0.006600000,0.002500000,0.000600000,0.329700000,0.015900000,0.041700000,0.009900000,0.004900000,0.070300000,0.000000000,0.000000000,0.011300000,0.502700000,0.008700000,3,1,7,7,3,0.087100000,0.003800000,0.037800000,0.045100000,0.011500000,0.007900000,true,true,0.017900000,0.019900000,0.001300000,0.003600000,0.038400000,103,103,0
1501,1,1,1920,1080,640,360,ultra-performance,0.517600000,0.038000000,0.395400000,0.005200000,0.425000000,0.021900000,0.116600000,1.031000000,0.159000000,2.711100000,2.193500000,2.709700000,0.001400000,0.006900000,0.037900000,0.020800000,0.328800000,0.004800000,0.114900000,0.004800000,0.302700000,0.000000000,0.000000000,false,disabled,84,0,103,3,7,0.004200000,0.002600000,0.001300000,0.006800000,0.002700000,0.000900000,0.715500000,0.024900000,0.071400000,0.012700000,0.005400000,0.160100000,0.000000000,0.000000000,0.012700000,1.021200000,0.009800000,3,1,7,7,3,0.184000000,0.003700000,0.035000000,0.043100000,0.011400000,0.007500000,true,true,0.037800000,0.042900000,0.002300000,0.007500000,0.085700000,103,103,0
1502,2,1,1920,1080,640,360,ultra-performance,0.001800000,0.018800000,0.176800000,0.002600000,0.253900000,0.023400000,0.127200000,0.715800000,0.272100000,1.595200000,1.593400000,1.592400000,0.002800000,0.003200000,0.017600000,0.009600000,0.145800000,0.002400000,0.051300000,0.002100000,0.198300000,0.000000000,0.000000000,false,disabled,84,0,103,3,7,0.004800000,0.002900000,0.001200000,0.006900000,0.005100000,0.001400000,0.435500000,0.021100000,0.055600000,0.014100000,0.007200000,0.119600000,0.000100000,0.000000000,0.025100000,0.700600000,0.015200000,3,1,7,7,3,0.087900000,0.003800000,0.035600000,0.042400000,0.012000000,0.007900000,true,true,0.017400000,0.019500000,0.001400000,0.004000000,0.039900000,103,103,0
1503,0,1,1920,1080,640,360,ultra-performance,0.787500000,0.019000000,0.275000000,0.006700000,0.565400000,0.049500000,0.260800000,0.688600000,0.155200000,2.809000000,2.021500000,2.807700000,0.001300000,0.003200000,0.017700000,0.009300000,0.244200000,0.006200000,0.125500000,0.004700000,0.430400000,0.000000000,0.000000000,false,disabled,84,0,103,3,7,0.010000000,0.005900000,0.002700000,0.015200000,0.002400000,0.000300000,0.300700000,0.011900000,0.202500000,0.007900000,0.003800000,0.105100000,0.000100000,0.000000000,0.011300000,0.679800000,0.008800000,3,1,7,7,3,0.189300000,0.008600000,0.077400000,0.094400000,0.025000000,0.016500000,true,true,0.039600000,0.042100000,0.002300000,0.008300000,0.084400000,103,103,0
1504,1,1,1920,1080,640,360,ultra-performance,0.001700000,0.017500000,0.194500000,0.002700000,0.254500000,0.022400000,0.118600000,0.446300000,0.148600000,1.208200000,1.206500000,1.206800000,0.001400000,0.003000000,0.016900000,0.009400000,0.164800000,0.002500000,0.053200000,0.001900000,0.197200000,0.000000000,0.000000000,false,disabled,84,0,103,3,7,0.004500000,0.002400000,0.001000000,0.006400000,0.002600000,0.000600000,0.280500000,0.013500000,0.033700000,0.008000000,0.004200000,0.068200000,0.000000000,0.000000000,0.012000000,0.437600000,0.008700000,3,1,7,7,3,0.085800000,0.003700000,0.041700000,0.039200000,0.011100000,0.007100000,true,true,0.017100000,0.020200000,0.001400000,0.003200000,0.038200000,103,103,0
1505,2,1,1920,1080,640,360,ultra-performance,1.367700000,0.044000000,0.403300000,0.006300000,0.364100000,0.025400000,0.125300000,0.618900000,0.175900000,3.132300000,1.764600000,3.130900000,0.001400000,0.008000000,0.040800000,0.022300000,0.331000000,0.005900000,0.116200000,0.003600000,0.240000000,0.000000000,0.000000000,false,disabled,84,0,103,3,7,0.004400000,0.003100000,0.001300000,0.007600000,0.002400000,0.000600000,0.327000000,0.015100000,0.082700000,0.015600000,0.005600000,0.130500000,0.000000000,0.000000000,0.012800000,0.608700000,0.010200000,3,1,7,7,3,0.088100000,0.004100000,0.037800000,0.074300000,0.016400000,0.010100000,true,true,0.017800000,0.020300000,0.001200000,0.003700000,0.038800000,103,103,0
1506,0,1,1920,1080,640,360,ultra-performance,0.805300000,0.021400000,0.187400000,0.002700000,0.261200000,0.023800000,0.112800000,0.552200000,0.149900000,2.118400000,1.313100000,2.116700000,0.001700000,0.003500000,0.019000000,0.010400000,0.154000000,0.002600000,0.054400000,0.002700000,0.201800000,0.000000000,0.000000000,false,disabled,84,0,103,3,7,0.005000000,0.002200000,0.001100000,0.006500000,0.003400000,0.000600000,0.319800000,0.016500000,0.068100000,0.010900000,0.006400000,0.089700000,0.000100000,0.000000000,0.011800000,0.542100000,0.010100000,3,1,7,7,3,0.089200000,0.003900000,0.036800000,0.043300000,0.011400000,0.006800000,true,true,0.018100000,0.020800000,0.001700000,0.003900000,0.038900000,103,103,0
1507,1,1,1920,1080,640,360,ultra-performance,0.994400000,0.024300000,0.178800000,0.002500000,0.265800000,0.024600000,0.120200000,0.605100000,0.151800000,2.368700000,1.374300000,2.367500000,0.001200000,0.003800000,0.018000000,0.009800000,0.146400000,0.002300000,0.051600000,0.002300000,0.209500000,0.000000000,0.000000000,false,disabled,84,0,103,3,7,0.006100000,0.002700000,0.001200000,0.006900000,0.002600000,0.000800000,0.330800000,0.016400000,0.135000000,0.010100000,0.004700000,0.062600000,0.000000000,0.000000000,0.012600000,0.592500000,0.012600000,3,1,7,7,3,0.086800000,0.003800000,0.036600000,0.045100000,0.020300000,0.007900000,true,true,0.018300000,0.019400000,0.001400000,0.003500000,0.038400000,103,103,0
1508,2,1,1920,1080,640,360,ultra-performance,0.543900000,0.020600000,0.178600000,0.002500000,0.252900000,0.023300000,0.120400000,0.547600000,0.142500000,1.833400000,1.289500000,1.832300000,0.001100000,0.003300000,0.017800000,0.009900000,0.147100000,0.002400000,0.050900000,0.002300000,0.197400000,0.000000000,0.000000000,false,disabled,84,0,103,3,7,0.007600000,0.002800000,0.001200000,0.006700000,0.002600000,0.000500000,0.326000000,0.012100000,0.089100000,0.008200000,0.005000000,0.061400000,0.000100000,0.000000000,0.011500000,0.534800000,0.012800000,3,1,7,7,3,0.086300000,0.003800000,0.035800000,0.042800000,0.011900000,0.007800000,true,true,0.017500000,0.019400000,0.002100000,0.003500000,0.038200000,103,103,0
1509,0,1,1920,1080,640,360,ultra-performance,0.817000000,0.044900000,0.390900000,0.002600000,0.292700000,0.023700000,0.127000000,0.451100000,0.152700000,2.303700000,1.486700000,2.302600000,0.001100000,0.008000000,0.039800000,0.021700000,0.320500000,0.002300000,0.051000000,0.010500000,0.228800000,0.000000000,0.000000000,false,disabled,84,0,103,3,7,0.006300000,0.002700000,0.001200000,0.006700000,0.002400000,0.000600000,0.305900000,0.011400000,0.023900000,0.007600000,0.004200000,0.059100000,0.000000000,0.000000000,0.011400000,0.443400000,0.007700000,3,1,7,7,3,0.086200000,0.003800000,0.035300000,0.074900000,0.011700000,0.007700000,true,true,0.017900000,0.019400000,0.001400000,0.003800000,0.037800000,103,103,0
1510,1,1,1920,1080,640,360,ultra-performance,0.689500000,0.017900000,0.176500000,0.002600000,0.245900000,0.022200000,0.113400000,0.627600000,0.144000000,2.041200000,1.351700000,2.039600000,0.001600000,0.003000000,0.016900000,0.009600000,0.146500000,0.002500000,0.051300000,0.002000000,0.190300000,0.000000000,0.000000000,false,disabled,84,0,103,3,7,0.004900000,0.002600000,0.001200000,0.006400000,0.002100000,0.000400000,0.377700000,0.010800000,0.085700000,0.008000000,0.004200000,0.104300000,0.000000000,0.000000000,0.011200000,0.619500000,0.008100000,3,1,7,7,3,0.085700000,0.003800000,0.034500000,0.039700000,0.011200000,0.007000000,true,true,0.017800000,0.019800000,0.001500000,0.003400000,0.037600000,103,103,0
1511,2,1,1920,1080,640,360,ultra-performance,0.859900000,0.039300000,0.397600000,0.005500000,0.544100000,0.022600000,0.119200000,0.507500000,0.167200000,2.664200000,1.804300000,2.662900000,0.001300000,0.007900000,0.039700000,0.021300000,0.327700000,0.005000000,0.115700000,0.004500000,0.421200000,0.000000000,0.000000000,false,disabled,84,0,103,3,7,0.004600000,0.002800000,0.001200000,0.006300000,0.002200000,0.000400000,0.345300000,0.011500000,0.006000000,0.007900000,0.003900000,0.096600000,0.000000000,0.000000000,0.011000000,0.499700000,0.007800000,3,1,7,7,3,0.188600000,0.008600000,0.077400000,0.097300000,0.023600000,0.007400000,true,true,0.039400000,0.042800000,0.002300000,0.007600000,0.083600000,103,103,0
1512,0,1,1920,1080,640,360,ultra-performance,0.001900000,0.016600000,0.196000000,0.002600000,0.246300000,0.022000000,0.114500000,0.455800000,0.137800000,1.194600000,1.192700000,1.193500000,0.001100000,0.002900000,0.016500000,0.009400000,0.166700000,0.002400000,0.053400000,0.001800000,0.189000000,0.000000000,0.000000000,false,disabled,84,0,103,3,7,0.004500000,0.002400000,0.001000000,0.006600000,0.002300000,0.000400000,0.289900000,0.009900000,0.025300000,0.006800000,0.003900000,0.084000000,0.000100000,0.000000000,0.011700000,0.448800000,0.007000000,3,1,7,7,3,0.086000000,0.003600000,0.033700000,0.038900000,0.011500000,0.007200000,true,true,0.017400000,0.020200000,0.001400000,0.003200000,0.038200000,103,103,0
1513,1,1,1920,1080,640,360,ultra-performance,1.452800000,0.045000000,0.399700000,0.005500000,0.344000000,0.023800000,0.118800000,0.687200000,0.158100000,3.236200000,1.783400000,3.234900000,0.001300000,0.008000000,0.039200000,0.021900000,0.329300000,0.005100000,0.122100000,0.002600000,0.216800000,0.000000000,0.000000000,false,disabled,84,0,103,3,7,0.004600000,0.002700000,0.001200000,0.006800000,0.002700000,0.000700000,0.362100000,0.016000000,0.175600000,0.011400000,0.005400000,0.071300000,0.000000000,0.000000000,0.013200000,0.673700000,0.013500000,3,1,7,7,3,0.101200000,0.003900000,0.036000000,0.044900000,0.011900000,0.007800000,true,true,0.023600000,0.027600000,0.001500000,0.003700000,0.038600000,103,103,0
1514,2,1,1920,1080,640,360,ultra-performance,0.001800000,0.017500000,0.177700000,0.002500000,0.262400000,0.022200000,0.118200000,0.634800000,0.147100000,1.385300000,1.383500000,1.384200000,0.001100000,0.003200000,0.017300000,0.009800000,0.146900000,0.002200000,0.051200000,0.002200000,0.206700000,0.000000000,0.000000000,false,disabled,84,0,103,3,7,0.007500000,0.002800000,0.001100000,0.006700000,0.002500000,0.000400000,0.359400000,0.012800000,0.148000000,0.007600000,0.004200000,0.059800000,0.000000000,0.000000000,0.011900000,0.624700000,0.010100000,3,1,7,7,3,0.095500000,0.003900000,0.036000000,0.042700000,0.012100000,0.007900000,true,true,0.017700000,0.019400000,0.002300000,0.003600000,0.046700000,103,103,0
1515,0,1,1920,1080,640,360,ultra-performance,1.004000000,0.017600000,0.176500000,0.002300000,0.254700000,0.022300000,0.116500000,0.637100000,0.138500000,2.370800000,1.366800000,2.369500000,0.001300000,0.003100000,0.017000000,0.009700000,0.146400000,0.002200000,0.050700000,0.002200000,0.199500000,0.000000000,0.000000000,false,disabled,84,0,103,3,7,0.006400000,0.002800000,0.001100000,0.006500000,0.002400000,0.000500000,0.224600000,0.011200000,0.279400000,0.009800000,0.004500000,0.065000000,0.000000000,0.000000000,0.010800000,0.625000000,0.012100000,3,1,7,7,3,0.086200000,0.003600000,0.034800000,0.040200000,0.011200000,0.014800000,true,true,0.017800000,0.019500000,0.001800000,0.003600000,0.038100000,103,103,0
1516,1,1,1920,1080,640,360,ultra-performance,0.742600000,0.019700000,0.360200000,0.005700000,0.560700000,0.047700000,0.251500000,0.581300000,0.159100000,2.730000000,1.987400000,2.728500000,0.001500000,0.003200000,0.016800000,0.009400000,0.330200000,0.005300000,0.120600000,0.005000000,0.430200000,0.000000000,0.000000000,false,disabled,84,0,103,3,7,0.012600000,0.005400000,0.002700000,0.015100000,0.003600000,0.000700000,0.362900000,0.016100000,0.053900000,0.009700000,0.006200000,0.070900000,0.000100000,0.000000000,0.011900000,0.571800000,0.009500000,3,1,7,7,3,0.192600000,0.008100000,0.077700000,0.090400000,0.025300000,0.016600000,true,true,0.040100000,0.045500000,0.002400000,0.007100000,0.084800000,103,103,0
1517,2,1,1920,1080,640,360,ultra-performance,0.001900000,0.020000000,0.183400000,0.002600000,0.252900000,0.030500000,0.119700000,0.456800000,0.143400000,1.212300000,1.210400000,1.211200000,0.001100000,0.003200000,0.017700000,0.009500000,0.152800000,0.002400000,0.052100000,0.002100000,0.196300000,0.000000000,0.000000000,false,disabled,84,0,103,3,7,0.004600000,0.002700000,0.001400000,0.006900000,0.002400000,0.000400000,0.279900000,0.011500000,0.056800000,0.007300000,0.003800000,0.060000000,0.000000000,0.000000000,0.011600000,0.449300000,0.007500000,3,1,7,7,3,0.086000000,0.003900000,0.035800000,0.042500000,0.011800000,0.007700000,true,true,0.017500000,0.019200000,0.001200000,0.003700000,0.038700000,103,103,0
1518,0,1,1920,1080,640,360,ultra-performance,1.133400000,0.042400000,0.398500000,0.005800000,0.462700000,0.024900000,0.123600000,0.786200000,0.191900000,3.170600000,2.037200000,3.169400000,0.001200000,0.007100000,0.039400000,0.021400000,0.329300000,0.005400000,0.117500000,0.004900000,0.337500000,0.000000000,0.000000000,false,disabled,84,0,103,3,7,0.004800000,0.002800000,0.001300000,0.007200000,0.006500000,0.001600000,0.425000000,0.021600000,0.073100000,0.015000000,0.006000000,0.196700000,0.000000000,0.000000000,0.011900000,0.773500000,0.012700000,3,1,7,7,3,0.193600000,0.008800000,0.048400000,0.046100000,0.013000000,0.008100000,true,true,0.038700000,0.044000000,0.002600000,0.007600000,0.087200000,103,103,0
1519,1,1,1920,1080,640,360,ultra-performance,0.357500000,0.021500000,0.192000000,0.002500000,0.262100000,0.022600000,0.126300000,0.509000000,0.159900000,1.654800000,1.297300000,1.653400000,0.001400000,0.003400000,0.018200000,0.010400000,0.159600000,0.002300000,0.053800000,0.002300000,0.203900000,0.000000000,0.000000000,false,disabled,84,0,103,3,7,0.004800000,0.002800000,0.001300000,0.006600000,0.002400000,0.000700000,0.350800000,0.011900000,0.035200000,0.006800000,0.003000000,0.062800000,0.000000000,0.000000000,0.011200000,0.500300000,0.008700000,3,1,7,7,3,0.088100000,0.003900000,0.037700000,0.044900000,0.011800000,0.007800000,true,true,0.017700000,0.020700000,0.001300000,0.003600000,0.038900000,103,103,0
1520,2,1,1920,1080,640,360,ultra-performance,0.534500000,0.022300000,0.178500000,0.002500000,0.257300000,0.022800000,0.118000000,0.514500000,0.152300000,1.804100000,1.269600000,1.802700000,0.001400000,0.003700000,0.018800000,0.009500000,0.146100000,0.002300000,0.051200000,0.002200000,0.201400000,0.000000000,0.000000000,false,disabled,84,0,103,3,7,0.004500000,0.003100000,0.001200000,0.006700000,0.002300000,0.000600000,0.362000000,0.018100000,0.004500000,0.008800000,0.005300000,0.078100000,0.000100000,0.000000000,0.011800000,0.507100000,0.007400000,3,1,7,7,3,0.087500000,0.003900000,0.035900000,0.045200000,0.012000000,0.007800000,true,true,0.017800000,0.019500000,0.001200000,0.003700000,0.039400000,103,103,0
1521,0,1,1920,1080,640,360,ultra-performance,1.069000000,0.020400000,0.396400000,0.005100000,0.578700000,0.050000000,0.237900000,0.752000000,0.140400000,3.251400000,2.182400000,3.249900000,0.001500000,0.003800000,0.021700000,0.018600000,0.351500000,0.004600000,0.114700000,0.005100000,0.454200000,0.000000000,0.000000000,false,disabled,84,0,103,3,7,0.005300000,0.002800000,0.001300000,0.007600000,0.002500000,0.000800000,0.382500000,0.012900000,0.213900000,0.007900000,0.004000000,0.088300000,0.000000000,0.000000000,0.011400000,0.741200000,0.010800000,3,1,7,7,3,0.203000000,0.008500000,0.080000000,0.099600000,0.025900000,0.017100000,true,true,0.040300000,0.053600000,0.002500000,0.008100000,0.085400000,103,103,0
1522,1,1,1920,1080,640,360,ultra-performance,0.001600000,0.019400000,0.185400000,0.002500000,0.255000000,0.023400000,0.118300000,0.580800000,0.152200000,1.339900000,1.338300000,1.338600000,0.001300000,0.003200000,0.017700000,0.009500000,0.154400000,0.002200000,0.051300000,0.002100000,0.199200000,0.000000000,0.000000000,false,disabled,84,0,103,3,7,0.005900000,0.002600000,0.001200000,0.006900000,0.003600000,0.000600000,0.272400000,0.015500000,0.161500000,0.009300000,0.006000000,0.074200000,0.000100000,0.000000000,0.012100000,0.571900000,0.008900000,3,1,7,7,3,0.087500000,0.003900000,0.036200000,0.043400000,0.012200000,0.007700000,true,true,0.017400000,0.019300000,0.001400000,0.003900000,0.039600000,103,103,0
1523,2,1,1920,1080,640,360,ultra-performance,0.702200000,0.018000000,0.177000000,0.002900000,0.303900000,0.022300000,0.118100000,0.529300000,0.147500000,2.022300000,1.320100000,2.021200000,0.001100000,0.003300000,0.017600000,0.009600000,0.146100000,0.002700000,0.051300000,0.002200000,0.247800000,0.000000000,0.000000000,false,disabled,84,0,103,3,7,0.004600000,0.002700000,0.001200000,0.006700000,0.002400000,0.000400000,0.307400000,0.011300000,0.104900000,0.006900000,0.004000000,0.057900000,0.000100000,0.000000000,0.011100000,0.521600000,0.007700000,3,1,7,7,3,0.091800000,0.004800000,0.080600000,0.042800000,0.011500000,0.007500000,true,true,0.017400000,0.019300000,0.001400000,0.003500000,0.042500000,103,103,0
1524,0,1,1920,1080,640,360,ultra-performance,1.114300000,0.023100000,0.188400000,0.002600000,0.263300000,0.023000000,0.119400000,0.705300000,0.180900000,2.622900000,1.508600000,2.620300000,0.002600000,0.003900000,0.022800000,0.014700000,0.146300000,0.002300000,0.056000000,0.002200000,0.202800000,0.000000000,0.000000000,false,disabled,84,0,103,3,7,0.004700000,0.002700000,0.001200000,0.006800000,0.005400000,0.001400000,0.408400000,0.027200000,0.036600000,0.021000000,0.010200000,0.137200000,0.000000000,0.000000000,0.026100000,0.688900000,0.016400000,3,1,7,7,3,0.088400000,0.003800000,0.035800000,0.045400000,0.011900000,0.007700000,true,true,0.018500000,0.019800000,0.001400000,0.003800000,0.039000000,103,103,0
1525,1,1,1920,1080,640,360,ultra-performance,0.369800000,0.027000000,0.179900000,0.002100000,0.256300000,0.023100000,0.117600000,0.654100000,0.164900000,1.796200000,1.426400000,1.794800000,0.001400000,0.003600000,0.018600000,0.010200000,0.147100000,0.002000000,0.051300000,0.002100000,0.200500000,0.000000000,0.000000000,false,disabled,84,0,103,3,7,0.004700000,0.002800000,0.001300000,0.006700000,0.002800000,0.000600000,0.320100000,0.014900000,0.196800000,0.009000000,0.004900000,0.064800000,0.000000000,0.000000000,0.012200000,0.641600000,0.012500000,3,1,7,7,3,0.087100000,0.003900000,0.036600000,0.044800000,0.011600000,0.007800000,true,true,0.017900000,0.019500000,0.001400000,0.003700000,0.038800000,103,103,0
1526,2,1,1920,1080,640,360,ultra-performance,0.815700000,0.019400000,0.304900000,0.005000000,0.548900000,0.048300000,0.202300000,0.644000000,0.326000000,2.917200000,2.101500000,2.914500000,0.002700000,0.003200000,0.017200000,0.010000000,0.273800000,0.004600000,0.114200000,0.004500000,0.425800000,0.000000000,0.000000000,false,disabled,84,0,103,3,7,0.007700000,0.002600000,0.001100000,0.006700000,0.005300000,0.001400000,0.378000000,0.019900000,0.045100000,0.012400000,0.007400000,0.112300000,0.000000000,0.000000000,0.027700000,0.627600000,0.016400000,3,1,7,7,3,0.190100000,0.008000000,0.077700000,0.089700000,0.026000000,0.016300000,true,true,0.038900000,0.043500000,0.003200000,0.006900000,0.084900000,103,103,0
1527,0,1,1920,1080,640,360,ultra-performance,0.003800000,0.028300000,0.197600000,0.002700000,0.246200000,0.021700000,0.109500000,0.384400000,0.157600000,1.153200000,1.149400000,1.151800000,0.001400000,0.003100000,0.017500000,0.009600000,0.166900000,0.002400000,0.050800000,0.002000000,0.191100000,0.000000000,0.000000000,false,disabled,84,0,103,3,7,0.004600000,0.002300000,0.001100000,0.007100000,0.002100000,0.000400000,0.277200000,0.008500000,0.004500000,0.004800000,0.002900000,0.050500000,0.000000000,0.000000000,0.011400000,0.377400000,0.007000000,3,1,7,7,3,0.091300000,0.003600000,0.033000000,0.037300000,0.010600000,0.006700000,true,true,0.017700000,0.019300000,0.001300000,0.003100000,0.044200000,103,103,0
1528,1,1,1920,1080,640,360,ultra-performance,1.038400000,0.022900000,0.177400000,0.002300000,0.252900000,0.022200000,0.114800000,0.542500000,0.162000000,2.336600000,1.298200000,2.335400000,0.001200000,0.003700000,0.018200000,0.010000000,0.145200000,0.002200000,0.051100000,0.002200000,0.197400000,0.000000000,0.000000000,false,disabled,84,0,103,3,7,0.004700000,0.002700000,0.001200000,0.006200000,0.002600000,0.000600000,0.322200000,0.018700000,0.071300000,0.010700000,0.005200000,0.076300000,0.000000000,0.000000000,0.011200000,0.533600000,0.008900000,3,1,7,7,3,0.086600000,0.003800000,0.035100000,0.044200000,0.011400000,0.007400000,true,true,0.017600000,0.019500000,0.001300000,0.003600000,0.038700000,103,103,0
1529,2,1,1920,1080,640,360,ultra-performance,0.674800000,0.018000000,0.183500000,0.002300000,0.254500000,0.022200000,0.115500000,0.697600000,0.156500000,2.126100000,1.451300000,2.124900000,0.001200000,0.003300000,0.018300000,0.010000000,0.151300000,0.002100000,0.051300000,0.002100000,0.198800000,0.000000000,0.000000000,false,disabled,84,0,103,3,7,0.004800000,0.002700000,0.001300000,0.006700000,0.003300000,0.000600000,0.337200000,0.014400000,0.151500000,0.008500000,0.005300000,0.143300000,0.000100000,0.000000000,0.010300000,0.690000000,0.007600000,3,1,7,7,3,0.086600000,0.003700000,0.036200000,0.044500000,0.011400000,0.007500000,true,true,0.017900000,0.019300000,0.001400000,0.003800000,0.038400000,103,103,0
1530,0,1,1920,1080,640,360,ultra-performance,0.691900000,0.021900000,0.178400000,0.002700000,0.255100000,0.023100000,0.119200000,0.606500000,0.152700000,2.052800000,1.360900000,2.051500000,0.001300000,0.003700000,0.018900000,0.010100000,0.145300000,0.002500000,0.051000000,0.002300000,0.199600000,0.000000000,0.000000000,false,disabled,84,0,103,3,7,0.004500000,0.002700000,0.001200000,0.006700000,0.002300000,0.000700000,0.324000000,0.011600000,0.155300000,0.008600000,0.004600000,0.062500000,0.000000000,0.000000000,0.010400000,0.595100000,0.011400000,3,1,7,7,3,0.086700000,0.003900000,0.035400000,0.044600000,0.011900000,0.007800000,true,true,0.017700000,0.019300000,0.001400000,0.003800000,0.038700000,103,103,0
1531,1,1,1920,1080,640,360,ultra-performance,0.765000000,0.017900000,0.176900000,0.002800000,0.247800000,0.022500000,0.116600000,0.554800000,0.155700000,2.061400000,1.296400000,2.060000000,0.001400000,0.003200000,0.017100000,0.009500000,0.146600000,0.002500000,0.051700000,0.002300000,0.191500000,0.000000000,0.000000000,false,disabled,84,0,103,3,7,0.007200000,0.002500000,0.001200000,0.006800000,0.002900000,0.000700000,0.236300000,0.016900000,0.176300000,0.011400000,0.004900000,0.061200000,0.000000000,0.000000000,0.012000000,0.540300000,0.014500000,3,1,7,7,3,0.084500000,0.003600000,0.035100000,0.040800000,0.011300000,0.007600000,true,true,0.017600000,0.019100000,0.001300000,0.003300000,0.037500000,103,103,0
1532,2,1,1920,1080,640,360,ultra-performance,0.988500000,0.023300000,0.180000000,0.002200000,0.256400000,0.031100000,0.117800000,0.557700000,0.152400000,2.310800000,1.322300000,2.309400000,0.001400000,0.003600000,0.018700000,0.010600000,0.146600000,0.002000000,0.051500000,0.002500000,0.200100000,0.000000000,0.000000000,false,disabled,84,0,103,3,7,0.006900000,0.002800000,0.001200000,0.006700000,0.002700000,0.000900000,0.309100000,0.014500000,0.094100000,0.009100000,0.004600000,0.081500000,0.000000000,0.000000000,0.012200000,0.546300000,0.011400000,3,1,7,7,3,0.087100000,0.003700000,0.035700000,0.044700000,0.011700000,0.007900000,true,true,0.018100000,0.019100000,0.002300000,0.003700000,0.038100000,103,103,0
1533,0,1,1920,1080,640,360,ultra-performance,0.706900000,0.015000000,0.184500000,0.002300000,0.247000000,0.022400000,0.109600000,0.643800000,0.177500000,2.110200000,1.403300000,2.109000000,0.001200000,0.002800000,0.016600000,0.010600000,0.153900000,0.002200000,0.050800000,0.001900000,0.192000000,0.000000000,0.000000000,false,disabled,84,0,103,3,7,0.006900000,0.002200000,0.001100000,0.006400000,0.002700000,0.000600000,0.362700000,0.009900000,0.151200000,0.007200000,0.004100000,0.065400000,0.000100000,0.000000000,0.011800000,0.632300000,0.011500000,3,1,7,7,3,0.090900000,0.003300000,0.033900000,0.037400000,0.011000000,0.006900000,true,true,0.017400000,0.026100000,0.001400000,0.002500000,0.037900000,103,103,0
1534,1,1,1920,1080,640,360,ultra-performance,0.897900000,0.025000000,0.179500000,0.002600000,0.265600000,0.022900000,0.125400000,0.577300000,0.151900000,2.249300000,1.351400000,2.248100000,0.001200000,0.003900000,0.018700000,0.010600000,0.145800000,0.002400000,0.051400000,0.002600000,0.209200000,0.000000000,0.000000000,false,disabled,84,0,103,3,7,0.007000000,0.002700000,0.001100000,0.006500000,0.002600000,0.000600000,0.333300000,0.021800000,0.084300000,0.009300000,0.004600000,0.082200000,0.000000000,0.000000000,0.012800000,0.568800000,0.008500000,3,1,7,7,3,0.090600000,0.005700000,0.039600000,0.044600000,0.011600000,0.007700000,true,true,0.018000000,0.019500000,0.001400000,0.003700000,0.039200000,103,103,0
1535,2,1,1920,1080,640,360,ultra-performance,0.583200000,0.022800000,0.179800000,0.002500000,0.266000000,0.024100000,0.116900000,0.634000000,0.172700000,2.011800000,1.428600000,2.002000000,0.009800000,0.003700000,0.018600000,0.010000000,0.147200000,0.002300000,0.051300000,0.002100000,0.208800000,0.000000000,0.000000000,false,disabled,84,0,103,3,7,0.004500000,0.002800000,0.001200000,0.006700000,0.002500000,0.000500000,0.354900000,0.012100000,0.140300000,0.008300000,0.004800000,0.073200000,0.000100000,0.000000000,0.010900000,0.622800000,0.011200000,3,1,7,7,3,0.086000000,0.003800000,0.035700000,0.051800000,0.011400000,0.010900000,true,true,0.017700000,0.019400000,0.001500000,0.003500000,0.038100000,103,103,0
1536,0,1,1920,1080,640,360,ultra-performance,1.141200000,0.024300000,0.330300000,0.005300000,0.560000000,0.047000000,0.176300000,0.768700000,0.159300000,3.213700000,2.072500000,3.212400000,0.001300000,0.003700000,0.017900000,0.009900000,0.298300000,0.005000000,0.114800000,0.004800000,0.435600000,0.000000000,0.000000000,false,disabled,84,0,103,3,7,0.007400000,0.002900000,0.001100000,0.006300000,0.002600000,0.000600000,0.258000000,0.017300000,0.358400000,0.011900000,0.006300000,0.071100000,0.000000000,0.000000000,0.010900000,0.754800000,0.013900000,3,1,7,7,3,0.192200000,0.008300000,0.077200000,0.096800000,0.025400000,0.016700000,true,true,0.039900000,0.045800000,0.002400000,0.007300000,0.083600000,103,103,0
1537,1,1,1920,1080,640,360,ultra-performance,0.001800000,0.017000000,0.176900000,0.002700000,0.252100000,0.021900000,0.113300000,0.412600000,0.136800000,1.136100000,1.134300000,1.135100000,0.001000000,0.002900000,0.017100000,0.009300000,0.147100000,0.002400000,0.058700000,0.002200000,0.188900000,0.000000000,0.000000000,false,disabled,84,0,103,3,7,0.006300000,0.002600000,0.001200000,0.006600000,0.001900000,0.000300000,0.290200000,0.010000000,0.001300000,0.006700000,0.003900000,0.064200000,0.000000000,0.000000000,0.010300000,0.405500000,0.007100000,3,1,7,7,3,0.083900000,0.003700000,0.034600000,0.039800000,0.011100000,0.007700000,true,true,0.017400000,0.019000000,0.001500000,0.003200000,0.037000000,103,103,0
1538,2,1,1920,1080,640,360,ultra-performance,0.963600000,0.035400000,0.394100000,0.005600000,0.465200000,0.021000000,0.114200000,0.598700000,0.160700000,2.759800000,1.796200000,2.758500000,0.001300000,0.006600000,0.037200000,0.021400000,0.328000000,0.005400000,0.114700000,0.003900000,0.344100000,0.000000000,0.000000000,false,disabled,84,0,103,3,7,0.005100000,0.002700000,0.001100000,0.006200000,0.002700000,0.000600000,0.336300000,0.014100000,0.125400000,0.008900000,0.004500000,0.070400000,0.000000000,0.000000000,0.012100000,0.590100000,0.008600000,3,1,7,7,3,0.184300000,0.007600000,0.076300000,0.040000000,0.011500000,0.007100000,true,true,0.038400000,0.042500000,0.002200000,0.006800000,0.081900000,103,103,0
1539,0,1,1920,1080,640,360,ultra-performance,0.001800000,0.018400000,0.175100000,0.003000000,0.260400000,0.022600000,0.118600000,0.407200000,0.149500000,1.157800000,1.156000000,1.156600000,0.001200000,0.003100000,0.017700000,0.009800000,0.144100000,0.002900000,0.051800000,0.002100000,0.204000000,0.000000000,0.000000000,false,disabled,84,0,103,3,7,0.004600000,0.002700000,0.001200000,0.006800000,0.002100000,0.000300000,0.203600000,0.011800000,0.062100000,0.007400000,0.004000000,0.081600000,0.000000000,0.000000000,0.011100000,0.399300000,0.007900000,3,1,7,7,3,0.086900000,0.003900000,0.043100000,0.042300000,0.011900000,0.007700000,true,true,0.017600000,0.019400000,0.001900000,0.003700000,0.038400000,103,103,0
1540,1,1,1920,1080,640,360,ultra-performance,1.443600000,0.040800000,0.364900000,0.002500000,0.254700000,0.022100000,0.117500000,0.578500000,0.155100000,2.981000000,1.537400000,2.979700000,0.001300000,0.007100000,0.038900000,0.021900000,0.296200000,0.002300000,0.051600000,0.002200000,0.198500000,0.000000000,0.000000000,false,disabled,84,0,103,3,7,0.004700000,0.002800000,0.001100000,0.006500000,0.002500000,0.000500000,0.291900000,0.012800000,0.148700000,0.008800000,0.003700000,0.071800000,0.000100000,0.000000000,0.011500000,0.567400000,0.011100000,3,1,7,7,3,0.085700000,0.003700000,0.035900000,0.044400000,0.011500000,0.007800000,true,true,0.017500000,0.020100000,0.001300000,0.003500000,0.037500000,103,103,0
1541,2,1,1920,1080,640,360,ultra-performance,0.863900000,0.045200000,0.401900000,0.005400000,0.528600000,0.022600000,0.119300000,0.856000000,0.156800000,3.001000000,2.137100000,2.999700000,0.001300000,0.007900000,0.040700000,0.022000000,0.330200000,0.005000000,0.115800000,0.004800000,0.405300000,0.000000000,0.000000000,false,disabled,84,0,103,3,7,0.005700000,0.002700000,0.001200000,0.006600000,0.002500000,0.000500000,0.417600000,0.012800000,0.228600000,0.008800000,0.004800000,0.142100000,0.000100000,0.000000000,0.012000000,0.846000000,0.010000000,3,1,7,7,3,0.188900000,0.008600000,0.079300000,0.091300000,0.011500000,0.007500000,true,true,0.038100000,0.043300000,0.002000000,0.007400000,0.085300000,103,103,0
1542,0,1,1920,1080,640,360,ultra-performance,0.001700000,0.016500000,0.185700000,0.002600000,0.256700000,0.022100000,0.125200000,0.695200000,0.319600000,1.627900000,1.626200000,1.625300000,0.002600000,0.003100000,0.017200000,0.009700000,0.155400000,0.002400000,0.053700000,0.002000000,0.198700000,0.000000000,0.000000000,false,disabled,84,0,103,3,7,0.007200000,0.002600000,0.001100000,0.006800000,0.005400000,0.001200000,0.339800000,0.017200000,0.147000000,0.011300000,0.006400000,0.109700000,0.000000000,0.000000000,0.024500000,0.680200000,0.015000000,3,1,7,7,3,0.091100000,0.003800000,0.035200000,0.040500000,0.012200000,0.007700000,true,true,0.018000000,0.024300000,0.001500000,0.003400000,0.038300000,103,103,0
1543,1,1,1920,1080,640,360,ultra-performance,0.567800000,0.022300000,0.178300000,0.002300000,0.261200000,0.022200000,0.123300000,0.568600000,0.164800000,1.912100000,1.344300000,1.910800000,0.001300000,0.003700000,0.018300000,0.009900000,0.146000000,0.002100000,0.060300000,0.002200000,0.196400000,0.000000000,0.000000000,false,disabled,84,0,103,3,7,0.004800000,0.002700000,0.001100000,0.006600000,0.003600000,0.000600000,0.346100000,0.016800000,0.077800000,0.009900000,0.006000000,0.073700000,0.000100000,0.000000000,0.010200000,0.560000000,0.008600000,3,1,7,7,3,0.085100000,0.004000000,0.035500000,0.044200000,0.011200000,0.007500000,true,true,0.017900000,0.019000000,0.001300000,0.003600000,0.037500000,103,103,0
1544,2,1,1920,1080,640,360,ultra-performance,0.586500000,0.015300000,0.179700000,0.002100000,0.241400000,0.022000000,0.108100000,0.613200000,0.150300000,1.920200000,1.333700000,1.918600000,0.001600000,0.002700000,0.016500000,0.009500000,0.150700000,0.001900000,0.050500000,0.002000000,0.186600000,0.000000000,0.000000000,false,disabled,84,0,103,3,7,0.004700000,0.002300000,0.001100000,0.006800000,0.002200000,0.000400000,0.338000000,0.013500000,0.146200000,0.008900000,0.004000000,0.065800000,0.000000000,0.000000000,0.011300000,0.605200000,0.008000000,3,1,7,7,3,0.084400000,0.003400000,0.033600000,0.039100000,0.010700000,0.007000000,true,true,0.017400000,0.019200000,0.001500000,0.002500000,0.038300000,103,103,0
1545,0,1,1920,1080,640,360,ultra-performance,1.079400000,0.021500000,0.180500000,0.002600000,0.261500000,0.023000000,0.116300000,0.540800000,0.167000000,2.394100000,1.314700000,2.392600000,0.001500000,0.003800000,0.018500000,0.009900000,0.147900000,0.002500000,0.051600000,0.002200000,0.205500000,0.000000000,0.000000000,false,disabled,84,0,103,3,7,0.004500000,0.002700000,0.001200000,0.006800000,0.003500000,0.000600000,0.320200000,0.016400000,0.072600000,0.010300000,0.006700000,0.074000000,0.000100000,0.000000000,0.011100000,0.530700000,0.010100000,3,1,7,7,3,0.092900000,0.003900000,0.036100000,0.044500000,0.011500000,0.007700000,true,true,0.018000000,0.019400000,0.001300000,0.003600000,0.044800000,103,103,0
1546,1,1,1920,1080,640,360,ultra-performance,0.663400000,0.029600000,0.220500000,0.002200000,0.246400000,0.021900000,0.107300000,0.667200000,0.127700000,2.087300000,1.423900000,2.086200000,0.001100000,0.005900000,0.036700000,0.029300000,0.148000000,0.002100000,0.051900000,0.002200000,0.189700000,0.000000000,0.000000000,false,disabled,84,0,103,3,7,0.005700000,0.002500000,0.001100000,0.006600000,0.004800000,0.001100000,0.390000000,0.011500000,0.128200000,0.009000000,0.004800000,0.081300000,0.000000000,0.000000000,0.009200000,0.655800000,0.011400000,3,1,7,7,3,0.084600000,0.003300000,0.035600000,0.039400000,0.011100000,0.006900000,true,true,0.017600000,0.019600000,0.001200000,0.003000000,0.037600000,103,103,0
1547,2,1,1920,1080,640,360,ultra-performance,0.917800000,0.022600000,0.179900000,0.002500000,0.253600000,0.022400000,0.124500000,0.616200000,0.151700000,2.292500000,1.374700000,2.291200000,0.001300000,0.003800000,0.018400000,0.009800000,0.147400000,0.002300000,0.051300000,0.002100000,0.197900000,0.000000000,0.000000000,false,disabled,84,0,103,3,7,0.007400000,0.002800000,0.001200000,0.006400000,0.002500000,0.000400000,0.323500000,0.014300000,0.145400000,0.009800000,0.003900000,0.073700000,0.000000000,0.000000000,0.010900000,0.602200000,0.014000000,3,1,7,7,3,0.085800000,0.003700000,0.036100000,0.044500000,0.011300000,0.007500000,true,true,0.018100000,0.019400000,0.002600000,0.003500000,0.036800000,103,103,0
1548,0,1,1920,1080,640,360,ultra-performance,0.583200000,0.018700000,0.175300000,0.002800000,0.244200000,0.021500000,0.118500000,0.676800000,0.152500000,1.994500000,1.411300000,1.993500000,0.001000000,0.003200000,0.016800000,0.009200000,0.145600000,0.002600000,0.050900000,0.002500000,0.188500000,0.000000000,0.000000000,false,disabled,84,0,103,3,7,0.007000000,0.002500000,0.001000000,0.006600000,0.002300000,0.000500000,0.373600000,0.010700000,0.179100000,0.008200000,0.004400000,0.058700000,0.000100000,0.000000000,0.010100000,0.664800000,0.012000000,3,1,7,7,3,0.084000000,0.003600000,0.034000000,0.040100000,0.010900000,0.007500000,true,true,0.017400000,0.019300000,0.001400000,0.003400000,0.037100000,103,103,0
1549,1,1,1920,1080,640,360,ultra-performance,0.803100000,0.023200000,0.179200000,0.002900000,0.251800000,0.022900000,0.120700000,0.497300000,0.132600000,2.034900000,1.231800000,2.033700000,0.001200000,0.003800000,0.018100000,0.009900000,0.147100000,0.002800000,0.051400000,0.002500000,0.195400000,0.000000000,0.000000000,false,disabled,84,0,103,3,7,0.006500000,0.002600000,0.001200000,0.006500000,0.002400000,0.000700000,0.325700000,0.014300000,0.049600000,0.007700000,0.004200000,0.055300000,0.000100000,0.000000000,0.010300000,0.487100000,0.010200000,3,1,7,7,3,0.083900000,0.003600000,0.035800000,0.044300000,0.011400000,0.007700000,true,true,0.017400000,0.019100000,0.001300000,0.003900000,0.036600000,103,103,0
1550,2,1,1920,1080,640,360,ultra-performance,0.835400000,0.035100000,0.381000000,0.002600000,0.258800000,0.022200000,0.114000000,0.609900000,0.187700000,2.447900000,1.612500000,2.446700000,0.001200000,0.006600000,0.037600000,0.021300000,0.314800000,0.002500000,0.052000000,0.002200000,0.202400000,0.000000000,0.000000000,false,disabled,84,0,103,3,7,0.006300000,0.002800000,0.001100000,0.006600000,0.002600000,0.000300000,0.358800000,0.011900000,0.101800000,0.007600000,0.004200000,0.085000000,0.000100000,0.000000000,0.009800000,0.598900000,0.011000000,3,1,7,7,3,0.095800000,0.003600000,0.034700000,0.041100000,0.011300000,0.007200000,true,true,0.023500000,0.019200000,0.001200000,0.009900000,0.036600000,103,103,0
1551,0,1,1920,1080,640,360,ultra-performance,0.714900000,0.025700000,0.177400000,0.003000000,0.243300000,0.022200000,0.115400000,0.784400000,0.307000000,2.395500000,1.680600000,2.393300000,0.002200000,0.003000000,0.017000000,0.009800000,0.147100000,0.002800000,0.051300000,0.002300000,0.187400000,0.000000000,0.000000000,false,disabled,84,0,103,3,7,0.006500000,0.002400000,0.001100000,0.006700000,0.005400000,0.000700000,0.452600000,0.028000000,0.059300000,0.022800000,0.011200000,0.148000000,0.000000000,0.000000000,0.021800000,0.766500000,0.017900000,3,1,7,7,3,0.082800000,0.003500000,0.034700000,0.039400000,0.011000000,0.007200000,true,true,0.017600000,0.019200000,0.001400000,0.003400000,0.036000000,103,103,0
1552,1,1,1920,1080,640,360,ultra-performance,0.225400000,0.020300000,0.179000000,0.002700000,0.272400000,0.037100000,0.124900000,0.612100000,0.148700000,1.623700000,1.398300000,1.622600000,0.001100000,0.003800000,0.018100000,0.010300000,0.146300000,0.002500000,0.052000000,0.002300000,0.215800000,0.000000000,0.000000000,false,disabled,84,0,103,3,7,0.006600000,0.002800000,0.001100000,0.006700000,0.002300000,0.000400000,0.382600000,0.010900000,0.058700000,0.006300000,0.004200000,0.108700000,0.000100000,0.000000000,0.010000000,0.601400000,0.010700000,3,1,7,7,3,0.091400000,0.003700000,0.037100000,0.053700000,0.011300000,0.008400000,true,true,0.017900000,0.024500000,0.001400000,0.003600000,0.038400000,103,103,0
1553,2,1,1920,1080,640,360,ultra-performance,0.856300000,0.019900000,0.192100000,0.002700000,0.250500000,0.022800000,0.123900000,0.641100000,0.144200000,2.254500000,1.398200000,2.253500000,0.001000000,0.003100000,0.017200000,0.009800000,0.161500000,0.002500000,0.054300000,0.002000000,0.192100000,0.000000000,0.000000000,false,disabled,84,0,103,3,7,0.006700000,0.002900000,0.001200000,0.006600000,0.002400000,0.000500000,0.322900000,0.017900000,0.170900000,0.011100000,0.005300000,0.073400000,0.000000000,0.000000000,0.010300000,0.632100000,0.009000000,3,1,7,7,3,0.085800000,0.003700000,0.035300000,0.040600000,0.011300000,0.007100000,true,true,0.017600000,0.020200000,0.001200000,0.003500000,0.038000000,103,103,0
1554,0,1,1920,1080,640,360,ultra-performance,0.636400000,0.019000000,0.183200000,0.002800000,0.253600000,0.023800000,0.115500000,0.540400000,0.154200000,1.930300000,1.293900000,1.928900000,0.001400000,0.003500000,0.017900000,0.009900000,0.151500000,0.002600000,0.051500000,0.002100000,0.197600000,0.000000000,0.000000000,false,disabled,84,0,103,3,7,0.004800000,0.002600000,0.001200000,0.006600000,0.002400000,0.000400000,0.338300000,0.015500000,0.059500000,0.010800000,0.005400000,0.074200000,0.000100000,0.000000000,0.009700000,0.531500000,0.008900000,3,1,7,7,3,0.086000000,0.003700000,0.035400000,0.044400000,0.011600000,0.007500000,true,true,0.017900000,0.019900000,0.001700000,0.003700000,0.037200000,103,103,0
1555,1,1,1920,1080,640,360,ultra-performance,0.924600000,0.017800000,0.176200000,0.002600000,0.242500000,0.022200000,0.112100000,0.603500000,0.313900000,2.417800000,1.493200000,2.415400000,0.002400000,0.003000000,0.017000000,0.009500000,0.146200000,0.002500000,0.050400000,0.001900000,0.188000000,0.000000000,0.000000000,false,disabled,84,0,103,3,7,0.004600000,0.002400000,0.001000000,0.006500000,0.005100000,0.001200000,0.283600000,0.021600000,0.090700000,0.013700000,0.006700000,0.125200000,0.000000000,0.000000000,0.022900000,0.585200000,0.018300000,3,1,7,7,3,0.083300000,0.003500000,0.034300000,0.040900000,0.011000000,0.006900000,true,true,0.017600000,0.019000000,0.001300000,0.003400000,0.036700000,103,103,0
1556,2,1,1920,1080,640,360,ultra-performance,0.530300000,0.022800000,0.180400000,0.003100000,0.264200000,0.024700000,0.122700000,0.642000000,0.152900000,1.944200000,1.413900000,1.943100000,0.001100000,0.003700000,0.018500000,0.009900000,0.147800000,0.002900000,0.051900000,0.002500000,0.207100000,0.000000000,0.000000000,false,disabled,84,0,103,3,7,0.004600000,0.003000000,0.001300000,0.006900000,0.003400000,0.000600000,0.307200000,0.023700000,0.128400000,0.009800000,0.006400000,0.126900000,0.000000000,0.000000000,0.010100000,0.632300000,0.009700000,3,1,7,7,3,0.087200000,0.004100000,0.038600000,0.046300000,0.012900000,0.008500000,true,true,0.017900000,0.019700000,0.001300000,0.003700000,0.038600000,103,103,0
1557,0,1,1920,1080,640,360,ultra-performance,1.104900000,0.036900000,0.448700000,0.006400000,0.462600000,0.023000000,0.116000000,0.656200000,0.160100000,3.016100000,1.911200000,3.014800000,0.001300000,0.006800000,0.038100000,0.021300000,0.381400000,0.005900000,0.116600000,0.004600000,0.338900000,0.000000000,0.000000000,false,disabled,84,0,103,3,7,0.004800000,0.002600000,0.001200000,0.006700000,0.002300000,0.000700000,0.376800000,0.012000000,0.062500000,0.006800000,0.003800000,0.155200000,0.000000000,0.000000000,0.010900000,0.646300000,0.009900000,3,1,7,7,3,0.185400000,0.007900000,0.066200000,0.042500000,0.011300000,0.007400000,true,true,0.038600000,0.043100000,0.002000000,0.007500000,0.082200000,103,103,0
1558,1,1,1920,1080,640,360,ultra-performance,0.001800000,0.016700000,0.186700000,0.002800000,0.268900000,0.022300000,0.116500000,0.460300000,0.143000000,1.220200000,1.218400000,1.219000000,0.001200000,0.003300000,0.018300000,0.009400000,0.155400000,0.002600000,0.067300000,0.002200000,0.197200000,0.000000000,0.000000000,false,disabled,84,0,103,3,7,0.005600000,0.002600000,0.001200000,0.007000000,0.002700000,0.000400000,0.307200000,0.011000000,0.032400000,0.007000000,0.004200000,0.061000000,0.000000000,0.000000000,0.010000000,0.452300000,0.008000000,3,1,7,7,3,0.086500000,0.003800000,0.036000000,0.042400000,0.011900000,0.007700000,true,true,0.017800000,0.019500000,0.001300000,0.004000000,0.038300000,103,103,0
1559,2,1,1920,1080,640,360,ultra-performance,1.428900000,0.017000000,0.195500000,0.005500000,0.569500000,0.047700000,0.248600000,0.778400000,0.244900000,3.537100000,2.108200000,3.536000000,0.001100000,0.003100000,0.023800000,0.009400000,0.158600000,0.005200000,0.113600000,0.005000000,0.445800000,0.000000000,0.000000000,false,disabled,84,0,103,3,7,0.009800000,0.005700000,0.002500000,0.014900000,0.002700000,0.000800000,0.528200000,0.018000000,0.088600000,0.009600000,0.005300000,0.071300000,0.000100000,0.000000000,0.009900000,0.767400000,0.011000000,3,1,7,7,3,0.200300000,0.008100000,0.077200000,0.090100000,0.025500000,0.016100000,true,true,0.044500000,0.052700000,0.002300000,0.007200000,0.081300000,103,103,0
1560,0,1,1920,1080,640,360,ultra-performance,0.001800000,0.017000000,0.176000000,0.002800000,0.248000000,0.022800000,0.124300000,0.467500000,0.149700000,1.211300000,1.209500000,1.209900000,0.001400000,0.003100000,0.017500000,0.009300000,0.145600000,0.002700000,0.051000000,0.002000000,0.192600000,0.000000000,0.000000000,false,disabled,84,0,103,3,7,0.005500000,0.002500000,0.001200000,0.006500000,0.002700000,0.000700000,0.290500000,0.015000000,0.043600000,0.009400000,0.004600000,0.065100000,0.000000000,0.000000000,0.010700000,0.458000000,0.009500000,3,1,7,7,3,0.085100000,0.003700000,0.034900000,0.041500000,0.011400000,0.007600000,true,true,0.018100000,0.019000000,0.001400000,0.003600000,0.037600000,103,103,0
1561,1,1,1920,1080,640,360,ultra-performance,0.837300000,0.037800000,0.397500000,0.006000000,0.536400000,0.022300000,0.116200000,1.064900000,0.171300000,3.191200000,2.353900000,3.189700000,0.001500000,0.007200000,0.038300000,0.021600000,0.329600000,0.005400000,0.114900000,0.004700000,0.414000000,0.000000000,0.000000000,false,disabled,84,0,103,3,7,0.004900000,0.002600000,0.001200000,0.006600000,0.003600000,0.000600000,0.503600000,0.036700000,0.094300000,0.026900000,0.011500000,0.345100000,0.000000000,0.000000000,0.009900000,1.047500000,0.017400000,3,1,7,7,3,0.185900000,0.008000000,0.077800000,0.092800000,0.023700000,0.007600000,true,true,0.038200000,0.043000000,0.002100000,0.007600000,0.082900000,103,103,0
1562,2,1,1920,1080,640,360,ultra-performance,0.001800000,0.018400000,0.185600000,0.003100000,0.256500000,0.022500000,0.116100000,0.528700000,0.151500000,1.285400000,1.283600000,1.284200000,0.001200000,0.003100000,0.017400000,0.009600000,0.155000000,0.002800000,0.051500000,0.002200000,0.200600000,0.000000000,0.000000000,false,disabled,84,0,103,3,7,0.007600000,0.002700000,0.001100000,0.006500000,0.002500000,0.000600000,0.263400000,0.013800000,0.127800000,0.008400000,0.004300000,0.071100000,0.000000000,0.000000000,0.010000000,0.519800000,0.008900000,3,1,7,7,3,0.084800000,0.003700000,0.035100000,0.042100000,0.011800000,0.007400000,true,true,0.017400000,0.019200000,0.001400000,0.003700000,0.037600000,103,103,0
1563,0,1,1920,1080,640,360,ultra-performance,0.935200000,0.014800000,0.176600000,0.002500000,0.237700000,0.021800000,0.112600000,0.762300000,0.146300000,2.411000000,1.475800000,2.409800000,0.001200000,0.002800000,0.017300000,0.009700000,0.146400000,0.002400000,0.051400000,0.001900000,0.182300000,0.000000000,0.000000000,false,disabled,84,0,103,3,7,0.004400000,0.002200000,0.001000000,0.006500000,0.002200000,0.000300000,0.395300000,0.008800000,0.138700000,0.005900000,0.003400000,0.175800000,0.000100000,0.000000000,0.010100000,0.754700000,0.007600000,3,1,7,7,3,0.082000000,0.003300000,0.033500000,0.038300000,0.010500000,0.006600000,true,true,0.017100000,0.019200000,0.001300000,0.002900000,0.036200000,103,103,0
1564,1,1,1920,1080,640,360,ultra-performance,0.699800000,0.024200000,0.178300000,0.002700000,0.253800000,0.022600000,0.121100000,0.620100000,0.298100000,2.222200000,1.522400000,2.220700000,0.001500000,0.003700000,0.017800000,0.009900000,0.146500000,0.002600000,0.051300000,0.002300000,0.198000000,0.000000000,0.000000000,false,disabled,84,0,103,3,7,0.004900000,0.002800000,0.001200000,0.006400000,0.002300000,0.000500000,0.340100000,0.011800000,0.150600000,0.007900000,0.004600000,0.065600000,0.000100000,0.000000000,0.009700000,0.608500000,0.011600000,3,1,7,7,3,0.085300000,0.003600000,0.035900000,0.044500000,0.011500000,0.007600000,true,true,0.017300000,0.019300000,0.001400000,0.003600000,0.038100000,103,103,0
1565,2,1,1920,1080,640,360,ultra-performance,0.416600000,0.034500000,0.218700000,0.002400000,0.245700000,0.021900000,0.115300000,0.651000000,0.145500000,1.852500000,1.435900000,1.851600000,0.000900000,0.006500000,0.036700000,0.020900000,0.154000000,0.002300000,0.050900000,0.001900000,0.190400000,0.000000000,0.000000000,false,disabled,84,0,103,3,7,0.007300000,0.002600000,0.001100000,0.006500000,0.002500000,0.000400000,0.396100000,0.011800000,0.120100000,0.007100000,0.003900000,0.069700000,0.000000000,0.000000000,0.009500000,0.638600000,0.012400000,3,1,7,7,3,0.085200000,0.003500000,0.034800000,0.040200000,0.011200000,0.007400000,true,true,0.018300000,0.019000000,0.002700000,0.003300000,0.036600000,103,103,0
1566,0,1,1920,1080,640,360,ultra-performance,1.111400000,0.018300000,0.184800000,0.002400000,0.249000000,0.021900000,0.114300000,0.607000000,0.143100000,2.453200000,1.341800000,2.452200000,0.001000000,0.003100000,0.017000000,0.009400000,0.154900000,0.002300000,0.053300000,0.002300000,0.191200000,0.000000000,0.000000000,false,disabled,84,0,103,3,7,0.006900000,0.002700000,0.001100000,0.006500000,0.002300000,0.000500000,0.338400000,0.010500000,0.153200000,0.006700000,0.004200000,0.057000000,0.000100000,0.000000000,0.009700000,0.599800000,0.007200000,3,1,7,7,3,0.085500000,0.003700000,0.035100000,0.039700000,0.011400000,0.007400000,true,true,0.017600000,0.020100000,0.001400000,0.003600000,0.037300000,103,103,0
1567,1,1,1920,1080,640,360,ultra-performance,0.611100000,0.021300000,0.186500000,0.002900000,0.262000000,0.024000000,0.121200000,0.512200000,0.157000000,1.899100000,1.288000000,1.898200000,0.000900000,0.003200000,0.018300000,0.009900000,0.154500000,0.002700000,0.052200000,0.002300000,0.204900000,0.000000000,0.000000000,false,disabled,84,0,103,3,7,0.004700000,0.002900000,0.001300000,0.007300000,0.002700000,0.000700000,0.324500000,0.013100000,0.047500000,0.008300000,0.004100000,0.076700000,0.000100000,0.000000000,0.010100000,0.504000000,0.008200000,3,1,7,7,3,0.087300000,0.003900000,0.037900000,0.046100000,0.012700000,0.007900000,true,true,0.017800000,0.019400000,0.001400000,0.003600000,0.039300000,103,103,0
1568,2,1,1920,1080,640,360,ultra-performance,0.929200000,0.020900000,0.177100000,0.002500000,0.253800000,0.021500000,0.117300000,0.666800000,0.153600000,2.343900000,1.414700000,2.342700000,0.001200000,0.003300000,0.018000000,0.010200000,0.145200000,0.002200000,0.051400000,0.002300000,0.198100000,0.000000000,0.000000000,false,disabled,84,0,103,3,7,0.004600000,0.002900000,0.001200000,0.006500000,0.002400000,0.000400000,0.324000000,0.011700000,0.182900000,0.008100000,0.004600000,0.097400000,0.000000000,0.000000000,0.009300000,0.656000000,0.010800000,3,1,7,7,3,0.085000000,0.003600000,0.036100000,0.044600000,0.011800000,0.007600000,true,true,0.017400000,0.019700000,0.001200000,0.003600000,0.037600000,103,103,0
1569,0,1,1920,1080,640,360,ultra-performance,0.572500000,0.037100000,0.326600000,0.002800000,0.254800000,0.023500000,0.115900000,0.578900000,0.218800000,2.132300000,1.559800000,2.130900000,0.001400000,0.006800000,0.038700000,0.020900000,0.259200000,0.002700000,0.052500000,0.002200000,0.197600000,0.000000000,0.000000000,false,disabled,84,0,103,3,7,0.006400000,0.002700000,0.001300000,0.006700000,0.002300000,0.000300000,0.315300000,0.009900000,0.145400000,0.006300000,0.003500000,0.061700000,0.000000000,0.000000000,0.009900000,0.571700000,0.007200000,3,1,7,7,3,0.085400000,0.003700000,0.036200000,0.044400000,0.011600000,0.007500000,true,true,0.017500000,0.019200000,0.001900000,0.003600000,0.037700000,103,103,0
1570,1,1,1920,1080,640,360,ultra-performance,0.634900000,0.021300000,0.177800000,0.002500000,0.258300000,0.022700000,0.125600000,0.465100000,0.154700000,1.864100000,1.229200000,1.862900000,0.001200000,0.003700000,0.018200000,0.009800000,0.145500000,0.002300000,0.053500000,0.002300000,0.200000000,0.000000000,0.000000000,false,disabled,84,0,103,3,7,0.004600000,0.002800000,0.001200000,0.006400000,0.002700000,0.000500000,0.259000000,0.015600000,0.069900000,0.009900000,0.004800000,0.069700000,0.000000000,0.000000000,0.009400000,0.456500000,0.008600000,3,1,7,7,3,0.087000000,0.003800000,0.035700000,0.044900000,0.011900000,0.007600000,true,true,0.017600000,0.020700000,0.001500000,0.003600000,0.038000000,103,103,0
1571,2,1,1920,1080,640,360,ultra-performance,0.720300000,0.023700000,0.685700000,0.006400000,0.530200000,0.023300000,0.120500000,0.654700000,0.211800000,2.979000000,2.258700000,2.976600000,0.002400000,0.003500000,0.018100000,0.010100000,0.653400000,0.005900000,0.116700000,0.005100000,0.405300000,0.000000000,0.000000000,false,disabled,84,0,103,3,7,0.004900000,0.002800000,0.001200000,0.007700000,0.007300000,0.001200000,0.395300000,0.025800000,0.032100000,0.014000000,0.010000000,0.116300000,0.000000000,0.000000000,0.020200000,0.638800000,0.015900000,3,1,7,7,3,0.269900000,0.005500000,0.037800000,0.053700000,0.011800000,0.007800000,true,true,0.040300000,0.044500000,0.002400000,0.008200000,0.164800000,103,103,0
1572,0,1,1920,1080,640,360,ultra-performance,0.001800000,0.017500000,0.183600000,0.002900000,0.255600000,0.022700000,0.116600000,0.513800000,0.149500000,1.265200000,1.263400000,1.264000000,0.001200000,0.003100000,0.017400000,0.009300000,0.153300000,0.002700000,0.051800000,0.002000000,0.199500000,0.000000000,0.000000000,false,disabled,84,0,103,3,7,0.004700000,0.002600000,0.001200000,0.006500000,0.002400000,0.000500000,0.303300000,0.011100000,0.089600000,0.007100000,0.004300000,0.062600000,0.000000000,0.000000000,0.009700000,0.505600000,0.008200000,3,1,7,7,3,0.083800000,0.003500000,0.042500000,0.042000000,0.011300000,0.007600000,true,true,0.017500000,0.019500000,0.001400000,0.003700000,0.036200000,103,103,0
1573,1,1,1920,1080,640,360,ultra-performance,0.603900000,0.021100000,0.177500000,0.003100000,0.251700000,0.022500000,0.114200000,0.479000000,0.152700000,1.826800000,1.222900000,1.825700000,0.001100000,0.003700000,0.017600000,0.009600000,0.146100000,0.002800000,0.051100000,0.002200000,0.195700000,0.000000000,0.000000000,false,disabled,84,0,103,3,7,0.004500000,0.002600000,0.001200000,0.006400000,0.002600000,0.000600000,0.281200000,0.014700000,0.056900000,0.010100000,0.004500000,0.075700000,0.000000000,0.000000000,0.009200000,0.470200000,0.008800000,3,1,7,7,3,0.085100000,0.003700000,0.035400000,0.044000000,0.011500000,0.007400000,true,true,0.017500000,0.019400000,0.001400000,0.003600000,0.037800000,103,103,0
1574,2,1,1920,1080,640,360,ultra-performance,0.914300000,0.037100000,0.400500000,0.005400000,0.435400000,0.022000000,0.116600000,0.544200000,0.158900000,2.635600000,1.721300000,2.634400000,0.001200000,0.006600000,0.037700000,0.021100000,0.334300000,0.005000000,0.118700000,0.004500000,0.309500000,0.000000000,0.000000000,false,disabled,84,0,103,3,7,0.004700000,0.002800000,0.001400000,0.006600000,0.002500000,0.000500000,0.320400000,0.014600000,0.089500000,0.008900000,0.004600000,0.069000000,0.000100000,0.000000000,0.010100000,0.535700000,0.008500000,3,1,7,7,3,0.185700000,0.003700000,0.040100000,0.042500000,0.012100000,0.007500000,true,true,0.038400000,0.042900000,0.002300000,0.007500000,0.084500000,103,103,0
1575,0,1,1920,1080,640,360,ultra-performance,0.001700000,0.017200000,0.175800000,0.003000000,0.253100000,0.023000000,0.114100000,0.504800000,0.161100000,1.255000000,1.253300000,1.253800000,0.001200000,0.003100000,0.017100000,0.009300000,0.145800000,0.002700000,0.051000000,0.002000000,0.190100000,0.000000000,0.000000000,false,disabled,84,0,103,3,7,0.004600000,0.002800000,0.001200000,0.006500000,0.003500000,0.000600000,0.305900000,0.015500000,0.043800000,0.009400000,0.006000000,0.087300000,0.000000000,0.000000000,0.009000000,0.496100000,0.008700000,3,1,7,7,3,0.083200000,0.003700000,0.034900000,0.041500000,0.011300000,0.007400000,true,true,0.017200000,0.019300000,0.001400000,0.003600000,0.036300000,103,103,0
1576,1,1,1920,1080,640,360,ultra-performance,1.593500000,0.018400000,0.369100000,0.005900000,0.552400000,0.048700000,0.250400000,0.685700000,0.173100000,3.698500000,2.105000000,3.697200000,0.001300000,0.003300000,0.017400000,0.009400000,0.338400000,0.005400000,0.114400000,0.004900000,0.428200000,0.000000000,0.000000000,false,disabled,84,0,103,3,7,0.010200000,0.005800000,0.002500000,0.014600000,0.002200000,0.000300000,0.481500000,0.010800000,0.057800000,0.008000000,0.004200000,0.070100000,0.000100000,0.000000000,0.008900000,0.677000000,0.008700000,3,1,7,7,3,0.186500000,0.008200000,0.077400000,0.094400000,0.025700000,0.016900000,true,true,0.039000000,0.042800000,0.002300000,0.007900000,0.082300000,103,103,0
1577,2,1,1920,1080,640,360,ultra-performance,0.001800000,0.016800000,0.177000000,0.002700000,0.240500000,0.021400000,0.109700000,0.568800000,0.136700000,1.276300000,1.274500000,1.275400000,0.000900000,0.003000000,0.016500000,0.009100000,0.147900000,0.002500000,0.051200000,0.002000000,0.185100000,0.000000000,0.000000000,false,disabled,84,0,103,3,7,0.004500000,0.002500000,0.001200000,0.006600000,0.002400000,0.000300000,0.364900000,0.010600000,0.053500000,0.008300000,0.004100000,0.089900000,0.000000000,0.000000000,0.009100000,0.557900000,0.010900000,3,1,7,7,3,0.082700000,0.003400000,0.033800000,0.039100000,0.011000000,0.006900000,true,true,0.017600000,0.019100000,0.001200000,0.003300000,0.036200000,103,103,0
1578,0,1,1920,1080,640,360,ultra-performance,0.785300000,0.017200000,0.176700000,0.002600000,0.244500000,0.022400000,0.112700000,0.487700000,0.141000000,1.991000000,1.205700000,1.990100000,0.000900000,0.002900000,0.016900000,0.009600000,0.146900000,0.002400000,0.051000000,0.002200000,0.188900000,0.000000000,0.000000000,false,disabled,84,0,103,3,7,0.006900000,0.002400000,0.001000000,0.006400000,0.002200000,0.000300000,0.345300000,0.010700000,0.023100000,0.007500000,0.004300000,0.057800000,0.000000000,0.000000000,0.009400000,0.477300000,0.010400000,3,1,7,7,3,0.084700000,0.003500000,0.034100000,0.039200000,0.011300000,0.007400000,true,true,0.017600000,0.019100000,0.001800000,0.003400000,0.037500000,103,103,0
1579,1,1,1920,1080,640,360,ultra-performance,1.148300000,0.023500000,0.179400000,0.002700000,0.255700000,0.031700000,0.132500000,0.644400000,0.156100000,2.575400000,1.427100000,2.574300000,0.001100000,0.003900000,0.017800000,0.010000000,0.147200000,0.002500000,0.051200000,0.002200000,0.200000000,0.000000000,0.000000000,false,disabled,84,0,103,3,7,0.005800000,0.002800000,0.001200000,0.006400000,0.002500000,0.000600000,0.344800000,0.015600000,0.156700000,0.009000000,0.004400000,0.074700000,0.000100000,0.000000000,0.010000000,0.634600000,0.009800000,3,1,7,7,3,0.085300000,0.003600000,0.036800000,0.045500000,0.011900000,0.007700000,true,true,0.017200000,0.019700000,0.001400000,0.003500000,0.037900000,103,103,0
1580,2,1,1920,1080,640,360,ultra-performance,0.602300000,0.019800000,0.178300000,0.002600000,0.249600000,0.022100000,0.119800000,0.656800000,0.167100000,2.019500000,1.417200000,2.018400000,0.001100000,0.003200000,0.017600000,0.009400000,0.147600000,0.002400000,0.051100000,0.002100000,0.194100000,0.000000000,0.000000000,false,disabled,84,0,103,3,7,0.006000000,0.002600000,0.001200000,0.006800000,0.003300000,0.000800000,0.350400000,0.017100000,0.145500000,0.008100000,0.005400000,0.088300000,0.000100000,0.000000000,0.009700000,0.645300000,0.011500000,3,1,7,7,3,0.085500000,0.003600000,0.034900000,0.042400000,0.011400000,0.007500000,true,true,0.017300000,0.019500000,0.001300000,0.003500000,0.038400000,103,103,0
1581,0,1,1920,1080,640,360,ultra-performance,0.859800000,0.022100000,0.178800000,0.002600000,0.259600000,0.022500000,0.126200000,0.616900000,0.152800000,2.242600000,1.382800000,2.241300000,0.001300000,0.003700000,0.018300000,0.009900000,0.146600000,0.002400000,0.051700000,0.002100000,0.203400000,0.000000000,0.000000000,false,disabled,84,0,103,3,7,0.007000000,0.002700000,0.001200000,0.006500000,0.002500000,0.000400000,0.310600000,0.016900000,0.161100000,0.011700000,0.006000000,0.072700000,0.000000000,0.000000000,0.009000000,0.608300000,0.008600000,3,1,7,7,3,0.088800000,0.004100000,0.037900000,0.044300000,0.011700000,0.007800000,true,true,0.017800000,0.023500000,0.001400000,0.003800000,0.036800000,103,103,0
1582,1,1,1920,1080,640,360,ultra-performance,0.598300000,0.019200000,0.177100000,0.002400000,0.261100000,0.022300000,0.115200000,0.637100000,0.120900000,1.954500000,1.356200000,1.953600000,0.000900000,0.003600000,0.018200000,0.009800000,0.145100000,0.002200000,0.051500000,0.002200000,0.204900000,0.000000000,0.000000000,false,disabled,84,0,103,3,7,0.005200000,0.002700000,0.001200000,0.006500000,0.005200000,0.001200000,0.404700000,0.012200000,0.078800000,0.010200000,0.005100000,0.084100000,0.000000000,0.000000000,0.008900000,0.626000000,0.011100000,3,1,7,7,3,0.091200000,0.003700000,0.036500000,0.044800000,0.011700000,0.007600000,true,true,0.017900000,0.024500000,0.001400000,0.003500000,0.038200000,103,103,0
1583,2,1,1920,1080,640,360,ultra-performance,1.035200000,0.023000000,0.197700000,0.002400000,0.253700000,0.022200000,0.115400000,0.645200000,0.131000000,2.426900000,1.391700000,2.425800000,0.001100000,0.003800000,0.018600000,0.018000000,0.157000000,0.002200000,0.051200000,0.002200000,0.197900000,0.000000000,0.000000000,false,disabled,84,0,103,3,7,0.006100000,0.002900000,0.001100000,0.006400000,0.002500000,0.000600000,0.346800000,0.012200000,0.178500000,0.008000000,0.003500000,0.054900000,0.000000000,0.000000000,0.007700000,0.631200000,0.014000000,3,1,7,7,3,0.085500000,0.003700000,0.036200000,0.044400000,0.011300000,0.007500000,true,true,0.018000000,0.019400000,0.001400000,0.003600000,0.037700000,103,103,0
1584,0,1,1920,1080,640,360,ultra-performance,0.580500000,0.036400000,0.409000000,0.006000000,0.364100000,0.022700000,0.114300000,0.515400000,0.139500000,2.189200000,1.608700000,2.187900000,0.001300000,0.006700000,0.038100000,0.020700000,0.342600000,0.005500000,0.116400000,0.004600000,0.240700000,0.000000000,0.000000000,false,disabled,84,0,103,3,7,0.006300000,0.002600000,0.001100000,0.006700000,0.002200000,0.000300000,0.324300000,0.010800000,0.068800000,0.007700000,0.004100000,0.064600000,0.000000000,0.000000000,0.008500000,0.508000000,0.007400000,3,1,7,7,3,0.124200000,0.003600000,0.035100000,0.041200000,0.011500000,0.007500000,true,true,0.039000000,0.037300000,0.001300000,0.003500000,0.037400000,103,103,0
1585,1,1,1920,1080,640,360,ultra-performance,0.805100000,0.017300000,0.175900000,0.002800000,0.241900000,0.021400000,0.111800000,0.637900000,0.147200000,2.162600000,1.357500000,2.161300000,0.001300000,0.003100000,0.016900000,0.009300000,0.146300000,0.002700000,0.051100000,0.002000000,0.186400000,0.000000000,0.000000000,false,disabled,84,0,103,3,7,0.004800000,0.002500000,0.001200000,0.006300000,0.002500000,0.000600000,0.214100000,0.013600000,0.283900000,0.011800000,0.003800000,0.070700000,0.000100000,0.000000000,0.009200000,0.625100000,0.012800000,3,1,7,7,3,0.083800000,0.003400000,0.034000000,0.039100000,0.011000000,0.006900000,true,true,0.017600000,0.019800000,0.001300000,0.003300000,0.036600000,103,103,0
1586,2,1,1920,1080,640,360,ultra-performance,0.558600000,0.019600000,0.176800000,0.002700000,0.250900000,0.021800000,0.116900000,0.822700000,0.156900000,2.128000000,1.569400000,2.126900000,0.001100000,0.003200000,0.017400000,0.009700000,0.146100000,0.002500000,0.051300000,0.002300000,0.194900000,0.000000000,0.000000000,false,disabled,84,0,103,3,7,0.007400000,0.002700000,0.001200000,0.006700000,0.003600000,0.000700000,0.408000000,0.016400000,0.167400000,0.009200000,0.006200000,0.169900000,0.000000000,0.000000000,0.010800000,0.810200000,0.012500000,3,1,7,7,3,0.085900000,0.003600000,0.035600000,0.041800000,0.011400000,0.007700000,true,true,0.017300000,0.019300000,0.001200000,0.003800000,0.038700000,103,103,0
1587,0,1,1920,1080,640,360,ultra-performance,0.814700000,0.015900000,0.186300000,0.002300000,0.252300000,0.022000000,0.108300000,0.651600000,0.153100000,2.207800000,1.393100000,2.206500000,0.001300000,0.002800000,0.016400000,0.010200000,0.156400000,0.002200000,0.055500000,0.002000000,0.192800000,0.000000000,0.000000000,false,disabled,84,0,103,3,7,0.006800000,0.002300000,0.001000000,0.006300000,0.003100000,0.000700000,0.350500000,0.011800000,0.155200000,0.010100000,0.004400000,0.076000000,0.000000000,0.000000000,0.010100000,0.638300000,0.013300000,3,1,7,7,3,0.090400000,0.003400000,0.034600000,0.038000000,0.011100000,0.006700000,true,true,0.017700000,0.026700000,0.001300000,0.002800000,0.036600000,103,103,0
1588,1,1,1920,1080,640,360,ultra-performance,0.616200000,0.042800000,0.403000000,0.006200000,0.497300000,0.024700000,0.120300000,0.631200000,0.154700000,2.497700000,1.881500000,2.496400000,0.001300000,0.006800000,0.039900000,0.021800000,0.333600000,0.005700000,0.117000000,0.005100000,0.372400000,0.000000000,0.000000000,false,disabled,84,0,103,3,7,0.006600000,0.002700000,0.001200000,0.007200000,0.002600000,0.000600000,0.338000000,0.013800000,0.142200000,0.008600000,0.004300000,0.084700000,0.000100000,0.000000000,0.010200000,0.622800000,0.008400000,3,1,7,7,3,0.190900000,0.008600000,0.082400000,0.050400000,0.012400000,0.008400000,true,true,0.039800000,0.043500000,0.002100000,0.007700000,0.084900000,103,103,0
1589,2,1,1920,1080,640,360,ultra-performance,0.596900000,0.019900000,0.180800000,0.002500000,0.259200000,0.022800000,0.116500000,0.561900000,0.154600000,1.916000000,1.319100000,1.915100000,0.000900000,0.003400000,0.018300000,0.009700000,0.149000000,0.002200000,0.051700000,0.002100000,0.203000000,0.000000000,0.000000000,false,disabled,84,0,103,3,7,0.004800000,0.002800000,0.001300000,0.006700000,0.002400000,0.000400000,0.323000000,0.011000000,0.117000000,0.006700000,0.003700000,0.063700000,0.000000000,0.000000000,0.010200000,0.553700000,0.008200000,3,1,7,7,3,0.090700000,0.003800000,0.036200000,0.044400000,0.011500000,0.007400000,true,true,0.017500000,0.025600000,0.001300000,0.003600000,0.037100000,103,103,0
1590,0,1,1920,1080,640,360,ultra-performance,0.578300000,0.022800000,0.178800000,0.002800000,0.259300000,0.023600000,0.119300000,0.505600000,0.173300000,1.865200000,1.286900000,1.863800000,0.001400000,0.003700000,0.018800000,0.009600000,0.146200000,0.002600000,0.051700000,0.002300000,0.203000000,0.000000000,0.000000000,false,disabled,84,0,103,3,7,0.004800000,0.003000000,0.001200000,0.007000000,0.002800000,0.000600000,0.339300000,0.014100000,0.018800000,0.009100000,0.004800000,0.079800000,0.000000000,0.000000000,0.010700000,0.496000000,0.009600000,3,1,7,7,3,0.087700000,0.003900000,0.036200000,0.045900000,0.012100000,0.007700000,true,true,0.017800000,0.019800000,0.001500000,0.003800000,0.039000000,103,103,0
1591,1,1,1920,1080,640,360,ultra-performance,0.899700000,0.037500000,0.234300000,0.002300000,0.252100000,0.022800000,0.115100000,0.577100000,0.165100000,2.307300000,1.407600000,2.306000000,0.001300000,0.006800000,0.038000000,0.021100000,0.167600000,0.002200000,0.051300000,0.002300000,0.196100000,0.000000000,0.000000000,false,disabled,84,0,103,3,7,0.004400000,0.002700000,0.001200000,0.006600000,0.002300000,0.000400000,0.265800000,0.012000000,0.181400000,0.007900000,0.004300000,0.069400000,0.000100000,0.000000000,0.010400000,0.568900000,0.008200000,3,1,7,7,3,0.083700000,0.003600000,0.036400000,0.044600000,0.011300000,0.007300000,true,true,0.017100000,0.018900000,0.001900000,0.003500000,0.036900000,103,103,0
1592,2,1,1920,1080,640,360,ultra-performance,0.452000000,0.022700000,0.179200000,0.002500000,0.255600000,0.023300000,0.116600000,0.507800000,0.150800000,1.712000000,1.260000000,1.710500000,0.001500000,0.003800000,0.019000000,0.009700000,0.146400000,0.002400000,0.051700000,0.002200000,0.199100000,0.000000000,0.000000000,false,disabled,84,0,103,3,7,0.004700000,0.002800000,0.001300000,0.006900000,0.002500000,0.000800000,0.344900000,0.015000000,0.017800000,0.009100000,0.005200000,0.076400000,0.000000000,0.000000000,0.009500000,0.496900000,0.010900000,3,1,7,7,3,0.085600000,0.003700000,0.035800000,0.045100000,0.011900000,0.007800000,true,true,0.017700000,0.019200000,0.001300000,0.003700000,0.038000000,103,103,0
1593,0,1,1920,1080,640,360,ultra-performance,1.003100000,0.038000000,0.397400000,0.005300000,0.548400000,0.048000000,0.128200000,0.687400000,0.156700000,3.013900000,2.010800000,3.012500000,0.001400000,0.006900000,0.038400000,0.021400000,0.329500000,0.004900000,0.115500000,0.004700000,0.423400000,0.000000000,0.000000000,false,disabled,84,0,103,3,7,0.006100000,0.002700000,0.001200000,0.006400000,0.002900000,0.000600000,0.388500000,0.016100000,0.150500000,0.009600000,0.005200000,0.073100000,0.000100000,0.000000000,0.009800000,0.672800000,0.014600000,3,1,7,7,3,0.183600000,0.008000000,0.078700000,0.093800000,0.025200000,0.015700000,true,true,0.037800000,0.043200000,0.002400000,0.006900000,0.081200000,103,103,0
1594,1,1,1920,1080,640,360,ultra-performance,0.001800000,0.018700000,0.228100000,0.003200000,0.386600000,0.024400000,0.129700000,0.664600000,0.152800000,1.611000000,1.609200000,1.609900000,0.001100000,0.003200000,0.018200000,0.010000000,0.196300000,0.002900000,0.053300000,0.002400000,0.328200000,0.000000000,0.000000000,false,disabled,84,0,103,3,7,0.007300000,0.002800000,0.001500000,0.007300000,0.003300000,0.000700000,0.330500000,0.017200000,0.150900000,0.010000000,0.006400000,0.105500000,0.000000000,0.000000000,0.010400000,0.653800000,0.010800000,3,1,7,7,3,0.210100000,0.004100000,0.039100000,0.044500000,0.013000000,0.008300000,true,true,0.018800000,0.066400000,0.001400000,0.003900000,0.113100000,103,103,0
1595,2,1,1920,1080,640,360,ultra-performance,0.676000000,0.036600000,0.394400000,0.005000000,0.330200000,0.022600000,0.115600000,0.743100000,0.178600000,2.504500000,1.828500000,2.502100000,0.002400000,0.006900000,0.038300000,0.020900000,0.327500000,0.004600000,0.114600000,0.004600000,0.208400000,0.000000000,0.000000000,false,disabled,84,0,103,3,7,0.005800000,0.002900000,0.001200000,0.006400000,0.005500000,0.001500000,0.390100000,0.018400000,0.147600000,0.012400000,0.007300000,0.104500000,0.000100000,0.000000000,0.023800000,0.727500000,0.015600000,3,1,7,7,3,0.090200000,0.003700000,0.035900000,0.042200000,0.011400000,0.007200000,true,true,0.023100000,0.018800000,0.001500000,0.003600000,0.037400000,103,103,0
1596,0,1,1920,1080,640,360,ultra-performance,0.001800000,0.018300000,0.202900000,0.003000000,0.265700000,0.022100000,0.116500000,0.577500000,0.150500000,1.359400000,1.357600000,1.358300000,0.001100000,0.003200000,0.017500000,0.009500000,0.172300000,0.002700000,0.051600000,0.002200000,0.209500000,0.000000000,0.000000000,false,disabled,84,0,103,3,7,0.004800000,0.002700000,0.001200000,0.007400000,0.002700000,0.000500000,0.328800000,0.012700000,0.108300000,0.007800000,0.004500000,0.072300000,0.000100000,0.000000000,0.010300000,0.564100000,0.013400000,3,1,7,7,3,0.088000000,0.003700000,0.035100000,0.053100000,0.011600000,0.007600000,true,true,0.018200000,0.019700000,0.001700000,0.004100000,0.038500000,103,103,0
1597,1,1,1920,1080,640,360,ultra-performance,0.944800000,0.020400000,0.178600000,0.002400000,0.250100000,0.022200000,0.122900000,0.760800000,0.238400000,2.542600000,1.597800000,2.540600000,0.002000000,0.003200000,0.017600000,0.009900000,0.147500000,0.002300000,0.050600000,0.002200000,0.195000000,0.000000000,0.000000000,false,disabled,84,0,103,3,7,0.007500000,0.002600000,0.001100000,0.006400000,0.006300000,0.001200000,0.390800000,0.020100000,0.161700000,0.012400000,0.007800000,0.105300000,0.000000000,0.000000000,0.021500000,0.744700000,0.016100000,3,1,7,7,3,0.088800000,0.003600000,0.035400000,0.040000000,0.011500000,0.007500000,true,true,0.017700000,0.023400000,0.001300000,0.003400000,0.037600000,103,103,0
1598,2,1,1920,1080,640,360,ultra-performance,0.614600000,0.023700000,0.185800000,0.002600000,0.266000000,0.023500000,0.119300000,0.553900000,0.150600000,1.941500000,1.326900000,1.940000000,0.001500000,0.004000000,0.024800000,0.009900000,0.146800000,0.002500000,0.052000000,0.002400000,0.209000000,0.000000000,0.000000000,false,disabled,84,0,103,3,7,0.004900000,0.002900000,0.001200000,0.006800000,0.002400000,0.000600000,0.311300000,0.014300000,0.102900000,0.008800000,0.003500000,0.075200000,0.000000000,0.000000000,0.010400000,0.545200000,0.008700000,3,1,7,7,3,0.092500000,0.003800000,0.036900000,0.045700000,0.012100000,0.008000000,true,true,0.017700000,0.019800000,0.001400000,0.003600000,0.044100000,103,103,0
1599,0,1,1920,1080,640,360,ultra-performance,0.627300000,0.022100000,0.177400000,0.002400000,0.249700000,0.022900000,0.117000000,0.606600000,0.266800000,2.093300000,1.466000000,2.092200000,0.001100000,0.003500000,0.017600000,0.009700000,0.146200000,0.002200000,0.051300000,0.002200000,0.193500000,0.000000000,0.000000000,false,disabled,84,0,103,3,7,0.004900000,0.002800000,0.001200000,0.006500000,0.002600000,0.000400000,0.268600000,0.012000000,0.203100000,0.006900000,0.004200000,0.075000000,0.000000000,0.000000000,0.010000000,0.598200000,0.008400000,3,1,7,7,3,0.083900000,0.003800000,0.035200000,0.042700000,0.011600000,0.007600000,true,true,0.016800000,0.019300000,0.001500000,0.003200000,0.037600000,103,103,0
1600,1,1,1920,1080,640,360,ultra-performance,0.743600000,0.022400000,0.183800000,0.002800000,0.262000000,0.024200000,0.119200000,0.517100000,0.160900000,2.037200000,1.293600000,2.036000000,0.001200000,0.004600000,0.023300000,0.009500000,0.145900000,0.002600000,0.050800000,0.002400000,0.206400000,0.000000000,0.000000000,false,disabled,84,0,103,3,7,0.004700000,0.002800000,0.001200000,0.007000000,0.002700000,0.000700000,0.323900000,0.015900000,0.066800000,0.009500000,0.004600000,0.058500000,0.000000000,0.000000000,0.009200000,0.507500000,0.009600000,3,1,7,7,3,0.092300000,0.003800000,0.036300000,0.045100000,0.011900000,0.007900000,true,true,0.017700000,0.019500000,0.001400000,0.003800000,0.044200000,103,103,0
1601,2,1,1920,1080,640,360,ultra-performance,0.710500000,0.037100000,0.398100000,0.006200000,0.470600000,0.022700000,0.117900000,0.677200000,0.163800000,2.605100000,1.894600000,2.604100000,0.001000000,0.007000000,0.038300000,0.021600000,0.330200000,0.005800000,0.115400000,0.004600000,0.348000000,0.000000000,0.000000000,false,disabled,84,0,103,3,7,0.004700000,0.002900000,0.001300000,0.006500000,0.002400000,0.000400000,0.371700000,0.010900000,0.185300000,0.007400000,0.004100000,0.062100000,0.000000000,0.000000000,0.009900000,0.669600000,0.007600000,3,1,7,7,3,0.185200000,0.008300000,0.075500000,0.042400000,0.011200000,0.007700000,true,true,0.036500000,0.042800000,0.002100000,0.007600000,0.084100000,103,103,0
1602,0,1,1920,1080,640,360,ultra-performance,0.001700000,0.014500000,0.192100000,0.002500000,0.247200000,0.021700000,0.121400000,0.546300000,0.305200000,1.454800000,1.453100000,1.452600000,0.002200000,0.003000000,0.016800000,0.009300000,0.162600000,0.002300000,0.053200000,0.002000000,0.189700000,0.000000000,0.000000000,false,disabled,84,0,103,3,7,0.004600000,0.002300000,0.001100000,0.006500000,0.003300000,0.000600000,0.320900000,0.022800000,0.049200000,0.009600000,0.007400000,0.079400000,0.000100000,0.000000000,0.023500000,0.531300000,0.015000000,3,1,7,7,3,0.085700000,0.003600000,0.034000000,0.039300000,0.011600000,0.007000000,true,true,0.017500000,0.020600000,0.001300000,0.003300000,0.037600000,103,103,0
1603,1,1,1920,1080,640,360,ultra-performance,1.270300000,0.014700000,0.184200000,0.002400000,0.244500000,0.021400000,0.107700000,0.770700000,0.145700000,2.762800000,1.492500000,2.761600000,0.001200000,0.002900000,0.016400000,0.009800000,0.154800000,0.002300000,0.053300000,0.002000000,0.186800000,0.000000000,0.000000000,false,disabled,84,0,103,3,7,0.004600000,0.002300000,0.001000000,0.006500000,0.002800000,0.000400000,0.386500000,0.009300000,0.183200000,0.007300000,0.004100000,0.140100000,0.000000000,0.000000000,0.010100000,0.758200000,0.012500000,3,1,7,7,3,0.084600000,0.003400000,0.034400000,0.038700000,0.010800000,0.006600000,true,true,0.016700000,0.020600000,0.001500000,0.003300000,0.037200000,103,103,0
1604,2,1,1920,1080,640,360,ultra-performance,0.738300000,0.016900000,0.182800000,0.002500000,0.246000000,0.021800000,0.114700000,0.786700000,0.149500000,2.260100000,1.521800000,2.259200000,0.000900000,0.003100000,0.016900000,0.009500000,0.152800000,0.002200000,0.052800000,0.002100000,0.188800000,0.000000000,0.000000000,false,disabled,84,0,103,3,7,0.006800000,0.002400000,0.001200000,0.006600000,0.002300000,0.000400000,0.588300000,0.013400000,0.072600000,0.006800000,0.004300000,0.062800000,0.000100000,0.000000000,0.010000000,0.778000000,0.008700000,3,1,7,7,3,0.085200000,0.003600000,0.034200000,0.038800000,0.011000000,0.007400000,true,true,0.017200000,0.020300000,0.001400000,0.003300000,0.037400000,103,103,0
1605,0,1,1920,1080,640,360,ultra-performance,0.486700000,0.019000000,0.191000000,0.002700000,0.248200000,0.021300000,0.116800000,0.652400000,0.148600000,1.887800000,1.401100000,1.886700000,0.001100000,0.003200000,0.023600000,0.009100000,0.154800000,0.002600000,0.053700000,0.002200000,0.190100000,0.000000000,0.000000000,false,disabled,84,0,103,3,7,0.004800000,0.002600000,0.001200000,0.006700000,0.003500000,0.000800000,0.374600000,0.016500000,0.123400000,0.010700000,0.006300000,0.077100000,0.000100000,0.000000000,0.010600000,0.638900000,0.013500000,3,1,7,7,3,0.084700000,0.003500000,0.034700000,0.040300000,0.011200000,0.007100000,true,true,0.017500000,0.019800000,0.001200000,0.003500000,0.037400000,103,103,0
1606,1,1,1920,1080,640,360,ultra-performance,0.788800000,0.017200000,0.185300000,0.002500000,0.248100000,0.021600000,0.109400000,0.529700000,0.156200000,2.060100000,1.271300000,2.058800000,0.001300000,0.002800000,0.017000000,0.009500000,0.155500000,0.002300000,0.053600000,0.002200000,0.190100000,0.000000000,0.000000000,false,disabled,84,0,103,3,7,0.007100000,0.002100000,0.001000000,0.006600000,0.002300000,0.000400000,0.337200000,0.009500000,0.067400000,0.007200000,0.004200000,0.064800000,0.000000000,0.000000000,0.010000000,0.519800000,0.009900000,3,1,7,7,3,0.088100000,0.003400000,0.034100000,0.038300000,0.011100000,0.006500000,true,true,0.017200000,0.024000000,0.001200000,0.003000000,0.037300000,103,103,0
1607,2,1,1920,1080,640,360,ultra-performance,0.657300000,0.018100000,0.183400000,0.002500000,0.245800000,0.021300000,0.113600000,0.669200000,0.149300000,2.061600000,1.404300000,2.060500000,0.001100000,0.003300000,0.016900000,0.009100000,0.153700000,0.002400000,0.053900000,0.002000000,0.187500000,0.000000000,0.000000000,false,disabled,84,0,103,3,7,0.005700000,0.002600000,0.001100000,0.006700000,0.002500000,0.000600000,0.364000000,0.011800000,0.141200000,0.007800000,0.004500000,0.097600000,0.000000000,0.000000000,0.009800000,0.655900000,0.013300000,3,1,7,7,3,0.083000000,0.003500000,0.034100000,0.040000000,0.011400000,0.006900000,true,true,0.016700000,0.019700000,0.001400000,0.003300000,0.036600000,103,103,0
1608,0,1,1920,1080,640,360,ultra-performance,0.955400000,0.018100000,0.182300000,0.002500000,0.249100000,0.022300000,0.113500000,0.642100000,0.142800000,2.329100000,1.373700000,2.328100000,0.001000000,0.003000000,0.016800000,0.009400000,0.152600000,0.002300000,0.052700000,0.002200000,0.191900000,0.000000000,0.000000000,false,disabled,84,0,103,3,7,0.007300000,0.002400000,0.001000000,0.006700000,0.002300000,0.000400000,0.345200000,0.013400000,0.159900000,0.008400000,0.004300000,0.072000000,0.000100000,0.000000000,0.010300000,0.633700000,0.008400000,3,1,7,7,3,0.087300000,0.003500000,0.034300000,0.039500000,0.011100000,0.007400000,true,true,0.017900000,0.020400000,0.001600000,0.003600000,0.038400000,103,103,0
1609,1,1,1920,1080,640,360,ultra-performance,0.529700000,0.019200000,0.180100000,0.002700000,0.254300000,0.023900000,0.120800000,0.579700000,0.154800000,1.866500000,1.336800000,1.865200000,0.001300000,0.003200000,0.017700000,0.009800000,0.148900000,0.002500000,0.051100000,0.002200000,0.198800000,0.000000000,0.000000000,false,disabled,84,0,103,3,7,0.004400000,0.002700000,0.001300000,0.006900000,0.002500000,0.000400000,0.327800000,0.010300000,0.106400000,0.005800000,0.003500000,0.089800000,0.000100000,0.000000000,0.010500000,0.572400000,0.007300000,3,1,7,7,3,0.084800000,0.003800000,0.036600000,0.045100000,0.012000000,0.007700000,true,true,0.017700000,0.019400000,0.001300000,0.003500000,0.037300000,103,103,0
1610,2,1,1920,1080,640,360,ultra-performance,0.879500000,0.020200000,0.334600000,0.005300000,0.563600000,0.048800000,0.250700000,0.746900000,0.155000000,3.005800000,2.126300000,3.004600000,0.001200000,0.003300000,0.018000000,0.010300000,0.302300000,0.004900000,0.114300000,0.004800000,0.439200000,0.000000000,0.000000000,false,disabled,84,0,103,3,7,0.010500000,0.006200000,0.002600000,0.015100000,0.002800000,0.000300000,0.369200000,0.013800000,0.211100000,0.009100000,0.004500000,0.079300000,0.000100000,0.000000000,0.010200000,0.734800000,0.012100000,3,1,7,7,3,0.190200000,0.008200000,0.078400000,0.099100000,0.026200000,0.016500000,true,true,0.039800000,0.042800000,0.002100000,0.008000000,0.084900000,103,103,0
1611,0,1,1920,1080,640,360,ultra-performance,0.001700000,0.015800000,0.188800000,0.002700000,0.251500000,0.021500000,0.112000000,0.465400000,0.146600000,1.207200000,1.205500000,1.206000000,0.001200000,0.003000000,0.017000000,0.009200000,0.159300000,0.002600000,0.051000000,0.001900000,0.196300000,0.000000000,0.000000000,false,disabled,84,0,103,3,7,0.005800000,0.002400000,0.001100000,0.006600000,0.003300000,0.000600000,0.300400000,0.015900000,0.017000000,0.009400000,0.005700000,0.077800000,0.000100000,0.000000000,0.010500000,0.456600000,0.008800000,3,1,7,7,3,0.083300000,0.003500000,0.033800000,0.049200000,0.011200000,0.007100000,true,true,0.018000000,0.019000000,0.001400000,0.003100000,0.036200000,103,103,0
1612,1,1,1920,1080,640,360,ultra-performance,1.046300000,0.014200000,0.173900000,0.002400000,0.236700000,0.020700000,0.110200000,0.473800000,0.149700000,2.229100000,1.182800000,2.227900000,0.001200000,0.003000000,0.016700000,0.009600000,0.144300000,0.002300000,0.050100000,0.002000000,0.182500000,0.000000000,0.000000000,false,disabled,84,0,103,3,7,0.004800000,0.002300000,0.001100000,0.006200000,0.002500000,0.000300000,0.317400000,0.008800000,0.039300000,0.005900000,0.003900000,0.063600000,0.000000000,0.000000000,0.010500000,0.466600000,0.007200000,3,1,7,7,3,0.081700000,0.003400000,0.032900000,0.038300000,0.010800000,0.006800000,true,true,0.017100000,0.019500000,0.001200000,0.002900000,0.035700000,103,103,0
1613,2,1,1920,1080,640,360,ultra-performance,0.831900000,0.021300000,0.178100000,0.002700000,0.257600000,0.024000000,0.119900000,0.476500000,0.154200000,2.067500000,1.235600000,2.066200000,0.001300000,0.003600000,0.018100000,0.009600000,0.146200000,0.002500000,0.051700000,0.002500000,0.200700000,0.000000000,0.000000000,false,disabled,84,0,103,3,7,0.004600000,0.002800000,0.001300000,0.006900000,0.003600000,0.000600000,0.297900000,0.016500000,0.032700000,0.009800000,0.006300000,0.074400000,0.000000000,0.000000000,0.010100000,0.467500000,0.009000000,3,1,7,7,3,0.085800000,0.003900000,0.036600000,0.045400000,0.012000000,0.007900000,true,true,0.017500000,0.019300000,0.001300000,0.003800000,0.038100000,103,103,0
1614,0,1,1920,1080,640,360,ultra-performance,1.258400000,0.017700000,0.336400000,0.005400000,0.560000000,0.048600000,0.251000000,0.940800000,0.299700000,3.721500000,2.463100000,3.718000000,0.003500000,0.003300000,0.017500000,0.009300000,0.305500000,0.005000000,0.115300000,0.004700000,0.435000000,0.000000000,0.000000000,false,disabled,84,0,103,3,7,0.010400000,0.005800000,0.002600000,0.015100000,0.006900000,0.001700000,0.491400000,0.029300000,0.074300000,0.019400000,0.008100000,0.212600000,0.000100000,0.000000000,0.029700000,0.907400000,0.033400000,3,1,7,7,3,0.190500000,0.008600000,0.077500000,0.094900000,0.026700000,0.017000000,true,true,0.040100000,0.042700000,0.002400000,0.007900000,0.084800000,103,103,0
1615,1,1,1920,1080,640,360,ultra-performance,0.002700000,0.036000000,0.226300000,0.006400000,0.424800000,0.062000000,0.234800000,0.681100000,0.174900000,1.850800000,1.848100000,1.849000000,0.001800000,0.008800000,0.036100000,0.012700000,0.167300000,0.006000000,0.058300000,0.005200000,0.346500000,0.000000000,0.000000000,false,disabled,84,0,103,3,7,0.013400000,0.004200000,0.001900000,0.013900000,0.002300000,0.000400000,0.469200000,0.010000000,0.022500000,0.010500000,0.005000000,0.109000000,0.000100000,0.000000000,0.010800000,0.673200000,0.007900000,3,1,7,7,3,0.131200000,0.006400000,0.056900000,0.079200000,0.017100000,0.014100000,true,true,0.043800000,0.026000000,0.002200000,0.004900000,0.047800000,103,103,0
1616,2,1,1920,1080,640,360,ultra-performance,0.002000000,0.017500000,0.191400000,0.003000000,0.269700000,0.021600000,0.112300000,0.567900000,0.141200000,1.328000000,1.326000000,1.326600000,0.001400000,0.003600000,0.019100000,0.010900000,0.157400000,0.002900000,0.053400000,0.002900000,0.211100000,0.000000000,0.000000000,false,disabled,84,0,103,3,7,0.005500000,0.002900000,0.001300000,0.006400000,0.002300000,0.000300000,0.319600000,0.011100000,0.128300000,0.008700000,0.004000000,0.057700000,0.000100000,0.000000000,0.009900000,0.558100000,0.009800000,3,1,7,7,3,0.088500000,0.003700000,0.037900000,0.045300000,0.011700000,0.007500000,true,true,0.017700000,0.021300000,0.001500000,0.003400000,0.039000000,103,103,0
1617,0,1,1920,1080,640,360,ultra-performance,0.757000000,0.019000000,0.185800000,0.002500000,0.246400000,0.022400000,0.112800000,0.498200000,0.141000000,1.986400000,1.229400000,1.985100000,0.001300000,0.003200000,0.016900000,0.009800000,0.155400000,0.002400000,0.052800000,0.002000000,0.189300000,0.000000000,0.000000000,false,disabled,84,0,103,3,7,0.005700000,0.002500000,0.001200000,0.006600000,0.002400000,0.000300000,0.299200000,0.013600000,0.074000000,0.008500000,0.004200000,0.058000000,0.000000000,0.000000000,0.009700000,0.485900000,0.012300000,3,1,7,7,3,0.084500000,0.003500000,0.034300000,0.040300000,0.011400000,0.006900000,true,true,0.017900000,0.019700000,0.001200000,0.003200000,0.037200000,103,103,0
1618,1,1,1920,1080,640,360,ultra-performance,0.862400000,0.035100000,0.377200000,0.002400000,0.249500000,0.021200000,0.120800000,0.673000000,0.441100000,2.784200000,1.921800000,2.782700000,0.001500000,0.006600000,0.036100000,0.021100000,0.312600000,0.002200000,0.054100000,0.002400000,0.190700000,0.000000000,0.000000000,false,disabled,84,0,103,3,7,0.007000000,0.002500000,0.001200000,0.006200000,0.003300000,0.000600000,0.373800000,0.022100000,0.146300000,0.009200000,0.006000000,0.074400000,0.000100000,0.000000000,0.009500000,0.662200000,0.010800000,3,1,7,7,3,0.086100000,0.003500000,0.034200000,0.039400000,0.011300000,0.007600000,true,true,0.017600000,0.020200000,0.001300000,0.003500000,0.038100000,103,103,0
1619,2,1,1920,1080,640,360,ultra-performance,0.289200000,0.037100000,0.215800000,0.002800000,0.247200000,0.021500000,0.114700000,0.628200000,0.156600000,1.714300000,1.425100000,1.713100000,0.001200000,0.006900000,0.038100000,0.021300000,0.148900000,0.002500000,0.050800000,0.002200000,0.192000000,0.000000000,0.000000000,false,disabled,84,0,103,3,7,0.005900000,0.002500000,0.001200000,0.006400000,0.005400000,0.001500000,0.378300000,0.019500000,0.047200000,0.013500000,0.006000000,0.119500000,0.000000000,0.000000000,0.010700000,0.617600000,0.010600000,3,1,7,7,3,0.084200000,0.003600000,0.034800000,0.042300000,0.011300000,0.007200000,true,true,0.017600000,0.019600000,0.001300000,0.003500000,0.036800000,103,103,0
1620,0,1,1920,1080,640,360,ultra-performance,0.585900000,0.042200000,0.206300000,0.002500000,0.253500000,0.022400000,0.114900000,0.482500000,0.161600000,1.873000000,1.287100000,1.871800000,0.001200000,0.008000000,0.035000000,0.009700000,0.152800000,0.002300000,0.051300000,0.002200000,0.197600000,0.000000000,0.000000000,false,disabled,84,0,103,3,7,0.004500000,0.002900000,0.001100000,0.006300000,0.002500000,0.000600000,0.312700000,0.015500000,0.040400000,0.009800000,0.005200000,0.061000000,0.000100000,0.000000000,0.010100000,0.472700000,0.009800000,3,1,7,7,3,0.084800000,0.003600000,0.036000000,0.044300000,0.011400000,0.007800000,true,true,0.017400000,0.019300000,0.001400000,0.003700000,0.037300000,103,103,0
1621,1,1,1920,1080,640,360,ultra-performance,0.977700000,0.030000000,0.180000000,0.002400000,0.252400000,0.021900000,0.116000000,0.541700000,0.121400000,2.244800000,1.267100000,2.243500000,0.001300000,0.003900000,0.018400000,0.010400000,0.146700000,0.002300000,0.051200000,0.002100000,0.196700000,0.000000000,0.000000000,false,disabled,84,0,103,3,7,0.005800000,0.002800000,0.001200000,0.006400000,0.002200000,0.000400000,0.341500000,0.012600000,0.091500000,0.006700000,0.003200000,0.049200000,0.000100000,0.000000000,0.009400000,0.533000000,0.008700000,3,1,7,7,3,0.085100000,0.003600000,0.035000000,0.044100000,0.011500000,0.007700000,true,true,0.017900000,0.019800000,0.001400000,0.003500000,0.037100000,103,103,0
1622,2,1,1920,1080,640,360,ultra-performance,0.830400000,0.019300000,0.179200000,0.002200000,0.253600000,0.021600000,0.114700000,0.616000000,0.161300000,2.199400000,1.369000000,2.198300000,0.001100000,0.003500000,0.018400000,0.010400000,0.146500000,0.001900000,0.051300000,0.002200000,0.197700000,0.000000000,0.000000000,false,disabled,84,0,103,3,7,0.004600000,0.002700000,0.001100000,0.006400000,0.002300000,0.000400000,0.375800000,0.010700000,0.121900000,0.006800000,0.003600000,0.060700000,0.000100000,0.000000000,0.010500000,0.607600000,0.008400000,3,1,7,7,3,0.085200000,0.003600000,0.036300000,0.044400000,0.011400000,0.007400000,true,true,0.017100000,0.019700000,0.001200000,0.003800000,0.037800000,103,103,0
1623,0,1,1920,1080,640,360,ultra-performance,1.012700000,0.034800000,0.298800000,0.002300000,0.246800000,0.021500000,0.112500000,0.602900000,0.150800000,2.484300000,1.471600000,2.483100000,0.001200000,0.006800000,0.036500000,0.021100000,0.233600000,0.002200000,0.053200000,0.002100000,0.189200000,0.000000000,0.000000000,false,disabled,84,0,103,3,7,0.004700000,0.002500000,0.001100000,0.006500000,0.002700000,0.000400000,0.313000000,0.012800000,0.161700000,0.007700000,0.004300000,0.065300000,0.000100000,0.000000000,0.010100000,0.592900000,0.010000000,3,1,7,7,3,0.084900000,0.003500000,0.034000000,0.040100000,0.011400000,0.007300000,true,true,0.017100000,0.020000000,0.001600000,0.003400000,0.037500000,103,103,0
1624,1,1,1920,1080,640,360,ultra-performance,0.435000000,0.017500000,0.192900000,0.002600000,0.249600000,0.020500000,0.117200000,0.956000000,0.287300000,2.280700000,1.845700000,2.278600000,0.002100000,0.003000000,0.016900000,0.009500000,0.162900000,0.002500000,0.053600000,0.002000000,0.191800000,0.000000000,0.000000000,false,disabled,84,0,103,3,7,0.005400000,0.002600000,0.001100000,0.006200000,0.002200000,0.000400000,0.432100000,0.012700000,0.288500000,0.007300000,0.005400000,0.153400000,0.000100000,0.000000000,0.022700000,0.940100000,0.015900000,3,1,7,7,3,0.086500000,0.003700000,0.034700000,0.039800000,0.011200000,0.007400000,true,true,0.017700000,0.020300000,0.001500000,0.003300000,0.038300000,103,103,0
1625,2,1,1920,1080,640,360,ultra-performance,0.341900000,0.034900000,0.189900000,0.002300000,0.244200000,0.020700000,0.112600000,0.475000000,0.172000000,1.594500000,1.252600000,1.593500000,0.001000000,0.006600000,0.017000000,0.009300000,0.156300000,0.002100000,0.054400000,0.002000000,0.185400000,0.000000000,0.000000000,false,disabled,84,0,103,3,7,0.005600000,0.002700000,0.001100000,0.006700000,0.002500000,0.000400000,0.307500000,0.018200000,0.042000000,0.007500000,0.003900000,0.059300000,0.000000000,0.000000000,0.010000000,0.467400000,0.007600000,3,1,7,7,3,0.082600000,0.003400000,0.034000000,0.039300000,0.011000000,0.006900000,true,true,0.017600000,0.019600000,0.001800000,0.003100000,0.035400000,103,103,0
1626,0,1,1920,1080,640,360,ultra-performance,0.730200000,0.016800000,0.186400000,0.002400000,0.243200000,0.020500000,0.112100000,0.682500000,0.154400000,2.149800000,1.419600000,2.148500000,0.001300000,0.003100000,0.016500000,0.009500000,0.156800000,0.002200000,0.053000000,0.002000000,0.186100000,0.000000000,0.000000000,false,disabled,84,0,103,3,7,0.004400000,0.002400000,0.001000000,0.006400000,0.003600000,0.000800000,0.401500000,0.016000000,0.130800000,0.011700000,0.006000000,0.073900000,0.000000000,0.000000000,0.010400000,0.668900000,0.013600000,3,1,7,7,3,0.084000000,0.003400000,0.033200000,0.038900000,0.011300000,0.006900000,true,true,0.017300000,0.019900000,0.001400000,0.003500000,0.036400000,103,103,0
1627,1,1,1920,1080,640,360,ultra-performance,0.881800000,0.023400000,0.181300000,0.002900000,0.268600000,0.024300000,0.121100000,0.527900000,0.153400000,2.185800000,1.304000000,2.184700000,0.001100000,0.003800000,0.018600000,0.010000000,0.148500000,0.002700000,0.052700000,0.002500000,0.210900000,0.000000000,0.000000000,false,disabled,84,0,103,3,7,0.007800000,0.003000000,0.001200000,0.006900000,0.002500000,0.000400000,0.327400000,0.011300000,0.075200000,0.007400000,0.004200000,0.063500000,0.000100000,0.000000000,0.009900000,0.520800000,0.007100000,3,1,7,7,3,0.092200000,0.003800000,0.038400000,0.045700000,0.012500000,0.008400000,true,true,0.018000000,0.025500000,0.001500000,0.003600000,0.037900000,103,103,0
1628,2,1,1920,1080,640,360,ultra-performance,0.670800000,0.019800000,0.184400000,0.002600000,0.254500000,0.021800000,0.116400000,0.501700000,0.148100000,1.921500000,1.250700000,1.920100000,0.001400000,0.003300000,0.018300000,0.016000000,0.146400000,0.002400000,0.051700000,0.002200000,0.198100000,0.000000000,0.000000000,false,disabled,84,0,103,3,7,0.004600000,0.002800000,0.001200000,0.006600000,0.002500000,0.000600000,0.303500000,0.015100000,0.067200000,0.009100000,0.004500000,0.065200000,0.000000000,0.000000000,0.010000000,0.492900000,0.008800000,3,1,7,7,3,0.086200000,0.003900000,0.034700000,0.044900000,0.011800000,0.007500000,true,true,0.017900000,0.019700000,0.001300000,0.003600000,0.038100000,103,103,0
1629,0,1,1920,1080,640,360,ultra-performance,1.196300000,0.018400000,0.176100000,0.002200000,0.241500000,0.028700000,0.110100000,0.774900000,0.155100000,2.704600000,1.508300000,2.703300000,0.001300000,0.003100000,0.016700000,0.009800000,0.146200000,0.002100000,0.050900000,0.002100000,0.186200000,0.000000000,0.000000000,false,disabled,84,0,103,3,7,0.004500000,0.002300000,0.001100000,0.006500000,0.002500000,0.000400000,0.447900000,0.019600000,0.144800000,0.014900000,0.006300000,0.102100000,0.000000000,0.000000000,0.010400000,0.763300000,0.011600000,3,1,7,7,3,0.083100000,0.003400000,0.034000000,0.039400000,0.010900000,0.007000000,true,true,0.017500000,0.019700000,0.001500000,0.002900000,0.036300000,103,103,0
1630,1,1,1920,1080,640,360,ultra-performance,0.383300000,0.017700000,0.178200000,0.002700000,0.263100000,0.023200000,0.118500000,0.492900000,0.151800000,1.632500000,1.249200000,1.631400000,0.001100000,0.003300000,0.017800000,0.009800000,0.146900000,0.002500000,0.052000000,0.002400000,0.206200000,0.000000000,0.000000000,false,disabled,84,0,103,3,7,0.006400000,0.002700000,0.001200000,0.007300000,0.002500000,0.000600000,0.252000000,0.012800000,0.113500000,0.008800000,0.003600000,0.062600000,0.000100000,0.000000000,0.010000000,0.484100000,0.008800000,3,1,7,7,3,0.086600000,0.004200000,0.036800000,0.049300000,0.012000000,0.007800000,true,true,0.018100000,0.019200000,0.001400000,0.003700000,0.038500000,103,103,0
1631,2,1,1920,1080,640,360,ultra-performance,1.095500000,0.054400000,0.406900000,0.005600000,0.550400000,0.047500000,0.160900000,0.512700000,0.155400000,2.990800000,1.895300000,2.989300000,0.001500000,0.007400000,0.044400000,0.025700000,0.328300000,0.005200000,0.115200000,0.004800000,0.425400000,0.000000000,0.000000000,false,disabled,84,0,103,3,7,0.005100000,0.002800000,0.001200000,0.006500000,0.002400000,0.000400000,0.234800000,0.011600000,0.132800000,0.008200000,0.003900000,0.083300000,0.000100000,0.000000000,0.009600000,0.502700000,0.010000000,3,1,7,7,3,0.183500000,0.008200000,0.077900000,0.094500000,0.026300000,0.016200000,true,true,0.039000000,0.043100000,0.002200000,0.006900000,0.080300000,103,103,0
1632,0,1,1920,1080,640,360,ultra-performance,0.001700000,0.016500000,0.178400000,0.002600000,0.261700000,0.023500000,0.115400000,0.508200000,0.151700000,1.260900000,1.259200000,1.259700000,0.001200000,0.003000000,0.016800000,0.009600000,0.148400000,0.002400000,0.052600000,0.002100000,0.204600000,0.000000000,0.000000000,false,disabled,84,0,103,3,7,0.005500000,0.002800000,0.001200000,0.007100000,0.002600000,0.000700000,0.295900000,0.015500000,0.074700000,0.009400000,0.004800000,0.062400000,0.000000000,0.000000000,0.016400000,0.499000000,0.009200000,3,1,7,7,3,0.085400000,0.003600000,0.035300000,0.051800000,0.012400000,0.007800000,true,true,0.018100000,0.019100000,0.001200000,0.003300000,0.038100000,103,103,0
1633,1,1,1920,1080,640,360,ultra-performance,1.068600000,0.036700000,0.398400000,0.006300000,0.342100000,0.021600000,0.116600000,0.659300000,0.232500000,2.884400000,1.815800000,2.882100000,0.002300000,0.006900000,0.038200000,0.020800000,0.331600000,0.005700000,0.115400000,0.004600000,0.219400000,0.000000000,0.000000000,false,disabled,84,0,103,3,7,0.005000000,0.002600000,0.001100000,0.006300000,0.005700000,0.001300000,0.329600000,0.023700000,0.101300000,0.014800000,0.007900000,0.117300000,0.000100000,0.000000000,0.022700000,0.639400000,0.019900000,3,1,7,7,3,0.102100000,0.003800000,0.035000000,0.042300000,0.011300000,0.007500000,true,true,0.034400000,0.019600000,0.001200000,0.003600000,0.037200000,103,103,0
1634,2,1,1920,1080,640,360,ultra-performance,0.001700000,0.018400000,0.207400000,0.003000000,0.266900000,0.022800000,0.117600000,0.511600000,0.153700000,1.304400000,1.302700000,1.303100000,0.001300000,0.003200000,0.017500000,0.009500000,0.176700000,0.002800000,0.059300000,0.002500000,0.202700000,0.000000000,0.000000000,false,disabled,84,0,103,3,7,0.006500000,0.002700000,0.001300000,0.007500000,0.003300000,0.000700000,0.312600000,0.013400000,0.046800000,0.007800000,0.004600000,0.086300000,0.000100000,0.000000000,0.010100000,0.503700000,0.007900000,3,1,7,7,3,0.087500000,0.003900000,0.036300000,0.044800000,0.011800000,0.008100000,true,true,0.018100000,0.019600000,0.001400000,0.003900000,0.038600000,103,103,0
1635,0,1,1920,1080,640,360,ultra-performance,1.368400000,0.017600000,0.349300000,0.006200000,0.558400000,0.050200000,0.251000000,0.666100000,0.169200000,3.437700000,2.069300000,3.436400000,0.001300000,0.003300000,0.017700000,0.009500000,0.318000000,0.005800000,0.118600000,0.004700000,0.430100000,0.000000000,0.000000000,false,disabled,84,0,103,3,7,0.010300000,0.005800000,0.002600000,0.015000000,0.002000000,0.000600000,0.429200000,0.011400000,0.075200000,0.010300000,0.006200000,0.074200000,0.000100000,0.000000000,0.010500000,0.653400000,0.012700000,3,1,7,7,3,0.188500000,0.008100000,0.078300000,0.094200000,0.025400000,0.016400000,true,true,0.037900000,0.043100000,0.002200000,0.007900000,0.085300000,103,103,0
1636,1,1,1920,1080,640,360,ultra-performance,0.001800000,0.018900000,0.178300000,0.002500000,0.253200000,0.024000000,0.135100000,0.427900000,0.144800000,1.187700000,1.185900000,1.186500000,0.001200000,0.003200000,0.017800000,0.009400000,0.147600000,0.002300000,0.051400000,0.002200000,0.197400000,0.000000000,0.000000000,false,disabled,84,0,103,3,7,0.006900000,0.002700000,0.001200000,0.007000000,0.002300000,0.000400000,0.286000000,0.012200000,0.021200000,0.007200000,0.004200000,0.058300000,0.000100000,0.000000000,0.010300000,0.420000000,0.007900000,3,1,7,7,3,0.085900000,0.003900000,0.036300000,0.042700000,0.011800000,0.007900000,true,true,0.017500000,0.019300000,0.001500000,0.003500000,0.038500000,103,103,0
1637,2,1,1920,1080,640,360,ultra-performance,1.159000000,0.034800000,0.398300000,0.005300000,0.320700000,0.022300000,0.113800000,0.791200000,0.172900000,3.019600000,1.860600000,3.018300000,0.001300000,0.006800000,0.037500000,0.021200000,0.331900000,0.004900000,0.115000000,0.004400000,0.198800000,0.000000000,0.000000000,false,disabled,84,0,103,3,7,0.004700000,0.002600000,0.001200000,0.006300000,0.002500000,0.000800000,0.301200000,0.016200000,0.263300000,0.009300000,0.005000000,0.156100000,0.000000000,0.000000000,0.010600000,0.779800000,0.011400000,3,1,7,7,3,0.085300000,0.003500000,0.034300000,0.040600000,0.011000000,0.007100000,true,true,0.018800000,0.019300000,0.001300000,0.003200000,0.037200000,103,103,0
1638,0,1,1920,1080,640,360,ultra-performance,0.001700000,0.018400000,0.190700000,0.002400000,0.249800000,0.022100000,0.124000000,0.497800000,0.150700000,1.258900000,1.257200000,1.257600000,0.001300000,0.003100000,0.017200000,0.009400000,0.160400000,0.002200000,0.052300000,0.002100000,0.193200000,0.000000000,0.000000000,false,disabled,84,0,103,3,7,0.005800000,0.002700000,0.001200000,0.006600000,0.003300000,0.000600000,0.305400000,0.015700000,0.027900000,0.009200000,0.005800000,0.094900000,0.000100000,0.000000000,0.010100000,0.489300000,0.008500000,3,1,7,7,3,0.085100000,0.003600000,0.035100000,0.041700000,0.011400000,0.007600000,true,true,0.017100000,0.019500000,0.001300000,0.003500000,0.038300000,103,103,0
1639,1,1,1920,1080,640,360,ultra-performance,1.456000000,0.032400000,0.474500000,0.004900000,0.528100000,0.045500000,0.170500000,0.531100000,0.160700000,3.405000000,1.949000000,3.403700000,0.001300000,0.006100000,0.037000000,0.027400000,0.402900000,0.004500000,0.113100000,0.004300000,0.406000000,0.000000000,0.000000000,false,disabled,84,0,103,3,7,0.004500000,0.002300000,0.001000000,0.006300000,0.002700000,0.000700000,0.356200000,0.012900000,0.028100000,0.007800000,0.004400000,0.083500000,0.000000000,0.000000000,0.009700000,0.520100000,0.011000000,3,1,7,7,3,0.181200000,0.007500000,0.073500000,0.087700000,0.023800000,0.015200000,true,true,0.036600000,0.042000000,0.002100000,0.006400000,0.082300000,103,103,0
1640,2,1,1920,1080,640,360,ultra-performance,0.410700000,0.015200000,0.176400000,0.002900000,0.242700000,0.020200000,0.106700000,0.656600000,0.147800000,1.780600000,1.369900000,1.779200000,0.001400000,0.002800000,0.016800000,0.009700000,0.146800000,0.002700000,0.051100000,0.001700000,0.188000000,0.000000000,0.000000000,false,disabled,84,0,103,3,7,0.005400000,0.002200000,0.001000000,0.006400000,0.002800000,0.000400000,0.325800000,0.016200000,0.180400000,0.011200000,0.006200000,0.073100000,0.000000000,0.000000000,0.010700000,0.641800000,0.014800000,3,1,7,7,3,0.083100000,0.003200000,0.038400000,0.037600000,0.010700000,0.006300000,true,true,0.017300000,0.019100000,0.001400000,0.002800000,0.037100000,103,103,0
1641,0,1,1920,1080,640,360,ultra-performance,0.734600000,0.036700000,0.400800000,0.003100000,0.265300000,0.023700000,0.118800000,0.544100000,0.151400000,2.279700000,1.545100000,2.278500000,0.001200000,0.007600000,0.039700000,0.022100000,0.330400000,0.003000000,0.052100000,0.002400000,0.208300000,0.000000000,0.000000000,false,disabled,84,0,103,3,7,0.007200000,0.002700000,0.001300000,0.007000000,0.002600000,0.000600000,0.313000000,0.012800000,0.101200000,0.008400000,0.003500000,0.065000000,0.000100000,0.000000000,0.010300000,0.535700000,0.008400000,3,1,7,7,3,0.086700000,0.003700000,0.038300000,0.044900000,0.017700000,0.007900000,true,true,0.017800000,0.019200000,0.002400000,0.003700000,0.038000000,103,103,0
1642,1,1,1920,1080,640,360,ultra-performance,0.679400000,0.019100000,0.176700000,0.002700000,0.247900000,0.021300000,0.115800000,0.458600000,0.147700000,1.870600000,1.191200000,1.869200000,0.001400000,0.003300000,0.017700000,0.009500000,0.145800000,0.002500000,0.051200000,0.002200000,0.192100000,0.000000000,0.000000000,false,disabled,84,0,103,3,7,0.005100000,0.002700000,0.001100000,0.006300000,0.002200000,0.000400000,0.320200000,0.011000000,0.020800000,0.007600000,0.003800000,0.058700000,0.000000000,0.000000000,0.010400000,0.450300000,0.008300000,3,1,7,7,3,0.084100000,0.003700000,0.034500000,0.042200000,0.011500000,0.007300000,true,true,0.017000000,0.019500000,0.001500000,0.003100000,0.037500000,103,103,0
1643,2,1,1920,1080,640,360,ultra-performance,0.778000000,0.020200000,0.178900000,0.002800000,0.257700000,0.023800000,0.120600000,0.657700000,0.162700000,2.203600000,1.425600000,2.202400000,0.001200000,0.003200000,0.018300000,0.009800000,0.147100000,0.002700000,0.052000000,0.002300000,0.200700000,0.000000000,0.000000000,false,disabled,84,0,103,3,7,0.004800000,0.002900000,0.001200000,0.007000000,0.002800000,0.000700000,0.337600000,0.016100000,0.176500000,0.009800000,0.005200000,0.069700000,0.000000000,0.000000000,0.010100000,0.644400000,0.013300000,3,1,7,7,3,0.085100000,0.003900000,0.037300000,0.045400000,0.012100000,0.007900000,true,true,0.017500000,0.019500000,0.001300000,0.003500000,0.037600000,103,103,0
1644,0,1,1920,1080,640,360,ultra-performance,0.909700000,0.041700000,0.401000000,0.005700000,0.477900000,0.023600000,0.118500000,0.576900000,0.161400000,2.717800000,1.808100000,2.716400000,0.001400000,0.007400000,0.039600000,0.022100000,0.330800000,0.005300000,0.118000000,0.004800000,0.352600000,0.000000000,0.000000000,false,disabled,84,0,103,3,7,0.006200000,0.002900000,0.001200000,0.006300000,0.002300000,0.000400000,0.313600000,0.010800000,0.144800000,0.006800000,0.003600000,0.059500000,0.000000000,0.000000000,0.010500000,0.568900000,0.008000000,3,1,7,7,3,0.186100000,0.008300000,0.073700000,0.045300000,0.011600000,0.008100000,true,true,0.036500000,0.044900000,0.002400000,0.005200000,0.084600000,103,103,0
1645,1,1,1920,1080,640,360,ultra-performance,0.001800000,0.016100000,0.175500000,0.002300000,0.239400000,0.021600000,0.111100000,0.477300000,0.153400000,1.199800000,1.198000000,1.198500000,0.001300000,0.003000000,0.017100000,0.009300000,0.145600000,0.002200000,0.050400000,0.002000000,0.184700000,0.000000000,0.000000000,false,disabled,84,0,103,3,7,0.004800000,0.002500000,0.001200000,0.006700000,0.003400000,0.000700000,0.293000000,0.016000000,0.040600000,0.009200000,0.005900000,0.075100000,0.000000000,0.000000000,0.009300000,0.468400000,0.008900000,3,1,7,7,3,0.082300000,0.003600000,0.033700000,0.039200000,0.010900000,0.007000000,true,true,0.016700000,0.019200000,0.001400000,0.003200000,0.036400000,103,103,0
1646,2,1,1920,1080,640,360,ultra-performance,1.190100000,0.016600000,0.174400000,0.002400000,0.235800000,0.021500000,0.108000000,0.563800000,0.146800000,2.460600000,1.270500000,2.459400000,0.001200000,0.002800000,0.016400000,0.009200000,0.145600000,0.002300000,0.051200000,0.002000000,0.180600000,0.000000000,0.000000000,false,disabled,84,0,103,3,7,0.004800000,0.002100000,0.001000000,0.006100000,0.002300000,0.000400000,0.332600000,0.009200000,0.124900000,0.006600000,0.003400000,0.051900000,0.000100000,0.000000000,0.010300000,0.555700000,0.008100000,3,1,7,7,3,0.082100000,0.003300000,0.032400000,0.037600000,0.010700000,0.006400000,true,true,0.016500000,0.019100000,0.001200000,0.002800000,0.037100000,103,103,0
1647,0,1,1920,1080,640,360,ultra-performance,0.638100000,0.021100000,0.180600000,0.003000000,0.484700000,0.024600000,0.122700000,0.573000000,0.179000000,2.228000000,1.589900000,2.226800000,0.001200000,0.003700000,0.018400000,0.009900000,0.148200000,0.002800000,0.119500000,0.002400000,0.360000000,0.000000000,0.000000000,false,disabled,84,0,103,3,7,0.004900000,0.002900000,0.020900000,0.009200000,0.003500000,0.000900000,0.317600000,0.018200000,0.077700000,0.010300000,0.006200000,0.078100000,0.000100000,0.000000000,0.010600000,0.561100000,0.011900000,3,1,7,7,3,0.128300000,0.004100000,0.150000000,0.047100000,0.012800000,0.008200000,true,true,0.018300000,0.020200000,0.001300000,0.003600000,0.078800000,103,103,0
1648,1,1,1920,1080,640,360,ultra-performance,0.711200000,0.018400000,0.178300000,0.002400000,0.257600000,0.023600000,0.117200000,0.488700000,0.151400000,1.949800000,1.238600000,1.948800000,0.001000000,0.003500000,0.018300000,0.009700000,0.146400000,0.002200000,0.051300000,0.002300000,0.201700000,0.000000000,0.000000000,false,disabled,84,0,103,3,7,0.005900000,0.002500000,0.001200000,0.006700000,0.002500000,0.000500000,0.304400000,0.019500000,0.042500000,0.007500000,0.004200000,0.072900000,0.000100000,0.000000000,0.010100000,0.480500000,0.008200000,3,1,7,7,3,0.087100000,0.003800000,0.036800000,0.044900000,0.012100000,0.007700000,true,true,0.018200000,0.019800000,0.001200000,0.003500000,0.038600000,103,103,0
1649,2,1,1920,1080,640,360,ultra-performance,0.636100000,0.037800000,0.215200000,0.004100000,0.476900000,0.061400000,0.265500000,0.783800000,0.169300000,2.651600000,2.015500000,2.650100000,0.001500000,0.007200000,0.032600000,0.013400000,0.160600000,0.003600000,0.057600000,0.003800000,0.406200000,0.000000000,0.000000000,false,disabled,84,0,103,3,7,0.010900000,0.006200000,0.002700000,0.016800000,0.003700000,0.000700000,0.447400000,0.023000000,0.137300000,0.016100000,0.008400000,0.086400000,0.000100000,0.000000000,0.011500000,0.771200000,0.012600000,3,1,7,7,3,0.112200000,0.005400000,0.108700000,0.108400000,0.031400000,0.020400000,true,true,0.024400000,0.027800000,0.002100000,0.004800000,0.047300000,103,103,0
1650,0,1,1920,1080,640,360,ultra-performance,0.002000000,0.018300000,0.198200000,0.002700000,0.260300000,0.022200000,0.118100000,0.464800000,0.151900000,1.239700000,1.237700000,1.238500000,0.001200000,0.004100000,0.020500000,0.010600000,0.162400000,0.002600000,0.051900000,0.002900000,0.203200000,0.000000000,0.000000000,false,disabled,84,0,103,3,7,0.005800000,0.002900000,0.001200000,0.006700000,0.002400000,0.000800000,0.285400000,0.011300000,0.054000000,0.007800000,0.004200000,0.061700000,0.000100000,0.000000000,0.010000000,0.454300000,0.010500000,3,1,7,7,3,0.089000000,0.003700000,0.036400000,0.042000000,0.011700000,0.007400000,true,true,0.017700000,0.020400000,0.001900000,0.003800000,0.039700000,103,103,0
1651,1,1,1920,1080,640,360,ultra-performance,1.237600000,0.021600000,0.179600000,0.002600000,0.260500000,0.023000000,0.117400000,0.587800000,0.152000000,2.583300000,1.345700000,2.582100000,0.001200000,0.003900000,0.018300000,0.010600000,0.146400000,0.002400000,0.051800000,0.002300000,0.204100000,0.000000000,0.000000000,false,disabled,84,0,103,3,7,0.007600000,0.002700000,0.001200000,0.006600000,0.002700000,0.000600000,0.305000000,0.013400000,0.150300000,0.009200000,0.003800000,0.061800000,0.000100000,0.000000000,0.010200000,0.575200000,0.012600000,3,1,7,7,3,0.090300000,0.003700000,0.036800000,0.044500000,0.011800000,0.007800000,true,true,0.017900000,0.023800000,0.001600000,0.003700000,0.037700000,103,103,0
1652,2,1,1920,1080,640,360,ultra-performance,0.583500000,0.022400000,0.178400000,0.002600000,0.248900000,0.022400000,0.115700000,0.417500000,0.145500000,1.738100000,1.154600000,1.736900000,0.001200000,0.003400000,0.017500000,0.009500000,0.147600000,0.002400000,0.051200000,0.002300000,0.193100000,0.000000000,0.000000000,false,disabled,84,0,103,3,7,0.006800000,0.002700000,0.001200000,0.006300000,0.002300000,0.000400000,0.284400000,0.010500000,0.019500000,0.006500000,0.004000000,0.055700000,0.000100000,0.000000000,0.009600000,0.410000000,0.007500000,3,1,7,7,3,0.084100000,0.003600000,0.035100000,0.042300000,0.011300000,0.007600000,true,true,0.016400000,0.019500000,0.001300000,0.003200000,0.038300000,103,103,0
1653,0,1,1920,1080,640,360,ultra-performance,1.084900000,0.022000000,0.191600000,0.002400000,0.262600000,0.023100000,0.117400000,0.535600000,0.159800000,2.400700000,1.315800000,2.399400000,0.001300000,0.003900000,0.018600000,0.009800000,0.158900000,0.002300000,0.051400000,0.002300000,0.206500000,0.000000000,0.000000000,false,disabled,84,0,103,3,7,0.005000000,0.002700000,0.001300000,0.006800000,0.002900000,0.000600000,0.330400000,0.015100000,0.061600000,0.009300000,0.005000000,0.076600000,0.000000000,0.000000000,0.009400000,0.526700000,0.008900000,3,1,7,7,3,0.092400000,0.003800000,0.036600000,0.045400000,0.011600000,0.007700000,true,true,0.023400000,0.019700000,0.001400000,0.003700000,0.038600000,103,103,0
1654,1,1,1920,1080,640,360,ultra-performance,0.633200000,0.019800000,0.190500000,0.002400000,0.260800000,0.022900000,0.119800000,0.505500000,0.125300000,1.881300000,1.248100000,1.880200000,0.001100000,0.003500000,0.018300000,0.010300000,0.157900000,0.002300000,0.055500000,0.002200000,0.200800000,0.000000000,0.000000000,false,disabled,84,0,103,3,7,0.004700000,0.002800000,0.001200000,0.006600000,0.002200000,0.000600000,0.331000000,0.011600000,0.065600000,0.005600000,0.002900000,0.053700000,0.000000000,0.000000000,0.009100000,0.497600000,0.007900000,3,1,7,7,3,0.086500000,0.003800000,0.036900000,0.044900000,0.011700000,0.007600000,true,true,0.018100000,0.019900000,0.001300000,0.003700000,0.038000000,103,103,0
1655,2,1,1920,1080,640,360,ultra-performance,0.997100000,0.023000000,0.178000000,0.002400000,0.258800000,0.022500000,0.117200000,0.487200000,0.166900000,2.254200000,1.257100000,2.253100000,0.001100000,0.003700000,0.018200000,0.009500000,0.146300000,0.002200000,0.051200000,0.002100000,0.203200000,0.000000000,0.000000000,false,disabled,84,0,103,3,7,0.004400000,0.002800000,0.001200000,0.007200000,0.002500000,0.000700000,0.307500000,0.014000000,0.047700000,0.006600000,0.003300000,0.069700000,0.000000000,0.000000000,0.009000000,0.476600000,0.010600000,3,1,7,7,3,0.091200000,0.004100000,0.036000000,0.044200000,0.011600000,0.007400000,true,true,0.017100000,0.021800000,0.001400000,0.004100000,0.039400000,103,103,0
1656,0,1,1920,1080,640,360,ultra-performance,0.768700000,0.021000000,0.177800000,0.002600000,0.252800000,0.022700000,0.116800000,0.572200000,0.159100000,2.094700000,1.326000000,2.093700000,0.001000000,0.003700000,0.017900000,0.009900000,0.145900000,0.002400000,0.051600000,0.002300000,0.196600000,0.000000000,0.000000000,false,disabled,84,0,103,3,7,0.006200000,0.002900000,0.001100000,0.006200000,0.002500000,0.000500000,0.352200000,0.011300000,0.095800000,0.007500000,0.004600000,0.062000000,0.000100000,0.000000000,0.009300000,0.562200000,0.010000000,3,1,7,7,3,0.085200000,0.003600000,0.034800000,0.044500000,0.011600000,0.007600000,true,true,0.016600000,0.019300000,0.001200000,0.003600000,0.039000000,103,103,0
1657,1,1,1920,1080,640,360,ultra-performance,0.591100000,0.021800000,0.178700000,0.002400000,0.260800000,0.022600000,0.114200000,0.525600000,0.150600000,1.869000000,1.277900000,1.867800000,0.001200000,0.003700000,0.017800000,0.009800000,0.147000000,0.002200000,0.051000000,0.002200000,0.205100000,0.000000000,0.000000000,false,disabled,84,0,103,3,7,0.006700000,0.002600000,0.001300000,0.006500000,0.002700000,0.000700000,0.311200000,0.015400000,0.082700000,0.009600000,0.004500000,0.063500000,0.000000000,0.000000000,0.008500000,0.515900000,0.009700000,3,1,7,7,3,0.085100000,0.003700000,0.044300000,0.044200000,0.011400000,0.007500000,true,true,0.017500000,0.019400000,0.001200000,0.003800000,0.037600000,103,103,0
1658,2,1,1920,1080,640,360,ultra-performance,1.083500000,0.056100000,0.404700000,0.005200000,0.555200000,0.048500000,0.157700000,0.889500000,0.147200000,3.348700000,2.265200000,3.347600000,0.001100000,0.007600000,0.045200000,0.025000000,0.325900000,0.004800000,0.115100000,0.005000000,0.430300000,0.000000000,0.000000000,false,disabled,84,0,103,3,7,0.004600000,0.002700000,0.001100000,0.006600000,0.002700000,0.000600000,0.413200000,0.012600000,0.292400000,0.011900000,0.005300000,0.109200000,0.000000000,0.000000000,0.009100000,0.872000000,0.017500000,3,1,7,7,3,0.186800000,0.008000000,0.077600000,0.094700000,0.026400000,0.016800000,true,true,0.036500000,0.042800000,0.002200000,0.008100000,0.084700000,103,103,0
1659,0,1,1920,1080,640,360,ultra-performance,0.001700000,0.016900000,0.175600000,0.002200000,0.258600000,0.022200000,0.113200000,0.650700000,0.137600000,1.379900000,1.378200000,1.378700000,0.001200000,0.002900000,0.016500000,0.009300000,0.146400000,0.002100000,0.060900000,0.002100000,0.193200000,0.000000000,0.000000000,false,disabled,84,0,103,3,7,0.007500000,0.002500000,0.001100000,0.006700000,0.002400000,0.000500000,0.325700000,0.014100000,0.182200000,0.009200000,0.004800000,0.074200000,0.000100000,0.000000000,0.009200000,0.640200000,0.010500000,3,1,7,7,3,0.087600000,0.003600000,0.035300000,0.039600000,0.011000000,0.007700000,true,true,0.017000000,0.023100000,0.001300000,0.003300000,0.037500000,103,103,0
1660,1,1,1920,1080,640,360,ultra-performance,0.569300000,0.016900000,0.176400000,0.002400000,0.249000000,0.021700000,0.112100000,0.536700000,0.139900000,1.825400000,1.256100000,1.824400000,0.001000000,0.003100000,0.016700000,0.009300000,0.146800000,0.002200000,0.051000000,0.002000000,0.193600000,0.000000000,0.000000000,false,disabled,84,0,103,3,7,0.006500000,0.002500000,0.001100000,0.006300000,0.002200000,0.000400000,0.340600000,0.010300000,0.082400000,0.007100000,0.003900000,0.057100000,0.000100000,0.000000000,0.008800000,0.529300000,0.007400000,3,1,7,7,3,0.088800000,0.003600000,0.034400000,0.040100000,0.011100000,0.007100000,true,true,0.018000000,0.024000000,0.001200000,0.003200000,0.037000000,103,103,0
1661,2,1,1920,1080,640,360,ultra-performance,1.085100000,0.025800000,0.188000000,0.002400000,0.258600000,0.022400000,0.116200000,0.759500000,0.161600000,2.620800000,1.535700000,2.619600000,0.001200000,0.003700000,0.018400000,0.010800000,0.154700000,0.002200000,0.051500000,0.002200000,0.202600000,0.000000000,0.000000000,false,disabled,84,0,103,3,7,0.004900000,0.002700000,0.001300000,0.006400000,0.003400000,0.000700000,0.473100000,0.025900000,0.090000000,0.015900000,0.007600000,0.106000000,0.000000000,0.000000000,0.010700000,0.748600000,0.010900000,3,1,7,7,3,0.090200000,0.003700000,0.036100000,0.044500000,0.011400000,0.007900000,true,true,0.017100000,0.020600000,0.002000000,0.004500000,0.040500000,103,103,0
1662,0,1,1920,1080,640,360,ultra-performance,0.457700000,0.018600000,0.181500000,0.002500000,0.253300000,0.022700000,0.115700000,0.839600000,0.159500000,2.052200000,1.594500000,2.051100000,0.001100000,0.003400000,0.017400000,0.009800000,0.150400000,0.002300000,0.051300000,0.002300000,0.197400000,0.000000000,0.000000000,false,disabled,84,0,103,3,7,0.004800000,0.002700000,0.001200000,0.006900000,0.003300000,0.000600000,0.418700000,0.013000000,0.284700000,0.010900000,0.005100000,0.064300000,0.000000000,0.000000000,0.010600000,0.826800000,0.012800000,3,1,7,7,3,0.087000000,0.003800000,0.036100000,0.042700000,0.011400000,0.007600000,true,true,0.017300000,0.019800000,0.001300000,0.003700000,0.039300000,103,103,0
1663,1,1,1920,1080,640,360,ultra-performance,0.613000000,0.023300000,0.184400000,0.002300000,0.253400000,0.021900000,0.116000000,0.564700000,0.170700000,1.951000000,1.338000000,1.949700000,0.001300000,0.011600000,0.018300000,0.009500000,0.144600000,0.002100000,0.051100000,0.002400000,0.197600000,0.000000000,0.000000000,false,disabled,84,0,103,3,7,0.007300000,0.002700000,0.001200000,0.006600000,0.002700000,0.000500000,0.309800000,0.014600000,0.105300000,0.009600000,0.004600000,0.081800000,0.000000000,0.000000000,0.009600000,0.556300000,0.008400000,3,1,7,7,3,0.084800000,0.003700000,0.036100000,0.044700000,0.011400000,0.008100000,true,true,0.017600000,0.019200000,0.001500000,0.003600000,0.037300000,103,103,0
1664,2,1,1920,1080,640,360,ultra-performance,0.629800000,0.016700000,0.193000000,0.002700000,0.251500000,0.022900000,0.110000000,0.568000000,0.157200000,1.953000000,1.323200000,1.951800000,0.001200000,0.002900000,0.016600000,0.009800000,0.163200000,0.002500000,0.056300000,0.002100000,0.190900000,0.000000000,0.000000000,false,disabled,84,0,103,3,7,0.004700000,0.002300000,0.001100000,0.006800000,0.002300000,0.000400000,0.392900000,0.010300000,0.044300000,0.007600000,0.004000000,0.070300000,0.000000000,0.000000000,0.010700000,0.557700000,0.010300000,3,1,7,7,3,0.085900000,0.003400000,0.035000000,0.039600000,0.011200000,0.007000000,true,true,0.017300000,0.020700000,0.001500000,0.002900000,0.038200000,103,103,0
1665,0,1,1920,1080,640,360,ultra-performance,1.088300000,0.047000000,0.400000000,0.005100000,0.307300000,0.023300000,0.117900000,0.662800000,0.153400000,2.806300000,1.718000000,2.805100000,0.001200000,0.008000000,0.039700000,0.021800000,0.329500000,0.004700000,0.103500000,0.002200000,0.199100000,0.000000000,0.000000000,false,disabled,84,0,103,3,7,0.006900000,0.002700000,0.001200000,0.006400000,0.002800000,0.000400000,0.342300000,0.018300000,0.123700000,0.011800000,0.006000000,0.118800000,0.000000000,0.000000000,0.010000000,0.651300000,0.011500000,3,1,7,7,3,0.085800000,0.003700000,0.036200000,0.044600000,0.011600000,0.007500000,true,true,0.017800000,0.020200000,0.001200000,0.003600000,0.037400000,103,103,0
1666,1,1,1920,1080,640,360,ultra-performance,0.001900000,0.016700000,0.175500000,0.002300000,0.243000000,0.022100000,0.120900000,0.515300000,0.141400000,1.240200000,1.238300000,1.239100000,0.001100000,0.003000000,0.016700000,0.009300000,0.146000000,0.002200000,0.051000000,0.002000000,0.187700000,0.000000000,0.000000000,false,disabled,84,0,103,3,7,0.006000000,0.002500000,0.001000000,0.006300000,0.002400000,0.000800000,0.340500000,0.011100000,0.052000000,0.006700000,0.004200000,0.061600000,0.000000000,0.000000000,0.009300000,0.504400000,0.010900000,3,1,7,7,3,0.084300000,0.003500000,0.033900000,0.039400000,0.011200000,0.007100000,true,true,0.017700000,0.019200000,0.001200000,0.003100000,0.037700000,103,103,0
1667,2,1,1920,1080,640,360,ultra-performance,1.395200000,0.018500000,0.318000000,0.006700000,0.712700000,0.062900000,0.124500000,0.566500000,0.144700000,3.351000000,1.955800000,3.349700000,0.001300000,0.003000000,0.017200000,0.009400000,0.287600000,0.006100000,0.151900000,0.005700000,0.549200000,0.000000000,0.000000000,false,disabled,84,0,103,3,7,0.008300000,0.002800000,0.001100000,0.006400000,0.002600000,0.000600000,0.338600000,0.016900000,0.079500000,0.011700000,0.005900000,0.068500000,0.000000000,0.000000000,0.010100000,0.553000000,0.013500000,3,1,7,7,3,0.249100000,0.010200000,0.098400000,0.114800000,0.032900000,0.020800000,true,true,0.051800000,0.059500000,0.002800000,0.008600000,0.110200000,103,103,0
1668,0,1,1920,1080,640,360,ultra-performance,0.001600000,0.017000000,0.181800000,0.002500000,0.242700000,0.022900000,0.120800000,0.485200000,0.148200000,1.224200000,1.222600000,1.222700000,0.001500000,0.003100000,0.016900000,0.009100000,0.152200000,0.002400000,0.050900000,0.002300000,0.187300000,0.000000000,0.000000000,false,disabled,84,0,103,3,7,0.006500000,0.002700000,0.001000000,0.006400000,0.003400000,0.000600000,0.298100000,0.015400000,0.036000000,0.009300000,0.006300000,0.079500000,0.000000000,0.000000000,0.010500000,0.475700000,0.009500000,3,1,7,7,3,0.084100000,0.003300000,0.033900000,0.039100000,0.010800000,0.007500000,true,true,0.017500000,0.019300000,0.001300000,0.003300000,0.037300000,103,103,0
1669,1,1,1920,1080,640,360,ultra-performance,1.028800000,0.015800000,0.178700000,0.002400000,0.237300000,0.021400000,0.112200000,0.655700000,0.191100000,2.444600000,1.415800000,2.443400000,0.001200000,0.002800000,0.016400000,0.009700000,0.149300000,0.002300000,0.051400000,0.002000000,0.181700000,0.000000000,0.000000000,false,disabled,84,0,103,3,7,0.004600000,0.002200000,0.001000000,0.006300000,0.002600000,0.000500000,0.355000000,0.012500000,0.172200000,0.007900000,0.004100000,0.066100000,0.000000000,0.000000000,0.009500000,0.644500000,0.011200000,3,1,7,7,3,0.082200000,0.003300000,0.033100000,0.037700000,0.010500000,0.006700000,true,true,0.017100000,0.019200000,0.001200000,0.003000000,0.036300000,103,103,0
1670,2,1,1920,1080,640,360,ultra-performance,0.566500000,0.030000000,0.212300000,0.003100000,0.297300000,0.030200000,0.132500000,0.600400000,0.154600000,2.027800000,1.461300000,2.026900000,0.000900000,0.003800000,0.018700000,0.010300000,0.179000000,0.003000000,0.052900000,0.002500000,0.238400000,0.000000000,0.000000000,false,disabled,84,0,103,3,7,0.007000000,0.002900000,0.001200000,0.010200000,0.003400000,0.000600000,0.377000000,0.027400000,0.063000000,0.010000000,0.005900000,0.072400000,0.000100000,0.000000000,0.010400000,0.591500000,0.008900000,3,1,7,7,3,0.093000000,0.004000000,0.050000000,0.053600000,0.016800000,0.011000000,true,true,0.018500000,0.024300000,0.001300000,0.003600000,0.039200000,103,103,0
1671,0,1,1920,1080,640,360,ultra-performance,1.019500000,0.037000000,0.340800000,0.002500000,0.248500000,0.022500000,0.115900000,0.501100000,0.153900000,2.442900000,1.423400000,2.441700000,0.001200000,0.007000000,0.038300000,0.021500000,0.273300000,0.002300000,0.051700000,0.002100000,0.192300000,0.000000000,0.000000000,false,disabled,84,0,103,3,7,0.004800000,0.002700000,0.001100000,0.006700000,0.002300000,0.000300000,0.333600000,0.010600000,0.052300000,0.007700000,0.004100000,0.057000000,0.000100000,0.000000000,0.009600000,0.492900000,0.008200000,3,1,7,7,3,0.084300000,0.003600000,0.035300000,0.042000000,0.011300000,0.007200000,true,true,0.017600000,0.019000000,0.001100000,0.003500000,0.037500000,103,103,0
1672,1,1,1920,1080,640,360,ultra-performance,0.966600000,0.022700000,0.177500000,0.002700000,0.257100000,0.022900000,0.116700000,0.557700000,0.153700000,2.278800000,1.312200000,2.277600000,0.001200000,0.003800000,0.018100000,0.009800000,0.145500000,0.002500000,0.051300000,0.002300000,0.201100000,0.000000000,0.000000000,false,disabled,84,0,103,3,7,0.004700000,0.002800000,0.001200000,0.006700000,0.002600000,0.000600000,0.324100000,0.015300000,0.101500000,0.009900000,0.004800000,0.065000000,0.000100000,0.000000000,0.009900000,0.549200000,0.008500000,3,1,7,7,3,0.086600000,0.003900000,0.036100000,0.045100000,0.012200000,0.007800000,true,true,0.017700000,0.019600000,0.001200000,0.003800000,0.038400000,103,103,0
1673,2,1,1920,1080,640,360,ultra-performance,0.677300000,0.036500000,0.395500000,0.005600000,0.521800000,0.022400000,0.115200000,0.636100000,0.164800000,2.576600000,1.899300000,2.575200000,0.001400000,0.006800000,0.037700000,0.020700000,0.329200000,0.005000000,0.115200000,0.004600000,0.399300000,0.000000000,0.000000000,false,disabled,84,0,103,3,7,0.004600000,0.002600000,0.001200000,0.006500000,0.002400000,0.000600000,0.352200000,0.012700000,0.146000000,0.008300000,0.004200000,0.073200000,0.000100000,0.000000000,0.010200000,0.624800000,0.011300000,3,1,7,7,3,0.186300000,0.059200000,0.074300000,0.042800000,0.011600000,0.007400000,true,true,0.037900000,0.043300000,0.002200000,0.007500000,0.083400000,103,103,0
1674,0,1,1920,1080,640,360,ultra-performance,0.001800000,0.016100000,0.177000000,0.002500000,0.259500000,0.023300000,0.118400000,0.477800000,0.149500000,1.227300000,1.225500000,1.225900000,0.001400000,0.003200000,0.017300000,0.009600000,0.146500000,0.002300000,0.050700000,0.002200000,0.204300000,0.000000000,0.000000000,false,disabled,84,0,103,3,7,0.006100000,0.002800000,0.001200000,0.006700000,0.003700000,0.000700000,0.285600000,0.016000000,0.042100000,0.009900000,0.006200000,0.076000000,0.000000000,0.000000000,0.010000000,0.467000000,0.010800000,3,1,7,7,3,0.093400000,0.003700000,0.035900000,0.042800000,0.012200000,0.007700000,true,true,0.017600000,0.019300000,0.001500000,0.003200000,0.046200000,103,103,0
1675,1,1,1920,1080,640,360,ultra-performance,1.274600000,0.019000000,0.178000000,0.002700000,0.250500000,0.022500000,0.118100000,0.614300000,0.145900000,2.626700000,1.352100000,2.625600000,0.001100000,0.003100000,0.017600000,0.009700000,0.147000000,0.002600000,0.051300000,0.002200000,0.194600000,0.000000000,0.000000000,false,disabled,84,0,103,3,7,0.006200000,0.002800000,0.001200000,0.006600000,0.002300000,0.000400000,0.345400000,0.011400000,0.128300000,0.007300000,0.004000000,0.078500000,0.000000000,0.000000000,0.009700000,0.604100000,0.010200000,3,1,7,7,3,0.085400000,0.003700000,0.035400000,0.042400000,0.011400000,0.007400000,true,true,0.017300000,0.019400000,0.001400000,0.003900000,0.038000000,103,103,0
1676,2,1,1920,1080,640,360,ultra-performance,0.948400000,0.022900000,0.178200000,0.002900000,0.267800000,0.021900000,0.114500000,0.700600000,0.169600000,2.427800000,1.479400000,2.426800000,0.001000000,0.003600000,0.017800000,0.009500000,0.146700000,0.002700000,0.051800000,0.002000000,0.211400000,0.000000000,0.000000000,false,disabled,84,0,103,3,7,0.005900000,0.002600000,0.001100000,0.006200000,0.002500000,0.000400000,0.391300000,0.027000000,0.096900000,0.019200000,0.009200000,0.118200000,0.000100000,0.000000000,0.009700000,0.690300000,0.010300000,3,1,7,7,3,0.085600000,0.003700000,0.043200000,0.050500000,0.011400000,0.007600000,true,true,0.017500000,0.019300000,0.001400000,0.003400000,0.038400000,103,103,0
1677,0,1,1920,1080,640,360,ultra-performance,0.556600000,0.019100000,0.179400000,0.002300000,0.264400000,0.023600000,0.118200000,0.663200000,0.138100000,1.966100000,1.409500000,1.964900000,0.001200000,0.003500000,0.018100000,0.009800000,0.147400000,0.002200000,0.057800000,0.002400000,0.201800000,0.000000000,0.000000000,false,disabled,84,0,103,3,7,0.004500000,0.002700000,0.001300000,0.007000000,0.002300000,0.000500000,0.453600000,0.015200000,0.047400000,0.014400000,0.005800000,0.084200000,0.000000000,0.000000000,0.009600000,0.648500000,0.014700000,3,1,7,7,3,0.086300000,0.003700000,0.037600000,0.044900000,0.011900000,0.007700000,true,true,0.017600000,0.019800000,0.001500000,0.003800000,0.038000000,103,103,0
1678,1,1,1920,1080,640,360,ultra-performance,0.937200000,0.035600000,0.399000000,0.006500000,0.364300000,0.021500000,0.118100000,0.691000000,0.145400000,2.719800000,1.782600000,2.718600000,0.001200000,0.006600000,0.037200000,0.020500000,0.333600000,0.006200000,0.114600000,0.004500000,0.242600000,0.000000000,0.000000000,false,disabled,84,0,103,3,7,0.007100000,0.002900000,0.001200000,0.006600000,0.002300000,0.000600000,0.344800000,0.010600000,0.214500000,0.007800000,0.004400000,0.065800000,0.000000000,0.000000000,0.009800000,0.678400000,0.012600000,3,1,7,7,3,0.127100000,0.003700000,0.035100000,0.040700000,0.011500000,0.007100000,true,true,0.037700000,0.041100000,0.001300000,0.003500000,0.037900000,103,103,0
1679,2,1,1920,1080,640,360,ultra-performance,0.001700000,0.016500000,0.183100000,0.003000000,0.247400000,0.021500000,0.122100000,0.533900000,0.167100000,1.297400000,1.295700000,1.296300000,0.001100000,0.003000000,0.016700000,0.009400000,0.153700000,0.002700000,0.053300000,0.001900000,0.190200000,0.000000000,0.000000000,false,disabled,84,0,103,3,7,0.006600000,0.002500000,0.001100000,0.006300000,0.003400000,0.000600000,0.350400000,0.014800000,0.039600000,0.009500000,0.006100000,0.072300000,0.000000000,0.000000000,0.011100000,0.524300000,0.009600000,3,1,7,7,3,0.086200000,0.003400000,0.034200000,0.039500000,0.011600000,0.007000000,true,true,0.017900000,0.020400000,0.002100000,0.003100000,0.037300000,103,103,0
1680,0,1,1920,1080,640,360,ultra-performance,1.552600000,0.027500000,0.436200000,0.005700000,0.558400000,0.046900000,0.161600000,0.498500000,0.149000000,3.437800000,1.885200000,3.436400000,0.001400000,0.005500000,0.037700000,0.021000000,0.371300000,0.005500000,0.118400000,0.004500000,0.430700000,0.000000000,0.000000000,false,disabled,84,0,103,3,7,0.004700000,0.002300000,0.001100000,0.006300000,0.002300000,0.000400000,0.342200000,0.009300000,0.045500000,0.006300000,0.004000000,0.057300000,0.000000000,0.000000000,0.009700000,0.491400000,0.007100000,3,1,7,7,3,0.189400000,0.007600000,0.086000000,0.088600000,0.024500000,0.015200000,true,true,0.039100000,0.044800000,0.002800000,0.006800000,0.083400000,103,103,0
1681,1,1,1920,1080,640,360,ultra-performance,0.001700000,0.016500000,0.183600000,0.002600000,0.241700000,0.020900000,0.111300000,0.536800000,0.141900000,1.265500000,1.263800000,1.257000000,0.008500000,0.003100000,0.016800000,0.009000000,0.154200000,0.002400000,0.053200000,0.001900000,0.184400000,0.000000000,0.000000000,false,disabled,84,0,103,3,7,0.004500000,0.002500000,0.001200000,0.006400000,0.002300000,0.000400000,0.323000000,0.010400000,0.100100000,0.007700000,0.003600000,0.057600000,0.000100000,0.000000000,0.009600000,0.529400000,0.007400000,3,1,7,7,3,0.083000000,0.003400000,0.033300000,0.039000000,0.010800000,0.006800000,true,true,0.016900000,0.019700000,0.001300000,0.003200000,0.036700000,103,103,0
1682,2,1,1920,1080,640,360,ultra-performance,1.047600000,0.020600000,0.184700000,0.002600000,0.257400000,0.022600000,0.116600000,0.481600000,0.154100000,2.290100000,1.242500000,2.287800000,0.002300000,0.003400000,0.024000000,0.010200000,0.146700000,0.002300000,0.051700000,0.002300000,0.200900000,0.000000000,0.000000000,false,disabled,84,0,103,3,7,0.004800000,0.002800000,0.001100000,0.006900000,0.002400000,0.000400000,0.325600000,0.011200000,0.028400000,0.006600000,0.004100000,0.068800000,0.000100000,0.000000000,0.010300000,0.473500000,0.008100000,3,1,7,7,3,0.086900000,0.003800000,0.036000000,0.044900000,0.012000000,0.007700000,true,true,0.017600000,0.019600000,0.001400000,0.003800000,0.038700000,103,103,0
1683,0,1,1920,1080,640,360,ultra-performance,0.801800000,0.040100000,0.681300000,0.003000000,0.261100000,0.024400000,0.122000000,0.565200000,0.159600000,2.660000000,1.858200000,2.658500000,0.001500000,0.006900000,0.039700000,0.087100000,0.546600000,0.002700000,0.052400000,0.002400000,0.203700000,0.000000000,0.000000000,false,disabled,84,0,103,3,7,0.004600000,0.002800000,0.001300000,0.007700000,0.002400000,0.000500000,0.366000000,0.014800000,0.056400000,0.008100000,0.004200000,0.078600000,0.000000000,0.000000000,0.009800000,0.557200000,0.008000000,3,1,7,7,3,0.086900000,0.004000000,0.037400000,0.045800000,0.012300000,0.008000000,true,true,0.018300000,0.019400000,0.001400000,0.003100000,0.038800000,103,103,0
1684,1,1,1920,1080,640,360,ultra-performance,0.001800000,0.016600000,0.177400000,0.002900000,0.258200000,0.021700000,0.120900000,0.439500000,0.139500000,1.179700000,1.177900000,1.178500000,0.001200000,0.003200000,0.017100000,0.009400000,0.147200000,0.002700000,0.051700000,0.002100000,0.202100000,0.000000000,0.000000000,false,disabled,84,0,103,3,7,0.004600000,0.002500000,0.001300000,0.006400000,0.002200000,0.000400000,0.303400000,0.010800000,0.024000000,0.006900000,0.003900000,0.055300000,0.000100000,0.000000000,0.009700000,0.431500000,0.008000000,3,1,7,7,3,0.085800000,0.003600000,0.042500000,0.042200000,0.011700000,0.007600000,true,true,0.017900000,0.019400000,0.001200000,0.003300000,0.038400000,103,103,0
1685,2,1,1920,1080,640,360,ultra-performance,1.133700000,0.022000000,0.178300000,0.002400000,0.255300000,0.022600000,0.117700000,0.674300000,0.283900000,2.692400000,1.558700000,2.690200000,0.002200000,0.003800000,0.018200000,0.010100000,0.145900000,0.002300000,0.051600000,0.002200000,0.199000000,0.000000000,0.000000000,false,disabled,84,0,103,3,7,0.004800000,0.002900000,0.001200000,0.006600000,0.007300000,0.001500000,0.386000000,0.024600000,0.060600000,0.015000000,0.010700000,0.114800000,0.000000000,0.000000000,0.020800000,0.656800000,0.017500000,3,1,7,7,3,0.085800000,0.003700000,0.036100000,0.044800000,0.012000000,0.007700000,true,true,0.018200000,0.019100000,0.001300000,0.003600000,0.038100000,103,103,0
1686,0,1,1920,1080,640,360,ultra-performance,0.751600000,0.017400000,0.345300000,0.006100000,0.556600000,0.049100000,0.162500000,0.747800000,0.159500000,2.797000000,2.045400000,2.795900000,0.001100000,0.003300000,0.017600000,0.009400000,0.314400000,0.005600000,0.115600000,0.004600000,0.431400000,0.000000000,0.000000000,false,disabled,84,0,103,3,7,0.006400000,0.002800000,0.001200000,0.006400000,0.003500000,0.000600000,0.368600000,0.016500000,0.108900000,0.009300000,0.005600000,0.196400000,0.000000000,0.000000000,0.009600000,0.735800000,0.012000000,3,1,7,7,3,0.191100000,0.008200000,0.077700000,0.093400000,0.026100000,0.016200000,true,true,0.038600000,0.043800000,0.002300000,0.007700000,0.086200000,103,103,0
1687,1,1,1920,1080,640,360,ultra-performance,0.001700000,0.017700000,0.182700000,0.002700000,0.248300000,0.021900000,0.114500000,0.475500000,0.161100000,1.227100000,1.225400000,1.226100000,0.001000000,0.003200000,0.017100000,0.009500000,0.152700000,0.002600000,0.052000000,0.002100000,0.191900000,0.000000000,0.000000000,false,disabled,84,0,103,3,7,0.006000000,0.002600000,0.001200000,0.006500000,0.002500000,0.000700000,0.299200000,0.013200000,0.037100000,0.008100000,0.004000000,0.074600000,0.000000000,0.000000000,0.010800000,0.466500000,0.009000000,3,1,7,7,3,0.084500000,0.003900000,0.034800000,0.041700000,0.011200000,0.007400000,true,true,0.018000000,0.019500000,0.001300000,0.003600000,0.036700000,103,103,0
1688,2,1,1920,1080,640,360,ultra-performance,1.048500000,0.016400000,0.178200000,0.002600000,0.238000000,0.021200000,0.107000000,0.600500000,0.186700000,2.400100000,1.351600000,2.399100000,0.001000000,0.003000000,0.016500000,0.010700000,0.147500000,0.002500000,0.050700000,0.002000000,0.183300000,0.000000000,0.000000000,false,disabled,84,0,103,3,7,0.004400000,0.002100000,0.001000000,0.006200000,0.002300000,0.000400000,0.336000000,0.008300000,0.160200000,0.005900000,0.003200000,0.053000000,0.000000000,0.000000000,0.009800000,0.592800000,0.007700000,3,1,7,7,3,0.082500000,0.003200000,0.033600000,0.038100000,0.010400000,0.006600000,true,true,0.017400000,0.018900000,0.001200000,0.002900000,0.036800000,103,103,0
1689,0,1,1920,1080,640,360,ultra-performance,0.912900000,0.021000000,0.178300000,0.002600000,0.255600000,0.023200000,0.130500000,0.644100000,0.154500000,2.324000000,1.411100000,2.322700000,0.001300000,0.003700000,0.018600000,0.009800000,0.145800000,0.002300000,0.051300000,0.002200000,0.199600000,0.000000000,0.000000000,false,disabled,84,0,103,3,7,0.004700000,0.003000000,0.001300000,0.006700000,0.003400000,0.000700000,0.332200000,0.018900000,0.155900000,0.010900000,0.005500000,0.079300000,0.000000000,0.000000000,0.010600000,0.633100000,0.011000000,3,1,7,7,3,0.086100000,0.003900000,0.036100000,0.045100000,0.012000000,0.007700000,true,true,0.017700000,0.019400000,0.001400000,0.003800000,0.038100000,103,103,0
1690,1,1,1920,1080,640,360,ultra-performance,0.738900000,0.022800000,0.180600000,0.002700000,0.258000000,0.023400000,0.116500000,0.871400000,0.160800000,2.376400000,1.637500000,2.375100000,0.001300000,0.004300000,0.018400000,0.010400000,0.147000000,0.002500000,0.051600000,0.002300000,0.201900000,0.000000000,0.000000000,false,disabled,84,0,103,3,7,0.006400000,0.002700000,0.001200000,0.006500000,0.002300000,0.000700000,0.442200000,0.013700000,0.236500000,0.011100000,0.005000000,0.123100000,0.000000000,0.000000000,0.011100000,0.862500000,0.008900000,3,1,7,7,3,0.086500000,0.003600000,0.036700000,0.045100000,0.011500000,0.007500000,true,true,0.018200000,0.019500000,0.001500000,0.003700000,0.037900000,103,103,0
1691,2,1,1920,1080,640,360,ultra-performance,0.001700000,0.018200000,0.214600000,0.003000000,0.257000000,0.022800000,0.118000000,0.533800000,0.150300000,1.320700000,1.319000000,1.319400000,0.001300000,0.003200000,0.017300000,0.009900000,0.183700000,0.002800000,0.052400000,0.002300000,0.200000000,0.000000000,0.000000000,false,disabled,84,0,103,3,7,0.004900000,0.003000000,0.001200000,0.007600000,0.002600000,0.000500000,0.312300000,0.014100000,0.085500000,0.007800000,0.005100000,0.068800000,0.000100000,0.000000000,0.010200000,0.523700000,0.010100000,3,1,7,7,3,0.087400000,0.003700000,0.035400000,0.045000000,0.011200000,0.007400000,true,true,0.018900000,0.019400000,0.001300000,0.004000000,0.038300000,103,103,0
1692,0,1,1920,1080,640,360,ultra-performance,1.405700000,0.041000000,0.397300000,0.006100000,0.553100000,0.030800000,0.118900000,0.916200000,0.157800000,3.628200000,2.222500000,3.626900000,0.001300000,0.007100000,0.039900000,0.021500000,0.327700000,0.005600000,0.114600000,0.004400000,0.429400000,0.000000000,0.000000000,false,disabled,84,0,103,3,7,0.007300000,0.002600000,0.001100000,0.006500000,0.003400000,0.000700000,0.334400000,0.026700000,0.340300000,0.016900000,0.007600000,0.147600000,0.000100000,0.000000000,0.010500000,0.905700000,0.010500000,3,1,7,7,3,0.193500000,0.007900000,0.077100000,0.090600000,0.025300000,0.016400000,true,true,0.040500000,0.047200000,0.002400000,0.007300000,0.083900000,103,103,0
1693,1,1,1920,1080,640,360,ultra-performance,0.001800000,0.016400000,0.185000000,0.002700000,0.248700000,0.022300000,0.118300000,0.603400000,0.147300000,1.347100000,1.345300000,1.345900000,0.001200000,0.003200000,0.017400000,0.009600000,0.154300000,0.002400000,0.051200000,0.002100000,0.193300000,0.000000000,0.000000000,false,disabled,84,0,103,3,7,0.004800000,0.002700000,0.001300000,0.006700000,0.002400000,0.000400000,0.313000000,0.016700000,0.144000000,0.010300000,0.004600000,0.077300000,0.000000000,0.000000000,0.010100000,0.594300000,0.009100000,3,1,7,7,3,0.085300000,0.003700000,0.035200000,0.042000000,0.011300000,0.007200000,true,true,0.017900000,0.018900000,0.001300000,0.003800000,0.037900000,103,103,0
1694,2,1,1920,1080,640,360,ultra-performance,0.675800000,0.019500000,0.185800000,0.002400000,0.251700000,0.022200000,0.115700000,0.645900000,0.144200000,2.064600000,1.388800000,2.063200000,0.001400000,0.003100000,0.017000000,0.009900000,0.155300000,0.002200000,0.053500000,0.002200000,0.193700000,0.000000000,0.000000000,false,disabled,84,0,103,3,7,0.004700000,0.002700000,0.001100000,0.006500000,0.002500000,0.000300000,0.337200000,0.011400000,0.179500000,0.008700000,0.004400000,0.063600000,0.000000000,0.000000000,0.010400000,0.633000000,0.012900000,3,1,7,7,3,0.086300000,0.003600000,0.034400000,0.041100000,0.011800000,0.007500000,true,true,0.017800000,0.020600000,0.001200000,0.003500000,0.037600000,103,103,0
1695,0,1,1920,1080,640,360,ultra-performance,1.332900000,0.043800000,0.399900000,0.005200000,0.456300000,0.022900000,0.118100000,0.732900000,0.160300000,3.273400000,1.940500000,3.272300000,0.001100000,0.007900000,0.039100000,0.021300000,0.330500000,0.004800000,0.115400000,0.005100000,0.333200000,0.000000000,0.000000000,false,disabled,84,0,103,3,7,0.006900000,0.002900000,0.001100000,0.006400000,0.003600000,0.000600000,0.358900000,0.016200000,0.219800000,0.010100000,0.006200000,0.077100000,0.000100000,0.000000000,0.010300000,0.720200000,0.012700000,3,1,7,7,3,0.190600000,0.008400000,0.052800000,0.044500000,0.011100000,0.007200000,true,true,0.038900000,0.046200000,0.002400000,0.007600000,0.083000000,103,103,0
1696,1,1,1920,1080,640,360,ultra-performance,0.001800000,0.017000000,0.177400000,0.010300000,0.258500000,0.022500000,0.117000000,0.615200000,0.150300000,1.371200000,1.369400000,1.370000000,0.001200000,0.003200000,0.017800000,0.009800000,0.146300000,0.010100000,0.051800000,0.002200000,0.202200000,0.000000000,0.000000000,false,disabled,84,0,103,3,7,0.006900000,0.002700000,0.001200000,0.007000000,0.003400000,0.000700000,0.339100000,0.015800000,0.134000000,0.009600000,0.006100000,0.070400000,0.000000000,0.000000000,0.010100000,0.607000000,0.008200000,3,1,7,7,3,0.091700000,0.003700000,0.035700000,0.042200000,0.011700000,0.008400000,true,true,0.017900000,0.023800000,0.001300000,0.004600000,0.038500000,103,103,0
1697,2,1,1920,1080,640,360,ultra-performance,0.951700000,0.018500000,0.177000000,0.002800000,0.248000000,0.023100000,0.123700000,0.558900000,0.152400000,2.257600000,1.305900000,2.256100000,0.001500000,0.003200000,0.018000000,0.009700000,0.145700000,0.002600000,0.051200000,0.002100000,0.192400000,0.000000000,0.000000000,false,disabled,84,0,103,3,7,0.005100000,0.002700000,0.001100000,0.006500000,0.003500000,0.000600000,0.340900000,0.015700000,0.070900000,0.009700000,0.005800000,0.076900000,0.000100000,0.000000000,0.010400000,0.549900000,0.009000000,3,1,7,7,3,0.084100000,0.003600000,0.035100000,0.042200000,0.011300000,0.007600000,true,true,0.017100000,0.019200000,0.001200000,0.003900000,0.037400000,103,103,0
1698,0,1,1920,1080,640,360,ultra-performance,0.654200000,0.023400000,0.200900000,0.002800000,0.257800000,0.022800000,0.116900000,0.539700000,0.147600000,1.967000000,1.312800000,1.966100000,0.000900000,0.003800000,0.018800000,0.009600000,0.168100000,0.002500000,0.051500000,0.002300000,0.201700000,0.000000000,0.000000000,false,disabled,84,0,103,3,7,0.004700000,0.002900000,0.001200000,0.007700000,0.002500000,0.000600000,0.321300000,0.014400000,0.088000000,0.006700000,0.003400000,0.065100000,0.000000000,0.000000000,0.010600000,0.529100000,0.010600000,3,1,7,7,3,0.088100000,0.003800000,0.035400000,0.044700000,0.011800000,0.007500000,true,true,0.018400000,0.019600000,0.001400000,0.004100000,0.038700000,103,103,0
1699,1,1,1920,1080,640,360,ultra-performance,0.909300000,0.017900000,0.229500000,0.006000000,0.582400000,0.049400000,0.255500000,0.763500000,0.154900000,2.969800000,2.060500000,2.968400000,0.001400000,0.003200000,0.017100000,0.009400000,0.199100000,0.005600000,0.133500000,0.006300000,0.437500000,0.000000000,0.000000000,false,disabled,84,0,103,3,7,0.012000000,0.005600000,0.002500000,0.014400000,0.002600000,0.000800000,0.428600000,0.012900000,0.185500000,0.007700000,0.003900000,0.064800000,0.000100000,0.000000000,0.010300000,0.751700000,0.011800000,3,1,7,7,3,0.190000000,0.008100000,0.079100000,0.093600000,0.025400000,0.016200000,true,true,0.040500000,0.043600000,0.002300000,0.007900000,0.083400000,103,103,0
1700,2,1,1920,1080,640,360,ultra-performance,0.001800000,0.018300000,0.185500000,0.003200000,0.256700000,0.022000000,0.114700000,0.458900000,0.159600000,1.221900000,1.220100000,1.220700000,0.001200000,0.003200000,0.017500000,0.009400000,0.154900000,0.003000000,0.051200000,0.002100000,0.201200000,0.000000000,0.000000000,false,disabled,84,0,103,3,7,0.005600000,0.002700000,0.001200000,0.006700000,0.002500000,0.000600000,0.302900000,0.013600000,0.018400000,0.008100000,0.004400000,0.073800000,0.000000000,0.000000000,0.010200000,0.450700000,0.008200000,3,1,7,7,3,0.092200000,0.003700000,0.034900000,0.042700000,0.011600000,0.007500000,true,true,0.018000000,0.019100000,0.001300000,0.010200000,0.038000000,103,103,0
1701,0,1,1920,1080,640,360,ultra-performance,1.044800000,0.037100000,0.398700000,0.005700000,0.472900000,0.022400000,0.116400000,0.640500000,0.148400000,2.888000000,1.843200000,2.886900000,0.001100000,0.006900000,0.037600000,0.020900000,0.332300000,0.005200000,0.115100000,0.004600000,0.350400000,0.000000000,0.000000000,false,disabled,84,0,103,3,7,0.005000000,0.002500000,0.001100000,0.006600000,0.002400000,0.000400000,0.324100000,0.014200000,0.180500000,0.008100000,0.004400000,0.072400000,0.000000000,0.000000000,0.009500000,0.631200000,0.009300000,3,1,7,7,3,0.185900000,0.007800000,0.076700000,0.044100000,0.011300000,0.007300000,true,true,0.037600000,0.043000000,0.002300000,0.007500000,0.083300000,103,103,0
1702,1,1,1920,1080,640,360,ultra-performance,0.001700000,0.016500000,0.171900000,0.002500000,0.241300000,0.029400000,0.111900000,0.572400000,0.155300000,1.304000000,1.302300000,1.302900000,0.001100000,0.002900000,0.016500000,0.009300000,0.142800000,0.002200000,0.050800000,0.001900000,0.186600000,0.000000000,0.000000000,false,disabled,84,0,103,3,7,0.004700000,0.002500000,0.001000000,0.006400000,0.002800000,0.000500000,0.318900000,0.014100000,0.109000000,0.009300000,0.004600000,0.075500000,0.000100000,0.000000000,0.010700000,0.560100000,0.012300000,3,1,7,7,3,0.084300000,0.003600000,0.033200000,0.039100000,0.011100000,0.006800000,true,true,0.017400000,0.019400000,0.001700000,0.003200000,0.037100000,103,103,0
1703,2,1,1920,1080,640,360,ultra-performance,1.574200000,0.031500000,0.438500000,0.005100000,0.539700000,0.047300000,0.189900000,0.646600000,0.235400000,3.709600000,2.135400000,3.708200000,0.001400000,0.006300000,0.037100000,0.020700000,0.373400000,0.004700000,0.120100000,0.004700000,0.410200000,0.000000000,0.000000000,false,disabled,84,0,103,3,7,0.007000000,0.002200000,0.001100000,0.006800000,0.002300000,0.000400000,0.394600000,0.008900000,0.085300000,0.005600000,0.003100000,0.111000000,0.000000000,0.000000000,0.010000000,0.638300000,0.008300000,3,1,7,7,3,0.184600000,0.007700000,0.074300000,0.085900000,0.024000000,0.015200000,true,true,0.038000000,0.044600000,0.002000000,0.006200000,0.082100000,103,103,0
1704,0,1,1920,1080,640,360,ultra-performance,0.001700000,0.015800000,0.184700000,0.002300000,0.244400000,0.021200000,0.112400000,0.573400000,0.147000000,1.304200000,1.302500000,1.302900000,0.001300000,0.003000000,0.016800000,0.009100000,0.155500000,0.002200000,0.053200000,0.002000000,0.186900000,0.000000000,0.000000000,false,disabled,84,0,103,3,7,0.013400000,0.002800000,0.001100000,0.006800000,0.003500000,0.000700000,0.343500000,0.016100000,0.075400000,0.009000000,0.005900000,0.074000000,0.000000000,0.000000000,0.010600000,0.562800000,0.010600000,3,1,7,7,3,0.084700000,0.003500000,0.033000000,0.039400000,0.011000000,0.007000000,true,true,0.017000000,0.020300000,0.001200000,0.003400000,0.037200000,103,103,0
1705,1,1,1920,1080,640,360,ultra-performance,0.821000000,0.014700000,0.185300000,0.002300000,0.239300000,0.021000000,0.107000000,0.655100000,0.122200000,2.168900000,1.347900000,2.167900000,0.001000000,0.002800000,0.016200000,0.009900000,0.155900000,0.002200000,0.052600000,0.001900000,0.182600000,0.000000000,0.000000000,false,disabled,84,0,103,3,7,0.006000000,0.002200000,0.001100000,0.006500000,0.002800000,0.000600000,0.363500000,0.012000000,0.168500000,0.009000000,0.004400000,0.055800000,0.000100000,0.000000000,0.009900000,0.642400000,0.012700000,3,1,7,7,3,0.082800000,0.003300000,0.033100000,0.037700000,0.010700000,0.006700000,true,true,0.016900000,0.020200000,0.001500000,0.002700000,0.036200000,103,103,0
1706,2,1,1920,1080,640,360,ultra-performance,1.121200000,0.037800000,0.247900000,0.002900000,0.252900000,0.023300000,0.116800000,0.613100000,0.145800000,2.562800000,1.441600000,2.561700000,0.001100000,0.006900000,0.049100000,0.021200000,0.170000000,0.002700000,0.051300000,0.002800000,0.196500000,0.000000000,0.000000000,false,disabled,84,0,103,3,7,0.007700000,0.002600000,0.001200000,0.006800000,0.005700000,0.001000000,0.380900000,0.014400000,0.077200000,0.008900000,0.006000000,0.077200000,0.000100000,0.000000000,0.011000000,0.600700000,0.012400000,3,1,7,7,3,0.085500000,0.003700000,0.035700000,0.042500000,0.011700000,0.007900000,true,true,0.017500000,0.019500000,0.001200000,0.003600000,0.038200000,103,103,0
1707,0,1,1920,1080,640,360,ultra-performance,0.427500000,0.015600000,0.185600000,0.002700000,0.251800000,0.022200000,0.111500000,0.712800000,0.153000000,1.883900000,1.456400000,1.882700000,0.001200000,0.002900000,0.016700000,0.010000000,0.155500000,0.002600000,0.053600000,0.002300000,0.193900000,0.000000000,0.000000000,false,disabled,84,0,103,3,7,0.006500000,0.002400000,0.001000000,0.006600000,0.002500000,0.000500000,0.378300000,0.010000000,0.092600000,0.006900000,0.003700000,0.179400000,0.000100000,0.000000000,0.010200000,0.700700000,0.012100000,3,1,7,7,3,0.091100000,0.003500000,0.034500000,0.038400000,0.011200000,0.006700000,true,true,0.017600000,0.021300000,0.001300000,0.008800000,0.036800000,103,103,0
1708,1,1,1920,1080,640,360,ultra-performance,0.766400000,0.019100000,0.186800000,0.002900000,0.253300000,0.022100000,0.123100000,0.653600000,0.292600000,2.322300000,1.555900000,2.319900000,0.002400000,0.003200000,0.017300000,0.009600000,0.156400000,0.002800000,0.053700000,0.002500000,0.194600000,0.000000000,0.000000000,false,disabled,84,0,103,3,7,0.007100000,0.002500000,0.001200000,0.006700000,0.002100000,0.000400000,0.363300000,0.018500000,0.117200000,0.011000000,0.005700000,0.080100000,0.000000000,0.000000000,0.023000000,0.638800000,0.014800000,3,1,7,7,3,0.086500000,0.003600000,0.035900000,0.040800000,0.011500000,0.007800000,true,true,0.017400000,0.020700000,0.001300000,0.003300000,0.038300000,103,103,0
1709,2,1,1920,1080,640,360,ultra-performance,0.396200000,0.018700000,0.182200000,0.002500000,0.253900000,0.022200000,0.116500000,0.636700000,0.159500000,1.789500000,1.393300000,1.788400000,0.001100000,0.003400000,0.018300000,0.010600000,0.149500000,0.002200000,0.051600000,0.002200000,0.197500000,0.000000000,0.000000000,false,disabled,84,0,103,3,7,0.004900000,0.002700000,0.001300000,0.006600000,0.002400000,0.000300000,0.368300000,0.010600000,0.124100000,0.006800000,0.003400000,0.086800000,0.000100000,0.000000000,0.010600000,0.628900000,0.007800000,3,1,7,7,3,0.085300000,0.003700000,0.035800000,0.045000000,0.011400000,0.007400000,true,true,0.017500000,0.019200000,0.001300000,0.003800000,0.038000000,103,103,0
1710,0,1,1920,1080,640,360,ultra-performance,0.920200000,0.018700000,0.173900000,0.002600000,0.246400000,0.022400000,0.115000000,0.597800000,0.153200000,2.251200000,1.331000000,2.250200000,0.001000000,0.003200000,0.017100000,0.009500000,0.143700000,0.002300000,0.051000000,0.002200000,0.190900000,0.000000000,0.000000000,false,disabled,84,0,103,3,7,0.004700000,0.002700000,0.001000000,0.006600000,0.002400000,0.000600000,0.219100000,0.012500000,0.259500000,0.006100000,0.003300000,0.060200000,0.000000000,0.000000000,0.010000000,0.588700000,0.009100000,3,1,7,7,3,0.085300000,0.003500000,0.034400000,0.040700000,0.011200000,0.007100000,true,true,0.017700000,0.019400000,0.001600000,0.003400000,0.037700000,103,103,0
1711,1,1,1920,1080,640,360,ultra-performance,0.684900000,0.014200000,0.185600000,0.002200000,0.241800000,0.021900000,0.108000000,0.623800000,0.161300000,2.045000000,1.360100000,2.043700000,0.001300000,0.002900000,0.016200000,0.010500000,0.155400000,0.002000000,0.053200000,0.002000000,0.184500000,0.000000000,0.000000000,false,disabled,84,0,103,3,7,0.004200000,0.002300000,0.001000000,0.006600000,0.002600000,0.000600000,0.248000000,0.014200000,0.239500000,0.017100000,0.004800000,0.061600000,0.000100000,0.000000000,0.009700000,0.612300000,0.011500000,3,1,7,7,3,0.083400000,0.003400000,0.033600000,0.038100000,0.011000000,0.006600000,true,true,0.017200000,0.020200000,0.001400000,0.002800000,0.036400000,103,103,0
1712,2,1,1920,1080,640,360,ultra-performance,1.160100000,0.015000000,0.407600000,0.004500000,0.532200000,0.045800000,0.230500000,0.576500000,0.135000000,3.108500000,1.948400000,3.107200000,0.001300000,0.002700000,0.017900000,0.017100000,0.369000000,0.004200000,0.118900000,0.004300000,0.404200000,0.000000000,0.000000000,false,disabled,84,0,103,3,7,0.010900000,0.004300000,0.002200000,0.009600000,0.002700000,0.000800000,0.373200000,0.012900000,0.070000000,0.008000000,0.004200000,0.055800000,0.000000000,0.000000000,0.008800000,0.563400000,0.013100000,3,1,7,7,3,0.185200000,0.007100000,0.072500000,0.083000000,0.023800000,0.014300000,true,true,0.037300000,0.044800000,0.002100000,0.006300000,0.082600000,103,103,0
1713,0,1,1920,1080,640,360,ultra-performance,0.001500000,0.018000000,0.177600000,0.003000000,0.262100000,0.023900000,0.118300000,0.460200000,0.140700000,1.206500000,1.205000000,1.205300000,0.001200000,0.003300000,0.017600000,0.009700000,0.146600000,0.002700000,0.051900000,0.002500000,0.205200000,0.000000000,0.000000000,false,disabled,84,0,103,3,7,0.007000000,0.002600000,0.001200000,0.006900000,0.002300000,0.000400000,0.295200000,0.011100000,0.040600000,0.006900000,0.004300000,0.063500000,0.000100000,0.000000000,0.009600000,0.451700000,0.008500000,3,1,7,7,3,0.085100000,0.003900000,0.036600000,0.051200000,0.011700000,0.008100000,true,true,0.017700000,0.019400000,0.001400000,0.003600000,0.037400000,103,103,0
1714,1,1,1920,1080,640,360,ultra-performance,1.164600000,0.047500000,0.399300000,0.005400000,0.363100000,0.022600000,0.123900000,0.825800000,0.159900000,3.113500000,1.948900000,3.112100000,0.001400000,0.007100000,0.038400000,0.021200000,0.331700000,0.004900000,0.115800000,0.004600000,0.240000000,0.000000000,0.000000000,false,disabled,84,0,103,3,7,0.006400000,0.002800000,0.001200000,0.006500000,0.007000000,0.001700000,0.399400000,0.023100000,0.196000000,0.015300000,0.008300000,0.130700000,0.000000000,0.000000000,0.012600000,0.811000000,0.014800000,3,1,7,7,3,0.118000000,0.003600000,0.035600000,0.045100000,0.011900000,0.007400000,true,true,0.039100000,0.030300000,0.001400000,0.002700000,0.038500000,103,103,0
1715,2,1,1920,1080,640,360,ultra-performance,0.001700000,0.017900000,0.205100000,0.002500000,0.266700000,0.022600000,0.117200000,0.508500000,0.150500000,1.293800000,1.292100000,1.292700000,0.001100000,0.003300000,0.017800000,0.010200000,0.173500000,0.002300000,0.052500000,0.002300000,0.209500000,0.000000000,0.000000000,false,disabled,84,0,103,3,7,0.006800000,0.002900000,0.001200000,0.007500000,0.002800000,0.000600000,0.326100000,0.016400000,0.044500000,0.009600000,0.004800000,0.063600000,0.000100000,0.000000000,0.009500000,0.496400000,0.012100000,3,1,7,7,3,0.087100000,0.003800000,0.036400000,0.044800000,0.011800000,0.007500000,true,true,0.018300000,0.019400000,0.001300000,0.004000000,0.038700000,103,103,0
1716,0,1,1920,1080,640,360,ultra-performance,1.049500000,0.019200000,0.178500000,0.002000000,0.243200000,0.023400000,0.112800000,0.573300000,0.165800000,2.368900000,1.319400000,2.367700000,0.001200000,0.003300000,0.017600000,0.010000000,0.147200000,0.001900000,0.052100000,0.002500000,0.186600000,0.000000000,0.000000000,false,disabled,84,0,103,3,7,0.006900000,0.002400000,0.001000000,0.006600000,0.002600000,0.000400000,0.330300000,0.013700000,0.113600000,0.008700000,0.004600000,0.062200000,0.000000000,0.000000000,0.011200000,0.564200000,0.009100000,3,1,7,7,3,0.083600000,0.003500000,0.033900000,0.039000000,0.011000000,0.007100000,true,true,0.017600000,0.019300000,0.001300000,0.002900000,0.036900000,103,103,0
1717,1,1,1920,1080,640,360,ultra-performance,0.928000000,0.022600000,0.179000000,0.002500000,0.251200000,0.022100000,0.115100000,0.637800000,0.150600000,2.309800000,1.381800000,2.308900000,0.000900000,0.003800000,0.018100000,0.009700000,0.146900000,0.002200000,0.050800000,0.002200000,0.195900000,0.000000000,0.000000000,false,disabled,84,0,103,3,7,0.004600000,0.002700000,0.001200000,0.006500000,0.002500000,0.000600000,0.407700000,0.015400000,0.043300000,0.017400000,0.007800000,0.106900000,0.000000000,0.000000000,0.009400000,0.626000000,0.011800000,3,1,7,7,3,0.084800000,0.003600000,0.035200000,0.044600000,0.011400000,0.007400000,true,true,0.017700000,0.019500000,0.001200000,0.003600000,0.037300000,103,103,0
1718,2,1,1920,1080,640,360,ultra-performance,0.610300000,0.026000000,0.179000000,0.002300000,0.256100000,0.023000000,0.116200000,0.782200000,0.160600000,2.157100000,1.546800000,2.155700000,0.001400000,0.003600000,0.018200000,0.010100000,0.146700000,0.002100000,0.051100000,0.002200000,0.200700000,0.000000000,0.000000000,false,disabled,84,0,103,3,7,0.006100000,0.002800000,0.001100000,0.006600000,0.002400000,0.000400000,0.437600000,0.012900000,0.108400000,0.008100000,0.004400000,0.167300000,0.000000000,0.000000000,0.011300000,0.769400000,0.012800000,3,1,7,7,3,0.086700000,0.003800000,0.036300000,0.045300000,0.011600000,0.007400000,true,true,0.017000000,0.019700000,0.001400000,0.004000000,0.039000000,103,103,0
1719,0,1,1920,1080,640,360,ultra-performance,0.775600000,0.037600000,0.399600000,0.005800000,0.364300000,0.022700000,0.116900000,0.647000000,0.169800000,2.540800000,1.765200000,2.539300000,0.001500000,0.007100000,0.036900000,0.021200000,0.330100000,0.005300000,0.121800000,0.004700000,0.235200000,0.000000000,0.000000000,false,disabled,84,0,103,3,7,0.006400000,0.002500000,0.000900000,0.006600000,0.002900000,0.000600000,0.423700000,0.017600000,0.076800000,0.010200000,0.005000000,0.074200000,0.000000000,0.000000000,0.009100000,0.636500000,0.010500000,3,1,7,7,3,0.112100000,0.003500000,0.035000000,0.048000000,0.011100000,0.007500000,true,true,0.038600000,0.025000000,0.001400000,0.003900000,0.037200000,103,103,0
1720,1,1,1920,1080,640,360,ultra-performance,0.002000000,0.020400000,0.182000000,0.002900000,0.256100000,0.025300000,0.122700000,0.578400000,0.143900000,1.334700000,1.332700000,1.333700000,0.001000000,0.003300000,0.017900000,0.009800000,0.150500000,0.002700000,0.051300000,0.002200000,0.200300000,0.000000000,0.000000000,false,disabled,84,0,103,3,7,0.005600000,0.002600000,0.001200000,0.006800000,0.002300000,0.000300000,0.332700000,0.012900000,0.124700000,0.007400000,0.004000000,0.059800000,0.000000000,0.000000000,0.010200000,0.570500000,0.007900000,3,1,7,7,3,0.087600000,0.003800000,0.036500000,0.043300000,0.011800000,0.007900000,true,true,0.018000000,0.019700000,0.001300000,0.003800000,0.039000000,103,103,0
1721,2,1,1920,1080,640,360,ultra-performance,1.235400000,0.031600000,0.181500000,0.003000000,0.266300000,0.027000000,0.128400000,0.546400000,0.157900000,2.578500000,1.343100000,2.577500000,0.001000000,0.005500000,0.017800000,0.010200000,0.147500000,0.002900000,0.052700000,0.002500000,0.208600000,0.000000000,0.000000000,false,disabled,84,0,103,3,7,0.004700000,0.003200000,0.001500000,0.007600000,0.002300000,0.000900000,0.387400000,0.019300000,0.022700000,0.010100000,0.004600000,0.062700000,0.000100000,0.000000000,0.009900000,0.537000000,0.009400000,3,1,7,7,3,0.087900000,0.004000000,0.038800000,0.046900000,0.012900000,0.008500000,true,true,0.018600000,0.019500000,0.001300000,0.004000000,0.038600000,103,103,0
1722,0,1,1920,1080,640,360,ultra-performance,0.922900000,0.022500000,0.180100000,0.002800000,0.262900000,0.024700000,0.121700000,0.603600000,0.159500000,2.301900000,1.379000000,2.300700000,0.001200000,0.003700000,0.018300000,0.009900000,0.147600000,0.002500000,0.051600000,0.002400000,0.206700000,0.000000000,0.000000000,false,disabled,84,0,103,3,7,0.005600000,0.002900000,0.001300000,0.006900000,0.002400000,0.000500000,0.351400000,0.011900000,0.061900000,0.008400000,0.003800000,0.127200000,0.000100000,0.000000000,0.009100000,0.593400000,0.010200000,3,1,7,7,3,0.089100000,0.003800000,0.037500000,0.046400000,0.012300000,0.008000000,true,true,0.018000000,0.019500000,0.001700000,0.003600000,0.040400000,103,103,0
1723,1,1,1920,1080,640,360,ultra-performance,0.876500000,0.046300000,0.403500000,0.006000000,0.386000000,0.024900000,0.131600000,0.670700000,0.249000000,2.795700000,1.919200000,2.794500000,0.001200000,0.008400000,0.040900000,0.022300000,0.330900000,0.005600000,0.117600000,0.005300000,0.260300000,0.000000000,0.000000000,false,disabled,84,0,103,3,7,0.006400000,0.002800000,0.001200000,0.006900000,0.002600000,0.000600000,0.340400000,0.014300000,0.155700000,0.008200000,0.004500000,0.104400000,0.000100000,0.000000000,0.010800000,0.658900000,0.011800000,3,1,7,7,3,0.132200000,0.004000000,0.038000000,0.046200000,0.012300000,0.008000000,true,true,0.039200000,0.043100000,0.001500000,0.003600000,0.038500000,103,103,0
1724,2,1,1920,1080,640,360,ultra-performance,0.003600000,0.034400000,0.418800000,0.006200000,0.380500000,0.024900000,0.121200000,0.540900000,0.153300000,1.685100000,1.681500000,1.683800000,0.001300000,0.006100000,0.038000000,0.021300000,0.352400000,0.005800000,0.136900000,0.004600000,0.236400000,0.000000000,0.000000000,false,disabled,84,0,103,3,7,0.007400000,0.002900000,0.001200000,0.007300000,0.002400000,0.000400000,0.347000000,0.014200000,0.057600000,0.010500000,0.004200000,0.062300000,0.000000000,0.000000000,0.010800000,0.528200000,0.012700000,3,1,7,7,3,0.115400000,0.003800000,0.036700000,0.042000000,0.012500000,0.008100000,true,true,0.038700000,0.027700000,0.001300000,0.003300000,0.038500000,103,103,0
1725,0,1,1920,1080,640,360,ultra-performance,0.797400000,0.023900000,0.181700000,0.002400000,0.260000000,0.025200000,0.121200000,0.540400000,0.170200000,2.123700000,1.326300000,2.122400000,0.001300000,0.003700000,0.018600000,0.009800000,0.148900000,0.002300000,0.052000000,0.002500000,0.203100000,0.000000000,0.000000000,false,disabled,84,0,103,3,7,0.007500000,0.002800000,0.001300000,0.007100000,0.002500000,0.000300000,0.338500000,0.012200000,0.045600000,0.008200000,0.004300000,0.088200000,0.000000000,0.000000000,0.011000000,0.529500000,0.010900000,3,1,7,7,3,0.086900000,0.004000000,0.037000000,0.045900000,0.011800000,0.008100000,true,true,0.017900000,0.019300000,0.001500000,0.003600000,0.039100000,103,103,0
1726,1,1,1920,1080,640,360,ultra-performance,0.635300000,0.056100000,0.500800000,0.006800000,0.607500000,0.026700000,0.127800000,0.797600000,0.197400000,2.958400000,2.323100000,2.956000000,0.002400000,0.011100000,0.070200000,0.033700000,0.384200000,0.006300000,0.119700000,0.005300000,0.479100000,0.000000000,0.000000000,false,disabled,84,0,103,3,7,0.007400000,0.003100000,0.001300000,0.008100000,0.005100000,0.001400000,0.453300000,0.030300000,0.032100000,0.018100000,0.009400000,0.189900000,0.000000000,0.000000000,0.022000000,0.781500000,0.016100000,3,1,7,7,3,0.209900000,0.009300000,0.103500000,0.104100000,0.022100000,0.008500000,true,true,0.040900000,0.047200000,0.002600000,0.006200000,0.097700000,103,103,0
1727,2,1,1920,1080,640,360,ultra-performance,0.002000000,0.021900000,0.229600000,0.002900000,0.255800000,0.026100000,0.120400000,0.555400000,0.149300000,1.364800000,1.362800000,1.363400000,0.001400000,0.003500000,0.018300000,0.009500000,0.197800000,0.002700000,0.052100000,0.002300000,0.199100000,0.000000000,0.000000000,false,disabled,84,0,103,3,7,0.005300000,0.002700000,0.001200000,0.007100000,0.002300000,0.000400000,0.345100000,0.013500000,0.074700000,0.006900000,0.003700000,0.075000000,0.000000000,0.000000000,0.009600000,0.547500000,0.007900000,3,1,7,7,3,0.085700000,0.003900000,0.037100000,0.043500000,0.012100000,0.007800000,true,true,0.017800000,0.019600000,0.001200000,0.003600000,0.037800000,103,103,0
1728,0,1,1920,1080,640,360,ultra-performance,0.682000000,0.025000000,0.180200000,0.002700000,0.262600000,0.024500000,0.121200000,0.627200000,0.156200000,2.082900000,1.400900000,2.081600000,0.001300000,0.004100000,0.018500000,0.010300000,0.146700000,0.002600000,0.052000000,0.002400000,0.205800000,0.000000000,0.000000000,false,disabled,84,0,103,3,7,0.004700000,0.002700000,0.001100000,0.007200000,0.002600000,0.000600000,0.355600000,0.017300000,0.122400000,0.009900000,0.005000000,0.078300000,0.000100000,0.000000000,0.009300000,0.616800000,0.010400000,3,1,7,7,3,0.088400000,0.004000000,0.036800000,0.046500000,0.012300000,0.008000000,true,true,0.018200000,0.019700000,0.001800000,0.003700000,0.039200000,103,103,0
1729,1,1,1920,1080,640,360,ultra-performance,0.887000000,0.053200000,0.414300000,0.003600000,0.267400000,0.026000000,0.131200000,0.614500000,0.169900000,2.568400000,1.681400000,2.567100000,0.001300000,0.008100000,0.039700000,0.022700000,0.342800000,0.003300000,0.055100000,0.002400000,0.207200000,0.000000000,0.000000000,false,disabled,84,0,103,3,7,0.005800000,0.002800000,0.001400000,0.007900000,0.002700000,0.000600000,0.389700000,0.017000000,0.060900000,0.011800000,0.005300000,0.084400000,0.000000000,0.000000000,0.011800000,0.602100000,0.012400000,3,1,7,7,3,0.087800000,0.004000000,0.038400000,0.046600000,0.012800000,0.008100000,true,true,0.018100000,0.019600000,0.001500000,0.003700000,0.039000000,103,103,0
1730,2,1,1920,1080,640,360,ultra-performance,0.025600000,0.022200000,0.180000000,0.002800000,0.268600000,0.025400000,0.121600000,0.652900000,0.161200000,1.461500000,1.435900000,1.460300000,0.001200000,0.003400000,0.018600000,0.009700000,0.147700000,0.002600000,0.052900000,0.002300000,0.210700000,0.000000000,0.000000000,false,disabled,84,0,103,3,7,0.006500000,0.002800000,0.001200000,0.007200000,0.003400000,0.000600000,0.307200000,0.023500000,0.083800000,0.012400000,0.006200000,0.175500000,0.000000000,0.000000000,0.011200000,0.641500000,0.011400000,3,1,7,7,3,0.087500000,0.004300000,0.044800000,0.044000000,0.012500000,0.008200000,true,true,0.018000000,0.019500000,0.001300000,0.004300000,0.038700000,103,103,0
1731,0,1,1920,1080,640,360,ultra-performance,1.250200000,0.021700000,0.177900000,0.002600000,0.254700000,0.024800000,0.127400000,0.663000000,0.156900000,2.680400000,1.430200000,2.679200000,0.001200000,0.003300000,0.018000000,0.009800000,0.146400000,0.002300000,0.051700000,0.002300000,0.198300000,0.000000000,0.000000000,false,disabled,84,0,103,3,7,0.007200000,0.002700000,0.001200000,0.007000000,0.003300000,0.000600000,0.376800000,0.017700000,0.131800000,0.010300000,0.005700000,0.075900000,0.000100000,0.000000000,0.010700000,0.651000000,0.012000000,3,1,7,7,3,0.085900000,0.003800000,0.036500000,0.043400000,0.011900000,0.007700000,true,true,0.017900000,0.019600000,0.001600000,0.003600000,0.037600000,103,103,0
1732,1,1,1920,1080,640,360,ultra-performance,1.020800000,0.028200000,0.232600000,0.003200000,0.266400000,0.025300000,0.154000000,0.699400000,0.180300000,2.611500000,1.590700000,2.610200000,0.001300000,0.003700000,0.019500000,0.010300000,0.198300000,0.003100000,0.052000000,0.002600000,0.209200000,0.000000000,0.000000000,false,disabled,84,0,103,3,7,0.006400000,0.003100000,0.001200000,0.008200000,0.003200000,0.000700000,0.440000000,0.019800000,0.084000000,0.010300000,0.007100000,0.096300000,0.000000000,0.000000000,0.010400000,0.690700000,0.008700000,3,1,7,7,3,0.089200000,0.004000000,0.038700000,0.046400000,0.012500000,0.008400000,true,true,0.018600000,0.020100000,0.001500000,0.003700000,0.039400000,103,103,0
1733,2,1,1920,1080,640,360,ultra-performance,0.383000000,0.046100000,0.393100000,0.003000000,0.274700000,0.026200000,0.124500000,0.785900000,0.160100000,2.197900000,1.814900000,2.196600000,0.001300000,0.007900000,0.040500000,0.022000000,0.321800000,0.002700000,0.060000000,0.002400000,0.209600000,0.000000000,0.000000000,false,disabled,84,0,103,3,7,0.005200000,0.002900000,0.001300000,0.007200000,0.007300000,0.000900000,0.408600000,0.018700000,0.171500000,0.016100000,0.009100000,0.112900000,0.000000000,0.000000000,0.011200000,0.772900000,0.013000000,3,1,7,7,3,0.089400000,0.004000000,0.038800000,0.046200000,0.012900000,0.008600000,true,true,0.018300000,0.020000000,0.001300000,0.004000000,0.039800000,103,103,0
1734,0,1,1920,1080,640,360,ultra-performance,0.002000000,0.019900000,0.190000000,0.003000000,0.284400000,0.027700000,0.128300000,0.561000000,0.162000000,1.379600000,1.377600000,1.378300000,0.001300000,0.003200000,0.017700000,0.009800000,0.158800000,0.002800000,0.060400000,0.002200000,0.219200000,0.000000000,0.000000000,false,disabled,84,0,103,3,7,0.006200000,0.002900000,0.001300000,0.007800000,0.003300000,0.000600000,0.349500000,0.018100000,0.048900000,0.009900000,0.006000000,0.082700000,0.000100000,0.000000000,0.012000000,0.549300000,0.011700000,3,1,7,7,3,0.092200000,0.004200000,0.041900000,0.046500000,0.013200000,0.011800000,true,true,0.018000000,0.019900000,0.002100000,0.003600000,0.042000000,103,103,0
1735,1,1,1920,1080,640,360,ultra-performance,1.050700000,0.025400000,0.259200000,0.006800000,0.599300000,0.055400000,0.240100000,0.677300000,0.167800000,3.083300000,2.032600000,3.082000000,0.001300000,0.003600000,0.018300000,0.010300000,0.226300000,0.006200000,0.116600000,0.005100000,0.471800000,0.000000000,0.000000000,false,disabled,84,0,103,3,7,0.007200000,0.003100000,0.001400000,0.007500000,0.002600000,0.000700000,0.404700000,0.015000000,0.105600000,0.007900000,0.005400000,0.093500000,0.000000000,0.000000000,0.011400000,0.666000000,0.011300000,3,1,7,7,3,0.211200000,0.009200000,0.085100000,0.098100000,0.028200000,0.018300000,true,true,0.041400000,0.046200000,0.004000000,0.012600000,0.094100000,103,103,0
1736,2,1,1920,1080,640,360,ultra-performance,0.001700000,0.022100000,0.178400000,0.003000000,0.253900000,0.026300000,0.121500000,0.489800000,0.147900000,1.246000000,1.244300000,1.244600000,0.001400000,0.003000000,0.017500000,0.010200000,0.147100000,0.002900000,0.051600000,0.002300000,0.197600000,0.000000000,0.000000000,false,disabled,84,0,103,3,7,0.006300000,0.002900000,0.001200000,0.007100000,0.002500000,0.000400000,0.328800000,0.016500000,0.030800000,0.007300000,0.004000000,0.062300000,0.000000000,0.000000000,0.011400000,0.481500000,0.008300000,3,1,7,7,3,0.086600000,0.003800000,0.036900000,0.042000000,0.012000000,0.007600000,true,true,0.017900000,0.019200000,0.001300000,0.003300000,0.039300000,103,103,0
1737,0,1,1920,1080,640,360,ultra-performance,1.096100000,0.024600000,0.188800000,0.003000000,0.266000000,0.026800000,0.122800000,0.694700000,0.219800000,2.643800000,1.547700000,2.642600000,0.001200000,0.003000000,0.018000000,0.010700000,0.156500000,0.002800000,0.053900000,0.002200000,0.207400000,0.000000000,0.000000000,false,disabled,84,0,103,3,7,0.005700000,0.003000000,0.001400000,0.007300000,0.002500000,0.000600000,0.425600000,0.015700000,0.120500000,0.007700000,0.004600000,0.078100000,0.000100000,0.000000000,0.011000000,0.683800000,0.010900000,3,1,7,7,3,0.096700000,0.003900000,0.036400000,0.042100000,0.012200000,0.007700000,true,true,0.017800000,0.020800000,0.001500000,0.003600000,0.047300000,103,103,0
1738,1,1,1920,1080,640,360,ultra-performance,0.687300000,0.020800000,0.197800000,0.004000000,0.266900000,0.025900000,0.117900000,0.614200000,0.153000000,2.089100000,1.401800000,2.087800000,0.001300000,0.003100000,0.018100000,0.010100000,0.166000000,0.003800000,0.059200000,0.002000000,0.203400000,0.000000000,0.000000000,false,disabled,84,0,103,3,7,0.007900000,0.003000000,0.001200000,0.014000000,0.002200000,0.000400000,0.356900000,0.013000000,0.126500000,0.007700000,0.003900000,0.058300000,0.000100000,0.000000000,0.011000000,0.606100000,0.008100000,3,1,7,7,3,0.092100000,0.003700000,0.036800000,0.042000000,0.012100000,0.007900000,true,true,0.018100000,0.024500000,0.001500000,0.003300000,0.039300000,103,103,0
1739,2,1,1920,1080,640,360,ultra-performance,0.604300000,0.031900000,0.187900000,0.002900000,0.252500000,0.026200000,0.118200000,0.832600000,0.257300000,2.315700000,1.711400000,2.313800000,0.001900000,0.003100000,0.017600000,0.009700000,0.156900000,0.002700000,0.053700000,0.002000000,0.194400000,0.000000000,0.000000000,false,disabled,84,0,103,3,7,0.004800000,0.002700000,0.001200000,0.007100000,0.006700000,0.001500000,0.497200000,0.028600000,0.049200000,0.019800000,0.006500000,0.164800000,0.000000000,0.000000000,0.018200000,0.808300000,0.024300000,3,1,7,7,3,0.086200000,0.004100000,0.035500000,0.041500000,0.011600000,0.007000000,true,true,0.017900000,0.020100000,0.001200000,0.003800000,0.037800000,103,103,0
1740,0,1,1920,1080,640,360,ultra-performance,0.695500000,0.043000000,0.407900000,0.006100000,0.573600000,0.030600000,0.126700000,0.850400000,0.187600000,2.923200000,2.227700000,2.921400000,0.001800000,0.007400000,0.040600000,0.023200000,0.335500000,0.005700000,0.118900000,0.004900000,0.447100000,0.000000000,0.000000000,false,disabled,84,0,103,3,7,0.009000000,0.003000000,0.001200000,0.006900000,0.002600000,0.000400000,0.270900000,0.015800000,0.393000000,0.010200000,0.005400000,0.109000000,0.000000000,0.000000000,0.011400000,0.838800000,0.011600000,3,1,7,7,3,0.197300000,0.008500000,0.082900000,0.096300000,0.027100000,0.012600000,true,true,0.040700000,0.045500000,0.002500000,0.007800000,0.088100000,103,103,0
1741,1,1,1920,1080,640,360,ultra-performance,0.002400000,0.022800000,0.204900000,0.002900000,0.267600000,0.027000000,0.137000000,0.811900000,0.171300000,1.649400000,1.647000000,1.647800000,0.001600000,0.005400000,0.038500000,0.010100000,0.150300000,0.002800000,0.056500000,0.002400000,0.206300000,0.000000000,0.000000000,false,disabled,84,0,103,3,7,0.006400000,0.003600000,0.001300000,0.007800000,0.003900000,0.000700000,0.463100000,0.032800000,0.105400000,0.018700000,0.007500000,0.134800000,0.000000000,0.000000000,0.011700000,0.797700000,0.014200000,3,1,7,7,3,0.089600000,0.003900000,0.038000000,0.044900000,0.012300000,0.008000000,true,true,0.018200000,0.019900000,0.001400000,0.004600000,0.039700000,103,103,0
1742,2,1,1920,1080,640,360,ultra-performance,0.889700000,0.030100000,0.455500000,0.007400000,0.317500000,0.031600000,0.137500000,0.650100000,0.172500000,2.693400000,1.803700000,2.691900000,0.001500000,0.003800000,0.019000000,0.010300000,0.421800000,0.006900000,0.090600000,0.002900000,0.221500000,0.000000000,0.000000000,false,disabled,84,0,103,3,7,0.006200000,0.003100000,0.001400000,0.007700000,0.002600000,0.000400000,0.409200000,0.019700000,0.094300000,0.008500000,0.004400000,0.068500000,0.000000000,0.000000000,0.011400000,0.637400000,0.012700000,3,1,7,7,3,0.092700000,0.004200000,0.040100000,0.048700000,0.015400000,0.008900000,true,true,0.019400000,0.020200000,0.001500000,0.004400000,0.040700000,103,103,0
1743,0,1,1920,1080,640,360,ultra-performance,0.001900000,0.022000000,0.190000000,0.003100000,0.261600000,0.025800000,0.129400000,0.525100000,0.165800000,1.326300000,1.324400000,1.324700000,0.001600000,0.003300000,0.018000000,0.010000000,0.158000000,0.002900000,0.054800000,0.002500000,0.202100000,0.000000000,0.000000000,false,disabled,84,0,103,3,7,0.006300000,0.002600000,0.001100000,0.007400000,0.002600000,0.000800000,0.341800000,0.017100000,0.042900000,0.009600000,0.004700000,0.066300000,0.000000000,0.000000000,0.011300000,0.514500000,0.010600000,3,1,7,7,3,0.089000000,0.003800000,0.038000000,0.042700000,0.012100000,0.007800000,true,true,0.018300000,0.020200000,0.002000000,0.003600000,0.039100000,103,103,0
1744,1,1,1920,1080,640,360,ultra-performance,1.317400000,0.025500000,0.183200000,0.003100000,0.266300000,0.025800000,0.130300000,0.732500000,0.162000000,2.847600000,1.530200000,2.846100000,0.001500000,0.003900000,0.019200000,0.010400000,0.149200000,0.002800000,0.052200000,0.002400000,0.209300000,0.000000000,0.000000000,false,disabled,84,0,103,3,7,0.006900000,0.002900000,0.001200000,0.007100000,0.002500000,0.000400000,0.392600000,0.012600000,0.210500000,0.008300000,0.004400000,0.063600000,0.000000000,0.000000000,0.011300000,0.724300000,0.008200000,3,1,7,7,3,0.089900000,0.003700000,0.039000000,0.046600000,0.012400000,0.008200000,true,true,0.017900000,0.020200000,0.001700000,0.003700000,0.040300000,103,103,0
1745,2,1,1920,1080,640,360,ultra-performance,0.737600000,0.025100000,0.180000000,0.002800000,0.258700000,0.024800000,0.120400000,0.784500000,0.170000000,2.305300000,1.567700000,2.303900000,0.001400000,0.003900000,0.018700000,0.010000000,0.146900000,0.002500000,0.051600000,0.002200000,0.202400000,0.000000000,0.000000000,false,disabled,84,0,103,3,7,0.005000000,0.002900000,0.001300000,0.007200000,0.007100000,0.001300000,0.344300000,0.022500000,0.228500000,0.014200000,0.008900000,0.118400000,0.000100000,0.000000000,0.011500000,0.773200000,0.011300000,3,1,7,7,3,0.086600000,0.003800000,0.037300000,0.045400000,0.012400000,0.007800000,true,true,0.018200000,0.019400000,0.001300000,0.003800000,0.038400000,103,103,0
1746,0,1,1920,1080,640,360,ultra-performance,0.373900000,0.026500000,0.204900000,0.002800000,0.293600000,0.025800000,0.122500000,0.552400000,0.169600000,1.773400000,1.399500000,1.772000000,0.001400000,0.003700000,0.018600000,0.009900000,0.172200000,0.002700000,0.052700000,0.002400000,0.234500000,0.000000000,0.000000000,false,disabled,84,0,103,3,7,0.005500000,0.002600000,0.001100000,0.007700000,0.002500000,0.000500000,0.403200000,0.012500000,0.019100000,0.006800000,0.004500000,0.064800000,0.000000000,0.000000000,0.011400000,0.542200000,0.010200000,3,1,7,7,3,0.089700000,0.004000000,0.038300000,0.068600000,0.014500000,0.009700000,true,true,0.018100000,0.019700000,0.001900000,0.003700000,0.040200000,103,103,0
1747,1,1,1920,1080,640,360,ultra-performance,1.159400000,0.037700000,0.221400000,0.005200000,0.410600000,0.038900000,0.202000000,0.911600000,0.162000000,3.150800000,1.991400000,3.148800000,0.002000000,0.007000000,0.035000000,0.015500000,0.162900000,0.004800000,0.059400000,0.005300000,0.342900000,0.000000000,0.000000000,false,disabled,84,0,103,3,7,0.011100000,0.006200000,0.001900000,0.009200000,0.006400000,0.001200000,0.529400000,0.027200000,0.043000000,0.019900000,0.007800000,0.196000000,0.000100000,0.000000000,0.026600000,0.886000000,0.025600000,3,1,7,7,3,0.134000000,0.006200000,0.058500000,0.090800000,0.017300000,0.014000000,true,true,0.036300000,0.028500000,0.002400000,0.005200000,0.054900000,103,103,0
1748,2,1,1920,1080,640,360,ultra-performance,0.001900000,0.022200000,0.212300000,0.003300000,0.310800000,0.030200000,0.132400000,0.749000000,0.159400000,1.622700000,1.620800000,1.621500000,0.001200000,0.003800000,0.021000000,0.012100000,0.174800000,0.003000000,0.053500000,0.003500000,0.251500000,0.000000000,0.000000000,false,disabled,84,0,103,3,7,0.009500000,0.002900000,0.001400000,0.007700000,0.002600000,0.000600000,0.380700000,0.015500000,0.148200000,0.010400000,0.004600000,0.140300000,0.000100000,0.000000000,0.011300000,0.735800000,0.013200000,3,1,7,7,3,0.101000000,0.003800000,0.054000000,0.051000000,0.012800000,0.008700000,true,true,0.019800000,0.024100000,0.001700000,0.004300000,0.045300000,103,103,0
1749,0,1,1920,1080,640,360,ultra-performance,0.845500000,0.023000000,0.189700000,0.002800000,0.266000000,0.025900000,0.122200000,0.670100000,0.153600000,2.300200000,1.454700000,2.298800000,0.001400000,0.003400000,0.018100000,0.010200000,0.157500000,0.002600000,0.056300000,0.002500000,0.204800000,0.000000000,0.000000000,false,disabled,84,0,103,3,7,0.008800000,0.002800000,0.001200000,0.007200000,0.002400000,0.000300000,0.366200000,0.033400000,0.083500000,0.013900000,0.005600000,0.124200000,0.000100000,0.000000000,0.011100000,0.660700000,0.009400000,3,1,7,7,3,0.089100000,0.003700000,0.038600000,0.043100000,0.012300000,0.007900000,true,true,0.018700000,0.021400000,0.001400000,0.003500000,0.038500000,103,103,0
1750,1,1,1920,1080,640,360,ultra-performance,0.590500000,0.029100000,0.230200000,0.003100000,0.417200000,0.027000000,0.128000000,0.524300000,0.154800000,2.105700000,1.515200000,2.104200000,0.001500000,0.003900000,0.018900000,0.010000000,0.196900000,0.002800000,0.052600000,0.002400000,0.359400000,0.000000000,0.000000000,false,disabled,84,0,103,3,7,0.005500000,0.003200000,0.001300000,0.007800000,0.003600000,0.000600000,0.227300000,0.024500000,0.126800000,0.012900000,0.007000000,0.079900000,0.000100000,0.000000000,0.010800000,0.511300000,0.013000000,3,1,7,7,3,0.097300000,0.004000000,0.078200000,0.146700000,0.013500000,0.008800000,true,true,0.018200000,0.019600000,0.001400000,0.004000000,0.048100000,103,103,0
1751,2,1,1920,1080,640,360,ultra-performance,0.731700000,0.022400000,0.180700000,0.002900000,0.256700000,0.032000000,0.121800000,0.711000000,0.173500000,2.234300000,1.502600000,2.232700000,0.001600000,0.003300000,0.018300000,0.010200000,0.148500000,0.002700000,0.051600000,0.002200000,0.200600000,0.000000000,0.000000000,false,disabled,84,0,103,3,7,0.007800000,0.002900000,0.001200000,0.007100000,0.003800000,0.000700000,0.351700000,0.024000000,0.186000000,0.011700000,0.006300000,0.080800000,0.000100000,0.000000000,0.011700000,0.695800000,0.015200000,3,1,7,7,3,0.086800000,0.003800000,0.037600000,0.043800000,0.011900000,0.008000000,true,true,0.018100000,0.019200000,0.001400000,0.003900000,0.038700000,103,103,0
1752,0,1,1920,1080,640,360,ultra-performance,0.435900000,0.018100000,0.187100000,0.002900000,0.258300000,0.024100000,0.112500000,0.566600000,0.152700000,1.759400000,1.323500000,1.758200000,0.001200000,0.003000000,0.017500000,0.009700000,0.156600000,0.002800000,0.054000000,0.002300000,0.199600000,0.000000000,0.000000000,false,disabled,84,0,103,3,7,0.006900000,0.013900000,0.001100000,0.006900000,0.002600000,0.000500000,0.359400000,0.014200000,0.054400000,0.007700000,0.004200000,0.074800000,0.000000000,0.000000000,0.011200000,0.557800000,0.008800000,3,1,7,7,3,0.093100000,0.003600000,0.035000000,0.040400000,0.011100000,0.007600000,true,true,0.018000000,0.025700000,0.002100000,0.002900000,0.038700000,103,103,0
1753,1,1,1920,1080,640,360,ultra-performance,1.054600000,0.025500000,0.179400000,0.002900000,0.261200000,0.026400000,0.120600000,0.540200000,0.155800000,2.368000000,1.313400000,2.366600000,0.001400000,0.003800000,0.018500000,0.009900000,0.146600000,0.002700000,0.052000000,0.002300000,0.204400000,0.000000000,0.000000000,false,disabled,84,0,103,3,7,0.005200000,0.002800000,0.001300000,0.007400000,0.002600000,0.000500000,0.345400000,0.019000000,0.040800000,0.011800000,0.006100000,0.075100000,0.000000000,0.000000000,0.011300000,0.529300000,0.010900000,3,1,7,7,3,0.088100000,0.004200000,0.037300000,0.045800000,0.012100000,0.007900000,true,true,0.017900000,0.019200000,0.001400000,0.003900000,0.039900000,103,103,0
1754,2,1,1920,1080,640,360,ultra-performance,0.563900000,0.026200000,0.188100000,0.003200000,0.268900000,0.026500000,0.126600000,0.719100000,0.158900000,2.082800000,1.518900000,2.081400000,0.001400000,0.003800000,0.018600000,0.009900000,0.155000000,0.002900000,0.053000000,0.002400000,0.211200000,0.000000000,0.000000000,false,disabled,84,0,103,3,7,0.006100000,0.003100000,0.001200000,0.007600000,0.002600000,0.000400000,0.401000000,0.020400000,0.149400000,0.011800000,0.006400000,0.087400000,0.000000000,0.000000000,0.011000000,0.708400000,0.010700000,3,1,7,7,3,0.089800000,0.004100000,0.038700000,0.047200000,0.013300000,0.008100000,true,true,0.018200000,0.019900000,0.001400000,0.004000000,0.040000000,103,103,0
1755,0,1,1920,1080,640,360,ultra-performance,0.822800000,0.023900000,0.183400000,0.003100000,0.269000000,0.026400000,0.132400000,0.618600000,0.165600000,2.246600000,1.423800000,2.245200000,0.001400000,0.003900000,0.019300000,0.010200000,0.149400000,0.002900000,0.052500000,0.002500000,0.211400000,0.000000000,0.000000000,false,disabled,84,0,103,3,7,0.005700000,0.003100000,0.001300000,0.007300000,0.002400000,0.000600000,0.363600000,0.014700000,0.104600000,0.009100000,0.004600000,0.079400000,0.000100000,0.000000000,0.011300000,0.607800000,0.010800000,3,1,7,7,3,0.089800000,0.004100000,0.040200000,0.046600000,0.012700000,0.008300000,true,true,0.018100000,0.019900000,0.001800000,0.003900000,0.040000000,103,103,0
1756,1,1,1920,1080,640,360,ultra-performance,0.883800000,0.025700000,0.181500000,0.002700000,0.268600000,0.026000000,0.122900000,0.696900000,0.161900000,2.371300000,1.487500000,2.370000000,0.001300000,0.003800000,0.018900000,0.010100000,0.148000000,0.002600000,0.052000000,0.002300000,0.211800000,0.000000000,0.000000000,false,disabled,84,0,103,3,7,0.008000000,0.002700000,0.001200000,0.007100000,0.003400000,0.000700000,0.368200000,0.017900000,0.161400000,0.010000000,0.006000000,0.089000000,0.000000000,0.000000000,0.011800000,0.687400000,0.009500000,3,1,7,7,3,0.093700000,0.004000000,0.038100000,0.045800000,0.012300000,0.008300000,true,true,0.018500000,0.024200000,0.001700000,0.003600000,0.039800000,103,103,0
1757,2,1,1920,1080,640,360,ultra-performance,0.512000000,0.024300000,0.182200000,0.002900000,0.265000000,0.026300000,0.123900000,0.738400000,0.159500000,2.035800000,1.523800000,2.034500000,0.001300000,0.003700000,0.019000000,0.010100000,0.148700000,0.002700000,0.051800000,0.002400000,0.208300000,0.000000000,0.000000000,false,disabled,84,0,103,3,7,0.004600000,0.002900000,0.001400000,0.006700000,0.003300000,0.000600000,0.348300000,0.017700000,0.224300000,0.010800000,0.006700000,0.080200000,0.000100000,0.000000000,0.011700000,0.719300000,0.019100000,3,1,7,7,3,0.088900000,0.004200000,0.038100000,0.046700000,0.013000000,0.008300000,true,true,0.018100000,0.019700000,0.001300000,0.003900000,0.039500000,103,103,0
1758,0,1,1920,1080,640,360,ultra-performance,0.827200000,0.027200000,0.227500000,0.003100000,0.269300000,0.026600000,0.124900000,0.552000000,0.158800000,2.217600000,1.390400000,2.216600000,0.001000000,0.003900000,0.023000000,0.015200000,0.184400000,0.002800000,0.052400000,0.002500000,0.212100000,0.000000000,0.000000000,false,disabled,84,0,103,3,7,0.005300000,0.002900000,0.001200000,0.008400000,0.002800000,0.000600000,0.342600000,0.016900000,0.061700000,0.008700000,0.004600000,0.076200000,0.000000000,0.000000000,0.011800000,0.543700000,0.008300000,3,1,7,7,3,0.092600000,0.004200000,0.037800000,0.046600000,0.012800000,0.008100000,true,true,0.018700000,0.020200000,0.001800000,0.004200000,0.041400000,103,103,0
1759,1,1,1920,1080,640,360,ultra-performance,0.586600000,0.026000000,0.188000000,0.003000000,0.264500000,0.025700000,0.132000000,0.664100000,0.172800000,2.064200000,1.477600000,2.062700000,0.001500000,0.005300000,0.018400000,0.009800000,0.153700000,0.002800000,0.052500000,0.002400000,0.207200000,0.000000000,0.000000000,false,disabled,84,0,103,3,7,0.004600000,0.002800000,0.001300000,0.007000000,0.002300000,0.000500000,0.395100000,0.012700000,0.123600000,0.007700000,0.004200000,0.080300000,0.000000000,0.000000000,0.011500000,0.653600000,0.010500000,3,1,7,7,3,0.089100000,0.004000000,0.038300000,0.045800000,0.012800000,0.008000000,true,true,0.018400000,0.019600000,0.001300000,0.004000000,0.039600000,103,103,0
1760,2,1,1920,1080,640,360,ultra-performance,0.795700000,0.026200000,0.404600000,0.005900000,0.585200000,0.032200000,0.123300000,0.927400000,0.183200000,3.085100000,2.289400000,3.083700000,0.001400000,0.003800000,0.018900000,0.023400000,0.357300000,0.005400000,0.116800000,0.005000000,0.457900000,0.000000000,0.000000000,false,disabled,84,0,103,3,7,0.005900000,0.002900000,0.001400000,0.007200000,0.002900000,0.000500000,0.551800000,0.034300000,0.132400000,0.024900000,0.009200000,0.127100000,0.000000000,0.000000000,0.011400000,0.911900000,0.015500000,3,1,7,7,3,0.198000000,0.009300000,0.082800000,0.101800000,0.027900000,0.017600000,true,true,0.040500000,0.045300000,0.002300000,0.007600000,0.089000000,103,103,0
1761,0,1,1920,1080,640,360,ultra-performance,0.001900000,0.021100000,0.177600000,0.002600000,0.263000000,0.026000000,0.122400000,0.605600000,0.340600000,1.562100000,1.560200000,1.560800000,0.001300000,0.003000000,0.017600000,0.009600000,0.146700000,0.002300000,0.051900000,0.002600000,0.205800000,0.000000000,0.000000000,false,disabled,84,0,103,3,7,0.005000000,0.002700000,0.001300000,0.007300000,0.002600000,0.000500000,0.411900000,0.015500000,0.040000000,0.009000000,0.004600000,0.082000000,0.000100000,0.000000000,0.013600000,0.596100000,0.009500000,3,1,7,7,3,0.095500000,0.003900000,0.036700000,0.041400000,0.012100000,0.007700000,true,true,0.025600000,0.019400000,0.001500000,0.003400000,0.039900000,103,103,0
1762,1,1,1920,1080,640,360,ultra-performance,0.369200000,0.022800000,0.185700000,0.002600000,0.257300000,0.026700000,0.121200000,0.581000000,0.149800000,1.717500000,1.348300000,1.716300000,0.001200000,0.003300000,0.017200000,0.009700000,0.155000000,0.002400000,0.053700000,0.002200000,0.199200000,0.000000000,0.000000000,false,disabled,84,0,103,3,7,0.006000000,0.002800000,0.001100000,0.007100000,0.002300000,0.000400000,0.337600000,0.013600000,0.116400000,0.008300000,0.004000000,0.061600000,0.000000000,0.000000000,0.011800000,0.573000000,0.008000000,3,1,7,7,3,0.089300000,0.004000000,0.036300000,0.041300000,0.012000000,0.007500000,true,true,0.018200000,0.020000000,0.001300000,0.003400000,0.040700000,103,103,0
1763,2,1,1920,1080,640,360,ultra-performance,0.816100000,0.028500000,0.211000000,0.002900000,0.278500000,0.033000000,0.156500000,0.781500000,0.161700000,2.471300000,1.655200000,2.469700000,0.001600000,0.004800000,0.026000000,0.011200000,0.168300000,0.002700000,0.052100000,0.002500000,0.221100000,0.000000000,0.000000000,false,disabled,84,0,103,3,7,0.006900000,0.003400000,0.001600000,0.008000000,0.003500000,0.000600000,0.456100000,0.021100000,0.151400000,0.010200000,0.006500000,0.086100000,0.000000000,0.000000000,0.012400000,0.767800000,0.013700000,3,1,7,7,3,0.098400000,0.006200000,0.039100000,0.046900000,0.012900000,0.008100000,true,true,0.018200000,0.019400000,0.001300000,0.003700000,0.047400000,103,103,0
1764,0,1,1920,1080,640,360,ultra-performance,0.854000000,0.024000000,0.413500000,0.005600000,0.578600000,0.025900000,0.128000000,0.582600000,0.168100000,2.781800000,1.927800000,2.780300000,0.001500000,0.008400000,0.039100000,0.021500000,0.343700000,0.005100000,0.123000000,0.004900000,0.448100000,0.000000000,0.000000000,false,disabled,84,0,103,3,7,0.007800000,0.002700000,0.001200000,0.007200000,0.002700000,0.000600000,0.319600000,0.017300000,0.126300000,0.007100000,0.004000000,0.063200000,0.000100000,0.000000000,0.012700000,0.572500000,0.010100000,3,1,7,7,3,0.199400000,0.008600000,0.082300000,0.096400000,0.027300000,0.014500000,true,true,0.039400000,0.045900000,0.002400000,0.008100000,0.090400000,103,103,0
1765,1,1,1920,1080,640,360,ultra-performance,0.001700000,0.023600000,0.226200000,0.003000000,0.269600000,0.026500000,0.131500000,0.579300000,0.160700000,1.423500000,1.421800000,1.422100000,0.001400000,0.004000000,0.023300000,0.012300000,0.185900000,0.002700000,0.051700000,0.002200000,0.213100000,0.000000000,0.000000000,false,disabled,84,0,103,3,7,0.007000000,0.003700000,0.001700000,0.009300000,0.002600000,0.000600000,0.392800000,0.018400000,0.030100000,0.008900000,0.004400000,0.078500000,0.000100000,0.000000000,0.012800000,0.570900000,0.008400000,3,1,7,7,3,0.097500000,0.003900000,0.037800000,0.044100000,0.012600000,0.008000000,true,true,0.018100000,0.019600000,0.001400000,0.003900000,0.048800000,103,103,0
1766,2,1,1920,1080,640,360,ultra-performance,0.972100000,0.028000000,0.182000000,0.002400000,0.262400000,0.025800000,0.122900000,0.716500000,0.319500000,2.634400000,1.662300000,2.631600000,0.002800000,0.003900000,0.019300000,0.010600000,0.147800000,0.002200000,0.052200000,0.002200000,0.205600000,0.000000000,0.000000000,false,disabled,84,0,103,3,7,0.004700000,0.002900000,0.001300000,0.007000000,0.007100000,0.001200000,0.415100000,0.027000000,0.045000000,0.014200000,0.008800000,0.139100000,0.000100000,0.000000000,0.026800000,0.700300000,0.016200000,3,1,7,7,3,0.089700000,0.003900000,0.036700000,0.045300000,0.012400000,0.007900000,true,true,0.017900000,0.020700000,0.001800000,0.003500000,0.040000000,103,103,0
1767,0,1,1920,1080,640,360,ultra-performance,0.393900000,0.024700000,0.182000000,0.002900000,0.269200000,0.026100000,0.128400000,0.528600000,0.171100000,1.728400000,1.334500000,1.726900000,0.001500000,0.003800000,0.018800000,0.010300000,0.148600000,0.002800000,0.053500000,0.002400000,0.210500000,0.000000000,0.000000000,false,disabled,84,0,103,3,7,0.004500000,0.002900000,0.001300000,0.007500000,0.002800000,0.000600000,0.249500000,0.016100000,0.143800000,0.008600000,0.003800000,0.065500000,0.000000000,0.000000000,0.012600000,0.519500000,0.009100000,3,1,7,7,3,0.089900000,0.003900000,0.039200000,0.046600000,0.013300000,0.008300000,true,true,0.018300000,0.019800000,0.001600000,0.003600000,0.040200000,103,103,0
1768,1,1,1920,1080,640,360,ultra-performance,1.303900000,0.027200000,0.182300000,0.002900000,0.277100000,0.026500000,0.135900000,0.719500000,0.164600000,2.841700000,1.537800000,2.839900000,0.001800000,0.004200000,0.018800000,0.010200000,0.148700000,0.002800000,0.058500000,0.002500000,0.213400000,0.000000000,0.000000000,false,disabled,84,0,103,3,7,0.007000000,0.003500000,0.001300000,0.007600000,0.002800000,0.000600000,0.370900000,0.018100000,0.188900000,0.009400000,0.004900000,0.080700000,0.000100000,0.000000000,0.013300000,0.709100000,0.010400000,3,1,7,7,3,0.091000000,0.004000000,0.039000000,0.047300000,0.013000000,0.008600000,true,true,0.018200000,0.020200000,0.001400000,0.004000000,0.040600000,103,103,0
1769,2,1,1920,1080,640,360,ultra-performance,0.755400000,0.026500000,0.182200000,0.002800000,0.265800000,0.025800000,0.135000000,0.651300000,0.160500000,2.206700000,1.451300000,2.205300000,0.001400000,0.003900000,0.018900000,0.010200000,0.148700000,0.002600000,0.052800000,0.002300000,0.208100000,0.000000000,0.000000000,false,disabled,84,0,103,3,7,0.008100000,0.003100000,0.001400000,0.007300000,0.003500000,0.000700000,0.428500000,0.021600000,0.050100000,0.009500000,0.005700000,0.085200000,0.000000000,0.000000000,0.013000000,0.637700000,0.013600000,3,1,7,7,3,0.088900000,0.004100000,0.038000000,0.046800000,0.013000000,0.008300000,true,true,0.018700000,0.019300000,0.001300000,0.003800000,0.039800000,103,103,0
1770,0,1,1920,1080,640,360,ultra-performance,0.669000000,0.024400000,0.180700000,0.002800000,0.264700000,0.025500000,0.123400000,0.702700000,0.157500000,2.151900000,1.482900000,2.150700000,0.001200000,0.003900000,0.018700000,0.010000000,0.147600000,0.002600000,0.052500000,0.002500000,0.207000000,0.000000000,0.000000000,false,disabled,84,0,103,3,7,0.006700000,0.002800000,0.001200000,0.007400000,0.003500000,0.001000000,0.381900000,0.018900000,0.152700000,0.010700000,0.006200000,0.083600000,0.000100000,0.000000000,0.013100000,0.689800000,0.012900000,3,1,7,7,3,0.089400000,0.004000000,0.037600000,0.046100000,0.012200000,0.008200000,true,true,0.018200000,0.019400000,0.001400000,0.004100000,0.040300000,103,103,0
1771,1,1,1920,1080,640,360,ultra-performance,0.812600000,0.025600000,0.293400000,0.002800000,0.262600000,0.025000000,0.121700000,0.593300000,0.160800000,2.299600000,1.487000000,2.297800000,0.001800000,0.003800000,0.018400000,0.010200000,0.260500000,0.002700000,0.052300000,0.002700000,0.204800000,0.000000000,0.000000000,false,disabled,84,0,103,3,7,0.007100000,0.002800000,0.001200000,0.007200000,0.002500000,0.000600000,0.394300000,0.016600000,0.053400000,0.008500000,0.004500000,0.073800000,0.000100000,0.000000000,0.012500000,0.585100000,0.008200000,3,1,7,7,3,0.087600000,0.004000000,0.038000000,0.045500000,0.012300000,0.008000000,true,true,0.018200000,0.019700000,0.001300000,0.003900000,0.038700000,103,103,0
1772,2,1,1920,1080,640,360,ultra-performance,0.476500000,0.021500000,0.178700000,0.002800000,0.258400000,0.024700000,0.130500000,0.680100000,0.361400000,2.137300000,1.660800000,2.134600000,0.002700000,0.003300000,0.017900000,0.009700000,0.147200000,0.002500000,0.052300000,0.002400000,0.201300000,0.000000000,0.000000000,false,disabled,84,0,103,3,7,0.005200000,0.002900000,0.001300000,0.007200000,0.002400000,0.000600000,0.415000000,0.020000000,0.086900000,0.009800000,0.006300000,0.079900000,0.000100000,0.000000000,0.027100000,0.664700000,0.015400000,3,1,7,7,3,0.087100000,0.004000000,0.037300000,0.043600000,0.012100000,0.008300000,true,true,0.017800000,0.019400000,0.001400000,0.003700000,0.038900000,103,103,0
1773,0,1,1920,1080,640,360,ultra-performance,0.931600000,0.027300000,0.181600000,0.003000000,0.267100000,0.027100000,0.125600000,0.694400000,0.159500000,2.418500000,1.486900000,2.417200000,0.001300000,0.004000000,0.018700000,0.010400000,0.148100000,0.002700000,0.052600000,0.002400000,0.209600000,0.000000000,0.000000000,false,disabled,84,0,103,3,7,0.006900000,0.002800000,0.001400000,0.007200000,0.002500000,0.000400000,0.364900000,0.018600000,0.176100000,0.011100000,0.004900000,0.075200000,0.000100000,0.000000000,0.012800000,0.684900000,0.009500000,3,1,7,7,3,0.089500000,0.004200000,0.039000000,0.046600000,0.012700000,0.008300000,true,true,0.018200000,0.019500000,0.001700000,0.003800000,0.040000000,103,103,0
1774,1,1,1920,1080,640,360,ultra-performance,0.514600000,0.024300000,0.181000000,0.003000000,0.280400000,0.027200000,0.136000000,0.788000000,0.176900000,2.133400000,1.618800000,2.131400000,0.002000000,0.003800000,0.018600000,0.010400000,0.147700000,0.002900000,0.056400000,0.002400000,0.219000000,0.000000000,0.000000000,false,disabled,84,0,103,3,7,0.005300000,0.003100000,0.001300000,0.007300000,0.002800000,0.000700000,0.423700000,0.023000000,0.161900000,0.011600000,0.006000000,0.114400000,0.000000000,0.000000000,0.012700000,0.773800000,0.014200000,3,1,7,7,3,0.096400000,0.004400000,0.039700000,0.047200000,0.013200000,0.008500000,true,true,0.018300000,0.019700000,0.001300000,0.004300000,0.044500000,103,103,0
1775,2,1,1920,1080,640,360,ultra-performance,0.685700000,0.027300000,0.182400000,0.003000000,0.270500000,0.027100000,0.127300000,0.605300000,0.174500000,2.104600000,1.418900000,2.103100000,0.001500000,0.003800000,0.019100000,0.010600000,0.148400000,0.002800000,0.052600000,0.002500000,0.212700000,0.000000000,0.000000000,false,disabled,84,0,103,3,7,0.006900000,0.003400000,0.001300000,0.007300000,0.002800000,0.000600000,0.322900000,0.018400000,0.139000000,0.007200000,0.003800000,0.067000000,0.000000000,0.000000000,0.013500000,0.594100000,0.011200000,3,1,7,7,3,0.091400000,0.004300000,0.038600000,0.047000000,0.013500000,0.008700000,true,true,0.019000000,0.019800000,0.001700000,0.004000000,0.040800000,103,103,0
1776,0,1,1920,1080,640,360,ultra-performance,0.633800000,0.024600000,0.179700000,0.003300000,0.263400000,0.026800000,0.126300000,0.562800000,0.153700000,1.975600000,1.341800000,1.974400000,0.001200000,0.003600000,0.018000000,0.009800000,0.147800000,0.003100000,0.052000000,0.002300000,0.206600000,0.000000000,0.000000000,false,disabled,84,0,103,3,7,0.006400000,0.003100000,0.001200000,0.007100000,0.002400000,0.000600000,0.347200000,0.015000000,0.075000000,0.009200000,0.004300000,0.066700000,0.000000000,0.000000000,0.012300000,0.550500000,0.012300000,3,1,7,7,3,0.089500000,0.003900000,0.037800000,0.045100000,0.012600000,0.008000000,true,true,0.017900000,0.020200000,0.001700000,0.004200000,0.039400000,103,103,0
1777,1,1,1920,1080,640,360,ultra-performance,0.935300000,0.028500000,0.181800000,0.003100000,0.269200000,0.027300000,0.127700000,0.629800000,0.157700000,2.361700000,1.426400000,2.360400000,0.001300000,0.003700000,0.018400000,0.010600000,0.148500000,0.002800000,0.053200000,0.002600000,0.210600000,0.000000000,0.000000000,false,disabled,84,0,103,3,7,0.007600000,0.002900000,0.001600000,0.007200000,0.002600000,0.000500000,0.377500000,0.017100000,0.104000000,0.009300000,0.004800000,0.073900000,0.000100000,0.000000000,0.012200000,0.621300000,0.008500000,3,1,7,7,3,0.089600000,0.004100000,0.039200000,0.046800000,0.013000000,0.008400000,true,true,0.018600000,0.020000000,0.001600000,0.003900000,0.039400000,103,103,0
1778,2,1,1920,1080,640,360,ultra-performance,0.592000000,0.061400000,0.434900000,0.008200000,0.408700000,0.062500000,0.159100000,0.499900000,0.166400000,2.394400000,1.802400000,2.393100000,0.001300000,0.011400000,0.055800000,0.026400000,0.339300000,0.007500000,0.078900000,0.004600000,0.322100000,0.000000000,0.000000000,false,disabled,84,0,103,3,7,0.005000000,0.003300000,0.001200000,0.008000000,0.002400000,0.000500000,0.322900000,0.018800000,0.021300000,0.008900000,0.004400000,0.079000000,0.000000000,0.000000000,0.014800000,0.490500000,0.009400000,3,1,7,7,3,0.125100000,0.005500000,0.053600000,0.084600000,0.016900000,0.013000000,true,true,0.030900000,0.025700000,0.002200000,0.004800000,0.054200000,103,103,0
1779,0,1,1920,1080,640,360,ultra-performance,0.669700000,0.024000000,0.385600000,0.006900000,0.605800000,0.054400000,0.162100000,0.581400000,0.157000000,2.648200000,1.978500000,2.646900000,0.001300000,0.004100000,0.020000000,0.021900000,0.338600000,0.006600000,0.122800000,0.006100000,0.471800000,0.000000000,0.000000000,false,disabled,84,0,103,3,7,0.004700000,0.002800000,0.001200000,0.007800000,0.002000000,0.000500000,0.432900000,0.016500000,0.001600000,0.007900000,0.004100000,0.080700000,0.000100000,0.000000000,0.011800000,0.574600000,0.006800000,3,1,7,7,3,0.203400000,0.009200000,0.086900000,0.100100000,0.028600000,0.018300000,true,true,0.040300000,0.045200000,0.002300000,0.008300000,0.094100000,103,103,0
1780,1,1,1920,1080,640,360,ultra-performance,0.001700000,0.020500000,0.181500000,0.003000000,0.279800000,0.026300000,0.121900000,0.658700000,0.162700000,1.457400000,1.455700000,1.456100000,0.001300000,0.003700000,0.019800000,0.010600000,0.146700000,0.002600000,0.052100000,0.003400000,0.221900000,0.000000000,0.000000000,false,disabled,84,0,103,3,7,0.004600000,0.002700000,0.001100000,0.007300000,0.003400000,0.000600000,0.463700000,0.019900000,0.048200000,0.009200000,0.005700000,0.071100000,0.000000000,0.000000000,0.012800000,0.650300000,0.008400000,3,1,7,7,3,0.093700000,0.006200000,0.040600000,0.044900000,0.012100000,0.008000000,true,true,0.018000000,0.020400000,0.001200000,0.003800000,0.041700000,103,103,0
1781,2,1,1920,1080,640,360,ultra-performance,1.182900000,0.028500000,0.179900000,0.003000000,0.280800000,0.026600000,0.134600000,0.696200000,0.168800000,2.702400000,1.519500000,2.701300000,0.001100000,0.003700000,0.018000000,0.010200000,0.147300000,0.002700000,0.054900000,0.002400000,0.221000000,0.000000000,0.000000000,false,disabled,84,0,103,3,7,0.004500000,0.003100000,0.001300000,0.007700000,0.003400000,0.000600000,0.412800000,0.026700000,0.111000000,0.010900000,0.005900000,0.087000000,0.000100000,0.000000000,0.013000000,0.688000000,0.008200000,3,1,7,7,3,0.094300000,0.004000000,0.038000000,0.046900000,0.020400000,0.008200000,true,true,0.020600000,0.021800000,0.001900000,0.004600000,0.039400000,103,103,0
1782,0,1,1920,1080,640,360,ultra-performance,1.080000000,0.046100000,0.411400000,0.006700000,0.431700000,0.027200000,0.128500000,0.742700000,0.203000000,3.080300000,2.000300000,3.077300000,0.003000000,0.008200000,0.040100000,0.023000000,0.339100000,0.006200000,0.118500000,0.005300000,0.304900000,0.000000000,0.000000000,false,disabled,84,0,103,3,7,0.004700000,0.002900000,0.001300000,0.007700000,0.007100000,0.001500000,0.396500000,0.027000000,0.024900000,0.014900000,0.010000000,0.199800000,0.000000000,0.000000000,0.027800000,0.726100000,0.016600000,3,1,7,7,3,0.172000000,0.004100000,0.039500000,0.048100000,0.013200000,0.008500000,true,true,0.040300000,0.044400000,0.002300000,0.007900000,0.070100000,103,103,0
1783,1,1,1920,1080,640,360,ultra-performance,0.001700000,0.019100000,0.200000000,0.003300000,0.269300000,0.025900000,0.124800000,0.773900000,0.171200000,1.591000000,1.589300000,1.589200000,0.001800000,0.003200000,0.017900000,0.009500000,0.168800000,0.003000000,0.053200000,0.002600000,0.210900000,0.000000000,0.000000000,false,disabled,84,0,103,3,7,0.004700000,0.002800000,0.001200000,0.007700000,0.002800000,0.000500000,0.423900000,0.015000000,0.196000000,0.011500000,0.004800000,0.074900000,0.000000000,0.000000000,0.012300000,0.758100000,0.015800000,3,1,7,7,3,0.089900000,0.004000000,0.038800000,0.047000000,0.012600000,0.008100000,true,true,0.018600000,0.019800000,0.001600000,0.004000000,0.039700000,103,103,0
1784,2,1,1920,1080,640,360,ultra-performance,0.606000000,0.024300000,0.179400000,0.003000000,0.260700000,0.025100000,0.121400000,0.552900000,0.147700000,1.921800000,1.315800000,1.920500000,0.001300000,0.003200000,0.018500000,0.010300000,0.146900000,0.002800000,0.052700000,0.002500000,0.203200000,0.000000000,0.000000000,false,disabled,84,0,103,3,7,0.007600000,0.002800000,0.001200000,0.007300000,0.002500000,0.000400000,0.350900000,0.013000000,0.074800000,0.007300000,0.004500000,0.058600000,0.000000000,0.000000000,0.012300000,0.543200000,0.009700000,3,1,7,7,3,0.088600000,0.003900000,0.037600000,0.043100000,0.012700000,0.008100000,true,true,0.017800000,0.019700000,0.001400000,0.003300000,0.040700000,103,103,0
1785,0,1,1920,1080,640,360,ultra-performance,0.666400000,0.019300000,0.179200000,0.002900000,0.255200000,0.025600000,0.120800000,0.633800000,0.151600000,2.056300000,1.389900000,2.054800000,0.001500000,0.003100000,0.018000000,0.010100000,0.147700000,0.002700000,0.051700000,0.002100000,0.199200000,0.000000000,0.000000000,false,disabled,84,0,103,3,7,0.006500000,0.002600000,0.001200000,0.007400000,0.002200000,0.000400000,0.445000000,0.013700000,0.051400000,0.008100000,0.004200000,0.068200000,0.000100000,0.000000000,0.012400000,0.623400000,0.010400000,3,1,7,7,3,0.088400000,0.003800000,0.036400000,0.041800000,0.012100000,0.007900000,true,true,0.018300000,0.019300000,0.002600000,0.003200000,0.039300000,103,103,0
1786,1,1,1920,1080,640,360,ultra-performance,1.086600000,0.025600000,0.180700000,0.003000000,0.276900000,0.026300000,0.124700000,0.611700000,0.187900000,2.524900000,1.438300000,2.523400000,0.001500000,0.003900000,0.018300000,0.009900000,0.148200000,0.002800000,0.053400000,0.002400000,0.218200000,0.000000000,0.000000000,false,disabled,84,0,103,3,7,0.006600000,0.003000000,0.001200000,0.007600000,0.002100000,0.000400000,0.471600000,0.013100000,0.005200000,0.007000000,0.004400000,0.068300000,0.000000000,0.000000000,0.011800000,0.602300000,0.009400000,3,1,7,7,3,0.097800000,0.004100000,0.038900000,0.046800000,0.012700000,0.008300000,true,true,0.017900000,0.020200000,0.001300000,0.003800000,0.048000000,103,103,0
1787,2,1,1920,1080,640,360,ultra-performance,0.594900000,0.027200000,0.180700000,0.002800000,0.275500000,0.026000000,0.125000000,0.579800000,0.167900000,1.981300000,1.386400000,1.979800000,0.001500000,0.003800000,0.018500000,0.009900000,0.148000000,0.002700000,0.052300000,0.002400000,0.218400000,0.000000000,0.000000000,false,disabled,84,0,103,3,7,0.005500000,0.002900000,0.001300000,0.007300000,0.002700000,0.000800000,0.367600000,0.018600000,0.069900000,0.010100000,0.004700000,0.063900000,0.000000000,0.000000000,0.012100000,0.567400000,0.012400000,3,1,7,7,3,0.098800000,0.004000000,0.038400000,0.047100000,0.012700000,0.008100000,true,true,0.018400000,0.019100000,0.001400000,0.003900000,0.050100000,103,103,0
1788,0,1,1920,1080,640,360,ultra-performance,1.232000000,0.040300000,0.273600000,0.002900000,0.267500000,0.026700000,0.130700000,0.734300000,0.158600000,2.868300000,1.636300000,2.866600000,0.001700000,0.007000000,0.039100000,0.022200000,0.204500000,0.002700000,0.052300000,0.002800000,0.209700000,0.000000000,0.000000000,false,disabled,84,0,103,3,7,0.007400000,0.002700000,0.001200000,0.007400000,0.002400000,0.000400000,0.364900000,0.014600000,0.226200000,0.008500000,0.004200000,0.074300000,0.000100000,0.000000000,0.011900000,0.726200000,0.008100000,3,1,7,7,3,0.091200000,0.004000000,0.038300000,0.045400000,0.012900000,0.008800000,true,true,0.018000000,0.019400000,0.001600000,0.003700000,0.042400000,103,103,0
1789,1,1,1920,1080,640,360,ultra-performance,0.254600000,0.023200000,0.184800000,0.003000000,0.265700000,0.027000000,0.131900000,0.757800000,0.164500000,1.814100000,1.559500000,1.812500000,0.001600000,0.003300000,0.024800000,0.009700000,0.146500000,0.002800000,0.052700000,0.002400000,0.208100000,0.000000000,0.000000000,false,disabled,84,0,103,3,7,0.004800000,0.003000000,0.001400000,0.007100000,0.003700000,0.000900000,0.381100000,0.023000000,0.209100000,0.011600000,0.006200000,0.079500000,0.000100000,0.000000000,0.012200000,0.743700000,0.014100000,3,1,7,7,3,0.088500000,0.004100000,0.038600000,0.046800000,0.012800000,0.008300000,true,true,0.018300000,0.019800000,0.001300000,0.002700000,0.040400000,103,103,0
1790,2,1,1920,1080,640,360,ultra-performance,0.792700000,0.029400000,0.180700000,0.003100000,0.267800000,0.026700000,0.125300000,0.687100000,0.157600000,2.272000000,1.479300000,2.270400000,0.001600000,0.003300000,0.018500000,0.010200000,0.148000000,0.002900000,0.052600000,0.002700000,0.209900000,0.000000000,0.000000000,false,disabled,84,0,103,3,7,0.008600000,0.003000000,0.001200000,0.007300000,0.002600000,0.000600000,0.349100000,0.021500000,0.172600000,0.010200000,0.004700000,0.081900000,0.000100000,0.000000000,0.012900000,0.676300000,0.010800000,3,1,7,7,3,0.091500000,0.003900000,0.038600000,0.044700000,0.013100000,0.008400000,true,true,0.018900000,0.019600000,0.001600000,0.004100000,0.041300000,103,103,0
1791,0,1,1920,1080,640,360,ultra-performance,0.914900000,0.025900000,0.181400000,0.002600000,0.267700000,0.026800000,0.125900000,0.619100000,0.179200000,2.345300000,1.430400000,2.343500000,0.001800000,0.003800000,0.019100000,0.010700000,0.147200000,0.002400000,0.052600000,0.002300000,0.210200000,0.000000000,0.000000000,false,disabled,84,0,103,3,7,0.007200000,0.002900000,0.001200000,0.007300000,0.002400000,0.000600000,0.347500000,0.013600000,0.132100000,0.007700000,0.004600000,0.069800000,0.000000000,0.000000000,0.012200000,0.609100000,0.010000000,3,1,7,7,3,0.091100000,0.004000000,0.038700000,0.046400000,0.012600000,0.008000000,true,true,0.018000000,0.020400000,0.002700000,0.003700000,0.040300000,103,103,0
1792,1,1,1920,1080,640,360,ultra-performance,0.583000000,0.021400000,0.185000000,0.002800000,0.258300000,0.025300000,0.119700000,0.773300000,0.220900000,2.191300000,1.608300000,2.189700000,0.001600000,0.003300000,0.017200000,0.009800000,0.154300000,0.002700000,0.053700000,0.002100000,0.200300000,0.000000000,0.000000000,false,disabled,84,0,103,3,7,0.008100000,0.003100000,0.001200000,0.007200000,0.003400000,0.000700000,0.379300000,0.027100000,0.147500000,0.015500000,0.006900000,0.148600000,0.000000000,0.000000000,0.013200000,0.761800000,0.011500000,3,1,7,7,3,0.089100000,0.004100000,0.036900000,0.041600000,0.012000000,0.008100000,true,true,0.017700000,0.020000000,0.002600000,0.003500000,0.039500000,103,103,0
1793,2,1,1920,1080,640,360,ultra-performance,0.761500000,0.026900000,0.395800000,0.005600000,0.592900000,0.053600000,0.156000000,0.732700000,0.172600000,2.899500000,2.138000000,2.897600000,0.001900000,0.003800000,0.039000000,0.021800000,0.330100000,0.005300000,0.115800000,0.004900000,0.467100000,0.000000000,0.000000000,false,disabled,84,0,103,3,7,0.005200000,0.003000000,0.001200000,0.009500000,0.003300000,0.000600000,0.342700000,0.023700000,0.209400000,0.010200000,0.005800000,0.093200000,0.000100000,0.000000000,0.015300000,0.723200000,0.009500000,3,1,7,7,3,0.212000000,0.009100000,0.081900000,0.100800000,0.026700000,0.017200000,true,true,0.040900000,0.043200000,0.002400000,0.015100000,0.096700000,103,103,0
1794,0,1,1920,1080,640,360,ultra-performance,0.001900000,0.022600000,0.190600000,0.002800000,0.260800000,0.025700000,0.138300000,0.471500000,0.158500000,1.274100000,1.272200000,1.272700000,0.001400000,0.003300000,0.018000000,0.009800000,0.159000000,0.002700000,0.052200000,0.002300000,0.203700000,0.000000000,0.000000000,false,disabled,84,0,103,3,7,0.005000000,0.002700000,0.001200000,0.006900000,0.002000000,0.000400000,0.347000000,0.013500000,0.004000000,0.006900000,0.003800000,0.058700000,0.000000000,0.000000000,0.012100000,0.464200000,0.007300000,3,1,7,7,3,0.089300000,0.004000000,0.037200000,0.043700000,0.012600000,0.008100000,true,true,0.017700000,0.020000000,0.001400000,0.003700000,0.040100000,103,103,0
1795,1,1,1920,1080,640,360,ultra-performance,0.912500000,0.026000000,0.180300000,0.002500000,0.255600000,0.025600000,0.121900000,0.956100000,0.295400000,2.779500000,1.867000000,2.775900000,0.003600000,0.003800000,0.018800000,0.010500000,0.146500000,0.002400000,0.051500000,0.002400000,0.199300000,0.000000000,0.000000000,false,disabled,84,0,103,3,7,0.004500000,0.002800000,0.001300000,0.006900000,0.007300000,0.001700000,0.504200000,0.035000000,0.075200000,0.029300000,0.013700000,0.207100000,0.000000000,0.000000000,0.033200000,0.922200000,0.033900000,3,1,7,7,3,0.086400000,0.003900000,0.035900000,0.044800000,0.011800000,0.007700000,true,true,0.017800000,0.019100000,0.001400000,0.004000000,0.038400000,103,103,0
1796,2,1,1920,1080,640,360,ultra-performance,0.002100000,0.019400000,0.199200000,0.002800000,0.275700000,0.027900000,0.121700000,0.568000000,0.158800000,1.377300000,1.375200000,1.375600000,0.001700000,0.003100000,0.019200000,0.010100000,0.166400000,0.002300000,0.054200000,0.002200000,0.217100000,0.000000000,0.000000000,false,disabled,84,0,103,3,7,0.008700000,0.003100000,0.001100000,0.007400000,0.002200000,0.000500000,0.423800000,0.013900000,0.001300000,0.007400000,0.004400000,0.071400000,0.000000000,0.000000000,0.012700000,0.557900000,0.010100000,3,1,7,7,3,0.104600000,0.004000000,0.038500000,0.040700000,0.011400000,0.007900000,true,true,0.022100000,0.025300000,0.001500000,0.003800000,0.045700000,103,103,0
1797,0,1,1920,1080,640,360,ultra-performance,1.383400000,0.024800000,0.182500000,0.002900000,0.264500000,0.033400000,0.124500000,0.714400000,0.164600000,2.896500000,1.513100000,2.895000000,0.001500000,0.004100000,0.019500000,0.010200000,0.148200000,0.002700000,0.053000000,0.002400000,0.206700000,0.000000000,0.000000000,false,disabled,84,0,103,3,7,0.006800000,0.002700000,0.001300000,0.007000000,0.003300000,0.000600000,0.389200000,0.019100000,0.160400000,0.010700000,0.005800000,0.086100000,0.000000000,0.000000000,0.013000000,0.706000000,0.008400000,3,1,7,7,3,0.088700000,0.004000000,0.037700000,0.046300000,0.012500000,0.008000000,true,true,0.017900000,0.019600000,0.001400000,0.003900000,0.039700000,103,103,0
1798,1,1,1920,1080,640,360,ultra-performance,0.459100000,0.028200000,0.194800000,0.003100000,0.265400000,0.025300000,0.152100000,0.504000000,0.175100000,1.808600000,1.349500000,1.807100000,0.001500000,0.004400000,0.018400000,0.011800000,0.159300000,0.002900000,0.053000000,0.002400000,0.207500000,0.000000000,0.000000000,false,disabled,84,0,103,3,7,0.006600000,0.003100000,0.001300000,0.008500000,0.002600000,0.000600000,0.289700000,0.020500000,0.056000000,0.009900000,0.005400000,0.077600000,0.000000000,0.000000000,0.013000000,0.494800000,0.009200000,3,1,7,7,3,0.087800000,0.004000000,0.038300000,0.046300000,0.013400000,0.008200000,true,true,0.017900000,0.019900000,0.001300000,0.002700000,0.039500000,103,103,0
1799,2,1,1920,1080,640,360,ultra-performance,0.912600000,0.027700000,0.193400000,0.003000000,0.273500000,0.026000000,0.125300000,0.574300000,0.172800000,2.310000000,1.397400000,2.308600000,0.001400000,0.013200000,0.020900000,0.010100000,0.148400000,0.002800000,0.053000000,0.002400000,0.215600000,0.000000000,0.000000000,false,disabled,84,0,103,3,7,0.004700000,0.003000000,0.001200000,0.007800000,0.003500000,0.000700000,0.233800000,0.019600000,0.175200000,0.011300000,0.006500000,0.080000000,0.000000000,0.000000000,0.012600000,0.559900000,0.014400000,3,1,7,7,3,0.089300000,0.004000000,0.038000000,0.049500000,0.014900000,0.010100000,true,true,0.018100000,0.019900000,0.001400000,0.004100000,0.039700000,103,103,0
