frame_ordinal,pass_index,pass_name,queue,batch_index,is_copy_pass,milliseconds,expected_passes,available_passes,complete
600,0,ASBuild.BuildTLAS,0,0,false,0.128352000,7,7,true
600,1,LightPrepare.Upload,0,0,false,0.006592000,7,7,true
600,2,PathTracing.Trace,0,0,false,0.679424000,7,7,true
600,3,Ui.Overlay,0,0,false,0.028736000,7,7,true
600,4,DLSS.RayReconstruction,1,1,false,1.559680000,7,7,true
600,5,Present.Convert,1,1,false,0.045312000,7,7,true
600,6,Present.CopyToSwapchain,1,2,true,0.024160000,7,7,true
601,0,ASBuild.BuildTLAS,0,0,false,0.121504000,7,7,true
601,1,LightPrepare.Upload,0,0,false,0.001856000,7,7,true
601,2,PathTracing.Trace,0,0,false,0.604352000,7,7,true
601,3,Ui.Overlay,0,0,false,0.012576000,7,7,true
601,4,DLSS.RayReconstruction,1,1,false,1.840928000,7,7,true
601,5,Present.Convert,1,1,false,0.052544000,7,7,true
601,6,Present.CopyToSwapchain,1,2,true,0.023744000,7,7,true
602,0,ASBuild.BuildTLAS,0,0,false,0.118304000,7,7,true
602,1,LightPrepare.Upload,0,0,false,0.002272000,7,7,true
602,2,PathTracing.Trace,0,0,false,0.775872000,7,7,true
602,3,Ui.Overlay,0,0,false,0.018304000,7,7,true
602,4,DLSS.RayReconstruction,1,1,false,1.016768000,7,7,true
602,5,Present.Convert,1,1,false,0.045376000,7,7,true
602,6,Present.CopyToSwapchain,1,2,true,0.023904000,7,7,true
603,0,ASBuild.BuildTLAS,0,0,false,0.108544000,7,7,true
603,1,LightPrepare.Upload,0,0,false,0.002016000,7,7,true
603,2,PathTracing.Trace,0,0,false,0.704480000,7,7,true
603,3,Ui.Overlay,0,0,false,0.016928000,7,7,true
603,4,DLSS.RayReconstruction,1,1,false,2.264160000,7,7,true
603,5,Present.Convert,1,1,false,0.125088000,7,7,true
603,6,Present.CopyToSwapchain,1,2,true,0.028960000,7,7,true
604,0,ASBuild.BuildTLAS,0,0,false,0.439872000,7,7,true
604,1,LightPrepare.Upload,0,0,false,0.002112000,7,7,true
604,2,PathTracing.Trace,0,0,false,0.681824000,7,7,true
604,3,Ui.Overlay,0,0,false,0.021856000,7,7,true
604,4,DLSS.RayReconstruction,1,1,false,1.017248000,7,7,true
604,5,Present.Convert,1,1,false,0.047488000,7,7,true
604,6,Present.CopyToSwapchain,1,2,true,0.023744000,7,7,true
605,0,ASBuild.BuildTLAS,0,0,false,0.129344000,7,7,true
605,1,LightPrepare.Upload,0,0,false,0.002080000,7,7,true
605,2,PathTracing.Trace,0,0,false,0.857952000,7,7,true
605,3,Ui.Overlay,0,0,false,0.018048000,7,7,true
605,4,DLSS.RayReconstruction,1,1,false,2.166752000,7,7,true
605,5,Present.Convert,1,1,false,0.045440000,7,7,true
605,6,Present.CopyToSwapchain,1,2,true,0.021440000,7,7,true
606,0,ASBuild.BuildTLAS,0,0,false,0.108896000,7,7,true
606,1,LightPrepare.Upload,0,0,false,0.001600000,7,7,true
606,2,PathTracing.Trace,0,0,false,0.607680000,7,7,true
606,3,Ui.Overlay,0,0,false,0.013024000,7,7,true
606,4,DLSS.RayReconstruction,1,1,false,1.002816000,7,7,true
606,5,Present.Convert,1,1,false,0.045088000,7,7,true
606,6,Present.CopyToSwapchain,1,2,true,0.024032000,7,7,true
607,0,ASBuild.BuildTLAS,0,0,false,0.160768000,7,7,true
607,1,LightPrepare.Upload,0,0,false,0.002496000,7,7,true
607,2,PathTracing.Trace,0,0,false,0.787872000,7,7,true
607,3,Ui.Overlay,0,0,false,0.032640000,7,7,true
607,4,DLSS.RayReconstruction,1,1,false,1.521408000,7,7,true
607,5,Present.Convert,1,1,false,0.045280000,7,7,true
607,6,Present.CopyToSwapchain,1,2,true,0.023552000,7,7,true
608,0,ASBuild.BuildTLAS,0,0,false,0.122624000,7,7,true
608,1,LightPrepare.Upload,0,0,false,0.002496000,7,7,true
608,2,PathTracing.Trace,0,0,false,0.673216000,7,7,true
608,3,Ui.Overlay,0,0,false,0.013856000,7,7,true
608,4,DLSS.RayReconstruction,1,1,false,2.077568000,7,7,true
608,5,Present.Convert,1,1,false,0.045408000,7,7,true
608,6,Present.CopyToSwapchain,1,2,true,0.023744000,7,7,true
609,0,ASBuild.BuildTLAS,0,0,false,0.127200000,7,7,true
609,1,LightPrepare.Upload,0,0,false,0.001728000,7,7,true
609,2,PathTracing.Trace,0,0,false,0.930112000,7,7,true
609,3,Ui.Overlay,0,0,false,0.024576000,7,7,true
609,4,DLSS.RayReconstruction,1,1,false,1.008992000,7,7,true
609,5,Present.Convert,1,1,false,0.047392000,7,7,true
609,6,Present.CopyToSwapchain,1,2,true,0.112768000,7,7,true
610,0,ASBuild.BuildTLAS,0,0,false,0.119296000,7,7,true
610,1,LightPrepare.Upload,0,0,false,0.002240000,7,7,true
610,2,PathTracing.Trace,0,0,false,1.104640000,7,7,true
610,3,Ui.Overlay,0,0,false,0.022688000,7,7,true
610,4,DLSS.RayReconstruction,1,1,false,1.851584000,7,7,true
610,5,Present.Convert,1,1,false,0.049888000,7,7,true
610,6,Present.CopyToSwapchain,1,2,true,0.024576000,7,7,true
611,0,ASBuild.BuildTLAS,0,0,false,0.126592000,7,7,true
611,1,LightPrepare.Upload,0,0,false,0.003488000,7,7,true
611,2,PathTracing.Trace,0,0,false,0.572800000,7,7,true
611,3,Ui.Overlay,0,0,false,0.012512000,7,7,true
611,4,DLSS.RayReconstruction,1,1,false,1.007680000,7,7,true
611,5,Present.Convert,1,1,false,0.264160000,7,7,true
611,6,Present.CopyToSwapchain,1,2,true,0.258912000,7,7,true
612,0,ASBuild.BuildTLAS,0,0,false,0.115712000,7,7,true
612,1,LightPrepare.Upload,0,0,false,0.002432000,7,7,true
612,2,PathTracing.Trace,0,0,false,1.033760000,7,7,true
612,3,Ui.Overlay,0,0,false,0.023648000,7,7,true
612,4,DLSS.RayReconstruction,1,1,false,0.993184000,7,7,true
612,5,Present.Convert,1,1,false,0.045376000,7,7,true
612,6,Present.CopyToSwapchain,1,2,true,0.025600000,7,7,true
613,0,ASBuild.BuildTLAS,0,0,false,0.123712000,7,7,true
613,1,LightPrepare.Upload,0,0,false,0.002336000,7,7,true
613,2,PathTracing.Trace,0,0,false,0.607872000,7,7,true
613,3,Ui.Overlay,0,0,false,0.012288000,7,7,true
613,4,DLSS.RayReconstruction,1,1,false,1.562496000,7,7,true
613,5,Present.Convert,1,1,false,0.045312000,7,7,true
613,6,Present.CopyToSwapchain,1,2,true,0.021696000,7,7,true
614,0,ASBuild.BuildTLAS,0,0,false,0.096064000,7,7,true
614,1,LightPrepare.Upload,0,0,false,0.001664000,7,7,true
614,2,PathTracing.Trace,0,0,false,0.589152000,7,7,true
614,3,Ui.Overlay,0,0,false,0.012608000,7,7,true
614,4,DLSS.RayReconstruction,1,1,false,2.000448000,7,7,true
614,5,Present.Convert,1,1,false,0.050880000,7,7,true
614,6,Present.CopyToSwapchain,1,2,true,0.026048000,7,7,true
615,0,ASBuild.BuildTLAS,0,0,false,0.117856000,7,7,true
615,1,LightPrepare.Upload,0,0,false,0.002112000,7,7,true
615,2,PathTracing.Trace,0,0,false,0.763776000,7,7,true
615,3,Ui.Overlay,0,0,false,0.019360000,7,7,true
615,4,DLSS.RayReconstruction,1,1,false,1.016960000,7,7,true
615,5,Present.Convert,1,1,false,0.045312000,7,7,true
615,6,Present.CopyToSwapchain,1,2,true,0.024832000,7,7,true
616,0,ASBuild.BuildTLAS,0,0,false,0.121440000,7,7,true
616,1,LightPrepare.Upload,0,0,false,0.002432000,7,7,true
616,2,PathTracing.Trace,0,0,false,0.778752000,7,7,true
616,3,Ui.Overlay,0,0,false,0.023360000,7,7,true
616,4,DLSS.RayReconstruction,1,1,false,1.781952000,7,7,true
616,5,Present.Convert,1,1,false,0.050400000,7,7,true
616,6,Present.CopyToSwapchain,1,2,true,0.024704000,7,7,true
617,0,ASBuild.BuildTLAS,0,0,false,0.123392000,7,7,true
617,1,LightPrepare.Upload,0,0,false,0.002528000,7,7,true
617,2,PathTracing.Trace,0,0,false,0.579008000,7,7,true
617,3,Ui.Overlay,0,0,false,0.011904000,7,7,true
617,4,DLSS.RayReconstruction,1,1,false,0.998112000,7,7,true
617,5,Present.Convert,1,1,false,0.045408000,7,7,true
617,6,Present.CopyToSwapchain,1,2,true,0.021152000,7,7,true
618,0,ASBuild.BuildTLAS,0,0,false,0.104384000,7,7,true
618,1,LightPrepare.Upload,0,0,false,0.002208000,7,7,true
618,2,PathTracing.Trace,0,0,false,0.653088000,7,7,true
618,3,Ui.Overlay,0,0,false,0.021312000,7,7,true
618,4,DLSS.RayReconstruction,1,1,false,1.859456000,7,7,true
618,5,Present.Convert,1,1,false,0.350144000,7,7,true
618,6,Present.CopyToSwapchain,1,2,true,0.168256000,7,7,true
619,0,ASBuild.BuildTLAS,0,0,false,0.140384000,7,7,true
619,1,LightPrepare.Upload,0,0,false,0.002112000,7,7,true
619,2,PathTracing.Trace,0,0,false,1.010304000,7,7,true
619,3,Ui.Overlay,0,0,false,0.047392000,7,7,true
619,4,DLSS.RayReconstruction,1,1,false,1.009408000,7,7,true
619,5,Present.Convert,1,1,false,0.389056000,7,7,true
619,6,Present.CopyToSwapchain,1,2,true,0.142816000,7,7,true
620,0,ASBuild.BuildTLAS,0,0,false,0.126112000,7,7,true
620,1,LightPrepare.Upload,0,0,false,0.002048000,7,7,true
620,2,PathTracing.Trace,0,0,false,0.856960000,7,7,true
620,3,Ui.Overlay,0,0,false,0.016352000,7,7,true
620,4,DLSS.RayReconstruction,1,1,false,2.028896000,7,7,true
620,5,Present.Convert,1,1,false,0.045376000,7,7,true
620,6,Present.CopyToSwapchain,1,2,true,0.023520000,7,7,true
621,0,ASBuild.BuildTLAS,0,0,false,0.125984000,7,7,true
621,1,LightPrepare.Upload,0,0,false,0.006176000,7,7,true
621,2,PathTracing.Trace,0,0,false,0.618368000,7,7,true
621,3,Ui.Overlay,0,0,false,0.012032000,7,7,true
621,4,DLSS.RayReconstruction,1,1,false,1.023424000,7,7,true
621,5,Present.Convert,1,1,false,0.338080000,7,7,true
621,6,Present.CopyToSwapchain,1,2,true,0.195680000,7,7,true
622,0,ASBuild.BuildTLAS,0,0,false,0.153696000,7,7,true
622,1,LightPrepare.Upload,0,0,false,0.002080000,7,7,true
622,2,PathTracing.Trace,0,0,false,0.751488000,7,7,true
622,3,Ui.Overlay,0,0,false,0.017120000,7,7,true
622,4,DLSS.RayReconstruction,1,1,false,0.996800000,7,7,true
622,5,Present.Convert,1,1,false,0.049504000,7,7,true
622,6,Present.CopyToSwapchain,1,2,true,0.021696000,7,7,true
623,0,ASBuild.BuildTLAS,0,0,false,0.125856000,7,7,true
623,1,LightPrepare.Upload,0,0,false,0.002080000,7,7,true
623,2,PathTracing.Trace,0,0,false,0.665376000,7,7,true
623,3,Ui.Overlay,0,0,false,0.012544000,7,7,true
623,4,DLSS.RayReconstruction,1,1,false,1.518848000,7,7,true
623,5,Present.Convert,1,1,false,0.045344000,7,7,true
623,6,Present.CopyToSwapchain,1,2,true,0.021952000,7,7,true
624,0,ASBuild.BuildTLAS,0,0,false,0.113824000,7,7,true
624,1,LightPrepare.Upload,0,0,false,0.001696000,7,7,true
624,2,PathTracing.Trace,0,0,false,0.570720000,7,7,true
624,3,Ui.Overlay,0,0,false,0.012288000,7,7,true
624,4,DLSS.RayReconstruction,1,1,false,1.494496000,7,7,true
624,5,Present.Convert,1,1,false,0.045440000,7,7,true
624,6,Present.CopyToSwapchain,1,2,true,0.023776000,7,7,true
625,0,ASBuild.BuildTLAS,0,0,false,0.147008000,7,7,true
625,1,LightPrepare.Upload,0,0,false,0.002048000,7,7,true
625,2,PathTracing.Trace,0,0,false,0.671616000,7,7,true
625,3,Ui.Overlay,0,0,false,0.021792000,7,7,true
625,4,DLSS.RayReconstruction,1,1,false,0.998208000,7,7,true
625,5,Present.Convert,1,1,false,0.048448000,7,7,true
625,6,Present.CopyToSwapchain,1,2,true,0.022368000,7,7,true
626,0,ASBuild.BuildTLAS,0,0,false,0.131136000,7,7,true
626,1,LightPrepare.Upload,0,0,false,0.001760000,7,7,true
626,2,PathTracing.Trace,0,0,false,0.633024000,7,7,true
626,3,Ui.Overlay,0,0,false,0.029536000,7,7,true
626,4,DLSS.RayReconstruction,1,1,false,1.786432000,7,7,true
626,5,Present.Convert,1,1,false,0.045408000,7,7,true
626,6,Present.CopyToSwapchain,1,2,true,0.022144000,7,7,true
627,0,ASBuild.BuildTLAS,0,0,false,0.092416000,7,7,true
627,1,LightPrepare.Upload,0,0,false,0.001792000,7,7,true
627,2,PathTracing.Trace,0,0,false,0.600288000,7,7,true
627,3,Ui.Overlay,0,0,false,0.012512000,7,7,true
627,4,DLSS.RayReconstruction,1,1,false,1.017312000,7,7,true
627,5,Present.Convert,1,1,false,0.045408000,7,7,true
627,6,Present.CopyToSwapchain,1,2,true,0.021792000,7,7,true
628,0,ASBuild.BuildTLAS,0,0,false,0.143968000,7,7,true
628,1,LightPrepare.Upload,0,0,false,0.002048000,7,7,true
628,2,PathTracing.Trace,0,0,false,0.688032000,7,7,true
628,3,Ui.Overlay,0,0,false,0.015360000,7,7,true
628,4,DLSS.RayReconstruction,1,1,false,2.387712000,7,7,true
628,5,Present.Convert,1,1,false,0.047424000,7,7,true
628,6,Present.CopyToSwapchain,1,2,true,0.022464000,7,7,true
629,0,ASBuild.BuildTLAS,0,0,false,0.119584000,7,7,true
629,1,LightPrepare.Upload,0,0,false,0.002240000,7,7,true
629,2,PathTracing.Trace,0,0,false,1.079008000,7,7,true
629,3,Ui.Overlay,0,0,false,0.021408000,7,7,true
629,4,DLSS.RayReconstruction,1,1,false,1.023008000,7,7,true
629,5,Present.Convert,1,1,false,0.600096000,7,7,true
629,6,Present.CopyToSwapchain,1,2,true,0.190592000,7,7,true
630,0,ASBuild.BuildTLAS,0,0,false,0.127232000,7,7,true
630,1,LightPrepare.Upload,0,0,false,0.002112000,7,7,true
630,2,PathTracing.Trace,0,0,false,0.685888000,7,7,true
630,3,Ui.Overlay,0,0,false,0.032480000,7,7,true
630,4,DLSS.RayReconstruction,1,1,false,1.959200000,7,7,true
630,5,Present.Convert,1,1,false,0.050528000,7,7,true
630,6,Present.CopyToSwapchain,1,2,true,0.025504000,7,7,true
631,0,ASBuild.BuildTLAS,0,0,false,0.125504000,7,7,true
631,1,LightPrepare.Upload,0,0,false,0.002080000,7,7,true
631,2,PathTracing.Trace,0,0,false,0.885632000,7,7,true
631,3,Ui.Overlay,0,0,false,0.016608000,7,7,true
631,4,DLSS.RayReconstruction,1,1,false,1.003296000,7,7,true
631,5,Present.Convert,1,1,false,0.045280000,7,7,true
631,6,Present.CopyToSwapchain,1,2,true,0.023968000,7,7,true
632,0,ASBuild.BuildTLAS,0,0,false,0.128000000,7,7,true
632,1,LightPrepare.Upload,0,0,false,0.002464000,7,7,true
632,2,PathTracing.Trace,0,0,false,0.945664000,7,7,true
632,3,Ui.Overlay,0,0,false,0.012288000,7,7,true
632,4,DLSS.RayReconstruction,1,1,false,1.518848000,7,7,true
632,5,Present.Convert,1,1,false,0.045440000,7,7,true
632,6,Present.CopyToSwapchain,1,2,true,0.023552000,7,7,true
633,0,ASBuild.BuildTLAS,0,0,false,0.123648000,7,7,true
633,1,LightPrepare.Upload,0,0,false,0.001600000,7,7,true
633,2,PathTracing.Trace,0,0,false,0.600512000,7,7,true
633,3,Ui.Overlay,0,0,false,0.012448000,7,7,true
633,4,DLSS.RayReconstruction,1,1,false,1.285376000,7,7,true
633,5,Present.Convert,1,1,false,0.045376000,7,7,true
633,6,Present.CopyToSwapchain,1,2,true,0.024128000,7,7,true
634,0,ASBuild.BuildTLAS,0,0,false,0.123200000,7,7,true
634,1,LightPrepare.Upload,0,0,false,0.002080000,7,7,true
634,2,PathTracing.Trace,0,0,false,0.704352000,7,7,true
634,3,Ui.Overlay,0,0,false,0.022240000,7,7,true
634,4,DLSS.RayReconstruction,1,1,false,2.028896000,7,7,true
634,5,Present.Convert,1,1,false,0.062368000,7,7,true
634,6,Present.CopyToSwapchain,1,2,true,0.021952000,7,7,true
635,0,ASBuild.BuildTLAS,0,0,false,0.120352000,7,7,true
635,1,LightPrepare.Upload,0,0,false,0.002080000,7,7,true
635,2,PathTracing.Trace,0,0,false,0.737152000,7,7,true
635,3,Ui.Overlay,0,0,false,0.021728000,7,7,true
635,4,DLSS.RayReconstruction,1,1,false,1.289696000,7,7,true
635,5,Present.Convert,1,1,false,0.219648000,7,7,true
635,6,Present.CopyToSwapchain,1,2,true,0.310272000,7,7,true
636,0,ASBuild.BuildTLAS,0,0,false,0.130208000,7,7,true
636,1,LightPrepare.Upload,0,0,false,0.002432000,7,7,true
636,2,PathTracing.Trace,0,0,false,0.655904000,7,7,true
636,3,Ui.Overlay,0,0,false,0.020160000,7,7,true
636,4,DLSS.RayReconstruction,1,1,false,1.492608000,7,7,true
636,5,Present.Convert,1,1,false,0.053472000,7,7,true
636,6,Present.CopyToSwapchain,1,2,true,0.029728000,7,7,true
637,0,ASBuild.BuildTLAS,0,0,false,0.126656000,7,7,true
637,1,LightPrepare.Upload,0,0,false,0.002400000,7,7,true
637,2,PathTracing.Trace,0,0,false,0.633472000,7,7,true
637,3,Ui.Overlay,0,0,false,0.012640000,7,7,true
637,4,DLSS.RayReconstruction,1,1,false,0.995040000,7,7,true
637,5,Present.Convert,1,1,false,0.047488000,7,7,true
637,6,Present.CopyToSwapchain,1,2,true,0.023904000,7,7,true
638,0,ASBuild.BuildTLAS,0,0,false,0.126976000,7,7,true
638,1,LightPrepare.Upload,0,0,false,0.002112000,7,7,true
638,2,PathTracing.Trace,0,0,false,0.663392000,7,7,true
638,3,Ui.Overlay,0,0,false,0.014304000,7,7,true
638,4,DLSS.RayReconstruction,1,1,false,1.471680000,7,7,true
638,5,Present.Convert,1,1,false,0.045376000,7,7,true
638,6,Present.CopyToSwapchain,1,2,true,0.021664000,7,7,true
639,0,ASBuild.BuildTLAS,0,0,false,0.105600000,7,7,true
639,1,LightPrepare.Upload,0,0,false,0.001760000,7,7,true
639,2,PathTracing.Trace,0,0,false,0.576800000,7,7,true
639,3,Ui.Overlay,0,0,false,0.012768000,7,7,true
639,4,DLSS.RayReconstruction,1,1,false,0.997248000,7,7,true
639,5,Present.Convert,1,1,false,0.045376000,7,7,true
639,6,Present.CopyToSwapchain,1,2,true,0.028416000,7,7,true
640,0,ASBuild.BuildTLAS,0,0,false,0.123424000,7,7,true
640,1,LightPrepare.Upload,0,0,false,0.002496000,7,7,true
640,2,PathTracing.Trace,0,0,false,0.660960000,7,7,true
640,3,Ui.Overlay,0,0,false,0.030624000,7,7,true
640,4,DLSS.RayReconstruction,1,1,false,1.481952000,7,7,true
640,5,Present.Convert,1,1,false,0.045376000,7,7,true
640,6,Present.CopyToSwapchain,1,2,true,0.022880000,7,7,true
641,0,ASBuild.BuildTLAS,0,0,false,0.109472000,7,7,true
641,1,LightPrepare.Upload,0,0,false,0.001952000,7,7,true
641,2,PathTracing.Trace,0,0,false,0.626784000,7,7,true
641,3,Ui.Overlay,0,0,false,0.012320000,7,7,true
641,4,DLSS.RayReconstruction,1,1,false,1.176480000,7,7,true
641,5,Present.Convert,1,1,false,0.046784000,7,7,true
641,6,Present.CopyToSwapchain,1,2,true,0.023872000,7,7,true
642,0,ASBuild.BuildTLAS,0,0,false,0.123264000,7,7,true
642,1,LightPrepare.Upload,0,0,false,0.001952000,7,7,true
642,2,PathTracing.Trace,0,0,false,0.682016000,7,7,true
642,3,Ui.Overlay,0,0,false,0.022176000,7,7,true
642,4,DLSS.RayReconstruction,1,1,false,1.566144000,7,7,true
642,5,Present.Convert,1,1,false,0.045408000,7,7,true
642,6,Present.CopyToSwapchain,1,2,true,0.023808000,7,7,true
643,0,ASBuild.BuildTLAS,0,0,false,0.122688000,7,7,true
643,1,LightPrepare.Upload,0,0,false,0.002176000,7,7,true
643,2,PathTracing.Trace,0,0,false,0.765728000,7,7,true
643,3,Ui.Overlay,0,0,false,0.013696000,7,7,true
643,4,DLSS.RayReconstruction,1,1,false,1.796544000,7,7,true
643,5,Present.Convert,1,1,false,0.052512000,7,7,true
643,6,Present.CopyToSwapchain,1,2,true,0.024672000,7,7,true
644,0,ASBuild.BuildTLAS,0,0,false,0.094560000,7,7,true
644,1,LightPrepare.Upload,0,0,false,0.001856000,7,7,true
644,2,PathTracing.Trace,0,0,false,0.600256000,7,7,true
644,3,Ui.Overlay,0,0,false,0.012352000,7,7,true
644,4,DLSS.RayReconstruction,1,1,false,0.998304000,7,7,true
644,5,Present.Convert,1,1,false,0.178400000,7,7,true
644,6,Present.CopyToSwapchain,1,2,true,0.343808000,7,7,true
645,0,ASBuild.BuildTLAS,0,0,false,0.438080000,7,7,true
645,1,LightPrepare.Upload,0,0,false,0.002112000,7,7,true
645,2,PathTracing.Trace,0,0,false,0.651104000,7,7,true
645,3,Ui.Overlay,0,0,false,0.021472000,7,7,true
645,4,DLSS.RayReconstruction,1,1,false,1.785536000,7,7,true
645,5,Present.Convert,1,1,false,0.062080000,7,7,true
645,6,Present.CopyToSwapchain,1,2,true,0.026112000,7,7,true
646,0,ASBuild.BuildTLAS,0,0,false,0.126208000,7,7,true
646,1,LightPrepare.Upload,0,0,false,0.002176000,7,7,true
646,2,PathTracing.Trace,0,0,false,0.599840000,7,7,true
646,3,Ui.Overlay,0,0,false,0.012512000,7,7,true
646,4,DLSS.RayReconstruction,1,1,false,0.998752000,7,7,true
646,5,Present.Convert,1,1,false,0.045408000,7,7,true
646,6,Present.CopyToSwapchain,1,2,true,0.022464000,7,7,true
647,0,ASBuild.BuildTLAS,0,0,false,0.124000000,7,7,true
647,1,LightPrepare.Upload,0,0,false,0.002112000,7,7,true
647,2,PathTracing.Trace,0,0,false,0.677728000,7,7,true
647,3,Ui.Overlay,0,0,false,0.012416000,7,7,true
647,4,DLSS.RayReconstruction,1,1,false,1.738592000,7,7,true
647,5,Present.Convert,1,1,false,0.045472000,7,7,true
647,6,Present.CopyToSwapchain,1,2,true,0.023328000,7,7,true
648,0,ASBuild.BuildTLAS,0,0,false,0.120512000,7,7,true
648,1,LightPrepare.Upload,0,0,false,0.002528000,7,7,true
648,2,PathTracing.Trace,0,0,false,0.714176000,7,7,true
648,3,Ui.Overlay,0,0,false,0.212288000,7,7,true
648,4,DLSS.RayReconstruction,1,1,false,1.521184000,7,7,true
648,5,Present.Convert,1,1,false,0.045408000,7,7,true
648,6,Present.CopyToSwapchain,1,2,true,0.022976000,7,7,true
649,0,ASBuild.BuildTLAS,0,0,false,0.124704000,7,7,true
649,1,LightPrepare.Upload,0,0,false,0.002144000,7,7,true
649,2,PathTracing.Trace,0,0,false,0.765728000,7,7,true
649,3,Ui.Overlay,0,0,false,0.012480000,7,7,true
649,4,DLSS.RayReconstruction,1,1,false,1.818144000,7,7,true
649,5,Present.Convert,1,1,false,0.047296000,7,7,true
649,6,Present.CopyToSwapchain,1,2,true,0.023456000,7,7,true
650,0,ASBuild.BuildTLAS,0,0,false,0.122240000,7,7,true
650,1,LightPrepare.Upload,0,0,false,0.002112000,7,7,true
650,2,PathTracing.Trace,0,0,false,0.677728000,7,7,true
650,3,Ui.Overlay,0,0,false,0.034624000,7,7,true
650,4,DLSS.RayReconstruction,1,1,false,1.773856000,7,7,true
650,5,Present.Convert,1,1,false,0.045440000,7,7,true
650,6,Present.CopyToSwapchain,1,2,true,0.023840000,7,7,true
651,0,ASBuild.BuildTLAS,0,0,false,0.113696000,7,7,true
651,1,LightPrepare.Upload,0,0,false,0.001632000,7,7,true
651,2,PathTracing.Trace,0,0,false,1.273248000,7,7,true
651,3,Ui.Overlay,0,0,false,0.021696000,7,7,true
651,4,DLSS.RayReconstruction,1,1,false,1.780320000,7,7,true
651,5,Present.Convert,1,1,false,0.053344000,7,7,true
651,6,Present.CopyToSwapchain,1,2,true,0.023232000,7,7,true
652,0,ASBuild.BuildTLAS,0,0,false,0.137664000,7,7,true
652,1,LightPrepare.Upload,0,0,false,0.002080000,7,7,true
652,2,PathTracing.Trace,0,0,false,0.655232000,7,7,true
652,3,Ui.Overlay,0,0,false,0.028224000,7,7,true
652,4,DLSS.RayReconstruction,1,1,false,1.036544000,7,7,true
652,5,Present.Convert,1,1,false,0.440064000,7,7,true
652,6,Present.CopyToSwapchain,1,2,true,0.057184000,7,7,true
653,0,ASBuild.BuildTLAS,0,0,false,0.132832000,7,7,true
653,1,LightPrepare.Upload,0,0,false,0.002208000,7,7,true
653,2,PathTracing.Trace,0,0,false,0.671488000,7,7,true
653,3,Ui.Overlay,0,0,false,0.022528000,7,7,true
653,4,DLSS.RayReconstruction,1,1,false,2.018048000,7,7,true
653,5,Present.Convert,1,1,false,0.045216000,7,7,true
653,6,Present.CopyToSwapchain,1,2,true,0.023904000,7,7,true
654,0,ASBuild.BuildTLAS,0,0,false,0.126016000,7,7,true
654,1,LightPrepare.Upload,0,0,false,0.002080000,7,7,true
654,2,PathTracing.Trace,0,0,false,0.657248000,7,7,true
654,3,Ui.Overlay,0,0,false,0.012128000,7,7,true
654,4,DLSS.RayReconstruction,1,1,false,1.012960000,7,7,true
654,5,Present.Convert,1,1,false,0.047392000,7,7,true
654,6,Present.CopyToSwapchain,1,2,true,0.022976000,7,7,true
655,0,ASBuild.BuildTLAS,0,0,false,0.096864000,7,7,true
655,1,LightPrepare.Upload,0,0,false,0.002496000,7,7,true
655,2,PathTracing.Trace,0,0,false,0.681408000,7,7,true
655,3,Ui.Overlay,0,0,false,0.022592000,7,7,true
655,4,DLSS.RayReconstruction,1,1,false,1.781984000,7,7,true
655,5,Present.Convert,1,1,false,0.050528000,7,7,true
655,6,Present.CopyToSwapchain,1,2,true,0.025312000,7,7,true
656,0,ASBuild.BuildTLAS,0,0,false,0.111104000,7,7,true
656,1,LightPrepare.Upload,0,0,false,0.001952000,7,7,true
656,2,PathTracing.Trace,0,0,false,0.568416000,7,7,true
656,3,Ui.Overlay,0,0,false,0.011936000,7,7,true
656,4,DLSS.RayReconstruction,1,1,false,1.006912000,7,7,true
656,5,Present.Convert,1,1,false,0.313344000,7,7,true
656,6,Present.CopyToSwapchain,1,2,true,0.213792000,7,7,true
657,0,ASBuild.BuildTLAS,0,0,false,0.158240000,7,7,true
657,1,LightPrepare.Upload,0,0,false,0.002368000,7,7,true
657,2,PathTracing.Trace,0,0,false,0.654976000,7,7,true
657,3,Ui.Overlay,0,0,false,0.029664000,7,7,true
657,4,DLSS.RayReconstruction,1,1,false,1.777504000,7,7,true
657,5,Present.Convert,1,1,false,0.045120000,7,7,true
657,6,Present.CopyToSwapchain,1,2,true,0.023648000,7,7,true
658,0,ASBuild.BuildTLAS,0,0,false,0.126304000,7,7,true
658,1,LightPrepare.Upload,0,0,false,0.002080000,7,7,true
658,2,PathTracing.Trace,0,0,false,0.659328000,7,7,true
658,3,Ui.Overlay,0,0,false,0.012448000,7,7,true
658,4,DLSS.RayReconstruction,1,1,false,0.994560000,7,7,true
658,5,Present.Convert,1,1,false,0.045376000,7,7,true
658,6,Present.CopyToSwapchain,1,2,true,0.022944000,7,7,true
659,0,ASBuild.BuildTLAS,0,0,false,0.133536000,7,7,true
659,1,LightPrepare.Upload,0,0,false,0.006464000,7,7,true
659,2,PathTracing.Trace,0,0,false,0.650848000,7,7,true
659,3,Ui.Overlay,0,0,false,0.021344000,7,7,true
659,4,DLSS.RayReconstruction,1,1,false,2.782912000,7,7,true
659,5,Present.Convert,1,1,false,0.049952000,7,7,true
659,6,Present.CopyToSwapchain,1,2,true,0.023584000,7,7,true
660,0,ASBuild.BuildTLAS,0,0,false,0.128736000,7,7,true
660,1,LightPrepare.Upload,0,0,false,0.002400000,7,7,true
660,2,PathTracing.Trace,0,0,false,1.280576000,7,7,true
660,3,Ui.Overlay,0,0,false,0.012320000,7,7,true
660,4,DLSS.RayReconstruction,1,1,false,1.005280000,7,7,true
660,5,Present.Convert,1,1,false,0.049408000,7,7,true
660,6,Present.CopyToSwapchain,1,2,true,0.022240000,7,7,true
661,0,ASBuild.BuildTLAS,0,0,false,0.121792000,7,7,true
661,1,LightPrepare.Upload,0,0,false,0.002432000,7,7,true
661,2,PathTracing.Trace,0,0,false,0.861728000,7,7,true
661,3,Ui.Overlay,0,0,false,0.025952000,7,7,true
661,4,DLSS.RayReconstruction,1,1,false,1.500864000,7,7,true
661,5,Present.Convert,1,1,false,0.045312000,7,7,true
661,6,Present.CopyToSwapchain,1,2,true,0.024480000,7,7,true
662,0,ASBuild.BuildTLAS,0,0,false,0.104576000,7,7,true
662,1,LightPrepare.Upload,0,0,false,0.001600000,7,7,true
662,2,PathTracing.Trace,0,0,false,0.591296000,7,7,true
662,3,Ui.Overlay,0,0,false,0.012416000,7,7,true
662,4,DLSS.RayReconstruction,1,1,false,1.021984000,7,7,true
662,5,Present.Convert,1,1,false,0.047392000,7,7,true
662,6,Present.CopyToSwapchain,1,2,true,0.050304000,7,7,true
663,0,ASBuild.BuildTLAS,0,0,false,0.118304000,7,7,true
663,1,LightPrepare.Upload,0,0,false,0.001984000,7,7,true
663,2,PathTracing.Trace,0,0,false,0.659424000,7,7,true
663,3,Ui.Overlay,0,0,false,0.023296000,7,7,true
663,4,DLSS.RayReconstruction,1,1,false,1.499072000,7,7,true
663,5,Present.Convert,1,1,false,0.045088000,7,7,true
663,6,Present.CopyToSwapchain,1,2,true,0.023840000,7,7,true
664,0,ASBuild.BuildTLAS,0,0,false,0.121376000,7,7,true
664,1,LightPrepare.Upload,0,0,false,0.002240000,7,7,true
664,2,PathTracing.Trace,0,0,false,0.575200000,7,7,true
664,3,Ui.Overlay,0,0,false,0.012736000,7,7,true
664,4,DLSS.RayReconstruction,1,1,false,1.014752000,7,7,true
664,5,Present.Convert,1,1,false,0.045376000,7,7,true
664,6,Present.CopyToSwapchain,1,2,true,0.024000000,7,7,true
665,0,ASBuild.BuildTLAS,0,0,false,0.132288000,7,7,true
665,1,LightPrepare.Upload,0,0,false,0.002112000,7,7,true
665,2,PathTracing.Trace,0,0,false,0.685920000,7,7,true
665,3,Ui.Overlay,0,0,false,0.022528000,7,7,true
665,4,DLSS.RayReconstruction,1,1,false,2.419904000,7,7,true
665,5,Present.Convert,1,1,false,0.045280000,7,7,true
665,6,Present.CopyToSwapchain,1,2,true,0.023616000,7,7,true
666,0,ASBuild.BuildTLAS,0,0,false,0.117824000,7,7,true
666,1,LightPrepare.Upload,0,0,false,0.002400000,7,7,true
666,2,PathTracing.Trace,0,0,false,0.980544000,7,7,true
666,3,Ui.Overlay,0,0,false,0.045152000,7,7,true
666,4,DLSS.RayReconstruction,1,1,false,1.015904000,7,7,true
666,5,Present.Convert,1,1,false,0.047168000,7,7,true
666,6,Present.CopyToSwapchain,1,2,true,0.023552000,7,7,true
667,0,ASBuild.BuildTLAS,0,0,false,0.110848000,7,7,true
667,1,LightPrepare.Upload,0,0,false,0.002112000,7,7,true
667,2,PathTracing.Trace,0,0,false,0.669536000,7,7,true
667,3,Ui.Overlay,0,0,false,0.015328000,7,7,true
667,4,DLSS.RayReconstruction,1,1,false,1.478080000,7,7,true
667,5,Present.Convert,1,1,false,0.045408000,7,7,true
667,6,Present.CopyToSwapchain,1,2,true,0.023840000,7,7,true
668,0,ASBuild.BuildTLAS,0,0,false,0.121184000,7,7,true
668,1,LightPrepare.Upload,0,0,false,0.001600000,7,7,true
668,2,PathTracing.Trace,0,0,false,0.567712000,7,7,true
668,3,Ui.Overlay,0,0,false,0.012768000,7,7,true
668,4,DLSS.RayReconstruction,1,1,false,1.029472000,7,7,true
668,5,Present.Convert,1,1,false,0.270592000,7,7,true
668,6,Present.CopyToSwapchain,1,2,true,0.640384000,7,7,true
669,0,ASBuild.BuildTLAS,0,0,false,0.127936000,7,7,true
669,1,LightPrepare.Upload,0,0,false,0.002016000,7,7,true
669,2,PathTracing.Trace,0,0,false,0.718816000,7,7,true
669,3,Ui.Overlay,0,0,false,0.021056000,7,7,true
669,4,DLSS.RayReconstruction,1,1,false,1.304256000,7,7,true
669,5,Present.Convert,1,1,false,0.211104000,7,7,true
669,6,Present.CopyToSwapchain,1,2,true,0.031744000,7,7,true
670,0,ASBuild.BuildTLAS,0,0,false,0.125536000,7,7,true
670,1,LightPrepare.Upload,0,0,false,0.002080000,7,7,true
670,2,PathTracing.Trace,0,0,false,0.893792000,7,7,true
670,3,Ui.Overlay,0,0,false,0.017344000,7,7,true
670,4,DLSS.RayReconstruction,1,1,false,1.021248000,7,7,true
670,5,Present.Convert,1,1,false,0.045216000,7,7,true
670,6,Present.CopyToSwapchain,1,2,true,0.189184000,7,7,true
671,0,ASBuild.BuildTLAS,0,0,false,0.125600000,7,7,true
671,1,LightPrepare.Upload,0,0,false,0.002144000,7,7,true
671,2,PathTracing.Trace,0,0,false,0.651072000,7,7,true
671,3,Ui.Overlay,0,0,false,0.012576000,7,7,true
671,4,DLSS.RayReconstruction,1,1,false,1.495264000,7,7,true
671,5,Present.Convert,1,1,false,0.045376000,7,7,true
671,6,Present.CopyToSwapchain,1,2,true,0.024064000,7,7,true
672,0,ASBuild.BuildTLAS,0,0,false,0.291520000,7,7,true
672,1,LightPrepare.Upload,0,0,false,0.001600000,7,7,true
672,2,PathTracing.Trace,0,0,false,0.574912000,7,7,true
672,3,Ui.Overlay,0,0,false,0.012608000,7,7,true
672,4,DLSS.RayReconstruction,1,1,false,1.019488000,7,7,true
672,5,Present.Convert,1,1,false,0.045408000,7,7,true
672,6,Present.CopyToSwapchain,1,2,true,0.024480000,7,7,true
673,0,ASBuild.BuildTLAS,0,0,false,0.121600000,7,7,true
673,1,LightPrepare.Upload,0,0,false,0.002240000,7,7,true
673,2,PathTracing.Trace,0,0,false,0.780000000,7,7,true
673,3,Ui.Overlay,0,0,false,0.018880000,7,7,true
673,4,DLSS.RayReconstruction,1,1,false,1.538080000,7,7,true
673,5,Present.Convert,1,1,false,0.045440000,7,7,true
673,6,Present.CopyToSwapchain,1,2,true,0.021600000,7,7,true
674,0,ASBuild.BuildTLAS,0,0,false,0.093728000,7,7,true
674,1,LightPrepare.Upload,0,0,false,0.001824000,7,7,true
674,2,PathTracing.Trace,0,0,false,0.572640000,7,7,true
674,3,Ui.Overlay,0,0,false,0.012704000,7,7,true
674,4,DLSS.RayReconstruction,1,1,false,1.284000000,7,7,true
674,5,Present.Convert,1,1,false,0.063104000,7,7,true
674,6,Present.CopyToSwapchain,1,2,true,0.024096000,7,7,true
675,0,ASBuild.BuildTLAS,0,0,false,0.123072000,7,7,true
675,1,LightPrepare.Upload,0,0,false,0.002176000,7,7,true
675,2,PathTracing.Trace,0,0,false,0.735008000,7,7,true
675,3,Ui.Overlay,0,0,false,0.016416000,7,7,true
675,4,DLSS.RayReconstruction,1,1,false,1.979200000,7,7,true
675,5,Present.Convert,1,1,false,0.065728000,7,7,true
675,6,Present.CopyToSwapchain,1,2,true,0.026336000,7,7,true
676,0,ASBuild.BuildTLAS,0,0,false,0.119296000,7,7,true
676,1,LightPrepare.Upload,0,0,false,0.002144000,7,7,true
676,2,PathTracing.Trace,0,0,false,0.716608000,7,7,true
676,3,Ui.Overlay,0,0,false,0.013056000,7,7,true
676,4,DLSS.RayReconstruction,1,1,false,1.644256000,7,7,true
676,5,Present.Convert,1,1,false,0.430496000,7,7,true
676,6,Present.CopyToSwapchain,1,2,true,0.044352000,7,7,true
677,0,ASBuild.BuildTLAS,0,0,false,0.124416000,7,7,true
677,1,LightPrepare.Upload,0,0,false,0.002368000,7,7,true
677,2,PathTracing.Trace,0,0,false,0.669280000,7,7,true
677,3,Ui.Overlay,0,0,false,0.012352000,7,7,true
677,4,DLSS.RayReconstruction,1,1,false,1.000736000,7,7,true
677,5,Present.Convert,1,1,false,0.047392000,7,7,true
677,6,Present.CopyToSwapchain,1,2,true,0.021312000,7,7,true
678,0,ASBuild.BuildTLAS,0,0,false,0.125824000,7,7,true
678,1,LightPrepare.Upload,0,0,false,0.002048000,7,7,true
678,2,PathTracing.Trace,0,0,false,1.222528000,7,7,true
678,3,Ui.Overlay,0,0,false,0.016640000,7,7,true
678,4,DLSS.RayReconstruction,1,1,false,1.276544000,7,7,true
678,5,Present.Convert,1,1,false,0.047328000,7,7,true
678,6,Present.CopyToSwapchain,1,2,true,0.071776000,7,7,true
679,0,ASBuild.BuildTLAS,0,0,false,0.121280000,7,7,true
679,1,LightPrepare.Upload,0,0,false,0.001792000,7,7,true
679,2,PathTracing.Trace,0,0,false,0.598272000,7,7,true
679,3,Ui.Overlay,0,0,false,0.012000000,7,7,true
679,4,DLSS.RayReconstruction,1,1,false,1.056064000,7,7,true
679,5,Present.Convert,1,1,false,0.444384000,7,7,true
679,6,Present.CopyToSwapchain,1,2,true,0.055360000,7,7,true
680,0,ASBuild.BuildTLAS,0,0,false,0.124704000,7,7,true
680,1,LightPrepare.Upload,0,0,false,0.002496000,7,7,true
680,2,PathTracing.Trace,0,0,false,1.170208000,7,7,true
680,3,Ui.Overlay,0,0,false,0.017888000,7,7,true
680,4,DLSS.RayReconstruction,1,1,false,1.795392000,7,7,true
680,5,Present.Convert,1,1,false,0.045408000,7,7,true
680,6,Present.CopyToSwapchain,1,2,true,0.023744000,7,7,true
681,0,ASBuild.BuildTLAS,0,0,false,0.122688000,7,7,true
681,1,LightPrepare.Upload,0,0,false,0.002080000,7,7,true
681,2,PathTracing.Trace,0,0,false,0.659328000,7,7,true
681,3,Ui.Overlay,0,0,false,0.012064000,7,7,true
681,4,DLSS.RayReconstruction,1,1,false,1.005504000,7,7,true
681,5,Present.Convert,1,1,false,0.045152000,7,7,true
681,6,Present.CopyToSwapchain,1,2,true,0.023808000,7,7,true
682,0,ASBuild.BuildTLAS,0,0,false,0.131264000,7,7,true
682,1,LightPrepare.Upload,0,0,false,0.002272000,7,7,true
682,2,PathTracing.Trace,0,0,false,0.638688000,7,7,true
682,3,Ui.Overlay,0,0,false,0.029536000,7,7,true
682,4,DLSS.RayReconstruction,1,1,false,2.540864000,7,7,true
682,5,Present.Convert,1,1,false,0.050464000,7,7,true
682,6,Present.CopyToSwapchain,1,2,true,0.024352000,7,7,true
683,0,ASBuild.BuildTLAS,0,0,false,0.117984000,7,7,true
683,1,LightPrepare.Upload,0,0,false,0.002240000,7,7,true
683,2,PathTracing.Trace,0,0,false,1.285856000,7,7,true
683,3,Ui.Overlay,0,0,false,0.021728000,7,7,true
683,4,DLSS.RayReconstruction,1,1,false,1.012640000,7,7,true
683,5,Present.Convert,1,1,false,0.049376000,7,7,true
683,6,Present.CopyToSwapchain,1,2,true,0.183264000,7,7,true
684,0,ASBuild.BuildTLAS,0,0,false,0.142208000,7,7,true
684,1,LightPrepare.Upload,0,0,false,0.002048000,7,7,true
684,2,PathTracing.Trace,0,0,false,0.694176000,7,7,true
684,3,Ui.Overlay,0,0,false,0.029408000,7,7,true
684,4,DLSS.RayReconstruction,1,1,false,1.507424000,7,7,true
684,5,Present.Convert,1,1,false,0.045184000,7,7,true
684,6,Present.CopyToSwapchain,1,2,true,0.026496000,7,7,true
685,0,ASBuild.BuildTLAS,0,0,false,0.127072000,7,7,true
685,1,LightPrepare.Upload,0,0,false,0.002144000,7,7,true
685,2,PathTracing.Trace,0,0,false,0.608032000,7,7,true
685,3,Ui.Overlay,0,0,false,0.012704000,7,7,true
685,4,DLSS.RayReconstruction,1,1,false,1.007040000,7,7,true
685,5,Present.Convert,1,1,false,0.045344000,7,7,true
685,6,Present.CopyToSwapchain,1,2,true,0.024160000,7,7,true
686,0,ASBuild.BuildTLAS,0,0,false,0.094176000,7,7,true
686,1,LightPrepare.Upload,0,0,false,0.008864000,7,7,true
686,2,PathTracing.Trace,0,0,false,0.812256000,7,7,true
686,3,Ui.Overlay,0,0,false,0.029280000,7,7,true
686,4,DLSS.RayReconstruction,1,1,false,1.914528000,7,7,true
686,5,Present.Convert,1,1,false,0.047392000,7,7,true
686,6,Present.CopyToSwapchain,1,2,true,0.023712000,7,7,true
687,0,ASBuild.BuildTLAS,0,0,false,0.146432000,7,7,true
687,1,LightPrepare.Upload,0,0,false,0.002464000,7,7,true
687,2,PathTracing.Trace,0,0,false,1.146368000,7,7,true
687,3,Ui.Overlay,0,0,false,0.020352000,7,7,true
687,4,DLSS.RayReconstruction,1,1,false,2.516672000,7,7,true
687,5,Present.Convert,1,1,false,0.053088000,7,7,true
687,6,Present.CopyToSwapchain,1,2,true,0.026496000,7,7,true
688,0,ASBuild.BuildTLAS,0,0,false,0.112576000,7,7,true
688,1,LightPrepare.Upload,0,0,false,0.001632000,7,7,true
688,2,PathTracing.Trace,0,0,false,1.173920000,7,7,true
688,3,Ui.Overlay,0,0,false,0.025344000,7,7,true
688,4,DLSS.RayReconstruction,1,1,false,0.988384000,7,7,true
688,5,Present.Convert,1,1,false,0.047392000,7,7,true
688,6,Present.CopyToSwapchain,1,2,true,0.023680000,7,7,true
689,0,ASBuild.BuildTLAS,0,0,false,0.105408000,7,7,true
689,1,LightPrepare.Upload,0,0,false,0.003168000,7,7,true
689,2,PathTracing.Trace,0,0,false,0.707424000,7,7,true
689,3,Ui.Overlay,0,0,false,0.020192000,7,7,true
689,4,DLSS.RayReconstruction,1,1,false,1.498976000,7,7,true
689,5,Present.Convert,1,1,false,0.411712000,7,7,true
689,6,Present.CopyToSwapchain,1,2,true,0.035776000,7,7,true
690,0,ASBuild.BuildTLAS,0,0,false,0.124896000,7,7,true
690,1,LightPrepare.Upload,0,0,false,0.001600000,7,7,true
690,2,PathTracing.Trace,0,0,false,0.581056000,7,7,true
690,3,Ui.Overlay,0,0,false,0.012416000,7,7,true
690,4,DLSS.RayReconstruction,1,1,false,0.996640000,7,7,true
690,5,Present.Convert,1,1,false,0.049440000,7,7,true
690,6,Present.CopyToSwapchain,1,2,true,0.199360000,7,7,true
691,0,ASBuild.BuildTLAS,0,0,false,0.123168000,7,7,true
691,1,LightPrepare.Upload,0,0,false,0.002080000,7,7,true
691,2,PathTracing.Trace,0,0,false,1.014656000,7,7,true
691,3,Ui.Overlay,0,0,false,0.016896000,7,7,true
691,4,DLSS.RayReconstruction,1,1,false,1.824800000,7,7,true
691,5,Present.Convert,1,1,false,0.055232000,7,7,true
691,6,Present.CopyToSwapchain,1,2,true,0.026560000,7,7,true
692,0,ASBuild.BuildTLAS,0,0,false,0.128960000,7,7,true
692,1,LightPrepare.Upload,0,0,false,0.002080000,7,7,true
692,2,PathTracing.Trace,0,0,false,0.624512000,7,7,true
692,3,Ui.Overlay,0,0,false,0.012352000,7,7,true
692,4,DLSS.RayReconstruction,1,1,false,0.988480000,7,7,true
692,5,Present.Convert,1,1,false,0.045152000,7,7,true
692,6,Present.CopyToSwapchain,1,2,true,0.025312000,7,7,true
693,0,ASBuild.BuildTLAS,0,0,false,0.122784000,7,7,true
693,1,LightPrepare.Upload,0,0,false,0.002688000,7,7,true
693,2,PathTracing.Trace,0,0,false,0.952608000,7,7,true
693,3,Ui.Overlay,0,0,false,0.022624000,7,7,true
693,4,DLSS.RayReconstruction,1,1,false,1.470240000,7,7,true
693,5,Present.Convert,1,1,false,0.045440000,7,7,true
693,6,Present.CopyToSwapchain,1,2,true,0.022208000,7,7,true
694,0,ASBuild.BuildTLAS,0,0,false,0.119968000,7,7,true
694,1,LightPrepare.Upload,0,0,false,0.002432000,7,7,true
694,2,PathTracing.Trace,0,0,false,0.691776000,7,7,true
694,3,Ui.Overlay,0,0,false,0.014080000,7,7,true
694,4,DLSS.RayReconstruction,1,1,false,1.996128000,7,7,true
694,5,Present.Convert,1,1,false,0.050528000,7,7,true
694,6,Present.CopyToSwapchain,1,2,true,0.026656000,7,7,true
695,0,ASBuild.BuildTLAS,0,0,false,0.140224000,7,7,true
695,1,LightPrepare.Upload,0,0,false,0.002176000,7,7,true
695,2,PathTracing.Trace,0,0,false,0.741152000,7,7,true
695,3,Ui.Overlay,0,0,false,0.014784000,7,7,true
695,4,DLSS.RayReconstruction,1,1,false,1.013344000,7,7,true
695,5,Present.Convert,1,1,false,0.049440000,7,7,true
695,6,Present.CopyToSwapchain,1,2,true,0.203008000,7,7,true
696,0,ASBuild.BuildTLAS,0,0,false,0.127648000,7,7,true
696,1,LightPrepare.Upload,0,0,false,0.002080000,7,7,true
696,2,PathTracing.Trace,0,0,false,0.720064000,7,7,true
696,3,Ui.Overlay,0,0,false,0.015648000,7,7,true
696,4,DLSS.RayReconstruction,1,1,false,1.517600000,7,7,true
696,5,Present.Convert,1,1,false,0.045376000,7,7,true
696,6,Present.CopyToSwapchain,1,2,true,0.024736000,7,7,true
697,0,ASBuild.BuildTLAS,0,0,false,0.129920000,7,7,true
697,1,LightPrepare.Upload,0,0,false,0.002176000,7,7,true
697,2,PathTracing.Trace,0,0,false,0.583360000,7,7,true
697,3,Ui.Overlay,0,0,false,0.012384000,7,7,true
697,4,DLSS.RayReconstruction,1,1,false,1.011328000,7,7,true
697,5,Present.Convert,1,1,false,0.045280000,7,7,true
697,6,Present.CopyToSwapchain,1,2,true,0.024320000,7,7,true
698,0,ASBuild.BuildTLAS,0,0,false,0.119264000,7,7,true
698,1,LightPrepare.Upload,0,0,false,0.010464000,7,7,true
698,2,PathTracing.Trace,0,0,false,0.749280000,7,7,true
698,3,Ui.Overlay,0,0,false,0.017760000,7,7,true
698,4,DLSS.RayReconstruction,1,1,false,1.660608000,7,7,true
698,5,Present.Convert,1,1,false,0.045376000,7,7,true
698,6,Present.CopyToSwapchain,1,2,true,0.023872000,7,7,true
699,0,ASBuild.BuildTLAS,0,0,false,0.127552000,7,7,true
699,1,LightPrepare.Upload,0,0,false,0.001728000,7,7,true
699,2,PathTracing.Trace,0,0,false,0.595232000,7,7,true
699,3,Ui.Overlay,0,0,false,0.012416000,7,7,true
699,4,DLSS.RayReconstruction,1,1,false,1.007072000,7,7,true
699,5,Present.Convert,1,1,false,0.045312000,7,7,true
699,6,Present.CopyToSwapchain,1,2,true,0.024384000,7,7,true
700,0,ASBuild.BuildTLAS,0,0,false,0.124032000,7,7,true
700,1,LightPrepare.Upload,0,0,false,0.001984000,7,7,true
700,2,PathTracing.Trace,0,0,false,0.612352000,7,7,true
700,3,Ui.Overlay,0,0,false,0.022240000,7,7,true
700,4,DLSS.RayReconstruction,1,1,false,1.912256000,7,7,true
700,5,Present.Convert,1,1,false,0.055584000,7,7,true
700,6,Present.CopyToSwapchain,1,2,true,0.152864000,7,7,true
701,0,ASBuild.BuildTLAS,0,0,false,0.115040000,7,7,true
701,1,LightPrepare.Upload,0,0,false,0.002112000,7,7,true
701,2,PathTracing.Trace,0,0,false,1.108832000,7,7,true
701,3,Ui.Overlay,0,0,false,0.049824000,7,7,true
701,4,DLSS.RayReconstruction,1,1,false,2.137440000,7,7,true
701,5,Present.Convert,1,1,false,0.052768000,7,7,true
701,6,Present.CopyToSwapchain,1,2,true,0.023488000,7,7,true
702,0,ASBuild.BuildTLAS,0,0,false,0.129632000,7,7,true
702,1,LightPrepare.Upload,0,0,false,0.007776000,7,7,true
702,2,PathTracing.Trace,0,0,false,1.130912000,7,7,true
702,3,Ui.Overlay,0,0,false,0.025248000,7,7,true
702,4,DLSS.RayReconstruction,1,1,false,1.005632000,7,7,true
702,5,Present.Convert,1,1,false,0.045376000,7,7,true
702,6,Present.CopyToSwapchain,1,2,true,0.024000000,7,7,true
703,0,ASBuild.BuildTLAS,0,0,false,0.119520000,7,7,true
703,1,LightPrepare.Upload,0,0,false,0.002112000,7,7,true
703,2,PathTracing.Trace,0,0,false,1.088352000,7,7,true
703,3,Ui.Overlay,0,0,false,0.031488000,7,7,true
703,4,DLSS.RayReconstruction,1,1,false,1.848992000,7,7,true
703,5,Present.Convert,1,1,false,0.044448000,7,7,true
703,6,Present.CopyToSwapchain,1,2,true,0.024576000,7,7,true
704,0,ASBuild.BuildTLAS,0,0,false,0.142880000,7,7,true
704,1,LightPrepare.Upload,0,0,false,0.002112000,7,7,true
704,2,PathTracing.Trace,0,0,false,0.782176000,7,7,true
704,3,Ui.Overlay,0,0,false,0.027808000,7,7,true
704,4,DLSS.RayReconstruction,1,1,false,1.610752000,7,7,true
704,5,Present.Convert,1,1,false,0.442240000,7,7,true
704,6,Present.CopyToSwapchain,1,2,true,0.041984000,7,7,true
705,0,ASBuild.BuildTLAS,0,0,false,0.119904000,7,7,true
705,1,LightPrepare.Upload,0,0,false,0.002336000,7,7,true
705,2,PathTracing.Trace,0,0,false,0.734880000,7,7,true
705,3,Ui.Overlay,0,0,false,0.029216000,7,7,true
705,4,DLSS.RayReconstruction,1,1,false,1.679520000,7,7,true
705,5,Present.Convert,1,1,false,0.398880000,7,7,true
705,6,Present.CopyToSwapchain,1,2,true,0.043872000,7,7,true
706,0,ASBuild.BuildTLAS,0,0,false,0.129568000,7,7,true
706,1,LightPrepare.Upload,0,0,false,0.002080000,7,7,true
706,2,PathTracing.Trace,0,0,false,0.822144000,7,7,true
706,3,Ui.Overlay,0,0,false,0.012896000,7,7,true
706,4,DLSS.RayReconstruction,1,1,false,0.990400000,7,7,true
706,5,Present.Convert,1,1,false,0.049440000,7,7,true
706,6,Present.CopyToSwapchain,1,2,true,0.022144000,7,7,true
707,0,ASBuild.BuildTLAS,0,0,false,0.127296000,7,7,true
707,1,LightPrepare.Upload,0,0,false,0.002112000,7,7,true
707,2,PathTracing.Trace,0,0,false,0.951136000,7,7,true
707,3,Ui.Overlay,0,0,false,0.015552000,7,7,true
707,4,DLSS.RayReconstruction,1,1,false,1.943872000,7,7,true
707,5,Present.Convert,1,1,false,0.050432000,7,7,true
707,6,Present.CopyToSwapchain,1,2,true,0.023200000,7,7,true
708,0,ASBuild.BuildTLAS,0,0,false,0.112896000,7,7,true
708,1,LightPrepare.Upload,0,0,false,0.001632000,7,7,true
708,2,PathTracing.Trace,0,0,false,0.578976000,7,7,true
708,3,Ui.Overlay,0,0,false,0.012384000,7,7,true
708,4,DLSS.RayReconstruction,1,1,false,0.998528000,7,7,true
708,5,Present.Convert,1,1,false,0.176160000,7,7,true
708,6,Present.CopyToSwapchain,1,2,true,0.346240000,7,7,true
709,0,ASBuild.BuildTLAS,0,0,false,0.128544000,7,7,true
709,1,LightPrepare.Upload,0,0,false,0.002048000,7,7,true
709,2,PathTracing.Trace,0,0,false,0.769952000,7,7,true
709,3,Ui.Overlay,0,0,false,0.025824000,7,7,true
709,4,DLSS.RayReconstruction,1,1,false,1.803712000,7,7,true
709,5,Present.Convert,1,1,false,0.050528000,7,7,true
709,6,Present.CopyToSwapchain,1,2,true,0.024480000,7,7,true
710,0,ASBuild.BuildTLAS,0,0,false,0.125600000,7,7,true
710,1,LightPrepare.Upload,0,0,false,0.002048000,7,7,true
710,2,PathTracing.Trace,0,0,false,0.647136000,7,7,true
710,3,Ui.Overlay,0,0,false,0.012448000,7,7,true
710,4,DLSS.RayReconstruction,1,1,false,0.994592000,7,7,true
710,5,Present.Convert,1,1,false,0.047328000,7,7,true
710,6,Present.CopyToSwapchain,1,2,true,0.102240000,7,7,true
711,0,ASBuild.BuildTLAS,0,0,false,0.142432000,7,7,true
711,1,LightPrepare.Upload,0,0,false,0.002880000,7,7,true
711,2,PathTracing.Trace,0,0,false,0.660576000,7,7,true
711,3,Ui.Overlay,0,0,false,0.022656000,7,7,true
711,4,DLSS.RayReconstruction,1,1,false,1.807520000,7,7,true
711,5,Present.Convert,1,1,false,0.045248000,7,7,true
711,6,Present.CopyToSwapchain,1,2,true,0.023904000,7,7,true
712,0,ASBuild.BuildTLAS,0,0,false,0.128768000,7,7,true
712,1,LightPrepare.Upload,0,0,false,0.002816000,7,7,true
712,2,PathTracing.Trace,0,0,false,0.564288000,7,7,true
712,3,Ui.Overlay,0,0,false,0.012512000,7,7,true
712,4,DLSS.RayReconstruction,1,1,false,0.993312000,7,7,true
712,5,Present.Convert,1,1,false,0.049408000,7,7,true
712,6,Present.CopyToSwapchain,1,2,true,0.202752000,7,7,true
713,0,ASBuild.BuildTLAS,0,0,false,0.132416000,7,7,true
713,1,LightPrepare.Upload,0,0,false,0.002112000,7,7,true
713,2,PathTracing.Trace,0,0,false,0.698208000,7,7,true
713,3,Ui.Overlay,0,0,false,0.023584000,7,7,true
713,4,DLSS.RayReconstruction,1,1,false,1.968256000,7,7,true
713,5,Present.Convert,1,1,false,0.050784000,7,7,true
713,6,Present.CopyToSwapchain,1,2,true,0.023648000,7,7,true
714,0,ASBuild.BuildTLAS,0,0,false,0.128352000,7,7,true
714,1,LightPrepare.Upload,0,0,false,0.002080000,7,7,true
714,2,PathTracing.Trace,0,0,false,0.605696000,7,7,true
714,3,Ui.Overlay,0,0,false,0.012608000,7,7,true
714,4,DLSS.RayReconstruction,1,1,false,0.991200000,7,7,true
714,5,Present.Convert,1,1,false,0.047456000,7,7,true
714,6,Present.CopyToSwapchain,1,2,true,0.073920000,7,7,true
715,0,ASBuild.BuildTLAS,0,0,false,0.096608000,7,7,true
715,1,LightPrepare.Upload,0,0,false,0.002144000,7,7,true
715,2,PathTracing.Trace,0,0,false,0.728928000,7,7,true
715,3,Ui.Overlay,0,0,false,0.022208000,7,7,true
715,4,DLSS.RayReconstruction,1,1,false,1.805568000,7,7,true
715,5,Present.Convert,1,1,false,0.052416000,7,7,true
715,6,Present.CopyToSwapchain,1,2,true,0.024192000,7,7,true
716,0,ASBuild.BuildTLAS,0,0,false,0.121792000,7,7,true
716,1,LightPrepare.Upload,0,0,false,0.002560000,7,7,true
716,2,PathTracing.Trace,0,0,false,0.584192000,7,7,true
716,3,Ui.Overlay,0,0,false,0.012320000,7,7,true
716,4,DLSS.RayReconstruction,1,1,false,0.993248000,7,7,true
716,5,Present.Convert,1,1,false,0.356224000,7,7,true
716,6,Present.CopyToSwapchain,1,2,true,0.165536000,7,7,true
717,0,ASBuild.BuildTLAS,0,0,false,0.150816000,7,7,true
717,1,LightPrepare.Upload,0,0,false,0.002144000,7,7,true
717,2,PathTracing.Trace,0,0,false,0.720704000,7,7,true
717,3,Ui.Overlay,0,0,false,0.028736000,7,7,true
717,4,DLSS.RayReconstruction,1,1,false,2.032608000,7,7,true
717,5,Present.Convert,1,1,false,0.050336000,7,7,true
717,6,Present.CopyToSwapchain,1,2,true,0.031200000,7,7,true
718,0,ASBuild.BuildTLAS,0,0,false,0.126816000,7,7,true
718,1,LightPrepare.Upload,0,0,false,0.002400000,7,7,true
718,2,PathTracing.Trace,0,0,false,0.615968000,7,7,true
718,3,Ui.Overlay,0,0,false,0.012512000,7,7,true
718,4,DLSS.RayReconstruction,1,1,false,0.996064000,7,7,true
718,5,Present.Convert,1,1,false,0.045376000,7,7,true
718,6,Present.CopyToSwapchain,1,2,true,0.022176000,7,7,true
719,0,ASBuild.BuildTLAS,0,0,false,0.135712000,7,7,true
719,1,LightPrepare.Upload,0,0,false,0.002176000,7,7,true
719,2,PathTracing.Trace,0,0,false,0.937728000,7,7,true
719,3,Ui.Overlay,0,0,false,0.015712000,7,7,true
719,4,DLSS.RayReconstruction,1,1,false,1.740128000,7,7,true
719,5,Present.Convert,1,1,false,0.612384000,7,7,true
719,6,Present.CopyToSwapchain,1,2,true,0.294976000,7,7,true
720,0,ASBuild.BuildTLAS,0,0,false,0.132928000,7,7,true
720,1,LightPrepare.Upload,0,0,false,0.002272000,7,7,true
720,2,PathTracing.Trace,0,0,false,0.946880000,7,7,true
720,3,Ui.Overlay,0,0,false,0.019168000,7,7,true
720,4,DLSS.RayReconstruction,1,1,false,1.009504000,7,7,true
720,5,Present.Convert,1,1,false,0.047072000,7,7,true
720,6,Present.CopyToSwapchain,1,2,true,0.023360000,7,7,true
721,0,ASBuild.BuildTLAS,0,0,false,0.128544000,7,7,true
721,1,LightPrepare.Upload,0,0,false,0.002048000,7,7,true
721,2,PathTracing.Trace,0,0,false,1.017760000,7,7,true
721,3,Ui.Overlay,0,0,false,0.012448000,7,7,true
721,4,DLSS.RayReconstruction,1,1,false,1.480352000,7,7,true
721,5,Present.Convert,1,1,false,0.045408000,7,7,true
721,6,Present.CopyToSwapchain,1,2,true,0.024352000,7,7,true
722,0,ASBuild.BuildTLAS,0,0,false,0.104096000,7,7,true
722,1,LightPrepare.Upload,0,0,false,0.001600000,7,7,true
722,2,PathTracing.Trace,0,0,false,0.632256000,7,7,true
722,3,Ui.Overlay,0,0,false,0.012640000,7,7,true
722,4,DLSS.RayReconstruction,1,1,false,1.011648000,7,7,true
722,5,Present.Convert,1,1,false,0.047488000,7,7,true
722,6,Present.CopyToSwapchain,1,2,true,0.023584000,7,7,true
723,0,ASBuild.BuildTLAS,0,0,false,0.124320000,7,7,true
723,1,LightPrepare.Upload,0,0,false,0.002048000,7,7,true
723,2,PathTracing.Trace,0,0,false,0.661440000,7,7,true
723,3,Ui.Overlay,0,0,false,0.021504000,7,7,true
723,4,DLSS.RayReconstruction,1,1,false,1.495136000,7,7,true
723,5,Present.Convert,1,1,false,0.045088000,7,7,true
723,6,Present.CopyToSwapchain,1,2,true,0.026432000,7,7,true
724,0,ASBuild.BuildTLAS,0,0,false,0.102048000,7,7,true
724,1,LightPrepare.Upload,0,0,false,0.001600000,7,7,true
724,2,PathTracing.Trace,0,0,false,0.584128000,7,7,true
724,3,Ui.Overlay,0,0,false,0.012576000,7,7,true
724,4,DLSS.RayReconstruction,1,1,false,1.003520000,7,7,true
724,5,Present.Convert,1,1,false,0.045408000,7,7,true
724,6,Present.CopyToSwapchain,1,2,true,0.023968000,7,7,true
725,0,ASBuild.BuildTLAS,0,0,false,0.114304000,7,7,true
725,1,LightPrepare.Upload,0,0,false,0.002112000,7,7,true
725,2,PathTracing.Trace,0,0,false,0.640864000,7,7,true
725,3,Ui.Overlay,0,0,false,0.023392000,7,7,true
725,4,DLSS.RayReconstruction,1,1,false,1.876800000,7,7,true
725,5,Present.Convert,1,1,false,0.045440000,7,7,true
725,6,Present.CopyToSwapchain,1,2,true,0.023264000,7,7,true
726,0,ASBuild.BuildTLAS,0,0,false,0.156800000,7,7,true
726,1,LightPrepare.Upload,0,0,false,0.002272000,7,7,true
726,2,PathTracing.Trace,0,0,false,1.117856000,7,7,true
726,3,Ui.Overlay,0,0,false,0.012704000,7,7,true
726,4,DLSS.RayReconstruction,1,1,false,1.527008000,7,7,true
726,5,Present.Convert,1,1,false,0.047072000,7,7,true
726,6,Present.CopyToSwapchain,1,2,true,0.023840000,7,7,true
727,0,ASBuild.BuildTLAS,0,0,false,0.117568000,7,7,true
727,1,LightPrepare.Upload,0,0,false,0.002112000,7,7,true
727,2,PathTracing.Trace,0,0,false,0.730976000,7,7,true
727,3,Ui.Overlay,0,0,false,0.019392000,7,7,true
727,4,DLSS.RayReconstruction,1,1,false,1.911424000,7,7,true
727,5,Present.Convert,1,1,false,0.045408000,7,7,true
727,6,Present.CopyToSwapchain,1,2,true,0.022624000,7,7,true
728,0,ASBuild.BuildTLAS,0,0,false,0.104896000,7,7,true
728,1,LightPrepare.Upload,0,0,false,0.001696000,7,7,true
728,2,PathTracing.Trace,0,0,false,1.402208000,7,7,true
728,3,Ui.Overlay,0,0,false,0.025024000,7,7,true
728,4,DLSS.RayReconstruction,1,1,false,1.003360000,7,7,true
728,5,Present.Convert,1,1,false,0.049536000,7,7,true
728,6,Present.CopyToSwapchain,1,2,true,0.021472000,7,7,true
729,0,ASBuild.BuildTLAS,0,0,false,0.094912000,7,7,true
729,1,LightPrepare.Upload,0,0,false,0.003776000,7,7,true
729,2,PathTracing.Trace,0,0,false,0.944352000,7,7,true
729,3,Ui.Overlay,0,0,false,0.018528000,7,7,true
729,4,DLSS.RayReconstruction,1,1,false,1.510816000,7,7,true
729,5,Present.Convert,1,1,false,0.045440000,7,7,true
729,6,Present.CopyToSwapchain,1,2,true,0.022400000,7,7,true
730,0,ASBuild.BuildTLAS,0,0,false,0.110400000,7,7,true
730,1,LightPrepare.Upload,0,0,false,0.001600000,7,7,true
730,2,PathTracing.Trace,0,0,false,0.577984000,7,7,true
730,3,Ui.Overlay,0,0,false,0.012768000,7,7,true
730,4,DLSS.RayReconstruction,1,1,false,1.008960000,7,7,true
730,5,Present.Convert,1,1,false,0.047168000,7,7,true
730,6,Present.CopyToSwapchain,1,2,true,0.024064000,7,7,true
731,0,ASBuild.BuildTLAS,0,0,false,0.132000000,7,7,true
731,1,LightPrepare.Upload,0,0,false,0.002016000,7,7,true
731,2,PathTracing.Trace,0,0,false,0.690304000,7,7,true
731,3,Ui.Overlay,0,0,false,0.037280000,7,7,true
731,4,DLSS.RayReconstruction,1,1,false,1.500768000,7,7,true
731,5,Present.Convert,1,1,false,0.045376000,7,7,true
731,6,Present.CopyToSwapchain,1,2,true,0.021856000,7,7,true
732,0,ASBuild.BuildTLAS,0,0,false,0.121152000,7,7,true
732,1,LightPrepare.Upload,0,0,false,0.216640000,7,7,true
732,2,PathTracing.Trace,0,0,false,1.151360000,7,7,true
732,3,Ui.Overlay,0,0,false,0.018240000,7,7,true
732,4,DLSS.RayReconstruction,1,1,false,0.993088000,7,7,true
732,5,Present.Convert,1,1,false,0.045408000,7,7,true
732,6,Present.CopyToSwapchain,1,2,true,0.024160000,7,7,true
733,0,ASBuild.BuildTLAS,0,0,false,0.128960000,7,7,true
733,1,LightPrepare.Upload,0,0,false,0.002080000,7,7,true
733,2,PathTracing.Trace,0,0,false,0.688000000,7,7,true
733,3,Ui.Overlay,0,0,false,0.012352000,7,7,true
733,4,DLSS.RayReconstruction,1,1,false,2.416832000,7,7,true
733,5,Present.Convert,1,1,false,0.050496000,7,7,true
733,6,Present.CopyToSwapchain,1,2,true,0.023648000,7,7,true
734,0,ASBuild.BuildTLAS,0,0,false,0.115776000,7,7,true
734,1,LightPrepare.Upload,0,0,false,0.002176000,7,7,true
734,2,PathTracing.Trace,0,0,false,1.137440000,7,7,true
734,3,Ui.Overlay,0,0,false,0.022336000,7,7,true
734,4,DLSS.RayReconstruction,1,1,false,0.986464000,7,7,true
734,5,Present.Convert,1,1,false,0.047360000,7,7,true
734,6,Present.CopyToSwapchain,1,2,true,0.023296000,7,7,true
735,0,ASBuild.BuildTLAS,0,0,false,0.158272000,7,7,true
735,1,LightPrepare.Upload,0,0,false,0.002048000,7,7,true
735,2,PathTracing.Trace,0,0,false,0.681888000,7,7,true
735,3,Ui.Overlay,0,0,false,0.026112000,7,7,true
735,4,DLSS.RayReconstruction,1,1,false,1.504928000,7,7,true
735,5,Present.Convert,1,1,false,0.045440000,7,7,true
735,6,Present.CopyToSwapchain,1,2,true,0.023776000,7,7,true
736,0,ASBuild.BuildTLAS,0,0,false,0.119808000,7,7,true
736,1,LightPrepare.Upload,0,0,false,0.001664000,7,7,true
736,2,PathTracing.Trace,0,0,false,0.555392000,7,7,true
736,3,Ui.Overlay,0,0,false,0.012448000,7,7,true
736,4,DLSS.RayReconstruction,1,1,false,0.982464000,7,7,true
736,5,Present.Convert,1,1,false,0.045376000,7,7,true
736,6,Present.CopyToSwapchain,1,2,true,0.024000000,7,7,true
737,0,ASBuild.BuildTLAS,0,0,false,0.140576000,7,7,true
737,1,LightPrepare.Upload,0,0,false,0.002112000,7,7,true
737,2,PathTracing.Trace,0,0,false,0.743264000,7,7,true
737,3,Ui.Overlay,0,0,false,0.020704000,7,7,true
737,4,DLSS.RayReconstruction,1,1,false,1.492736000,7,7,true
737,5,Present.Convert,1,1,false,0.045408000,7,7,true
737,6,Present.CopyToSwapchain,1,2,true,0.023200000,7,7,true
738,0,ASBuild.BuildTLAS,0,0,false,0.092512000,7,7,true
738,1,LightPrepare.Upload,0,0,false,0.001600000,7,7,true
738,2,PathTracing.Trace,0,0,false,0.603552000,7,7,true
738,3,Ui.Overlay,0,0,false,0.012640000,7,7,true
738,4,DLSS.RayReconstruction,1,1,false,1.178976000,7,7,true
738,5,Present.Convert,1,1,false,0.045216000,7,7,true
738,6,Present.CopyToSwapchain,1,2,true,0.023936000,7,7,true
739,0,ASBuild.BuildTLAS,0,0,false,0.110752000,7,7,true
739,1,LightPrepare.Upload,0,0,false,0.003648000,7,7,true
739,2,PathTracing.Trace,0,0,false,0.655744000,7,7,true
739,3,Ui.Overlay,0,0,false,0.019520000,7,7,true
739,4,DLSS.RayReconstruction,1,1,false,1.522944000,7,7,true
739,5,Present.Convert,1,1,false,0.045472000,7,7,true
739,6,Present.CopyToSwapchain,1,2,true,0.024480000,7,7,true
740,0,ASBuild.BuildTLAS,0,0,false,0.092224000,7,7,true
740,1,LightPrepare.Upload,0,0,false,0.001824000,7,7,true
740,2,PathTracing.Trace,0,0,false,0.568544000,7,7,true
740,3,Ui.Overlay,0,0,false,0.012512000,7,7,true
740,4,DLSS.RayReconstruction,1,1,false,1.826944000,7,7,true
740,5,Present.Convert,1,1,false,0.047328000,7,7,true
740,6,Present.CopyToSwapchain,1,2,true,0.024128000,7,7,true
741,0,ASBuild.BuildTLAS,0,0,false,0.151616000,7,7,true
741,1,LightPrepare.Upload,0,0,false,0.006176000,7,7,true
741,2,PathTracing.Trace,0,0,false,0.696192000,7,7,true
741,3,Ui.Overlay,0,0,false,0.021536000,7,7,true
741,4,DLSS.RayReconstruction,1,1,false,0.993376000,7,7,true
741,5,Present.Convert,1,1,false,0.047360000,7,7,true
741,6,Present.CopyToSwapchain,1,2,true,0.067104000,7,7,true
742,0,ASBuild.BuildTLAS,0,0,false,0.129184000,7,7,true
742,1,LightPrepare.Upload,0,0,false,0.002112000,7,7,true
742,2,PathTracing.Trace,0,0,false,0.677728000,7,7,true
742,3,Ui.Overlay,0,0,false,0.021568000,7,7,true
742,4,DLSS.RayReconstruction,1,1,false,1.790144000,7,7,true
742,5,Present.Convert,1,1,false,0.050304000,7,7,true
742,6,Present.CopyToSwapchain,1,2,true,0.024512000,7,7,true
743,0,ASBuild.BuildTLAS,0,0,false,0.129376000,7,7,true
743,1,LightPrepare.Upload,0,0,false,0.002240000,7,7,true
743,2,PathTracing.Trace,0,0,false,0.587584000,7,7,true
743,3,Ui.Overlay,0,0,false,0.012256000,7,7,true
743,4,DLSS.RayReconstruction,1,1,false,0.985184000,7,7,true
743,5,Present.Convert,1,1,false,0.045440000,7,7,true
743,6,Present.CopyToSwapchain,1,2,true,0.023936000,7,7,true
744,0,ASBuild.BuildTLAS,0,0,false,0.123648000,7,7,true
744,1,LightPrepare.Upload,0,0,false,0.001984000,7,7,true
744,2,PathTracing.Trace,0,0,false,0.702464000,7,7,true
744,3,Ui.Overlay,0,0,false,0.019296000,7,7,true
744,4,DLSS.RayReconstruction,1,1,false,1.995232000,7,7,true
744,5,Present.Convert,1,1,false,0.541536000,7,7,true
744,6,Present.CopyToSwapchain,1,2,true,0.203520000,7,7,true
745,0,ASBuild.BuildTLAS,0,0,false,0.139072000,7,7,true
745,1,LightPrepare.Upload,0,0,false,0.002016000,7,7,true
745,2,PathTracing.Trace,0,0,false,1.237952000,7,7,true
745,3,Ui.Overlay,0,0,false,0.019328000,7,7,true
745,4,DLSS.RayReconstruction,1,1,false,1.011616000,7,7,true
745,5,Present.Convert,1,1,false,0.321472000,7,7,true
745,6,Present.CopyToSwapchain,1,2,true,0.219328000,7,7,true
746,0,ASBuild.BuildTLAS,0,0,false,0.124512000,7,7,true
746,1,LightPrepare.Upload,0,0,false,0.002496000,7,7,true
746,2,PathTracing.Trace,0,0,false,0.849376000,7,7,true
746,3,Ui.Overlay,0,0,false,0.012480000,7,7,true
746,4,DLSS.RayReconstruction,1,1,false,1.484256000,7,7,true
746,5,Present.Convert,1,1,false,0.045376000,7,7,true
746,6,Present.CopyToSwapchain,1,2,true,0.024064000,7,7,true
747,0,ASBuild.BuildTLAS,0,0,false,0.130080000,7,7,true
747,1,LightPrepare.Upload,0,0,false,0.006144000,7,7,true
747,2,PathTracing.Trace,0,0,false,0.649088000,7,7,true
747,3,Ui.Overlay,0,0,false,0.012288000,7,7,true
747,4,DLSS.RayReconstruction,1,1,false,1.005344000,7,7,true
747,5,Present.Convert,1,1,false,0.045312000,7,7,true
747,6,Present.CopyToSwapchain,1,2,true,0.037632000,7,7,true
748,0,ASBuild.BuildTLAS,0,0,false,0.120416000,7,7,true
748,1,LightPrepare.Upload,0,0,false,0.002176000,7,7,true
748,2,PathTracing.Trace,0,0,false,0.685856000,7,7,true
748,3,Ui.Overlay,0,0,false,0.020160000,7,7,true
748,4,DLSS.RayReconstruction,1,1,false,1.492768000,7,7,true
748,5,Present.Convert,1,1,false,0.045440000,7,7,true
748,6,Present.CopyToSwapchain,1,2,true,0.022784000,7,7,true
749,0,ASBuild.BuildTLAS,0,0,false,0.124544000,7,7,true
749,1,LightPrepare.Upload,0,0,false,0.002176000,7,7,true
749,2,PathTracing.Trace,0,0,false,0.583424000,7,7,true
749,3,Ui.Overlay,0,0,false,0.012032000,7,7,true
749,4,DLSS.RayReconstruction,1,1,false,1.332480000,7,7,true
749,5,Present.Convert,1,1,false,0.190560000,7,7,true
749,6,Present.CopyToSwapchain,1,2,true,0.029312000,7,7,true
750,0,ASBuild.BuildTLAS,0,0,false,0.118400000,7,7,true
750,1,LightPrepare.Upload,0,0,false,0.001888000,7,7,true
750,2,PathTracing.Trace,0,0,false,0.757856000,7,7,true
750,3,Ui.Overlay,0,0,false,0.019968000,7,7,true
750,4,DLSS.RayReconstruction,1,1,false,1.490304000,7,7,true
750,5,Present.Convert,1,1,false,0.045408000,7,7,true
750,6,Present.CopyToSwapchain,1,2,true,0.024064000,7,7,true
751,0,ASBuild.BuildTLAS,0,0,false,0.126880000,7,7,true
751,1,LightPrepare.Upload,0,0,false,0.002368000,7,7,true
751,2,PathTracing.Trace,0,0,false,0.650848000,7,7,true
751,3,Ui.Overlay,0,0,false,0.012064000,7,7,true
751,4,DLSS.RayReconstruction,1,1,false,1.001280000,7,7,true
751,5,Present.Convert,1,1,false,0.045440000,7,7,true
751,6,Present.CopyToSwapchain,1,2,true,0.022208000,7,7,true
752,0,ASBuild.BuildTLAS,0,0,false,0.127200000,7,7,true
752,1,LightPrepare.Upload,0,0,false,0.002080000,7,7,true
752,2,PathTracing.Trace,0,0,false,0.661376000,7,7,true
752,3,Ui.Overlay,0,0,false,0.020832000,7,7,true
752,4,DLSS.RayReconstruction,1,1,false,1.915552000,7,7,true
752,5,Present.Convert,1,1,false,0.047712000,7,7,true
752,6,Present.CopyToSwapchain,1,2,true,0.180480000,7,7,true
753,0,ASBuild.BuildTLAS,0,0,false,0.535872000,7,7,true
753,1,LightPrepare.Upload,0,0,false,0.006176000,7,7,true
753,2,PathTracing.Trace,0,0,false,0.741216000,7,7,true
753,3,Ui.Overlay,0,0,false,0.022592000,7,7,true
753,4,DLSS.RayReconstruction,1,1,false,1.775104000,7,7,true
753,5,Present.Convert,1,1,false,0.045376000,7,7,true
753,6,Present.CopyToSwapchain,1,2,true,0.024224000,7,7,true
754,0,ASBuild.BuildTLAS,0,0,false,0.127392000,7,7,true
754,1,LightPrepare.Upload,0,0,false,0.002240000,7,7,true
754,2,PathTracing.Trace,0,0,false,0.988928000,7,7,true
754,3,Ui.Overlay,0,0,false,0.025056000,7,7,true
754,4,DLSS.RayReconstruction,1,1,false,1.492352000,7,7,true
754,5,Present.Convert,1,1,false,0.047200000,7,7,true
754,6,Present.CopyToSwapchain,1,2,true,0.024480000,7,7,true
755,0,ASBuild.BuildTLAS,0,0,false,0.145056000,7,7,true
755,1,LightPrepare.Upload,0,0,false,0.002112000,7,7,true
755,2,PathTracing.Trace,0,0,false,0.683872000,7,7,true
755,3,Ui.Overlay,0,0,false,0.021408000,7,7,true
755,4,DLSS.RayReconstruction,1,1,false,1.004992000,7,7,true
755,5,Present.Convert,1,1,false,0.049472000,7,7,true
755,6,Present.CopyToSwapchain,1,2,true,0.020992000,7,7,true
756,0,ASBuild.BuildTLAS,0,0,false,0.124576000,7,7,true
756,1,LightPrepare.Upload,0,0,false,0.006112000,7,7,true
756,2,PathTracing.Trace,0,0,false,0.688064000,7,7,true
756,3,Ui.Overlay,0,0,false,0.022592000,7,7,true
756,4,DLSS.RayReconstruction,1,1,false,1.480480000,7,7,true
756,5,Present.Convert,1,1,false,0.045216000,7,7,true
756,6,Present.CopyToSwapchain,1,2,true,0.024224000,7,7,true
757,0,ASBuild.BuildTLAS,0,0,false,0.109984000,7,7,true
757,1,LightPrepare.Upload,0,0,false,0.001568000,7,7,true
757,2,PathTracing.Trace,0,0,false,0.573888000,7,7,true
757,3,Ui.Overlay,0,0,false,0.012384000,7,7,true
757,4,DLSS.RayReconstruction,1,1,false,1.019296000,7,7,true
757,5,Present.Convert,1,1,false,0.358784000,7,7,true
757,6,Present.CopyToSwapchain,1,2,true,0.178496000,7,7,true
758,0,ASBuild.BuildTLAS,0,0,false,0.128416000,7,7,true
758,1,LightPrepare.Upload,0,0,false,0.002560000,7,7,true
758,2,PathTracing.Trace,0,0,false,0.740768000,7,7,true
758,3,Ui.Overlay,0,0,false,0.017312000,7,7,true
758,4,DLSS.RayReconstruction,1,1,false,1.500608000,7,7,true
758,5,Present.Convert,1,1,false,0.045376000,7,7,true
758,6,Present.CopyToSwapchain,1,2,true,0.023904000,7,7,true
759,0,ASBuild.BuildTLAS,0,0,false,0.125440000,7,7,true
759,1,LightPrepare.Upload,0,0,false,0.002176000,7,7,true
759,2,PathTracing.Trace,0,0,false,0.692000000,7,7,true
759,3,Ui.Overlay,0,0,false,0.012608000,7,7,true
759,4,DLSS.RayReconstruction,1,1,false,1.009696000,7,7,true
759,5,Present.Convert,1,1,false,0.045408000,7,7,true
759,6,Present.CopyToSwapchain,1,2,true,0.023936000,7,7,true
760,0,ASBuild.BuildTLAS,0,0,false,0.135008000,7,7,true
760,1,LightPrepare.Upload,0,0,false,0.002080000,7,7,true
760,2,PathTracing.Trace,0,0,false,0.702336000,7,7,true
760,3,Ui.Overlay,0,0,false,0.022560000,7,7,true
760,4,DLSS.RayReconstruction,1,1,false,2.380800000,7,7,true
760,5,Present.Convert,1,1,false,0.052544000,7,7,true
760,6,Present.CopyToSwapchain,1,2,true,0.024480000,7,7,true
761,0,ASBuild.BuildTLAS,0,0,false,0.117472000,7,7,true
761,1,LightPrepare.Upload,0,0,false,0.002080000,7,7,true
761,2,PathTracing.Trace,0,0,false,1.110912000,7,7,true
761,3,Ui.Overlay,0,0,false,0.027776000,7,7,true
761,4,DLSS.RayReconstruction,1,1,false,1.013856000,7,7,true
761,5,Present.Convert,1,1,false,0.049312000,7,7,true
761,6,Present.CopyToSwapchain,1,2,true,0.200288000,7,7,true
762,0,ASBuild.BuildTLAS,0,0,false,0.128896000,7,7,true
762,1,LightPrepare.Upload,0,0,false,0.006560000,7,7,true
762,2,PathTracing.Trace,0,0,false,0.699904000,7,7,true
762,3,Ui.Overlay,0,0,false,0.029248000,7,7,true
762,4,DLSS.RayReconstruction,1,1,false,1.496800000,7,7,true
762,5,Present.Convert,1,1,false,0.045440000,7,7,true
762,6,Present.CopyToSwapchain,1,2,true,0.024256000,7,7,true
763,0,ASBuild.BuildTLAS,0,0,false,0.136256000,7,7,true
763,1,LightPrepare.Upload,0,0,false,0.002688000,7,7,true
763,2,PathTracing.Trace,0,0,false,0.732448000,7,7,true
763,3,Ui.Overlay,0,0,false,0.012800000,7,7,true
763,4,DLSS.RayReconstruction,1,1,false,1.011392000,7,7,true
763,5,Present.Convert,1,1,false,0.049216000,7,7,true
763,6,Present.CopyToSwapchain,1,2,true,0.023552000,7,7,true
764,0,ASBuild.BuildTLAS,0,0,false,0.106976000,7,7,true
764,1,LightPrepare.Upload,0,0,false,0.002144000,7,7,true
764,2,PathTracing.Trace,0,0,false,0.677728000,7,7,true
764,3,Ui.Overlay,0,0,false,0.021632000,7,7,true
764,4,DLSS.RayReconstruction,1,1,false,1.474336000,7,7,true
764,5,Present.Convert,1,1,false,0.045440000,7,7,true
764,6,Present.CopyToSwapchain,1,2,true,0.023712000,7,7,true
765,0,ASBuild.BuildTLAS,0,0,false,0.109536000,7,7,true
765,1,LightPrepare.Upload,0,0,false,0.001760000,7,7,true
765,2,PathTracing.Trace,0,0,false,0.583968000,7,7,true
765,3,Ui.Overlay,0,0,false,0.012640000,7,7,true
765,4,DLSS.RayReconstruction,1,1,false,1.009280000,7,7,true
765,5,Present.Convert,1,1,false,0.047456000,7,7,true
765,6,Present.CopyToSwapchain,1,2,true,0.024416000,7,7,true
766,0,ASBuild.BuildTLAS,0,0,false,0.118880000,7,7,true
766,1,LightPrepare.Upload,0,0,false,0.002432000,7,7,true
766,2,PathTracing.Trace,0,0,false,0.644640000,7,7,true
766,3,Ui.Overlay,0,0,false,0.033824000,7,7,true
766,4,DLSS.RayReconstruction,1,1,false,2.332672000,7,7,true
766,5,Present.Convert,1,1,false,0.045344000,7,7,true
766,6,Present.CopyToSwapchain,1,2,true,0.024448000,7,7,true
767,0,ASBuild.BuildTLAS,0,0,false,0.117664000,7,7,true
767,1,LightPrepare.Upload,0,0,false,0.002080000,7,7,true
767,2,PathTracing.Trace,0,0,false,1.049472000,7,7,true
767,3,Ui.Overlay,0,0,false,0.018304000,7,7,true
767,4,DLSS.RayReconstruction,1,1,false,1.688960000,7,7,true
767,5,Present.Convert,1,1,false,0.093504000,7,7,true
767,6,Present.CopyToSwapchain,1,2,true,0.024832000,7,7,true
768,0,ASBuild.BuildTLAS,0,0,false,0.136384000,7,7,true
768,1,LightPrepare.Upload,0,0,false,0.002080000,7,7,true
768,2,PathTracing.Trace,0,0,false,0.632672000,7,7,true
768,3,Ui.Overlay,0,0,false,0.020416000,7,7,true
768,4,DLSS.RayReconstruction,1,1,false,1.648288000,7,7,true
768,5,Present.Convert,1,1,false,0.053504000,7,7,true
768,6,Present.CopyToSwapchain,1,2,true,0.024064000,7,7,true
769,0,ASBuild.BuildTLAS,0,0,false,0.127296000,7,7,true
769,1,LightPrepare.Upload,0,0,false,0.002336000,7,7,true
769,2,PathTracing.Trace,0,0,false,1.302144000,7,7,true
769,3,Ui.Overlay,0,0,false,0.015968000,7,7,true
769,4,DLSS.RayReconstruction,1,1,false,1.015776000,7,7,true
769,5,Present.Convert,1,1,false,0.047456000,7,7,true
769,6,Present.CopyToSwapchain,1,2,true,0.023840000,7,7,true
770,0,ASBuild.BuildTLAS,0,0,false,0.128352000,7,7,true
770,1,LightPrepare.Upload,0,0,false,0.002080000,7,7,true
770,2,PathTracing.Trace,0,0,false,0.708480000,7,7,true
770,3,Ui.Overlay,0,0,false,0.013088000,7,7,true
770,4,DLSS.RayReconstruction,1,1,false,1.487072000,7,7,true
770,5,Present.Convert,1,1,false,0.045440000,7,7,true
770,6,Present.CopyToSwapchain,1,2,true,0.021984000,7,7,true
771,0,ASBuild.BuildTLAS,0,0,false,0.131776000,7,7,true
771,1,LightPrepare.Upload,0,0,false,0.001600000,7,7,true
771,2,PathTracing.Trace,0,0,false,0.950720000,7,7,true
771,3,Ui.Overlay,0,0,false,0.012448000,7,7,true
771,4,DLSS.RayReconstruction,1,1,false,1.003360000,7,7,true
771,5,Present.Convert,1,1,false,0.049152000,7,7,true
771,6,Present.CopyToSwapchain,1,2,true,0.022400000,7,7,true
772,0,ASBuild.BuildTLAS,0,0,false,0.124000000,7,7,true
772,1,LightPrepare.Upload,0,0,false,0.002176000,7,7,true
772,2,PathTracing.Trace,0,0,false,0.689920000,7,7,true
772,3,Ui.Overlay,0,0,false,0.021440000,7,7,true
772,4,DLSS.RayReconstruction,1,1,false,1.505056000,7,7,true
772,5,Present.Convert,1,1,false,0.045376000,7,7,true
772,6,Present.CopyToSwapchain,1,2,true,0.022752000,7,7,true
773,0,ASBuild.BuildTLAS,0,0,false,0.113024000,7,7,true
773,1,LightPrepare.Upload,0,0,false,0.001632000,7,7,true
773,2,PathTracing.Trace,0,0,false,0.562592000,7,7,true
773,3,Ui.Overlay,0,0,false,0.012480000,7,7,true
773,4,DLSS.RayReconstruction,1,1,false,0.988768000,7,7,true
773,5,Present.Convert,1,1,false,0.550912000,7,7,true
773,6,Present.CopyToSwapchain,1,2,true,0.126304000,7,7,true
774,0,ASBuild.BuildTLAS,0,0,false,0.119904000,7,7,true
774,1,LightPrepare.Upload,0,0,false,0.002144000,7,7,true
774,2,PathTracing.Trace,0,0,false,0.673408000,7,7,true
774,3,Ui.Overlay,0,0,false,0.022592000,7,7,true
774,4,DLSS.RayReconstruction,1,1,false,1.499008000,7,7,true
774,5,Present.Convert,1,1,false,0.045376000,7,7,true
774,6,Present.CopyToSwapchain,1,2,true,0.022176000,7,7,true
775,0,ASBuild.BuildTLAS,0,0,false,0.590592000,7,7,true
775,1,LightPrepare.Upload,0,0,false,0.002112000,7,7,true
775,2,PathTracing.Trace,0,0,false,0.611264000,7,7,true
775,3,Ui.Overlay,0,0,false,0.012672000,7,7,true
775,4,DLSS.RayReconstruction,1,1,false,0.992800000,7,7,true
775,5,Present.Convert,1,1,false,0.047264000,7,7,true
775,6,Present.CopyToSwapchain,1,2,true,0.023808000,7,7,true
776,0,ASBuild.BuildTLAS,0,0,false,0.118528000,7,7,true
776,1,LightPrepare.Upload,0,0,false,0.003072000,7,7,true
776,2,PathTracing.Trace,0,0,false,0.664384000,7,7,true
776,3,Ui.Overlay,0,0,false,0.023616000,7,7,true
776,4,DLSS.RayReconstruction,1,1,false,1.467712000,7,7,true
776,5,Present.Convert,1,1,false,0.045408000,7,7,true
776,6,Present.CopyToSwapchain,1,2,true,0.023744000,7,7,true
777,0,ASBuild.BuildTLAS,0,0,false,0.123392000,7,7,true
777,1,LightPrepare.Upload,0,0,false,0.001600000,7,7,true
777,2,PathTracing.Trace,0,0,false,0.568768000,7,7,true
777,3,Ui.Overlay,0,0,false,0.012608000,7,7,true
777,4,DLSS.RayReconstruction,1,1,false,0.988960000,7,7,true
777,5,Present.Convert,1,1,false,0.045344000,7,7,true
777,6,Present.CopyToSwapchain,1,2,true,0.024416000,7,7,true
778,0,ASBuild.BuildTLAS,0,0,false,0.123168000,7,7,true
778,1,LightPrepare.Upload,0,0,false,0.002176000,7,7,true
778,2,PathTracing.Trace,0,0,false,0.663328000,7,7,true
778,3,Ui.Overlay,0,0,false,0.026688000,7,7,true
778,4,DLSS.RayReconstruction,1,1,false,1.515232000,7,7,true
778,5,Present.Convert,1,1,false,0.045408000,7,7,true
778,6,Present.CopyToSwapchain,1,2,true,0.024256000,7,7,true
779,0,ASBuild.BuildTLAS,0,0,false,0.118464000,7,7,true
779,1,LightPrepare.Upload,0,0,false,0.002080000,7,7,true
779,2,PathTracing.Trace,0,0,false,0.718720000,7,7,true
779,3,Ui.Overlay,0,0,false,0.027456000,7,7,true
779,4,DLSS.RayReconstruction,1,1,false,1.786176000,7,7,true
779,5,Present.Convert,1,1,false,0.049792000,7,7,true
779,6,Present.CopyToSwapchain,1,2,true,0.025376000,7,7,true
780,0,ASBuild.BuildTLAS,0,0,false,0.313664000,7,7,true
780,1,LightPrepare.Upload,0,0,false,0.002112000,7,7,true
780,2,PathTracing.Trace,0,0,false,0.747360000,7,7,true
780,3,Ui.Overlay,0,0,false,0.021920000,7,7,true
780,4,DLSS.RayReconstruction,1,1,false,1.992640000,7,7,true
780,5,Present.Convert,1,1,false,0.045344000,7,7,true
780,6,Present.CopyToSwapchain,1,2,true,0.022400000,7,7,true
781,0,ASBuild.BuildTLAS,0,0,false,0.101600000,7,7,true
781,1,LightPrepare.Upload,0,0,false,0.001600000,7,7,true
781,2,PathTracing.Trace,0,0,false,1.229248000,7,7,true
781,3,Ui.Overlay,0,0,false,0.020928000,7,7,true
781,4,DLSS.RayReconstruction,1,1,false,1.302816000,7,7,true
781,5,Present.Convert,1,1,false,0.404992000,7,7,true
781,6,Present.CopyToSwapchain,1,2,true,0.042560000,7,7,true
782,0,ASBuild.BuildTLAS,0,0,false,0.148480000,7,7,true
782,1,LightPrepare.Upload,0,0,false,0.002080000,7,7,true
782,2,PathTracing.Trace,0,0,false,0.735104000,7,7,true
782,3,Ui.Overlay,0,0,false,0.019936000,7,7,true
782,4,DLSS.RayReconstruction,1,1,false,1.436544000,7,7,true
782,5,Present.Convert,1,1,false,0.076000000,7,7,true
782,6,Present.CopyToSwapchain,1,2,true,0.026624000,7,7,true
783,0,ASBuild.BuildTLAS,0,0,false,0.328736000,7,7,true
783,1,LightPrepare.Upload,0,0,false,0.001984000,7,7,true
783,2,PathTracing.Trace,0,0,false,0.669472000,7,7,true
783,3,Ui.Overlay,0,0,false,0.012544000,7,7,true
783,4,DLSS.RayReconstruction,1,1,false,1.792928000,7,7,true
783,5,Present.Convert,1,1,false,0.053504000,7,7,true
783,6,Present.CopyToSwapchain,1,2,true,0.022464000,7,7,true
784,0,ASBuild.BuildTLAS,0,0,false,0.125408000,7,7,true
784,1,LightPrepare.Upload,0,0,false,0.002048000,7,7,true
784,2,PathTracing.Trace,0,0,false,0.663424000,7,7,true
784,3,Ui.Overlay,0,0,false,0.012768000,7,7,true
784,4,DLSS.RayReconstruction,1,1,false,0.992672000,7,7,true
784,5,Present.Convert,1,1,false,0.342080000,7,7,true
784,6,Present.CopyToSwapchain,1,2,true,0.183904000,7,7,true
785,0,ASBuild.BuildTLAS,0,0,false,0.128064000,7,7,true
785,1,LightPrepare.Upload,0,0,false,0.002624000,7,7,true
785,2,PathTracing.Trace,0,0,false,0.775520000,7,7,true
785,3,Ui.Overlay,0,0,false,0.017824000,7,7,true
785,4,DLSS.RayReconstruction,1,1,false,2.043904000,7,7,true
785,5,Present.Convert,1,1,false,0.048576000,7,7,true
785,6,Present.CopyToSwapchain,1,2,true,0.024000000,7,7,true
786,0,ASBuild.BuildTLAS,0,0,false,0.126336000,7,7,true
786,1,LightPrepare.Upload,0,0,false,0.002912000,7,7,true
786,2,PathTracing.Trace,0,0,false,0.625728000,7,7,true
786,3,Ui.Overlay,0,0,false,0.012480000,7,7,true
786,4,DLSS.RayReconstruction,1,1,false,0.994976000,7,7,true
786,5,Present.Convert,1,1,false,0.045344000,7,7,true
786,6,Present.CopyToSwapchain,1,2,true,0.024096000,7,7,true
787,0,ASBuild.BuildTLAS,0,0,false,0.126720000,7,7,true
787,1,LightPrepare.Upload,0,0,false,0.002112000,7,7,true
787,2,PathTracing.Trace,0,0,false,0.928704000,7,7,true
787,3,Ui.Overlay,0,0,false,0.033280000,7,7,true
787,4,DLSS.RayReconstruction,1,1,false,1.941664000,7,7,true
787,5,Present.Convert,1,1,false,0.046496000,7,7,true
787,6,Present.CopyToSwapchain,1,2,true,0.026240000,7,7,true
788,0,ASBuild.BuildTLAS,0,0,false,0.120544000,7,7,true
788,1,LightPrepare.Upload,0,0,false,0.002048000,7,7,true
788,2,PathTracing.Trace,0,0,false,0.560128000,7,7,true
788,3,Ui.Overlay,0,0,false,0.012512000,7,7,true
788,4,DLSS.RayReconstruction,1,1,false,0.995168000,7,7,true
788,5,Present.Convert,1,1,false,0.135104000,7,7,true
788,6,Present.CopyToSwapchain,1,2,true,0.384256000,7,7,true
789,0,ASBuild.BuildTLAS,0,0,false,0.130976000,7,7,true
789,1,LightPrepare.Upload,0,0,false,0.003744000,7,7,true
789,2,PathTracing.Trace,0,0,false,0.711008000,7,7,true
789,3,Ui.Overlay,0,0,false,0.023712000,7,7,true
789,4,DLSS.RayReconstruction,1,1,false,1.997664000,7,7,true
789,5,Present.Convert,1,1,false,0.052800000,7,7,true
789,6,Present.CopyToSwapchain,1,2,true,0.024096000,7,7,true
790,0,ASBuild.BuildTLAS,0,0,false,0.123904000,7,7,true
790,1,LightPrepare.Upload,0,0,false,0.002112000,7,7,true
790,2,PathTracing.Trace,0,0,false,0.634720000,7,7,true
790,3,Ui.Overlay,0,0,false,0.012800000,7,7,true
790,4,DLSS.RayReconstruction,1,1,false,1.008576000,7,7,true
790,5,Present.Convert,1,1,false,0.049408000,7,7,true
790,6,Present.CopyToSwapchain,1,2,true,0.218464000,7,7,true
791,0,ASBuild.BuildTLAS,0,0,false,0.124704000,7,7,true
791,1,LightPrepare.Upload,0,0,false,0.002112000,7,7,true
791,2,PathTracing.Trace,0,0,false,0.871264000,7,7,true
791,3,Ui.Overlay,0,0,false,0.022624000,7,7,true
791,4,DLSS.RayReconstruction,1,1,false,2.005216000,7,7,true
791,5,Present.Convert,1,1,false,0.045376000,7,7,true
791,6,Present.CopyToSwapchain,1,2,true,0.024256000,7,7,true
792,0,ASBuild.BuildTLAS,0,0,false,0.127136000,7,7,true
792,1,LightPrepare.Upload,0,0,false,0.002080000,7,7,true
792,2,PathTracing.Trace,0,0,false,0.620448000,7,7,true
792,3,Ui.Overlay,0,0,false,0.012800000,7,7,true
792,4,DLSS.RayReconstruction,1,1,false,0.999008000,7,7,true
792,5,Present.Convert,1,1,false,0.045376000,7,7,true
792,6,Present.CopyToSwapchain,1,2,true,0.023776000,7,7,true
793,0,ASBuild.BuildTLAS,0,0,false,0.095520000,7,7,true
793,1,LightPrepare.Upload,0,0,false,0.002016000,7,7,true
793,2,PathTracing.Trace,0,0,false,0.696288000,7,7,true
793,3,Ui.Overlay,0,0,false,0.021024000,7,7,true
793,4,DLSS.RayReconstruction,1,1,false,2.404416000,7,7,true
793,5,Present.Convert,1,1,false,0.047456000,7,7,true
793,6,Present.CopyToSwapchain,1,2,true,0.024576000,7,7,true
794,0,ASBuild.BuildTLAS,0,0,false,0.116864000,7,7,true
794,1,LightPrepare.Upload,0,0,false,0.002304000,7,7,true
794,2,PathTracing.Trace,0,0,false,1.150624000,7,7,true
794,3,Ui.Overlay,0,0,false,0.018208000,7,7,true
794,4,DLSS.RayReconstruction,1,1,false,1.072768000,7,7,true
794,5,Present.Convert,1,1,false,0.442208000,7,7,true
794,6,Present.CopyToSwapchain,1,2,true,0.052224000,7,7,true
795,0,ASBuild.BuildTLAS,0,0,false,0.142688000,7,7,true
795,1,LightPrepare.Upload,0,0,false,0.002400000,7,7,true
795,2,PathTracing.Trace,0,0,false,0.675392000,7,7,true
795,3,Ui.Overlay,0,0,false,0.022368000,7,7,true
795,4,DLSS.RayReconstruction,1,1,false,1.519584000,7,7,true
795,5,Present.Convert,1,1,false,0.045376000,7,7,true
795,6,Present.CopyToSwapchain,1,2,true,0.024448000,7,7,true
796,0,ASBuild.BuildTLAS,0,0,false,0.126880000,7,7,true
796,1,LightPrepare.Upload,0,0,false,0.002080000,7,7,true
796,2,PathTracing.Trace,0,0,false,0.681856000,7,7,true
796,3,Ui.Overlay,0,0,false,0.012512000,7,7,true
796,4,DLSS.RayReconstruction,1,1,false,1.021728000,7,7,true
796,5,Present.Convert,1,1,false,0.356128000,7,7,true
796,6,Present.CopyToSwapchain,1,2,true,0.172896000,7,7,true
797,0,ASBuild.BuildTLAS,0,0,false,0.126624000,7,7,true
797,1,LightPrepare.Upload,0,0,false,0.002048000,7,7,true
797,2,PathTracing.Trace,0,0,false,0.724896000,7,7,true
797,3,Ui.Overlay,0,0,false,0.027744000,7,7,true
797,4,DLSS.RayReconstruction,1,1,false,1.506208000,7,7,true
797,5,Present.Convert,1,1,false,0.045280000,7,7,true
797,6,Present.CopyToSwapchain,1,2,true,0.027744000,7,7,true
798,0,ASBuild.BuildTLAS,0,0,false,0.126848000,7,7,true
798,1,LightPrepare.Upload,0,0,false,0.002080000,7,7,true
798,2,PathTracing.Trace,0,0,false,0.667520000,7,7,true
798,3,Ui.Overlay,0,0,false,0.012192000,7,7,true
798,4,DLSS.RayReconstruction,1,1,false,1.008928000,7,7,true
798,5,Present.Convert,1,1,false,0.045376000,7,7,true
798,6,Present.CopyToSwapchain,1,2,true,0.024032000,7,7,true
799,0,ASBuild.BuildTLAS,0,0,false,0.120480000,7,7,true
799,1,LightPrepare.Upload,0,0,false,0.002016000,7,7,true
799,2,PathTracing.Trace,0,0,false,0.649152000,7,7,true
799,3,Ui.Overlay,0,0,false,0.024768000,7,7,true
799,4,DLSS.RayReconstruction,1,1,false,1.843168000,7,7,true
799,5,Present.Convert,1,1,false,0.065696000,7,7,true
799,6,Present.CopyToSwapchain,1,2,true,0.255424000,7,7,true
800,0,ASBuild.BuildTLAS,0,0,false,0.146208000,7,7,true
800,1,LightPrepare.Upload,0,0,false,0.002080000,7,7,true
800,2,PathTracing.Trace,0,0,false,0.728960000,7,7,true
800,3,Ui.Overlay,0,0,false,0.012320000,7,7,true
800,4,DLSS.RayReconstruction,1,1,false,2.045408000,7,7,true
800,5,Present.Convert,1,1,false,0.054944000,7,7,true
800,6,Present.CopyToSwapchain,1,2,true,0.023264000,7,7,true
801,0,ASBuild.BuildTLAS,0,0,false,0.127840000,7,7,true
801,1,LightPrepare.Upload,0,0,false,0.002432000,7,7,true
801,2,PathTracing.Trace,0,0,false,1.117824000,7,7,true
801,3,Ui.Overlay,0,0,false,0.024768000,7,7,true
801,4,DLSS.RayReconstruction,1,1,false,0.995296000,7,7,true
801,5,Present.Convert,1,1,false,0.047264000,7,7,true
801,6,Present.CopyToSwapchain,1,2,true,0.169472000,7,7,true
802,0,ASBuild.BuildTLAS,0,0,false,0.126592000,7,7,true
802,1,LightPrepare.Upload,0,0,false,0.002144000,7,7,true
802,2,PathTracing.Trace,0,0,false,0.642912000,7,7,true
802,3,Ui.Overlay,0,0,false,0.223584000,7,7,true
802,4,DLSS.RayReconstruction,1,1,false,1.511040000,7,7,true
802,5,Present.Convert,1,1,false,0.372672000,7,7,true
802,6,Present.CopyToSwapchain,1,2,true,0.027424000,7,7,true
803,0,ASBuild.BuildTLAS,0,0,false,0.128224000,7,7,true
803,1,LightPrepare.Upload,0,0,false,0.007008000,7,7,true
803,2,PathTracing.Trace,0,0,false,0.569440000,7,7,true
803,3,Ui.Overlay,0,0,false,0.012608000,7,7,true
803,4,DLSS.RayReconstruction,1,1,false,0.992640000,7,7,true
803,5,Present.Convert,1,1,false,0.047392000,7,7,true
803,6,Present.CopyToSwapchain,1,2,true,0.106944000,7,7,true
804,0,ASBuild.BuildTLAS,0,0,false,0.117120000,7,7,true
804,1,LightPrepare.Upload,0,0,false,0.002112000,7,7,true
804,2,PathTracing.Trace,0,0,false,0.665440000,7,7,true
804,3,Ui.Overlay,0,0,false,0.013984000,7,7,true
804,4,DLSS.RayReconstruction,1,1,false,1.866752000,7,7,true
804,5,Present.Convert,1,1,false,0.045376000,7,7,true
804,6,Present.CopyToSwapchain,1,2,true,0.024384000,7,7,true
805,0,ASBuild.BuildTLAS,0,0,false,0.126464000,7,7,true
805,1,LightPrepare.Upload,0,0,false,0.003456000,7,7,true
805,2,PathTracing.Trace,0,0,false,0.589216000,7,7,true
805,3,Ui.Overlay,0,0,false,0.012288000,7,7,true
805,4,DLSS.RayReconstruction,1,1,false,1.070816000,7,7,true
805,5,Present.Convert,1,1,false,0.423744000,7,7,true
805,6,Present.CopyToSwapchain,1,2,true,0.047168000,7,7,true
806,0,ASBuild.BuildTLAS,0,0,false,0.135072000,7,7,true
806,1,LightPrepare.Upload,0,0,false,0.002176000,7,7,true
806,2,PathTracing.Trace,0,0,false,0.951104000,7,7,true
806,3,Ui.Overlay,0,0,false,0.022048000,7,7,true
806,4,DLSS.RayReconstruction,1,1,false,1.734080000,7,7,true
806,5,Present.Convert,1,1,false,0.071296000,7,7,true
806,6,Present.CopyToSwapchain,1,2,true,0.024608000,7,7,true
807,0,ASBuild.BuildTLAS,0,0,false,0.129024000,7,7,true
807,1,LightPrepare.Upload,0,0,false,0.002240000,7,7,true
807,2,PathTracing.Trace,0,0,false,0.675584000,7,7,true
807,3,Ui.Overlay,0,0,false,0.012544000,7,7,true
807,4,DLSS.RayReconstruction,1,1,false,1.996480000,7,7,true
807,5,Present.Convert,1,1,false,0.046816000,7,7,true
807,6,Present.CopyToSwapchain,1,2,true,0.022080000,7,7,true
808,0,ASBuild.BuildTLAS,0,0,false,0.127200000,7,7,true
808,1,LightPrepare.Upload,0,0,false,0.002080000,7,7,true
808,2,PathTracing.Trace,0,0,false,0.972672000,7,7,true
808,3,Ui.Overlay,0,0,false,0.226400000,7,7,true
808,4,DLSS.RayReconstruction,1,1,false,0.982720000,7,7,true
808,5,Present.Convert,1,1,false,0.045376000,7,7,true
808,6,Present.CopyToSwapchain,1,2,true,0.024704000,7,7,true
809,0,ASBuild.BuildTLAS,0,0,false,0.126784000,7,7,true
809,1,LightPrepare.Upload,0,0,false,0.002176000,7,7,true
809,2,PathTracing.Trace,0,0,false,0.785184000,7,7,true
809,3,Ui.Overlay,0,0,false,0.021472000,7,7,true
809,4,DLSS.RayReconstruction,1,1,false,1.480864000,7,7,true
809,5,Present.Convert,1,1,false,0.045408000,7,7,true
809,6,Present.CopyToSwapchain,1,2,true,0.023712000,7,7,true
810,0,ASBuild.BuildTLAS,0,0,false,0.092608000,7,7,true
810,1,LightPrepare.Upload,0,0,false,0.001792000,7,7,true
810,2,PathTracing.Trace,0,0,false,0.607488000,7,7,true
810,3,Ui.Overlay,0,0,false,0.012608000,7,7,true
810,4,DLSS.RayReconstruction,1,1,false,0.984512000,7,7,true
810,5,Present.Convert,1,1,false,0.045376000,7,7,true
810,6,Present.CopyToSwapchain,1,2,true,0.024480000,7,7,true
811,0,ASBuild.BuildTLAS,0,0,false,0.098976000,7,7,true
811,1,LightPrepare.Upload,0,0,false,0.002176000,7,7,true
811,2,PathTracing.Trace,0,0,false,0.724768000,7,7,true
811,3,Ui.Overlay,0,0,false,0.022176000,7,7,true
811,4,DLSS.RayReconstruction,1,1,false,1.531520000,7,7,true
811,5,Present.Convert,1,1,false,0.168224000,7,7,true
811,6,Present.CopyToSwapchain,1,2,true,0.349088000,7,7,true
812,0,ASBuild.BuildTLAS,0,0,false,0.134944000,7,7,true
812,1,LightPrepare.Upload,0,0,false,0.002496000,7,7,true
812,2,PathTracing.Trace,0,0,false,0.769472000,7,7,true
812,3,Ui.Overlay,0,0,false,0.013408000,7,7,true
812,4,DLSS.RayReconstruction,1,1,false,1.765024000,7,7,true
812,5,Present.Convert,1,1,false,0.056672000,7,7,true
812,6,Present.CopyToSwapchain,1,2,true,0.026144000,7,7,true
813,0,ASBuild.BuildTLAS,0,0,false,0.123456000,7,7,true
813,1,LightPrepare.Upload,0,0,false,0.002112000,7,7,true
813,2,PathTracing.Trace,0,0,false,0.792416000,7,7,true
813,3,Ui.Overlay,0,0,false,0.015296000,7,7,true
813,4,DLSS.RayReconstruction,1,1,false,1.453600000,7,7,true
813,5,Present.Convert,1,1,false,0.069920000,7,7,true
813,6,Present.CopyToSwapchain,1,2,true,0.026112000,7,7,true
814,0,ASBuild.BuildTLAS,0,0,false,0.123232000,7,7,true
814,1,LightPrepare.Upload,0,0,false,0.002176000,7,7,true
814,2,PathTracing.Trace,0,0,false,0.698112000,7,7,true
814,3,Ui.Overlay,0,0,false,0.012832000,7,7,true
814,4,DLSS.RayReconstruction,1,1,false,1.298464000,7,7,true
814,5,Present.Convert,1,1,false,0.311296000,7,7,true
814,6,Present.CopyToSwapchain,1,2,true,0.217472000,7,7,true
815,0,ASBuild.BuildTLAS,0,0,false,0.126848000,7,7,true
815,1,LightPrepare.Upload,0,0,false,0.002080000,7,7,true
815,2,PathTracing.Trace,0,0,false,0.669568000,7,7,true
815,3,Ui.Overlay,0,0,false,0.012736000,7,7,true
815,4,DLSS.RayReconstruction,1,1,false,1.479488000,7,7,true
815,5,Present.Convert,1,1,false,0.049248000,7,7,true
815,6,Present.CopyToSwapchain,1,2,true,0.023584000,7,7,true
816,0,ASBuild.BuildTLAS,0,0,false,0.119712000,7,7,true
816,1,LightPrepare.Upload,0,0,false,0.002080000,7,7,true
816,2,PathTracing.Trace,0,0,false,0.620416000,7,7,true
816,3,Ui.Overlay,0,0,false,0.012640000,7,7,true
816,4,DLSS.RayReconstruction,1,1,false,1.304224000,7,7,true
816,5,Present.Convert,1,1,false,0.449824000,7,7,true
816,6,Present.CopyToSwapchain,1,2,true,0.054048000,7,7,true
817,0,ASBuild.BuildTLAS,0,0,false,0.123168000,7,7,true
817,1,LightPrepare.Upload,0,0,false,0.002112000,7,7,true
817,2,PathTracing.Trace,0,0,false,0.667488000,7,7,true
817,3,Ui.Overlay,0,0,false,0.021920000,7,7,true
817,4,DLSS.RayReconstruction,1,1,false,1.485920000,7,7,true
817,5,Present.Convert,1,1,false,0.053504000,7,7,true
817,6,Present.CopyToSwapchain,1,2,true,0.021728000,7,7,true
818,0,ASBuild.BuildTLAS,0,0,false,0.123456000,7,7,true
818,1,LightPrepare.Upload,0,0,false,0.002080000,7,7,true
818,2,PathTracing.Trace,0,0,false,0.675712000,7,7,true
818,3,Ui.Overlay,0,0,false,0.012544000,7,7,true
818,4,DLSS.RayReconstruction,1,1,false,1.939936000,7,7,true
818,5,Present.Convert,1,1,false,0.063072000,7,7,true
818,6,Present.CopyToSwapchain,1,2,true,0.029824000,7,7,true
819,0,ASBuild.BuildTLAS,0,0,false,0.124320000,7,7,true
819,1,LightPrepare.Upload,0,0,false,0.002112000,7,7,true
819,2,PathTracing.Trace,0,0,false,0.665440000,7,7,true
819,3,Ui.Overlay,0,0,false,0.015808000,7,7,true
819,4,DLSS.RayReconstruction,1,1,false,1.004832000,7,7,true
819,5,Present.Convert,1,1,false,0.285088000,7,7,true
819,6,Present.CopyToSwapchain,1,2,true,0.231552000,7,7,true
820,0,ASBuild.BuildTLAS,0,0,false,0.130816000,7,7,true
820,1,LightPrepare.Upload,0,0,false,0.002400000,7,7,true
820,2,PathTracing.Trace,0,0,false,0.640544000,7,7,true
820,3,Ui.Overlay,0,0,false,0.014880000,7,7,true
820,4,DLSS.RayReconstruction,1,1,false,1.785312000,7,7,true
820,5,Present.Convert,1,1,false,0.063008000,7,7,true
820,6,Present.CopyToSwapchain,1,2,true,0.026016000,7,7,true
821,0,ASBuild.BuildTLAS,0,0,false,0.126464000,7,7,true
821,1,LightPrepare.Upload,0,0,false,0.002080000,7,7,true
821,2,PathTracing.Trace,0,0,false,0.585600000,7,7,true
821,3,Ui.Overlay,0,0,false,0.012576000,7,7,true
821,4,DLSS.RayReconstruction,1,1,false,1.013952000,7,7,true
821,5,Present.Convert,1,1,false,0.370496000,7,7,true
821,6,Present.CopyToSwapchain,1,2,true,0.153152000,7,7,true
822,0,ASBuild.BuildTLAS,0,0,false,0.122336000,7,7,true
822,1,LightPrepare.Upload,0,0,false,0.002080000,7,7,true
822,2,PathTracing.Trace,0,0,false,0.710496000,7,7,true
822,3,Ui.Overlay,0,0,false,0.012064000,7,7,true
822,4,DLSS.RayReconstruction,1,1,false,1.003680000,7,7,true
822,5,Present.Convert,1,1,false,0.147392000,7,7,true
822,6,Present.CopyToSwapchain,1,2,true,0.745088000,7,7,true
823,0,ASBuild.BuildTLAS,0,0,false,0.127360000,7,7,true
823,1,LightPrepare.Upload,0,0,false,0.002144000,7,7,true
823,2,PathTracing.Trace,0,0,false,0.638752000,7,7,true
823,3,Ui.Overlay,0,0,false,0.012640000,7,7,true
823,4,DLSS.RayReconstruction,1,1,false,1.473696000,7,7,true
823,5,Present.Convert,1,1,false,0.055488000,7,7,true
823,6,Present.CopyToSwapchain,1,2,true,0.023648000,7,7,true
824,0,ASBuild.BuildTLAS,0,0,false,0.122784000,7,7,true
824,1,LightPrepare.Upload,0,0,false,0.002080000,7,7,true
824,2,PathTracing.Trace,0,0,false,1.000736000,7,7,true
824,3,Ui.Overlay,0,0,false,0.012512000,7,7,true
824,4,DLSS.RayReconstruction,1,1,false,2.006464000,7,7,true
824,5,Present.Convert,1,1,false,0.060928000,7,7,true
824,6,Present.CopyToSwapchain,1,2,true,0.023872000,7,7,true
825,0,ASBuild.BuildTLAS,0,0,false,0.126752000,7,7,true
825,1,LightPrepare.Upload,0,0,false,0.002048000,7,7,true
825,2,PathTracing.Trace,0,0,false,0.656256000,7,7,true
825,3,Ui.Overlay,0,0,false,0.012544000,7,7,true
825,4,DLSS.RayReconstruction,1,1,false,0.992864000,7,7,true
825,5,Present.Convert,1,1,false,0.049504000,7,7,true
825,6,Present.CopyToSwapchain,1,2,true,0.022368000,7,7,true
826,0,ASBuild.BuildTLAS,0,0,false,0.124736000,7,7,true
826,1,LightPrepare.Upload,0,0,false,0.002144000,7,7,true
826,2,PathTracing.Trace,0,0,false,0.982848000,7,7,true
826,3,Ui.Overlay,0,0,false,0.013440000,7,7,true
826,4,DLSS.RayReconstruction,1,1,false,1.862464000,7,7,true
826,5,Present.Convert,1,1,false,0.045376000,7,7,true
826,6,Present.CopyToSwapchain,1,2,true,0.173696000,7,7,true
827,0,ASBuild.BuildTLAS,0,0,false,0.111232000,7,7,true
827,1,LightPrepare.Upload,0,0,false,0.001696000,7,7,true
827,2,PathTracing.Trace,0,0,false,0.572736000,7,7,true
827,3,Ui.Overlay,0,0,false,0.012640000,7,7,true
827,4,DLSS.RayReconstruction,1,1,false,0.990528000,7,7,true
827,5,Present.Convert,1,1,false,0.045440000,7,7,true
827,6,Present.CopyToSwapchain,1,2,true,0.021856000,7,7,true
828,0,ASBuild.BuildTLAS,0,0,false,0.123520000,7,7,true
828,1,LightPrepare.Upload,0,0,false,0.003136000,7,7,true
828,2,PathTracing.Trace,0,0,false,1.037184000,7,7,true
828,3,Ui.Overlay,0,0,false,0.029440000,7,7,true
828,4,DLSS.RayReconstruction,1,1,false,1.490720000,7,7,true
828,5,Present.Convert,1,1,false,0.045408000,7,7,true
828,6,Present.CopyToSwapchain,1,2,true,0.050528000,7,7,true
829,0,ASBuild.BuildTLAS,0,0,false,0.093152000,7,7,true
829,1,LightPrepare.Upload,0,0,false,0.002144000,7,7,true
829,2,PathTracing.Trace,0,0,false,0.663360000,7,7,true
829,3,Ui.Overlay,0,0,false,0.017792000,7,7,true
829,4,DLSS.RayReconstruction,1,1,false,1.474560000,7,7,true
829,5,Present.Convert,1,1,false,0.045376000,7,7,true
829,6,Present.CopyToSwapchain,1,2,true,0.022496000,7,7,true
830,0,ASBuild.BuildTLAS,0,0,false,0.150272000,7,7,true
830,1,LightPrepare.Upload,0,0,false,0.002048000,7,7,true
830,2,PathTracing.Trace,0,0,false,0.620416000,7,7,true
830,3,Ui.Overlay,0,0,false,0.018688000,7,7,true
830,4,DLSS.RayReconstruction,1,1,false,2.234816000,7,7,true
830,5,Present.Convert,1,1,false,0.045088000,7,7,true
830,6,Present.CopyToSwapchain,1,2,true,0.023808000,7,7,true
831,0,ASBuild.BuildTLAS,0,0,false,0.093760000,7,7,true
831,1,LightPrepare.Upload,0,0,false,0.001792000,7,7,true
831,2,PathTracing.Trace,0,0,false,0.609504000,7,7,true
831,3,Ui.Overlay,0,0,false,0.012256000,7,7,true
831,4,DLSS.RayReconstruction,1,1,false,1.013440000,7,7,true
831,5,Present.Convert,1,1,false,0.047072000,7,7,true
831,6,Present.CopyToSwapchain,1,2,true,0.026080000,7,7,true
832,0,ASBuild.BuildTLAS,0,0,false,0.135104000,7,7,true
832,1,LightPrepare.Upload,0,0,false,0.002080000,7,7,true
832,2,PathTracing.Trace,0,0,false,1.231744000,7,7,true
832,3,Ui.Overlay,0,0,false,0.042400000,7,7,true
832,4,DLSS.RayReconstruction,1,1,false,1.478560000,7,7,true
832,5,Present.Convert,1,1,false,0.045376000,7,7,true
832,6,Present.CopyToSwapchain,1,2,true,0.021536000,7,7,true
833,0,ASBuild.BuildTLAS,0,0,false,0.128864000,7,7,true
833,1,LightPrepare.Upload,0,0,false,0.003424000,7,7,true
833,2,PathTracing.Trace,0,0,false,0.569952000,7,7,true
833,3,Ui.Overlay,0,0,false,0.012480000,7,7,true
833,4,DLSS.RayReconstruction,1,1,false,1.019840000,7,7,true
833,5,Present.Convert,1,1,false,0.047040000,7,7,true
833,6,Present.CopyToSwapchain,1,2,true,0.112800000,7,7,true
834,0,ASBuild.BuildTLAS,0,0,false,0.137440000,7,7,true
834,1,LightPrepare.Upload,0,0,false,0.002048000,7,7,true
834,2,PathTracing.Trace,0,0,false,0.735168000,7,7,true
834,3,Ui.Overlay,0,0,false,0.017920000,7,7,true
834,4,DLSS.RayReconstruction,1,1,false,1.475968000,7,7,true
834,5,Present.Convert,1,1,false,0.045408000,7,7,true
834,6,Present.CopyToSwapchain,1,2,true,0.023712000,7,7,true
835,0,ASBuild.BuildTLAS,0,0,false,0.130336000,7,7,true
835,1,LightPrepare.Upload,0,0,false,0.003552000,7,7,true
835,2,PathTracing.Trace,0,0,false,0.581152000,7,7,true
835,3,Ui.Overlay,0,0,false,0.012416000,7,7,true
835,4,DLSS.RayReconstruction,1,1,false,1.013216000,7,7,true
835,5,Present.Convert,1,1,false,0.045408000,7,7,true
835,6,Present.CopyToSwapchain,1,2,true,0.025632000,7,7,true
836,0,ASBuild.BuildTLAS,0,0,false,0.148448000,7,7,true
836,1,LightPrepare.Upload,0,0,false,0.002464000,7,7,true
836,2,PathTracing.Trace,0,0,false,0.779776000,7,7,true
836,3,Ui.Overlay,0,0,false,0.023296000,7,7,true
836,4,DLSS.RayReconstruction,1,1,false,2.033056000,7,7,true
836,5,Present.Convert,1,1,false,0.047424000,7,7,true
836,6,Present.CopyToSwapchain,1,2,true,0.023296000,7,7,true
837,0,ASBuild.BuildTLAS,0,0,false,0.132608000,7,7,true
837,1,LightPrepare.Upload,0,0,false,0.002176000,7,7,true
837,2,PathTracing.Trace,0,0,false,0.728864000,7,7,true
837,3,Ui.Overlay,0,0,false,0.013472000,7,7,true
837,4,DLSS.RayReconstruction,1,1,false,1.009536000,7,7,true
837,5,Present.Convert,1,1,false,0.047328000,7,7,true
837,6,Present.CopyToSwapchain,1,2,true,0.025024000,7,7,true
838,0,ASBuild.BuildTLAS,0,0,false,0.126112000,7,7,true
838,1,LightPrepare.Upload,0,0,false,0.002080000,7,7,true
838,2,PathTracing.Trace,0,0,false,0.747392000,7,7,true
838,3,Ui.Overlay,0,0,false,0.030912000,7,7,true
838,4,DLSS.RayReconstruction,1,1,false,1.486816000,7,7,true
838,5,Present.Convert,1,1,false,0.045216000,7,7,true
838,6,Present.CopyToSwapchain,1,2,true,0.025024000,7,7,true
839,0,ASBuild.BuildTLAS,0,0,false,0.118656000,7,7,true
839,1,LightPrepare.Upload,0,0,false,0.001792000,7,7,true
839,2,PathTracing.Trace,0,0,false,0.562432000,7,7,true
839,3,Ui.Overlay,0,0,false,0.012672000,7,7,true
839,4,DLSS.RayReconstruction,1,1,false,1.006816000,7,7,true
839,5,Present.Convert,1,1,false,0.045408000,7,7,true
839,6,Present.CopyToSwapchain,1,2,true,0.021952000,7,7,true
840,0,ASBuild.BuildTLAS,0,0,false,0.131296000,7,7,true
840,1,LightPrepare.Upload,0,0,false,0.002240000,7,7,true
840,2,PathTracing.Trace,0,0,false,0.704256000,7,7,true
840,3,Ui.Overlay,0,0,false,0.019264000,7,7,true
840,4,DLSS.RayReconstruction,1,1,false,1.808640000,7,7,true
840,5,Present.Convert,1,1,false,0.100384000,7,7,true
840,6,Present.CopyToSwapchain,1,2,true,0.327040000,7,7,true
841,0,ASBuild.BuildTLAS,0,0,false,0.139296000,7,7,true
841,1,LightPrepare.Upload,0,0,false,0.002112000,7,7,true
841,2,PathTracing.Trace,0,0,false,0.675648000,7,7,true
841,3,Ui.Overlay,0,0,false,0.012352000,7,7,true
841,4,DLSS.RayReconstruction,1,1,false,2.260864000,7,7,true
841,5,Present.Convert,1,1,false,0.060320000,7,7,true
841,6,Present.CopyToSwapchain,1,2,true,0.022240000,7,7,true
842,0,ASBuild.BuildTLAS,0,0,false,0.129312000,7,7,true
842,1,LightPrepare.Upload,0,0,false,0.002144000,7,7,true
842,2,PathTracing.Trace,0,0,false,0.981376000,7,7,true
842,3,Ui.Overlay,0,0,false,0.013760000,7,7,true
842,4,DLSS.RayReconstruction,1,1,false,0.998944000,7,7,true
842,5,Present.Convert,1,1,false,0.045408000,7,7,true
842,6,Present.CopyToSwapchain,1,2,true,0.023968000,7,7,true
843,0,ASBuild.BuildTLAS,0,0,false,0.121056000,7,7,true
843,1,LightPrepare.Upload,0,0,false,0.002112000,7,7,true
843,2,PathTracing.Trace,0,0,false,1.441472000,7,7,true
843,3,Ui.Overlay,0,0,false,0.019040000,7,7,true
843,4,DLSS.RayReconstruction,1,1,false,1.813312000,7,7,true
843,5,Present.Convert,1,1,false,0.045408000,7,7,true
843,6,Present.CopyToSwapchain,1,2,true,0.024320000,7,7,true
844,0,ASBuild.BuildTLAS,0,0,false,0.091168000,7,7,true
844,1,LightPrepare.Upload,0,0,false,0.001632000,7,7,true
844,2,PathTracing.Trace,0,0,false,0.592288000,7,7,true
844,3,Ui.Overlay,0,0,false,0.012480000,7,7,true
844,4,DLSS.RayReconstruction,1,1,false,0.988416000,7,7,true
844,5,Present.Convert,1,1,false,0.045408000,7,7,true
844,6,Present.CopyToSwapchain,1,2,true,0.021920000,7,7,true
845,0,ASBuild.BuildTLAS,0,0,false,0.396096000,7,7,true
845,1,LightPrepare.Upload,0,0,false,0.002048000,7,7,true
845,2,PathTracing.Trace,0,0,false,0.669600000,7,7,true
845,3,Ui.Overlay,0,0,false,0.020128000,7,7,true
845,4,DLSS.RayReconstruction,1,1,false,1.796000000,7,7,true
845,5,Present.Convert,1,1,false,0.045216000,7,7,true
845,6,Present.CopyToSwapchain,1,2,true,0.023648000,7,7,true
846,0,ASBuild.BuildTLAS,0,0,false,0.141376000,7,7,true
846,1,LightPrepare.Upload,0,0,false,0.006688000,7,7,true
846,2,PathTracing.Trace,0,0,false,0.662944000,7,7,true
846,3,Ui.Overlay,0,0,false,0.027296000,7,7,true
846,4,DLSS.RayReconstruction,1,1,false,1.482752000,7,7,true
846,5,Present.Convert,1,1,false,0.045408000,7,7,true
846,6,Present.CopyToSwapchain,1,2,true,0.022656000,7,7,true
847,0,ASBuild.BuildTLAS,0,0,false,0.093408000,7,7,true
847,1,LightPrepare.Upload,0,0,false,0.001600000,7,7,true
847,2,PathTracing.Trace,0,0,false,0.565664000,7,7,true
847,3,Ui.Overlay,0,0,false,0.012640000,7,7,true
847,4,DLSS.RayReconstruction,1,1,false,1.913184000,7,7,true
847,5,Present.Convert,1,1,false,0.052640000,7,7,true
847,6,Present.CopyToSwapchain,1,2,true,0.024192000,7,7,true
848,0,ASBuild.BuildTLAS,0,0,false,0.118560000,7,7,true
848,1,LightPrepare.Upload,0,0,false,0.003040000,7,7,true
848,2,PathTracing.Trace,0,0,false,0.668608000,7,7,true
848,3,Ui.Overlay,0,0,false,0.025568000,7,7,true
848,4,DLSS.RayReconstruction,1,1,false,0.998272000,7,7,true
848,5,Present.Convert,1,1,false,0.047392000,7,7,true
848,6,Present.CopyToSwapchain,1,2,true,0.025184000,7,7,true
849,0,ASBuild.BuildTLAS,0,0,false,0.127872000,7,7,true
849,1,LightPrepare.Upload,0,0,false,0.006304000,7,7,true
849,2,PathTracing.Trace,0,0,false,0.646912000,7,7,true
849,3,Ui.Overlay,0,0,false,0.032384000,7,7,true
849,4,DLSS.RayReconstruction,1,1,false,1.802080000,7,7,true
849,5,Present.Convert,1,1,false,0.045312000,7,7,true
849,6,Present.CopyToSwapchain,1,2,true,0.023616000,7,7,true
850,0,ASBuild.BuildTLAS,0,0,false,0.121600000,7,7,true
850,1,LightPrepare.Upload,0,0,false,0.001632000,7,7,true
850,2,PathTracing.Trace,0,0,false,0.614784000,7,7,true
850,3,Ui.Overlay,0,0,false,0.012736000,7,7,true
850,4,DLSS.RayReconstruction,1,1,false,1.104032000,7,7,true
850,5,Present.Convert,1,1,false,0.397088000,7,7,true
850,6,Present.CopyToSwapchain,1,2,true,0.043936000,7,7,true
851,0,ASBuild.BuildTLAS,0,0,false,0.143808000,7,7,true
851,1,LightPrepare.Upload,0,0,false,0.004768000,7,7,true
851,2,PathTracing.Trace,0,0,false,0.767232000,7,7,true
851,3,Ui.Overlay,0,0,false,0.021024000,7,7,true
851,4,DLSS.RayReconstruction,1,1,false,2.016096000,7,7,true
851,5,Present.Convert,1,1,false,0.045376000,7,7,true
851,6,Present.CopyToSwapchain,1,2,true,0.023488000,7,7,true
852,0,ASBuild.BuildTLAS,0,0,false,0.124512000,7,7,true
852,1,LightPrepare.Upload,0,0,false,0.006464000,7,7,true
852,2,PathTracing.Trace,0,0,false,0.669280000,7,7,true
852,3,Ui.Overlay,0,0,false,0.012512000,7,7,true
852,4,DLSS.RayReconstruction,1,1,false,1.080672000,7,7,true
852,5,Present.Convert,1,1,false,0.427840000,7,7,true
852,6,Present.CopyToSwapchain,1,2,true,0.048224000,7,7,true
853,0,ASBuild.BuildTLAS,0,0,false,0.125408000,7,7,true
853,1,LightPrepare.Upload,0,0,false,0.002368000,7,7,true
853,2,PathTracing.Trace,0,0,false,0.844384000,7,7,true
853,3,Ui.Overlay,0,0,false,0.022816000,7,7,true
853,4,DLSS.RayReconstruction,1,1,false,1.335424000,7,7,true
853,5,Present.Convert,1,1,false,0.136512000,7,7,true
853,6,Present.CopyToSwapchain,1,2,true,0.392256000,7,7,true
854,0,ASBuild.BuildTLAS,0,0,false,0.126656000,7,7,true
854,1,LightPrepare.Upload,0,0,false,0.002080000,7,7,true
854,2,PathTracing.Trace,0,0,false,0.642944000,7,7,true
854,3,Ui.Overlay,0,0,false,0.012608000,7,7,true
854,4,DLSS.RayReconstruction,1,1,false,1.017248000,7,7,true
854,5,Present.Convert,1,1,false,0.049344000,7,7,true
854,6,Present.CopyToSwapchain,1,2,true,0.021664000,7,7,true
855,0,ASBuild.BuildTLAS,0,0,false,0.124384000,7,7,true
855,1,LightPrepare.Upload,0,0,false,0.002752000,7,7,true
855,2,PathTracing.Trace,0,0,false,0.619488000,7,7,true
855,3,Ui.Overlay,0,0,false,0.012736000,7,7,true
855,4,DLSS.RayReconstruction,1,1,false,1.500768000,7,7,true
855,5,Present.Convert,1,1,false,0.045440000,7,7,true
855,6,Present.CopyToSwapchain,1,2,true,0.024224000,7,7,true
856,0,ASBuild.BuildTLAS,0,0,false,0.127552000,7,7,true
856,1,LightPrepare.Upload,0,0,false,0.001888000,7,7,true
856,2,PathTracing.Trace,0,0,false,0.600224000,7,7,true
856,3,Ui.Overlay,0,0,false,0.012640000,7,7,true
856,4,DLSS.RayReconstruction,1,1,false,1.029696000,7,7,true
856,5,Present.Convert,1,1,false,0.045312000,7,7,true
856,6,Present.CopyToSwapchain,1,2,true,0.023872000,7,7,true
857,0,ASBuild.BuildTLAS,0,0,false,0.144960000,7,7,true
857,1,LightPrepare.Upload,0,0,false,0.002432000,7,7,true
857,2,PathTracing.Trace,0,0,false,0.767520000,7,7,true
857,3,Ui.Overlay,0,0,false,0.030048000,7,7,true
857,4,DLSS.RayReconstruction,1,1,false,1.886080000,7,7,true
857,5,Present.Convert,1,1,false,0.133280000,7,7,true
857,6,Present.CopyToSwapchain,1,2,true,0.393408000,7,7,true
858,0,ASBuild.BuildTLAS,0,0,false,0.140544000,7,7,true
858,1,LightPrepare.Upload,0,0,false,0.002464000,7,7,true
858,2,PathTracing.Trace,0,0,false,1.141280000,7,7,true
858,3,Ui.Overlay,0,0,false,0.018336000,7,7,true
858,4,DLSS.RayReconstruction,1,1,false,1.023840000,7,7,true
858,5,Present.Convert,1,1,false,0.045344000,7,7,true
858,6,Present.CopyToSwapchain,1,2,true,0.023616000,7,7,true
859,0,ASBuild.BuildTLAS,0,0,false,0.124160000,7,7,true
859,1,LightPrepare.Upload,0,0,false,0.002144000,7,7,true
859,2,PathTracing.Trace,0,0,false,0.822080000,7,7,true
859,3,Ui.Overlay,0,0,false,0.015136000,7,7,true
859,4,DLSS.RayReconstruction,1,1,false,1.494336000,7,7,true
859,5,Present.Convert,1,1,false,0.045408000,7,7,true
859,6,Present.CopyToSwapchain,1,2,true,0.022656000,7,7,true
860,0,ASBuild.BuildTLAS,0,0,false,0.117344000,7,7,true
860,1,LightPrepare.Upload,0,0,false,0.001632000,7,7,true
860,2,PathTracing.Trace,0,0,false,0.610720000,7,7,true
860,3,Ui.Overlay,0,0,false,0.012736000,7,7,true
860,4,DLSS.RayReconstruction,1,1,false,1.023232000,7,7,true
860,5,Present.Convert,1,1,false,0.047392000,7,7,true
860,6,Present.CopyToSwapchain,1,2,true,0.023616000,7,7,true
861,0,ASBuild.BuildTLAS,0,0,false,0.100320000,7,7,true
861,1,LightPrepare.Upload,0,0,false,0.002240000,7,7,true
861,2,PathTracing.Trace,0,0,false,0.704224000,7,7,true
861,3,Ui.Overlay,0,0,false,0.020320000,7,7,true
861,4,DLSS.RayReconstruction,1,1,false,1.469664000,7,7,true
861,5,Present.Convert,1,1,false,0.045376000,7,7,true
861,6,Present.CopyToSwapchain,1,2,true,0.024128000,7,7,true
862,0,ASBuild.BuildTLAS,0,0,false,0.115520000,7,7,true
862,1,LightPrepare.Upload,0,0,false,0.001696000,7,7,true
862,2,PathTracing.Trace,0,0,false,0.590176000,7,7,true
862,3,Ui.Overlay,0,0,false,0.012896000,7,7,true
862,4,DLSS.RayReconstruction,1,1,false,1.033600000,7,7,true
862,5,Present.Convert,1,1,false,0.047392000,7,7,true
862,6,Present.CopyToSwapchain,1,2,true,0.023872000,7,7,true
863,0,ASBuild.BuildTLAS,0,0,false,0.128512000,7,7,true
863,1,LightPrepare.Upload,0,0,false,0.002048000,7,7,true
863,2,PathTracing.Trace,0,0,false,0.708512000,7,7,true
863,3,Ui.Overlay,0,0,false,0.017440000,7,7,true
863,4,DLSS.RayReconstruction,1,1,false,1.844576000,7,7,true
863,5,Present.Convert,1,1,false,0.045440000,7,7,true
863,6,Present.CopyToSwapchain,1,2,true,0.021856000,7,7,true
864,0,ASBuild.BuildTLAS,0,0,false,0.123840000,7,7,true
864,1,LightPrepare.Upload,0,0,false,0.001984000,7,7,true
864,2,PathTracing.Trace,0,0,false,0.808000000,7,7,true
864,3,Ui.Overlay,0,0,false,0.012800000,7,7,true
864,4,DLSS.RayReconstruction,1,1,false,1.390080000,7,7,true
864,5,Present.Convert,1,1,false,0.510176000,7,7,true
864,6,Present.CopyToSwapchain,1,2,true,0.039872000,7,7,true
865,0,ASBuild.BuildTLAS,0,0,false,0.151392000,7,7,true
865,1,LightPrepare.Upload,0,0,false,0.002112000,7,7,true
865,2,PathTracing.Trace,0,0,false,0.706368000,7,7,true
865,3,Ui.Overlay,0,0,false,0.031328000,7,7,true
865,4,DLSS.RayReconstruction,1,1,false,1.900384000,7,7,true
865,5,Present.Convert,1,1,false,0.047424000,7,7,true
865,6,Present.CopyToSwapchain,1,2,true,0.024640000,7,7,true
866,0,ASBuild.BuildTLAS,0,0,false,0.131840000,7,7,true
866,1,LightPrepare.Upload,0,0,false,0.002112000,7,7,true
866,2,PathTracing.Trace,0,0,false,0.749408000,7,7,true
866,3,Ui.Overlay,0,0,false,0.012896000,7,7,true
866,4,DLSS.RayReconstruction,1,1,false,1.329120000,7,7,true
866,5,Present.Convert,1,1,false,0.045440000,7,7,true
866,6,Present.CopyToSwapchain,1,2,true,0.023904000,7,7,true
867,0,ASBuild.BuildTLAS,0,0,false,0.148576000,7,7,true
867,1,LightPrepare.Upload,0,0,false,0.002208000,7,7,true
867,2,PathTracing.Trace,0,0,false,0.685824000,7,7,true
867,3,Ui.Overlay,0,0,false,0.022080000,7,7,true
867,4,DLSS.RayReconstruction,1,1,false,2.254784000,7,7,true
867,5,Present.Convert,1,1,false,0.045440000,7,7,true
867,6,Present.CopyToSwapchain,1,2,true,0.023680000,7,7,true
868,0,ASBuild.BuildTLAS,0,0,false,0.138240000,7,7,true
868,1,LightPrepare.Upload,0,0,false,0.002336000,7,7,true
868,2,PathTracing.Trace,0,0,false,0.987776000,7,7,true
868,3,Ui.Overlay,0,0,false,0.012928000,7,7,true
868,4,DLSS.RayReconstruction,1,1,false,1.810112000,7,7,true
868,5,Present.Convert,1,1,false,0.048544000,7,7,true
868,6,Present.CopyToSwapchain,1,2,true,0.024480000,7,7,true
869,0,ASBuild.BuildTLAS,0,0,false,0.134176000,7,7,true
869,1,LightPrepare.Upload,0,0,false,0.002080000,7,7,true
869,2,PathTracing.Trace,0,0,false,0.692320000,7,7,true
869,3,Ui.Overlay,0,0,false,0.030944000,7,7,true
869,4,DLSS.RayReconstruction,1,1,false,1.015360000,7,7,true
869,5,Present.Convert,1,1,false,0.047392000,7,7,true
869,6,Present.CopyToSwapchain,1,2,true,0.023584000,7,7,true
870,0,ASBuild.BuildTLAS,0,0,false,0.123328000,7,7,true
870,1,LightPrepare.Upload,0,0,false,0.002112000,7,7,true
870,2,PathTracing.Trace,0,0,false,0.708416000,7,7,true
870,3,Ui.Overlay,0,0,false,0.020512000,7,7,true
870,4,DLSS.RayReconstruction,1,1,false,1.596320000,7,7,true
870,5,Present.Convert,1,1,false,0.045408000,7,7,true
870,6,Present.CopyToSwapchain,1,2,true,0.024192000,7,7,true
871,0,ASBuild.BuildTLAS,0,0,false,0.130560000,7,7,true
871,1,LightPrepare.Upload,0,0,false,0.001728000,7,7,true
871,2,PathTracing.Trace,0,0,false,0.629056000,7,7,true
871,3,Ui.Overlay,0,0,false,0.012864000,7,7,true
871,4,DLSS.RayReconstruction,1,1,false,1.489120000,7,7,true
871,5,Present.Convert,1,1,false,0.067712000,7,7,true
871,6,Present.CopyToSwapchain,1,2,true,0.024896000,7,7,true
872,0,ASBuild.BuildTLAS,0,0,false,0.116032000,7,7,true
872,1,LightPrepare.Upload,0,0,false,0.002464000,7,7,true
872,2,PathTracing.Trace,0,0,false,0.736768000,7,7,true
872,3,Ui.Overlay,0,0,false,0.020224000,7,7,true
872,4,DLSS.RayReconstruction,1,1,false,1.496352000,7,7,true
872,5,Present.Convert,1,1,false,0.045440000,7,7,true
872,6,Present.CopyToSwapchain,1,2,true,0.024032000,7,7,true
873,0,ASBuild.BuildTLAS,0,0,false,0.128416000,7,7,true
873,1,LightPrepare.Upload,0,0,false,0.002912000,7,7,true
873,2,PathTracing.Trace,0,0,false,0.664640000,7,7,true
873,3,Ui.Overlay,0,0,false,0.012640000,7,7,true
873,4,DLSS.RayReconstruction,1,1,false,1.012928000,7,7,true
873,5,Present.Convert,1,1,false,0.045280000,7,7,true
873,6,Present.CopyToSwapchain,1,2,true,0.021952000,7,7,true
874,0,ASBuild.BuildTLAS,0,0,false,0.143808000,7,7,true
874,1,LightPrepare.Upload,0,0,false,0.002080000,7,7,true
874,2,PathTracing.Trace,0,0,false,0.630656000,7,7,true
874,3,Ui.Overlay,0,0,false,0.024320000,7,7,true
874,4,DLSS.RayReconstruction,1,1,false,2.738912000,7,7,true
874,5,Present.Convert,1,1,false,0.049760000,7,7,true
874,6,Present.CopyToSwapchain,1,2,true,0.024736000,7,7,true
875,0,ASBuild.BuildTLAS,0,0,false,0.304256000,7,7,true
875,1,LightPrepare.Upload,0,0,false,0.002208000,7,7,true
875,2,PathTracing.Trace,0,0,false,0.694016000,7,7,true
875,3,Ui.Overlay,0,0,false,0.016896000,7,7,true
875,4,DLSS.RayReconstruction,1,1,false,1.024960000,7,7,true
875,5,Present.Convert,1,1,false,0.049376000,7,7,true
875,6,Present.CopyToSwapchain,1,2,true,0.226656000,7,7,true
876,0,ASBuild.BuildTLAS,0,0,false,0.158784000,7,7,true
876,1,LightPrepare.Upload,0,0,false,0.002496000,7,7,true
876,2,PathTracing.Trace,0,0,false,0.913888000,7,7,true
876,3,Ui.Overlay,0,0,false,0.022592000,7,7,true
876,4,DLSS.RayReconstruction,1,1,false,1.455456000,7,7,true
876,5,Present.Convert,1,1,false,0.045120000,7,7,true
876,6,Present.CopyToSwapchain,1,2,true,0.024384000,7,7,true
877,0,ASBuild.BuildTLAS,0,0,false,0.134016000,7,7,true
877,1,LightPrepare.Upload,0,0,false,0.002208000,7,7,true
877,2,PathTracing.Trace,0,0,false,0.605920000,7,7,true
877,3,Ui.Overlay,0,0,false,0.028224000,7,7,true
877,4,DLSS.RayReconstruction,1,1,false,1.019392000,7,7,true
877,5,Present.Convert,1,1,false,0.045440000,7,7,true
877,6,Present.CopyToSwapchain,1,2,true,0.024128000,7,7,true
878,0,ASBuild.BuildTLAS,0,0,false,0.129248000,7,7,true
878,1,LightPrepare.Upload,0,0,false,0.002080000,7,7,true
878,2,PathTracing.Trace,0,0,false,0.683872000,7,7,true
878,3,Ui.Overlay,0,0,false,0.014688000,7,7,true
878,4,DLSS.RayReconstruction,1,1,false,1.798944000,7,7,true
878,5,Present.Convert,1,1,false,0.045408000,7,7,true
878,6,Present.CopyToSwapchain,1,2,true,0.023488000,7,7,true
879,0,ASBuild.BuildTLAS,0,0,false,0.450880000,7,7,true
879,1,LightPrepare.Upload,0,0,false,0.002144000,7,7,true
879,2,PathTracing.Trace,0,0,false,0.712544000,7,7,true
879,3,Ui.Overlay,0,0,false,0.024576000,7,7,true
879,4,DLSS.RayReconstruction,1,1,false,2.433760000,7,7,true
879,5,Present.Convert,1,1,false,0.045376000,7,7,true
879,6,Present.CopyToSwapchain,1,2,true,0.023968000,7,7,true
880,0,ASBuild.BuildTLAS,0,0,false,0.121984000,7,7,true
880,1,LightPrepare.Upload,0,0,false,0.001696000,7,7,true
880,2,PathTracing.Trace,0,0,false,1.239392000,7,7,true
880,3,Ui.Overlay,0,0,false,0.014112000,7,7,true
880,4,DLSS.RayReconstruction,1,1,false,1.006656000,7,7,true
880,5,Present.Convert,1,1,false,0.045152000,7,7,true
880,6,Present.CopyToSwapchain,1,2,true,0.024192000,7,7,true
881,0,ASBuild.BuildTLAS,0,0,false,0.109952000,7,7,true
881,1,LightPrepare.Upload,0,0,false,0.002176000,7,7,true
881,2,PathTracing.Trace,0,0,false,1.224480000,7,7,true
881,3,Ui.Overlay,0,0,false,0.021888000,7,7,true
881,4,DLSS.RayReconstruction,1,1,false,1.829504000,7,7,true
881,5,Present.Convert,1,1,false,0.049632000,7,7,true
881,6,Present.CopyToSwapchain,1,2,true,0.022528000,7,7,true
882,0,ASBuild.BuildTLAS,0,0,false,0.123168000,7,7,true
882,1,LightPrepare.Upload,0,0,false,0.006112000,7,7,true
882,2,PathTracing.Trace,0,0,false,0.683968000,7,7,true
882,3,Ui.Overlay,0,0,false,0.030592000,7,7,true
882,4,DLSS.RayReconstruction,1,1,false,1.800608000,7,7,true
882,5,Present.Convert,1,1,false,0.045312000,7,7,true
882,6,Present.CopyToSwapchain,1,2,true,0.023680000,7,7,true
883,0,ASBuild.BuildTLAS,0,0,false,0.116768000,7,7,true
883,1,LightPrepare.Upload,0,0,false,0.001792000,7,7,true
883,2,PathTracing.Trace,0,0,false,1.270016000,7,7,true
883,3,Ui.Overlay,0,0,false,0.030624000,7,7,true
883,4,DLSS.RayReconstruction,1,1,false,1.296448000,7,7,true
883,5,Present.Convert,1,1,false,0.054720000,7,7,true
883,6,Present.CopyToSwapchain,1,2,true,0.025344000,7,7,true
884,0,ASBuild.BuildTLAS,0,0,false,0.101440000,7,7,true
884,1,LightPrepare.Upload,0,0,false,0.002464000,7,7,true
884,2,PathTracing.Trace,0,0,false,0.659008000,7,7,true
884,3,Ui.Overlay,0,0,false,0.024928000,7,7,true
884,4,DLSS.RayReconstruction,1,1,false,2.596352000,7,7,true
884,5,Present.Convert,1,1,false,0.052672000,7,7,true
884,6,Present.CopyToSwapchain,1,2,true,0.023808000,7,7,true
885,0,ASBuild.BuildTLAS,0,0,false,0.117696000,7,7,true
885,1,LightPrepare.Upload,0,0,false,0.002176000,7,7,true
885,2,PathTracing.Trace,0,0,false,0.728864000,7,7,true
885,3,Ui.Overlay,0,0,false,0.029920000,7,7,true
885,4,DLSS.RayReconstruction,1,1,false,1.017184000,7,7,true
885,5,Present.Convert,1,1,false,0.047168000,7,7,true
885,6,Present.CopyToSwapchain,1,2,true,0.145824000,7,7,true
886,0,ASBuild.BuildTLAS,0,0,false,0.104160000,7,7,true
886,1,LightPrepare.Upload,0,0,false,0.002080000,7,7,true
886,2,PathTracing.Trace,0,0,false,0.743328000,7,7,true
886,3,Ui.Overlay,0,0,false,0.021600000,7,7,true
886,4,DLSS.RayReconstruction,1,1,false,1.884352000,7,7,true
886,5,Present.Convert,1,1,false,0.047840000,7,7,true
886,6,Present.CopyToSwapchain,1,2,true,0.024352000,7,7,true
887,0,ASBuild.BuildTLAS,0,0,false,0.129152000,7,7,true
887,1,LightPrepare.Upload,0,0,false,0.006496000,7,7,true
887,2,PathTracing.Trace,0,0,false,0.593568000,7,7,true
887,3,Ui.Overlay,0,0,false,0.012832000,7,7,true
887,4,DLSS.RayReconstruction,1,1,false,1.011008000,7,7,true
887,5,Present.Convert,1,1,false,0.047360000,7,7,true
887,6,Present.CopyToSwapchain,1,2,true,0.023552000,7,7,true
888,0,ASBuild.BuildTLAS,0,0,false,0.126528000,7,7,true
888,1,LightPrepare.Upload,0,0,false,0.002144000,7,7,true
888,2,PathTracing.Trace,0,0,false,1.029920000,7,7,true
888,3,Ui.Overlay,0,0,false,0.023552000,7,7,true
888,4,DLSS.RayReconstruction,1,1,false,1.916384000,7,7,true
888,5,Present.Convert,1,1,false,0.053632000,7,7,true
888,6,Present.CopyToSwapchain,1,2,true,0.024704000,7,7,true
889,0,ASBuild.BuildTLAS,0,0,false,0.123104000,7,7,true
889,1,LightPrepare.Upload,0,0,false,0.001632000,7,7,true
889,2,PathTracing.Trace,0,0,false,0.582016000,7,7,true
889,3,Ui.Overlay,0,0,false,0.012896000,7,7,true
889,4,DLSS.RayReconstruction,1,1,false,1.081088000,7,7,true
889,5,Present.Convert,1,1,false,0.429952000,7,7,true
889,6,Present.CopyToSwapchain,1,2,true,0.049632000,7,7,true
890,0,ASBuild.BuildTLAS,0,0,false,0.127840000,7,7,true
890,1,LightPrepare.Upload,0,0,false,0.002112000,7,7,true
890,2,PathTracing.Trace,0,0,false,1.076064000,7,7,true
890,3,Ui.Overlay,0,0,false,0.020192000,7,7,true
890,4,DLSS.RayReconstruction,1,1,false,1.223520000,7,7,true
890,5,Present.Convert,1,1,false,0.285056000,7,7,true
890,6,Present.CopyToSwapchain,1,2,true,0.251360000,7,7,true
891,0,ASBuild.BuildTLAS,0,0,false,0.129376000,7,7,true
891,1,LightPrepare.Upload,0,0,false,0.002112000,7,7,true
891,2,PathTracing.Trace,0,0,false,0.636768000,7,7,true
891,3,Ui.Overlay,0,0,false,0.012992000,7,7,true
891,4,DLSS.RayReconstruction,1,1,false,1.509024000,7,7,true
891,5,Present.Convert,1,1,false,0.045376000,7,7,true
891,6,Present.CopyToSwapchain,1,2,true,0.024128000,7,7,true
892,0,ASBuild.BuildTLAS,0,0,false,0.304320000,7,7,true
892,1,LightPrepare.Upload,0,0,false,0.004128000,7,7,true
892,2,PathTracing.Trace,0,0,false,0.654240000,7,7,true
892,3,Ui.Overlay,0,0,false,0.012896000,7,7,true
892,4,DLSS.RayReconstruction,1,1,false,1.009344000,7,7,true
892,5,Present.Convert,1,1,false,0.051296000,7,7,true
892,6,Present.CopyToSwapchain,1,2,true,0.022368000,7,7,true
893,0,ASBuild.BuildTLAS,0,0,false,0.129952000,7,7,true
893,1,LightPrepare.Upload,0,0,false,0.002240000,7,7,true
893,2,PathTracing.Trace,0,0,false,0.659168000,7,7,true
893,3,Ui.Overlay,0,0,false,0.020896000,7,7,true
893,4,DLSS.RayReconstruction,1,1,false,1.474208000,7,7,true
893,5,Present.Convert,1,1,false,0.045440000,7,7,true
893,6,Present.CopyToSwapchain,1,2,true,0.021824000,7,7,true
894,0,ASBuild.BuildTLAS,0,0,false,0.111104000,7,7,true
894,1,LightPrepare.Upload,0,0,false,0.001760000,7,7,true
894,2,PathTracing.Trace,0,0,false,0.595232000,7,7,true
894,3,Ui.Overlay,0,0,false,0.012768000,7,7,true
894,4,DLSS.RayReconstruction,1,1,false,1.017184000,7,7,true
894,5,Present.Convert,1,1,false,0.098208000,7,7,true
894,6,Present.CopyToSwapchain,1,2,true,0.439328000,7,7,true
895,0,ASBuild.BuildTLAS,0,0,false,0.145280000,7,7,true
895,1,LightPrepare.Upload,0,0,false,0.002080000,7,7,true
895,2,PathTracing.Trace,0,0,false,0.687904000,7,7,true
895,3,Ui.Overlay,0,0,false,0.014656000,7,7,true
895,4,DLSS.RayReconstruction,1,1,false,1.515328000,7,7,true
895,5,Present.Convert,1,1,false,0.051040000,7,7,true
895,6,Present.CopyToSwapchain,1,2,true,0.030752000,7,7,true
896,0,ASBuild.BuildTLAS,0,0,false,0.132192000,7,7,true
896,1,LightPrepare.Upload,0,0,false,0.002592000,7,7,true
896,2,PathTracing.Trace,0,0,false,0.997760000,7,7,true
896,3,Ui.Overlay,0,0,false,0.013088000,7,7,true
896,4,DLSS.RayReconstruction,1,1,false,2.080352000,7,7,true
896,5,Present.Convert,1,1,false,0.045344000,7,7,true
896,6,Present.CopyToSwapchain,1,2,true,0.023840000,7,7,true
897,0,ASBuild.BuildTLAS,0,0,false,0.125312000,7,7,true
897,1,LightPrepare.Upload,0,0,false,0.002112000,7,7,true
897,2,PathTracing.Trace,0,0,false,0.730976000,7,7,true
897,3,Ui.Overlay,0,0,false,0.015200000,7,7,true
897,4,DLSS.RayReconstruction,1,1,false,1.011584000,7,7,true
897,5,Present.Convert,1,1,false,0.045376000,7,7,true
897,6,Present.CopyToSwapchain,1,2,true,0.022048000,7,7,true
898,0,ASBuild.BuildTLAS,0,0,false,0.138624000,7,7,true
898,1,LightPrepare.Upload,0,0,false,0.002592000,7,7,true
898,2,PathTracing.Trace,0,0,false,1.054048000,7,7,true
898,3,Ui.Overlay,0,0,false,0.022208000,7,7,true
898,4,DLSS.RayReconstruction,1,1,false,1.885184000,7,7,true
898,5,Present.Convert,1,1,false,0.049472000,7,7,true
898,6,Present.CopyToSwapchain,1,2,true,0.022784000,7,7,true
899,0,ASBuild.BuildTLAS,0,0,false,0.146048000,7,7,true
899,1,LightPrepare.Upload,0,0,false,0.002560000,7,7,true
899,2,PathTracing.Trace,0,0,false,1.215904000,7,7,true
899,3,Ui.Overlay,0,0,false,0.020800000,7,7,true
899,4,DLSS.RayReconstruction,1,1,false,1.945952000,7,7,true
899,5,Present.Convert,1,1,false,0.045408000,7,7,true
899,6,Present.CopyToSwapchain,1,2,true,0.024192000,7,7,true
900,0,ASBuild.BuildTLAS,0,0,false,0.111904000,7,7,true
900,1,LightPrepare.Upload,0,0,false,0.001888000,7,7,true
900,2,PathTracing.Trace,0,0,false,1.189024000,7,7,true
900,3,Ui.Overlay,0,0,false,0.025568000,7,7,true
900,4,DLSS.RayReconstruction,1,1,false,1.509216000,7,7,true
900,5,Present.Convert,1,1,false,0.045344000,7,7,true
900,6,Present.CopyToSwapchain,1,2,true,0.024192000,7,7,true
901,0,ASBuild.BuildTLAS,0,0,false,0.100448000,7,7,true
901,1,LightPrepare.Upload,0,0,false,0.002848000,7,7,true
901,2,PathTracing.Trace,0,0,false,0.730240000,7,7,true
901,3,Ui.Overlay,0,0,false,0.021920000,7,7,true
901,4,DLSS.RayReconstruction,1,1,false,1.031392000,7,7,true
901,5,Present.Convert,1,1,false,0.049472000,7,7,true
901,6,Present.CopyToSwapchain,1,2,true,0.021632000,7,7,true
902,0,ASBuild.BuildTLAS,0,0,false,0.128576000,7,7,true
902,1,LightPrepare.Upload,0,0,false,0.002112000,7,7,true
902,2,PathTracing.Trace,0,0,false,0.827232000,7,7,true
902,3,Ui.Overlay,0,0,false,0.012256000,7,7,true
902,4,DLSS.RayReconstruction,1,1,false,1.510336000,7,7,true
902,5,Present.Convert,1,1,false,0.045280000,7,7,true
902,6,Present.CopyToSwapchain,1,2,true,0.024224000,7,7,true
903,0,ASBuild.BuildTLAS,0,0,false,0.110944000,7,7,true
903,1,LightPrepare.Upload,0,0,false,0.001600000,7,7,true
903,2,PathTracing.Trace,0,0,false,0.595392000,7,7,true
903,3,Ui.Overlay,0,0,false,0.012864000,7,7,true
903,4,DLSS.RayReconstruction,1,1,false,1.034656000,7,7,true
903,5,Present.Convert,1,1,false,0.047232000,7,7,true
903,6,Present.CopyToSwapchain,1,2,true,0.026336000,7,7,true
904,0,ASBuild.BuildTLAS,0,0,false,0.128032000,7,7,true
904,1,LightPrepare.Upload,0,0,false,0.002240000,7,7,true
904,2,PathTracing.Trace,0,0,false,0.722656000,7,7,true
904,3,Ui.Overlay,0,0,false,0.018592000,7,7,true
904,4,DLSS.RayReconstruction,1,1,false,1.494176000,7,7,true
904,5,Present.Convert,1,1,false,0.045408000,7,7,true
904,6,Present.CopyToSwapchain,1,2,true,0.023424000,7,7,true
905,0,ASBuild.BuildTLAS,0,0,false,0.127008000,7,7,true
905,1,LightPrepare.Upload,0,0,false,0.002464000,7,7,true
905,2,PathTracing.Trace,0,0,false,0.601408000,7,7,true
905,3,Ui.Overlay,0,0,false,0.013120000,7,7,true
905,4,DLSS.RayReconstruction,1,1,false,1.033216000,7,7,true
905,5,Present.Convert,1,1,false,0.047392000,7,7,true
905,6,Present.CopyToSwapchain,1,2,true,0.024160000,7,7,true
906,0,ASBuild.BuildTLAS,0,0,false,0.134272000,7,7,true
906,1,LightPrepare.Upload,0,0,false,0.006816000,7,7,true
906,2,PathTracing.Trace,0,0,false,0.734464000,7,7,true
906,3,Ui.Overlay,0,0,false,0.021312000,7,7,true
906,4,DLSS.RayReconstruction,1,1,false,1.486944000,7,7,true
906,5,Present.Convert,1,1,false,0.045408000,7,7,true
906,6,Present.CopyToSwapchain,1,2,true,0.023936000,7,7,true
907,0,ASBuild.BuildTLAS,0,0,false,0.123936000,7,7,true
907,1,LightPrepare.Upload,0,0,false,0.001504000,7,7,true
907,2,PathTracing.Trace,0,0,false,0.598560000,7,7,true
907,3,Ui.Overlay,0,0,false,0.012928000,7,7,true
907,4,DLSS.RayReconstruction,1,1,false,1.034848000,7,7,true
907,5,Present.Convert,1,1,false,0.045344000,7,7,true
907,6,Present.CopyToSwapchain,1,2,true,0.024352000,7,7,true
908,0,ASBuild.BuildTLAS,0,0,false,0.151584000,7,7,true
908,1,LightPrepare.Upload,0,0,false,0.001888000,7,7,true
908,2,PathTracing.Trace,0,0,false,0.790592000,7,7,true
908,3,Ui.Overlay,0,0,false,0.014176000,7,7,true
908,4,DLSS.RayReconstruction,1,1,false,1.816256000,7,7,true
908,5,Present.Convert,1,1,false,0.049408000,7,7,true
908,6,Present.CopyToSwapchain,1,2,true,0.022080000,7,7,true
909,0,ASBuild.BuildTLAS,0,0,false,0.125920000,7,7,true
909,1,LightPrepare.Upload,0,0,false,0.001536000,7,7,true
909,2,PathTracing.Trace,0,0,false,0.755168000,7,7,true
909,3,Ui.Overlay,0,0,false,0.013120000,7,7,true
909,4,DLSS.RayReconstruction,1,1,false,1.013088000,7,7,true
909,5,Present.Convert,1,1,false,0.315328000,7,7,true
909,6,Present.CopyToSwapchain,1,2,true,0.212320000,7,7,true
910,0,ASBuild.BuildTLAS,0,0,false,0.131168000,7,7,true
910,1,LightPrepare.Upload,0,0,false,0.002144000,7,7,true
910,2,PathTracing.Trace,0,0,false,0.687936000,7,7,true
910,3,Ui.Overlay,0,0,false,0.015968000,7,7,true
910,4,DLSS.RayReconstruction,1,1,false,2.006208000,7,7,true
910,5,Present.Convert,1,1,false,0.049920000,7,7,true
910,6,Present.CopyToSwapchain,1,2,true,0.024224000,7,7,true
911,0,ASBuild.BuildTLAS,0,0,false,0.126624000,7,7,true
911,1,LightPrepare.Upload,0,0,false,0.001888000,7,7,true
911,2,PathTracing.Trace,0,0,false,0.608320000,7,7,true
911,3,Ui.Overlay,0,0,false,0.012640000,7,7,true
911,4,DLSS.RayReconstruction,1,1,false,1.319072000,7,7,true
911,5,Present.Convert,1,1,false,0.063328000,7,7,true
911,6,Present.CopyToSwapchain,1,2,true,0.026176000,7,7,true
912,0,ASBuild.BuildTLAS,0,0,false,0.150272000,7,7,true
912,1,LightPrepare.Upload,0,0,false,0.001920000,7,7,true
912,2,PathTracing.Trace,0,0,false,0.872480000,7,7,true
912,3,Ui.Overlay,0,0,false,0.026272000,7,7,true
912,4,DLSS.RayReconstruction,1,1,false,1.531296000,7,7,true
912,5,Present.Convert,1,1,false,0.045408000,7,7,true
912,6,Present.CopyToSwapchain,1,2,true,0.024192000,7,7,true
913,0,ASBuild.BuildTLAS,0,0,false,0.114944000,7,7,true
913,1,LightPrepare.Upload,0,0,false,0.001696000,7,7,true
913,2,PathTracing.Trace,0,0,false,0.602464000,7,7,true
913,3,Ui.Overlay,0,0,false,0.012576000,7,7,true
913,4,DLSS.RayReconstruction,1,1,false,2.093440000,7,7,true
913,5,Present.Convert,1,1,false,0.054048000,7,7,true
913,6,Present.CopyToSwapchain,1,2,true,0.024736000,7,7,true
914,0,ASBuild.BuildTLAS,0,0,false,0.114208000,7,7,true
914,1,LightPrepare.Upload,0,0,false,0.001600000,7,7,true
914,2,PathTracing.Trace,0,0,false,0.700768000,7,7,true
914,3,Ui.Overlay,0,0,false,0.022016000,7,7,true
914,4,DLSS.RayReconstruction,1,1,false,1.006272000,7,7,true
914,5,Present.Convert,1,1,false,0.051552000,7,7,true
914,6,Present.CopyToSwapchain,1,2,true,0.021504000,7,7,true
915,0,ASBuild.BuildTLAS,0,0,false,0.128160000,7,7,true
915,1,LightPrepare.Upload,0,0,false,0.001920000,7,7,true
915,2,PathTracing.Trace,0,0,false,1.061920000,7,7,true
915,3,Ui.Overlay,0,0,false,0.023424000,7,7,true
915,4,DLSS.RayReconstruction,1,1,false,1.786720000,7,7,true
915,5,Present.Convert,1,1,false,0.045120000,7,7,true
915,6,Present.CopyToSwapchain,1,2,true,0.023648000,7,7,true
916,0,ASBuild.BuildTLAS,0,0,false,0.118016000,7,7,true
916,1,LightPrepare.Upload,0,0,false,0.001792000,7,7,true
916,2,PathTracing.Trace,0,0,false,0.594176000,7,7,true
916,3,Ui.Overlay,0,0,false,0.012448000,7,7,true
916,4,DLSS.RayReconstruction,1,1,false,1.021408000,7,7,true
916,5,Present.Convert,1,1,false,0.047360000,7,7,true
916,6,Present.CopyToSwapchain,1,2,true,0.023808000,7,7,true
917,0,ASBuild.BuildTLAS,0,0,false,0.126208000,7,7,true
917,1,LightPrepare.Upload,0,0,false,0.002304000,7,7,true
917,2,PathTracing.Trace,0,0,false,0.704064000,7,7,true
917,3,Ui.Overlay,0,0,false,0.019968000,7,7,true
917,4,DLSS.RayReconstruction,1,1,false,1.966816000,7,7,true
917,5,Present.Convert,1,1,false,0.045440000,7,7,true
917,6,Present.CopyToSwapchain,1,2,true,0.023936000,7,7,true
918,0,ASBuild.BuildTLAS,0,0,false,0.127072000,7,7,true
918,1,LightPrepare.Upload,0,0,false,0.009952000,7,7,true
918,2,PathTracing.Trace,0,0,false,0.579872000,7,7,true
918,3,Ui.Overlay,0,0,false,0.012576000,7,7,true
918,4,DLSS.RayReconstruction,1,1,false,1.019936000,7,7,true
918,5,Present.Convert,1,1,false,0.047360000,7,7,true
918,6,Present.CopyToSwapchain,1,2,true,0.081248000,7,7,true
919,0,ASBuild.BuildTLAS,0,0,false,0.160448000,7,7,true
919,1,LightPrepare.Upload,0,0,false,0.002016000,7,7,true
919,2,PathTracing.Trace,0,0,false,0.698336000,7,7,true
919,3,Ui.Overlay,0,0,false,0.024288000,7,7,true
919,4,DLSS.RayReconstruction,1,1,false,1.494752000,7,7,true
919,5,Present.Convert,1,1,false,0.045376000,7,7,true
919,6,Present.CopyToSwapchain,1,2,true,0.023776000,7,7,true
920,0,ASBuild.BuildTLAS,0,0,false,0.122528000,7,7,true
920,1,LightPrepare.Upload,0,0,false,0.001664000,7,7,true
920,2,PathTracing.Trace,0,0,false,0.618560000,7,7,true
920,3,Ui.Overlay,0,0,false,0.012608000,7,7,true
920,4,DLSS.RayReconstruction,1,1,false,1.022848000,7,7,true
920,5,Present.Convert,1,1,false,0.045376000,7,7,true
920,6,Present.CopyToSwapchain,1,2,true,0.023616000,7,7,true
921,0,ASBuild.BuildTLAS,0,0,false,0.142624000,7,7,true
921,1,LightPrepare.Upload,0,0,false,0.003296000,7,7,true
921,2,PathTracing.Trace,0,0,false,0.682688000,7,7,true
921,3,Ui.Overlay,0,0,false,0.019712000,7,7,true
921,4,DLSS.RayReconstruction,1,1,false,2.063232000,7,7,true
921,5,Present.Convert,1,1,false,0.387072000,7,7,true
921,6,Present.CopyToSwapchain,1,2,true,0.040064000,7,7,true
922,0,ASBuild.BuildTLAS,0,0,false,0.119904000,7,7,true
922,1,LightPrepare.Upload,0,0,false,0.002176000,7,7,true
922,2,PathTracing.Trace,0,0,false,1.144608000,7,7,true
922,3,Ui.Overlay,0,0,false,0.016832000,7,7,true
922,4,DLSS.RayReconstruction,1,1,false,1.025376000,7,7,true
922,5,Present.Convert,1,1,false,0.045152000,7,7,true
922,6,Present.CopyToSwapchain,1,2,true,0.025312000,7,7,true
923,0,ASBuild.BuildTLAS,0,0,false,0.127488000,7,7,true
923,1,LightPrepare.Upload,0,0,false,0.002208000,7,7,true
923,2,PathTracing.Trace,0,0,false,1.056768000,7,7,true
923,3,Ui.Overlay,0,0,false,0.013888000,7,7,true
923,4,DLSS.RayReconstruction,1,1,false,1.517088000,7,7,true
923,5,Present.Convert,1,1,false,0.045408000,7,7,true
923,6,Present.CopyToSwapchain,1,2,true,0.023520000,7,7,true
924,0,ASBuild.BuildTLAS,0,0,false,0.094752000,7,7,true
924,1,LightPrepare.Upload,0,0,false,0.001632000,7,7,true
924,2,PathTracing.Trace,0,0,false,0.593312000,7,7,true
924,3,Ui.Overlay,0,0,false,0.012992000,7,7,true
924,4,DLSS.RayReconstruction,1,1,false,1.919296000,7,7,true
924,5,Present.Convert,1,1,false,0.198592000,7,7,true
924,6,Present.CopyToSwapchain,1,2,true,0.023808000,7,7,true
925,0,ASBuild.BuildTLAS,0,0,false,0.099168000,7,7,true
925,1,LightPrepare.Upload,0,0,false,0.001920000,7,7,true
925,2,PathTracing.Trace,0,0,false,0.671808000,7,7,true
925,3,Ui.Overlay,0,0,false,0.021984000,7,7,true
925,4,DLSS.RayReconstruction,1,1,false,1.014976000,7,7,true
925,5,Present.Convert,1,1,false,0.045376000,7,7,true
925,6,Present.CopyToSwapchain,1,2,true,0.023840000,7,7,true
926,0,ASBuild.BuildTLAS,0,0,false,0.126944000,7,7,true
926,1,LightPrepare.Upload,0,0,false,0.002816000,7,7,true
926,2,PathTracing.Trace,0,0,false,0.941216000,7,7,true
926,3,Ui.Overlay,0,0,false,0.022240000,7,7,true
926,4,DLSS.RayReconstruction,1,1,false,1.544384000,7,7,true
926,5,Present.Convert,1,1,false,0.045408000,7,7,true
926,6,Present.CopyToSwapchain,1,2,true,0.023744000,7,7,true
927,0,ASBuild.BuildTLAS,0,0,false,0.134656000,7,7,true
927,1,LightPrepare.Upload,0,0,false,0.002528000,7,7,true
927,2,PathTracing.Trace,0,0,false,0.744896000,7,7,true
927,3,Ui.Overlay,0,0,false,0.012736000,7,7,true
927,4,DLSS.RayReconstruction,1,1,false,1.533600000,7,7,true
927,5,Present.Convert,1,1,false,0.045344000,7,7,true
927,6,Present.CopyToSwapchain,1,2,true,0.024512000,7,7,true
928,0,ASBuild.BuildTLAS,0,0,false,0.143328000,7,7,true
928,1,LightPrepare.Upload,0,0,false,0.002240000,7,7,true
928,2,PathTracing.Trace,0,0,false,0.718560000,7,7,true
928,3,Ui.Overlay,0,0,false,0.029536000,7,7,true
928,4,DLSS.RayReconstruction,1,1,false,1.902592000,7,7,true
928,5,Present.Convert,1,1,false,0.221728000,7,7,true
928,6,Present.CopyToSwapchain,1,2,true,0.309824000,7,7,true
929,0,ASBuild.BuildTLAS,0,0,false,0.121984000,7,7,true
929,1,LightPrepare.Upload,0,0,false,0.002144000,7,7,true
929,2,PathTracing.Trace,0,0,false,0.755520000,7,7,true
929,3,Ui.Overlay,0,0,false,0.039296000,7,7,true
929,4,DLSS.RayReconstruction,1,1,false,1.015648000,7,7,true
929,5,Present.Convert,1,1,false,0.049536000,7,7,true
929,6,Present.CopyToSwapchain,1,2,true,0.023680000,7,7,true
930,0,ASBuild.BuildTLAS,0,0,false,0.435392000,7,7,true
930,1,LightPrepare.Upload,0,0,false,0.002080000,7,7,true
930,2,PathTracing.Trace,0,0,false,0.807776000,7,7,true
930,3,Ui.Overlay,0,0,false,0.015744000,7,7,true
930,4,DLSS.RayReconstruction,1,1,false,1.724544000,7,7,true
930,5,Present.Convert,1,1,false,0.055968000,7,7,true
930,6,Present.CopyToSwapchain,1,2,true,0.023872000,7,7,true
931,0,ASBuild.BuildTLAS,0,0,false,0.114016000,7,7,true
931,1,LightPrepare.Upload,0,0,false,0.001632000,7,7,true
931,2,PathTracing.Trace,0,0,false,0.584064000,7,7,true
931,3,Ui.Overlay,0,0,false,0.012608000,7,7,true
931,4,DLSS.RayReconstruction,1,1,false,1.492768000,7,7,true
931,5,Present.Convert,1,1,false,0.061600000,7,7,true
931,6,Present.CopyToSwapchain,1,2,true,0.024224000,7,7,true
932,0,ASBuild.BuildTLAS,0,0,false,0.130272000,7,7,true
932,1,LightPrepare.Upload,0,0,false,0.002208000,7,7,true
932,2,PathTracing.Trace,0,0,false,0.675584000,7,7,true
932,3,Ui.Overlay,0,0,false,0.021600000,7,7,true
932,4,DLSS.RayReconstruction,1,1,false,1.311488000,7,7,true
932,5,Present.Convert,1,1,false,0.052704000,7,7,true
932,6,Present.CopyToSwapchain,1,2,true,0.228672000,7,7,true
933,0,ASBuild.BuildTLAS,0,0,false,0.130592000,7,7,true
933,1,LightPrepare.Upload,0,0,false,0.002208000,7,7,true
933,2,PathTracing.Trace,0,0,false,0.696064000,7,7,true
933,3,Ui.Overlay,0,0,false,0.012896000,7,7,true
933,4,DLSS.RayReconstruction,1,1,false,1.513632000,7,7,true
933,5,Present.Convert,1,1,false,0.047392000,7,7,true
933,6,Present.CopyToSwapchain,1,2,true,0.024352000,7,7,true
934,0,ASBuild.BuildTLAS,0,0,false,0.137536000,7,7,true
934,1,LightPrepare.Upload,0,0,false,0.002304000,7,7,true
934,2,PathTracing.Trace,0,0,false,0.616064000,7,7,true
934,3,Ui.Overlay,0,0,false,0.012608000,7,7,true
934,4,DLSS.RayReconstruction,1,1,false,1.566048000,7,7,true
934,5,Present.Convert,1,1,false,0.165728000,7,7,true
934,6,Present.CopyToSwapchain,1,2,true,0.029824000,7,7,true
935,0,ASBuild.BuildTLAS,0,0,false,0.120288000,7,7,true
935,1,LightPrepare.Upload,0,0,false,0.002464000,7,7,true
935,2,PathTracing.Trace,0,0,false,0.656896000,7,7,true
935,3,Ui.Overlay,0,0,false,0.022528000,7,7,true
935,4,DLSS.RayReconstruction,1,1,false,1.257376000,7,7,true
935,5,Present.Convert,1,1,false,0.262368000,7,7,true
935,6,Present.CopyToSwapchain,1,2,true,0.033824000,7,7,true
936,0,ASBuild.BuildTLAS,0,0,false,0.133152000,7,7,true
936,1,LightPrepare.Upload,0,0,false,0.002304000,7,7,true
936,2,PathTracing.Trace,0,0,false,0.667296000,7,7,true
936,3,Ui.Overlay,0,0,false,0.012928000,7,7,true
936,4,DLSS.RayReconstruction,1,1,false,1.007360000,7,7,true
936,5,Present.Convert,1,1,false,0.407680000,7,7,true
936,6,Present.CopyToSwapchain,1,2,true,0.052000000,7,7,true
937,0,ASBuild.BuildTLAS,0,0,false,0.128032000,7,7,true
937,1,LightPrepare.Upload,0,0,false,0.002112000,7,7,true
937,2,PathTracing.Trace,0,0,false,0.644960000,7,7,true
937,3,Ui.Overlay,0,0,false,0.013216000,7,7,true
937,4,DLSS.RayReconstruction,1,1,false,1.514880000,7,7,true
937,5,Present.Convert,1,1,false,0.045248000,7,7,true
937,6,Present.CopyToSwapchain,1,2,true,0.024096000,7,7,true
938,0,ASBuild.BuildTLAS,0,0,false,0.433696000,7,7,true
938,1,LightPrepare.Upload,0,0,false,0.004064000,7,7,true
938,2,PathTracing.Trace,0,0,false,0.595392000,7,7,true
938,3,Ui.Overlay,0,0,false,0.012928000,7,7,true
938,4,DLSS.RayReconstruction,1,1,false,1.323328000,7,7,true
938,5,Present.Convert,1,1,false,0.047680000,7,7,true
938,6,Present.CopyToSwapchain,1,2,true,0.024224000,7,7,true
939,0,ASBuild.BuildTLAS,0,0,false,0.125248000,7,7,true
939,1,LightPrepare.Upload,0,0,false,0.006176000,7,7,true
939,2,PathTracing.Trace,0,0,false,0.704384000,7,7,true
939,3,Ui.Overlay,0,0,false,0.016128000,7,7,true
939,4,DLSS.RayReconstruction,1,1,false,1.537728000,7,7,true
939,5,Present.Convert,1,1,false,0.045408000,7,7,true
939,6,Present.CopyToSwapchain,1,2,true,0.024064000,7,7,true
940,0,ASBuild.BuildTLAS,0,0,false,0.095264000,7,7,true
940,1,LightPrepare.Upload,0,0,false,0.001728000,7,7,true
940,2,PathTracing.Trace,0,0,false,0.573760000,7,7,true
940,3,Ui.Overlay,0,0,false,0.013120000,7,7,true
940,4,DLSS.RayReconstruction,1,1,false,1.527296000,7,7,true
940,5,Present.Convert,1,1,false,0.045280000,7,7,true
940,6,Present.CopyToSwapchain,1,2,true,0.024224000,7,7,true
941,0,ASBuild.BuildTLAS,0,0,false,0.134912000,7,7,true
941,1,LightPrepare.Upload,0,0,false,0.002112000,7,7,true
941,2,PathTracing.Trace,0,0,false,0.712544000,7,7,true
941,3,Ui.Overlay,0,0,false,0.020224000,7,7,true
941,4,DLSS.RayReconstruction,1,1,false,1.029184000,7,7,true
941,5,Present.Convert,1,1,false,0.045408000,7,7,true
941,6,Present.CopyToSwapchain,1,2,true,0.026304000,7,7,true
942,0,ASBuild.BuildTLAS,0,0,false,0.110656000,7,7,true
942,1,LightPrepare.Upload,0,0,false,0.002240000,7,7,true
942,2,PathTracing.Trace,0,0,false,0.734944000,7,7,true
942,3,Ui.Overlay,0,0,false,0.022144000,7,7,true
942,4,DLSS.RayReconstruction,1,1,false,2.075904000,7,7,true
942,5,Present.Convert,1,1,false,0.045408000,7,7,true
942,6,Present.CopyToSwapchain,1,2,true,0.024000000,7,7,true
943,0,ASBuild.BuildTLAS,0,0,false,0.102592000,7,7,true
943,1,LightPrepare.Upload,0,0,false,0.001632000,7,7,true
943,2,PathTracing.Trace,0,0,false,0.588192000,7,7,true
943,3,Ui.Overlay,0,0,false,0.013024000,7,7,true
943,4,DLSS.RayReconstruction,1,1,false,1.031808000,7,7,true
943,5,Present.Convert,1,1,false,0.174240000,7,7,true
943,6,Present.CopyToSwapchain,1,2,true,0.917824000,7,7,true
944,0,ASBuild.BuildTLAS,0,0,false,0.136512000,7,7,true
944,1,LightPrepare.Upload,0,0,false,0.002304000,7,7,true
944,2,PathTracing.Trace,0,0,false,0.900768000,7,7,true
944,3,Ui.Overlay,0,0,false,0.023872000,7,7,true
944,4,DLSS.RayReconstruction,1,1,false,1.013024000,7,7,true
944,5,Present.Convert,1,1,false,0.045440000,7,7,true
944,6,Present.CopyToSwapchain,1,2,true,0.023808000,7,7,true
945,0,ASBuild.BuildTLAS,0,0,false,0.127968000,7,7,true
945,1,LightPrepare.Upload,0,0,false,0.002176000,7,7,true
945,2,PathTracing.Trace,0,0,false,1.205024000,7,7,true
945,3,Ui.Overlay,0,0,false,0.013184000,7,7,true
945,4,DLSS.RayReconstruction,1,1,false,1.568864000,7,7,true
945,5,Present.Convert,1,1,false,0.352224000,7,7,true
945,6,Present.CopyToSwapchain,1,2,true,0.030496000,7,7,true
946,0,ASBuild.BuildTLAS,0,0,false,0.121056000,7,7,true
946,1,LightPrepare.Upload,0,0,false,0.002496000,7,7,true
946,2,PathTracing.Trace,0,0,false,0.761312000,7,7,true
946,3,Ui.Overlay,0,0,false,0.032864000,7,7,true
946,4,DLSS.RayReconstruction,1,1,false,1.863232000,7,7,true
946,5,Present.Convert,1,1,false,0.045184000,7,7,true
946,6,Present.CopyToSwapchain,1,2,true,0.023840000,7,7,true
947,0,ASBuild.BuildTLAS,0,0,false,0.117568000,7,7,true
947,1,LightPrepare.Upload,0,0,false,0.001664000,7,7,true
947,2,PathTracing.Trace,0,0,false,1.191296000,7,7,true
947,3,Ui.Overlay,0,0,false,0.025024000,7,7,true
947,4,DLSS.RayReconstruction,1,1,false,1.313504000,7,7,true
947,5,Present.Convert,1,1,false,0.050816000,7,7,true
947,6,Present.CopyToSwapchain,1,2,true,0.191040000,7,7,true
948,0,ASBuild.BuildTLAS,0,0,false,0.142752000,7,7,true
948,1,LightPrepare.Upload,0,0,false,0.002144000,7,7,true
948,2,PathTracing.Trace,0,0,false,0.636736000,7,7,true
948,3,Ui.Overlay,0,0,false,0.020928000,7,7,true
948,4,DLSS.RayReconstruction,1,1,false,1.523648000,7,7,true
948,5,Present.Convert,1,1,false,0.045408000,7,7,true
948,6,Present.CopyToSwapchain,1,2,true,0.021760000,7,7,true
949,0,ASBuild.BuildTLAS,0,0,false,0.135072000,7,7,true
949,1,LightPrepare.Upload,0,0,false,0.002304000,7,7,true
949,2,PathTracing.Trace,0,0,false,0.599712000,7,7,true
949,3,Ui.Overlay,0,0,false,0.012832000,7,7,true
949,4,DLSS.RayReconstruction,1,1,false,1.305248000,7,7,true
949,5,Present.Convert,1,1,false,0.406624000,7,7,true
949,6,Present.CopyToSwapchain,1,2,true,0.042336000,7,7,true
950,0,ASBuild.BuildTLAS,0,0,false,0.129120000,7,7,true
950,1,LightPrepare.Upload,0,0,false,0.003648000,7,7,true
950,2,PathTracing.Trace,0,0,false,0.708960000,7,7,true
950,3,Ui.Overlay,0,0,false,0.027072000,7,7,true
950,4,DLSS.RayReconstruction,1,1,false,1.521344000,7,7,true
950,5,Present.Convert,1,1,false,0.047456000,7,7,true
950,6,Present.CopyToSwapchain,1,2,true,0.023840000,7,7,true
951,0,ASBuild.BuildTLAS,0,0,false,0.133728000,7,7,true
951,1,LightPrepare.Upload,0,0,false,0.002176000,7,7,true
951,2,PathTracing.Trace,0,0,false,0.694048000,7,7,true
951,3,Ui.Overlay,0,0,false,0.012896000,7,7,true
951,4,DLSS.RayReconstruction,1,1,false,1.810848000,7,7,true
951,5,Present.Convert,1,1,false,0.047424000,7,7,true
951,6,Present.CopyToSwapchain,1,2,true,0.024032000,7,7,true
952,0,ASBuild.BuildTLAS,0,0,false,0.131456000,7,7,true
952,1,LightPrepare.Upload,0,0,false,0.002080000,7,7,true
952,2,PathTracing.Trace,0,0,false,0.681856000,7,7,true
952,3,Ui.Overlay,0,0,false,0.030176000,7,7,true
952,4,DLSS.RayReconstruction,1,1,false,1.010816000,7,7,true
952,5,Present.Convert,1,1,false,0.232640000,7,7,true
952,6,Present.CopyToSwapchain,1,2,true,0.296672000,7,7,true
953,0,ASBuild.BuildTLAS,0,0,false,0.132128000,7,7,true
953,1,LightPrepare.Upload,0,0,false,0.002208000,7,7,true
953,2,PathTracing.Trace,0,0,false,0.671488000,7,7,true
953,3,Ui.Overlay,0,0,false,0.022592000,7,7,true
953,4,DLSS.RayReconstruction,1,1,false,1.986528000,7,7,true
953,5,Present.Convert,1,1,false,0.046688000,7,7,true
953,6,Present.CopyToSwapchain,1,2,true,0.024000000,7,7,true
954,0,ASBuild.BuildTLAS,0,0,false,0.128416000,7,7,true
954,1,LightPrepare.Upload,0,0,false,0.005440000,7,7,true
954,2,PathTracing.Trace,0,0,false,0.613984000,7,7,true
954,3,Ui.Overlay,0,0,false,0.012576000,7,7,true
954,4,DLSS.RayReconstruction,1,1,false,1.113472000,7,7,true
954,5,Present.Convert,1,1,false,0.405376000,7,7,true
954,6,Present.CopyToSwapchain,1,2,true,0.040640000,7,7,true
955,0,ASBuild.BuildTLAS,0,0,false,0.132384000,7,7,true
955,1,LightPrepare.Upload,0,0,false,0.002080000,7,7,true
955,2,PathTracing.Trace,0,0,false,0.857984000,7,7,true
955,3,Ui.Overlay,0,0,false,0.022176000,7,7,true
955,4,DLSS.RayReconstruction,1,1,false,2.011616000,7,7,true
955,5,Present.Convert,1,1,false,0.050496000,7,7,true
955,6,Present.CopyToSwapchain,1,2,true,0.024352000,7,7,true
956,0,ASBuild.BuildTLAS,0,0,false,0.128480000,7,7,true
956,1,LightPrepare.Upload,0,0,false,0.002304000,7,7,true
956,2,PathTracing.Trace,0,0,false,0.638624000,7,7,true
956,3,Ui.Overlay,0,0,false,0.012352000,7,7,true
956,4,DLSS.RayReconstruction,1,1,false,1.015616000,7,7,true
956,5,Present.Convert,1,1,false,0.045344000,7,7,true
956,6,Present.CopyToSwapchain,1,2,true,0.023584000,7,7,true
957,0,ASBuild.BuildTLAS,0,0,false,0.149888000,7,7,true
957,1,LightPrepare.Upload,0,0,false,0.003744000,7,7,true
957,2,PathTracing.Trace,0,0,false,0.712960000,7,7,true
957,3,Ui.Overlay,0,0,false,0.029760000,7,7,true
957,4,DLSS.RayReconstruction,1,1,false,1.904832000,7,7,true
957,5,Present.Convert,1,1,false,0.224224000,7,7,true
957,6,Present.CopyToSwapchain,1,2,true,0.125248000,7,7,true
958,0,ASBuild.BuildTLAS,0,0,false,0.120128000,7,7,true
958,1,LightPrepare.Upload,0,0,false,0.002336000,7,7,true
958,2,PathTracing.Trace,0,0,false,1.139328000,7,7,true
958,3,Ui.Overlay,0,0,false,0.087840000,7,7,true
958,4,DLSS.RayReconstruction,1,1,false,2.449024000,7,7,true
958,5,Present.Convert,1,1,false,0.051968000,7,7,true
958,6,Present.CopyToSwapchain,1,2,true,0.024928000,7,7,true
959,0,ASBuild.BuildTLAS,0,0,false,0.268672000,7,7,true
959,1,LightPrepare.Upload,0,0,false,0.002176000,7,7,true
959,2,PathTracing.Trace,0,0,false,1.152512000,7,7,true
959,3,Ui.Overlay,0,0,false,0.025184000,7,7,true
959,4,DLSS.RayReconstruction,1,1,false,1.009344000,7,7,true
959,5,Present.Convert,1,1,false,0.045312000,7,7,true
959,6,Present.CopyToSwapchain,1,2,true,0.024032000,7,7,true
960,0,ASBuild.BuildTLAS,0,0,false,0.108256000,7,7,true
960,1,LightPrepare.Upload,0,0,false,0.005824000,7,7,true
960,2,PathTracing.Trace,0,0,false,0.747776000,7,7,true
960,3,Ui.Overlay,0,0,false,0.022400000,7,7,true
960,4,DLSS.RayReconstruction,1,1,false,1.899040000,7,7,true
960,5,Present.Convert,1,1,false,0.060032000,7,7,true
960,6,Present.CopyToSwapchain,1,2,true,0.022304000,7,7,true
961,0,ASBuild.BuildTLAS,0,0,false,0.127872000,7,7,true
961,1,LightPrepare.Upload,0,0,false,0.001536000,7,7,true
961,2,PathTracing.Trace,0,0,false,0.578016000,7,7,true
961,3,Ui.Overlay,0,0,false,0.012608000,7,7,true
961,4,DLSS.RayReconstruction,1,1,false,1.031200000,7,7,true
961,5,Present.Convert,1,1,false,0.407936000,7,7,true
961,6,Present.CopyToSwapchain,1,2,true,0.112864000,7,7,true
962,0,ASBuild.BuildTLAS,0,0,false,0.125632000,7,7,true
962,1,LightPrepare.Upload,0,0,false,0.002368000,7,7,true
962,2,PathTracing.Trace,0,0,false,1.087072000,7,7,true
962,3,Ui.Overlay,0,0,false,0.016128000,7,7,true
962,4,DLSS.RayReconstruction,1,1,false,1.297600000,7,7,true
962,5,Present.Convert,1,1,false,0.046528000,7,7,true
962,6,Present.CopyToSwapchain,1,2,true,0.023776000,7,7,true
963,0,ASBuild.BuildTLAS,0,0,false,0.128288000,7,7,true
963,1,LightPrepare.Upload,0,0,false,0.002016000,7,7,true
963,2,PathTracing.Trace,0,0,false,0.628672000,7,7,true
963,3,Ui.Overlay,0,0,false,0.012608000,7,7,true
963,4,DLSS.RayReconstruction,1,1,false,2.084288000,7,7,true
963,5,Present.Convert,1,1,false,0.045344000,7,7,true
963,6,Present.CopyToSwapchain,1,2,true,0.031552000,7,7,true
964,0,ASBuild.BuildTLAS,0,0,false,0.117216000,7,7,true
964,1,LightPrepare.Upload,0,0,false,0.001920000,7,7,true
964,2,PathTracing.Trace,0,0,false,0.751648000,7,7,true
964,3,Ui.Overlay,0,0,false,0.029664000,7,7,true
964,4,DLSS.RayReconstruction,1,1,false,1.005440000,7,7,true
964,5,Present.Convert,1,1,false,0.049536000,7,7,true
964,6,Present.CopyToSwapchain,1,2,true,0.022048000,7,7,true
965,0,ASBuild.BuildTLAS,0,0,false,0.125600000,7,7,true
965,1,LightPrepare.Upload,0,0,false,0.002112000,7,7,true
965,2,PathTracing.Trace,0,0,false,0.737120000,7,7,true
965,3,Ui.Overlay,0,0,false,0.017184000,7,7,true
965,4,DLSS.RayReconstruction,1,1,false,1.484160000,7,7,true
965,5,Present.Convert,1,1,false,0.045440000,7,7,true
965,6,Present.CopyToSwapchain,1,2,true,0.021344000,7,7,true
966,0,ASBuild.BuildTLAS,0,0,false,0.115424000,7,7,true
966,1,LightPrepare.Upload,0,0,false,0.001728000,7,7,true
966,2,PathTracing.Trace,0,0,false,0.597280000,7,7,true
966,3,Ui.Overlay,0,0,false,0.012640000,7,7,true
966,4,DLSS.RayReconstruction,1,1,false,1.005024000,7,7,true
966,5,Present.Convert,1,1,false,0.045312000,7,7,true
966,6,Present.CopyToSwapchain,1,2,true,0.024704000,7,7,true
967,0,ASBuild.BuildTLAS,0,0,false,0.160352000,7,7,true
967,1,LightPrepare.Upload,0,0,false,0.002432000,7,7,true
967,2,PathTracing.Trace,0,0,false,0.702016000,7,7,true
967,3,Ui.Overlay,0,0,false,0.027744000,7,7,true
967,4,DLSS.RayReconstruction,1,1,false,1.564544000,7,7,true
967,5,Present.Convert,1,1,false,0.045376000,7,7,true
967,6,Present.CopyToSwapchain,1,2,true,0.021728000,7,7,true
968,0,ASBuild.BuildTLAS,0,0,false,0.122240000,7,7,true
968,1,LightPrepare.Upload,0,0,false,0.002176000,7,7,true
968,2,PathTracing.Trace,0,0,false,0.960288000,7,7,true
968,3,Ui.Overlay,0,0,false,0.012736000,7,7,true
968,4,DLSS.RayReconstruction,1,1,false,1.303264000,7,7,true
968,5,Present.Convert,1,1,false,0.046752000,7,7,true
968,6,Present.CopyToSwapchain,1,2,true,0.023392000,7,7,true
969,0,ASBuild.BuildTLAS,0,0,false,0.118560000,7,7,true
969,1,LightPrepare.Upload,0,0,false,0.002176000,7,7,true
969,2,PathTracing.Trace,0,0,false,0.751392000,7,7,true
969,3,Ui.Overlay,0,0,false,0.039072000,7,7,true
969,4,DLSS.RayReconstruction,1,1,false,2.049984000,7,7,true
969,5,Present.Convert,1,1,false,0.045376000,7,7,true
969,6,Present.CopyToSwapchain,1,2,true,0.024384000,7,7,true
970,0,ASBuild.BuildTLAS,0,0,false,0.119744000,7,7,true
970,1,LightPrepare.Upload,0,0,false,0.002176000,7,7,true
970,2,PathTracing.Trace,0,0,false,0.751296000,7,7,true
970,3,Ui.Overlay,0,0,false,0.015296000,7,7,true
970,4,DLSS.RayReconstruction,1,1,false,1.731936000,7,7,true
970,5,Present.Convert,1,1,false,0.045184000,7,7,true
970,6,Present.CopyToSwapchain,1,2,true,0.024480000,7,7,true
971,0,ASBuild.BuildTLAS,0,0,false,0.103584000,7,7,true
971,1,LightPrepare.Upload,0,0,false,0.002048000,7,7,true
971,2,PathTracing.Trace,0,0,false,0.729024000,7,7,true
971,3,Ui.Overlay,0,0,false,0.015200000,7,7,true
971,4,DLSS.RayReconstruction,1,1,false,1.017568000,7,7,true
971,5,Present.Convert,1,1,false,0.045536000,7,7,true
971,6,Present.CopyToSwapchain,1,2,true,0.024384000,7,7,true
972,0,ASBuild.BuildTLAS,0,0,false,0.141344000,7,7,true
972,1,LightPrepare.Upload,0,0,false,0.002368000,7,7,true
972,2,PathTracing.Trace,0,0,false,0.867936000,7,7,true
972,3,Ui.Overlay,0,0,false,0.013760000,7,7,true
972,4,DLSS.RayReconstruction,1,1,false,2.419776000,7,7,true
972,5,Present.Convert,1,1,false,0.045440000,7,7,true
972,6,Present.CopyToSwapchain,1,2,true,0.023968000,7,7,true
973,0,ASBuild.BuildTLAS,0,0,false,0.117856000,7,7,true
973,1,LightPrepare.Upload,0,0,false,0.002240000,7,7,true
973,2,PathTracing.Trace,0,0,false,1.079008000,7,7,true
973,3,Ui.Overlay,0,0,false,0.032160000,7,7,true
973,4,DLSS.RayReconstruction,1,1,false,1.026208000,7,7,true
973,5,Present.Convert,1,1,false,0.323744000,7,7,true
973,6,Present.CopyToSwapchain,1,2,true,0.214784000,7,7,true
974,0,ASBuild.BuildTLAS,0,0,false,0.151584000,7,7,true
974,1,LightPrepare.Upload,0,0,false,0.002432000,7,7,true
974,2,PathTracing.Trace,0,0,false,0.628256000,7,7,true
974,3,Ui.Overlay,0,0,false,0.020384000,7,7,true
974,4,DLSS.RayReconstruction,1,1,false,1.543744000,7,7,true
974,5,Present.Convert,1,1,false,0.045408000,7,7,true
974,6,Present.CopyToSwapchain,1,2,true,0.022624000,7,7,true
975,0,ASBuild.BuildTLAS,0,0,false,0.129120000,7,7,true
975,1,LightPrepare.Upload,0,0,false,0.002368000,7,7,true
975,2,PathTracing.Trace,0,0,false,0.704096000,7,7,true
975,3,Ui.Overlay,0,0,false,0.013152000,7,7,true
975,4,DLSS.RayReconstruction,1,1,false,1.021504000,7,7,true
975,5,Present.Convert,1,1,false,0.045216000,7,7,true
975,6,Present.CopyToSwapchain,1,2,true,0.024032000,7,7,true
976,0,ASBuild.BuildTLAS,0,0,false,0.125792000,7,7,true
976,1,LightPrepare.Upload,0,0,false,0.002272000,7,7,true
976,2,PathTracing.Trace,0,0,false,0.784032000,7,7,true
976,3,Ui.Overlay,0,0,false,0.032416000,7,7,true
976,4,DLSS.RayReconstruction,1,1,false,1.848832000,7,7,true
976,5,Present.Convert,1,1,false,0.045120000,7,7,true
976,6,Present.CopyToSwapchain,1,2,true,0.025952000,7,7,true
977,0,ASBuild.BuildTLAS,0,0,false,0.456960000,7,7,true
977,1,LightPrepare.Upload,0,0,false,0.002208000,7,7,true
977,2,PathTracing.Trace,0,0,false,0.755456000,7,7,true
977,3,Ui.Overlay,0,0,false,0.013792000,7,7,true
977,4,DLSS.RayReconstruction,1,1,false,2.466688000,7,7,true
977,5,Present.Convert,1,1,false,0.054752000,7,7,true
977,6,Present.CopyToSwapchain,1,2,true,0.030016000,7,7,true
978,0,ASBuild.BuildTLAS,0,0,false,0.126016000,7,7,true
978,1,LightPrepare.Upload,0,0,false,0.002048000,7,7,true
978,2,PathTracing.Trace,0,0,false,0.798592000,7,7,true
978,3,Ui.Overlay,0,0,false,0.023840000,7,7,true
978,4,DLSS.RayReconstruction,1,1,false,1.003424000,7,7,true
978,5,Present.Convert,1,1,false,0.045408000,7,7,true
978,6,Present.CopyToSwapchain,1,2,true,0.024224000,7,7,true
979,0,ASBuild.BuildTLAS,0,0,false,0.123552000,7,7,true
979,1,LightPrepare.Upload,0,0,false,0.002464000,7,7,true
979,2,PathTracing.Trace,0,0,false,1.092096000,7,7,true
979,3,Ui.Overlay,0,0,false,0.016864000,7,7,true
979,4,DLSS.RayReconstruction,1,1,false,1.837824000,7,7,true
979,5,Present.Convert,1,1,false,0.167296000,7,7,true
979,6,Present.CopyToSwapchain,1,2,true,0.598752000,7,7,true
980,0,ASBuild.BuildTLAS,0,0,false,0.121824000,7,7,true
980,1,LightPrepare.Upload,0,0,false,0.002112000,7,7,true
980,2,PathTracing.Trace,0,0,false,0.741216000,7,7,true
980,3,Ui.Overlay,0,0,false,0.016384000,7,7,true
980,4,DLSS.RayReconstruction,1,1,false,1.481824000,7,7,true
980,5,Present.Convert,1,1,false,0.059680000,7,7,true
980,6,Present.CopyToSwapchain,1,2,true,0.025728000,7,7,true
981,0,ASBuild.BuildTLAS,0,0,false,0.402208000,7,7,true
981,1,LightPrepare.Upload,0,0,false,0.002112000,7,7,true
981,2,PathTracing.Trace,0,0,false,0.851808000,7,7,true
981,3,Ui.Overlay,0,0,false,0.012864000,7,7,true
981,4,DLSS.RayReconstruction,1,1,false,2.030496000,7,7,true
981,5,Present.Convert,1,1,false,0.053600000,7,7,true
981,6,Present.CopyToSwapchain,1,2,true,0.025344000,7,7,true
982,0,ASBuild.BuildTLAS,0,0,false,0.127552000,7,7,true
982,1,LightPrepare.Upload,0,0,false,0.002112000,7,7,true
982,2,PathTracing.Trace,0,0,false,0.687968000,7,7,true
982,3,Ui.Overlay,0,0,false,0.012896000,7,7,true
982,4,DLSS.RayReconstruction,1,1,false,1.005760000,7,7,true
982,5,Present.Convert,1,1,false,0.047360000,7,7,true
982,6,Present.CopyToSwapchain,1,2,true,0.023904000,7,7,true
983,0,ASBuild.BuildTLAS,0,0,false,0.126944000,7,7,true
983,1,LightPrepare.Upload,0,0,false,0.002112000,7,7,true
983,2,PathTracing.Trace,0,0,false,1.119072000,7,7,true
983,3,Ui.Overlay,0,0,false,0.012512000,7,7,true
983,4,DLSS.RayReconstruction,1,1,false,1.794784000,7,7,true
983,5,Present.Convert,1,1,false,0.045408000,7,7,true
983,6,Present.CopyToSwapchain,1,2,true,0.023872000,7,7,true
984,0,ASBuild.BuildTLAS,0,0,false,0.117920000,7,7,true
984,1,LightPrepare.Upload,0,0,false,0.001696000,7,7,true
984,2,PathTracing.Trace,0,0,false,0.611680000,7,7,true
984,3,Ui.Overlay,0,0,false,0.012640000,7,7,true
984,4,DLSS.RayReconstruction,1,1,false,0.995104000,7,7,true
984,5,Present.Convert,1,1,false,0.045376000,7,7,true
984,6,Present.CopyToSwapchain,1,2,true,0.022080000,7,7,true
985,0,ASBuild.BuildTLAS,0,0,false,0.101376000,7,7,true
985,1,LightPrepare.Upload,0,0,false,0.002528000,7,7,true
985,2,PathTracing.Trace,0,0,false,0.738784000,7,7,true
985,3,Ui.Overlay,0,0,false,0.018752000,7,7,true
985,4,DLSS.RayReconstruction,1,1,false,1.892064000,7,7,true
985,5,Present.Convert,1,1,false,0.049472000,7,7,true
985,6,Present.CopyToSwapchain,1,2,true,0.024576000,7,7,true
986,0,ASBuild.BuildTLAS,0,0,false,0.106624000,7,7,true
986,1,LightPrepare.Upload,0,0,false,0.006592000,7,7,true
986,2,PathTracing.Trace,0,0,false,1.156576000,7,7,true
986,3,Ui.Overlay,0,0,false,0.014272000,7,7,true
986,4,DLSS.RayReconstruction,1,1,false,1.982816000,7,7,true
986,5,Present.Convert,1,1,false,0.045216000,7,7,true
986,6,Present.CopyToSwapchain,1,2,true,0.021920000,7,7,true
987,0,ASBuild.BuildTLAS,0,0,false,0.108672000,7,7,true
987,1,LightPrepare.Upload,0,0,false,0.001632000,7,7,true
987,2,PathTracing.Trace,0,0,false,0.960928000,7,7,true
987,3,Ui.Overlay,0,0,false,0.023168000,7,7,true
987,4,DLSS.RayReconstruction,1,1,false,2.207744000,7,7,true
987,5,Present.Convert,1,1,false,0.061536000,7,7,true
987,6,Present.CopyToSwapchain,1,2,true,0.116320000,7,7,true
988,0,ASBuild.BuildTLAS,0,0,false,0.120352000,7,7,true
988,1,LightPrepare.Upload,0,0,false,0.002080000,7,7,true
988,2,PathTracing.Trace,0,0,false,0.665472000,7,7,true
988,3,Ui.Overlay,0,0,false,0.025248000,7,7,true
988,4,DLSS.RayReconstruction,1,1,false,1.021696000,7,7,true
988,5,Present.Convert,1,1,false,0.045408000,7,7,true
988,6,Present.CopyToSwapchain,1,2,true,0.022528000,7,7,true
989,0,ASBuild.BuildTLAS,0,0,false,0.127200000,7,7,true
989,1,LightPrepare.Upload,0,0,false,0.006112000,7,7,true
989,2,PathTracing.Trace,0,0,false,1.303488000,7,7,true
989,3,Ui.Overlay,0,0,false,0.015712000,7,7,true
989,4,DLSS.RayReconstruction,1,1,false,1.867072000,7,7,true
989,5,Present.Convert,1,1,false,0.049568000,7,7,true
989,6,Present.CopyToSwapchain,1,2,true,0.023552000,7,7,true
990,0,ASBuild.BuildTLAS,0,0,false,0.128736000,7,7,true
990,1,LightPrepare.Upload,0,0,false,0.002080000,7,7,true
990,2,PathTracing.Trace,0,0,false,1.068960000,7,7,true
990,3,Ui.Overlay,0,0,false,0.021472000,7,7,true
990,4,DLSS.RayReconstruction,1,1,false,2.218176000,7,7,true
990,5,Present.Convert,1,1,false,0.232768000,7,7,true
990,6,Present.CopyToSwapchain,1,2,true,0.025920000,7,7,true
991,0,ASBuild.BuildTLAS,0,0,false,0.105824000,7,7,true
991,1,LightPrepare.Upload,0,0,false,0.001824000,7,7,true
991,2,PathTracing.Trace,0,0,false,1.173728000,7,7,true
991,3,Ui.Overlay,0,0,false,0.030464000,7,7,true
991,4,DLSS.RayReconstruction,1,1,false,1.012800000,7,7,true
991,5,Present.Convert,1,1,false,0.045216000,7,7,true
991,6,Present.CopyToSwapchain,1,2,true,0.065536000,7,7,true
992,0,ASBuild.BuildTLAS,0,0,false,0.105504000,7,7,true
992,1,LightPrepare.Upload,0,0,false,0.002080000,7,7,true
992,2,PathTracing.Trace,0,0,false,0.728960000,7,7,true
992,3,Ui.Overlay,0,0,false,0.021312000,7,7,true
992,4,DLSS.RayReconstruction,1,1,false,1.918752000,7,7,true
992,5,Present.Convert,1,1,false,0.065088000,7,7,true
992,6,Present.CopyToSwapchain,1,2,true,0.026016000,7,7,true
993,0,ASBuild.BuildTLAS,0,0,false,0.121632000,7,7,true
993,1,LightPrepare.Upload,0,0,false,0.002464000,7,7,true
993,2,PathTracing.Trace,0,0,false,0.612864000,7,7,true
993,3,Ui.Overlay,0,0,false,0.012832000,7,7,true
993,4,DLSS.RayReconstruction,1,1,false,1.017472000,7,7,true
993,5,Present.Convert,1,1,false,0.137440000,7,7,true
993,6,Present.CopyToSwapchain,1,2,true,0.384896000,7,7,true
994,0,ASBuild.BuildTLAS,0,0,false,0.128864000,7,7,true
994,1,LightPrepare.Upload,0,0,false,0.002496000,7,7,true
994,2,PathTracing.Trace,0,0,false,1.043264000,7,7,true
994,3,Ui.Overlay,0,0,false,0.025824000,7,7,true
994,4,DLSS.RayReconstruction,1,1,false,1.347360000,7,7,true
994,5,Present.Convert,1,1,false,0.345568000,7,7,true
994,6,Present.CopyToSwapchain,1,2,true,0.191680000,7,7,true
995,0,ASBuild.BuildTLAS,0,0,false,0.125504000,7,7,true
995,1,LightPrepare.Upload,0,0,false,0.002432000,7,7,true
995,2,PathTracing.Trace,0,0,false,0.593472000,7,7,true
995,3,Ui.Overlay,0,0,false,0.012960000,7,7,true
995,4,DLSS.RayReconstruction,1,1,false,1.488704000,7,7,true
995,5,Present.Convert,1,1,false,0.055584000,7,7,true
995,6,Present.CopyToSwapchain,1,2,true,0.021824000,7,7,true
996,0,ASBuild.BuildTLAS,0,0,false,0.420800000,7,7,true
996,1,LightPrepare.Upload,0,0,false,0.006368000,7,7,true
996,2,PathTracing.Trace,0,0,false,0.661184000,7,7,true
996,3,Ui.Overlay,0,0,false,0.012928000,7,7,true
996,4,DLSS.RayReconstruction,1,1,false,1.189184000,7,7,true
996,5,Present.Convert,1,1,false,0.054912000,7,7,true
996,6,Present.CopyToSwapchain,1,2,true,0.023648000,7,7,true
997,0,ASBuild.BuildTLAS,0,0,false,0.124576000,7,7,true
997,1,LightPrepare.Upload,0,0,false,0.002144000,7,7,true
997,2,PathTracing.Trace,0,0,false,0.632640000,7,7,true
997,3,Ui.Overlay,0,0,false,0.016352000,7,7,true
997,4,DLSS.RayReconstruction,1,1,false,1.502592000,7,7,true
997,5,Present.Convert,1,1,false,0.045408000,7,7,true
997,6,Present.CopyToSwapchain,1,2,true,0.024512000,7,7,true
998,0,ASBuild.BuildTLAS,0,0,false,0.127552000,7,7,true
998,1,LightPrepare.Upload,0,0,false,0.002688000,7,7,true
998,2,PathTracing.Trace,0,0,false,0.607168000,7,7,true
998,3,Ui.Overlay,0,0,false,0.013056000,7,7,true
998,4,DLSS.RayReconstruction,1,1,false,1.007712000,7,7,true
998,5,Present.Convert,1,1,false,0.047360000,7,7,true
998,6,Present.CopyToSwapchain,1,2,true,0.025312000,7,7,true
999,0,ASBuild.BuildTLAS,0,0,false,0.103072000,7,7,true
999,1,LightPrepare.Upload,0,0,false,0.002176000,7,7,true
999,2,PathTracing.Trace,0,0,false,0.712480000,7,7,true
999,3,Ui.Overlay,0,0,false,0.020448000,7,7,true
999,4,DLSS.RayReconstruction,1,1,false,1.476672000,7,7,true
999,5,Present.Convert,1,1,false,0.045440000,7,7,true
999,6,Present.CopyToSwapchain,1,2,true,0.024032000,7,7,true
1000,0,ASBuild.BuildTLAS,0,0,false,0.127392000,7,7,true
1000,1,LightPrepare.Upload,0,0,false,0.001600000,7,7,true
1000,2,PathTracing.Trace,0,0,false,0.600480000,7,7,true
1000,3,Ui.Overlay,0,0,false,0.012608000,7,7,true
1000,4,DLSS.RayReconstruction,1,1,false,1.003712000,7,7,true
1000,5,Present.Convert,1,1,false,0.050528000,7,7,true
1000,6,Present.CopyToSwapchain,1,2,true,0.023840000,7,7,true
1001,0,ASBuild.BuildTLAS,0,0,false,0.146624000,7,7,true
1001,1,LightPrepare.Upload,0,0,false,0.006240000,7,7,true
1001,2,PathTracing.Trace,0,0,false,0.710464000,7,7,true
1001,3,Ui.Overlay,0,0,false,0.014144000,7,7,true
1001,4,DLSS.RayReconstruction,1,1,false,1.492480000,7,7,true
1001,5,Present.Convert,1,1,false,0.045472000,7,7,true
1001,6,Present.CopyToSwapchain,1,2,true,0.023584000,7,7,true
1002,0,ASBuild.BuildTLAS,0,0,false,0.122976000,7,7,true
1002,1,LightPrepare.Upload,0,0,false,0.001856000,7,7,true
1002,2,PathTracing.Trace,0,0,false,0.619712000,7,7,true
1002,3,Ui.Overlay,0,0,false,0.012992000,7,7,true
1002,4,DLSS.RayReconstruction,1,1,false,1.177376000,7,7,true
1002,5,Present.Convert,1,1,false,0.050752000,7,7,true
1002,6,Present.CopyToSwapchain,1,2,true,0.023808000,7,7,true
1003,0,ASBuild.BuildTLAS,0,0,false,0.124704000,7,7,true
1003,1,LightPrepare.Upload,0,0,false,0.002496000,7,7,true
1003,2,PathTracing.Trace,0,0,false,0.671200000,7,7,true
1003,3,Ui.Overlay,0,0,false,0.012416000,7,7,true
1003,4,DLSS.RayReconstruction,1,1,false,1.549920000,7,7,true
1003,5,Present.Convert,1,1,false,0.045376000,7,7,true
1003,6,Present.CopyToSwapchain,1,2,true,0.023808000,7,7,true
1004,0,ASBuild.BuildTLAS,0,0,false,0.122752000,7,7,true
1004,1,LightPrepare.Upload,0,0,false,0.002112000,7,7,true
1004,2,PathTracing.Trace,0,0,false,0.782176000,7,7,true
1004,3,Ui.Overlay,0,0,false,0.022112000,7,7,true
1004,4,DLSS.RayReconstruction,1,1,false,2.268640000,7,7,true
1004,5,Present.Convert,1,1,false,0.077248000,7,7,true
1004,6,Present.CopyToSwapchain,1,2,true,0.025920000,7,7,true
1005,0,ASBuild.BuildTLAS,0,0,false,0.136320000,7,7,true
1005,1,LightPrepare.Upload,0,0,false,0.002208000,7,7,true
1005,2,PathTracing.Trace,0,0,false,0.716544000,7,7,true
1005,3,Ui.Overlay,0,0,false,0.012576000,7,7,true
1005,4,DLSS.RayReconstruction,1,1,false,1.480768000,7,7,true
1005,5,Present.Convert,1,1,false,0.051296000,7,7,true
1005,6,Present.CopyToSwapchain,1,2,true,0.032512000,7,7,true
1006,0,ASBuild.BuildTLAS,0,0,false,0.132192000,7,7,true
1006,1,LightPrepare.Upload,0,0,false,0.002592000,7,7,true
1006,2,PathTracing.Trace,0,0,false,0.669056000,7,7,true
1006,3,Ui.Overlay,0,0,false,0.388864000,7,7,true
1006,4,DLSS.RayReconstruction,1,1,false,1.811072000,7,7,true
1006,5,Present.Convert,1,1,false,0.047360000,7,7,true
1006,6,Present.CopyToSwapchain,1,2,true,0.023648000,7,7,true
1007,0,ASBuild.BuildTLAS,0,0,false,0.125632000,7,7,true
1007,1,LightPrepare.Upload,0,0,false,0.002080000,7,7,true
1007,2,PathTracing.Trace,0,0,false,0.669568000,7,7,true
1007,3,Ui.Overlay,0,0,false,0.017440000,7,7,true
1007,4,DLSS.RayReconstruction,1,1,false,1.156096000,7,7,true
1007,5,Present.Convert,1,1,false,0.358560000,7,7,true
1007,6,Present.CopyToSwapchain,1,2,true,0.039456000,7,7,true
1008,0,ASBuild.BuildTLAS,0,0,false,0.122080000,7,7,true
1008,1,LightPrepare.Upload,0,0,false,0.002112000,7,7,true
1008,2,PathTracing.Trace,0,0,false,0.673632000,7,7,true
1008,3,Ui.Overlay,0,0,false,0.020960000,7,7,true
1008,4,DLSS.RayReconstruction,1,1,false,2.042816000,7,7,true
1008,5,Present.Convert,1,1,false,0.057728000,7,7,true
1008,6,Present.CopyToSwapchain,1,2,true,0.023872000,7,7,true
1009,0,ASBuild.BuildTLAS,0,0,false,0.127456000,7,7,true
1009,1,LightPrepare.Upload,0,0,false,0.002176000,7,7,true
1009,2,PathTracing.Trace,0,0,false,0.661280000,7,7,true
1009,3,Ui.Overlay,0,0,false,0.013088000,7,7,true
1009,4,DLSS.RayReconstruction,1,1,false,1.002592000,7,7,true
1009,5,Present.Convert,1,1,false,0.045088000,7,7,true
1009,6,Present.CopyToSwapchain,1,2,true,0.022400000,7,7,true
1010,0,ASBuild.BuildTLAS,0,0,false,0.126592000,7,7,true
1010,1,LightPrepare.Upload,0,0,false,0.002528000,7,7,true
1010,2,PathTracing.Trace,0,0,false,0.703904000,7,7,true
1010,3,Ui.Overlay,0,0,false,0.012832000,7,7,true
1010,4,DLSS.RayReconstruction,1,1,false,1.687232000,7,7,true
1010,5,Present.Convert,1,1,false,0.053888000,7,7,true
1010,6,Present.CopyToSwapchain,1,2,true,0.023488000,7,7,true
1011,0,ASBuild.BuildTLAS,0,0,false,0.159712000,7,7,true
1011,1,LightPrepare.Upload,0,0,false,0.002144000,7,7,true
1011,2,PathTracing.Trace,0,0,false,0.667456000,7,7,true
1011,3,Ui.Overlay,0,0,false,0.021920000,7,7,true
1011,4,DLSS.RayReconstruction,1,1,false,2.019264000,7,7,true
1011,5,Present.Convert,1,1,false,0.068736000,7,7,true
1011,6,Present.CopyToSwapchain,1,2,true,0.027712000,7,7,true
1012,0,ASBuild.BuildTLAS,0,0,false,0.122816000,7,7,true
1012,1,LightPrepare.Upload,0,0,false,0.002144000,7,7,true
1012,2,PathTracing.Trace,0,0,false,0.769856000,7,7,true
1012,3,Ui.Overlay,0,0,false,0.022912000,7,7,true
1012,4,DLSS.RayReconstruction,1,1,false,1.803712000,7,7,true
1012,5,Present.Convert,1,1,false,0.055520000,7,7,true
1012,6,Present.CopyToSwapchain,1,2,true,0.025664000,7,7,true
1013,0,ASBuild.BuildTLAS,0,0,false,0.130528000,7,7,true
1013,1,LightPrepare.Upload,0,0,false,0.002176000,7,7,true
1013,2,PathTracing.Trace,0,0,false,0.686880000,7,7,true
1013,3,Ui.Overlay,0,0,false,0.012480000,7,7,true
1013,4,DLSS.RayReconstruction,1,1,false,1.010368000,7,7,true
1013,5,Present.Convert,1,1,false,0.184288000,7,7,true
1013,6,Present.CopyToSwapchain,1,2,true,0.349920000,7,7,true
1014,0,ASBuild.BuildTLAS,0,0,false,0.129856000,7,7,true
1014,1,LightPrepare.Upload,0,0,false,0.002528000,7,7,true
1014,2,PathTracing.Trace,0,0,false,0.720320000,7,7,true
1014,3,Ui.Overlay,0,0,false,0.012448000,7,7,true
1014,4,DLSS.RayReconstruction,1,1,false,1.966816000,7,7,true
1014,5,Present.Convert,1,1,false,0.122432000,7,7,true
1014,6,Present.CopyToSwapchain,1,2,true,0.217056000,7,7,true
1015,0,ASBuild.BuildTLAS,0,0,false,0.125376000,7,7,true
1015,1,LightPrepare.Upload,0,0,false,0.003232000,7,7,true
1015,2,PathTracing.Trace,0,0,false,0.619232000,7,7,true
1015,3,Ui.Overlay,0,0,false,0.012800000,7,7,true
1015,4,DLSS.RayReconstruction,1,1,false,1.021760000,7,7,true
1015,5,Present.Convert,1,1,false,0.045440000,7,7,true
1015,6,Present.CopyToSwapchain,1,2,true,0.023072000,7,7,true
1016,0,ASBuild.BuildTLAS,0,0,false,0.127200000,7,7,true
1016,1,LightPrepare.Upload,0,0,false,0.002112000,7,7,true
1016,2,PathTracing.Trace,0,0,false,1.172320000,7,7,true
1016,3,Ui.Overlay,0,0,false,0.015712000,7,7,true
1016,4,DLSS.RayReconstruction,1,1,false,1.875680000,7,7,true
1016,5,Present.Convert,1,1,false,0.047296000,7,7,true
1016,6,Present.CopyToSwapchain,1,2,true,0.042048000,7,7,true
1017,0,ASBuild.BuildTLAS,0,0,false,0.122912000,7,7,true
1017,1,LightPrepare.Upload,0,0,false,0.002080000,7,7,true
1017,2,PathTracing.Trace,0,0,false,1.141696000,7,7,true
1017,3,Ui.Overlay,0,0,false,0.030976000,7,7,true
1017,4,DLSS.RayReconstruction,1,1,false,1.877504000,7,7,true
1017,5,Present.Convert,1,1,false,0.045536000,7,7,true
1017,6,Present.CopyToSwapchain,1,2,true,0.525728000,7,7,true
1018,0,ASBuild.BuildTLAS,0,0,false,0.119904000,7,7,true
1018,1,LightPrepare.Upload,0,0,false,0.002816000,7,7,true
1018,2,PathTracing.Trace,0,0,false,1.170560000,7,7,true
1018,3,Ui.Overlay,0,0,false,0.032800000,7,7,true
1018,4,DLSS.RayReconstruction,1,1,false,1.011424000,7,7,true
1018,5,Present.Convert,1,1,false,0.047296000,7,7,true
1018,6,Present.CopyToSwapchain,1,2,true,0.023776000,7,7,true
1019,0,ASBuild.BuildTLAS,0,0,false,0.096640000,7,7,true
1019,1,LightPrepare.Upload,0,0,false,0.002016000,7,7,true
1019,2,PathTracing.Trace,0,0,false,0.696288000,7,7,true
1019,3,Ui.Overlay,0,0,false,0.021600000,7,7,true
1019,4,DLSS.RayReconstruction,1,1,false,1.508480000,7,7,true
1019,5,Present.Convert,1,1,false,0.045376000,7,7,true
1019,6,Present.CopyToSwapchain,1,2,true,0.023840000,7,7,true
1020,0,ASBuild.BuildTLAS,0,0,false,0.124064000,7,7,true
1020,1,LightPrepare.Upload,0,0,false,0.003296000,7,7,true
1020,2,PathTracing.Trace,0,0,false,0.590560000,7,7,true
1020,3,Ui.Overlay,0,0,false,0.012928000,7,7,true
1020,4,DLSS.RayReconstruction,1,1,false,1.514944000,7,7,true
1020,5,Present.Convert,1,1,false,0.046720000,7,7,true
1020,6,Present.CopyToSwapchain,1,2,true,0.024128000,7,7,true
1021,0,ASBuild.BuildTLAS,0,0,false,0.132064000,7,7,true
1021,1,LightPrepare.Upload,0,0,false,0.002208000,7,7,true
1021,2,PathTracing.Trace,0,0,false,0.646912000,7,7,true
1021,3,Ui.Overlay,0,0,false,0.021536000,7,7,true
1021,4,DLSS.RayReconstruction,1,1,false,1.021184000,7,7,true
1021,5,Present.Convert,1,1,false,0.049248000,7,7,true
1021,6,Present.CopyToSwapchain,1,2,true,0.025920000,7,7,true
1022,0,ASBuild.BuildTLAS,0,0,false,0.128544000,7,7,true
1022,1,LightPrepare.Upload,0,0,false,0.002784000,7,7,true
1022,2,PathTracing.Trace,0,0,false,0.691392000,7,7,true
1022,3,Ui.Overlay,0,0,false,0.022336000,7,7,true
1022,4,DLSS.RayReconstruction,1,1,false,1.453216000,7,7,true
1022,5,Present.Convert,1,1,false,0.045216000,7,7,true
1022,6,Present.CopyToSwapchain,1,2,true,0.023680000,7,7,true
1023,0,ASBuild.BuildTLAS,0,0,false,0.116000000,7,7,true
1023,1,LightPrepare.Upload,0,0,false,0.001664000,7,7,true
1023,2,PathTracing.Trace,0,0,false,0.585088000,7,7,true
1023,3,Ui.Overlay,0,0,false,0.012704000,7,7,true
1023,4,DLSS.RayReconstruction,1,1,false,1.023328000,7,7,true
1023,5,Present.Convert,1,1,false,0.045088000,7,7,true
1023,6,Present.CopyToSwapchain,1,2,true,0.026208000,7,7,true
1024,0,ASBuild.BuildTLAS,0,0,false,0.132000000,7,7,true
1024,1,LightPrepare.Upload,0,0,false,0.002240000,7,7,true
1024,2,PathTracing.Trace,0,0,false,0.663232000,7,7,true
1024,3,Ui.Overlay,0,0,false,0.019968000,7,7,true
1024,4,DLSS.RayReconstruction,1,1,false,2.005152000,7,7,true
1024,5,Present.Convert,1,1,false,0.369920000,7,7,true
1024,6,Present.CopyToSwapchain,1,2,true,0.160832000,7,7,true
1025,0,ASBuild.BuildTLAS,0,0,false,0.139776000,7,7,true
1025,1,LightPrepare.Upload,0,0,false,0.003232000,7,7,true
1025,2,PathTracing.Trace,0,0,false,0.996032000,7,7,true
1025,3,Ui.Overlay,0,0,false,0.027648000,7,7,true
1025,4,DLSS.RayReconstruction,1,1,false,1.025600000,7,7,true
1025,5,Present.Convert,1,1,false,0.047200000,7,7,true
1025,6,Present.CopyToSwapchain,1,2,true,0.024480000,7,7,true
1026,0,ASBuild.BuildTLAS,0,0,false,0.275168000,7,7,true
1026,1,LightPrepare.Upload,0,0,false,0.002112000,7,7,true
1026,2,PathTracing.Trace,0,0,false,0.833376000,7,7,true
1026,3,Ui.Overlay,0,0,false,0.016832000,7,7,true
1026,4,DLSS.RayReconstruction,1,1,false,1.976096000,7,7,true
1026,5,Present.Convert,1,1,false,0.045344000,7,7,true
1026,6,Present.CopyToSwapchain,1,2,true,0.022720000,7,7,true
1027,0,ASBuild.BuildTLAS,0,0,false,0.120224000,7,7,true
1027,1,LightPrepare.Upload,0,0,false,0.001600000,7,7,true
1027,2,PathTracing.Trace,0,0,false,0.580032000,7,7,true
1027,3,Ui.Overlay,0,0,false,0.012576000,7,7,true
1027,4,DLSS.RayReconstruction,1,1,false,1.009152000,7,7,true
1027,5,Present.Convert,1,1,false,0.045376000,7,7,true
1027,6,Present.CopyToSwapchain,1,2,true,0.024992000,7,7,true
1028,0,ASBuild.BuildTLAS,0,0,false,0.112384000,7,7,true
1028,1,LightPrepare.Upload,0,0,false,0.002080000,7,7,true
1028,2,PathTracing.Trace,0,0,false,1.140576000,7,7,true
1028,3,Ui.Overlay,0,0,false,0.020000000,7,7,true
1028,4,DLSS.RayReconstruction,1,1,false,1.467584000,7,7,true
1028,5,Present.Convert,1,1,false,0.045376000,7,7,true
1028,6,Present.CopyToSwapchain,1,2,true,0.023712000,7,7,true
1029,0,ASBuild.BuildTLAS,0,0,false,0.101120000,7,7,true
1029,1,LightPrepare.Upload,0,0,false,0.001632000,7,7,true
1029,2,PathTracing.Trace,0,0,false,0.572832000,7,7,true
1029,3,Ui.Overlay,0,0,false,0.012640000,7,7,true
1029,4,DLSS.RayReconstruction,1,1,false,1.819776000,7,7,true
1029,5,Present.Convert,1,1,false,0.397920000,7,7,true
1029,6,Present.CopyToSwapchain,1,2,true,0.032160000,7,7,true
1030,0,ASBuild.BuildTLAS,0,0,false,0.141952000,7,7,true
1030,1,LightPrepare.Upload,0,0,false,0.002496000,7,7,true
1030,2,PathTracing.Trace,0,0,false,0.785888000,7,7,true
1030,3,Ui.Overlay,0,0,false,0.022624000,7,7,true
1030,4,DLSS.RayReconstruction,1,1,false,1.013440000,7,7,true
1030,5,Present.Convert,1,1,false,0.047296000,7,7,true
1030,6,Present.CopyToSwapchain,1,2,true,0.054752000,7,7,true
1031,0,ASBuild.BuildTLAS,0,0,false,0.123680000,7,7,true
1031,1,LightPrepare.Upload,0,0,false,0.002176000,7,7,true
1031,2,PathTracing.Trace,0,0,false,1.001248000,7,7,true
1031,3,Ui.Overlay,0,0,false,0.019488000,7,7,true
1031,4,DLSS.RayReconstruction,1,1,false,1.887360000,7,7,true
1031,5,Present.Convert,1,1,false,0.045408000,7,7,true
1031,6,Present.CopyToSwapchain,1,2,true,0.023488000,7,7,true
1032,0,ASBuild.BuildTLAS,0,0,false,0.125024000,7,7,true
1032,1,LightPrepare.Upload,0,0,false,0.001728000,7,7,true
1032,2,PathTracing.Trace,0,0,false,0.571712000,7,7,true
1032,3,Ui.Overlay,0,0,false,0.012832000,7,7,true
1032,4,DLSS.RayReconstruction,1,1,false,0.999040000,7,7,true
1032,5,Present.Convert,1,1,false,0.045376000,7,7,true
1032,6,Present.CopyToSwapchain,1,2,true,0.024160000,7,7,true
1033,0,ASBuild.BuildTLAS,0,0,false,0.132832000,7,7,true
1033,1,LightPrepare.Upload,0,0,false,0.002112000,7,7,true
1033,2,PathTracing.Trace,0,0,false,1.112928000,7,7,true
1033,3,Ui.Overlay,0,0,false,0.019872000,7,7,true
1033,4,DLSS.RayReconstruction,1,1,false,1.905280000,7,7,true
1033,5,Present.Convert,1,1,false,0.047136000,7,7,true
1033,6,Present.CopyToSwapchain,1,2,true,0.026368000,7,7,true
1034,0,ASBuild.BuildTLAS,0,0,false,0.097632000,7,7,true
1034,1,LightPrepare.Upload,0,0,false,0.009056000,7,7,true
1034,2,PathTracing.Trace,0,0,false,1.081440000,7,7,true
1034,3,Ui.Overlay,0,0,false,0.023232000,7,7,true
1034,4,DLSS.RayReconstruction,1,1,false,2.051744000,7,7,true
1034,5,Present.Convert,1,1,false,0.045408000,7,7,true
1034,6,Present.CopyToSwapchain,1,2,true,0.023936000,7,7,true
1035,0,ASBuild.BuildTLAS,0,0,false,0.108384000,7,7,true
1035,1,LightPrepare.Upload,0,0,false,0.001632000,7,7,true
1035,2,PathTracing.Trace,0,0,false,1.033600000,7,7,true
1035,3,Ui.Overlay,0,0,false,0.030080000,7,7,true
1035,4,DLSS.RayReconstruction,1,1,false,2.201216000,7,7,true
1035,5,Present.Convert,1,1,false,0.061088000,7,7,true
1035,6,Present.CopyToSwapchain,1,2,true,0.024192000,7,7,true
1036,0,ASBuild.BuildTLAS,0,0,false,0.136800000,7,7,true
1036,1,LightPrepare.Upload,0,0,false,0.002240000,7,7,true
1036,2,PathTracing.Trace,0,0,false,0.616128000,7,7,true
1036,3,Ui.Overlay,0,0,false,0.020000000,7,7,true
1036,4,DLSS.RayReconstruction,1,1,false,1.018944000,7,7,true
1036,5,Present.Convert,1,1,false,0.045344000,7,7,true
1036,6,Present.CopyToSwapchain,1,2,true,0.022400000,7,7,true
1037,0,ASBuild.BuildTLAS,0,0,false,0.126016000,7,7,true
1037,1,LightPrepare.Upload,0,0,false,0.002304000,7,7,true
1037,2,PathTracing.Trace,0,0,false,1.200768000,7,7,true
1037,3,Ui.Overlay,0,0,false,0.020832000,7,7,true
1037,4,DLSS.RayReconstruction,1,1,false,1.831936000,7,7,true
1037,5,Present.Convert,1,1,false,0.047136000,7,7,true
1037,6,Present.CopyToSwapchain,1,2,true,0.025632000,7,7,true
1038,0,ASBuild.BuildTLAS,0,0,false,0.096032000,7,7,true
1038,1,LightPrepare.Upload,0,0,false,0.001728000,7,7,true
1038,2,PathTracing.Trace,0,0,false,0.591168000,7,7,true
1038,3,Ui.Overlay,0,0,false,0.012896000,7,7,true
1038,4,DLSS.RayReconstruction,1,1,false,1.519648000,7,7,true
1038,5,Present.Convert,1,1,false,0.049152000,7,7,true
1038,6,Present.CopyToSwapchain,1,2,true,0.021920000,7,7,true
1039,0,ASBuild.BuildTLAS,0,0,false,0.124800000,7,7,true
1039,1,LightPrepare.Upload,0,0,false,0.002080000,7,7,true
1039,2,PathTracing.Trace,0,0,false,0.675712000,7,7,true
1039,3,Ui.Overlay,0,0,false,0.024768000,7,7,true
1039,4,DLSS.RayReconstruction,1,1,false,1.082848000,7,7,true
1039,5,Present.Convert,1,1,false,0.427872000,7,7,true
1039,6,Present.CopyToSwapchain,1,2,true,0.053600000,7,7,true
1040,0,ASBuild.BuildTLAS,0,0,false,0.118976000,7,7,true
1040,1,LightPrepare.Upload,0,0,false,0.002112000,7,7,true
1040,2,PathTracing.Trace,0,0,false,0.667456000,7,7,true
1040,3,Ui.Overlay,0,0,false,0.020992000,7,7,true
1040,4,DLSS.RayReconstruction,1,1,false,1.016864000,7,7,true
1040,5,Present.Convert,1,1,false,0.049504000,7,7,true
1040,6,Present.CopyToSwapchain,1,2,true,0.023360000,7,7,true
1041,0,ASBuild.BuildTLAS,0,0,false,0.126112000,7,7,true
1041,1,LightPrepare.Upload,0,0,false,0.002112000,7,7,true
1041,2,PathTracing.Trace,0,0,false,0.687968000,7,7,true
1041,3,Ui.Overlay,0,0,false,0.012128000,7,7,true
1041,4,DLSS.RayReconstruction,1,1,false,1.534944000,7,7,true
1041,5,Present.Convert,1,1,false,0.045408000,7,7,true
1041,6,Present.CopyToSwapchain,1,2,true,0.022432000,7,7,true
1042,0,ASBuild.BuildTLAS,0,0,false,0.114368000,7,7,true
1042,1,LightPrepare.Upload,0,0,false,0.001600000,7,7,true
1042,2,PathTracing.Trace,0,0,false,0.588224000,7,7,true
1042,3,Ui.Overlay,0,0,false,0.012736000,7,7,true
1042,4,DLSS.RayReconstruction,1,1,false,1.015680000,7,7,true
1042,5,Present.Convert,1,1,false,0.045120000,7,7,true
1042,6,Present.CopyToSwapchain,1,2,true,0.024672000,7,7,true
1043,0,ASBuild.BuildTLAS,0,0,false,0.121856000,7,7,true
1043,1,LightPrepare.Upload,0,0,false,0.002208000,7,7,true
1043,2,PathTracing.Trace,0,0,false,0.736992000,7,7,true
1043,3,Ui.Overlay,0,0,false,0.013600000,7,7,true
1043,4,DLSS.RayReconstruction,1,1,false,1.835584000,7,7,true
1043,5,Present.Convert,1,1,false,0.047424000,7,7,true
1043,6,Present.CopyToSwapchain,1,2,true,0.025408000,7,7,true
1044,0,ASBuild.BuildTLAS,0,0,false,0.146304000,7,7,true
1044,1,LightPrepare.Upload,0,0,false,0.002112000,7,7,true
1044,2,PathTracing.Trace,0,0,false,0.730976000,7,7,true
1044,3,Ui.Overlay,0,0,false,0.034400000,7,7,true
1044,4,DLSS.RayReconstruction,1,1,false,2.440800000,7,7,true
1044,5,Present.Convert,1,1,false,0.055936000,7,7,true
1044,6,Present.CopyToSwapchain,1,2,true,0.024576000,7,7,true
1045,0,ASBuild.BuildTLAS,0,0,false,0.123968000,7,7,true
1045,1,LightPrepare.Upload,0,0,false,0.002624000,7,7,true
1045,2,PathTracing.Trace,0,0,false,1.130656000,7,7,true
1045,3,Ui.Overlay,0,0,false,0.032096000,7,7,true
1045,4,DLSS.RayReconstruction,1,1,false,0.998784000,7,7,true
1045,5,Present.Convert,1,1,false,0.045408000,7,7,true
1045,6,Present.CopyToSwapchain,1,2,true,0.021952000,7,7,true
1046,0,ASBuild.BuildTLAS,0,0,false,0.316448000,7,7,true
1046,1,LightPrepare.Upload,0,0,false,0.002368000,7,7,true
1046,2,PathTracing.Trace,0,0,false,1.109600000,7,7,true
1046,3,Ui.Overlay,0,0,false,0.013152000,7,7,true
1046,4,DLSS.RayReconstruction,1,1,false,1.916640000,7,7,true
1046,5,Present.Convert,1,1,false,0.045376000,7,7,true
1046,6,Present.CopyToSwapchain,1,2,true,0.023584000,7,7,true
1047,0,ASBuild.BuildTLAS,0,0,false,0.094912000,7,7,true
1047,1,LightPrepare.Upload,0,0,false,0.001696000,7,7,true
1047,2,PathTracing.Trace,0,0,false,0.573792000,7,7,true
1047,3,Ui.Overlay,0,0,false,0.012576000,7,7,true
1047,4,DLSS.RayReconstruction,1,1,false,0.994880000,7,7,true
1047,5,Present.Convert,1,1,false,0.047360000,7,7,true
1047,6,Present.CopyToSwapchain,1,2,true,0.148736000,7,7,true
1048,0,ASBuild.BuildTLAS,0,0,false,0.132160000,7,7,true
1048,1,LightPrepare.Upload,0,0,false,0.002592000,7,7,true
1048,2,PathTracing.Trace,0,0,false,1.064320000,7,7,true
1048,3,Ui.Overlay,0,0,false,0.027456000,7,7,true
1048,4,DLSS.RayReconstruction,1,1,false,1.919712000,7,7,true
1048,5,Present.Convert,1,1,false,0.049824000,7,7,true
1048,6,Present.CopyToSwapchain,1,2,true,0.024224000,7,7,true
1049,0,ASBuild.BuildTLAS,0,0,false,0.129408000,7,7,true
1049,1,LightPrepare.Upload,0,0,false,0.002112000,7,7,true
1049,2,PathTracing.Trace,0,0,false,0.584512000,7,7,true
1049,3,Ui.Overlay,0,0,false,0.012736000,7,7,true
1049,4,DLSS.RayReconstruction,1,1,false,1.027296000,7,7,true
1049,5,Present.Convert,1,1,false,0.405504000,7,7,true
1049,6,Present.CopyToSwapchain,1,2,true,0.101760000,7,7,true
1050,0,ASBuild.BuildTLAS,0,0,false,0.097888000,7,7,true
1050,1,LightPrepare.Upload,0,0,false,0.003936000,7,7,true
1050,2,PathTracing.Trace,0,0,false,0.682048000,7,7,true
1050,3,Ui.Overlay,0,0,false,0.019168000,7,7,true
1050,4,DLSS.RayReconstruction,1,1,false,1.821984000,7,7,true
1050,5,Present.Convert,1,1,false,0.045408000,7,7,true
1050,6,Present.CopyToSwapchain,1,2,true,0.024768000,7,7,true
1051,0,ASBuild.BuildTLAS,0,0,false,0.127616000,7,7,true
1051,1,LightPrepare.Upload,0,0,false,0.002272000,7,7,true
1051,2,PathTracing.Trace,0,0,false,0.644768000,7,7,true
1051,3,Ui.Overlay,0,0,false,0.012704000,7,7,true
1051,4,DLSS.RayReconstruction,1,1,false,1.001216000,7,7,true
1051,5,Present.Convert,1,1,false,0.145344000,7,7,true
1051,6,Present.CopyToSwapchain,1,2,true,0.377728000,7,7,true
1052,0,ASBuild.BuildTLAS,0,0,false,0.126720000,7,7,true
1052,1,LightPrepare.Upload,0,0,false,0.002368000,7,7,true
1052,2,PathTracing.Trace,0,0,false,0.687712000,7,7,true
1052,3,Ui.Overlay,0,0,false,0.020288000,7,7,true
1052,4,DLSS.RayReconstruction,1,1,false,2.005600000,7,7,true
1052,5,Present.Convert,1,1,false,0.045376000,7,7,true
1052,6,Present.CopyToSwapchain,1,2,true,0.024096000,7,7,true
1053,0,ASBuild.BuildTLAS,0,0,false,0.125408000,7,7,true
1053,1,LightPrepare.Upload,0,0,false,0.002592000,7,7,true
1053,2,PathTracing.Trace,0,0,false,0.607616000,7,7,true
1053,3,Ui.Overlay,0,0,false,0.012512000,7,7,true
1053,4,DLSS.RayReconstruction,1,1,false,1.009280000,7,7,true
1053,5,Present.Convert,1,1,false,0.045376000,7,7,true
1053,6,Present.CopyToSwapchain,1,2,true,0.021984000,7,7,true
1054,0,ASBuild.BuildTLAS,0,0,false,0.152640000,7,7,true
1054,1,LightPrepare.Upload,0,0,false,0.002464000,7,7,true
1054,2,PathTracing.Trace,0,0,false,0.714240000,7,7,true
1054,3,Ui.Overlay,0,0,false,0.021504000,7,7,true
1054,4,DLSS.RayReconstruction,1,1,false,2.365920000,7,7,true
1054,5,Present.Convert,1,1,false,0.055584000,7,7,true
1054,6,Present.CopyToSwapchain,1,2,true,0.028800000,7,7,true
1055,0,ASBuild.BuildTLAS,0,0,false,0.133088000,7,7,true
1055,1,LightPrepare.Upload,0,0,false,0.002144000,7,7,true
1055,2,PathTracing.Trace,0,0,false,1.024832000,7,7,true
1055,3,Ui.Overlay,0,0,false,0.015296000,7,7,true
1055,4,DLSS.RayReconstruction,1,1,false,1.495712000,7,7,true
1055,5,Present.Convert,1,1,false,0.059552000,7,7,true
1055,6,Present.CopyToSwapchain,1,2,true,0.024704000,7,7,true
1056,0,ASBuild.BuildTLAS,0,0,false,0.129280000,7,7,true
1056,1,LightPrepare.Upload,0,0,false,0.002112000,7,7,true
1056,2,PathTracing.Trace,0,0,false,0.708448000,7,7,true
1056,3,Ui.Overlay,0,0,false,0.013696000,7,7,true
1056,4,DLSS.RayReconstruction,1,1,false,1.497120000,7,7,true
1056,5,Present.Convert,1,1,false,0.045376000,7,7,true
1056,6,Present.CopyToSwapchain,1,2,true,0.024608000,7,7,true
1057,0,ASBuild.BuildTLAS,0,0,false,0.127456000,7,7,true
1057,1,LightPrepare.Upload,0,0,false,0.002144000,7,7,true
1057,2,PathTracing.Trace,0,0,false,0.759616000,7,7,true
1057,3,Ui.Overlay,0,0,false,0.012032000,7,7,true
1057,4,DLSS.RayReconstruction,1,1,false,1.017600000,7,7,true
1057,5,Present.Convert,1,1,false,0.135328000,7,7,true
1057,6,Present.CopyToSwapchain,1,2,true,0.383872000,7,7,true
1058,0,ASBuild.BuildTLAS,0,0,false,0.122016000,7,7,true
1058,1,LightPrepare.Upload,0,0,false,0.002336000,7,7,true
1058,2,PathTracing.Trace,0,0,false,0.663168000,7,7,true
1058,3,Ui.Overlay,0,0,false,0.024736000,7,7,true
1058,4,DLSS.RayReconstruction,1,1,false,1.495200000,7,7,true
1058,5,Present.Convert,1,1,false,0.045184000,7,7,true
1058,6,Present.CopyToSwapchain,1,2,true,0.021952000,7,7,true
1059,0,ASBuild.BuildTLAS,0,0,false,0.124608000,7,7,true
1059,1,LightPrepare.Upload,0,0,false,0.002080000,7,7,true
1059,2,PathTracing.Trace,0,0,false,0.620416000,7,7,true
1059,3,Ui.Overlay,0,0,false,0.012256000,7,7,true
1059,4,DLSS.RayReconstruction,1,1,false,1.013664000,7,7,true
1059,5,Present.Convert,1,1,false,0.049472000,7,7,true
1059,6,Present.CopyToSwapchain,1,2,true,0.022144000,7,7,true
1060,0,ASBuild.BuildTLAS,0,0,false,0.108704000,7,7,true
1060,1,LightPrepare.Upload,0,0,false,0.002464000,7,7,true
1060,2,PathTracing.Trace,0,0,false,0.687488000,7,7,true
1060,3,Ui.Overlay,0,0,false,0.024704000,7,7,true
1060,4,DLSS.RayReconstruction,1,1,false,1.493056000,7,7,true
1060,5,Present.Convert,1,1,false,0.045376000,7,7,true
1060,6,Present.CopyToSwapchain,1,2,true,0.023712000,7,7,true
1061,0,ASBuild.BuildTLAS,0,0,false,0.124384000,7,7,true
1061,1,LightPrepare.Upload,0,0,false,0.001696000,7,7,true
1061,2,PathTracing.Trace,0,0,false,0.589152000,7,7,true
1061,3,Ui.Overlay,0,0,false,0.012768000,7,7,true
1061,4,DLSS.RayReconstruction,1,1,false,1.012608000,7,7,true
1061,5,Present.Convert,1,1,false,0.045184000,7,7,true
1061,6,Present.CopyToSwapchain,1,2,true,0.023840000,7,7,true
1062,0,ASBuild.BuildTLAS,0,0,false,0.119488000,7,7,true
1062,1,LightPrepare.Upload,0,0,false,0.002912000,7,7,true
1062,2,PathTracing.Trace,0,0,false,0.693312000,7,7,true
1062,3,Ui.Overlay,0,0,false,0.031744000,7,7,true
1062,4,DLSS.RayReconstruction,1,1,false,1.793568000,7,7,true
1062,5,Present.Convert,1,1,false,0.045088000,7,7,true
1062,6,Present.CopyToSwapchain,1,2,true,0.025440000,7,7,true
1063,0,ASBuild.BuildTLAS,0,0,false,0.132896000,7,7,true
1063,1,LightPrepare.Upload,0,0,false,0.002304000,7,7,true
1063,2,PathTracing.Trace,0,0,false,1.003200000,7,7,true
1063,3,Ui.Overlay,0,0,false,0.025184000,7,7,true
1063,4,DLSS.RayReconstruction,1,1,false,1.793824000,7,7,true
1063,5,Present.Convert,1,1,false,0.045248000,7,7,true
1063,6,Present.CopyToSwapchain,1,2,true,0.023904000,7,7,true
1064,0,ASBuild.BuildTLAS,0,0,false,0.124800000,7,7,true
1064,1,LightPrepare.Upload,0,0,false,0.001696000,7,7,true
1064,2,PathTracing.Trace,0,0,false,0.956768000,7,7,true
1064,3,Ui.Overlay,0,0,false,0.024768000,7,7,true
1064,4,DLSS.RayReconstruction,1,1,false,1.504576000,7,7,true
1064,5,Present.Convert,1,1,false,0.045408000,7,7,true
1064,6,Present.CopyToSwapchain,1,2,true,0.023648000,7,7,true
1065,0,ASBuild.BuildTLAS,0,0,false,0.124640000,7,7,true
1065,1,LightPrepare.Upload,0,0,false,0.002368000,7,7,true
1065,2,PathTracing.Trace,0,0,false,0.613984000,7,7,true
1065,3,Ui.Overlay,0,0,false,0.031488000,7,7,true
1065,4,DLSS.RayReconstruction,1,1,false,1.014080000,7,7,true
1065,5,Present.Convert,1,1,false,0.045408000,7,7,true
1065,6,Present.CopyToSwapchain,1,2,true,0.024448000,7,7,true
1066,0,ASBuild.BuildTLAS,0,0,false,0.144064000,7,7,true
1066,1,LightPrepare.Upload,0,0,false,0.002048000,7,7,true
1066,2,PathTracing.Trace,0,0,false,0.675744000,7,7,true
1066,3,Ui.Overlay,0,0,false,0.032064000,7,7,true
1066,4,DLSS.RayReconstruction,1,1,false,2.481408000,7,7,true
1066,5,Present.Convert,1,1,false,0.050400000,7,7,true
1066,6,Present.CopyToSwapchain,1,2,true,0.025216000,7,7,true
1067,0,ASBuild.BuildTLAS,0,0,false,0.448640000,7,7,true
1067,1,LightPrepare.Upload,0,0,false,0.002496000,7,7,true
1067,2,PathTracing.Trace,0,0,false,0.710144000,7,7,true
1067,3,Ui.Overlay,0,0,false,0.021792000,7,7,true
1067,4,DLSS.RayReconstruction,1,1,false,1.037728000,7,7,true
1067,5,Present.Convert,1,1,false,0.836096000,7,7,true
1067,6,Present.CopyToSwapchain,1,2,true,0.190976000,7,7,true
1068,0,ASBuild.BuildTLAS,0,0,false,0.140736000,7,7,true
1068,1,LightPrepare.Upload,0,0,false,0.009568000,7,7,true
1068,2,PathTracing.Trace,0,0,false,0.672320000,7,7,true
1068,3,Ui.Overlay,0,0,false,0.022112000,7,7,true
1068,4,DLSS.RayReconstruction,1,1,false,1.003072000,7,7,true
1068,5,Present.Convert,1,1,false,0.045344000,7,7,true
1068,6,Present.CopyToSwapchain,1,2,true,0.024896000,7,7,true
1069,0,ASBuild.BuildTLAS,0,0,false,0.128288000,7,7,true
1069,1,LightPrepare.Upload,0,0,false,0.002112000,7,7,true
1069,2,PathTracing.Trace,0,0,false,1.368896000,7,7,true
1069,3,Ui.Overlay,0,0,false,0.013696000,7,7,true
1069,4,DLSS.RayReconstruction,1,1,false,1.858496000,7,7,true
1069,5,Present.Convert,1,1,false,0.225248000,7,7,true
1069,6,Present.CopyToSwapchain,1,2,true,0.297184000,7,7,true
1070,0,ASBuild.BuildTLAS,0,0,false,0.122624000,7,7,true
1070,1,LightPrepare.Upload,0,0,false,0.002464000,7,7,true
1070,2,PathTracing.Trace,0,0,false,0.691712000,7,7,true
1070,3,Ui.Overlay,0,0,false,0.045280000,7,7,true
1070,4,DLSS.RayReconstruction,1,1,false,1.492512000,7,7,true
1070,5,Present.Convert,1,1,false,0.059680000,7,7,true
1070,6,Present.CopyToSwapchain,1,2,true,0.022976000,7,7,true
1071,0,ASBuild.BuildTLAS,0,0,false,0.124512000,7,7,true
1071,1,LightPrepare.Upload,0,0,false,0.002400000,7,7,true
1071,2,PathTracing.Trace,0,0,false,0.976192000,7,7,true
1071,3,Ui.Overlay,0,0,false,0.018368000,7,7,true
1071,4,DLSS.RayReconstruction,1,1,false,1.770464000,7,7,true
1071,5,Present.Convert,1,1,false,0.062624000,7,7,true
1071,6,Present.CopyToSwapchain,1,2,true,0.023712000,7,7,true
1072,0,ASBuild.BuildTLAS,0,0,false,0.125344000,7,7,true
1072,1,LightPrepare.Upload,0,0,false,0.002240000,7,7,true
1072,2,PathTracing.Trace,0,0,false,0.681696000,7,7,true
1072,3,Ui.Overlay,0,0,false,0.012064000,7,7,true
1072,4,DLSS.RayReconstruction,1,1,false,1.376512000,7,7,true
1072,5,Present.Convert,1,1,false,0.139488000,7,7,true
1072,6,Present.CopyToSwapchain,1,2,true,0.026656000,7,7,true
1073,0,ASBuild.BuildTLAS,0,0,false,0.125984000,7,7,true
1073,1,LightPrepare.Upload,0,0,false,0.002112000,7,7,true
1073,2,PathTracing.Trace,0,0,false,0.675680000,7,7,true
1073,3,Ui.Overlay,0,0,false,0.014112000,7,7,true
1073,4,DLSS.RayReconstruction,1,1,false,1.306848000,7,7,true
1073,5,Present.Convert,1,1,false,0.054560000,7,7,true
1073,6,Present.CopyToSwapchain,1,2,true,0.023552000,7,7,true
1074,0,ASBuild.BuildTLAS,0,0,false,0.127904000,7,7,true
1074,1,LightPrepare.Upload,0,0,false,0.002464000,7,7,true
1074,2,PathTracing.Trace,0,0,false,0.695808000,7,7,true
1074,3,Ui.Overlay,0,0,false,0.012512000,7,7,true
1074,4,DLSS.RayReconstruction,1,1,false,1.465504000,7,7,true
1074,5,Present.Convert,1,1,false,0.045408000,7,7,true
1074,6,Present.CopyToSwapchain,1,2,true,0.024352000,7,7,true
1075,0,ASBuild.BuildTLAS,0,0,false,0.295584000,7,7,true
1075,1,LightPrepare.Upload,0,0,false,0.001696000,7,7,true
1075,2,PathTracing.Trace,0,0,false,0.584032000,7,7,true
1075,3,Ui.Overlay,0,0,false,0.012160000,7,7,true
1075,4,DLSS.RayReconstruction,1,1,false,1.000768000,7,7,true
1075,5,Present.Convert,1,1,false,0.045376000,7,7,true
1075,6,Present.CopyToSwapchain,1,2,true,0.024416000,7,7,true
1076,0,ASBuild.BuildTLAS,0,0,false,0.123264000,7,7,true
1076,1,LightPrepare.Upload,0,0,false,0.002464000,7,7,true
1076,2,PathTracing.Trace,0,0,false,0.683520000,7,7,true
1076,3,Ui.Overlay,0,0,false,0.026048000,7,7,true
1076,4,DLSS.RayReconstruction,1,1,false,2.024128000,7,7,true
1076,5,Present.Convert,1,1,false,0.058464000,7,7,true
1076,6,Present.CopyToSwapchain,1,2,true,0.024224000,7,7,true
1077,0,ASBuild.BuildTLAS,0,0,false,0.119584000,7,7,true
1077,1,LightPrepare.Upload,0,0,false,0.002464000,7,7,true
1077,2,PathTracing.Trace,0,0,false,0.744960000,7,7,true
1077,3,Ui.Overlay,0,0,false,0.020480000,7,7,true
1077,4,DLSS.RayReconstruction,1,1,false,1.194080000,7,7,true
1077,5,Present.Convert,1,1,false,0.045376000,7,7,true
1077,6,Present.CopyToSwapchain,1,2,true,0.024000000,7,7,true
1078,0,ASBuild.BuildTLAS,0,0,false,0.125696000,7,7,true
1078,1,LightPrepare.Upload,0,0,false,0.002336000,7,7,true
1078,2,PathTracing.Trace,0,0,false,0.721536000,7,7,true
1078,3,Ui.Overlay,0,0,false,0.012320000,7,7,true
1078,4,DLSS.RayReconstruction,1,1,false,1.466240000,7,7,true
1078,5,Present.Convert,1,1,false,0.051424000,7,7,true
1078,6,Present.CopyToSwapchain,1,2,true,0.023808000,7,7,true
1079,0,ASBuild.BuildTLAS,0,0,false,0.093312000,7,7,true
1079,1,LightPrepare.Upload,0,0,false,0.001728000,7,7,true
1079,2,PathTracing.Trace,0,0,false,0.592192000,7,7,true
1079,3,Ui.Overlay,0,0,false,0.012544000,7,7,true
1079,4,DLSS.RayReconstruction,1,1,false,1.798624000,7,7,true
1079,5,Present.Convert,1,1,false,0.055584000,7,7,true
1079,6,Present.CopyToSwapchain,1,2,true,0.024160000,7,7,true
1080,0,ASBuild.BuildTLAS,0,0,false,0.127392000,7,7,true
1080,1,LightPrepare.Upload,0,0,false,0.002016000,7,7,true
1080,2,PathTracing.Trace,0,0,false,0.694240000,7,7,true
1080,3,Ui.Overlay,0,0,false,0.022496000,7,7,true
1080,4,DLSS.RayReconstruction,1,1,false,1.012032000,7,7,true
1080,5,Present.Convert,1,1,false,0.360192000,7,7,true
1080,6,Present.CopyToSwapchain,1,2,true,0.165088000,7,7,true
1081,0,ASBuild.BuildTLAS,0,0,false,0.128256000,7,7,true
1081,1,LightPrepare.Upload,0,0,false,0.002272000,7,7,true
1081,2,PathTracing.Trace,0,0,false,0.642976000,7,7,true
1081,3,Ui.Overlay,0,0,false,0.017856000,7,7,true
1081,4,DLSS.RayReconstruction,1,1,false,2.059360000,7,7,true
1081,5,Present.Convert,1,1,false,0.063872000,7,7,true
1081,6,Present.CopyToSwapchain,1,2,true,0.205760000,7,7,true
1082,0,ASBuild.BuildTLAS,0,0,false,0.128480000,7,7,true
1082,1,LightPrepare.Upload,0,0,false,0.002240000,7,7,true
1082,2,PathTracing.Trace,0,0,false,0.636640000,7,7,true
1082,3,Ui.Overlay,0,0,false,0.012384000,7,7,true
1082,4,DLSS.RayReconstruction,1,1,false,1.011360000,7,7,true
1082,5,Present.Convert,1,1,false,0.051520000,7,7,true
1082,6,Present.CopyToSwapchain,1,2,true,0.022880000,7,7,true
1083,0,ASBuild.BuildTLAS,0,0,false,0.127776000,7,7,true
1083,1,LightPrepare.Upload,0,0,false,0.002400000,7,7,true
1083,2,PathTracing.Trace,0,0,false,1.059392000,7,7,true
1083,3,Ui.Overlay,0,0,false,0.017792000,7,7,true
1083,4,DLSS.RayReconstruction,1,1,false,1.494528000,7,7,true
1083,5,Present.Convert,1,1,false,0.045408000,7,7,true
1083,6,Present.CopyToSwapchain,1,2,true,0.024256000,7,7,true
1084,0,ASBuild.BuildTLAS,0,0,false,0.108928000,7,7,true
1084,1,LightPrepare.Upload,0,0,false,0.001856000,7,7,true
1084,2,PathTracing.Trace,0,0,false,0.590016000,7,7,true
1084,3,Ui.Overlay,0,0,false,0.012128000,7,7,true
1084,4,DLSS.RayReconstruction,1,1,false,1.013088000,7,7,true
1084,5,Present.Convert,1,1,false,0.045408000,7,7,true
1084,6,Present.CopyToSwapchain,1,2,true,0.024032000,7,7,true
1085,0,ASBuild.BuildTLAS,0,0,false,0.127744000,7,7,true
1085,1,LightPrepare.Upload,0,0,false,0.002368000,7,7,true
1085,2,PathTracing.Trace,0,0,false,0.665472000,7,7,true
1085,3,Ui.Overlay,0,0,false,0.040224000,7,7,true
1085,4,DLSS.RayReconstruction,1,1,false,1.902752000,7,7,true
1085,5,Present.Convert,1,1,false,0.047488000,7,7,true
1085,6,Present.CopyToSwapchain,1,2,true,0.070592000,7,7,true
1086,0,ASBuild.BuildTLAS,0,0,false,0.097600000,7,7,true
1086,1,LightPrepare.Upload,0,0,false,0.002048000,7,7,true
1086,2,PathTracing.Trace,0,0,false,1.088448000,7,7,true
1086,3,Ui.Overlay,0,0,false,0.017184000,7,7,true
1086,4,DLSS.RayReconstruction,1,1,false,1.870848000,7,7,true
1086,5,Present.Convert,1,1,false,0.352192000,7,7,true
1086,6,Present.CopyToSwapchain,1,2,true,0.034592000,7,7,true
1087,0,ASBuild.BuildTLAS,0,0,false,0.125504000,7,7,true
1087,1,LightPrepare.Upload,0,0,false,0.002080000,7,7,true
1087,2,PathTracing.Trace,0,0,false,1.020864000,7,7,true
1087,3,Ui.Overlay,0,0,false,0.044320000,7,7,true
1087,4,DLSS.RayReconstruction,1,1,false,1.011456000,7,7,true
1087,5,Present.Convert,1,1,false,0.364352000,7,7,true
1087,6,Present.CopyToSwapchain,1,2,true,0.160672000,7,7,true
1088,0,ASBuild.BuildTLAS,0,0,false,0.118912000,7,7,true
1088,1,LightPrepare.Upload,0,0,false,0.002208000,7,7,true
1088,2,PathTracing.Trace,0,0,false,0.653056000,7,7,true
1088,3,Ui.Overlay,0,0,false,0.023296000,7,7,true
1088,4,DLSS.RayReconstruction,1,1,false,1.020896000,7,7,true
1088,5,Present.Convert,1,1,false,0.047424000,7,7,true
1088,6,Present.CopyToSwapchain,1,2,true,0.025312000,7,7,true
1089,0,ASBuild.BuildTLAS,0,0,false,0.127904000,7,7,true
1089,1,LightPrepare.Upload,0,0,false,0.002112000,7,7,true
1089,2,PathTracing.Trace,0,0,false,0.653152000,7,7,true
1089,3,Ui.Overlay,0,0,false,0.012544000,7,7,true
1089,4,DLSS.RayReconstruction,1,1,false,1.495200000,7,7,true
1089,5,Present.Convert,1,1,false,0.045376000,7,7,true
1089,6,Present.CopyToSwapchain,1,2,true,0.024224000,7,7,true
1090,0,ASBuild.BuildTLAS,0,0,false,0.131968000,7,7,true
1090,1,LightPrepare.Upload,0,0,false,0.001664000,7,7,true
1090,2,PathTracing.Trace,0,0,false,0.567680000,7,7,true
1090,3,Ui.Overlay,0,0,false,0.012608000,7,7,true
1090,4,DLSS.RayReconstruction,1,1,false,1.005088000,7,7,true
1090,5,Present.Convert,1,1,false,0.047328000,7,7,true
1090,6,Present.CopyToSwapchain,1,2,true,0.026848000,7,7,true
1091,0,ASBuild.BuildTLAS,0,0,false,0.138176000,7,7,true
1091,1,LightPrepare.Upload,0,0,false,0.002016000,7,7,true
1091,2,PathTracing.Trace,0,0,false,0.749536000,7,7,true
1091,3,Ui.Overlay,0,0,false,0.020192000,7,7,true
1091,4,DLSS.RayReconstruction,1,1,false,2.560704000,7,7,true
1091,5,Present.Convert,1,1,false,0.046816000,7,7,true
1091,6,Present.CopyToSwapchain,1,2,true,0.022112000,7,7,true
1092,0,ASBuild.BuildTLAS,0,0,false,0.144832000,7,7,true
1092,1,LightPrepare.Upload,0,0,false,0.002176000,7,7,true
1092,2,PathTracing.Trace,0,0,false,1.153824000,7,7,true
1092,3,Ui.Overlay,0,0,false,0.012320000,7,7,true
1092,4,DLSS.RayReconstruction,1,1,false,1.007744000,7,7,true
1092,5,Present.Convert,1,1,false,0.045568000,7,7,true
1092,6,Present.CopyToSwapchain,1,2,true,0.024800000,7,7,true
1093,0,ASBuild.BuildTLAS,0,0,false,0.275776000,7,7,true
1093,1,LightPrepare.Upload,0,0,false,0.002208000,7,7,true
1093,2,PathTracing.Trace,0,0,false,0.670848000,7,7,true
1093,3,Ui.Overlay,0,0,false,0.029216000,7,7,true
1093,4,DLSS.RayReconstruction,1,1,false,2.718400000,7,7,true
1093,5,Present.Convert,1,1,false,0.056704000,7,7,true
1093,6,Present.CopyToSwapchain,1,2,true,0.033600000,7,7,true
1094,0,ASBuild.BuildTLAS,0,0,false,0.156384000,7,7,true
1094,1,LightPrepare.Upload,0,0,false,0.006592000,7,7,true
1094,2,PathTracing.Trace,0,0,false,0.654880000,7,7,true
1094,3,Ui.Overlay,0,0,false,0.027456000,7,7,true
1094,4,DLSS.RayReconstruction,1,1,false,0.996896000,7,7,true
1094,5,Present.Convert,1,1,false,0.047392000,7,7,true
1094,6,Present.CopyToSwapchain,1,2,true,0.025728000,7,7,true
1095,0,ASBuild.BuildTLAS,0,0,false,0.132832000,7,7,true
1095,1,LightPrepare.Upload,0,0,false,0.002144000,7,7,true
1095,2,PathTracing.Trace,0,0,false,0.928576000,7,7,true
1095,3,Ui.Overlay,0,0,false,0.015776000,7,7,true
1095,4,DLSS.RayReconstruction,1,1,false,1.486592000,7,7,true
1095,5,Present.Convert,1,1,false,0.045440000,7,7,true
1095,6,Present.CopyToSwapchain,1,2,true,0.022240000,7,7,true
1096,0,ASBuild.BuildTLAS,0,0,false,0.122016000,7,7,true
1096,1,LightPrepare.Upload,0,0,false,0.001632000,7,7,true
1096,2,PathTracing.Trace,0,0,false,0.588160000,7,7,true
1096,3,Ui.Overlay,0,0,false,0.012352000,7,7,true
1096,4,DLSS.RayReconstruction,1,1,false,0.986496000,7,7,true
1096,5,Present.Convert,1,1,false,0.045376000,7,7,true
1096,6,Present.CopyToSwapchain,1,2,true,0.023936000,7,7,true
1097,0,ASBuild.BuildTLAS,0,0,false,0.117376000,7,7,true
1097,1,LightPrepare.Upload,0,0,false,0.003040000,7,7,true
1097,2,PathTracing.Trace,0,0,false,0.754624000,7,7,true
1097,3,Ui.Overlay,0,0,false,0.030144000,7,7,true
1097,4,DLSS.RayReconstruction,1,1,false,2.064992000,7,7,true
1097,5,Present.Convert,1,1,false,0.047488000,7,7,true
1097,6,Present.CopyToSwapchain,1,2,true,0.023744000,7,7,true
1098,0,ASBuild.BuildTLAS,0,0,false,0.117600000,7,7,true
1098,1,LightPrepare.Upload,0,0,false,0.002048000,7,7,true
1098,2,PathTracing.Trace,0,0,false,0.788384000,7,7,true
1098,3,Ui.Overlay,0,0,false,0.023424000,7,7,true
1098,4,DLSS.RayReconstruction,1,1,false,0.990656000,7,7,true
1098,5,Present.Convert,1,1,false,0.049376000,7,7,true
1098,6,Present.CopyToSwapchain,1,2,true,0.024384000,7,7,true
1099,0,ASBuild.BuildTLAS,0,0,false,0.128512000,7,7,true
1099,1,LightPrepare.Upload,0,0,false,0.002080000,7,7,true
1099,2,PathTracing.Trace,0,0,false,0.653184000,7,7,true
1099,3,Ui.Overlay,0,0,false,0.029088000,7,7,true
1099,4,DLSS.RayReconstruction,1,1,false,0.999104000,7,7,true
1099,5,Present.Convert,1,1,false,0.047424000,7,7,true
1099,6,Present.CopyToSwapchain,1,2,true,0.026016000,7,7,true
1100,0,ASBuild.BuildTLAS,0,0,false,0.109280000,7,7,true
1100,1,LightPrepare.Upload,0,0,false,0.001824000,7,7,true
1100,2,PathTracing.Trace,0,0,false,0.620768000,7,7,true
1100,3,Ui.Overlay,0,0,false,0.012448000,7,7,true
1100,4,DLSS.RayReconstruction,1,1,false,1.510368000,7,7,true
1100,5,Present.Convert,1,1,false,0.045376000,7,7,true
1100,6,Present.CopyToSwapchain,1,2,true,0.054272000,7,7,true
1101,0,ASBuild.BuildTLAS,0,0,false,0.103424000,7,7,true
1101,1,LightPrepare.Upload,0,0,false,0.001728000,7,7,true
1101,2,PathTracing.Trace,0,0,false,0.569664000,7,7,true
1101,3,Ui.Overlay,0,0,false,0.012576000,7,7,true
1101,4,DLSS.RayReconstruction,1,1,false,0.994976000,7,7,true
1101,5,Present.Convert,1,1,false,0.045408000,7,7,true
1101,6,Present.CopyToSwapchain,1,2,true,0.024864000,7,7,true
1102,0,ASBuild.BuildTLAS,0,0,false,0.099040000,7,7,true
1102,1,LightPrepare.Upload,0,0,false,0.002752000,7,7,true
1102,2,PathTracing.Trace,0,0,false,0.738560000,7,7,true
1102,3,Ui.Overlay,0,0,false,0.019872000,7,7,true
1102,4,DLSS.RayReconstruction,1,1,false,1.782464000,7,7,true
1102,5,Present.Convert,1,1,false,0.050240000,7,7,true
1102,6,Present.CopyToSwapchain,1,2,true,0.024544000,7,7,true
1103,0,ASBuild.BuildTLAS,0,0,false,0.093952000,7,7,true
1103,1,LightPrepare.Upload,0,0,false,0.001664000,7,7,true
1103,2,PathTracing.Trace,0,0,false,0.599360000,7,7,true
1103,3,Ui.Overlay,0,0,false,0.012640000,7,7,true
1103,4,DLSS.RayReconstruction,1,1,false,1.003584000,7,7,true
1103,5,Present.Convert,1,1,false,0.049472000,7,7,true
1103,6,Present.CopyToSwapchain,1,2,true,0.194336000,7,7,true
1104,0,ASBuild.BuildTLAS,0,0,false,0.136960000,7,7,true
1104,1,LightPrepare.Upload,0,0,false,0.002592000,7,7,true
1104,2,PathTracing.Trace,0,0,false,0.664960000,7,7,true
1104,3,Ui.Overlay,0,0,false,0.021472000,7,7,true
1104,4,DLSS.RayReconstruction,1,1,false,2.002688000,7,7,true
1104,5,Present.Convert,1,1,false,0.045408000,7,7,true
1104,6,Present.CopyToSwapchain,1,2,true,0.024256000,7,7,true
1105,0,ASBuild.BuildTLAS,0,0,false,0.130880000,7,7,true
1105,1,LightPrepare.Upload,0,0,false,0.002080000,7,7,true
1105,2,PathTracing.Trace,0,0,false,0.595840000,7,7,true
1105,3,Ui.Overlay,0,0,false,0.012416000,7,7,true
1105,4,DLSS.RayReconstruction,1,1,false,0.992448000,7,7,true
1105,5,Present.Convert,1,1,false,0.045344000,7,7,true
1105,6,Present.CopyToSwapchain,1,2,true,0.022656000,7,7,true
1106,0,ASBuild.BuildTLAS,0,0,false,0.114912000,7,7,true
1106,1,LightPrepare.Upload,0,0,false,0.002208000,7,7,true
1106,2,PathTracing.Trace,0,0,false,0.628512000,7,7,true
1106,3,Ui.Overlay,0,0,false,0.031712000,7,7,true
1106,4,DLSS.RayReconstruction,1,1,false,1.884064000,7,7,true
1106,5,Present.Convert,1,1,false,0.045248000,7,7,true
1106,6,Present.CopyToSwapchain,1,2,true,0.023488000,7,7,true
1107,0,ASBuild.BuildTLAS,0,0,false,0.095104000,7,7,true
1107,1,LightPrepare.Upload,0,0,false,0.006240000,7,7,true
1107,2,PathTracing.Trace,0,0,false,1.063744000,7,7,true
1107,3,Ui.Overlay,0,0,false,0.020832000,7,7,true
1107,4,DLSS.RayReconstruction,1,1,false,2.028704000,7,7,true
1107,5,Present.Convert,1,1,false,0.045408000,7,7,true
1107,6,Present.CopyToSwapchain,1,2,true,0.024448000,7,7,true
1108,0,ASBuild.BuildTLAS,0,0,false,0.120448000,7,7,true
1108,1,LightPrepare.Upload,0,0,false,0.002208000,7,7,true
1108,2,PathTracing.Trace,0,0,false,0.714496000,7,7,true
1108,3,Ui.Overlay,0,0,false,0.029056000,7,7,true
1108,4,DLSS.RayReconstruction,1,1,false,1.827872000,7,7,true
1108,5,Present.Convert,1,1,false,0.053280000,7,7,true
1108,6,Present.CopyToSwapchain,1,2,true,0.022016000,7,7,true
1109,0,ASBuild.BuildTLAS,0,0,false,0.128192000,7,7,true
1109,1,LightPrepare.Upload,0,0,false,0.002080000,7,7,true
1109,2,PathTracing.Trace,0,0,false,0.628608000,7,7,true
1109,3,Ui.Overlay,0,0,false,0.029408000,7,7,true
1109,4,DLSS.RayReconstruction,1,1,false,0.999488000,7,7,true
1109,5,Present.Convert,1,1,false,0.241696000,7,7,true
1109,6,Present.CopyToSwapchain,1,2,true,0.282208000,7,7,true
1110,0,ASBuild.BuildTLAS,0,0,false,0.124128000,7,7,true
1110,1,LightPrepare.Upload,0,0,false,0.002240000,7,7,true
1110,2,PathTracing.Trace,0,0,false,0.757472000,7,7,true
1110,3,Ui.Overlay,0,0,false,0.017568000,7,7,true
1110,4,DLSS.RayReconstruction,1,1,false,2.003360000,7,7,true
1110,5,Present.Convert,1,1,false,0.045408000,7,7,true
1110,6,Present.CopyToSwapchain,1,2,true,0.023808000,7,7,true
1111,0,ASBuild.BuildTLAS,0,0,false,0.125216000,7,7,true
1111,1,LightPrepare.Upload,0,0,false,0.001760000,7,7,true
1111,2,PathTracing.Trace,0,0,false,0.600288000,7,7,true
1111,3,Ui.Overlay,0,0,false,0.012000000,7,7,true
1111,4,DLSS.RayReconstruction,1,1,false,1.006944000,7,7,true
1111,5,Present.Convert,1,1,false,0.063744000,7,7,true
1111,6,Present.CopyToSwapchain,1,2,true,0.232448000,7,7,true
1112,0,ASBuild.BuildTLAS,0,0,false,0.118624000,7,7,true
1112,1,LightPrepare.Upload,0,0,false,0.002048000,7,7,true
1112,2,PathTracing.Trace,0,0,false,0.690080000,7,7,true
1112,3,Ui.Overlay,0,0,false,0.019840000,7,7,true
1112,4,DLSS.RayReconstruction,1,1,false,1.836640000,7,7,true
1112,5,Present.Convert,1,1,false,0.044864000,7,7,true
1112,6,Present.CopyToSwapchain,1,2,true,0.024160000,7,7,true
1113,0,ASBuild.BuildTLAS,0,0,false,0.128448000,7,7,true
1113,1,LightPrepare.Upload,0,0,false,0.006272000,7,7,true
1113,2,PathTracing.Trace,0,0,false,0.601920000,7,7,true
1113,3,Ui.Overlay,0,0,false,0.012448000,7,7,true
1113,4,DLSS.RayReconstruction,1,1,false,0.993344000,7,7,true
1113,5,Present.Convert,1,1,false,0.045376000,7,7,true
1113,6,Present.CopyToSwapchain,1,2,true,0.023040000,7,7,true
1114,0,ASBuild.BuildTLAS,0,0,false,0.126432000,7,7,true
1114,1,LightPrepare.Upload,0,0,false,0.002080000,7,7,true
1114,2,PathTracing.Trace,0,0,false,0.714624000,7,7,true
1114,3,Ui.Overlay,0,0,false,0.021088000,7,7,true
1114,4,DLSS.RayReconstruction,1,1,false,1.767840000,7,7,true
1114,5,Present.Convert,1,1,false,0.050528000,7,7,true
1114,6,Present.CopyToSwapchain,1,2,true,0.024640000,7,7,true
1115,0,ASBuild.BuildTLAS,0,0,false,0.126144000,7,7,true
1115,1,LightPrepare.Upload,0,0,false,0.002080000,7,7,true
1115,2,PathTracing.Trace,0,0,false,0.571264000,7,7,true
1115,3,Ui.Overlay,0,0,false,0.012224000,7,7,true
1115,4,DLSS.RayReconstruction,1,1,false,1.481376000,7,7,true
1115,5,Present.Convert,1,1,false,0.063744000,7,7,true
1115,6,Present.CopyToSwapchain,1,2,true,0.027360000,7,7,true
1116,0,ASBuild.BuildTLAS,0,0,false,0.154528000,7,7,true
1116,1,LightPrepare.Upload,0,0,false,0.003136000,7,7,true
1116,2,PathTracing.Trace,0,0,false,0.676736000,7,7,true
1116,3,Ui.Overlay,0,0,false,0.030080000,7,7,true
1116,4,DLSS.RayReconstruction,1,1,false,1.418304000,7,7,true
1116,5,Present.Convert,1,1,false,0.399424000,7,7,true
1116,6,Present.CopyToSwapchain,1,2,true,0.041152000,7,7,true
1117,0,ASBuild.BuildTLAS,0,0,false,0.125024000,7,7,true
1117,1,LightPrepare.Upload,0,0,false,0.002400000,7,7,true
1117,2,PathTracing.Trace,0,0,false,0.673312000,7,7,true
1117,3,Ui.Overlay,0,0,false,0.012288000,7,7,true
1117,4,DLSS.RayReconstruction,1,1,false,0.986176000,7,7,true
1117,5,Present.Convert,1,1,false,0.045408000,7,7,true
1117,6,Present.CopyToSwapchain,1,2,true,0.022304000,7,7,true
1118,0,ASBuild.BuildTLAS,0,0,false,0.124992000,7,7,true
1118,1,LightPrepare.Upload,0,0,false,0.002208000,7,7,true
1118,2,PathTracing.Trace,0,0,false,0.646912000,7,7,true
1118,3,Ui.Overlay,0,0,false,0.012480000,7,7,true
1118,4,DLSS.RayReconstruction,1,1,false,1.884288000,7,7,true
1118,5,Present.Convert,1,1,false,0.668192000,7,7,true
1118,6,Present.CopyToSwapchain,1,2,true,0.052768000,7,7,true
1119,0,ASBuild.BuildTLAS,0,0,false,0.137888000,7,7,true
1119,1,LightPrepare.Upload,0,0,false,0.002112000,7,7,true
1119,2,PathTracing.Trace,0,0,false,0.981824000,7,7,true
1119,3,Ui.Overlay,0,0,false,0.022624000,7,7,true
1119,4,DLSS.RayReconstruction,1,1,false,1.474688000,7,7,true
1119,5,Present.Convert,1,1,false,0.063584000,7,7,true
1119,6,Present.CopyToSwapchain,1,2,true,0.025856000,7,7,true
1120,0,ASBuild.BuildTLAS,0,0,false,0.123968000,7,7,true
1120,1,LightPrepare.Upload,0,0,false,0.002432000,7,7,true
1120,2,PathTracing.Trace,0,0,false,0.876064000,7,7,true
1120,3,Ui.Overlay,0,0,false,0.012352000,7,7,true
1120,4,DLSS.RayReconstruction,1,1,false,1.470048000,7,7,true
1120,5,Present.Convert,1,1,false,0.045376000,7,7,true
1120,6,Present.CopyToSwapchain,1,2,true,0.023904000,7,7,true
1121,0,ASBuild.BuildTLAS,0,0,false,0.121152000,7,7,true
1121,1,LightPrepare.Upload,0,0,false,0.002112000,7,7,true
1121,2,PathTracing.Trace,0,0,false,0.960352000,7,7,true
1121,3,Ui.Overlay,0,0,false,0.012640000,7,7,true
1121,4,DLSS.RayReconstruction,1,1,false,1.007136000,7,7,true
1121,5,Present.Convert,1,1,false,0.045408000,7,7,true
1121,6,Present.CopyToSwapchain,1,2,true,0.023968000,7,7,true
1122,0,ASBuild.BuildTLAS,0,0,false,0.133248000,7,7,true
1122,1,LightPrepare.Upload,0,0,false,0.006112000,7,7,true
1122,2,PathTracing.Trace,0,0,false,0.638912000,7,7,true
1122,3,Ui.Overlay,0,0,false,0.030752000,7,7,true
1122,4,DLSS.RayReconstruction,1,1,false,2.341152000,7,7,true
1122,5,Present.Convert,1,1,false,0.065728000,7,7,true
1122,6,Present.CopyToSwapchain,1,2,true,0.023392000,7,7,true
1123,0,ASBuild.BuildTLAS,0,0,false,0.168928000,7,7,true
1123,1,LightPrepare.Upload,0,0,false,0.002240000,7,7,true
1123,2,PathTracing.Trace,0,0,false,1.196768000,7,7,true
1123,3,Ui.Overlay,0,0,false,0.022752000,7,7,true
1123,4,DLSS.RayReconstruction,1,1,false,1.013152000,7,7,true
1123,5,Present.Convert,1,1,false,0.045408000,7,7,true
1123,6,Present.CopyToSwapchain,1,2,true,0.023840000,7,7,true
1124,0,ASBuild.BuildTLAS,0,0,false,0.129440000,7,7,true
1124,1,LightPrepare.Upload,0,0,false,0.002080000,7,7,true
1124,2,PathTracing.Trace,0,0,false,0.706432000,7,7,true
1124,3,Ui.Overlay,0,0,false,0.012512000,7,7,true
1124,4,DLSS.RayReconstruction,1,1,false,2.396416000,7,7,true
1124,5,Present.Convert,1,1,false,0.047424000,7,7,true
1124,6,Present.CopyToSwapchain,1,2,true,0.023616000,7,7,true
1125,0,ASBuild.BuildTLAS,0,0,false,0.118016000,7,7,true
1125,1,LightPrepare.Upload,0,0,false,0.006080000,7,7,true
1125,2,PathTracing.Trace,0,0,false,1.022944000,7,7,true
1125,3,Ui.Overlay,0,0,false,0.038144000,7,7,true
1125,4,DLSS.RayReconstruction,1,1,false,1.015168000,7,7,true
1125,5,Present.Convert,1,1,false,0.047360000,7,7,true
1125,6,Present.CopyToSwapchain,1,2,true,0.025920000,7,7,true
1126,0,ASBuild.BuildTLAS,0,0,false,0.124160000,7,7,true
1126,1,LightPrepare.Upload,0,0,false,0.002112000,7,7,true
1126,2,PathTracing.Trace,0,0,false,0.698208000,7,7,true
1126,3,Ui.Overlay,0,0,false,0.021376000,7,7,true
1126,4,DLSS.RayReconstruction,1,1,false,1.497504000,7,7,true
1126,5,Present.Convert,1,1,false,0.045408000,7,7,true
1126,6,Present.CopyToSwapchain,1,2,true,0.023936000,7,7,true
1127,0,ASBuild.BuildTLAS,0,0,false,0.120960000,7,7,true
1127,1,LightPrepare.Upload,0,0,false,0.002752000,7,7,true
1127,2,PathTracing.Trace,0,0,false,1.105728000,7,7,true
1127,3,Ui.Overlay,0,0,false,0.013056000,7,7,true
1127,4,DLSS.RayReconstruction,1,1,false,0.998304000,7,7,true
1127,5,Present.Convert,1,1,false,0.045344000,7,7,true
1127,6,Present.CopyToSwapchain,1,2,true,0.023392000,7,7,true
1128,0,ASBuild.BuildTLAS,0,0,false,0.111968000,7,7,true
1128,1,LightPrepare.Upload,0,0,false,0.002048000,7,7,true
1128,2,PathTracing.Trace,0,0,false,0.733120000,7,7,true
1128,3,Ui.Overlay,0,0,false,0.022272000,7,7,true
1128,4,DLSS.RayReconstruction,1,1,false,1.537760000,7,7,true
1128,5,Present.Convert,1,1,false,0.065824000,7,7,true
1128,6,Present.CopyToSwapchain,1,2,true,0.264608000,7,7,true
1129,0,ASBuild.BuildTLAS,0,0,false,0.159648000,7,7,true
1129,1,LightPrepare.Upload,0,0,false,0.002112000,7,7,true
1129,2,PathTracing.Trace,0,0,false,0.730944000,7,7,true
1129,3,Ui.Overlay,0,0,false,0.022016000,7,7,true
1129,4,DLSS.RayReconstruction,1,1,false,1.623968000,7,7,true
1129,5,Present.Convert,1,1,false,0.059424000,7,7,true
1129,6,Present.CopyToSwapchain,1,2,true,0.026048000,7,7,true
1130,0,ASBuild.BuildTLAS,0,0,false,0.129728000,7,7,true
1130,1,LightPrepare.Upload,0,0,false,0.002304000,7,7,true
1130,2,PathTracing.Trace,0,0,false,0.931904000,7,7,true
1130,3,Ui.Overlay,0,0,false,0.027392000,7,7,true
1130,4,DLSS.RayReconstruction,1,1,false,1.779584000,7,7,true
1130,5,Present.Convert,1,1,false,0.045472000,7,7,true
1130,6,Present.CopyToSwapchain,1,2,true,0.023456000,7,7,true
1131,0,ASBuild.BuildTLAS,0,0,false,0.130656000,7,7,true
1131,1,LightPrepare.Upload,0,0,false,0.002080000,7,7,true
1131,2,PathTracing.Trace,0,0,false,0.763776000,7,7,true
1131,3,Ui.Overlay,0,0,false,0.012864000,7,7,true
1131,4,DLSS.RayReconstruction,1,1,false,1.007200000,7,7,true
1131,5,Present.Convert,1,1,false,0.049632000,7,7,true
1131,6,Present.CopyToSwapchain,1,2,true,0.022272000,7,7,true
1132,0,ASBuild.BuildTLAS,0,0,false,0.141568000,7,7,true
1132,1,LightPrepare.Upload,0,0,false,0.002080000,7,7,true
1132,2,PathTracing.Trace,0,0,false,0.685952000,7,7,true
1132,3,Ui.Overlay,0,0,false,0.020992000,7,7,true
1132,4,DLSS.RayReconstruction,1,1,false,1.478720000,7,7,true
1132,5,Present.Convert,1,1,false,0.045376000,7,7,true
1132,6,Present.CopyToSwapchain,1,2,true,0.024640000,7,7,true
1133,0,ASBuild.BuildTLAS,0,0,false,0.108160000,7,7,true
1133,1,LightPrepare.Upload,0,0,false,0.001696000,7,7,true
1133,2,PathTracing.Trace,0,0,false,1.251648000,7,7,true
1133,3,Ui.Overlay,0,0,false,0.017856000,7,7,true
1133,4,DLSS.RayReconstruction,1,1,false,1.004896000,7,7,true
1133,5,Present.Convert,1,1,false,0.045152000,7,7,true
1133,6,Present.CopyToSwapchain,1,2,true,0.024000000,7,7,true
1134,0,ASBuild.BuildTLAS,0,0,false,0.130272000,7,7,true
1134,1,LightPrepare.Upload,0,0,false,0.002080000,7,7,true
1134,2,PathTracing.Trace,0,0,false,0.642944000,7,7,true
1134,3,Ui.Overlay,0,0,false,0.022368000,7,7,true
1134,4,DLSS.RayReconstruction,1,1,false,2.320288000,7,7,true
1134,5,Present.Convert,1,1,false,0.045440000,7,7,true
1134,6,Present.CopyToSwapchain,1,2,true,0.022336000,7,7,true
1135,0,ASBuild.BuildTLAS,0,0,false,0.417408000,7,7,true
1135,1,LightPrepare.Upload,0,0,false,0.007104000,7,7,true
1135,2,PathTracing.Trace,0,0,false,0.660416000,7,7,true
1135,3,Ui.Overlay,0,0,false,0.043968000,7,7,true
1135,4,DLSS.RayReconstruction,1,1,false,0.998752000,7,7,true
1135,5,Present.Convert,1,1,false,0.047168000,7,7,true
1135,6,Present.CopyToSwapchain,1,2,true,0.022496000,7,7,true
1136,0,ASBuild.BuildTLAS,0,0,false,0.126240000,7,7,true
1136,1,LightPrepare.Upload,0,0,false,0.002112000,7,7,true
1136,2,PathTracing.Trace,0,0,false,0.694112000,7,7,true
1136,3,Ui.Overlay,0,0,false,0.019680000,7,7,true
1136,4,DLSS.RayReconstruction,1,1,false,1.472480000,7,7,true
1136,5,Present.Convert,1,1,false,0.045440000,7,7,true
1136,6,Present.CopyToSwapchain,1,2,true,0.024352000,7,7,true
1137,0,ASBuild.BuildTLAS,0,0,false,0.122464000,7,7,true
1137,1,LightPrepare.Upload,0,0,false,0.002752000,7,7,true
1137,2,PathTracing.Trace,0,0,false,0.568416000,7,7,true
1137,3,Ui.Overlay,0,0,false,0.012736000,7,7,true
1137,4,DLSS.RayReconstruction,1,1,false,0.998944000,7,7,true
1137,5,Present.Convert,1,1,false,0.045248000,7,7,true
1137,6,Present.CopyToSwapchain,1,2,true,0.024448000,7,7,true
1138,0,ASBuild.BuildTLAS,0,0,false,0.134080000,7,7,true
1138,1,LightPrepare.Upload,0,0,false,0.002016000,7,7,true
1138,2,PathTracing.Trace,0,0,false,0.718784000,7,7,true
1138,3,Ui.Overlay,0,0,false,0.029984000,7,7,true
1138,4,DLSS.RayReconstruction,1,1,false,2.311232000,7,7,true
1138,5,Present.Convert,1,1,false,0.075936000,7,7,true
1138,6,Present.CopyToSwapchain,1,2,true,0.025152000,7,7,true
1139,0,ASBuild.BuildTLAS,0,0,false,0.425408000,7,7,true
1139,1,LightPrepare.Upload,0,0,false,0.002048000,7,7,true
1139,2,PathTracing.Trace,0,0,false,0.726912000,7,7,true
1139,3,Ui.Overlay,0,0,false,0.035904000,7,7,true
1139,4,DLSS.RayReconstruction,1,1,false,1.006720000,7,7,true
1139,5,Present.Convert,1,1,false,0.049248000,7,7,true
1139,6,Present.CopyToSwapchain,1,2,true,0.023936000,7,7,true
1140,0,ASBuild.BuildTLAS,0,0,false,0.126880000,7,7,true
1140,1,LightPrepare.Upload,0,0,false,0.010432000,7,7,true
1140,2,PathTracing.Trace,0,0,false,0.634592000,7,7,true
1140,3,Ui.Overlay,0,0,false,0.012480000,7,7,true
1140,4,DLSS.RayReconstruction,1,1,false,1.776992000,7,7,true
1140,5,Present.Convert,1,1,false,0.045344000,7,7,true
1140,6,Present.CopyToSwapchain,1,2,true,0.022048000,7,7,true
1141,0,ASBuild.BuildTLAS,0,0,false,0.111360000,7,7,true
1141,1,LightPrepare.Upload,0,0,false,0.001664000,7,7,true
1141,2,PathTracing.Trace,0,0,false,0.569696000,7,7,true
1141,3,Ui.Overlay,0,0,false,0.012576000,7,7,true
1141,4,DLSS.RayReconstruction,1,1,false,0.995424000,7,7,true
1141,5,Present.Convert,1,1,false,0.045440000,7,7,true
1141,6,Present.CopyToSwapchain,1,2,true,0.051936000,7,7,true
1142,0,ASBuild.BuildTLAS,0,0,false,0.144000000,7,7,true
1142,1,LightPrepare.Upload,0,0,false,0.005152000,7,7,true
1142,2,PathTracing.Trace,0,0,false,0.730016000,7,7,true
1142,3,Ui.Overlay,0,0,false,0.020992000,7,7,true
1142,4,DLSS.RayReconstruction,1,1,false,1.538944000,7,7,true
1142,5,Present.Convert,1,1,false,0.049440000,7,7,true
1142,6,Present.CopyToSwapchain,1,2,true,0.177600000,7,7,true
1143,0,ASBuild.BuildTLAS,0,0,false,0.119680000,7,7,true
1143,1,LightPrepare.Upload,0,0,false,0.002080000,7,7,true
1143,2,PathTracing.Trace,0,0,false,0.688000000,7,7,true
1143,3,Ui.Overlay,0,0,false,0.042944000,7,7,true
1143,4,DLSS.RayReconstruction,1,1,false,1.675328000,7,7,true
1143,5,Present.Convert,1,1,false,0.049504000,7,7,true
1143,6,Present.CopyToSwapchain,1,2,true,0.023872000,7,7,true
1144,0,ASBuild.BuildTLAS,0,0,false,0.131168000,7,7,true
1144,1,LightPrepare.Upload,0,0,false,0.002432000,7,7,true
1144,2,PathTracing.Trace,0,0,false,0.958016000,7,7,true
1144,3,Ui.Overlay,0,0,false,0.026496000,7,7,true
1144,4,DLSS.RayReconstruction,1,1,false,1.650368000,7,7,true
1144,5,Present.Convert,1,1,false,0.054880000,7,7,true
1144,6,Present.CopyToSwapchain,1,2,true,0.023872000,7,7,true
1145,0,ASBuild.BuildTLAS,0,0,false,0.122752000,7,7,true
1145,1,LightPrepare.Upload,0,0,false,0.002720000,7,7,true
1145,2,PathTracing.Trace,0,0,false,0.650496000,7,7,true
1145,3,Ui.Overlay,0,0,false,0.026016000,7,7,true
1145,4,DLSS.RayReconstruction,1,1,false,0.996320000,7,7,true
1145,5,Present.Convert,1,1,false,0.047392000,7,7,true
1145,6,Present.CopyToSwapchain,1,2,true,0.021664000,7,7,true
1146,0,ASBuild.BuildTLAS,0,0,false,0.125728000,7,7,true
1146,1,LightPrepare.Upload,0,0,false,0.002336000,7,7,true
1146,2,PathTracing.Trace,0,0,false,0.923264000,7,7,true
1146,3,Ui.Overlay,0,0,false,0.012320000,7,7,true
1146,4,DLSS.RayReconstruction,1,1,false,1.476096000,7,7,true
1146,5,Present.Convert,1,1,false,0.045440000,7,7,true
1146,6,Present.CopyToSwapchain,1,2,true,0.024608000,7,7,true
1147,0,ASBuild.BuildTLAS,0,0,false,0.112064000,7,7,true
1147,1,LightPrepare.Upload,0,0,false,0.001568000,7,7,true
1147,2,PathTracing.Trace,0,0,false,0.594368000,7,7,true
1147,3,Ui.Overlay,0,0,false,0.012896000,7,7,true
1147,4,DLSS.RayReconstruction,1,1,false,0.990944000,7,7,true
1147,5,Present.Convert,1,1,false,0.047264000,7,7,true
1147,6,Present.CopyToSwapchain,1,2,true,0.023968000,7,7,true
1148,0,ASBuild.BuildTLAS,0,0,false,0.146912000,7,7,true
1148,1,LightPrepare.Upload,0,0,false,0.002048000,7,7,true
1148,2,PathTracing.Trace,0,0,false,0.728992000,7,7,true
1148,3,Ui.Overlay,0,0,false,0.022368000,7,7,true
1148,4,DLSS.RayReconstruction,1,1,false,1.494048000,7,7,true
1148,5,Present.Convert,1,1,false,0.045376000,7,7,true
1148,6,Present.CopyToSwapchain,1,2,true,0.023808000,7,7,true
1149,0,ASBuild.BuildTLAS,0,0,false,0.106688000,7,7,true
1149,1,LightPrepare.Upload,0,0,false,0.001664000,7,7,true
1149,2,PathTracing.Trace,0,0,false,0.583040000,7,7,true
1149,3,Ui.Overlay,0,0,false,0.012672000,7,7,true
1149,4,DLSS.RayReconstruction,1,1,false,0.990656000,7,7,true
1149,5,Present.Convert,1,1,false,0.045216000,7,7,true
1149,6,Present.CopyToSwapchain,1,2,true,0.022624000,7,7,true
1150,0,ASBuild.BuildTLAS,0,0,false,0.127712000,7,7,true
1150,1,LightPrepare.Upload,0,0,false,0.002048000,7,7,true
1150,2,PathTracing.Trace,0,0,false,0.706368000,7,7,true
1150,3,Ui.Overlay,0,0,false,0.021216000,7,7,true
1150,4,DLSS.RayReconstruction,1,1,false,1.848032000,7,7,true
1150,5,Present.Convert,1,1,false,0.399360000,7,7,true
1150,6,Present.CopyToSwapchain,1,2,true,0.040384000,7,7,true
1151,0,ASBuild.BuildTLAS,0,0,false,0.122400000,7,7,true
1151,1,LightPrepare.Upload,0,0,false,0.002144000,7,7,true
1151,2,PathTracing.Trace,0,0,false,0.895808000,7,7,true
1151,3,Ui.Overlay,0,0,false,0.022944000,7,7,true
1151,4,DLSS.RayReconstruction,1,1,false,1.000576000,7,7,true
1151,5,Present.Convert,1,1,false,0.045408000,7,7,true
1151,6,Present.CopyToSwapchain,1,2,true,0.025536000,7,7,true
1152,0,ASBuild.BuildTLAS,0,0,false,0.131104000,7,7,true
1152,1,LightPrepare.Upload,0,0,false,0.006336000,7,7,true
1152,2,PathTracing.Trace,0,0,false,0.624352000,7,7,true
1152,3,Ui.Overlay,0,0,false,0.012608000,7,7,true
1152,4,DLSS.RayReconstruction,1,1,false,1.657120000,7,7,true
1152,5,Present.Convert,1,1,false,0.045408000,7,7,true
1152,6,Present.CopyToSwapchain,1,2,true,0.024320000,7,7,true
1153,0,ASBuild.BuildTLAS,0,0,false,0.129152000,7,7,true
1153,1,LightPrepare.Upload,0,0,false,0.001632000,7,7,true
1153,2,PathTracing.Trace,0,0,false,0.939424000,7,7,true
1153,3,Ui.Overlay,0,0,false,0.012384000,7,7,true
1153,4,DLSS.RayReconstruction,1,1,false,1.311552000,7,7,true
1153,5,Present.Convert,1,1,false,0.045312000,7,7,true
1153,6,Present.CopyToSwapchain,1,2,true,0.022848000,7,7,true
1154,0,ASBuild.BuildTLAS,0,0,false,0.305952000,7,7,true
1154,1,LightPrepare.Upload,0,0,false,0.002208000,7,7,true
1154,2,PathTracing.Trace,0,0,false,0.716544000,7,7,true
1154,3,Ui.Overlay,0,0,false,0.013536000,7,7,true
1154,4,DLSS.RayReconstruction,1,1,false,1.506880000,7,7,true
1154,5,Present.Convert,1,1,false,0.045440000,7,7,true
1154,6,Present.CopyToSwapchain,1,2,true,0.021888000,7,7,true
1155,0,ASBuild.BuildTLAS,0,0,false,0.124064000,7,7,true
1155,1,LightPrepare.Upload,0,0,false,0.003264000,7,7,true
1155,2,PathTracing.Trace,0,0,false,0.708352000,7,7,true
1155,3,Ui.Overlay,0,0,false,0.012736000,7,7,true
1155,4,DLSS.RayReconstruction,1,1,false,1.160448000,7,7,true
1155,5,Present.Convert,1,1,false,0.045440000,7,7,true
1155,6,Present.CopyToSwapchain,1,2,true,0.024192000,7,7,true
1156,0,ASBuild.BuildTLAS,0,0,false,0.096064000,7,7,true
1156,1,LightPrepare.Upload,0,0,false,0.002176000,7,7,true
1156,2,PathTracing.Trace,0,0,false,0.800384000,7,7,true
1156,3,Ui.Overlay,0,0,false,0.022464000,7,7,true
1156,4,DLSS.RayReconstruction,1,1,false,1.982560000,7,7,true
1156,5,Present.Convert,1,1,false,0.067840000,7,7,true
1156,6,Present.CopyToSwapchain,1,2,true,0.025344000,7,7,true
1157,0,ASBuild.BuildTLAS,0,0,false,0.123584000,7,7,true
1157,1,LightPrepare.Upload,0,0,false,0.002080000,7,7,true
1157,2,PathTracing.Trace,0,0,false,0.716640000,7,7,true
1157,3,Ui.Overlay,0,0,false,0.029664000,7,7,true
1157,4,DLSS.RayReconstruction,1,1,false,1.796224000,7,7,true
1157,5,Present.Convert,1,1,false,0.053728000,7,7,true
1157,6,Present.CopyToSwapchain,1,2,true,0.022112000,7,7,true
1158,0,ASBuild.BuildTLAS,0,0,false,0.127872000,7,7,true
1158,1,LightPrepare.Upload,0,0,false,0.002112000,7,7,true
1158,2,PathTracing.Trace,0,0,false,0.673632000,7,7,true
1158,3,Ui.Overlay,0,0,false,0.012192000,7,7,true
1158,4,DLSS.RayReconstruction,1,1,false,0.997184000,7,7,true
1158,5,Present.Convert,1,1,false,0.049472000,7,7,true
1158,6,Present.CopyToSwapchain,1,2,true,0.221952000,7,7,true
1159,0,ASBuild.BuildTLAS,0,0,false,0.125120000,7,7,true
1159,1,LightPrepare.Upload,0,0,false,0.002144000,7,7,true
1159,2,PathTracing.Trace,0,0,false,0.698176000,7,7,true
1159,3,Ui.Overlay,0,0,false,0.020064000,7,7,true
1159,4,DLSS.RayReconstruction,1,1,false,1.780992000,7,7,true
1159,5,Present.Convert,1,1,false,0.050496000,7,7,true
1159,6,Present.CopyToSwapchain,1,2,true,0.024384000,7,7,true
1160,0,ASBuild.BuildTLAS,0,0,false,0.129408000,7,7,true
1160,1,LightPrepare.Upload,0,0,false,0.002208000,7,7,true
1160,2,PathTracing.Trace,0,0,false,0.595648000,7,7,true
1160,3,Ui.Overlay,0,0,false,0.012224000,7,7,true
1160,4,DLSS.RayReconstruction,1,1,false,1.056384000,7,7,true
1160,5,Present.Convert,1,1,false,0.434144000,7,7,true
1160,6,Present.CopyToSwapchain,1,2,true,0.049024000,7,7,true
1161,0,ASBuild.BuildTLAS,0,0,false,0.124640000,7,7,true
1161,1,LightPrepare.Upload,0,0,false,0.002176000,7,7,true
1161,2,PathTracing.Trace,0,0,false,0.692032000,7,7,true
1161,3,Ui.Overlay,0,0,false,0.022240000,7,7,true
1161,4,DLSS.RayReconstruction,1,1,false,1.197504000,7,7,true
1161,5,Present.Convert,1,1,false,0.361152000,7,7,true
1161,6,Present.CopyToSwapchain,1,2,true,0.167200000,7,7,true
1162,0,ASBuild.BuildTLAS,0,0,false,0.125504000,7,7,true
1162,1,LightPrepare.Upload,0,0,false,0.002112000,7,7,true
1162,2,PathTracing.Trace,0,0,false,0.636768000,7,7,true
1162,3,Ui.Overlay,0,0,false,0.012288000,7,7,true
1162,4,DLSS.RayReconstruction,1,1,false,1.512544000,7,7,true
1162,5,Present.Convert,1,1,false,0.045408000,7,7,true
1162,6,Present.CopyToSwapchain,1,2,true,0.026048000,7,7,true
1163,0,ASBuild.BuildTLAS,0,0,false,0.444576000,7,7,true
1163,1,LightPrepare.Upload,0,0,false,0.006080000,7,7,true
1163,2,PathTracing.Trace,0,0,false,0.598048000,7,7,true
1163,3,Ui.Overlay,0,0,false,0.012480000,7,7,true
1163,4,DLSS.RayReconstruction,1,1,false,1.997824000,7,7,true
1163,5,Present.Convert,1,1,false,0.046816000,7,7,true
1163,6,Present.CopyToSwapchain,1,2,true,0.024704000,7,7,true
1164,0,ASBuild.BuildTLAS,0,0,false,0.121824000,7,7,true
1164,1,LightPrepare.Upload,0,0,false,0.002368000,7,7,true
1164,2,PathTracing.Trace,0,0,false,0.654944000,7,7,true
1164,3,Ui.Overlay,0,0,false,0.021568000,7,7,true
1164,4,DLSS.RayReconstruction,1,1,false,1.023712000,7,7,true
1164,5,Present.Convert,1,1,false,0.354880000,7,7,true
1164,6,Present.CopyToSwapchain,1,2,true,0.176512000,7,7,true
1165,0,ASBuild.BuildTLAS,0,0,false,0.123968000,7,7,true
1165,1,LightPrepare.Upload,0,0,false,0.002080000,7,7,true
1165,2,PathTracing.Trace,0,0,false,0.829312000,7,7,true
1165,3,Ui.Overlay,0,0,false,0.030208000,7,7,true
1165,4,DLSS.RayReconstruction,1,1,false,1.306688000,7,7,true
1165,5,Present.Convert,1,1,false,0.047168000,7,7,true
1165,6,Present.CopyToSwapchain,1,2,true,0.021664000,7,7,true
1166,0,ASBuild.BuildTLAS,0,0,false,0.126464000,7,7,true
1166,1,LightPrepare.Upload,0,0,false,0.002176000,7,7,true
1166,2,PathTracing.Trace,0,0,false,0.626464000,7,7,true
1166,3,Ui.Overlay,0,0,false,0.012224000,7,7,true
1166,4,DLSS.RayReconstruction,1,1,false,1.505024000,7,7,true
1166,5,Present.Convert,1,1,false,0.045344000,7,7,true
1166,6,Present.CopyToSwapchain,1,2,true,0.024032000,7,7,true
1167,0,ASBuild.BuildTLAS,0,0,false,0.113600000,7,7,true
1167,1,LightPrepare.Upload,0,0,false,0.001568000,7,7,true
1167,2,PathTracing.Trace,0,0,false,0.574944000,7,7,true
1167,3,Ui.Overlay,0,0,false,0.012992000,7,7,true
1167,4,DLSS.RayReconstruction,1,1,false,1.821696000,7,7,true
1167,5,Present.Convert,1,1,false,0.045408000,7,7,true
1167,6,Present.CopyToSwapchain,1,2,true,0.024800000,7,7,true
1168,0,ASBuild.BuildTLAS,0,0,false,0.143680000,7,7,true
1168,1,LightPrepare.Upload,0,0,false,0.002208000,7,7,true
1168,2,PathTracing.Trace,0,0,false,0.620288000,7,7,true
1168,3,Ui.Overlay,0,0,false,0.019744000,7,7,true
1168,4,DLSS.RayReconstruction,1,1,false,1.008736000,7,7,true
1168,5,Present.Convert,1,1,false,0.049408000,7,7,true
1168,6,Present.CopyToSwapchain,1,2,true,0.175008000,7,7,true
1169,0,ASBuild.BuildTLAS,0,0,false,0.122592000,7,7,true
1169,1,LightPrepare.Upload,0,0,false,0.002272000,7,7,true
1169,2,PathTracing.Trace,0,0,false,0.714432000,7,7,true
1169,3,Ui.Overlay,0,0,false,0.021024000,7,7,true
1169,4,DLSS.RayReconstruction,1,1,false,1.506240000,7,7,true
1169,5,Present.Convert,1,1,false,0.045088000,7,7,true
1169,6,Present.CopyToSwapchain,1,2,true,0.024128000,7,7,true
1170,0,ASBuild.BuildTLAS,0,0,false,0.127168000,7,7,true
1170,1,LightPrepare.Upload,0,0,false,0.002464000,7,7,true
1170,2,PathTracing.Trace,0,0,false,0.589312000,7,7,true
1170,3,Ui.Overlay,0,0,false,0.012608000,7,7,true
1170,4,DLSS.RayReconstruction,1,1,false,1.080608000,7,7,true
1170,5,Present.Convert,1,1,false,0.430240000,7,7,true
1170,6,Present.CopyToSwapchain,1,2,true,0.047872000,7,7,true
1171,0,ASBuild.BuildTLAS,0,0,false,0.134048000,7,7,true
1171,1,LightPrepare.Upload,0,0,false,0.002464000,7,7,true
1171,2,PathTracing.Trace,0,0,false,0.683520000,7,7,true
1171,3,Ui.Overlay,0,0,false,0.020992000,7,7,true
1171,4,DLSS.RayReconstruction,1,1,false,1.504960000,7,7,true
1171,5,Present.Convert,1,1,false,0.045376000,7,7,true
1171,6,Present.CopyToSwapchain,1,2,true,0.024128000,7,7,true
1172,0,ASBuild.BuildTLAS,0,0,false,0.125408000,7,7,true
1172,1,LightPrepare.Upload,0,0,false,0.002112000,7,7,true
1172,2,PathTracing.Trace,0,0,false,0.679776000,7,7,true
1172,3,Ui.Overlay,0,0,false,0.012576000,7,7,true
1172,4,DLSS.RayReconstruction,1,1,false,1.011264000,7,7,true
1172,5,Present.Convert,1,1,false,0.045408000,7,7,true
1172,6,Present.CopyToSwapchain,1,2,true,0.021664000,7,7,true
1173,0,ASBuild.BuildTLAS,0,0,false,0.125248000,7,7,true
1173,1,LightPrepare.Upload,0,0,false,0.002112000,7,7,true
1173,2,PathTracing.Trace,0,0,false,0.667488000,7,7,true
1173,3,Ui.Overlay,0,0,false,0.030912000,7,7,true
1173,4,DLSS.RayReconstruction,1,1,false,2.002656000,7,7,true
1173,5,Present.Convert,1,1,false,0.396448000,7,7,true
1173,6,Present.CopyToSwapchain,1,2,true,0.119936000,7,7,true
1174,0,ASBuild.BuildTLAS,0,0,false,0.161536000,7,7,true
1174,1,LightPrepare.Upload,0,0,false,0.001792000,7,7,true
1174,2,PathTracing.Trace,0,0,false,1.046656000,7,7,true
1174,3,Ui.Overlay,0,0,false,0.027168000,7,7,true
1174,4,DLSS.RayReconstruction,1,1,false,1.016000000,7,7,true
1174,5,Present.Convert,1,1,false,0.045312000,7,7,true
1174,6,Present.CopyToSwapchain,1,2,true,0.023872000,7,7,true
1175,0,ASBuild.BuildTLAS,0,0,false,0.128672000,7,7,true
1175,1,LightPrepare.Upload,0,0,false,0.002048000,7,7,true
1175,2,PathTracing.Trace,0,0,false,0.812032000,7,7,true
1175,3,Ui.Overlay,0,0,false,0.013344000,7,7,true
1175,4,DLSS.RayReconstruction,1,1,false,1.512768000,7,7,true
1175,5,Present.Convert,1,1,false,0.045344000,7,7,true
1175,6,Present.CopyToSwapchain,1,2,true,0.021824000,7,7,true
1176,0,ASBuild.BuildTLAS,0,0,false,0.091008000,7,7,true
1176,1,LightPrepare.Upload,0,0,false,0.001632000,7,7,true
1176,2,PathTracing.Trace,0,0,false,0.568736000,7,7,true
1176,3,Ui.Overlay,0,0,false,0.012352000,7,7,true
1176,4,DLSS.RayReconstruction,1,1,false,1.017728000,7,7,true
1176,5,Present.Convert,1,1,false,0.153536000,7,7,true
1176,6,Present.CopyToSwapchain,1,2,true,0.372352000,7,7,true
1177,0,ASBuild.BuildTLAS,0,0,false,0.137152000,7,7,true
1177,1,LightPrepare.Upload,0,0,false,0.002432000,7,7,true
1177,2,PathTracing.Trace,0,0,false,0.704000000,7,7,true
1177,3,Ui.Overlay,0,0,false,0.022304000,7,7,true
1177,4,DLSS.RayReconstruction,1,1,false,1.494208000,7,7,true
1177,5,Present.Convert,1,1,false,0.045344000,7,7,true
1177,6,Present.CopyToSwapchain,1,2,true,0.022272000,7,7,true
1178,0,ASBuild.BuildTLAS,0,0,false,0.123424000,7,7,true
1178,1,LightPrepare.Upload,0,0,false,0.002144000,7,7,true
1178,2,PathTracing.Trace,0,0,false,0.948704000,7,7,true
1178,3,Ui.Overlay,0,0,false,0.012576000,7,7,true
1178,4,DLSS.RayReconstruction,1,1,false,1.009216000,7,7,true
1178,5,Present.Convert,1,1,false,0.049536000,7,7,true
1178,6,Present.CopyToSwapchain,1,2,true,0.023648000,7,7,true
1179,0,ASBuild.BuildTLAS,0,0,false,0.133280000,7,7,true
1179,1,LightPrepare.Upload,0,0,false,0.006080000,7,7,true
1179,2,PathTracing.Trace,0,0,false,0.684000000,7,7,true
1179,3,Ui.Overlay,0,0,false,0.030112000,7,7,true
1179,4,DLSS.RayReconstruction,1,1,false,1.484096000,7,7,true
1179,5,Present.Convert,1,1,false,0.045344000,7,7,true
1179,6,Present.CopyToSwapchain,1,2,true,0.024288000,7,7,true
1180,0,ASBuild.BuildTLAS,0,0,false,0.123936000,7,7,true
1180,1,LightPrepare.Upload,0,0,false,0.001632000,7,7,true
1180,2,PathTracing.Trace,0,0,false,0.951712000,7,7,true
1180,3,Ui.Overlay,0,0,false,0.012864000,7,7,true
1180,4,DLSS.RayReconstruction,1,1,false,1.007040000,7,7,true
1180,5,Present.Convert,1,1,false,0.045376000,7,7,true
1180,6,Present.CopyToSwapchain,1,2,true,0.023904000,7,7,true
1181,0,ASBuild.BuildTLAS,0,0,false,0.101760000,7,7,true
1181,1,LightPrepare.Upload,0,0,false,0.002048000,7,7,true
1181,2,PathTracing.Trace,0,0,false,0.683968000,7,7,true
1181,3,Ui.Overlay,0,0,false,0.022944000,7,7,true
1181,4,DLSS.RayReconstruction,1,1,false,1.784832000,7,7,true
1181,5,Present.Convert,1,1,false,0.045248000,7,7,true
1181,6,Present.CopyToSwapchain,1,2,true,0.023712000,7,7,true
1182,0,ASBuild.BuildTLAS,0,0,false,0.475424000,7,7,true
1182,1,LightPrepare.Upload,0,0,false,0.002912000,7,7,true
1182,2,PathTracing.Trace,0,0,false,0.715840000,7,7,true
1182,3,Ui.Overlay,0,0,false,0.027296000,7,7,true
1182,4,DLSS.RayReconstruction,1,1,false,1.270880000,7,7,true
1182,5,Present.Convert,1,1,false,0.276576000,7,7,true
1182,6,Present.CopyToSwapchain,1,2,true,0.247584000,7,7,true
1183,0,ASBuild.BuildTLAS,0,0,false,0.124224000,7,7,true
1183,1,LightPrepare.Upload,0,0,false,0.001600000,7,7,true
1183,2,PathTracing.Trace,0,0,false,0.968128000,7,7,true
1183,3,Ui.Overlay,0,0,false,0.023008000,7,7,true
1183,4,DLSS.RayReconstruction,1,1,false,1.490688000,7,7,true
1183,5,Present.Convert,1,1,false,0.045408000,7,7,true
1183,6,Present.CopyToSwapchain,1,2,true,0.021792000,7,7,true
1184,0,ASBuild.BuildTLAS,0,0,false,0.127680000,7,7,true
1184,1,LightPrepare.Upload,0,0,false,0.002112000,7,7,true
1184,2,PathTracing.Trace,0,0,false,0.626528000,7,7,true
1184,3,Ui.Overlay,0,0,false,0.012704000,7,7,true
1184,4,DLSS.RayReconstruction,1,1,false,1.015104000,7,7,true
1184,5,Present.Convert,1,1,false,0.047136000,7,7,true
1184,6,Present.CopyToSwapchain,1,2,true,0.023872000,7,7,true
1185,0,ASBuild.BuildTLAS,0,0,false,0.136384000,7,7,true
1185,1,LightPrepare.Upload,0,0,false,0.003904000,7,7,true
1185,2,PathTracing.Trace,0,0,false,0.673888000,7,7,true
1185,3,Ui.Overlay,0,0,false,0.025408000,7,7,true
1185,4,DLSS.RayReconstruction,1,1,false,1.838016000,7,7,true
1185,5,Present.Convert,1,1,false,0.045408000,7,7,true
1185,6,Present.CopyToSwapchain,1,2,true,0.022240000,7,7,true
1186,0,ASBuild.BuildTLAS,0,0,false,0.122752000,7,7,true
1186,1,LightPrepare.Upload,0,0,false,0.001792000,7,7,true
1186,2,PathTracing.Trace,0,0,false,0.800992000,7,7,true
1186,3,Ui.Overlay,0,0,false,0.012384000,7,7,true
1186,4,DLSS.RayReconstruction,1,1,false,0.997376000,7,7,true
1186,5,Present.Convert,1,1,false,0.047168000,7,7,true
1186,6,Present.CopyToSwapchain,1,2,true,0.023936000,7,7,true
1187,0,ASBuild.BuildTLAS,0,0,false,0.117632000,7,7,true
1187,1,LightPrepare.Upload,0,0,false,0.001984000,7,7,true
1187,2,PathTracing.Trace,0,0,false,1.035232000,7,7,true
1187,3,Ui.Overlay,0,0,false,0.026720000,7,7,true
1187,4,DLSS.RayReconstruction,1,1,false,1.433152000,7,7,true
1187,5,Present.Convert,1,1,false,0.045152000,7,7,true
1187,6,Present.CopyToSwapchain,1,2,true,0.024224000,7,7,true
1188,0,ASBuild.BuildTLAS,0,0,false,0.105088000,7,7,true
1188,1,LightPrepare.Upload,0,0,false,0.001632000,7,7,true
1188,2,PathTracing.Trace,0,0,false,0.571808000,7,7,true
1188,3,Ui.Overlay,0,0,false,0.012448000,7,7,true
1188,4,DLSS.RayReconstruction,1,1,false,0.999008000,7,7,true
1188,5,Present.Convert,1,1,false,0.045056000,7,7,true
1188,6,Present.CopyToSwapchain,1,2,true,0.023712000,7,7,true
1189,0,ASBuild.BuildTLAS,0,0,false,0.126560000,7,7,true
1189,1,LightPrepare.Upload,0,0,false,0.002016000,7,7,true
1189,2,PathTracing.Trace,0,0,false,0.675776000,7,7,true
1189,3,Ui.Overlay,0,0,false,0.021504000,7,7,true
1189,4,DLSS.RayReconstruction,1,1,false,1.508576000,7,7,true
1189,5,Present.Convert,1,1,false,0.065792000,7,7,true
1189,6,Present.CopyToSwapchain,1,2,true,0.252832000,7,7,true
1190,0,ASBuild.BuildTLAS,0,0,false,0.140448000,7,7,true
1190,1,LightPrepare.Upload,0,0,false,0.002144000,7,7,true
1190,2,PathTracing.Trace,0,0,false,0.671552000,7,7,true
1190,3,Ui.Overlay,0,0,false,0.028896000,7,7,true
1190,4,DLSS.RayReconstruction,1,1,false,2.066016000,7,7,true
1190,5,Present.Convert,1,1,false,0.055040000,7,7,true
1190,6,Present.CopyToSwapchain,1,2,true,0.023264000,7,7,true
1191,0,ASBuild.BuildTLAS,0,0,false,0.130688000,7,7,true
1191,1,LightPrepare.Upload,0,0,false,0.002240000,7,7,true
1191,2,PathTracing.Trace,0,0,false,0.939712000,7,7,true
1191,3,Ui.Overlay,0,0,false,0.024960000,7,7,true
1191,4,DLSS.RayReconstruction,1,1,false,1.001248000,7,7,true
1191,5,Present.Convert,1,1,false,0.049440000,7,7,true
1191,6,Present.CopyToSwapchain,1,2,true,0.226496000,7,7,true
1192,0,ASBuild.BuildTLAS,0,0,false,0.122944000,7,7,true
1192,1,LightPrepare.Upload,0,0,false,0.002144000,7,7,true
1192,2,PathTracing.Trace,0,0,false,1.063712000,7,7,true
1192,3,Ui.Overlay,0,0,false,0.016480000,7,7,true
1192,4,DLSS.RayReconstruction,1,1,false,0.998720000,7,7,true
1192,5,Present.Convert,1,1,false,0.045344000,7,7,true
1192,6,Present.CopyToSwapchain,1,2,true,0.022016000,7,7,true
1193,0,ASBuild.BuildTLAS,0,0,false,0.128960000,7,7,true
1193,1,LightPrepare.Upload,0,0,false,0.002112000,7,7,true
1193,2,PathTracing.Trace,0,0,false,0.593408000,7,7,true
1193,3,Ui.Overlay,0,0,false,0.012672000,7,7,true
1193,4,DLSS.RayReconstruction,1,1,false,1.510720000,7,7,true
1193,5,Present.Convert,1,1,false,0.045408000,7,7,true
1193,6,Present.CopyToSwapchain,1,2,true,0.022112000,7,7,true
1194,0,ASBuild.BuildTLAS,0,0,false,0.091456000,7,7,true
1194,1,LightPrepare.Upload,0,0,false,0.001664000,7,7,true
1194,2,PathTracing.Trace,0,0,false,0.569728000,7,7,true
1194,3,Ui.Overlay,0,0,false,0.012704000,7,7,true
1194,4,DLSS.RayReconstruction,1,1,false,1.374112000,7,7,true
1194,5,Present.Convert,1,1,false,0.423328000,7,7,true
1194,6,Present.CopyToSwapchain,1,2,true,0.046464000,7,7,true
1195,0,ASBuild.BuildTLAS,0,0,false,0.134432000,7,7,true
1195,1,LightPrepare.Upload,0,0,false,0.002784000,7,7,true
1195,2,PathTracing.Trace,0,0,false,0.693440000,7,7,true
1195,3,Ui.Overlay,0,0,false,0.031616000,7,7,true
1195,4,DLSS.RayReconstruction,1,1,false,1.478400000,7,7,true
1195,5,Present.Convert,1,1,false,0.057504000,7,7,true
1195,6,Present.CopyToSwapchain,1,2,true,0.023840000,7,7,true
1196,0,ASBuild.BuildTLAS,0,0,false,0.120192000,7,7,true
1196,1,LightPrepare.Upload,0,0,false,0.002208000,7,7,true
1196,2,PathTracing.Trace,0,0,false,0.665216000,7,7,true
1196,3,Ui.Overlay,0,0,false,0.012448000,7,7,true
1196,4,DLSS.RayReconstruction,1,1,false,1.957824000,7,7,true
1196,5,Present.Convert,1,1,false,0.048800000,7,7,true
1196,6,Present.CopyToSwapchain,1,2,true,0.023680000,7,7,true
1197,0,ASBuild.BuildTLAS,0,0,false,0.126368000,7,7,true
1197,1,LightPrepare.Upload,0,0,false,0.006176000,7,7,true
1197,2,PathTracing.Trace,0,0,false,0.733056000,7,7,true
1197,3,Ui.Overlay,0,0,false,0.013024000,7,7,true
1197,4,DLSS.RayReconstruction,1,1,false,0.985024000,7,7,true
1197,5,Present.Convert,1,1,false,0.045504000,7,7,true
1197,6,Present.CopyToSwapchain,1,2,true,0.022304000,7,7,true
1198,0,ASBuild.BuildTLAS,0,0,false,0.123808000,7,7,true
1198,1,LightPrepare.Upload,0,0,false,0.002016000,7,7,true
1198,2,PathTracing.Trace,0,0,false,0.980864000,7,7,true
1198,3,Ui.Overlay,0,0,false,0.025280000,7,7,true
1198,4,DLSS.RayReconstruction,1,1,false,2.316448000,7,7,true
1198,5,Present.Convert,1,1,false,0.045408000,7,7,true
1198,6,Present.CopyToSwapchain,1,2,true,0.024576000,7,7,true
1199,0,ASBuild.BuildTLAS,0,0,false,0.118688000,7,7,true
1199,1,LightPrepare.Upload,0,0,false,0.002144000,7,7,true
1199,2,PathTracing.Trace,0,0,false,0.982560000,7,7,true
1199,3,Ui.Overlay,0,0,false,0.037440000,7,7,true
1199,4,DLSS.RayReconstruction,1,1,false,0.990592000,7,7,true
1199,5,Present.Convert,1,1,false,0.087840000,7,7,true
1199,6,Present.CopyToSwapchain,1,2,true,0.328224000,7,7,true
1200,0,ASBuild.BuildTLAS,0,0,false,0.123104000,7,7,true
1200,1,LightPrepare.Upload,0,0,false,0.002080000,7,7,true
1200,2,PathTracing.Trace,0,0,false,0.640896000,7,7,true
1200,3,Ui.Overlay,0,0,false,0.030528000,7,7,true
1200,4,DLSS.RayReconstruction,1,1,false,1.800256000,7,7,true
1200,5,Present.Convert,1,1,false,0.045120000,7,7,true
1200,6,Present.CopyToSwapchain,1,2,true,0.024576000,7,7,true
1201,0,ASBuild.BuildTLAS,0,0,false,0.126560000,7,7,true
1201,1,LightPrepare.Upload,0,0,false,0.002944000,7,7,true
1201,2,PathTracing.Trace,0,0,false,0.609280000,7,7,true
1201,3,Ui.Overlay,0,0,false,0.012480000,7,7,true
1201,4,DLSS.RayReconstruction,1,1,false,0.990720000,7,7,true
1201,5,Present.Convert,1,1,false,0.063520000,7,7,true
1201,6,Present.CopyToSwapchain,1,2,true,0.240608000,7,7,true
1202,0,ASBuild.BuildTLAS,0,0,false,0.120192000,7,7,true
1202,1,LightPrepare.Upload,0,0,false,0.002144000,7,7,true
1202,2,PathTracing.Trace,0,0,false,0.681792000,7,7,true
1202,3,Ui.Overlay,0,0,false,0.030176000,7,7,true
1202,4,DLSS.RayReconstruction,1,1,false,2.072128000,7,7,true
1202,5,Present.Convert,1,1,false,0.196928000,7,7,true
1202,6,Present.CopyToSwapchain,1,2,true,0.022016000,7,7,true
1203,0,ASBuild.BuildTLAS,0,0,false,0.126624000,7,7,true
1203,1,LightPrepare.Upload,0,0,false,0.002112000,7,7,true
1203,2,PathTracing.Trace,0,0,false,0.599936000,7,7,true
1203,3,Ui.Overlay,0,0,false,0.012416000,7,7,true
1203,4,DLSS.RayReconstruction,1,1,false,0.990400000,7,7,true
1203,5,Present.Convert,1,1,false,0.047488000,7,7,true
1203,6,Present.CopyToSwapchain,1,2,true,0.177952000,7,7,true
1204,0,ASBuild.BuildTLAS,0,0,false,0.128288000,7,7,true
1204,1,LightPrepare.Upload,0,0,false,0.002432000,7,7,true
1204,2,PathTracing.Trace,0,0,false,1.068576000,7,7,true
1204,3,Ui.Overlay,0,0,false,0.030432000,7,7,true
1204,4,DLSS.RayReconstruction,1,1,false,1.820672000,7,7,true
1204,5,Present.Convert,1,1,false,0.047392000,7,7,true
1204,6,Present.CopyToSwapchain,1,2,true,0.024032000,7,7,true
1205,0,ASBuild.BuildTLAS,0,0,false,0.123168000,7,7,true
1205,1,LightPrepare.Upload,0,0,false,0.006400000,7,7,true
1205,2,PathTracing.Trace,0,0,false,0.592544000,7,7,true
1205,3,Ui.Overlay,0,0,false,0.012384000,7,7,true
1205,4,DLSS.RayReconstruction,1,1,false,0.990400000,7,7,true
1205,5,Present.Convert,1,1,false,0.045408000,7,7,true
1205,6,Present.CopyToSwapchain,1,2,true,0.021920000,7,7,true
1206,0,ASBuild.BuildTLAS,0,0,false,0.131168000,7,7,true
1206,1,LightPrepare.Upload,0,0,false,0.002240000,7,7,true
1206,2,PathTracing.Trace,0,0,false,0.739040000,7,7,true
1206,3,Ui.Overlay,0,0,false,0.021248000,7,7,true
1206,4,DLSS.RayReconstruction,1,1,false,2.378112000,7,7,true
1206,5,Present.Convert,1,1,false,0.045376000,7,7,true
1206,6,Present.CopyToSwapchain,1,2,true,0.024672000,7,7,true
1207,0,ASBuild.BuildTLAS,0,0,false,0.153888000,7,7,true
1207,1,LightPrepare.Upload,0,0,false,0.002112000,7,7,true
1207,2,PathTracing.Trace,0,0,false,1.134432000,7,7,true
1207,3,Ui.Overlay,0,0,false,0.012288000,7,7,true
1207,4,DLSS.RayReconstruction,1,1,false,1.002624000,7,7,true
1207,5,Present.Convert,1,1,false,0.112544000,7,7,true
1207,6,Present.CopyToSwapchain,1,2,true,0.336960000,7,7,true
1208,0,ASBuild.BuildTLAS,0,0,false,0.147328000,7,7,true
1208,1,LightPrepare.Upload,0,0,false,0.002080000,7,7,true
1208,2,PathTracing.Trace,0,0,false,0.692096000,7,7,true
1208,3,Ui.Overlay,0,0,false,0.019936000,7,7,true
1208,4,DLSS.RayReconstruction,1,1,false,2.058560000,7,7,true
1208,5,Present.Convert,1,1,false,0.049568000,7,7,true
1208,6,Present.CopyToSwapchain,1,2,true,0.025952000,7,7,true
1209,0,ASBuild.BuildTLAS,0,0,false,0.123456000,7,7,true
1209,1,LightPrepare.Upload,0,0,false,0.002368000,7,7,true
1209,2,PathTracing.Trace,0,0,false,0.605824000,7,7,true
1209,3,Ui.Overlay,0,0,false,0.012416000,7,7,true
1209,4,DLSS.RayReconstruction,1,1,false,0.999232000,7,7,true
1209,5,Present.Convert,1,1,false,0.045408000,7,7,true
1209,6,Present.CopyToSwapchain,1,2,true,0.022208000,7,7,true
1210,0,ASBuild.BuildTLAS,0,0,false,0.127808000,7,7,true
1210,1,LightPrepare.Upload,0,0,false,0.002048000,7,7,true
1210,2,PathTracing.Trace,0,0,false,1.065888000,7,7,true
1210,3,Ui.Overlay,0,0,false,0.019392000,7,7,true
1210,4,DLSS.RayReconstruction,1,1,false,2.325280000,7,7,true
1210,5,Present.Convert,1,1,false,0.065728000,7,7,true
1210,6,Present.CopyToSwapchain,1,2,true,0.024000000,7,7,true
1211,0,ASBuild.BuildTLAS,0,0,false,0.139136000,7,7,true
1211,1,LightPrepare.Upload,0,0,false,0.006112000,7,7,true
1211,2,PathTracing.Trace,0,0,false,1.160128000,7,7,true
1211,3,Ui.Overlay,0,0,false,0.014016000,7,7,true
1211,4,DLSS.RayReconstruction,1,1,false,1.010432000,7,7,true
1211,5,Present.Convert,1,1,false,0.045408000,7,7,true
1211,6,Present.CopyToSwapchain,1,2,true,0.023648000,7,7,true
1212,0,ASBuild.BuildTLAS,0,0,false,0.126688000,7,7,true
1212,1,LightPrepare.Upload,0,0,false,0.002336000,7,7,true
1212,2,PathTracing.Trace,0,0,false,0.654944000,7,7,true
1212,3,Ui.Overlay,0,0,false,0.011904000,7,7,true
1212,4,DLSS.RayReconstruction,1,1,false,1.541216000,7,7,true
1212,5,Present.Convert,1,1,false,0.045120000,7,7,true
1212,6,Present.CopyToSwapchain,1,2,true,0.023584000,7,7,true
1213,0,ASBuild.BuildTLAS,0,0,false,0.092064000,7,7,true
1213,1,LightPrepare.Upload,0,0,false,0.001792000,7,7,true
1213,2,PathTracing.Trace,0,0,false,0.583936000,7,7,true
1213,3,Ui.Overlay,0,0,false,0.012672000,7,7,true
1213,4,DLSS.RayReconstruction,1,1,false,1.004224000,7,7,true
1213,5,Present.Convert,1,1,false,0.049472000,7,7,true
1213,6,Present.CopyToSwapchain,1,2,true,0.021792000,7,7,true
1214,0,ASBuild.BuildTLAS,0,0,false,0.152384000,7,7,true
1214,1,LightPrepare.Upload,0,0,false,0.002080000,7,7,true
1214,2,PathTracing.Trace,0,0,false,0.763776000,7,7,true
1214,3,Ui.Overlay,0,0,false,0.015776000,7,7,true
1214,4,DLSS.RayReconstruction,1,1,false,1.486016000,7,7,true
1214,5,Present.Convert,1,1,false,0.045376000,7,7,true
1214,6,Present.CopyToSwapchain,1,2,true,0.024000000,7,7,true
1215,0,ASBuild.BuildTLAS,0,0,false,0.103136000,7,7,true
1215,1,LightPrepare.Upload,0,0,false,0.001600000,7,7,true
1215,2,PathTracing.Trace,0,0,false,0.557472000,7,7,true
1215,3,Ui.Overlay,0,0,false,0.012672000,7,7,true
1215,4,DLSS.RayReconstruction,1,1,false,0.999808000,7,7,true
1215,5,Present.Convert,1,1,false,0.045408000,7,7,true
1215,6,Present.CopyToSwapchain,1,2,true,0.023872000,7,7,true
1216,0,ASBuild.BuildTLAS,0,0,false,0.142560000,7,7,true
1216,1,LightPrepare.Upload,0,0,false,0.002144000,7,7,true
1216,2,PathTracing.Trace,0,0,false,0.661184000,7,7,true
1216,3,Ui.Overlay,0,0,false,0.032000000,7,7,true
1216,4,DLSS.RayReconstruction,1,1,false,1.860288000,7,7,true
1216,5,Present.Convert,1,1,false,0.045408000,7,7,true
1216,6,Present.CopyToSwapchain,1,2,true,0.027488000,7,7,true
1217,0,ASBuild.BuildTLAS,0,0,false,0.101152000,7,7,true
1217,1,LightPrepare.Upload,0,0,false,0.002048000,7,7,true
1217,2,PathTracing.Trace,0,0,false,1.033536000,7,7,true
1217,3,Ui.Overlay,0,0,false,0.027360000,7,7,true
1217,4,DLSS.RayReconstruction,1,1,false,2.643648000,7,7,true
1217,5,Present.Convert,1,1,false,0.046752000,7,7,true
1217,6,Present.CopyToSwapchain,1,2,true,0.023808000,7,7,true
1218,0,ASBuild.BuildTLAS,0,0,false,0.130944000,7,7,true
1218,1,LightPrepare.Upload,0,0,false,0.001600000,7,7,true
1218,2,PathTracing.Trace,0,0,false,1.191360000,7,7,true
1218,3,Ui.Overlay,0,0,false,0.014912000,7,7,true
1218,4,DLSS.RayReconstruction,1,1,false,0.998720000,7,7,true
1218,5,Present.Convert,1,1,false,0.047392000,7,7,true
1218,6,Present.CopyToSwapchain,1,2,true,0.073216000,7,7,true
1219,0,ASBuild.BuildTLAS,0,0,false,0.123648000,7,7,true
1219,1,LightPrepare.Upload,0,0,false,0.002432000,7,7,true
1219,2,PathTracing.Trace,0,0,false,1.227296000,7,7,true
1219,3,Ui.Overlay,0,0,false,0.020672000,7,7,true
1219,4,DLSS.RayReconstruction,1,1,false,1.889216000,7,7,true
1219,5,Present.Convert,1,1,false,0.063168000,7,7,true
1219,6,Present.CopyToSwapchain,1,2,true,0.024000000,7,7,true
1220,0,ASBuild.BuildTLAS,0,0,false,0.129440000,7,7,true
1220,1,LightPrepare.Upload,0,0,false,0.002560000,7,7,true
1220,2,PathTracing.Trace,0,0,false,0.608768000,7,7,true
1220,3,Ui.Overlay,0,0,false,0.012288000,7,7,true
1220,4,DLSS.RayReconstruction,1,1,false,1.004832000,7,7,true
1220,5,Present.Convert,1,1,false,0.049504000,7,7,true
1220,6,Present.CopyToSwapchain,1,2,true,0.156608000,7,7,true
1221,0,ASBuild.BuildTLAS,0,0,false,0.128000000,7,7,true
1221,1,LightPrepare.Upload,0,0,false,0.002080000,7,7,true
1221,2,PathTracing.Trace,0,0,false,1.137760000,7,7,true
1221,3,Ui.Overlay,0,0,false,0.018016000,7,7,true
1221,4,DLSS.RayReconstruction,1,1,false,1.784896000,7,7,true
1221,5,Present.Convert,1,1,false,0.045216000,7,7,true
1221,6,Present.CopyToSwapchain,1,2,true,0.023776000,7,7,true
1222,0,ASBuild.BuildTLAS,0,0,false,0.127136000,7,7,true
1222,1,LightPrepare.Upload,0,0,false,0.002208000,7,7,true
1222,2,PathTracing.Trace,0,0,false,0.585472000,7,7,true
1222,3,Ui.Overlay,0,0,false,0.012416000,7,7,true
1222,4,DLSS.RayReconstruction,1,1,false,1.468448000,7,7,true
1222,5,Present.Convert,1,1,false,0.064768000,7,7,true
1222,6,Present.CopyToSwapchain,1,2,true,0.023808000,7,7,true
1223,0,ASBuild.BuildTLAS,0,0,false,0.125984000,7,7,true
1223,1,LightPrepare.Upload,0,0,false,0.002112000,7,7,true
1223,2,PathTracing.Trace,0,0,false,0.954208000,7,7,true
1223,3,Ui.Overlay,0,0,false,0.030688000,7,7,true
1223,4,DLSS.RayReconstruction,1,1,false,1.992000000,7,7,true
1223,5,Present.Convert,1,1,false,0.063200000,7,7,true
1223,6,Present.CopyToSwapchain,1,2,true,0.023232000,7,7,true
1224,0,ASBuild.BuildTLAS,0,0,false,0.124768000,7,7,true
1224,1,LightPrepare.Upload,0,0,false,0.002080000,7,7,true
1224,2,PathTracing.Trace,0,0,false,0.676736000,7,7,true
1224,3,Ui.Overlay,0,0,false,0.012576000,7,7,true
1224,4,DLSS.RayReconstruction,1,1,false,0.988704000,7,7,true
1224,5,Present.Convert,1,1,false,0.047424000,7,7,true
1224,6,Present.CopyToSwapchain,1,2,true,0.021824000,7,7,true
1225,0,ASBuild.BuildTLAS,0,0,false,0.130816000,7,7,true
1225,1,LightPrepare.Upload,0,0,false,0.002080000,7,7,true
1225,2,PathTracing.Trace,0,0,false,0.953184000,7,7,true
1225,3,Ui.Overlay,0,0,false,0.013376000,7,7,true
1225,4,DLSS.RayReconstruction,1,1,false,1.797632000,7,7,true
1225,5,Present.Convert,1,1,false,0.045408000,7,7,true
1225,6,Present.CopyToSwapchain,1,2,true,0.024032000,7,7,true
1226,0,ASBuild.BuildTLAS,0,0,false,0.117056000,7,7,true
1226,1,LightPrepare.Upload,0,0,false,0.001760000,7,7,true
1226,2,PathTracing.Trace,0,0,false,0.587040000,7,7,true
1226,3,Ui.Overlay,0,0,false,0.012320000,7,7,true
1226,4,DLSS.RayReconstruction,1,1,false,1.014624000,7,7,true
1226,5,Present.Convert,1,1,false,0.391200000,7,7,true
1226,6,Present.CopyToSwapchain,1,2,true,0.124640000,7,7,true
1227,0,ASBuild.BuildTLAS,0,0,false,0.451552000,7,7,true
1227,1,LightPrepare.Upload,0,0,false,0.002176000,7,7,true
1227,2,PathTracing.Trace,0,0,false,0.689952000,7,7,true
1227,3,Ui.Overlay,0,0,false,0.028064000,7,7,true
1227,4,DLSS.RayReconstruction,1,1,false,1.786784000,7,7,true
1227,5,Present.Convert,1,1,false,0.045120000,7,7,true
1227,6,Present.CopyToSwapchain,1,2,true,0.024000000,7,7,true
1228,0,ASBuild.BuildTLAS,0,0,false,0.124960000,7,7,true
1228,1,LightPrepare.Upload,0,0,false,0.002112000,7,7,true
1228,2,PathTracing.Trace,0,0,false,0.647008000,7,7,true
1228,3,Ui.Overlay,0,0,false,0.012384000,7,7,true
1228,4,DLSS.RayReconstruction,1,1,false,0.988320000,7,7,true
1228,5,Present.Convert,1,1,false,0.049440000,7,7,true
1228,6,Present.CopyToSwapchain,1,2,true,0.021248000,7,7,true
1229,0,ASBuild.BuildTLAS,0,0,false,0.136992000,7,7,true
1229,1,LightPrepare.Upload,0,0,false,0.002112000,7,7,true
1229,2,PathTracing.Trace,0,0,false,0.706368000,7,7,true
1229,3,Ui.Overlay,0,0,false,0.031008000,7,7,true
1229,4,DLSS.RayReconstruction,1,1,false,1.954752000,7,7,true
1229,5,Present.Convert,1,1,false,0.046592000,7,7,true
1229,6,Present.CopyToSwapchain,1,2,true,0.024288000,7,7,true
1230,0,ASBuild.BuildTLAS,0,0,false,0.105856000,7,7,true
1230,1,LightPrepare.Upload,0,0,false,0.001696000,7,7,true
1230,2,PathTracing.Trace,0,0,false,0.566592000,7,7,true
1230,3,Ui.Overlay,0,0,false,0.012608000,7,7,true
1230,4,DLSS.RayReconstruction,1,1,false,0.986528000,7,7,true
1230,5,Present.Convert,1,1,false,0.047488000,7,7,true
1230,6,Present.CopyToSwapchain,1,2,true,0.023424000,7,7,true
1231,0,ASBuild.BuildTLAS,0,0,false,0.108224000,7,7,true
1231,1,LightPrepare.Upload,0,0,false,0.002592000,7,7,true
1231,2,PathTracing.Trace,0,0,false,0.667040000,7,7,true
1231,3,Ui.Overlay,0,0,false,0.018656000,7,7,true
1231,4,DLSS.RayReconstruction,1,1,false,1.949376000,7,7,true
1231,5,Present.Convert,1,1,false,0.049568000,7,7,true
1231,6,Present.CopyToSwapchain,1,2,true,0.023936000,7,7,true
1232,0,ASBuild.BuildTLAS,0,0,false,0.102144000,7,7,true
1232,1,LightPrepare.Upload,0,0,false,0.001664000,7,7,true
1232,2,PathTracing.Trace,0,0,false,0.622976000,7,7,true
1232,3,Ui.Overlay,0,0,false,0.012288000,7,7,true
1232,4,DLSS.RayReconstruction,1,1,false,1.015520000,7,7,true
1232,5,Present.Convert,1,1,false,0.045440000,7,7,true
1232,6,Present.CopyToSwapchain,1,2,true,0.023200000,7,7,true
1233,0,ASBuild.BuildTLAS,0,0,false,0.125984000,7,7,true
1233,1,LightPrepare.Upload,0,0,false,0.002112000,7,7,true
1233,2,PathTracing.Trace,0,0,false,0.784224000,7,7,true
1233,3,Ui.Overlay,0,0,false,0.020960000,7,7,true
1233,4,DLSS.RayReconstruction,1,1,false,1.828736000,7,7,true
1233,5,Present.Convert,1,1,false,0.046080000,7,7,true
1233,6,Present.CopyToSwapchain,1,2,true,0.025440000,7,7,true
1234,0,ASBuild.BuildTLAS,0,0,false,0.102368000,7,7,true
1234,1,LightPrepare.Upload,0,0,false,0.002048000,7,7,true
1234,2,PathTracing.Trace,0,0,false,1.060992000,7,7,true
1234,3,Ui.Overlay,0,0,false,0.026912000,7,7,true
1234,4,DLSS.RayReconstruction,1,1,false,1.539552000,7,7,true
1234,5,Present.Convert,1,1,false,0.045376000,7,7,true
1234,6,Present.CopyToSwapchain,1,2,true,0.024096000,7,7,true
1235,0,ASBuild.BuildTLAS,0,0,false,0.142560000,7,7,true
1235,1,LightPrepare.Upload,0,0,false,0.002432000,7,7,true
1235,2,PathTracing.Trace,0,0,false,0.716320000,7,7,true
1235,3,Ui.Overlay,0,0,false,0.027712000,7,7,true
1235,4,DLSS.RayReconstruction,1,1,false,2.554880000,7,7,true
1235,5,Present.Convert,1,1,false,0.055584000,7,7,true
1235,6,Present.CopyToSwapchain,1,2,true,0.022048000,7,7,true
1236,0,ASBuild.BuildTLAS,0,0,false,0.095520000,7,7,true
1236,1,LightPrepare.Upload,0,0,false,0.001920000,7,7,true
1236,2,PathTracing.Trace,0,0,false,1.203648000,7,7,true
1236,3,Ui.Overlay,0,0,false,0.029600000,7,7,true
1236,4,DLSS.RayReconstruction,1,1,false,1.015712000,7,7,true
1236,5,Present.Convert,1,1,false,0.049440000,7,7,true
1236,6,Present.CopyToSwapchain,1,2,true,0.212032000,7,7,true
1237,0,ASBuild.BuildTLAS,0,0,false,0.122464000,7,7,true
1237,1,LightPrepare.Upload,0,0,false,0.002144000,7,7,true
1237,2,PathTracing.Trace,0,0,false,0.669504000,7,7,true
1237,3,Ui.Overlay,0,0,false,0.018112000,7,7,true
1237,4,DLSS.RayReconstruction,1,1,false,1.773728000,7,7,true
1237,5,Present.Convert,1,1,false,0.050496000,7,7,true
1237,6,Present.CopyToSwapchain,1,2,true,0.023872000,7,7,true
1238,0,ASBuild.BuildTLAS,0,0,false,0.129888000,7,7,true
1238,1,LightPrepare.Upload,0,0,false,0.002048000,7,7,true
1238,2,PathTracing.Trace,0,0,false,0.599968000,7,7,true
1238,3,Ui.Overlay,0,0,false,0.012736000,7,7,true
1238,4,DLSS.RayReconstruction,1,1,false,1.017248000,7,7,true
1238,5,Present.Convert,1,1,false,0.049408000,7,7,true
1238,6,Present.CopyToSwapchain,1,2,true,0.189376000,7,7,true
1239,0,ASBuild.BuildTLAS,0,0,false,0.123232000,7,7,true
1239,1,LightPrepare.Upload,0,0,false,0.002464000,7,7,true
1239,2,PathTracing.Trace,0,0,false,0.710144000,7,7,true
1239,3,Ui.Overlay,0,0,false,0.029088000,7,7,true
1239,4,DLSS.RayReconstruction,1,1,false,1.972608000,7,7,true
1239,5,Present.Convert,1,1,false,0.047296000,7,7,true
1239,6,Present.CopyToSwapchain,1,2,true,0.025952000,7,7,true
1240,0,ASBuild.BuildTLAS,0,0,false,0.129664000,7,7,true
1240,1,LightPrepare.Upload,0,0,false,0.002112000,7,7,true
1240,2,PathTracing.Trace,0,0,false,0.589664000,7,7,true
1240,3,Ui.Overlay,0,0,false,0.012544000,7,7,true
1240,4,DLSS.RayReconstruction,1,1,false,1.015264000,7,7,true
1240,5,Present.Convert,1,1,false,0.157696000,7,7,true
1240,6,Present.CopyToSwapchain,1,2,true,0.372480000,7,7,true
1241,0,ASBuild.BuildTLAS,0,0,false,0.098016000,7,7,true
1241,1,LightPrepare.Upload,0,0,false,0.006176000,7,7,true
1241,2,PathTracing.Trace,0,0,false,0.736128000,7,7,true
1241,3,Ui.Overlay,0,0,false,0.028896000,7,7,true
1241,4,DLSS.RayReconstruction,1,1,false,1.497824000,7,7,true
1241,5,Present.Convert,1,1,false,0.045088000,7,7,true
1241,6,Present.CopyToSwapchain,1,2,true,0.024032000,7,7,true
1242,0,ASBuild.BuildTLAS,0,0,false,0.124448000,7,7,true
1242,1,LightPrepare.Upload,0,0,false,0.002272000,7,7,true
1242,2,PathTracing.Trace,0,0,false,0.671392000,7,7,true
1242,3,Ui.Overlay,0,0,false,0.012544000,7,7,true
1242,4,DLSS.RayReconstruction,1,1,false,1.011424000,7,7,true
1242,5,Present.Convert,1,1,false,0.045376000,7,7,true
1242,6,Present.CopyToSwapchain,1,2,true,0.024032000,7,7,true
1243,0,ASBuild.BuildTLAS,0,0,false,0.112480000,7,7,true
1243,1,LightPrepare.Upload,0,0,false,0.002048000,7,7,true
1243,2,PathTracing.Trace,0,0,false,0.665504000,7,7,true
1243,3,Ui.Overlay,0,0,false,0.022464000,7,7,true
1243,4,DLSS.RayReconstruction,1,1,false,1.450368000,7,7,true
1243,5,Present.Convert,1,1,false,0.045408000,7,7,true
1243,6,Present.CopyToSwapchain,1,2,true,0.023584000,7,7,true
1244,0,ASBuild.BuildTLAS,0,0,false,0.094592000,7,7,true
1244,1,LightPrepare.Upload,0,0,false,0.001568000,7,7,true
1244,2,PathTracing.Trace,0,0,false,0.576928000,7,7,true
1244,3,Ui.Overlay,0,0,false,0.012224000,7,7,true
1244,4,DLSS.RayReconstruction,1,1,false,1.012480000,7,7,true
1244,5,Present.Convert,1,1,false,0.049504000,7,7,true
1244,6,Present.CopyToSwapchain,1,2,true,0.021600000,7,7,true
1245,0,ASBuild.BuildTLAS,0,0,false,0.156032000,7,7,true
1245,1,LightPrepare.Upload,0,0,false,0.002144000,7,7,true
1245,2,PathTracing.Trace,0,0,false,0.692032000,7,7,true
1245,3,Ui.Overlay,0,0,false,0.021344000,7,7,true
1245,4,DLSS.RayReconstruction,1,1,false,1.810880000,7,7,true
1245,5,Present.Convert,1,1,false,0.045344000,7,7,true
1245,6,Present.CopyToSwapchain,1,2,true,0.023968000,7,7,true
1246,0,ASBuild.BuildTLAS,0,0,false,0.109056000,7,7,true
1246,1,LightPrepare.Upload,0,0,false,0.001600000,7,7,true
1246,2,PathTracing.Trace,0,0,false,0.574880000,7,7,true
1246,3,Ui.Overlay,0,0,false,0.012544000,7,7,true
1246,4,DLSS.RayReconstruction,1,1,false,1.005632000,7,7,true
1246,5,Present.Convert,1,1,false,0.045440000,7,7,true
1246,6,Present.CopyToSwapchain,1,2,true,0.026016000,7,7,true
1247,0,ASBuild.BuildTLAS,0,0,false,0.098944000,7,7,true
1247,1,LightPrepare.Upload,0,0,false,0.001984000,7,7,true
1247,2,PathTracing.Trace,0,0,false,0.737248000,7,7,true
1247,3,Ui.Overlay,0,0,false,0.021184000,7,7,true
1247,4,DLSS.RayReconstruction,1,1,false,1.849696000,7,7,true
1247,5,Present.Convert,1,1,false,0.170080000,7,7,true
1247,6,Present.CopyToSwapchain,1,2,true,0.353088000,7,7,true
1248,0,ASBuild.BuildTLAS,0,0,false,0.135136000,7,7,true
1248,1,LightPrepare.Upload,0,0,false,0.002784000,7,7,true
1248,2,PathTracing.Trace,0,0,false,1.156288000,7,7,true
1248,3,Ui.Overlay,0,0,false,0.030464000,7,7,true
1248,4,DLSS.RayReconstruction,1,1,false,1.011136000,7,7,true
1248,5,Present.Convert,1,1,false,0.045440000,7,7,true
1248,6,Present.CopyToSwapchain,1,2,true,0.024416000,7,7,true
1249,0,ASBuild.BuildTLAS,0,0,false,0.126272000,7,7,true
1249,1,LightPrepare.Upload,0,0,false,0.002272000,7,7,true
1249,2,PathTracing.Trace,0,0,false,0.787136000,7,7,true
1249,3,Ui.Overlay,0,0,false,0.012512000,7,7,true
1249,4,DLSS.RayReconstruction,1,1,false,1.490976000,7,7,true
1249,5,Present.Convert,1,1,false,0.045376000,7,7,true
1249,6,Present.CopyToSwapchain,1,2,true,0.021728000,7,7,true
1250,0,ASBuild.BuildTLAS,0,0,false,0.091968000,7,7,true
1250,1,LightPrepare.Upload,0,0,false,0.001632000,7,7,true
1250,2,PathTracing.Trace,0,0,false,0.605600000,7,7,true
1250,3,Ui.Overlay,0,0,false,0.012608000,7,7,true
1250,4,DLSS.RayReconstruction,1,1,false,1.008704000,7,7,true
1250,5,Present.Convert,1,1,false,0.047456000,7,7,true
1250,6,Present.CopyToSwapchain,1,2,true,0.025248000,7,7,true
1251,0,ASBuild.BuildTLAS,0,0,false,0.127360000,7,7,true
1251,1,LightPrepare.Upload,0,0,false,0.002080000,7,7,true
1251,2,PathTracing.Trace,0,0,false,0.671616000,7,7,true
1251,3,Ui.Overlay,0,0,false,0.012384000,7,7,true
1251,4,DLSS.RayReconstruction,1,1,false,1.490560000,7,7,true
1251,5,Present.Convert,1,1,false,0.045408000,7,7,true
1251,6,Present.CopyToSwapchain,1,2,true,0.022496000,7,7,true
1252,0,ASBuild.BuildTLAS,0,0,false,0.102944000,7,7,true
1252,1,LightPrepare.Upload,0,0,false,0.001568000,7,7,true
1252,2,PathTracing.Trace,0,0,false,0.586208000,7,7,true
1252,3,Ui.Overlay,0,0,false,0.012480000,7,7,true
1252,4,DLSS.RayReconstruction,1,1,false,1.003520000,7,7,true
1252,5,Present.Convert,1,1,false,0.045376000,7,7,true
1252,6,Present.CopyToSwapchain,1,2,true,0.024480000,7,7,true
1253,0,ASBuild.BuildTLAS,0,0,false,0.115104000,7,7,true
1253,1,LightPrepare.Upload,0,0,false,0.002880000,7,7,true
1253,2,PathTracing.Trace,0,0,false,0.713824000,7,7,true
1253,3,Ui.Overlay,0,0,false,0.019232000,7,7,true
1253,4,DLSS.RayReconstruction,1,1,false,1.550048000,7,7,true
1253,5,Present.Convert,1,1,false,0.047456000,7,7,true
1253,6,Present.CopyToSwapchain,1,2,true,0.024928000,7,7,true
1254,0,ASBuild.BuildTLAS,0,0,false,0.120992000,7,7,true
1254,1,LightPrepare.Upload,0,0,false,0.002112000,7,7,true
1254,2,PathTracing.Trace,0,0,false,0.710496000,7,7,true
1254,3,Ui.Overlay,0,0,false,0.024960000,7,7,true
1254,4,DLSS.RayReconstruction,1,1,false,1.385216000,7,7,true
1254,5,Present.Convert,1,1,false,0.047392000,7,7,true
1254,6,Present.CopyToSwapchain,1,2,true,0.124640000,7,7,true
1255,0,ASBuild.BuildTLAS,0,0,false,0.103584000,7,7,true
1255,1,LightPrepare.Upload,0,0,false,0.001792000,7,7,true
1255,2,PathTracing.Trace,0,0,false,0.928000000,7,7,true
1255,3,Ui.Overlay,0,0,false,0.024096000,7,7,true
1255,4,DLSS.RayReconstruction,1,1,false,1.482752000,7,7,true
1255,5,Present.Convert,1,1,false,0.045408000,7,7,true
1255,6,Present.CopyToSwapchain,1,2,true,0.023392000,7,7,true
1256,0,ASBuild.BuildTLAS,0,0,false,0.130400000,7,7,true
1256,1,LightPrepare.Upload,0,0,false,0.006752000,7,7,true
1256,2,PathTracing.Trace,0,0,false,1.401984000,7,7,true
1256,3,Ui.Overlay,0,0,false,0.016736000,7,7,true
1256,4,DLSS.RayReconstruction,1,1,false,0.996064000,7,7,true
1256,5,Present.Convert,1,1,false,0.045440000,7,7,true
1256,6,Present.CopyToSwapchain,1,2,true,0.023904000,7,7,true
1257,0,ASBuild.BuildTLAS,0,0,false,0.132672000,7,7,true
1257,1,LightPrepare.Upload,0,0,false,0.002240000,7,7,true
1257,2,PathTracing.Trace,0,0,false,0.683776000,7,7,true
1257,3,Ui.Overlay,0,0,false,0.023040000,7,7,true
1257,4,DLSS.RayReconstruction,1,1,false,2.667040000,7,7,true
1257,5,Present.Convert,1,1,false,0.045312000,7,7,true
1257,6,Present.CopyToSwapchain,1,2,true,0.024160000,7,7,true
1258,0,ASBuild.BuildTLAS,0,0,false,0.117984000,7,7,true
1258,1,LightPrepare.Upload,0,0,false,0.002112000,7,7,true
1258,2,PathTracing.Trace,0,0,false,1.217344000,7,7,true
1258,3,Ui.Overlay,0,0,false,0.012448000,7,7,true
1258,4,DLSS.RayReconstruction,1,1,false,1.291264000,7,7,true
1258,5,Present.Convert,1,1,false,0.050784000,7,7,true
1258,6,Present.CopyToSwapchain,1,2,true,0.022976000,7,7,true
1259,0,ASBuild.BuildTLAS,0,0,false,0.147520000,7,7,true
1259,1,LightPrepare.Upload,0,0,false,0.006816000,7,7,true
1259,2,PathTracing.Trace,0,0,false,0.851200000,7,7,true
1259,3,Ui.Overlay,0,0,false,0.020640000,7,7,true
1259,4,DLSS.RayReconstruction,1,1,false,1.482720000,7,7,true
1259,5,Present.Convert,1,1,false,0.045280000,7,7,true
1259,6,Present.CopyToSwapchain,1,2,true,0.024160000,7,7,true
1260,0,ASBuild.BuildTLAS,0,0,false,0.115232000,7,7,true
1260,1,LightPrepare.Upload,0,0,false,0.001792000,7,7,true
1260,2,PathTracing.Trace,0,0,false,0.610528000,7,7,true
1260,3,Ui.Overlay,0,0,false,0.012480000,7,7,true
1260,4,DLSS.RayReconstruction,1,1,false,1.815008000,7,7,true
1260,5,Present.Convert,1,1,false,0.045408000,7,7,true
1260,6,Present.CopyToSwapchain,1,2,true,0.023584000,7,7,true
1261,0,ASBuild.BuildTLAS,0,0,false,0.123136000,7,7,true
1261,1,LightPrepare.Upload,0,0,false,0.002144000,7,7,true
1261,2,PathTracing.Trace,0,0,false,0.722752000,7,7,true
1261,3,Ui.Overlay,0,0,false,0.022592000,7,7,true
1261,4,DLSS.RayReconstruction,1,1,false,0.994592000,7,7,true
1261,5,Present.Convert,1,1,false,0.116640000,7,7,true
1261,6,Present.CopyToSwapchain,1,2,true,0.359456000,7,7,true
1262,0,ASBuild.BuildTLAS,0,0,false,0.142080000,7,7,true
1262,1,LightPrepare.Upload,0,0,false,0.002080000,7,7,true
1262,2,PathTracing.Trace,0,0,false,0.638848000,7,7,true
1262,3,Ui.Overlay,0,0,false,0.021952000,7,7,true
1262,4,DLSS.RayReconstruction,1,1,false,1.792992000,7,7,true
1262,5,Present.Convert,1,1,false,0.047296000,7,7,true
1262,6,Present.CopyToSwapchain,1,2,true,0.023200000,7,7,true
1263,0,ASBuild.BuildTLAS,0,0,false,0.124416000,7,7,true
1263,1,LightPrepare.Upload,0,0,false,0.002144000,7,7,true
1263,2,PathTracing.Trace,0,0,false,0.622432000,7,7,true
1263,3,Ui.Overlay,0,0,false,0.012640000,7,7,true
1263,4,DLSS.RayReconstruction,1,1,false,0.988352000,7,7,true
1263,5,Present.Convert,1,1,false,0.047776000,7,7,true
1263,6,Present.CopyToSwapchain,1,2,true,0.023616000,7,7,true
1264,0,ASBuild.BuildTLAS,0,0,false,0.142688000,7,7,true
1264,1,LightPrepare.Upload,0,0,false,0.002176000,7,7,true
1264,2,PathTracing.Trace,0,0,false,0.755488000,7,7,true
1264,3,Ui.Overlay,0,0,false,0.022272000,7,7,true
1264,4,DLSS.RayReconstruction,1,1,false,2.051296000,7,7,true
1264,5,Present.Convert,1,1,false,0.052544000,7,7,true
1264,6,Present.CopyToSwapchain,1,2,true,0.024096000,7,7,true
1265,0,ASBuild.BuildTLAS,0,0,false,0.114528000,7,7,true
1265,1,LightPrepare.Upload,0,0,false,0.001824000,7,7,true
1265,2,PathTracing.Trace,0,0,false,0.597184000,7,7,true
1265,3,Ui.Overlay,0,0,false,0.012384000,7,7,true
1265,4,DLSS.RayReconstruction,1,1,false,0.986784000,7,7,true
1265,5,Present.Convert,1,1,false,0.045024000,7,7,true
1265,6,Present.CopyToSwapchain,1,2,true,0.023264000,7,7,true
1266,0,ASBuild.BuildTLAS,0,0,false,0.143392000,7,7,true
1266,1,LightPrepare.Upload,0,0,false,0.006272000,7,7,true
1266,2,PathTracing.Trace,0,0,false,0.673568000,7,7,true
1266,3,Ui.Overlay,0,0,false,0.015616000,7,7,true
1266,4,DLSS.RayReconstruction,1,1,false,2.567904000,7,7,true
1266,5,Present.Convert,1,1,false,0.056736000,7,7,true
1266,6,Present.CopyToSwapchain,1,2,true,0.022272000,7,7,true
1267,0,ASBuild.BuildTLAS,0,0,false,0.130304000,7,7,true
1267,1,LightPrepare.Upload,0,0,false,0.002144000,7,7,true
1267,2,PathTracing.Trace,0,0,false,1.051456000,7,7,true
1267,3,Ui.Overlay,0,0,false,0.019008000,7,7,true
1267,4,DLSS.RayReconstruction,1,1,false,1.011072000,7,7,true
1267,5,Present.Convert,1,1,false,0.045344000,7,7,true
1267,6,Present.CopyToSwapchain,1,2,true,0.026976000,7,7,true
1268,0,ASBuild.BuildTLAS,0,0,false,0.120000000,7,7,true
1268,1,LightPrepare.Upload,0,0,false,0.002112000,7,7,true
1268,2,PathTracing.Trace,0,0,false,0.869216000,7,7,true
1268,3,Ui.Overlay,0,0,false,0.016768000,7,7,true
1268,4,DLSS.RayReconstruction,1,1,false,1.504512000,7,7,true
1268,5,Present.Convert,1,1,false,0.045440000,7,7,true
1268,6,Present.CopyToSwapchain,1,2,true,0.023648000,7,7,true
1269,0,ASBuild.BuildTLAS,0,0,false,0.123744000,7,7,true
1269,1,LightPrepare.Upload,0,0,false,0.003072000,7,7,true
1269,2,PathTracing.Trace,0,0,false,0.579872000,7,7,true
1269,3,Ui.Overlay,0,0,false,0.012448000,7,7,true
1269,4,DLSS.RayReconstruction,1,1,false,1.000864000,7,7,true
1269,5,Present.Convert,1,1,false,0.045120000,7,7,true
1269,6,Present.CopyToSwapchain,1,2,true,0.026496000,7,7,true
1270,0,ASBuild.BuildTLAS,0,0,false,0.180416000,7,7,true
1270,1,LightPrepare.Upload,0,0,false,0.002016000,7,7,true
1270,2,PathTracing.Trace,0,0,false,0.737216000,7,7,true
1270,3,Ui.Overlay,0,0,false,0.029984000,7,7,true
1270,4,DLSS.RayReconstruction,1,1,false,1.835040000,7,7,true
1270,5,Present.Convert,1,1,false,0.047360000,7,7,true
1270,6,Present.CopyToSwapchain,1,2,true,0.023040000,7,7,true
1271,0,ASBuild.BuildTLAS,0,0,false,0.146048000,7,7,true
1271,1,LightPrepare.Upload,0,0,false,0.002432000,7,7,true
1271,2,PathTracing.Trace,0,0,false,1.101344000,7,7,true
1271,3,Ui.Overlay,0,0,false,0.030016000,7,7,true
1271,4,DLSS.RayReconstruction,1,1,false,1.366240000,7,7,true
1271,5,Present.Convert,1,1,false,0.045408000,7,7,true
1271,6,Present.CopyToSwapchain,1,2,true,0.023392000,7,7,true
1272,0,ASBuild.BuildTLAS,0,0,false,0.114176000,7,7,true
1272,1,LightPrepare.Upload,0,0,false,0.001600000,7,7,true
1272,2,PathTracing.Trace,0,0,false,0.986560000,7,7,true
1272,3,Ui.Overlay,0,0,false,0.053408000,7,7,true
1272,4,DLSS.RayReconstruction,1,1,false,1.531232000,7,7,true
1272,5,Present.Convert,1,1,false,0.045344000,7,7,true
1272,6,Present.CopyToSwapchain,1,2,true,0.022080000,7,7,true
1273,0,ASBuild.BuildTLAS,0,0,false,0.090784000,7,7,true
1273,1,LightPrepare.Upload,0,0,false,0.001600000,7,7,true
1273,2,PathTracing.Trace,0,0,false,0.571776000,7,7,true
1273,3,Ui.Overlay,0,0,false,0.012416000,7,7,true
1273,4,DLSS.RayReconstruction,1,1,false,1.003072000,7,7,true
1273,5,Present.Convert,1,1,false,0.045248000,7,7,true
1273,6,Present.CopyToSwapchain,1,2,true,0.023648000,7,7,true
1274,0,ASBuild.BuildTLAS,0,0,false,0.117824000,7,7,true
1274,1,LightPrepare.Upload,0,0,false,0.002176000,7,7,true
1274,2,PathTracing.Trace,0,0,false,0.749344000,7,7,true
1274,3,Ui.Overlay,0,0,false,0.014368000,7,7,true
1274,4,DLSS.RayReconstruction,1,1,false,1.729888000,7,7,true
1274,5,Present.Convert,1,1,false,0.045408000,7,7,true
1274,6,Present.CopyToSwapchain,1,2,true,0.023264000,7,7,true
1275,0,ASBuild.BuildTLAS,0,0,false,0.147680000,7,7,true
1275,1,LightPrepare.Upload,0,0,false,0.002752000,7,7,true
1275,2,PathTracing.Trace,0,0,false,0.701664000,7,7,true
1275,3,Ui.Overlay,0,0,false,0.022400000,7,7,true
1275,4,DLSS.RayReconstruction,1,1,false,1.999392000,7,7,true
1275,5,Present.Convert,1,1,false,0.045184000,7,7,true
1275,6,Present.CopyToSwapchain,1,2,true,0.024480000,7,7,true
1276,0,ASBuild.BuildTLAS,0,0,false,0.093088000,7,7,true
1276,1,LightPrepare.Upload,0,0,false,0.001568000,7,7,true
1276,2,PathTracing.Trace,0,0,false,0.596448000,7,7,true
1276,3,Ui.Overlay,0,0,false,0.012384000,7,7,true
1276,4,DLSS.RayReconstruction,1,1,false,0.997216000,7,7,true
1276,5,Present.Convert,1,1,false,0.045024000,7,7,true
1276,6,Present.CopyToSwapchain,1,2,true,0.023904000,7,7,true
1277,0,ASBuild.BuildTLAS,0,0,false,0.093408000,7,7,true
1277,1,LightPrepare.Upload,0,0,false,0.003040000,7,7,true
1277,2,PathTracing.Trace,0,0,false,1.185632000,7,7,true
1277,3,Ui.Overlay,0,0,false,0.019008000,7,7,true
1277,4,DLSS.RayReconstruction,1,1,false,1.816512000,7,7,true
1277,5,Present.Convert,1,1,false,0.124192000,7,7,true
1277,6,Present.CopyToSwapchain,1,2,true,0.352896000,7,7,true
1278,0,ASBuild.BuildTLAS,0,0,false,0.119968000,7,7,true
1278,1,LightPrepare.Upload,0,0,false,0.002048000,7,7,true
1278,2,PathTracing.Trace,0,0,false,0.728992000,7,7,true
1278,3,Ui.Overlay,0,0,false,0.031712000,7,7,true
1278,4,DLSS.RayReconstruction,1,1,false,1.478272000,7,7,true
1278,5,Present.Convert,1,1,false,0.051520000,7,7,true
1278,6,Present.CopyToSwapchain,1,2,true,0.023936000,7,7,true
1279,0,ASBuild.BuildTLAS,0,0,false,0.121120000,7,7,true
1279,1,LightPrepare.Upload,0,0,false,0.002272000,7,7,true
1279,2,PathTracing.Trace,0,0,false,0.982656000,7,7,true
1279,3,Ui.Overlay,0,0,false,0.019328000,7,7,true
1279,4,DLSS.RayReconstruction,1,1,false,0.988992000,7,7,true
1279,5,Present.Convert,1,1,false,0.049536000,7,7,true
1279,6,Present.CopyToSwapchain,1,2,true,0.023424000,7,7,true
1280,0,ASBuild.BuildTLAS,0,0,false,0.124256000,7,7,true
1280,1,LightPrepare.Upload,0,0,false,0.002240000,7,7,true
1280,2,PathTracing.Trace,0,0,false,0.648928000,7,7,true
1280,3,Ui.Overlay,0,0,false,0.013152000,7,7,true
1280,4,DLSS.RayReconstruction,1,1,false,1.498432000,7,7,true
1280,5,Present.Convert,1,1,false,0.047456000,7,7,true
1280,6,Present.CopyToSwapchain,1,2,true,0.021760000,7,7,true
1281,0,ASBuild.BuildTLAS,0,0,false,0.113056000,7,7,true
1281,1,LightPrepare.Upload,0,0,false,0.001664000,7,7,true
1281,2,PathTracing.Trace,0,0,false,0.595328000,7,7,true
1281,3,Ui.Overlay,0,0,false,0.012896000,7,7,true
1281,4,DLSS.RayReconstruction,1,1,false,2.048128000,7,7,true
1281,5,Present.Convert,1,1,false,0.054944000,7,7,true
1281,6,Present.CopyToSwapchain,1,2,true,0.023968000,7,7,true
1282,0,ASBuild.BuildTLAS,0,0,false,0.123872000,7,7,true
1282,1,LightPrepare.Upload,0,0,false,0.002208000,7,7,true
1282,2,PathTracing.Trace,0,0,false,0.689856000,7,7,true
1282,3,Ui.Overlay,0,0,false,0.023424000,7,7,true
1282,4,DLSS.RayReconstruction,1,1,false,0.994688000,7,7,true
1282,5,Present.Convert,1,1,false,0.049408000,7,7,true
1282,6,Present.CopyToSwapchain,1,2,true,0.195584000,7,7,true
1283,0,ASBuild.BuildTLAS,0,0,false,0.129728000,7,7,true
1283,1,LightPrepare.Upload,0,0,false,0.002432000,7,7,true
1283,2,PathTracing.Trace,0,0,false,0.937504000,7,7,true
1283,3,Ui.Overlay,0,0,false,0.020160000,7,7,true
1283,4,DLSS.RayReconstruction,1,1,false,1.879520000,7,7,true
1283,5,Present.Convert,1,1,false,0.046720000,7,7,true
1283,6,Present.CopyToSwapchain,1,2,true,0.023712000,7,7,true
1284,0,ASBuild.BuildTLAS,0,0,false,0.126944000,7,7,true
1284,1,LightPrepare.Upload,0,0,false,0.002528000,7,7,true
1284,2,PathTracing.Trace,0,0,false,0.609728000,7,7,true
1284,3,Ui.Overlay,0,0,false,0.012608000,7,7,true
1284,4,DLSS.RayReconstruction,1,1,false,0.992768000,7,7,true
1284,5,Present.Convert,1,1,false,0.047424000,7,7,true
1284,6,Present.CopyToSwapchain,1,2,true,0.077376000,7,7,true
1285,0,ASBuild.BuildTLAS,0,0,false,0.137088000,7,7,true
1285,1,LightPrepare.Upload,0,0,false,0.002432000,7,7,true
1285,2,PathTracing.Trace,0,0,false,0.722432000,7,7,true
1285,3,Ui.Overlay,0,0,false,0.022304000,7,7,true
1285,4,DLSS.RayReconstruction,1,1,false,1.757984000,7,7,true
1285,5,Present.Convert,1,1,false,0.050496000,7,7,true
1285,6,Present.CopyToSwapchain,1,2,true,0.023744000,7,7,true
1286,0,ASBuild.BuildTLAS,0,0,false,0.121600000,7,7,true
1286,1,LightPrepare.Upload,0,0,false,0.001728000,7,7,true
1286,2,PathTracing.Trace,0,0,false,0.610624000,7,7,true
1286,3,Ui.Overlay,0,0,false,0.012512000,7,7,true
1286,4,DLSS.RayReconstruction,1,1,false,0.999648000,7,7,true
1286,5,Present.Convert,1,1,false,0.268384000,7,7,true
1286,6,Present.CopyToSwapchain,1,2,true,0.251552000,7,7,true
1287,0,ASBuild.BuildTLAS,0,0,false,0.130016000,7,7,true
1287,1,LightPrepare.Upload,0,0,false,0.002112000,7,7,true
1287,2,PathTracing.Trace,0,0,false,0.675680000,7,7,true
1287,3,Ui.Overlay,0,0,false,0.016224000,7,7,true
1287,4,DLSS.RayReconstruction,1,1,false,2.032800000,7,7,true
1287,5,Present.Convert,1,1,false,0.058688000,7,7,true
1287,6,Present.CopyToSwapchain,1,2,true,0.031840000,7,7,true
1288,0,ASBuild.BuildTLAS,0,0,false,0.125088000,7,7,true
1288,1,LightPrepare.Upload,0,0,false,0.002240000,7,7,true
1288,2,PathTracing.Trace,0,0,false,0.616160000,7,7,true
1288,3,Ui.Overlay,0,0,false,0.012384000,7,7,true
1288,4,DLSS.RayReconstruction,1,1,false,1.015680000,7,7,true
1288,5,Present.Convert,1,1,false,0.190496000,7,7,true
1288,6,Present.CopyToSwapchain,1,2,true,0.339488000,7,7,true
1289,0,ASBuild.BuildTLAS,0,0,false,0.125184000,7,7,true
1289,1,LightPrepare.Upload,0,0,false,0.002048000,7,7,true
1289,2,PathTracing.Trace,0,0,false,1.046528000,7,7,true
1289,3,Ui.Overlay,0,0,false,0.019072000,7,7,true
1289,4,DLSS.RayReconstruction,1,1,false,1.101728000,7,7,true
1289,5,Present.Convert,1,1,false,0.411616000,7,7,true
1289,6,Present.CopyToSwapchain,1,2,true,0.042240000,7,7,true
1290,0,ASBuild.BuildTLAS,0,0,false,0.127264000,7,7,true
1290,1,LightPrepare.Upload,0,0,false,0.002304000,7,7,true
1290,2,PathTracing.Trace,0,0,false,0.614048000,7,7,true
1290,3,Ui.Overlay,0,0,false,0.012352000,7,7,true
1290,4,DLSS.RayReconstruction,1,1,false,1.494656000,7,7,true
1290,5,Present.Convert,1,1,false,0.045376000,7,7,true
1290,6,Present.CopyToSwapchain,1,2,true,0.022336000,7,7,true
1291,0,ASBuild.BuildTLAS,0,0,false,0.123392000,7,7,true
1291,1,LightPrepare.Upload,0,0,false,0.002080000,7,7,true
1291,2,PathTracing.Trace,0,0,false,0.948096000,7,7,true
1291,3,Ui.Overlay,0,0,false,0.012672000,7,7,true
1291,4,DLSS.RayReconstruction,1,1,false,1.808640000,7,7,true
1291,5,Present.Convert,1,1,false,0.045440000,7,7,true
1291,6,Present.CopyToSwapchain,1,2,true,0.023680000,7,7,true
1292,0,ASBuild.BuildTLAS,0,0,false,0.125088000,7,7,true
1292,1,LightPrepare.Upload,0,0,false,0.002080000,7,7,true
1292,2,PathTracing.Trace,0,0,false,0.667520000,7,7,true
1292,3,Ui.Overlay,0,0,false,0.029760000,7,7,true
1292,4,DLSS.RayReconstruction,1,1,false,1.002784000,7,7,true
1292,5,Present.Convert,1,1,false,0.299104000,7,7,true
1292,6,Present.CopyToSwapchain,1,2,true,0.228960000,7,7,true
1293,0,ASBuild.BuildTLAS,0,0,false,0.126016000,7,7,true
1293,1,LightPrepare.Upload,0,0,false,0.002080000,7,7,true
1293,2,PathTracing.Trace,0,0,false,0.655232000,7,7,true
1293,3,Ui.Overlay,0,0,false,0.026688000,7,7,true
1293,4,DLSS.RayReconstruction,1,1,false,1.868736000,7,7,true
1293,5,Present.Convert,1,1,false,0.066048000,7,7,true
1293,6,Present.CopyToSwapchain,1,2,true,0.025760000,7,7,true
1294,0,ASBuild.BuildTLAS,0,0,false,0.126080000,7,7,true
1294,1,LightPrepare.Upload,0,0,false,0.002336000,7,7,true
1294,2,PathTracing.Trace,0,0,false,0.601696000,7,7,true
1294,3,Ui.Overlay,0,0,false,0.012192000,7,7,true
1294,4,DLSS.RayReconstruction,1,1,false,1.007200000,7,7,true
1294,5,Present.Convert,1,1,false,0.047424000,7,7,true
1294,6,Present.CopyToSwapchain,1,2,true,0.021920000,7,7,true
1295,0,ASBuild.BuildTLAS,0,0,false,0.126688000,7,7,true
1295,1,LightPrepare.Upload,0,0,false,0.002080000,7,7,true
1295,2,PathTracing.Trace,0,0,false,1.107840000,7,7,true
1295,3,Ui.Overlay,0,0,false,0.012352000,7,7,true
1295,4,DLSS.RayReconstruction,1,1,false,2.334304000,7,7,true
1295,5,Present.Convert,1,1,false,0.053504000,7,7,true
1295,6,Present.CopyToSwapchain,1,2,true,0.025728000,7,7,true
1296,0,ASBuild.BuildTLAS,0,0,false,0.135488000,7,7,true
1296,1,LightPrepare.Upload,0,0,false,0.002912000,7,7,true
1296,2,PathTracing.Trace,0,0,false,0.976960000,7,7,true
1296,3,Ui.Overlay,0,0,false,0.022240000,7,7,true
1296,4,DLSS.RayReconstruction,1,1,false,1.017248000,7,7,true
1296,5,Present.Convert,1,1,false,0.153856000,7,7,true
1296,6,Present.CopyToSwapchain,1,2,true,0.371008000,7,7,true
1297,0,ASBuild.BuildTLAS,0,0,false,0.127712000,7,7,true
1297,1,LightPrepare.Upload,0,0,false,0.002112000,7,7,true
1297,2,PathTracing.Trace,0,0,false,0.681792000,7,7,true
1297,3,Ui.Overlay,0,0,false,0.012000000,7,7,true
1297,4,DLSS.RayReconstruction,1,1,false,1.983584000,7,7,true
1297,5,Present.Convert,1,1,false,0.047808000,7,7,true
1297,6,Present.CopyToSwapchain,1,2,true,0.024448000,7,7,true
1298,0,ASBuild.BuildTLAS,0,0,false,0.121696000,7,7,true
1298,1,LightPrepare.Upload,0,0,false,0.002080000,7,7,true
1298,2,PathTracing.Trace,0,0,false,0.597888000,7,7,true
1298,3,Ui.Overlay,0,0,false,0.011968000,7,7,true
1298,4,DLSS.RayReconstruction,1,1,false,1.012640000,7,7,true
1298,5,Present.Convert,1,1,false,0.088032000,7,7,true
1298,6,Present.CopyToSwapchain,1,2,true,0.301504000,7,7,true
1299,0,ASBuild.BuildTLAS,0,0,false,0.122464000,7,7,true
1299,1,LightPrepare.Upload,0,0,false,0.002048000,7,7,true
1299,2,PathTracing.Trace,0,0,false,0.881568000,7,7,true
1299,3,Ui.Overlay,0,0,false,0.021792000,7,7,true
1299,4,DLSS.RayReconstruction,1,1,false,1.481984000,7,7,true
1299,5,Present.Convert,1,1,false,0.045408000,7,7,true
1299,6,Present.CopyToSwapchain,1,2,true,0.024288000,7,7,true
1300,0,ASBuild.BuildTLAS,0,0,false,0.129024000,7,7,true
1300,1,LightPrepare.Upload,0,0,false,0.002592000,7,7,true
1300,2,PathTracing.Trace,0,0,false,0.593248000,7,7,true
1300,3,Ui.Overlay,0,0,false,0.012320000,7,7,true
1300,4,DLSS.RayReconstruction,1,1,false,1.015616000,7,7,true
1300,5,Present.Convert,1,1,false,0.047328000,7,7,true
1300,6,Present.CopyToSwapchain,1,2,true,0.035072000,7,7,true
1301,0,ASBuild.BuildTLAS,0,0,false,0.103520000,7,7,true
1301,1,LightPrepare.Upload,0,0,false,0.002464000,7,7,true
1301,2,PathTracing.Trace,0,0,false,0.708128000,7,7,true
1301,3,Ui.Overlay,0,0,false,0.018464000,7,7,true
1301,4,DLSS.RayReconstruction,1,1,false,1.717344000,7,7,true
1301,5,Present.Convert,1,1,false,0.045344000,7,7,true
1301,6,Present.CopyToSwapchain,1,2,true,0.025952000,7,7,true
1302,0,ASBuild.BuildTLAS,0,0,false,0.120832000,7,7,true
1302,1,LightPrepare.Upload,0,0,false,0.002656000,7,7,true
1302,2,PathTracing.Trace,0,0,false,0.589120000,7,7,true
1302,3,Ui.Overlay,0,0,false,0.012576000,7,7,true
1302,4,DLSS.RayReconstruction,1,1,false,1.010752000,7,7,true
1302,5,Present.Convert,1,1,false,0.049472000,7,7,true
1302,6,Present.CopyToSwapchain,1,2,true,0.021728000,7,7,true
1303,0,ASBuild.BuildTLAS,0,0,false,0.124480000,7,7,true
1303,1,LightPrepare.Upload,0,0,false,0.002080000,7,7,true
1303,2,PathTracing.Trace,0,0,false,0.937856000,7,7,true
1303,3,Ui.Overlay,0,0,false,0.027680000,7,7,true
1303,4,DLSS.RayReconstruction,1,1,false,1.141280000,7,7,true
1303,5,Present.Convert,1,1,false,0.208320000,7,7,true
1303,6,Present.CopyToSwapchain,1,2,true,0.318112000,7,7,true
1304,0,ASBuild.BuildTLAS,0,0,false,0.116640000,7,7,true
1304,1,LightPrepare.Upload,0,0,false,0.001600000,7,7,true
1304,2,PathTracing.Trace,0,0,false,0.589248000,7,7,true
1304,3,Ui.Overlay,0,0,false,0.012544000,7,7,true
1304,4,DLSS.RayReconstruction,1,1,false,1.013472000,7,7,true
1304,5,Present.Convert,1,1,false,0.047296000,7,7,true
1304,6,Present.CopyToSwapchain,1,2,true,0.052352000,7,7,true
1305,0,ASBuild.BuildTLAS,0,0,false,0.125440000,7,7,true
1305,1,LightPrepare.Upload,0,0,false,0.001664000,7,7,true
1305,2,PathTracing.Trace,0,0,false,0.620896000,7,7,true
1305,3,Ui.Overlay,0,0,false,0.011968000,7,7,true
1305,4,DLSS.RayReconstruction,1,1,false,1.527616000,7,7,true
1305,5,Present.Convert,1,1,false,0.045440000,7,7,true
1305,6,Present.CopyToSwapchain,1,2,true,0.024512000,7,7,true
1306,0,ASBuild.BuildTLAS,0,0,false,0.126432000,7,7,true
1306,1,LightPrepare.Upload,0,0,false,0.002400000,7,7,true
1306,2,PathTracing.Trace,0,0,false,0.581216000,7,7,true
1306,3,Ui.Overlay,0,0,false,0.012672000,7,7,true
1306,4,DLSS.RayReconstruction,1,1,false,1.012928000,7,7,true
1306,5,Present.Convert,1,1,false,0.047328000,7,7,true
1306,6,Present.CopyToSwapchain,1,2,true,0.022720000,7,7,true
1307,0,ASBuild.BuildTLAS,0,0,false,0.136960000,7,7,true
1307,1,LightPrepare.Upload,0,0,false,0.002048000,7,7,true
1307,2,PathTracing.Trace,0,0,false,0.759712000,7,7,true
1307,3,Ui.Overlay,0,0,false,0.027520000,7,7,true
1307,4,DLSS.RayReconstruction,1,1,false,1.715872000,7,7,true
1307,5,Present.Convert,1,1,false,0.045440000,7,7,true
1307,6,Present.CopyToSwapchain,1,2,true,0.021568000,7,7,true
1308,0,ASBuild.BuildTLAS,0,0,false,0.118912000,7,7,true
1308,1,LightPrepare.Upload,0,0,false,0.001600000,7,7,true
1308,2,PathTracing.Trace,0,0,false,0.599488000,7,7,true
1308,3,Ui.Overlay,0,0,false,0.013376000,7,7,true
1308,4,DLSS.RayReconstruction,1,1,false,1.015904000,7,7,true
1308,5,Present.Convert,1,1,false,0.045376000,7,7,true
1308,6,Present.CopyToSwapchain,1,2,true,0.022656000,7,7,true
1309,0,ASBuild.BuildTLAS,0,0,false,0.144096000,7,7,true
1309,1,LightPrepare.Upload,0,0,false,0.001984000,7,7,true
1309,2,PathTracing.Trace,0,0,false,0.946144000,7,7,true
1309,3,Ui.Overlay,0,0,false,0.023168000,7,7,true
1309,4,DLSS.RayReconstruction,1,1,false,2.054592000,7,7,true
1309,5,Present.Convert,1,1,false,0.045376000,7,7,true
1309,6,Present.CopyToSwapchain,1,2,true,0.021664000,7,7,true
1310,0,ASBuild.BuildTLAS,0,0,false,0.121216000,7,7,true
1310,1,LightPrepare.Upload,0,0,false,0.002336000,7,7,true
1310,2,PathTracing.Trace,0,0,false,0.745088000,7,7,true
1310,3,Ui.Overlay,0,0,false,0.023488000,7,7,true
1310,4,DLSS.RayReconstruction,1,1,false,1.006912000,7,7,true
1310,5,Present.Convert,1,1,false,0.053600000,7,7,true
1310,6,Present.CopyToSwapchain,1,2,true,0.021280000,7,7,true
1311,0,ASBuild.BuildTLAS,0,0,false,0.117792000,7,7,true
1311,1,LightPrepare.Upload,0,0,false,0.002080000,7,7,true
1311,2,PathTracing.Trace,0,0,false,0.620416000,7,7,true
1311,3,Ui.Overlay,0,0,false,0.024768000,7,7,true
1311,4,DLSS.RayReconstruction,1,1,false,1.475744000,7,7,true
1311,5,Present.Convert,1,1,false,0.045216000,7,7,true
1311,6,Present.CopyToSwapchain,1,2,true,0.024448000,7,7,true
1312,0,ASBuild.BuildTLAS,0,0,false,0.113376000,7,7,true
1312,1,LightPrepare.Upload,0,0,false,0.001792000,7,7,true
1312,2,PathTracing.Trace,0,0,false,0.561376000,7,7,true
1312,3,Ui.Overlay,0,0,false,0.012672000,7,7,true
1312,4,DLSS.RayReconstruction,1,1,false,0.998624000,7,7,true
1312,5,Present.Convert,1,1,false,0.045440000,7,7,true
1312,6,Present.CopyToSwapchain,1,2,true,0.023936000,7,7,true
1313,0,ASBuild.BuildTLAS,0,0,false,0.166912000,7,7,true
1313,1,LightPrepare.Upload,0,0,false,0.002048000,7,7,true
1313,2,PathTracing.Trace,0,0,false,0.655296000,7,7,true
1313,3,Ui.Overlay,0,0,false,0.030304000,7,7,true
1313,4,DLSS.RayReconstruction,1,1,false,1.903936000,7,7,true
1313,5,Present.Convert,1,1,false,0.431360000,7,7,true
1313,6,Present.CopyToSwapchain,1,2,true,0.045376000,7,7,true
1314,0,ASBuild.BuildTLAS,0,0,false,0.353280000,7,7,true
1314,1,LightPrepare.Upload,0,0,false,0.006176000,7,7,true
1314,2,PathTracing.Trace,0,0,false,0.722848000,7,7,true
1314,3,Ui.Overlay,0,0,false,0.022976000,7,7,true
1314,4,DLSS.RayReconstruction,1,1,false,1.024064000,7,7,true
1314,5,Present.Convert,1,1,false,0.047392000,7,7,true
1314,6,Present.CopyToSwapchain,1,2,true,0.024000000,7,7,true
1315,0,ASBuild.BuildTLAS,0,0,false,0.129600000,7,7,true
1315,1,LightPrepare.Upload,0,0,false,0.002272000,7,7,true
1315,2,PathTracing.Trace,0,0,false,0.832576000,7,7,true
1315,3,Ui.Overlay,0,0,false,0.016768000,7,7,true
1315,4,DLSS.RayReconstruction,1,1,false,1.474560000,7,7,true
1315,5,Present.Convert,1,1,false,0.045280000,7,7,true
1315,6,Present.CopyToSwapchain,1,2,true,0.021856000,7,7,true
1316,0,ASBuild.BuildTLAS,0,0,false,0.124288000,7,7,true
1316,1,LightPrepare.Upload,0,0,false,0.001632000,7,7,true
1316,2,PathTracing.Trace,0,0,false,0.554400000,7,7,true
1316,3,Ui.Overlay,0,0,false,0.012768000,7,7,true
1316,4,DLSS.RayReconstruction,1,1,false,1.017888000,7,7,true
1316,5,Present.Convert,1,1,false,0.049472000,7,7,true
1316,6,Present.CopyToSwapchain,1,2,true,0.544928000,7,7,true
1317,0,ASBuild.BuildTLAS,0,0,false,0.123072000,7,7,true
1317,1,LightPrepare.Upload,0,0,false,0.001984000,7,7,true
1317,2,PathTracing.Trace,0,0,false,0.659392000,7,7,true
1317,3,Ui.Overlay,0,0,false,0.029600000,7,7,true
1317,4,DLSS.RayReconstruction,1,1,false,1.504960000,7,7,true
1317,5,Present.Convert,1,1,false,0.045440000,7,7,true
1317,6,Present.CopyToSwapchain,1,2,true,0.024416000,7,7,true
1318,0,ASBuild.BuildTLAS,0,0,false,0.130528000,7,7,true
1318,1,LightPrepare.Upload,0,0,false,0.002144000,7,7,true
1318,2,PathTracing.Trace,0,0,false,0.978720000,7,7,true
1318,3,Ui.Overlay,0,0,false,0.012640000,7,7,true
1318,4,DLSS.RayReconstruction,1,1,false,1.304448000,7,7,true
1318,5,Present.Convert,1,1,false,0.061056000,7,7,true
1318,6,Present.CopyToSwapchain,1,2,true,0.025760000,7,7,true
1319,0,ASBuild.BuildTLAS,0,0,false,0.116992000,7,7,true
1319,1,LightPrepare.Upload,0,0,false,0.002080000,7,7,true
1319,2,PathTracing.Trace,0,0,false,0.710560000,7,7,true
1319,3,Ui.Overlay,0,0,false,0.029536000,7,7,true
1319,4,DLSS.RayReconstruction,1,1,false,1.476288000,7,7,true
1319,5,Present.Convert,1,1,false,0.045472000,7,7,true
1319,6,Present.CopyToSwapchain,1,2,true,0.022944000,7,7,true
1320,0,ASBuild.BuildTLAS,0,0,false,0.136832000,7,7,true
1320,1,LightPrepare.Upload,0,0,false,0.001664000,7,7,true
1320,2,PathTracing.Trace,0,0,false,0.591232000,7,7,true
1320,3,Ui.Overlay,0,0,false,0.012672000,7,7,true
1320,4,DLSS.RayReconstruction,1,1,false,1.001376000,7,7,true
1320,5,Present.Convert,1,1,false,0.220288000,7,7,true
1320,6,Present.CopyToSwapchain,1,2,true,0.024320000,7,7,true
1321,0,ASBuild.BuildTLAS,0,0,false,0.139296000,7,7,true
1321,1,LightPrepare.Upload,0,0,false,0.002144000,7,7,true
1321,2,PathTracing.Trace,0,0,false,0.726848000,7,7,true
1321,3,Ui.Overlay,0,0,false,0.022848000,7,7,true
1321,4,DLSS.RayReconstruction,1,1,false,1.539776000,7,7,true
1321,5,Present.Convert,1,1,false,0.047520000,7,7,true
1321,6,Present.CopyToSwapchain,1,2,true,0.023904000,7,7,true
1322,0,ASBuild.BuildTLAS,0,0,false,0.118016000,7,7,true
1322,1,LightPrepare.Upload,0,0,false,0.002432000,7,7,true
1322,2,PathTracing.Trace,0,0,false,0.697888000,7,7,true
1322,3,Ui.Overlay,0,0,false,0.042784000,7,7,true
1322,4,DLSS.RayReconstruction,1,1,false,2.161312000,7,7,true
1322,5,Present.Convert,1,1,false,0.046752000,7,7,true
1322,6,Present.CopyToSwapchain,1,2,true,0.023840000,7,7,true
1323,0,ASBuild.BuildTLAS,0,0,false,0.105504000,7,7,true
1323,1,LightPrepare.Upload,0,0,false,0.001664000,7,7,true
1323,2,PathTracing.Trace,0,0,false,0.952704000,7,7,true
1323,3,Ui.Overlay,0,0,false,0.024352000,7,7,true
1323,4,DLSS.RayReconstruction,1,1,false,1.017696000,7,7,true
1323,5,Present.Convert,1,1,false,0.338016000,7,7,true
1323,6,Present.CopyToSwapchain,1,2,true,0.192736000,7,7,true
1324,0,ASBuild.BuildTLAS,0,0,false,0.128800000,7,7,true
1324,1,LightPrepare.Upload,0,0,false,0.002560000,7,7,true
1324,2,PathTracing.Trace,0,0,false,1.045920000,7,7,true
1324,3,Ui.Overlay,0,0,false,0.029856000,7,7,true
1324,4,DLSS.RayReconstruction,1,1,false,1.783456000,7,7,true
1324,5,Present.Convert,1,1,false,0.064128000,7,7,true
1324,6,Present.CopyToSwapchain,1,2,true,0.023936000,7,7,true
1325,0,ASBuild.BuildTLAS,0,0,false,0.128576000,7,7,true
1325,1,LightPrepare.Upload,0,0,false,0.002176000,7,7,true
1325,2,PathTracing.Trace,0,0,false,0.636704000,7,7,true
1325,3,Ui.Overlay,0,0,false,0.012512000,7,7,true
1325,4,DLSS.RayReconstruction,1,1,false,1.487008000,7,7,true
1325,5,Present.Convert,1,1,false,0.059520000,7,7,true
1325,6,Present.CopyToSwapchain,1,2,true,0.025088000,7,7,true
1326,0,ASBuild.BuildTLAS,0,0,false,0.125888000,7,7,true
1326,1,LightPrepare.Upload,0,0,false,0.002144000,7,7,true
1326,2,PathTracing.Trace,0,0,false,0.705344000,7,7,true
1326,3,Ui.Overlay,0,0,false,0.012384000,7,7,true
1326,4,DLSS.RayReconstruction,1,1,false,1.190752000,7,7,true
1326,5,Present.Convert,1,1,false,0.045408000,7,7,true
1326,6,Present.CopyToSwapchain,1,2,true,0.024224000,7,7,true
1327,0,ASBuild.BuildTLAS,0,0,false,0.129056000,7,7,true
1327,1,LightPrepare.Upload,0,0,false,0.002112000,7,7,true
1327,2,PathTracing.Trace,0,0,false,0.716640000,7,7,true
1327,3,Ui.Overlay,0,0,false,0.012736000,7,7,true
1327,4,DLSS.RayReconstruction,1,1,false,1.499168000,7,7,true
1327,5,Present.Convert,1,1,false,0.045344000,7,7,true
1327,6,Present.CopyToSwapchain,1,2,true,0.022208000,7,7,true
1328,0,ASBuild.BuildTLAS,0,0,false,0.095808000,7,7,true
1328,1,LightPrepare.Upload,0,0,false,0.001696000,7,7,true
1328,2,PathTracing.Trace,0,0,false,0.570720000,7,7,true
1328,3,Ui.Overlay,0,0,false,0.012704000,7,7,true
1328,4,DLSS.RayReconstruction,1,1,false,1.302176000,7,7,true
1328,5,Present.Convert,1,1,false,0.046720000,7,7,true
1328,6,Present.CopyToSwapchain,1,2,true,0.024352000,7,7,true
1329,0,ASBuild.BuildTLAS,0,0,false,0.116416000,7,7,true
1329,1,LightPrepare.Upload,0,0,false,0.002816000,7,7,true
1329,2,PathTracing.Trace,0,0,false,0.742560000,7,7,true
1329,3,Ui.Overlay,0,0,false,0.022208000,7,7,true
1329,4,DLSS.RayReconstruction,1,1,false,2.037248000,7,7,true
1329,5,Present.Convert,1,1,false,0.045248000,7,7,true
1329,6,Present.CopyToSwapchain,1,2,true,0.024608000,7,7,true
1330,0,ASBuild.BuildTLAS,0,0,false,0.122304000,7,7,true
1330,1,LightPrepare.Upload,0,0,false,0.002240000,7,7,true
1330,2,PathTracing.Trace,0,0,false,0.732864000,7,7,true
1330,3,Ui.Overlay,0,0,false,0.027200000,7,7,true
1330,4,DLSS.RayReconstruction,1,1,false,1.816736000,7,7,true
1330,5,Present.Convert,1,1,false,0.053600000,7,7,true
1330,6,Present.CopyToSwapchain,1,2,true,0.024640000,7,7,true
1331,0,ASBuild.BuildTLAS,0,0,false,0.135264000,7,7,true
1331,1,LightPrepare.Upload,0,0,false,0.002176000,7,7,true
1331,2,PathTracing.Trace,0,0,false,0.653088000,7,7,true
1331,3,Ui.Overlay,0,0,false,0.030080000,7,7,true
1331,4,DLSS.RayReconstruction,1,1,false,1.004928000,7,7,true
1331,5,Present.Convert,1,1,false,0.049184000,7,7,true
1331,6,Present.CopyToSwapchain,1,2,true,0.203008000,7,7,true
1332,0,ASBuild.BuildTLAS,0,0,false,0.127840000,7,7,true
1332,1,LightPrepare.Upload,0,0,false,0.002784000,7,7,true
1332,2,PathTracing.Trace,0,0,false,0.644384000,7,7,true
1332,3,Ui.Overlay,0,0,false,0.024640000,7,7,true
1332,4,DLSS.RayReconstruction,1,1,false,2.043584000,7,7,true
1332,5,Present.Convert,1,1,false,0.049568000,7,7,true
1332,6,Present.CopyToSwapchain,1,2,true,0.022560000,7,7,true
1333,0,ASBuild.BuildTLAS,0,0,false,0.132928000,7,7,true
1333,1,LightPrepare.Upload,0,0,false,0.002240000,7,7,true
1333,2,PathTracing.Trace,0,0,false,0.591584000,7,7,true
1333,3,Ui.Overlay,0,0,false,0.012416000,7,7,true
1333,4,DLSS.RayReconstruction,1,1,false,1.054208000,7,7,true
1333,5,Present.Convert,1,1,false,0.452128000,7,7,true
1333,6,Present.CopyToSwapchain,1,2,true,0.061920000,7,7,true
1334,0,ASBuild.BuildTLAS,0,0,false,0.133184000,7,7,true
1334,1,LightPrepare.Upload,0,0,false,0.002048000,7,7,true
1334,2,PathTracing.Trace,0,0,false,1.060768000,7,7,true
1334,3,Ui.Overlay,0,0,false,0.022144000,7,7,true
1334,4,DLSS.RayReconstruction,1,1,false,1.970528000,7,7,true
1334,5,Present.Convert,1,1,false,0.046784000,7,7,true
1334,6,Present.CopyToSwapchain,1,2,true,0.023296000,7,7,true
1335,0,ASBuild.BuildTLAS,0,0,false,0.126208000,7,7,true
1335,1,LightPrepare.Upload,0,0,false,0.002112000,7,7,true
1335,2,PathTracing.Trace,0,0,false,0.661344000,7,7,true
1335,3,Ui.Overlay,0,0,false,0.012768000,7,7,true
1335,4,DLSS.RayReconstruction,1,1,false,1.017856000,7,7,true
1335,5,Present.Convert,1,1,false,0.045248000,7,7,true
1335,6,Present.CopyToSwapchain,1,2,true,0.024448000,7,7,true
1336,0,ASBuild.BuildTLAS,0,0,false,0.133056000,7,7,true
1336,1,LightPrepare.Upload,0,0,false,0.002144000,7,7,true
1336,2,PathTracing.Trace,0,0,false,0.750368000,7,7,true
1336,3,Ui.Overlay,0,0,false,0.021664000,7,7,true
1336,4,DLSS.RayReconstruction,1,1,false,1.915680000,7,7,true
1336,5,Present.Convert,1,1,false,0.045216000,7,7,true
1336,6,Present.CopyToSwapchain,1,2,true,0.024576000,7,7,true
1337,0,ASBuild.BuildTLAS,0,0,false,0.144800000,7,7,true
1337,1,LightPrepare.Upload,0,0,false,0.005184000,7,7,true
1337,2,PathTracing.Trace,0,0,false,1.169248000,7,7,true
1337,3,Ui.Overlay,0,0,false,0.047328000,7,7,true
1337,4,DLSS.RayReconstruction,1,1,false,1.987168000,7,7,true
1337,5,Present.Convert,1,1,false,0.063648000,7,7,true
1337,6,Present.CopyToSwapchain,1,2,true,0.024544000,7,7,true
1338,0,ASBuild.BuildTLAS,0,0,false,0.286976000,7,7,true
1338,1,LightPrepare.Upload,0,0,false,0.002080000,7,7,true
1338,2,PathTracing.Trace,0,0,false,0.673344000,7,7,true
1338,3,Ui.Overlay,0,0,false,0.026208000,7,7,true
1338,4,DLSS.RayReconstruction,1,1,false,1.010912000,7,7,true
1338,5,Present.Convert,1,1,false,0.049504000,7,7,true
1338,6,Present.CopyToSwapchain,1,2,true,0.022528000,7,7,true
1339,0,ASBuild.BuildTLAS,0,0,false,0.124640000,7,7,true
1339,1,LightPrepare.Upload,0,0,false,0.002080000,7,7,true
1339,2,PathTracing.Trace,0,0,false,1.556640000,7,7,true
1339,3,Ui.Overlay,0,0,false,0.020128000,7,7,true
1339,4,DLSS.RayReconstruction,1,1,false,1.923040000,7,7,true
1339,5,Present.Convert,1,1,false,0.071008000,7,7,true
1339,6,Present.CopyToSwapchain,1,2,true,0.024256000,7,7,true
1340,0,ASBuild.BuildTLAS,0,0,false,0.113088000,7,7,true
1340,1,LightPrepare.Upload,0,0,false,0.001760000,7,7,true
1340,2,PathTracing.Trace,0,0,false,0.612640000,7,7,true
1340,3,Ui.Overlay,0,0,false,0.012480000,7,7,true
1340,4,DLSS.RayReconstruction,1,1,false,1.006912000,7,7,true
1340,5,Present.Convert,1,1,false,0.192608000,7,7,true
1340,6,Present.CopyToSwapchain,1,2,true,0.332576000,7,7,true
1341,0,ASBuild.BuildTLAS,0,0,false,0.121952000,7,7,true
1341,1,LightPrepare.Upload,0,0,false,0.002144000,7,7,true
1341,2,PathTracing.Trace,0,0,false,1.106880000,7,7,true
1341,3,Ui.Overlay,0,0,false,0.022592000,7,7,true
1341,4,DLSS.RayReconstruction,1,1,false,1.023488000,7,7,true
1341,5,Present.Convert,1,1,false,0.047168000,7,7,true
1341,6,Present.CopyToSwapchain,1,2,true,0.022784000,7,7,true
1342,0,ASBuild.BuildTLAS,0,0,false,0.125952000,7,7,true
1342,1,LightPrepare.Upload,0,0,false,0.002240000,7,7,true
1342,2,PathTracing.Trace,0,0,false,0.605920000,7,7,true
1342,3,Ui.Overlay,0,0,false,0.012480000,7,7,true
1342,4,DLSS.RayReconstruction,1,1,false,1.509056000,7,7,true
1342,5,Present.Convert,1,1,false,0.045344000,7,7,true
1342,6,Present.CopyToSwapchain,1,2,true,0.023680000,7,7,true
1343,0,ASBuild.BuildTLAS,0,0,false,0.113856000,7,7,true
1343,1,LightPrepare.Upload,0,0,false,0.001664000,7,7,true
1343,2,PathTracing.Trace,0,0,false,0.589184000,7,7,true
1343,3,Ui.Overlay,0,0,false,0.012544000,7,7,true
1343,4,DLSS.RayReconstruction,1,1,false,1.002432000,7,7,true
1343,5,Present.Convert,1,1,false,0.045184000,7,7,true
1343,6,Present.CopyToSwapchain,1,2,true,0.023936000,7,7,true
1344,0,ASBuild.BuildTLAS,0,0,false,0.141536000,7,7,true
1344,1,LightPrepare.Upload,0,0,false,0.002176000,7,7,true
1344,2,PathTracing.Trace,0,0,false,0.737024000,7,7,true
1344,3,Ui.Overlay,0,0,false,0.012512000,7,7,true
1344,4,DLSS.RayReconstruction,1,1,false,1.527136000,7,7,true
1344,5,Present.Convert,1,1,false,0.049472000,7,7,true
1344,6,Present.CopyToSwapchain,1,2,true,0.023424000,7,7,true
1345,0,ASBuild.BuildTLAS,0,0,false,0.122144000,7,7,true
1345,1,LightPrepare.Upload,0,0,false,0.002112000,7,7,true
1345,2,PathTracing.Trace,0,0,false,0.737120000,7,7,true
1345,3,Ui.Overlay,0,0,false,0.032032000,7,7,true
1345,4,DLSS.RayReconstruction,1,1,false,2.182560000,7,7,true
1345,5,Present.Convert,1,1,false,0.050848000,7,7,true
1345,6,Present.CopyToSwapchain,1,2,true,0.024832000,7,7,true
1346,0,ASBuild.BuildTLAS,0,0,false,0.114016000,7,7,true
1346,1,LightPrepare.Upload,0,0,false,0.001728000,7,7,true
1346,2,PathTracing.Trace,0,0,false,1.239360000,7,7,true
1346,3,Ui.Overlay,0,0,false,0.025920000,7,7,true
1346,4,DLSS.RayReconstruction,1,1,false,1.002272000,7,7,true
1346,5,Present.Convert,1,1,false,0.045376000,7,7,true
1346,6,Present.CopyToSwapchain,1,2,true,0.025536000,7,7,true
1347,0,ASBuild.BuildTLAS,0,0,false,0.117216000,7,7,true
1347,1,LightPrepare.Upload,0,0,false,0.006208000,7,7,true
1347,2,PathTracing.Trace,0,0,false,0.667584000,7,7,true
1347,3,Ui.Overlay,0,0,false,0.031488000,7,7,true
1347,4,DLSS.RayReconstruction,1,1,false,1.819552000,7,7,true
1347,5,Present.Convert,1,1,false,0.053472000,7,7,true
1347,6,Present.CopyToSwapchain,1,2,true,0.025312000,7,7,true
1348,0,ASBuild.BuildTLAS,0,0,false,0.135648000,7,7,true
1348,1,LightPrepare.Upload,0,0,false,0.002496000,7,7,true
1348,2,PathTracing.Trace,0,0,false,0.714208000,7,7,true
1348,3,Ui.Overlay,0,0,false,0.012576000,7,7,true
1348,4,DLSS.RayReconstruction,1,1,false,1.803264000,7,7,true
1348,5,Present.Convert,1,1,false,0.045376000,7,7,true
1348,6,Present.CopyToSwapchain,1,2,true,0.023424000,7,7,true
1349,0,ASBuild.BuildTLAS,0,0,false,0.134592000,7,7,true
1349,1,LightPrepare.Upload,0,0,false,0.002208000,7,7,true
1349,2,PathTracing.Trace,0,0,false,0.968448000,7,7,true
1349,3,Ui.Overlay,0,0,false,0.024640000,7,7,true
1349,4,DLSS.RayReconstruction,1,1,false,1.171648000,7,7,true
1349,5,Present.Convert,1,1,false,0.046752000,7,7,true
1349,6,Present.CopyToSwapchain,1,2,true,0.024832000,7,7,true
1350,0,ASBuild.BuildTLAS,0,0,false,0.094496000,7,7,true
1350,1,LightPrepare.Upload,0,0,false,0.002368000,7,7,true
1350,2,PathTracing.Trace,0,0,false,0.712288000,7,7,true
1350,3,Ui.Overlay,0,0,false,0.021088000,7,7,true
1350,4,DLSS.RayReconstruction,1,1,false,1.917824000,7,7,true
1350,5,Present.Convert,1,1,false,0.045440000,7,7,true
1350,6,Present.CopyToSwapchain,1,2,true,0.022464000,7,7,true
1351,0,ASBuild.BuildTLAS,0,0,false,0.154048000,7,7,true
1351,1,LightPrepare.Upload,0,0,false,0.002176000,7,7,true
1351,2,PathTracing.Trace,0,0,false,1.116960000,7,7,true
1351,3,Ui.Overlay,0,0,false,0.024160000,7,7,true
1351,4,DLSS.RayReconstruction,1,1,false,2.027008000,7,7,true
1351,5,Present.Convert,1,1,false,0.500704000,7,7,true
1351,6,Present.CopyToSwapchain,1,2,true,0.036384000,7,7,true
1352,0,ASBuild.BuildTLAS,0,0,false,0.149120000,7,7,true
1352,1,LightPrepare.Upload,0,0,false,0.002528000,7,7,true
1352,2,PathTracing.Trace,0,0,false,0.730560000,7,7,true
1352,3,Ui.Overlay,0,0,false,0.013696000,7,7,true
1352,4,DLSS.RayReconstruction,1,1,false,1.486432000,7,7,true
1352,5,Present.Convert,1,1,false,0.059584000,7,7,true
1352,6,Present.CopyToSwapchain,1,2,true,0.024928000,7,7,true
1353,0,ASBuild.BuildTLAS,0,0,false,0.125888000,7,7,true
1353,1,LightPrepare.Upload,0,0,false,0.009408000,7,7,true
1353,2,PathTracing.Trace,0,0,false,0.918240000,7,7,true
1353,3,Ui.Overlay,0,0,false,0.013024000,7,7,true
1353,4,DLSS.RayReconstruction,1,1,false,1.307424000,7,7,true
1353,5,Present.Convert,1,1,false,0.046400000,7,7,true
1353,6,Present.CopyToSwapchain,1,2,true,0.024416000,7,7,true
1354,0,ASBuild.BuildTLAS,0,0,false,0.126816000,7,7,true
1354,1,LightPrepare.Upload,0,0,false,0.002176000,7,7,true
1354,2,PathTracing.Trace,0,0,false,0.708352000,7,7,true
1354,3,Ui.Overlay,0,0,false,0.012640000,7,7,true
1354,4,DLSS.RayReconstruction,1,1,false,1.774496000,7,7,true
1354,5,Present.Convert,1,1,false,0.313344000,7,7,true
1354,6,Present.CopyToSwapchain,1,2,true,0.035232000,7,7,true
1355,0,ASBuild.BuildTLAS,0,0,false,0.117536000,7,7,true
1355,1,LightPrepare.Upload,0,0,false,0.002112000,7,7,true
1355,2,PathTracing.Trace,0,0,false,0.761696000,7,7,true
1355,3,Ui.Overlay,0,0,false,0.021120000,7,7,true
1355,4,DLSS.RayReconstruction,1,1,false,1.194496000,7,7,true
1355,5,Present.Convert,1,1,false,0.047136000,7,7,true
1355,6,Present.CopyToSwapchain,1,2,true,0.067712000,7,7,true
1356,0,ASBuild.BuildTLAS,0,0,false,0.128960000,7,7,true
1356,1,LightPrepare.Upload,0,0,false,0.002176000,7,7,true
1356,2,PathTracing.Trace,0,0,false,0.844480000,7,7,true
1356,3,Ui.Overlay,0,0,false,0.013888000,7,7,true
1356,4,DLSS.RayReconstruction,1,1,false,1.621824000,7,7,true
1356,5,Present.Convert,1,1,false,0.045184000,7,7,true
1356,6,Present.CopyToSwapchain,1,2,true,0.026208000,7,7,true
1357,0,ASBuild.BuildTLAS,0,0,false,0.125472000,7,7,true
1357,1,LightPrepare.Upload,0,0,false,0.001600000,7,7,true
1357,2,PathTracing.Trace,0,0,false,1.311168000,7,7,true
1357,3,Ui.Overlay,0,0,false,0.025504000,7,7,true
1357,4,DLSS.RayReconstruction,1,1,false,1.803424000,7,7,true
1357,5,Present.Convert,1,1,false,0.059488000,7,7,true
1357,6,Present.CopyToSwapchain,1,2,true,0.024704000,7,7,true
1358,0,ASBuild.BuildTLAS,0,0,false,0.114112000,7,7,true
1358,1,LightPrepare.Upload,0,0,false,0.001792000,7,7,true
1358,2,PathTracing.Trace,0,0,false,0.690560000,7,7,true
1358,3,Ui.Overlay,0,0,false,0.026240000,7,7,true
1358,4,DLSS.RayReconstruction,1,1,false,1.019136000,7,7,true
1358,5,Present.Convert,1,1,false,0.264544000,7,7,true
1358,6,Present.CopyToSwapchain,1,2,true,0.256832000,7,7,true
1359,0,ASBuild.BuildTLAS,0,0,false,0.125792000,7,7,true
1359,1,LightPrepare.Upload,0,0,false,0.002112000,7,7,true
1359,2,PathTracing.Trace,0,0,false,0.655200000,7,7,true
1359,3,Ui.Overlay,0,0,false,0.016640000,7,7,true
1359,4,DLSS.RayReconstruction,1,1,false,1.827968000,7,7,true
1359,5,Present.Convert,1,1,false,0.047392000,7,7,true
1359,6,Present.CopyToSwapchain,1,2,true,0.024256000,7,7,true
1360,0,ASBuild.BuildTLAS,0,0,false,0.125632000,7,7,true
1360,1,LightPrepare.Upload,0,0,false,0.002144000,7,7,true
1360,2,PathTracing.Trace,0,0,false,0.620320000,7,7,true
1360,3,Ui.Overlay,0,0,false,0.013088000,7,7,true
1360,4,DLSS.RayReconstruction,1,1,false,1.019200000,7,7,true
1360,5,Present.Convert,1,1,false,0.229696000,7,7,true
1360,6,Present.CopyToSwapchain,1,2,true,0.298336000,7,7,true
1361,0,ASBuild.BuildTLAS,0,0,false,0.127904000,7,7,true
1361,1,LightPrepare.Upload,0,0,false,0.002336000,7,7,true
1361,2,PathTracing.Trace,0,0,false,0.708224000,7,7,true
1361,3,Ui.Overlay,0,0,false,0.022112000,7,7,true
1361,4,DLSS.RayReconstruction,1,1,false,1.486656000,7,7,true
1361,5,Present.Convert,1,1,false,0.355616000,7,7,true
1361,6,Present.CopyToSwapchain,1,2,true,0.038720000,7,7,true
1362,0,ASBuild.BuildTLAS,0,0,false,0.129088000,7,7,true
1362,1,LightPrepare.Upload,0,0,false,0.002080000,7,7,true
1362,2,PathTracing.Trace,0,0,false,0.634752000,7,7,true
1362,3,Ui.Overlay,0,0,false,0.012928000,7,7,true
1362,4,DLSS.RayReconstruction,1,1,false,1.320448000,7,7,true
1362,5,Present.Convert,1,1,false,0.217056000,7,7,true
1362,6,Present.CopyToSwapchain,1,2,true,0.032544000,7,7,true
1363,0,ASBuild.BuildTLAS,0,0,false,0.414688000,7,7,true
1363,1,LightPrepare.Upload,0,0,false,0.002336000,7,7,true
1363,2,PathTracing.Trace,0,0,false,0.671360000,7,7,true
1363,3,Ui.Overlay,0,0,false,0.012800000,7,7,true
1363,4,DLSS.RayReconstruction,1,1,false,1.493152000,7,7,true
1363,5,Present.Convert,1,1,false,0.045280000,7,7,true
1363,6,Present.CopyToSwapchain,1,2,true,0.025792000,7,7,true
1364,0,ASBuild.BuildTLAS,0,0,false,0.127264000,7,7,true
1364,1,LightPrepare.Upload,0,0,false,0.002112000,7,7,true
1364,2,PathTracing.Trace,0,0,false,0.647008000,7,7,true
1364,3,Ui.Overlay,0,0,false,0.012640000,7,7,true
1364,4,DLSS.RayReconstruction,1,1,false,1.032128000,7,7,true
1364,5,Present.Convert,1,1,false,0.225120000,7,7,true
1364,6,Present.CopyToSwapchain,1,2,true,0.305728000,7,7,true
1365,0,ASBuild.BuildTLAS,0,0,false,0.126272000,7,7,true
1365,1,LightPrepare.Upload,0,0,false,0.002400000,7,7,true
1365,2,PathTracing.Trace,0,0,false,0.656928000,7,7,true
1365,3,Ui.Overlay,0,0,false,0.022048000,7,7,true
1365,4,DLSS.RayReconstruction,1,1,false,1.019520000,7,7,true
1365,5,Present.Convert,1,1,false,0.327648000,7,7,true
1365,6,Present.CopyToSwapchain,1,2,true,0.207520000,7,7,true
1366,0,ASBuild.BuildTLAS,0,0,false,0.127840000,7,7,true
1366,1,LightPrepare.Upload,0,0,false,0.001920000,7,7,true
1366,2,PathTracing.Trace,0,0,false,0.604256000,7,7,true
1366,3,Ui.Overlay,0,0,false,0.012864000,7,7,true
1366,4,DLSS.RayReconstruction,1,1,false,1.473984000,7,7,true
1366,5,Present.Convert,1,1,false,0.074016000,7,7,true
1366,6,Present.CopyToSwapchain,1,2,true,0.027296000,7,7,true
1367,0,ASBuild.BuildTLAS,0,0,false,0.129280000,7,7,true
1367,1,LightPrepare.Upload,0,0,false,0.002112000,7,7,true
1367,2,PathTracing.Trace,0,0,false,0.647008000,7,7,true
1367,3,Ui.Overlay,0,0,false,0.012928000,7,7,true
1367,4,DLSS.RayReconstruction,1,1,false,1.500224000,7,7,true
1367,5,Present.Convert,1,1,false,0.049280000,7,7,true
1367,6,Present.CopyToSwapchain,1,2,true,0.023936000,7,7,true
1368,0,ASBuild.BuildTLAS,0,0,false,0.126496000,7,7,true
1368,1,LightPrepare.Upload,0,0,false,0.002080000,7,7,true
1368,2,PathTracing.Trace,0,0,false,0.681856000,7,7,true
1368,3,Ui.Overlay,0,0,false,0.012288000,7,7,true
1368,4,DLSS.RayReconstruction,1,1,false,1.025568000,7,7,true
1368,5,Present.Convert,1,1,false,0.045408000,7,7,true
1368,6,Present.CopyToSwapchain,1,2,true,0.022816000,7,7,true
1369,0,ASBuild.BuildTLAS,0,0,false,0.128480000,7,7,true
1369,1,LightPrepare.Upload,0,0,false,0.002112000,7,7,true
1369,2,PathTracing.Trace,0,0,false,0.681824000,7,7,true
1369,3,Ui.Overlay,0,0,false,0.022368000,7,7,true
1369,4,DLSS.RayReconstruction,1,1,false,2.576384000,7,7,true
1369,5,Present.Convert,1,1,false,0.059008000,7,7,true
1369,6,Present.CopyToSwapchain,1,2,true,0.024000000,7,7,true
1370,0,ASBuild.BuildTLAS,0,0,false,0.143456000,7,7,true
1370,1,LightPrepare.Upload,0,0,false,0.002464000,7,7,true
1370,2,PathTracing.Trace,0,0,false,1.065472000,7,7,true
1370,3,Ui.Overlay,0,0,false,0.012608000,7,7,true
1370,4,DLSS.RayReconstruction,1,1,false,1.715520000,7,7,true
1370,5,Present.Convert,1,1,false,0.083488000,7,7,true
1370,6,Present.CopyToSwapchain,1,2,true,0.026336000,7,7,true
1371,0,ASBuild.BuildTLAS,0,0,false,0.129856000,7,7,true
1371,1,LightPrepare.Upload,0,0,false,0.002080000,7,7,true
1371,2,PathTracing.Trace,0,0,false,0.877440000,7,7,true
1371,3,Ui.Overlay,0,0,false,0.016704000,7,7,true
1371,4,DLSS.RayReconstruction,1,1,false,1.783808000,7,7,true
1371,5,Present.Convert,1,1,false,0.055488000,7,7,true
1371,6,Present.CopyToSwapchain,1,2,true,0.026432000,7,7,true
1372,0,ASBuild.BuildTLAS,0,0,false,0.127040000,7,7,true
1372,1,LightPrepare.Upload,0,0,false,0.002368000,7,7,true
1372,2,PathTracing.Trace,0,0,false,0.930368000,7,7,true
1372,3,Ui.Overlay,0,0,false,0.012800000,7,7,true
1372,4,DLSS.RayReconstruction,1,1,false,1.017280000,7,7,true
1372,5,Present.Convert,1,1,false,0.045472000,7,7,true
1372,6,Present.CopyToSwapchain,1,2,true,0.023456000,7,7,true
1373,0,ASBuild.BuildTLAS,0,0,false,0.128640000,7,7,true
1373,1,LightPrepare.Upload,0,0,false,0.002432000,7,7,true
1373,2,PathTracing.Trace,0,0,false,0.679456000,7,7,true
1373,3,Ui.Overlay,0,0,false,0.012672000,7,7,true
1373,4,DLSS.RayReconstruction,1,1,false,2.058080000,7,7,true
1373,5,Present.Convert,1,1,false,0.047264000,7,7,true
1373,6,Present.CopyToSwapchain,1,2,true,0.023584000,7,7,true
1374,0,ASBuild.BuildTLAS,0,0,false,0.121568000,7,7,true
1374,1,LightPrepare.Upload,0,0,false,0.002112000,7,7,true
1374,2,PathTracing.Trace,0,0,false,0.749408000,7,7,true
1374,3,Ui.Overlay,0,0,false,0.020000000,7,7,true
1374,4,DLSS.RayReconstruction,1,1,false,1.019840000,7,7,true
1374,5,Present.Convert,1,1,false,0.047392000,7,7,true
1374,6,Present.CopyToSwapchain,1,2,true,0.023840000,7,7,true
1375,0,ASBuild.BuildTLAS,0,0,false,0.126848000,7,7,true
1375,1,LightPrepare.Upload,0,0,false,0.002208000,7,7,true
1375,2,PathTracing.Trace,0,0,false,0.745216000,7,7,true
1375,3,Ui.Overlay,0,0,false,0.022656000,7,7,true
1375,4,DLSS.RayReconstruction,1,1,false,1.495200000,7,7,true
1375,5,Present.Convert,1,1,false,0.045344000,7,7,true
1375,6,Present.CopyToSwapchain,1,2,true,0.021952000,7,7,true
1376,0,ASBuild.BuildTLAS,0,0,false,0.120768000,7,7,true
1376,1,LightPrepare.Upload,0,0,false,0.001696000,7,7,true
1376,2,PathTracing.Trace,0,0,false,0.600416000,7,7,true
1376,3,Ui.Overlay,0,0,false,0.012864000,7,7,true
1376,4,DLSS.RayReconstruction,1,1,false,1.193696000,7,7,true
1376,5,Present.Convert,1,1,false,0.050784000,7,7,true
1376,6,Present.CopyToSwapchain,1,2,true,0.176640000,7,7,true
1377,0,ASBuild.BuildTLAS,0,0,false,0.144704000,7,7,true
1377,1,LightPrepare.Upload,0,0,false,0.002624000,7,7,true
1377,2,PathTracing.Trace,0,0,false,0.669024000,7,7,true
1377,3,Ui.Overlay,0,0,false,0.016160000,7,7,true
1377,4,DLSS.RayReconstruction,1,1,false,1.526272000,7,7,true
1377,5,Present.Convert,1,1,false,0.045376000,7,7,true
1377,6,Present.CopyToSwapchain,1,2,true,0.024224000,7,7,true
1378,0,ASBuild.BuildTLAS,0,0,false,0.131520000,7,7,true
1378,1,LightPrepare.Upload,0,0,false,0.002208000,7,7,true
1378,2,PathTracing.Trace,0,0,false,0.572928000,7,7,true
1378,3,Ui.Overlay,0,0,false,0.012640000,7,7,true
1378,4,DLSS.RayReconstruction,1,1,false,1.298432000,7,7,true
1378,5,Present.Convert,1,1,false,0.108128000,7,7,true
1378,6,Present.CopyToSwapchain,1,2,true,0.333152000,7,7,true
1379,0,ASBuild.BuildTLAS,0,0,false,0.097248000,7,7,true
1379,1,LightPrepare.Upload,0,0,false,0.006176000,7,7,true
1379,2,PathTracing.Trace,0,0,false,0.800672000,7,7,true
1379,3,Ui.Overlay,0,0,false,0.023488000,7,7,true
1379,4,DLSS.RayReconstruction,1,1,false,1.500416000,7,7,true
1379,5,Present.Convert,1,1,false,0.049120000,7,7,true
1379,6,Present.CopyToSwapchain,1,2,true,0.023680000,7,7,true
1380,0,ASBuild.BuildTLAS,0,0,false,0.133728000,7,7,true
1380,1,LightPrepare.Upload,0,0,false,0.002144000,7,7,true
1380,2,PathTracing.Trace,0,0,false,0.624448000,7,7,true
1380,3,Ui.Overlay,0,0,false,0.012864000,7,7,true
1380,4,DLSS.RayReconstruction,1,1,false,1.002816000,7,7,true
1380,5,Present.Convert,1,1,false,0.047488000,7,7,true
1380,6,Present.CopyToSwapchain,1,2,true,0.021856000,7,7,true
1381,0,ASBuild.BuildTLAS,0,0,false,0.128192000,7,7,true
1381,1,LightPrepare.Upload,0,0,false,0.002176000,7,7,true
1381,2,PathTracing.Trace,0,0,false,0.680000000,7,7,true
1381,3,Ui.Overlay,0,0,false,0.015072000,7,7,true
1381,4,DLSS.RayReconstruction,1,1,false,1.488224000,7,7,true
1381,5,Present.Convert,1,1,false,0.045408000,7,7,true
1381,6,Present.CopyToSwapchain,1,2,true,0.023808000,7,7,true
1382,0,ASBuild.BuildTLAS,0,0,false,0.107968000,7,7,true
1382,1,LightPrepare.Upload,0,0,false,0.001984000,7,7,true
1382,2,PathTracing.Trace,0,0,false,0.564288000,7,7,true
1382,3,Ui.Overlay,0,0,false,0.012768000,7,7,true
1382,4,DLSS.RayReconstruction,1,1,false,1.678208000,7,7,true
1382,5,Present.Convert,1,1,false,0.051456000,7,7,true
1382,6,Present.CopyToSwapchain,1,2,true,0.023424000,7,7,true
1383,0,ASBuild.BuildTLAS,0,0,false,0.123008000,7,7,true
1383,1,LightPrepare.Upload,0,0,false,0.006304000,7,7,true
1383,2,PathTracing.Trace,0,0,false,0.718688000,7,7,true
1383,3,Ui.Overlay,0,0,false,0.019616000,7,7,true
1383,4,DLSS.RayReconstruction,1,1,false,1.499104000,7,7,true
1383,5,Present.Convert,1,1,false,0.045376000,7,7,true
1383,6,Present.CopyToSwapchain,1,2,true,0.022112000,7,7,true
1384,0,ASBuild.BuildTLAS,0,0,false,0.130400000,7,7,true
1384,1,LightPrepare.Upload,0,0,false,0.002144000,7,7,true
1384,2,PathTracing.Trace,0,0,false,0.718656000,7,7,true
1384,3,Ui.Overlay,0,0,false,0.012640000,7,7,true
1384,4,DLSS.RayReconstruction,1,1,false,1.819808000,7,7,true
1384,5,Present.Convert,1,1,false,0.052416000,7,7,true
1384,6,Present.CopyToSwapchain,1,2,true,0.024864000,7,7,true
1385,0,ASBuild.BuildTLAS,0,0,false,0.129888000,7,7,true
1385,1,LightPrepare.Upload,0,0,false,0.002112000,7,7,true
1385,2,PathTracing.Trace,0,0,false,0.690016000,7,7,true
1385,3,Ui.Overlay,0,0,false,0.024480000,7,7,true
1385,4,DLSS.RayReconstruction,1,1,false,1.014784000,7,7,true
1385,5,Present.Convert,1,1,false,0.049376000,7,7,true
1385,6,Present.CopyToSwapchain,1,2,true,0.208832000,7,7,true
1386,0,ASBuild.BuildTLAS,0,0,false,0.113920000,7,7,true
1386,1,LightPrepare.Upload,0,0,false,0.002208000,7,7,true
1386,2,PathTracing.Trace,0,0,false,0.665344000,7,7,true
1386,3,Ui.Overlay,0,0,false,0.031648000,7,7,true
1386,4,DLSS.RayReconstruction,1,1,false,1.853376000,7,7,true
1386,5,Present.Convert,1,1,false,0.045344000,7,7,true
1386,6,Present.CopyToSwapchain,1,2,true,0.024448000,7,7,true
1387,0,ASBuild.BuildTLAS,0,0,false,0.127872000,7,7,true
1387,1,LightPrepare.Upload,0,0,false,0.002304000,7,7,true
1387,2,PathTracing.Trace,0,0,false,0.587424000,7,7,true
1387,3,Ui.Overlay,0,0,false,0.012576000,7,7,true
1387,4,DLSS.RayReconstruction,1,1,false,1.009760000,7,7,true
1387,5,Present.Convert,1,1,false,0.139200000,7,7,true
1387,6,Present.CopyToSwapchain,1,2,true,0.384576000,7,7,true
1388,0,ASBuild.BuildTLAS,0,0,false,0.443264000,7,7,true
1388,1,LightPrepare.Upload,0,0,false,0.002112000,7,7,true
1388,2,PathTracing.Trace,0,0,false,0.708416000,7,7,true
1388,3,Ui.Overlay,0,0,false,0.025120000,7,7,true
1388,4,DLSS.RayReconstruction,1,1,false,1.685504000,7,7,true
1388,5,Present.Convert,1,1,false,0.055456000,7,7,true
1388,6,Present.CopyToSwapchain,1,2,true,0.024544000,7,7,true
1389,0,ASBuild.BuildTLAS,0,0,false,0.127008000,7,7,true
1389,1,LightPrepare.Upload,0,0,false,0.002080000,7,7,true
1389,2,PathTracing.Trace,0,0,false,0.624512000,7,7,true
1389,3,Ui.Overlay,0,0,false,0.012928000,7,7,true
1389,4,DLSS.RayReconstruction,1,1,false,1.464384000,7,7,true
1389,5,Present.Convert,1,1,false,0.062752000,7,7,true
1389,6,Present.CopyToSwapchain,1,2,true,0.022208000,7,7,true
1390,0,ASBuild.BuildTLAS,0,0,false,0.130848000,7,7,true
1390,1,LightPrepare.Upload,0,0,false,0.002112000,7,7,true
1390,2,PathTracing.Trace,0,0,false,0.718688000,7,7,true
1390,3,Ui.Overlay,0,0,false,0.012416000,7,7,true
1390,4,DLSS.RayReconstruction,1,1,false,1.252896000,7,7,true
1390,5,Present.Convert,1,1,false,0.258080000,7,7,true
1390,6,Present.CopyToSwapchain,1,2,true,0.034336000,7,7,true
1391,0,ASBuild.BuildTLAS,0,0,false,0.125536000,7,7,true
1391,1,LightPrepare.Upload,0,0,false,0.002080000,7,7,true
1391,2,PathTracing.Trace,0,0,false,0.658304000,7,7,true
1391,3,Ui.Overlay,0,0,false,0.012992000,7,7,true
1391,4,DLSS.RayReconstruction,1,1,false,1.498688000,7,7,true
1391,5,Present.Convert,1,1,false,0.047456000,7,7,true
1391,6,Present.CopyToSwapchain,1,2,true,0.023456000,7,7,true
1392,0,ASBuild.BuildTLAS,0,0,false,0.127776000,7,7,true
1392,1,LightPrepare.Upload,0,0,false,0.002144000,7,7,true
1392,2,PathTracing.Trace,0,0,false,0.671552000,7,7,true
1392,3,Ui.Overlay,0,0,false,0.013056000,7,7,true
1392,4,DLSS.RayReconstruction,1,1,false,0.997408000,7,7,true
1392,5,Present.Convert,1,1,false,0.045376000,7,7,true
1392,6,Present.CopyToSwapchain,1,2,true,0.314528000,7,7,true
1393,0,ASBuild.BuildTLAS,0,0,false,0.121408000,7,7,true
1393,1,LightPrepare.Upload,0,0,false,0.002112000,7,7,true
1393,2,PathTracing.Trace,0,0,false,0.700256000,7,7,true
1393,3,Ui.Overlay,0,0,false,0.036928000,7,7,true
1393,4,DLSS.RayReconstruction,1,1,false,1.501344000,7,7,true
1393,5,Present.Convert,1,1,false,0.052448000,7,7,true
1393,6,Present.CopyToSwapchain,1,2,true,0.024416000,7,7,true
1394,0,ASBuild.BuildTLAS,0,0,false,0.126336000,7,7,true
1394,1,LightPrepare.Upload,0,0,false,0.002048000,7,7,true
1394,2,PathTracing.Trace,0,0,false,0.647040000,7,7,true
1394,3,Ui.Overlay,0,0,false,0.020960000,7,7,true
1394,4,DLSS.RayReconstruction,1,1,false,1.718080000,7,7,true
1394,5,Present.Convert,1,1,false,0.047328000,7,7,true
1394,6,Present.CopyToSwapchain,1,2,true,0.174848000,7,7,true
1395,0,ASBuild.BuildTLAS,0,0,false,0.144928000,7,7,true
1395,1,LightPrepare.Upload,0,0,false,0.002144000,7,7,true
1395,2,PathTracing.Trace,0,0,false,0.671552000,7,7,true
1395,3,Ui.Overlay,0,0,false,0.026496000,7,7,true
1395,4,DLSS.RayReconstruction,1,1,false,1.736480000,7,7,true
1395,5,Present.Convert,1,1,false,0.045408000,7,7,true
1395,6,Present.CopyToSwapchain,1,2,true,0.024384000,7,7,true
1396,0,ASBuild.BuildTLAS,0,0,false,0.131136000,7,7,true
1396,1,LightPrepare.Upload,0,0,false,0.002240000,7,7,true
1396,2,PathTracing.Trace,0,0,false,1.366752000,7,7,true
1396,3,Ui.Overlay,0,0,false,0.028864000,7,7,true
1396,4,DLSS.RayReconstruction,1,1,false,1.821120000,7,7,true
1396,5,Present.Convert,1,1,false,0.053536000,7,7,true
1396,6,Present.CopyToSwapchain,1,2,true,0.022656000,7,7,true
1397,0,ASBuild.BuildTLAS,0,0,false,0.124000000,7,7,true
1397,1,LightPrepare.Upload,0,0,false,0.006112000,7,7,true
1397,2,PathTracing.Trace,0,0,false,0.696160000,7,7,true
1397,3,Ui.Overlay,0,0,false,0.021344000,7,7,true
1397,4,DLSS.RayReconstruction,1,1,false,1.011840000,7,7,true
1397,5,Present.Convert,1,1,false,0.047424000,7,7,true
1397,6,Present.CopyToSwapchain,1,2,true,0.095552000,7,7,true
1398,0,ASBuild.BuildTLAS,0,0,false,0.126592000,7,7,true
1398,1,LightPrepare.Upload,0,0,false,0.002432000,7,7,true
1398,2,PathTracing.Trace,0,0,false,0.689664000,7,7,true
1398,3,Ui.Overlay,0,0,false,0.031360000,7,7,true
1398,4,DLSS.RayReconstruction,1,1,false,1.835712000,7,7,true
1398,5,Present.Convert,1,1,false,0.200384000,7,7,true
1398,6,Present.CopyToSwapchain,1,2,true,0.022176000,7,7,true
1399,0,ASBuild.BuildTLAS,0,0,false,0.123680000,7,7,true
1399,1,LightPrepare.Upload,0,0,false,0.002208000,7,7,true
1399,2,PathTracing.Trace,0,0,false,0.594432000,7,7,true
1399,3,Ui.Overlay,0,0,false,0.012512000,7,7,true
1399,4,DLSS.RayReconstruction,1,1,false,1.015104000,7,7,true
1399,5,Present.Convert,1,1,false,0.045472000,7,7,true
1399,6,Present.CopyToSwapchain,1,2,true,0.022080000,7,7,true
1400,0,ASBuild.BuildTLAS,0,0,false,0.385952000,7,7,true
1400,1,LightPrepare.Upload,0,0,false,0.002080000,7,7,true
1400,2,PathTracing.Trace,0,0,false,0.665472000,7,7,true
1400,3,Ui.Overlay,0,0,false,0.024736000,7,7,true
1400,4,DLSS.RayReconstruction,1,1,false,2.118816000,7,7,true
1400,5,Present.Convert,1,1,false,0.169408000,7,7,true
1400,6,Present.CopyToSwapchain,1,2,true,0.362176000,7,7,true
1401,0,ASBuild.BuildTLAS,0,0,false,0.115968000,7,7,true
1401,1,LightPrepare.Upload,0,0,false,0.002144000,7,7,true
1401,2,PathTracing.Trace,0,0,false,1.010496000,7,7,true
1401,3,Ui.Overlay,0,0,false,0.014208000,7,7,true
1401,4,DLSS.RayReconstruction,1,1,false,1.021088000,7,7,true
1401,5,Present.Convert,1,1,false,0.050464000,7,7,true
1401,6,Present.CopyToSwapchain,1,2,true,0.025664000,7,7,true
1402,0,ASBuild.BuildTLAS,0,0,false,0.125280000,7,7,true
1402,1,LightPrepare.Upload,0,0,false,0.002336000,7,7,true
1402,2,PathTracing.Trace,0,0,false,0.834176000,7,7,true
1402,3,Ui.Overlay,0,0,false,0.012960000,7,7,true
1402,4,DLSS.RayReconstruction,1,1,false,1.500608000,7,7,true
1402,5,Present.Convert,1,1,false,0.045184000,7,7,true
1402,6,Present.CopyToSwapchain,1,2,true,0.023488000,7,7,true
1403,0,ASBuild.BuildTLAS,0,0,false,0.104288000,7,7,true
1403,1,LightPrepare.Upload,0,0,false,0.001536000,7,7,true
1403,2,PathTracing.Trace,0,0,false,0.574976000,7,7,true
1403,3,Ui.Overlay,0,0,false,0.204576000,7,7,true
1403,4,DLSS.RayReconstruction,1,1,false,1.016928000,7,7,true
1403,5,Present.Convert,1,1,false,0.050592000,7,7,true
1403,6,Present.CopyToSwapchain,1,2,true,0.023840000,7,7,true
1404,0,ASBuild.BuildTLAS,0,0,false,0.100960000,7,7,true
1404,1,LightPrepare.Upload,0,0,false,0.006016000,7,7,true
1404,2,PathTracing.Trace,0,0,false,0.684064000,7,7,true
1404,3,Ui.Overlay,0,0,false,0.017152000,7,7,true
1404,4,DLSS.RayReconstruction,1,1,false,2.354304000,7,7,true
1404,5,Present.Convert,1,1,false,0.045376000,7,7,true
1404,6,Present.CopyToSwapchain,1,2,true,0.023296000,7,7,true
1405,0,ASBuild.BuildTLAS,0,0,false,0.166848000,7,7,true
1405,1,LightPrepare.Upload,0,0,false,0.002240000,7,7,true
1405,2,PathTracing.Trace,0,0,false,0.724704000,7,7,true
1405,3,Ui.Overlay,0,0,false,0.031872000,7,7,true
1405,4,DLSS.RayReconstruction,1,1,false,1.027936000,7,7,true
1405,5,Present.Convert,1,1,false,0.047008000,7,7,true
1405,6,Present.CopyToSwapchain,1,2,true,0.022176000,7,7,true
1406,0,ASBuild.BuildTLAS,0,0,false,0.129888000,7,7,true
1406,1,LightPrepare.Upload,0,0,false,0.001920000,7,7,true
1406,2,PathTracing.Trace,0,0,false,0.698368000,7,7,true
1406,3,Ui.Overlay,0,0,false,0.022496000,7,7,true
1406,4,DLSS.RayReconstruction,1,1,false,1.908800000,7,7,true
1406,5,Present.Convert,1,1,false,0.045376000,7,7,true
1406,6,Present.CopyToSwapchain,1,2,true,0.023264000,7,7,true
1407,0,ASBuild.BuildTLAS,0,0,false,0.127360000,7,7,true
1407,1,LightPrepare.Upload,0,0,false,0.010144000,7,7,true
1407,2,PathTracing.Trace,0,0,false,0.745440000,7,7,true
1407,3,Ui.Overlay,0,0,false,0.012544000,7,7,true
1407,4,DLSS.RayReconstruction,1,1,false,1.025120000,7,7,true
1407,5,Present.Convert,1,1,false,0.045376000,7,7,true
1407,6,Present.CopyToSwapchain,1,2,true,0.023360000,7,7,true
1408,0,ASBuild.BuildTLAS,0,0,false,0.125984000,7,7,true
1408,1,LightPrepare.Upload,0,0,false,0.001952000,7,7,true
1408,2,PathTracing.Trace,0,0,false,1.092608000,7,7,true
1408,3,Ui.Overlay,0,0,false,0.023968000,7,7,true
1408,4,DLSS.RayReconstruction,1,1,false,2.490336000,7,7,true
1408,5,Present.Convert,1,1,false,0.052416000,7,7,true
1408,6,Present.CopyToSwapchain,1,2,true,0.023520000,7,7,true
1409,0,ASBuild.BuildTLAS,0,0,false,0.423808000,7,7,true
1409,1,LightPrepare.Upload,0,0,false,0.001952000,7,7,true
1409,2,PathTracing.Trace,0,0,false,0.718848000,7,7,true
1409,3,Ui.Overlay,0,0,false,0.021088000,7,7,true
1409,4,DLSS.RayReconstruction,1,1,false,1.927488000,7,7,true
1409,5,Present.Convert,1,1,false,0.104864000,7,7,true
1409,6,Present.CopyToSwapchain,1,2,true,0.064224000,7,7,true
1410,0,ASBuild.BuildTLAS,0,0,false,0.144256000,7,7,true
1410,1,LightPrepare.Upload,0,0,false,0.001984000,7,7,true
1410,2,PathTracing.Trace,0,0,false,0.704480000,7,7,true
1410,3,Ui.Overlay,0,0,false,0.028000000,7,7,true
1410,4,DLSS.RayReconstruction,1,1,false,1.062304000,7,7,true
1410,5,Present.Convert,1,1,false,0.060352000,7,7,true
1410,6,Present.CopyToSwapchain,1,2,true,0.022784000,7,7,true
1411,0,ASBuild.BuildTLAS,0,0,false,0.130400000,7,7,true
1411,1,LightPrepare.Upload,0,0,false,0.001920000,7,7,true
1411,2,PathTracing.Trace,0,0,false,1.379360000,7,7,true
1411,3,Ui.Overlay,0,0,false,0.046176000,7,7,true
1411,4,DLSS.RayReconstruction,1,1,false,2.105504000,7,7,true
1411,5,Present.Convert,1,1,false,0.047104000,7,7,true
1411,6,Present.CopyToSwapchain,1,2,true,0.047648000,7,7,true
1412,0,ASBuild.BuildTLAS,0,0,false,0.140416000,7,7,true
1412,1,LightPrepare.Upload,0,0,false,0.002048000,7,7,true
1412,2,PathTracing.Trace,0,0,false,0.650080000,7,7,true
1412,3,Ui.Overlay,0,0,false,0.012480000,7,7,true
1412,4,DLSS.RayReconstruction,1,1,false,1.038496000,7,7,true
1412,5,Present.Convert,1,1,false,0.109504000,7,7,true
1412,6,Present.CopyToSwapchain,1,2,true,0.285440000,7,7,true
1413,0,ASBuild.BuildTLAS,0,0,false,0.143136000,7,7,true
1413,1,LightPrepare.Upload,0,0,false,0.012256000,7,7,true
1413,2,PathTracing.Trace,0,0,false,1.292256000,7,7,true
1413,3,Ui.Overlay,0,0,false,0.021696000,7,7,true
1413,4,DLSS.RayReconstruction,1,1,false,1.962368000,7,7,true
1413,5,Present.Convert,1,1,false,0.045024000,7,7,true
1413,6,Present.CopyToSwapchain,1,2,true,0.024000000,7,7,true
1414,0,ASBuild.BuildTLAS,0,0,false,0.123104000,7,7,true
1414,1,LightPrepare.Upload,0,0,false,0.002080000,7,7,true
1414,2,PathTracing.Trace,0,0,false,0.637856000,7,7,true
1414,3,Ui.Overlay,0,0,false,0.013056000,7,7,true
1414,4,DLSS.RayReconstruction,1,1,false,1.034496000,7,7,true
1414,5,Present.Convert,1,1,false,0.049376000,7,7,true
1414,6,Present.CopyToSwapchain,1,2,true,0.204896000,7,7,true
1415,0,ASBuild.BuildTLAS,0,0,false,0.148096000,7,7,true
1415,1,LightPrepare.Upload,0,0,false,0.009056000,7,7,true
1415,2,PathTracing.Trace,0,0,false,0.717888000,7,7,true
1415,3,Ui.Overlay,0,0,false,0.022688000,7,7,true
1415,4,DLSS.RayReconstruction,1,1,false,2.205248000,7,7,true
1415,5,Present.Convert,1,1,false,0.049760000,7,7,true
1415,6,Present.CopyToSwapchain,1,2,true,0.021792000,7,7,true
1416,0,ASBuild.BuildTLAS,0,0,false,0.132096000,7,7,true
1416,1,LightPrepare.Upload,0,0,false,0.002464000,7,7,true
1416,2,PathTracing.Trace,0,0,false,0.634400000,7,7,true
1416,3,Ui.Overlay,0,0,false,0.012800000,7,7,true
1416,4,DLSS.RayReconstruction,1,1,false,1.023968000,7,7,true
1416,5,Present.Convert,1,1,false,0.045408000,7,7,true
1416,6,Present.CopyToSwapchain,1,2,true,0.024032000,7,7,true
1417,0,ASBuild.BuildTLAS,0,0,false,0.134176000,7,7,true
1417,1,LightPrepare.Upload,0,0,false,0.002304000,7,7,true
1417,2,PathTracing.Trace,0,0,false,1.032864000,7,7,true
1417,3,Ui.Overlay,0,0,false,0.134848000,7,7,true
1417,4,DLSS.RayReconstruction,1,1,false,1.559264000,7,7,true
1417,5,Present.Convert,1,1,false,0.049248000,7,7,true
1417,6,Present.CopyToSwapchain,1,2,true,0.025472000,7,7,true
1418,0,ASBuild.BuildTLAS,0,0,false,0.123488000,7,7,true
1418,1,LightPrepare.Upload,0,0,false,0.002208000,7,7,true
1418,2,PathTracing.Trace,0,0,false,0.741120000,7,7,true
1418,3,Ui.Overlay,0,0,false,0.023584000,7,7,true
1418,4,DLSS.RayReconstruction,1,1,false,2.295520000,7,7,true
1418,5,Present.Convert,1,1,false,0.050848000,7,7,true
1418,6,Present.CopyToSwapchain,1,2,true,0.025984000,7,7,true
1419,0,ASBuild.BuildTLAS,0,0,false,0.121696000,7,7,true
1419,1,LightPrepare.Upload,0,0,false,0.001600000,7,7,true
1419,2,PathTracing.Trace,0,0,false,0.960928000,7,7,true
1419,3,Ui.Overlay,0,0,false,0.022080000,7,7,true
1419,4,DLSS.RayReconstruction,1,1,false,1.490752000,7,7,true
1419,5,Present.Convert,1,1,false,0.051104000,7,7,true
1419,6,Present.CopyToSwapchain,1,2,true,0.030528000,7,7,true
1420,0,ASBuild.BuildTLAS,0,0,false,0.130624000,7,7,true
1420,1,LightPrepare.Upload,0,0,false,0.002144000,7,7,true
1420,2,PathTracing.Trace,0,0,false,0.958272000,7,7,true
1420,3,Ui.Overlay,0,0,false,0.029632000,7,7,true
1420,4,DLSS.RayReconstruction,1,1,false,1.331136000,7,7,true
1420,5,Present.Convert,1,1,false,0.401760000,7,7,true
1420,6,Present.CopyToSwapchain,1,2,true,0.186464000,7,7,true
1421,0,ASBuild.BuildTLAS,0,0,false,0.129248000,7,7,true
1421,1,LightPrepare.Upload,0,0,false,0.002144000,7,7,true
1421,2,PathTracing.Trace,0,0,false,0.667456000,7,7,true
1421,3,Ui.Overlay,0,0,false,0.018880000,7,7,true
1421,4,DLSS.RayReconstruction,1,1,false,1.005344000,7,7,true
1421,5,Present.Convert,1,1,false,0.049376000,7,7,true
1421,6,Present.CopyToSwapchain,1,2,true,0.217600000,7,7,true
1422,0,ASBuild.BuildTLAS,0,0,false,0.431904000,7,7,true
1422,1,LightPrepare.Upload,0,0,false,0.002176000,7,7,true
1422,2,PathTracing.Trace,0,0,false,0.690976000,7,7,true
1422,3,Ui.Overlay,0,0,false,0.012704000,7,7,true
1422,4,DLSS.RayReconstruction,1,1,false,2.097248000,7,7,true
1422,5,Present.Convert,1,1,false,0.045248000,7,7,true
1422,6,Present.CopyToSwapchain,1,2,true,0.024224000,7,7,true
1423,0,ASBuild.BuildTLAS,0,0,false,0.128704000,7,7,true
1423,1,LightPrepare.Upload,0,0,false,0.002688000,7,7,true
1423,2,PathTracing.Trace,0,0,false,0.595200000,7,7,true
1423,3,Ui.Overlay,0,0,false,0.012704000,7,7,true
1423,4,DLSS.RayReconstruction,1,1,false,0.999168000,7,7,true
1423,5,Present.Convert,1,1,false,0.045408000,7,7,true
1423,6,Present.CopyToSwapchain,1,2,true,0.022016000,7,7,true
1424,0,ASBuild.BuildTLAS,0,0,false,0.153472000,7,7,true
1424,1,LightPrepare.Upload,0,0,false,0.002496000,7,7,true
1424,2,PathTracing.Trace,0,0,false,1.306080000,7,7,true
1424,3,Ui.Overlay,0,0,false,0.031456000,7,7,true
1424,4,DLSS.RayReconstruction,1,1,false,1.945568000,7,7,true
1424,5,Present.Convert,1,1,false,0.046752000,7,7,true
1424,6,Present.CopyToSwapchain,1,2,true,0.023936000,7,7,true
1425,0,ASBuild.BuildTLAS,0,0,false,0.096896000,7,7,true
1425,1,LightPrepare.Upload,0,0,false,0.001664000,7,7,true
1425,2,PathTracing.Trace,0,0,false,0.570752000,7,7,true
1425,3,Ui.Overlay,0,0,false,0.012576000,7,7,true
1425,4,DLSS.RayReconstruction,1,1,false,1.011424000,7,7,true
1425,5,Present.Convert,1,1,false,0.336128000,7,7,true
1425,6,Present.CopyToSwapchain,1,2,true,0.182688000,7,7,true
1426,0,ASBuild.BuildTLAS,0,0,false,0.109792000,7,7,true
1426,1,LightPrepare.Upload,0,0,false,0.002080000,7,7,true
1426,2,PathTracing.Trace,0,0,false,0.710496000,7,7,true
1426,3,Ui.Overlay,0,0,false,0.023296000,7,7,true
1426,4,DLSS.RayReconstruction,1,1,false,1.788896000,7,7,true
1426,5,Present.Convert,1,1,false,0.064768000,7,7,true
1426,6,Present.CopyToSwapchain,1,2,true,0.025792000,7,7,true
1427,0,ASBuild.BuildTLAS,0,0,false,0.126720000,7,7,true
1427,1,LightPrepare.Upload,0,0,false,0.002208000,7,7,true
1427,2,PathTracing.Trace,0,0,false,0.618240000,7,7,true
1427,3,Ui.Overlay,0,0,false,0.012576000,7,7,true
1427,4,DLSS.RayReconstruction,1,1,false,1.480800000,7,7,true
1427,5,Present.Convert,1,1,false,0.059552000,7,7,true
1427,6,Present.CopyToSwapchain,1,2,true,0.023520000,7,7,true
1428,0,ASBuild.BuildTLAS,0,0,false,0.124448000,7,7,true
1428,1,LightPrepare.Upload,0,0,false,0.002496000,7,7,true
1428,2,PathTracing.Trace,0,0,false,0.707040000,7,7,true
1428,3,Ui.Overlay,0,0,false,0.012416000,7,7,true
1428,4,DLSS.RayReconstruction,1,1,false,2.082112000,7,7,true
1428,5,Present.Convert,1,1,false,0.060992000,7,7,true
1428,6,Present.CopyToSwapchain,1,2,true,0.022464000,7,7,true
1429,0,ASBuild.BuildTLAS,0,0,false,0.126400000,7,7,true
1429,1,LightPrepare.Upload,0,0,false,0.002048000,7,7,true
1429,2,PathTracing.Trace,0,0,false,0.690080000,7,7,true
1429,3,Ui.Overlay,0,0,false,0.012352000,7,7,true
1429,4,DLSS.RayReconstruction,1,1,false,1.008768000,7,7,true
1429,5,Present.Convert,1,1,false,0.047328000,7,7,true
1429,6,Present.CopyToSwapchain,1,2,true,0.023584000,7,7,true
1430,0,ASBuild.BuildTLAS,0,0,false,0.123520000,7,7,true
1430,1,LightPrepare.Upload,0,0,false,0.002080000,7,7,true
1430,2,PathTracing.Trace,0,0,false,1.080192000,7,7,true
1430,3,Ui.Overlay,0,0,false,0.016256000,7,7,true
1430,4,DLSS.RayReconstruction,1,1,false,1.478176000,7,7,true
1430,5,Present.Convert,1,1,false,0.045408000,7,7,true
1430,6,Present.CopyToSwapchain,1,2,true,0.023904000,7,7,true
1431,0,ASBuild.BuildTLAS,0,0,false,0.117280000,7,7,true
1431,1,LightPrepare.Upload,0,0,false,0.001664000,7,7,true
1431,2,PathTracing.Trace,0,0,false,0.578912000,7,7,true
1431,3,Ui.Overlay,0,0,false,0.012832000,7,7,true
1431,4,DLSS.RayReconstruction,1,1,false,1.009728000,7,7,true
1431,5,Present.Convert,1,1,false,0.045440000,7,7,true
1431,6,Present.CopyToSwapchain,1,2,true,0.024192000,7,7,true
1432,0,ASBuild.BuildTLAS,0,0,false,0.098400000,7,7,true
1432,1,LightPrepare.Upload,0,0,false,0.002016000,7,7,true
1432,2,PathTracing.Trace,0,0,false,0.643040000,7,7,true
1432,3,Ui.Overlay,0,0,false,0.013984000,7,7,true
1432,4,DLSS.RayReconstruction,1,1,false,1.914080000,7,7,true
1432,5,Present.Convert,1,1,false,0.250016000,7,7,true
1432,6,Present.CopyToSwapchain,1,2,true,0.286144000,7,7,true
1433,0,ASBuild.BuildTLAS,0,0,false,0.126624000,7,7,true
1433,1,LightPrepare.Upload,0,0,false,0.002016000,7,7,true
1433,2,PathTracing.Trace,0,0,false,1.075136000,7,7,true
1433,3,Ui.Overlay,0,0,false,0.022880000,7,7,true
1433,4,DLSS.RayReconstruction,1,1,false,1.014976000,7,7,true
1433,5,Present.Convert,1,1,false,0.047424000,7,7,true
1433,6,Present.CopyToSwapchain,1,2,true,0.023520000,7,7,true
1434,0,ASBuild.BuildTLAS,0,0,false,0.127360000,7,7,true
1434,1,LightPrepare.Upload,0,0,false,0.006400000,7,7,true
1434,2,PathTracing.Trace,0,0,false,0.821984000,7,7,true
1434,3,Ui.Overlay,0,0,false,0.013120000,7,7,true
1434,4,DLSS.RayReconstruction,1,1,false,1.746560000,7,7,true
1434,5,Present.Convert,1,1,false,0.045152000,7,7,true
1434,6,Present.CopyToSwapchain,1,2,true,0.026528000,7,7,true
1435,0,ASBuild.BuildTLAS,0,0,false,0.118272000,7,7,true
1435,1,LightPrepare.Upload,0,0,false,0.001632000,7,7,true
1435,2,PathTracing.Trace,0,0,false,0.577952000,7,7,true
1435,3,Ui.Overlay,0,0,false,0.012448000,7,7,true
1435,4,DLSS.RayReconstruction,1,1,false,1.023360000,7,7,true
1435,5,Present.Convert,1,1,false,0.045376000,7,7,true
1435,6,Present.CopyToSwapchain,1,2,true,0.024032000,7,7,true
1436,0,ASBuild.BuildTLAS,0,0,false,0.135072000,7,7,true
1436,1,LightPrepare.Upload,0,0,false,0.006464000,7,7,true
1436,2,PathTracing.Trace,0,0,false,0.829024000,7,7,true
1436,3,Ui.Overlay,0,0,false,0.019648000,7,7,true
1436,4,DLSS.RayReconstruction,1,1,false,1.866176000,7,7,true
1436,5,Present.Convert,1,1,false,0.047360000,7,7,true
1436,6,Present.CopyToSwapchain,1,2,true,0.025792000,7,7,true
1437,0,ASBuild.BuildTLAS,0,0,false,0.130336000,7,7,true
1437,1,LightPrepare.Upload,0,0,false,0.002048000,7,7,true
1437,2,PathTracing.Trace,0,0,false,1.158048000,7,7,true
1437,3,Ui.Overlay,0,0,false,0.020928000,7,7,true
1437,4,DLSS.RayReconstruction,1,1,false,2.638112000,7,7,true
1437,5,Present.Convert,1,1,false,0.044672000,7,7,true
1437,6,Present.CopyToSwapchain,1,2,true,0.023648000,7,7,true
1438,0,ASBuild.BuildTLAS,0,0,false,0.125280000,7,7,true
1438,1,LightPrepare.Upload,0,0,false,0.002560000,7,7,true
1438,2,PathTracing.Trace,0,0,false,1.255808000,7,7,true
1438,3,Ui.Overlay,0,0,false,0.042976000,7,7,true
1438,4,DLSS.RayReconstruction,1,1,false,1.508672000,7,7,true
1438,5,Present.Convert,1,1,false,0.045088000,7,7,true
1438,6,Present.CopyToSwapchain,1,2,true,0.023776000,7,7,true
1439,0,ASBuild.BuildTLAS,0,0,false,0.121792000,7,7,true
1439,1,LightPrepare.Upload,0,0,false,0.002144000,7,7,true
1439,2,PathTracing.Trace,0,0,false,1.388320000,7,7,true
1439,3,Ui.Overlay,0,0,false,0.022080000,7,7,true
1439,4,DLSS.RayReconstruction,1,1,false,1.514816000,7,7,true
1439,5,Present.Convert,1,1,false,0.047168000,7,7,true
1439,6,Present.CopyToSwapchain,1,2,true,0.028064000,7,7,true
1440,0,ASBuild.BuildTLAS,0,0,false,0.136896000,7,7,true
1440,1,LightPrepare.Upload,0,0,false,0.002336000,7,7,true
1440,2,PathTracing.Trace,0,0,false,0.665248000,7,7,true
1440,3,Ui.Overlay,0,0,false,0.026560000,7,7,true
1440,4,DLSS.RayReconstruction,1,1,false,1.027200000,7,7,true
1440,5,Present.Convert,1,1,false,0.047360000,7,7,true
1440,6,Present.CopyToSwapchain,1,2,true,0.052576000,7,7,true
1441,0,ASBuild.BuildTLAS,0,0,false,0.140064000,7,7,true
1441,1,LightPrepare.Upload,0,0,false,0.002080000,7,7,true
1441,2,PathTracing.Trace,0,0,false,0.702336000,7,7,true
1441,3,Ui.Overlay,0,0,false,0.021920000,7,7,true
1441,4,DLSS.RayReconstruction,1,1,false,1.703040000,7,7,true
1441,5,Present.Convert,1,1,false,0.047392000,7,7,true
1441,6,Present.CopyToSwapchain,1,2,true,0.024288000,7,7,true
1442,0,ASBuild.BuildTLAS,0,0,false,0.124288000,7,7,true
1442,1,LightPrepare.Upload,0,0,false,0.002688000,7,7,true
1442,2,PathTracing.Trace,0,0,false,0.572704000,7,7,true
1442,3,Ui.Overlay,0,0,false,0.012544000,7,7,true
1442,4,DLSS.RayReconstruction,1,1,false,1.022848000,7,7,true
1442,5,Present.Convert,1,1,false,0.045152000,7,7,true
1442,6,Present.CopyToSwapchain,1,2,true,0.025824000,7,7,true
1443,0,ASBuild.BuildTLAS,0,0,false,0.126592000,7,7,true
1443,1,LightPrepare.Upload,0,0,false,0.002272000,7,7,true
1443,2,PathTracing.Trace,0,0,false,0.759488000,7,7,true
1443,3,Ui.Overlay,0,0,false,0.189248000,7,7,true
1443,4,DLSS.RayReconstruction,1,1,false,2.384992000,7,7,true
1443,5,Present.Convert,1,1,false,0.045408000,7,7,true
1443,6,Present.CopyToSwapchain,1,2,true,0.024064000,7,7,true
1444,0,ASBuild.BuildTLAS,0,0,false,0.117568000,7,7,true
1444,1,LightPrepare.Upload,0,0,false,0.002112000,7,7,true
1444,2,PathTracing.Trace,0,0,false,1.113952000,7,7,true
1444,3,Ui.Overlay,0,0,false,0.013344000,7,7,true
1444,4,DLSS.RayReconstruction,1,1,false,1.021344000,7,7,true
1444,5,Present.Convert,1,1,false,0.047104000,7,7,true
1444,6,Present.CopyToSwapchain,1,2,true,0.024096000,7,7,true
1445,0,ASBuild.BuildTLAS,0,0,false,0.132160000,7,7,true
1445,1,LightPrepare.Upload,0,0,false,0.002176000,7,7,true
1445,2,PathTracing.Trace,0,0,false,0.673568000,7,7,true
1445,3,Ui.Overlay,0,0,false,0.022176000,7,7,true
1445,4,DLSS.RayReconstruction,1,1,false,1.760576000,7,7,true
1445,5,Present.Convert,1,1,false,0.052576000,7,7,true
1445,6,Present.CopyToSwapchain,1,2,true,0.023936000,7,7,true
1446,0,ASBuild.BuildTLAS,0,0,false,0.125152000,7,7,true
1446,1,LightPrepare.Upload,0,0,false,0.001632000,7,7,true
1446,2,PathTracing.Trace,0,0,false,0.606624000,7,7,true
1446,3,Ui.Overlay,0,0,false,0.012416000,7,7,true
1446,4,DLSS.RayReconstruction,1,1,false,1.017376000,7,7,true
1446,5,Present.Convert,1,1,false,0.045344000,7,7,true
1446,6,Present.CopyToSwapchain,1,2,true,0.022144000,7,7,true
1447,0,ASBuild.BuildTLAS,0,0,false,0.153376000,7,7,true
1447,1,LightPrepare.Upload,0,0,false,0.003712000,7,7,true
1447,2,PathTracing.Trace,0,0,false,0.700704000,7,7,true
1447,3,Ui.Overlay,0,0,false,0.022560000,7,7,true
1447,4,DLSS.RayReconstruction,1,1,false,2.373632000,7,7,true
1447,5,Present.Convert,1,1,false,0.046016000,7,7,true
1447,6,Present.CopyToSwapchain,1,2,true,0.023712000,7,7,true
1448,0,ASBuild.BuildTLAS,0,0,false,0.121024000,7,7,true
1448,1,LightPrepare.Upload,0,0,false,0.002464000,7,7,true
1448,2,PathTracing.Trace,0,0,false,1.093120000,7,7,true
1448,3,Ui.Overlay,0,0,false,0.021056000,7,7,true
1448,4,DLSS.RayReconstruction,1,1,false,1.187232000,7,7,true
1448,5,Present.Convert,1,1,false,0.633120000,7,7,true
1448,6,Present.CopyToSwapchain,1,2,true,0.033856000,7,7,true
1449,0,ASBuild.BuildTLAS,0,0,false,0.125280000,7,7,true
1449,1,LightPrepare.Upload,0,0,false,0.002400000,7,7,true
1449,2,PathTracing.Trace,0,0,false,0.685632000,7,7,true
1449,3,Ui.Overlay,0,0,false,0.025408000,7,7,true
1449,4,DLSS.RayReconstruction,1,1,false,1.007136000,7,7,true
1449,5,Present.Convert,1,1,false,0.047360000,7,7,true
1449,6,Present.CopyToSwapchain,1,2,true,0.144160000,7,7,true
1450,0,ASBuild.BuildTLAS,0,0,false,0.124864000,7,7,true
1450,1,LightPrepare.Upload,0,0,false,0.002080000,7,7,true
1450,2,PathTracing.Trace,0,0,false,0.813952000,7,7,true
1450,3,Ui.Overlay,0,0,false,0.015360000,7,7,true
1450,4,DLSS.RayReconstruction,1,1,false,1.018944000,7,7,true
1450,5,Present.Convert,1,1,false,0.047296000,7,7,true
1450,6,Present.CopyToSwapchain,1,2,true,0.133888000,7,7,true
1451,0,ASBuild.BuildTLAS,0,0,false,0.130304000,7,7,true
1451,1,LightPrepare.Upload,0,0,false,0.002016000,7,7,true
1451,2,PathTracing.Trace,0,0,false,0.587680000,7,7,true
1451,3,Ui.Overlay,0,0,false,0.012672000,7,7,true
1451,4,DLSS.RayReconstruction,1,1,false,1.504736000,7,7,true
1451,5,Present.Convert,1,1,false,0.045440000,7,7,true
1451,6,Present.CopyToSwapchain,1,2,true,0.023904000,7,7,true
1452,0,ASBuild.BuildTLAS,0,0,false,0.128640000,7,7,true
1452,1,LightPrepare.Upload,0,0,false,0.003424000,7,7,true
1452,2,PathTracing.Trace,0,0,false,0.597952000,7,7,true
1452,3,Ui.Overlay,0,0,false,0.012992000,7,7,true
1452,4,DLSS.RayReconstruction,1,1,false,1.011776000,7,7,true
1452,5,Present.Convert,1,1,false,0.047360000,7,7,true
1452,6,Present.CopyToSwapchain,1,2,true,0.024256000,7,7,true
1453,0,ASBuild.BuildTLAS,0,0,false,0.096544000,7,7,true
1453,1,LightPrepare.Upload,0,0,false,0.001920000,7,7,true
1453,2,PathTracing.Trace,0,0,false,0.704576000,7,7,true
1453,3,Ui.Overlay,0,0,false,0.020608000,7,7,true
1453,4,DLSS.RayReconstruction,1,1,false,1.484768000,7,7,true
1453,5,Present.Convert,1,1,false,0.050496000,7,7,true
1453,6,Present.CopyToSwapchain,1,2,true,0.024096000,7,7,true
1454,0,ASBuild.BuildTLAS,0,0,false,0.129056000,7,7,true
1454,1,LightPrepare.Upload,0,0,false,0.001728000,7,7,true
1454,2,PathTracing.Trace,0,0,false,0.562464000,7,7,true
1454,3,Ui.Overlay,0,0,false,0.018528000,7,7,true
1454,4,DLSS.RayReconstruction,1,1,false,0.998720000,7,7,true
1454,5,Present.Convert,1,1,false,0.047360000,7,7,true
1454,6,Present.CopyToSwapchain,1,2,true,0.023392000,7,7,true
1455,0,ASBuild.BuildTLAS,0,0,false,0.098080000,7,7,true
1455,1,LightPrepare.Upload,0,0,false,0.006240000,7,7,true
1455,2,PathTracing.Trace,0,0,false,0.692064000,7,7,true
1455,3,Ui.Overlay,0,0,false,0.026784000,7,7,true
1455,4,DLSS.RayReconstruction,1,1,false,1.816224000,7,7,true
1455,5,Present.Convert,1,1,false,0.045440000,7,7,true
1455,6,Present.CopyToSwapchain,1,2,true,0.023744000,7,7,true
1456,0,ASBuild.BuildTLAS,0,0,false,0.117888000,7,7,true
1456,1,LightPrepare.Upload,0,0,false,0.001696000,7,7,true
1456,2,PathTracing.Trace,0,0,false,0.573792000,7,7,true
1456,3,Ui.Overlay,0,0,false,0.012576000,7,7,true
1456,4,DLSS.RayReconstruction,1,1,false,1.005664000,7,7,true
1456,5,Present.Convert,1,1,false,0.054560000,7,7,true
1456,6,Present.CopyToSwapchain,1,2,true,0.025760000,7,7,true
1457,0,ASBuild.BuildTLAS,0,0,false,0.099264000,7,7,true
1457,1,LightPrepare.Upload,0,0,false,0.002944000,7,7,true
1457,2,PathTracing.Trace,0,0,false,0.670752000,7,7,true
1457,3,Ui.Overlay,0,0,false,0.020448000,7,7,true
1457,4,DLSS.RayReconstruction,1,1,false,1.793536000,7,7,true
1457,5,Present.Convert,1,1,false,0.243648000,7,7,true
1457,6,Present.CopyToSwapchain,1,2,true,0.032000000,7,7,true
1458,0,ASBuild.BuildTLAS,0,0,false,0.124608000,7,7,true
1458,1,LightPrepare.Upload,0,0,false,0.002272000,7,7,true
1458,2,PathTracing.Trace,0,0,false,0.667360000,7,7,true
1458,3,Ui.Overlay,0,0,false,0.020192000,7,7,true
1458,4,DLSS.RayReconstruction,1,1,false,1.253536000,7,7,true
1458,5,Present.Convert,1,1,false,0.052896000,7,7,true
1458,6,Present.CopyToSwapchain,1,2,true,0.135872000,7,7,true
1459,0,ASBuild.BuildTLAS,0,0,false,0.126240000,7,7,true
1459,1,LightPrepare.Upload,0,0,false,0.002272000,7,7,true
1459,2,PathTracing.Trace,0,0,false,0.837152000,7,7,true
1459,3,Ui.Overlay,0,0,false,0.015040000,7,7,true
1459,4,DLSS.RayReconstruction,1,1,false,1.527168000,7,7,true
1459,5,Present.Convert,1,1,false,0.045376000,7,7,true
1459,6,Present.CopyToSwapchain,1,2,true,0.021920000,7,7,true
1460,0,ASBuild.BuildTLAS,0,0,false,0.133760000,7,7,true
1460,1,LightPrepare.Upload,0,0,false,0.008128000,7,7,true
1460,2,PathTracing.Trace,0,0,false,0.596032000,7,7,true
1460,3,Ui.Overlay,0,0,false,0.012832000,7,7,true
1460,4,DLSS.RayReconstruction,1,1,false,1.013088000,7,7,true
1460,5,Present.Convert,1,1,false,0.047104000,7,7,true
1460,6,Present.CopyToSwapchain,1,2,true,0.029952000,7,7,true
1461,0,ASBuild.BuildTLAS,0,0,false,0.107936000,7,7,true
1461,1,LightPrepare.Upload,0,0,false,0.002048000,7,7,true
1461,2,PathTracing.Trace,0,0,false,0.722880000,7,7,true
1461,3,Ui.Overlay,0,0,false,0.020608000,7,7,true
1461,4,DLSS.RayReconstruction,1,1,false,1.492448000,7,7,true
1461,5,Present.Convert,1,1,false,0.047456000,7,7,true
1461,6,Present.CopyToSwapchain,1,2,true,0.023968000,7,7,true
1462,0,ASBuild.BuildTLAS,0,0,false,0.122848000,7,7,true
1462,1,LightPrepare.Upload,0,0,false,0.002528000,7,7,true
1462,2,PathTracing.Trace,0,0,false,0.585152000,7,7,true
1462,3,Ui.Overlay,0,0,false,0.013024000,7,7,true
1462,4,DLSS.RayReconstruction,1,1,false,1.988000000,7,7,true
1462,5,Present.Convert,1,1,false,0.065056000,7,7,true
1462,6,Present.CopyToSwapchain,1,2,true,0.026432000,7,7,true
1463,0,ASBuild.BuildTLAS,0,0,false,0.114912000,7,7,true
1463,1,LightPrepare.Upload,0,0,false,0.006112000,7,7,true
1463,2,PathTracing.Trace,0,0,false,0.788416000,7,7,true
1463,3,Ui.Overlay,0,0,false,0.016832000,7,7,true
1463,4,DLSS.RayReconstruction,1,1,false,1.003552000,7,7,true
1463,5,Present.Convert,1,1,false,0.047392000,7,7,true
1463,6,Present.CopyToSwapchain,1,2,true,0.023648000,7,7,true
1464,0,ASBuild.BuildTLAS,0,0,false,0.132480000,7,7,true
1464,1,LightPrepare.Upload,0,0,false,0.002144000,7,7,true
1464,2,PathTracing.Trace,0,0,false,0.685856000,7,7,true
1464,3,Ui.Overlay,0,0,false,0.012448000,7,7,true
1464,4,DLSS.RayReconstruction,1,1,false,1.871456000,7,7,true
1464,5,Present.Convert,1,1,false,0.045184000,7,7,true
1464,6,Present.CopyToSwapchain,1,2,true,0.024064000,7,7,true
1465,0,ASBuild.BuildTLAS,0,0,false,0.116608000,7,7,true
1465,1,LightPrepare.Upload,0,0,false,0.001728000,7,7,true
1465,2,PathTracing.Trace,0,0,false,0.573760000,7,7,true
1465,3,Ui.Overlay,0,0,false,0.012672000,7,7,true
1465,4,DLSS.RayReconstruction,1,1,false,1.007232000,7,7,true
1465,5,Present.Convert,1,1,false,0.118720000,7,7,true
1465,6,Present.CopyToSwapchain,1,2,true,0.392832000,7,7,true
1466,0,ASBuild.BuildTLAS,0,0,false,0.437472000,7,7,true
1466,1,LightPrepare.Upload,0,0,false,0.006752000,7,7,true
1466,2,PathTracing.Trace,0,0,false,0.658752000,7,7,true
1466,3,Ui.Overlay,0,0,false,0.021344000,7,7,true
1466,4,DLSS.RayReconstruction,1,1,false,1.807168000,7,7,true
1466,5,Present.Convert,1,1,false,0.055552000,7,7,true
1466,6,Present.CopyToSwapchain,1,2,true,0.023808000,7,7,true
1467,0,ASBuild.BuildTLAS,0,0,false,0.126976000,7,7,true
1467,1,LightPrepare.Upload,0,0,false,0.002112000,7,7,true
1467,2,PathTracing.Trace,0,0,false,0.606080000,7,7,true
1467,3,Ui.Overlay,0,0,false,0.012768000,7,7,true
1467,4,DLSS.RayReconstruction,1,1,false,1.011136000,7,7,true
1467,5,Present.Convert,1,1,false,0.155680000,7,7,true
1467,6,Present.CopyToSwapchain,1,2,true,0.368640000,7,7,true
1468,0,ASBuild.BuildTLAS,0,0,false,0.123968000,7,7,true
1468,1,LightPrepare.Upload,0,0,false,0.002112000,7,7,true
1468,2,PathTracing.Trace,0,0,false,0.661344000,7,7,true
1468,3,Ui.Overlay,0,0,false,0.015264000,7,7,true
1468,4,DLSS.RayReconstruction,1,1,false,1.727936000,7,7,true
1468,5,Present.Convert,1,1,false,0.398208000,7,7,true
1468,6,Present.CopyToSwapchain,1,2,true,0.032224000,7,7,true
1469,0,ASBuild.BuildTLAS,0,0,false,0.125408000,7,7,true
1469,1,LightPrepare.Upload,0,0,false,0.002176000,7,7,true
1469,2,PathTracing.Trace,0,0,false,0.610080000,7,7,true
1469,3,Ui.Overlay,0,0,false,0.012896000,7,7,true
1469,4,DLSS.RayReconstruction,1,1,false,1.003008000,7,7,true
1469,5,Present.Convert,1,1,false,0.045408000,7,7,true
1469,6,Present.CopyToSwapchain,1,2,true,0.023872000,7,7,true
1470,0,ASBuild.BuildTLAS,0,0,false,0.124000000,7,7,true
1470,1,LightPrepare.Upload,0,0,false,0.006464000,7,7,true
1470,2,PathTracing.Trace,0,0,false,0.665216000,7,7,true
1470,3,Ui.Overlay,0,0,false,0.348384000,7,7,true
1470,4,DLSS.RayReconstruction,1,1,false,1.329984000,7,7,true
1470,5,Present.Convert,1,1,false,0.049376000,7,7,true
1470,6,Present.CopyToSwapchain,1,2,true,0.023712000,7,7,true
1471,0,ASBuild.BuildTLAS,0,0,false,0.096736000,7,7,true
1471,1,LightPrepare.Upload,0,0,false,0.001664000,7,7,true
1471,2,PathTracing.Trace,0,0,false,0.612672000,7,7,true
1471,3,Ui.Overlay,0,0,false,0.012960000,7,7,true
1471,4,DLSS.RayReconstruction,1,1,false,1.018880000,7,7,true
1471,5,Present.Convert,1,1,false,0.045376000,7,7,true
1471,6,Present.CopyToSwapchain,1,2,true,0.023744000,7,7,true
1472,0,ASBuild.BuildTLAS,0,0,false,0.122048000,7,7,true
1472,1,LightPrepare.Upload,0,0,false,0.001760000,7,7,true
1472,2,PathTracing.Trace,0,0,false,0.568608000,7,7,true
1472,3,Ui.Overlay,0,0,false,0.012640000,7,7,true
1472,4,DLSS.RayReconstruction,1,1,false,1.811456000,7,7,true
1472,5,Present.Convert,1,1,false,0.056832000,7,7,true
1472,6,Present.CopyToSwapchain,1,2,true,0.033504000,7,7,true
1473,0,ASBuild.BuildTLAS,0,0,false,0.093216000,7,7,true
1473,1,LightPrepare.Upload,0,0,false,0.001792000,7,7,true
1473,2,PathTracing.Trace,0,0,false,0.600320000,7,7,true
1473,3,Ui.Overlay,0,0,false,0.190880000,7,7,true
1473,4,DLSS.RayReconstruction,1,1,false,1.021408000,7,7,true
1473,5,Present.Convert,1,1,false,0.045344000,7,7,true
1473,6,Present.CopyToSwapchain,1,2,true,0.025856000,7,7,true
1474,0,ASBuild.BuildTLAS,0,0,false,0.129472000,7,7,true
1474,1,LightPrepare.Upload,0,0,false,0.002208000,7,7,true
1474,2,PathTracing.Trace,0,0,false,0.696096000,7,7,true
1474,3,Ui.Overlay,0,0,false,0.016352000,7,7,true
1474,4,DLSS.RayReconstruction,1,1,false,1.891104000,7,7,true
1474,5,Present.Convert,1,1,false,0.053376000,7,7,true
1474,6,Present.CopyToSwapchain,1,2,true,0.211392000,7,7,true
1475,0,ASBuild.BuildTLAS,0,0,false,0.125728000,7,7,true
1475,1,LightPrepare.Upload,0,0,false,0.002432000,7,7,true
1475,2,PathTracing.Trace,0,0,false,1.073696000,7,7,true
1475,3,Ui.Overlay,0,0,false,0.012608000,7,7,true
1475,4,DLSS.RayReconstruction,1,1,false,1.259680000,7,7,true
1475,5,Present.Convert,1,1,false,0.045376000,7,7,true
1475,6,Present.CopyToSwapchain,1,2,true,0.023904000,7,7,true
1476,0,ASBuild.BuildTLAS,0,0,false,0.131296000,7,7,true
1476,1,LightPrepare.Upload,0,0,false,0.002112000,7,7,true
1476,2,PathTracing.Trace,0,0,false,0.988000000,7,7,true
1476,3,Ui.Overlay,0,0,false,0.026400000,7,7,true
1476,4,DLSS.RayReconstruction,1,1,false,1.505440000,7,7,true
1476,5,Present.Convert,1,1,false,0.045408000,7,7,true
1476,6,Present.CopyToSwapchain,1,2,true,0.021984000,7,7,true
1477,0,ASBuild.BuildTLAS,0,0,false,0.095104000,7,7,true
1477,1,LightPrepare.Upload,0,0,false,0.001728000,7,7,true
1477,2,PathTracing.Trace,0,0,false,0.577824000,7,7,true
1477,3,Ui.Overlay,0,0,false,0.012864000,7,7,true
1477,4,DLSS.RayReconstruction,1,1,false,0.996960000,7,7,true
1477,5,Present.Convert,1,1,false,0.045376000,7,7,true
1477,6,Present.CopyToSwapchain,1,2,true,0.022368000,7,7,true
1478,0,ASBuild.BuildTLAS,0,0,false,0.143040000,7,7,true
1478,1,LightPrepare.Upload,0,0,false,0.002112000,7,7,true
1478,2,PathTracing.Trace,0,0,false,0.663392000,7,7,true
1478,3,Ui.Overlay,0,0,false,0.030752000,7,7,true
1478,4,DLSS.RayReconstruction,1,1,false,1.530720000,7,7,true
1478,5,Present.Convert,1,1,false,0.047552000,7,7,true
1478,6,Present.CopyToSwapchain,1,2,true,0.023808000,7,7,true
1479,0,ASBuild.BuildTLAS,0,0,false,0.124224000,7,7,true
1479,1,LightPrepare.Upload,0,0,false,0.002176000,7,7,true
1479,2,PathTracing.Trace,0,0,false,0.669472000,7,7,true
1479,3,Ui.Overlay,0,0,false,0.025728000,7,7,true
1479,4,DLSS.RayReconstruction,1,1,false,2.750592000,7,7,true
1479,5,Present.Convert,1,1,false,0.048960000,7,7,true
1479,6,Present.CopyToSwapchain,1,2,true,0.024352000,7,7,true
1480,0,ASBuild.BuildTLAS,0,0,false,0.121536000,7,7,true
1480,1,LightPrepare.Upload,0,0,false,0.002208000,7,7,true
1480,2,PathTracing.Trace,0,0,false,0.722688000,7,7,true
1480,3,Ui.Overlay,0,0,false,0.031040000,7,7,true
1480,4,DLSS.RayReconstruction,1,1,false,0.998816000,7,7,true
1480,5,Present.Convert,1,1,false,0.045408000,7,7,true
1480,6,Present.CopyToSwapchain,1,2,true,0.023584000,7,7,true
1481,0,ASBuild.BuildTLAS,0,0,false,0.123648000,7,7,true
1481,1,LightPrepare.Upload,0,0,false,0.002112000,7,7,true
1481,2,PathTracing.Trace,0,0,false,1.063744000,7,7,true
1481,3,Ui.Overlay,0,0,false,0.029536000,7,7,true
1481,4,DLSS.RayReconstruction,1,1,false,2.351008000,7,7,true
1481,5,Present.Convert,1,1,false,0.047424000,7,7,true
1481,6,Present.CopyToSwapchain,1,2,true,0.023488000,7,7,true
1482,0,ASBuild.BuildTLAS,0,0,false,0.119584000,7,7,true
1482,1,LightPrepare.Upload,0,0,false,0.001952000,7,7,true
1482,2,PathTracing.Trace,0,0,false,0.735232000,7,7,true
1482,3,Ui.Overlay,0,0,false,0.019104000,7,7,true
1482,4,DLSS.RayReconstruction,1,1,false,1.012640000,7,7,true
1482,5,Present.Convert,1,1,false,0.126912000,7,7,true
1482,6,Present.CopyToSwapchain,1,2,true,0.392576000,7,7,true
1483,0,ASBuild.BuildTLAS,0,0,false,0.124320000,7,7,true
1483,1,LightPrepare.Upload,0,0,false,0.001888000,7,7,true
1483,2,PathTracing.Trace,0,0,false,0.655392000,7,7,true
1483,3,Ui.Overlay,0,0,false,0.028832000,7,7,true
1483,4,DLSS.RayReconstruction,1,1,false,1.801920000,7,7,true
1483,5,Present.Convert,1,1,false,0.059712000,7,7,true
1483,6,Present.CopyToSwapchain,1,2,true,0.023936000,7,7,true
1484,0,ASBuild.BuildTLAS,0,0,false,0.129920000,7,7,true
1484,1,LightPrepare.Upload,0,0,false,0.001920000,7,7,true
1484,2,PathTracing.Trace,0,0,false,0.624704000,7,7,true
1484,3,Ui.Overlay,0,0,false,0.012640000,7,7,true
1484,4,DLSS.RayReconstruction,1,1,false,1.002400000,7,7,true
1484,5,Present.Convert,1,1,false,0.045440000,7,7,true
1484,6,Present.CopyToSwapchain,1,2,true,0.021408000,7,7,true
1485,0,ASBuild.BuildTLAS,0,0,false,0.131648000,7,7,true
1485,1,LightPrepare.Upload,0,0,false,0.001952000,7,7,true
1485,2,PathTracing.Trace,0,0,false,0.636928000,7,7,true
1485,3,Ui.Overlay,0,0,false,0.019360000,7,7,true
1485,4,DLSS.RayReconstruction,1,1,false,1.980416000,7,7,true
1485,5,Present.Convert,1,1,false,0.047328000,7,7,true
1485,6,Present.CopyToSwapchain,1,2,true,0.110752000,7,7,true
1486,0,ASBuild.BuildTLAS,0,0,false,0.155712000,7,7,true
1486,1,LightPrepare.Upload,0,0,false,0.001856000,7,7,true
1486,2,PathTracing.Trace,0,0,false,0.667744000,7,7,true
1486,3,Ui.Overlay,0,0,false,0.027008000,7,7,true
1486,4,DLSS.RayReconstruction,1,1,false,1.013696000,7,7,true
1486,5,Present.Convert,1,1,false,0.045408000,7,7,true
1486,6,Present.CopyToSwapchain,1,2,true,0.023328000,7,7,true
1487,0,ASBuild.BuildTLAS,0,0,false,0.136256000,7,7,true
1487,1,LightPrepare.Upload,0,0,false,0.002784000,7,7,true
1487,2,PathTracing.Trace,0,0,false,0.615904000,7,7,true
1487,3,Ui.Overlay,0,0,false,0.012640000,7,7,true
1487,4,DLSS.RayReconstruction,1,1,false,1.840288000,7,7,true
1487,5,Present.Convert,1,1,false,0.045408000,7,7,true
1487,6,Present.CopyToSwapchain,1,2,true,0.023584000,7,7,true
1488,0,ASBuild.BuildTLAS,0,0,false,0.152448000,7,7,true
1488,1,LightPrepare.Upload,0,0,false,0.001824000,7,7,true
1488,2,PathTracing.Trace,0,0,false,1.075328000,7,7,true
1488,3,Ui.Overlay,0,0,false,0.017664000,7,7,true
1488,4,DLSS.RayReconstruction,1,1,false,1.427584000,7,7,true
1488,5,Present.Convert,1,1,false,0.188448000,7,7,true
1488,6,Present.CopyToSwapchain,1,2,true,0.337888000,7,7,true
1489,0,ASBuild.BuildTLAS,0,0,false,0.104768000,7,7,true
1489,1,LightPrepare.Upload,0,0,false,0.001664000,7,7,true
1489,2,PathTracing.Trace,0,0,false,0.944512000,7,7,true
1489,3,Ui.Overlay,0,0,false,0.016640000,7,7,true
1489,4,DLSS.RayReconstruction,1,1,false,1.313792000,7,7,true
1489,5,Present.Convert,1,1,false,0.045408000,7,7,true
1489,6,Present.CopyToSwapchain,1,2,true,0.023424000,7,7,true
1490,0,ASBuild.BuildTLAS,0,0,false,0.125920000,7,7,true
1490,1,LightPrepare.Upload,0,0,false,0.001568000,7,7,true
1490,2,PathTracing.Trace,0,0,false,0.837024000,7,7,true
1490,3,Ui.Overlay,0,0,false,0.016416000,7,7,true
1490,4,DLSS.RayReconstruction,1,1,false,1.519392000,7,7,true
1490,5,Present.Convert,1,1,false,0.047136000,7,7,true
1490,6,Present.CopyToSwapchain,1,2,true,0.023744000,7,7,true
1491,0,ASBuild.BuildTLAS,0,0,false,0.122976000,7,7,true
1491,1,LightPrepare.Upload,0,0,false,0.001920000,7,7,true
1491,2,PathTracing.Trace,0,0,false,0.708640000,7,7,true
1491,3,Ui.Overlay,0,0,false,0.025824000,7,7,true
1491,4,DLSS.RayReconstruction,1,1,false,2.128800000,7,7,true
1491,5,Present.Convert,1,1,false,0.045120000,7,7,true
1491,6,Present.CopyToSwapchain,1,2,true,0.023904000,7,7,true
1492,0,ASBuild.BuildTLAS,0,0,false,0.116960000,7,7,true
1492,1,LightPrepare.Upload,0,0,false,0.001504000,7,7,true
1492,2,PathTracing.Trace,0,0,false,1.023520000,7,7,true
1492,3,Ui.Overlay,0,0,false,0.028608000,7,7,true
1492,4,DLSS.RayReconstruction,1,1,false,1.018848000,7,7,true
1492,5,Present.Convert,1,1,false,0.047360000,7,7,true
1492,6,Present.CopyToSwapchain,1,2,true,0.024256000,7,7,true
1493,0,ASBuild.BuildTLAS,0,0,false,0.116512000,7,7,true
1493,1,LightPrepare.Upload,0,0,false,0.001888000,7,7,true
1493,2,PathTracing.Trace,0,0,false,0.680000000,7,7,true
1493,3,Ui.Overlay,0,0,false,0.021216000,7,7,true
1493,4,DLSS.RayReconstruction,1,1,false,1.460928000,7,7,true
1493,5,Present.Convert,1,1,false,0.045376000,7,7,true
1493,6,Present.CopyToSwapchain,1,2,true,0.023264000,7,7,true
1494,0,ASBuild.BuildTLAS,0,0,false,0.118368000,7,7,true
1494,1,LightPrepare.Upload,0,0,false,0.001632000,7,7,true
1494,2,PathTracing.Trace,0,0,false,0.589216000,7,7,true
1494,3,Ui.Overlay,0,0,false,0.012352000,7,7,true
1494,4,DLSS.RayReconstruction,1,1,false,1.013824000,7,7,true
1494,5,Present.Convert,1,1,false,0.045408000,7,7,true
1494,6,Present.CopyToSwapchain,1,2,true,0.024384000,7,7,true
1495,0,ASBuild.BuildTLAS,0,0,false,0.137792000,7,7,true
1495,1,LightPrepare.Upload,0,0,false,0.001952000,7,7,true
1495,2,PathTracing.Trace,0,0,false,0.755712000,7,7,true
1495,3,Ui.Overlay,0,0,false,0.022784000,7,7,true
1495,4,DLSS.RayReconstruction,1,1,false,1.836608000,7,7,true
1495,5,Present.Convert,1,1,false,0.051456000,7,7,true
1495,6,Present.CopyToSwapchain,1,2,true,0.118496000,7,7,true
1496,0,ASBuild.BuildTLAS,0,0,false,0.149024000,7,7,true
1496,1,LightPrepare.Upload,0,0,false,0.001920000,7,7,true
1496,2,PathTracing.Trace,0,0,false,0.751616000,7,7,true
1496,3,Ui.Overlay,0,0,false,0.012160000,7,7,true
1496,4,DLSS.RayReconstruction,1,1,false,2.325792000,7,7,true
1496,5,Present.Convert,1,1,false,0.045440000,7,7,true
1496,6,Present.CopyToSwapchain,1,2,true,0.024192000,7,7,true
1497,0,ASBuild.BuildTLAS,0,0,false,0.126720000,7,7,true
1497,1,LightPrepare.Upload,0,0,false,0.001728000,7,7,true
1497,2,PathTracing.Trace,0,0,false,1.122496000,7,7,true
1497,3,Ui.Overlay,0,0,false,0.025120000,7,7,true
1497,4,DLSS.RayReconstruction,1,1,false,1.002464000,7,7,true
1497,5,Present.Convert,1,1,false,0.045472000,7,7,true
1497,6,Present.CopyToSwapchain,1,2,true,0.023712000,7,7,true
1498,0,ASBuild.BuildTLAS,0,0,false,0.124000000,7,7,true
1498,1,LightPrepare.Upload,0,0,false,0.001984000,7,7,true
1498,2,PathTracing.Trace,0,0,false,1.262560000,7,7,true
1498,3,Ui.Overlay,0,0,false,0.028064000,7,7,true
1498,4,DLSS.RayReconstruction,1,1,false,1.860000000,7,7,true
1498,5,Present.Convert,1,1,false,0.059072000,7,7,true
1498,6,Present.CopyToSwapchain,1,2,true,0.024000000,7,7,true
1499,0,ASBuild.BuildTLAS,0,0,false,0.121024000,7,7,true
1499,1,LightPrepare.Upload,0,0,false,0.001888000,7,7,true
1499,2,PathTracing.Trace,0,0,false,0.733248000,7,7,true
1499,3,Ui.Overlay,0,0,false,0.030176000,7,7,true
1499,4,DLSS.RayReconstruction,1,1,false,1.592192000,7,7,true
1499,5,Present.Convert,1,1,false,0.397280000,7,7,true
1499,6,Present.CopyToSwapchain,1,2,true,0.112704000,7,7,true
1500,0,ASBuild.BuildTLAS,0,0,false,0.121728000,7,7,true
1500,1,LightPrepare.Upload,0,0,false,0.009760000,7,7,true
1500,2,PathTracing.Trace,0,0,false,0.772480000,7,7,true
1500,3,Ui.Overlay,0,0,false,0.019200000,7,7,true
1500,4,DLSS.RayReconstruction,1,1,false,1.320864000,7,7,true
1500,5,Present.Convert,1,1,false,0.368640000,7,7,true
1500,6,Present.CopyToSwapchain,1,2,true,0.038688000,7,7,true
1501,0,ASBuild.BuildTLAS,0,0,false,0.127360000,7,7,true
1501,1,LightPrepare.Upload,0,0,false,0.001920000,7,7,true
1501,2,PathTracing.Trace,0,0,false,0.821280000,7,7,true
1501,3,Ui.Overlay,0,0,false,0.012800000,7,7,true
1501,4,DLSS.RayReconstruction,1,1,false,1.500480000,7,7,true
1501,5,Present.Convert,1,1,false,0.049408000,7,7,true
1501,6,Present.CopyToSwapchain,1,2,true,0.021952000,7,7,true
1502,0,ASBuild.BuildTLAS,0,0,false,0.130560000,7,7,true
1502,1,LightPrepare.Upload,0,0,false,0.001920000,7,7,true
1502,2,PathTracing.Trace,0,0,false,0.661536000,7,7,true
1502,3,Ui.Overlay,0,0,false,0.012480000,7,7,true
1502,4,DLSS.RayReconstruction,1,1,false,1.007584000,7,7,true
1502,5,Present.Convert,1,1,false,0.460992000,7,7,true
1502,6,Present.CopyToSwapchain,1,2,true,0.307200000,7,7,true
1503,0,ASBuild.BuildTLAS,0,0,false,0.125856000,7,7,true
1503,1,LightPrepare.Upload,0,0,false,0.001952000,7,7,true
1503,2,PathTracing.Trace,0,0,false,0.649216000,7,7,true
1503,3,Ui.Overlay,0,0,false,0.020864000,7,7,true
1503,4,DLSS.RayReconstruction,1,1,false,1.502496000,7,7,true
1503,5,Present.Convert,1,1,false,0.055552000,7,7,true
1503,6,Present.CopyToSwapchain,1,2,true,0.022560000,7,7,true
1504,0,ASBuild.BuildTLAS,0,0,false,0.130208000,7,7,true
1504,1,LightPrepare.Upload,0,0,false,0.001984000,7,7,true
1504,2,PathTracing.Trace,0,0,false,0.978912000,7,7,true
1504,3,Ui.Overlay,0,0,false,0.012768000,7,7,true
1504,4,DLSS.RayReconstruction,1,1,false,1.336800000,7,7,true
1504,5,Present.Convert,1,1,false,0.456096000,7,7,true
1504,6,Present.CopyToSwapchain,1,2,true,0.061344000,7,7,true
1505,0,ASBuild.BuildTLAS,0,0,false,0.125824000,7,7,true
1505,1,LightPrepare.Upload,0,0,false,0.001888000,7,7,true
1505,2,PathTracing.Trace,0,0,false,0.720960000,7,7,true
1505,3,Ui.Overlay,0,0,false,0.016928000,7,7,true
1505,4,DLSS.RayReconstruction,1,1,false,1.496320000,7,7,true
1505,5,Present.Convert,1,1,false,0.055584000,7,7,true
1505,6,Present.CopyToSwapchain,1,2,true,0.024224000,7,7,true
1506,0,ASBuild.BuildTLAS,0,0,false,0.126592000,7,7,true
1506,1,LightPrepare.Upload,0,0,false,0.005760000,7,7,true
1506,2,PathTracing.Trace,0,0,false,0.672032000,7,7,true
1506,3,Ui.Overlay,0,0,false,0.012896000,7,7,true
1506,4,DLSS.RayReconstruction,1,1,false,1.084800000,7,7,true
1506,5,Present.Convert,1,1,false,0.812480000,7,7,true
1506,6,Present.CopyToSwapchain,1,2,true,0.060544000,7,7,true
1507,0,ASBuild.BuildTLAS,0,0,false,0.127808000,7,7,true
1507,1,LightPrepare.Upload,0,0,false,0.001920000,7,7,true
1507,2,PathTracing.Trace,0,0,false,0.727072000,7,7,true
1507,3,Ui.Overlay,0,0,false,0.012512000,7,7,true
1507,4,DLSS.RayReconstruction,1,1,false,1.007392000,7,7,true
1507,5,Present.Convert,1,1,false,0.047328000,7,7,true
1507,6,Present.CopyToSwapchain,1,2,true,0.024288000,7,7,true
1508,0,ASBuild.BuildTLAS,0,0,false,0.126560000,7,7,true
1508,1,LightPrepare.Upload,0,0,false,0.001920000,7,7,true
1508,2,PathTracing.Trace,0,0,false,1.084448000,7,7,true
1508,3,Ui.Overlay,0,0,false,0.012704000,7,7,true
1508,4,DLSS.RayReconstruction,1,1,false,2.116768000,7,7,true
1508,5,Present.Convert,1,1,false,0.050912000,7,7,true
1508,6,Present.CopyToSwapchain,1,2,true,0.026592000,7,7,true
1509,0,ASBuild.BuildTLAS,0,0,false,0.121376000,7,7,true
1509,1,LightPrepare.Upload,0,0,false,0.001792000,7,7,true
1509,2,PathTracing.Trace,0,0,false,0.583936000,7,7,true
1509,3,Ui.Overlay,0,0,false,0.012416000,7,7,true
1509,4,DLSS.RayReconstruction,1,1,false,1.028032000,7,7,true
1509,5,Present.Convert,1,1,false,0.045344000,7,7,true
1509,6,Present.CopyToSwapchain,1,2,true,0.057152000,7,7,true
1510,0,ASBuild.BuildTLAS,0,0,false,0.127616000,7,7,true
1510,1,LightPrepare.Upload,0,0,false,0.001920000,7,7,true
1510,2,PathTracing.Trace,0,0,false,1.112064000,7,7,true
1510,3,Ui.Overlay,0,0,false,0.015520000,7,7,true
1510,4,DLSS.RayReconstruction,1,1,false,1.956128000,7,7,true
1510,5,Present.Convert,1,1,false,0.050240000,7,7,true
1510,6,Present.CopyToSwapchain,1,2,true,0.024000000,7,7,true
1511,0,ASBuild.BuildTLAS,0,0,false,0.120736000,7,7,true
1511,1,LightPrepare.Upload,0,0,false,0.001664000,7,7,true
1511,2,PathTracing.Trace,0,0,false,0.620928000,7,7,true
1511,3,Ui.Overlay,0,0,false,0.012544000,7,7,true
1511,4,DLSS.RayReconstruction,1,1,false,1.023072000,7,7,true
1511,5,Present.Convert,1,1,false,0.045408000,7,7,true
1511,6,Present.CopyToSwapchain,1,2,true,0.023424000,7,7,true
1512,0,ASBuild.BuildTLAS,0,0,false,0.107232000,7,7,true
1512,1,LightPrepare.Upload,0,0,false,0.002176000,7,7,true
1512,2,PathTracing.Trace,0,0,false,0.665344000,7,7,true
1512,3,Ui.Overlay,0,0,false,0.020320000,7,7,true
1512,4,DLSS.RayReconstruction,1,1,false,2.364704000,7,7,true
1512,5,Present.Convert,1,1,false,0.047488000,7,7,true
1512,6,Present.CopyToSwapchain,1,2,true,0.026528000,7,7,true
1513,0,ASBuild.BuildTLAS,0,0,false,0.322592000,7,7,true
1513,1,LightPrepare.Upload,0,0,false,0.001952000,7,7,true
1513,2,PathTracing.Trace,0,0,false,1.095680000,7,7,true
1513,3,Ui.Overlay,0,0,false,0.027808000,7,7,true
1513,4,DLSS.RayReconstruction,1,1,false,1.497856000,7,7,true
1513,5,Present.Convert,1,1,false,0.063680000,7,7,true
1513,6,Present.CopyToSwapchain,1,2,true,0.026208000,7,7,true
1514,0,ASBuild.BuildTLAS,0,0,false,0.108800000,7,7,true
1514,1,LightPrepare.Upload,0,0,false,0.001888000,7,7,true
1514,2,PathTracing.Trace,0,0,false,0.669760000,7,7,true
1514,3,Ui.Overlay,0,0,false,0.019232000,7,7,true
1514,4,DLSS.RayReconstruction,1,1,false,1.492416000,7,7,true
1514,5,Present.Convert,1,1,false,0.053344000,7,7,true
1514,6,Present.CopyToSwapchain,1,2,true,0.033984000,7,7,true
1515,0,ASBuild.BuildTLAS,0,0,false,0.131488000,7,7,true
1515,1,LightPrepare.Upload,0,0,false,0.001856000,7,7,true
1515,2,PathTracing.Trace,0,0,false,0.698464000,7,7,true
1515,3,Ui.Overlay,0,0,false,0.012224000,7,7,true
1515,4,DLSS.RayReconstruction,1,1,false,1.036288000,7,7,true
1515,5,Present.Convert,1,1,false,0.174528000,7,7,true
1515,6,Present.CopyToSwapchain,1,2,true,0.349184000,7,7,true
1516,0,ASBuild.BuildTLAS,0,0,false,0.128832000,7,7,true
1516,1,LightPrepare.Upload,0,0,false,0.002240000,7,7,true
1516,2,PathTracing.Trace,0,0,false,0.677568000,7,7,true
1516,3,Ui.Overlay,0,0,false,0.016544000,7,7,true
1516,4,DLSS.RayReconstruction,1,1,false,1.504832000,7,7,true
1516,5,Present.Convert,1,1,false,0.045344000,7,7,true
1516,6,Present.CopyToSwapchain,1,2,true,0.023584000,7,7,true
1517,0,ASBuild.BuildTLAS,0,0,false,0.125664000,7,7,true
1517,1,LightPrepare.Upload,0,0,false,0.002048000,7,7,true
1517,2,PathTracing.Trace,0,0,false,0.628640000,7,7,true
1517,3,Ui.Overlay,0,0,false,0.012768000,7,7,true
1517,4,DLSS.RayReconstruction,1,1,false,1.017600000,7,7,true
1517,5,Present.Convert,1,1,false,0.047200000,7,7,true
1517,6,Present.CopyToSwapchain,1,2,true,0.024128000,7,7,true
1518,0,ASBuild.BuildTLAS,0,0,false,0.115712000,7,7,true
1518,1,LightPrepare.Upload,0,0,false,0.005696000,7,7,true
1518,2,PathTracing.Trace,0,0,false,0.696672000,7,7,true
1518,3,Ui.Overlay,0,0,false,0.023840000,7,7,true
1518,4,DLSS.RayReconstruction,1,1,false,1.794496000,7,7,true
1518,5,Present.Convert,1,1,false,0.045408000,7,7,true
1518,6,Present.CopyToSwapchain,1,2,true,0.022304000,7,7,true
1519,0,ASBuild.BuildTLAS,0,0,false,0.120384000,7,7,true
1519,1,LightPrepare.Upload,0,0,false,0.001504000,7,7,true
1519,2,PathTracing.Trace,0,0,false,0.616960000,7,7,true
1519,3,Ui.Overlay,0,0,false,0.012576000,7,7,true
1519,4,DLSS.RayReconstruction,1,1,false,1.013760000,7,7,true
1519,5,Present.Convert,1,1,false,0.045344000,7,7,true
1519,6,Present.CopyToSwapchain,1,2,true,0.023296000,7,7,true
1520,0,ASBuild.BuildTLAS,0,0,false,0.133440000,7,7,true
1520,1,LightPrepare.Upload,0,0,false,0.001888000,7,7,true
1520,2,PathTracing.Trace,0,0,false,0.684096000,7,7,true
1520,3,Ui.Overlay,0,0,false,0.013312000,7,7,true
1520,4,DLSS.RayReconstruction,1,1,false,2.026880000,7,7,true
1520,5,Present.Convert,1,1,false,0.325568000,7,7,true
1520,6,Present.CopyToSwapchain,1,2,true,0.203232000,7,7,true
1521,0,ASBuild.BuildTLAS,0,0,false,0.434112000,7,7,true
1521,1,LightPrepare.Upload,0,0,false,0.001824000,7,7,true
1521,2,PathTracing.Trace,0,0,false,0.676000000,7,7,true
1521,3,Ui.Overlay,0,0,false,0.012480000,7,7,true
1521,4,DLSS.RayReconstruction,1,1,false,1.021440000,7,7,true
1521,5,Present.Convert,1,1,false,0.047488000,7,7,true
1521,6,Present.CopyToSwapchain,1,2,true,0.022336000,7,7,true
1522,0,ASBuild.BuildTLAS,0,0,false,0.131104000,7,7,true
1522,1,LightPrepare.Upload,0,0,false,0.002112000,7,7,true
1522,2,PathTracing.Trace,0,0,false,0.826208000,7,7,true
1522,3,Ui.Overlay,0,0,false,0.013888000,7,7,true
1522,4,DLSS.RayReconstruction,1,1,false,1.455424000,7,7,true
1522,5,Present.Convert,1,1,false,0.045344000,7,7,true
1522,6,Present.CopyToSwapchain,1,2,true,0.022112000,7,7,true
1523,0,ASBuild.BuildTLAS,0,0,false,0.104352000,7,7,true
1523,1,LightPrepare.Upload,0,0,false,0.001536000,7,7,true
1523,2,PathTracing.Trace,0,0,false,0.578048000,7,7,true
1523,3,Ui.Overlay,0,0,false,0.012384000,7,7,true
1523,4,DLSS.RayReconstruction,1,1,false,1.188128000,7,7,true
1523,5,Present.Convert,1,1,false,0.105920000,7,7,true
1523,6,Present.CopyToSwapchain,1,2,true,0.319648000,7,7,true
1524,0,ASBuild.BuildTLAS,0,0,false,0.154240000,7,7,true
1524,1,LightPrepare.Upload,0,0,false,0.001824000,7,7,true
1524,2,PathTracing.Trace,0,0,false,0.698528000,7,7,true
1524,3,Ui.Overlay,0,0,false,0.020480000,7,7,true
1524,4,DLSS.RayReconstruction,1,1,false,1.478144000,7,7,true
1524,5,Present.Convert,1,1,false,0.045376000,7,7,true
1524,6,Present.CopyToSwapchain,1,2,true,0.021856000,7,7,true
1525,0,ASBuild.BuildTLAS,0,0,false,0.126944000,7,7,true
1525,1,LightPrepare.Upload,0,0,false,0.002304000,7,7,true
1525,2,PathTracing.Trace,0,0,false,0.601504000,7,7,true
1525,3,Ui.Overlay,0,0,false,0.012416000,7,7,true
1525,4,DLSS.RayReconstruction,1,1,false,1.360192000,7,7,true
1525,5,Present.Convert,1,1,false,0.094784000,7,7,true
1525,6,Present.CopyToSwapchain,1,2,true,0.280192000,7,7,true
1526,0,ASBuild.BuildTLAS,0,0,false,0.130112000,7,7,true
1526,1,LightPrepare.Upload,0,0,false,0.001984000,7,7,true
1526,2,PathTracing.Trace,0,0,false,0.665568000,7,7,true
1526,3,Ui.Overlay,0,0,false,0.020288000,7,7,true
1526,4,DLSS.RayReconstruction,1,1,false,1.509376000,7,7,true
1526,5,Present.Convert,1,1,false,0.047456000,7,7,true
1526,6,Present.CopyToSwapchain,1,2,true,0.023264000,7,7,true
1527,0,ASBuild.BuildTLAS,0,0,false,0.401888000,7,7,true
1527,1,LightPrepare.Upload,0,0,false,0.005888000,7,7,true
1527,2,PathTracing.Trace,0,0,false,0.605344000,7,7,true
1527,3,Ui.Overlay,0,0,false,0.012736000,7,7,true
1527,4,DLSS.RayReconstruction,1,1,false,1.019584000,7,7,true
1527,5,Present.Convert,1,1,false,0.047360000,7,7,true
1527,6,Present.CopyToSwapchain,1,2,true,0.024192000,7,7,true
1528,0,ASBuild.BuildTLAS,0,0,false,0.126624000,7,7,true
1528,1,LightPrepare.Upload,0,0,false,0.001984000,7,7,true
1528,2,PathTracing.Trace,0,0,false,0.665568000,7,7,true
1528,3,Ui.Overlay,0,0,false,0.030208000,7,7,true
1528,4,DLSS.RayReconstruction,1,1,false,1.466240000,7,7,true
1528,5,Present.Convert,1,1,false,0.045376000,7,7,true
1528,6,Present.CopyToSwapchain,1,2,true,0.023168000,7,7,true
1529,0,ASBuild.BuildTLAS,0,0,false,0.126016000,7,7,true
1529,1,LightPrepare.Upload,0,0,false,0.001504000,7,7,true
1529,2,PathTracing.Trace,0,0,false,0.580096000,7,7,true
1529,3,Ui.Overlay,0,0,false,0.012224000,7,7,true
1529,4,DLSS.RayReconstruction,1,1,false,1.005216000,7,7,true
1529,5,Present.Convert,1,1,false,0.225984000,7,7,true
1529,6,Present.CopyToSwapchain,1,2,true,0.021984000,7,7,true
1530,0,ASBuild.BuildTLAS,0,0,false,0.133984000,7,7,true
1530,1,LightPrepare.Upload,0,0,false,0.001856000,7,7,true
1530,2,PathTracing.Trace,0,0,false,0.661632000,7,7,true
1530,3,Ui.Overlay,0,0,false,0.027296000,7,7,true
1530,4,DLSS.RayReconstruction,1,1,false,2.255136000,7,7,true
1530,5,Present.Convert,1,1,false,0.045376000,7,7,true
1530,6,Present.CopyToSwapchain,1,2,true,0.022528000,7,7,true
1531,0,ASBuild.BuildTLAS,0,0,false,0.124480000,7,7,true
1531,1,LightPrepare.Upload,0,0,false,0.001984000,7,7,true
1531,2,PathTracing.Trace,0,0,false,0.848864000,7,7,true
1531,3,Ui.Overlay,0,0,false,0.027264000,7,7,true
1531,4,DLSS.RayReconstruction,1,1,false,1.458432000,7,7,true
1531,5,Present.Convert,1,1,false,0.355712000,7,7,true
1531,6,Present.CopyToSwapchain,1,2,true,0.039072000,7,7,true
1532,0,ASBuild.BuildTLAS,0,0,false,0.119968000,7,7,true
1532,1,LightPrepare.Upload,0,0,false,0.001952000,7,7,true
1532,2,PathTracing.Trace,0,0,false,0.624640000,7,7,true
1532,3,Ui.Overlay,0,0,false,0.030944000,7,7,true
1532,4,DLSS.RayReconstruction,1,1,false,1.479424000,7,7,true
1532,5,Present.Convert,1,1,false,0.057536000,7,7,true
1532,6,Present.CopyToSwapchain,1,2,true,0.023040000,7,7,true
1533,0,ASBuild.BuildTLAS,0,0,false,0.132448000,7,7,true
1533,1,LightPrepare.Upload,0,0,false,0.001888000,7,7,true
1533,2,PathTracing.Trace,0,0,false,0.663616000,7,7,true
1533,3,Ui.Overlay,0,0,false,0.012864000,7,7,true
1533,4,DLSS.RayReconstruction,1,1,false,1.007232000,7,7,true
1533,5,Present.Convert,1,1,false,0.049440000,7,7,true
1533,6,Present.CopyToSwapchain,1,2,true,0.022304000,7,7,true
1534,0,ASBuild.BuildTLAS,0,0,false,0.129312000,7,7,true
1534,1,LightPrepare.Upload,0,0,false,0.002112000,7,7,true
1534,2,PathTracing.Trace,0,0,false,0.673632000,7,7,true
1534,3,Ui.Overlay,0,0,false,0.012352000,7,7,true
1534,4,DLSS.RayReconstruction,1,1,false,1.468192000,7,7,true
1534,5,Present.Convert,1,1,false,0.045344000,7,7,true
1534,6,Present.CopyToSwapchain,1,2,true,0.023392000,7,7,true
1535,0,ASBuild.BuildTLAS,0,0,false,0.124384000,7,7,true
1535,1,LightPrepare.Upload,0,0,false,0.001600000,7,7,true
1535,2,PathTracing.Trace,0,0,false,0.590272000,7,7,true
1535,3,Ui.Overlay,0,0,false,0.012416000,7,7,true
1535,4,DLSS.RayReconstruction,1,1,false,1.001088000,7,7,true
1535,5,Present.Convert,1,1,false,0.045344000,7,7,true
1535,6,Present.CopyToSwapchain,1,2,true,0.253216000,7,7,true
1536,0,ASBuild.BuildTLAS,0,0,false,0.143360000,7,7,true
1536,1,LightPrepare.Upload,0,0,false,0.007232000,7,7,true
1536,2,PathTracing.Trace,0,0,false,0.648128000,7,7,true
1536,3,Ui.Overlay,0,0,false,0.022624000,7,7,true
1536,4,DLSS.RayReconstruction,1,1,false,1.468000000,7,7,true
1536,5,Present.Convert,1,1,false,0.045408000,7,7,true
1536,6,Present.CopyToSwapchain,1,2,true,0.024000000,7,7,true
1537,0,ASBuild.BuildTLAS,0,0,false,0.357632000,7,7,true
1537,1,LightPrepare.Upload,0,0,false,0.001472000,7,7,true
1537,2,PathTracing.Trace,0,0,false,0.627264000,7,7,true
1537,3,Ui.Overlay,0,0,false,0.012480000,7,7,true
1537,4,DLSS.RayReconstruction,1,1,false,1.007264000,7,7,true
1537,5,Present.Convert,1,1,false,0.045312000,7,7,true
1537,6,Present.CopyToSwapchain,1,2,true,0.023968000,7,7,true
1538,0,ASBuild.BuildTLAS,0,0,false,0.120608000,7,7,true
1538,1,LightPrepare.Upload,0,0,false,0.005984000,7,7,true
1538,2,PathTracing.Trace,0,0,false,0.710720000,7,7,true
1538,3,Ui.Overlay,0,0,false,0.031840000,7,7,true
1538,4,DLSS.RayReconstruction,1,1,false,1.528928000,7,7,true
1538,5,Present.Convert,1,1,false,0.047456000,7,7,true
1538,6,Present.CopyToSwapchain,1,2,true,0.023744000,7,7,true
1539,0,ASBuild.BuildTLAS,0,0,false,0.131904000,7,7,true
1539,1,LightPrepare.Upload,0,0,false,0.001504000,7,7,true
1539,2,PathTracing.Trace,0,0,false,0.587296000,7,7,true
1539,3,Ui.Overlay,0,0,false,0.012576000,7,7,true
1539,4,DLSS.RayReconstruction,1,1,false,1.310592000,7,7,true
1539,5,Present.Convert,1,1,false,0.056832000,7,7,true
1539,6,Present.CopyToSwapchain,1,2,true,0.170464000,7,7,true
1540,0,ASBuild.BuildTLAS,0,0,false,0.130400000,7,7,true
1540,1,LightPrepare.Upload,0,0,false,0.002848000,7,7,true
1540,2,PathTracing.Trace,0,0,false,0.709760000,7,7,true
1540,3,Ui.Overlay,0,0,false,0.012544000,7,7,true
1540,4,DLSS.RayReconstruction,1,1,false,1.508288000,7,7,true
1540,5,Present.Convert,1,1,false,0.045440000,7,7,true
1540,6,Present.CopyToSwapchain,1,2,true,0.022112000,7,7,true
1541,0,ASBuild.BuildTLAS,0,0,false,0.138272000,7,7,true
1541,1,LightPrepare.Upload,0,0,false,0.002560000,7,7,true
1541,2,PathTracing.Trace,0,0,false,0.607648000,7,7,true
1541,3,Ui.Overlay,0,0,false,0.012640000,7,7,true
1541,4,DLSS.RayReconstruction,1,1,false,2.062624000,7,7,true
1541,5,Present.Convert,1,1,false,0.064928000,7,7,true
1541,6,Present.CopyToSwapchain,1,2,true,0.023552000,7,7,true
1542,0,ASBuild.BuildTLAS,0,0,false,0.135328000,7,7,true
1542,1,LightPrepare.Upload,0,0,false,0.002912000,7,7,true
1542,2,PathTracing.Trace,0,0,false,0.697408000,7,7,true
1542,3,Ui.Overlay,0,0,false,0.027808000,7,7,true
1542,4,DLSS.RayReconstruction,1,1,false,1.008672000,7,7,true
1542,5,Present.Convert,1,1,false,0.047424000,7,7,true
1542,6,Present.CopyToSwapchain,1,2,true,0.022560000,7,7,true
1543,0,ASBuild.BuildTLAS,0,0,false,0.126784000,7,7,true
1543,1,LightPrepare.Upload,0,0,false,0.002080000,7,7,true
1543,2,PathTracing.Trace,0,0,false,1.284960000,7,7,true
1543,3,Ui.Overlay,0,0,false,0.017344000,7,7,true
1543,4,DLSS.RayReconstruction,1,1,false,1.785504000,7,7,true
1543,5,Present.Convert,1,1,false,0.065856000,7,7,true
1543,6,Present.CopyToSwapchain,1,2,true,0.025728000,7,7,true
1544,0,ASBuild.BuildTLAS,0,0,false,0.119232000,7,7,true
1544,1,LightPrepare.Upload,0,0,false,0.001696000,7,7,true
1544,2,PathTracing.Trace,0,0,false,0.591200000,7,7,true
1544,3,Ui.Overlay,0,0,false,0.018432000,7,7,true
1544,4,DLSS.RayReconstruction,1,1,false,1.019328000,7,7,true
1544,5,Present.Convert,1,1,false,0.356384000,7,7,true
1544,6,Present.CopyToSwapchain,1,2,true,0.171872000,7,7,true
1545,0,ASBuild.BuildTLAS,0,0,false,0.129632000,7,7,true
1545,1,LightPrepare.Upload,0,0,false,0.002080000,7,7,true
1545,2,PathTracing.Trace,0,0,false,0.706400000,7,7,true
1545,3,Ui.Overlay,0,0,false,0.012608000,7,7,true
1545,4,DLSS.RayReconstruction,1,1,false,2.024352000,7,7,true
1545,5,Present.Convert,1,1,false,0.046720000,7,7,true
1545,6,Present.CopyToSwapchain,1,2,true,0.024640000,7,7,true
1546,0,ASBuild.BuildTLAS,0,0,false,0.125472000,7,7,true
1546,1,LightPrepare.Upload,0,0,false,0.002112000,7,7,true
1546,2,PathTracing.Trace,0,0,false,0.663392000,7,7,true
1546,3,Ui.Overlay,0,0,false,0.012672000,7,7,true
1546,4,DLSS.RayReconstruction,1,1,false,1.250816000,7,7,true
1546,5,Present.Convert,1,1,false,0.270464000,7,7,true
1546,6,Present.CopyToSwapchain,1,2,true,0.032512000,7,7,true
1547,0,ASBuild.BuildTLAS,0,0,false,0.127072000,7,7,true
1547,1,LightPrepare.Upload,0,0,false,0.002080000,7,7,true
1547,2,PathTracing.Trace,0,0,false,0.891776000,7,7,true
1547,3,Ui.Overlay,0,0,false,0.029664000,7,7,true
1547,4,DLSS.RayReconstruction,1,1,false,1.507360000,7,7,true
1547,5,Present.Convert,1,1,false,0.049152000,7,7,true
1547,6,Present.CopyToSwapchain,1,2,true,0.026080000,7,7,true
1548,0,ASBuild.BuildTLAS,0,0,false,0.125568000,7,7,true
1548,1,LightPrepare.Upload,0,0,false,0.003424000,7,7,true
1548,2,PathTracing.Trace,0,0,false,0.643648000,7,7,true
1548,3,Ui.Overlay,0,0,false,0.012672000,7,7,true
1548,4,DLSS.RayReconstruction,1,1,false,1.019936000,7,7,true
1548,5,Present.Convert,1,1,false,0.045376000,7,7,true
1548,6,Present.CopyToSwapchain,1,2,true,0.024064000,7,7,true
1549,0,ASBuild.BuildTLAS,0,0,false,0.126240000,7,7,true
1549,1,LightPrepare.Upload,0,0,false,0.002112000,7,7,true
1549,2,PathTracing.Trace,0,0,false,0.663392000,7,7,true
1549,3,Ui.Overlay,0,0,false,0.024512000,7,7,true
1549,4,DLSS.RayReconstruction,1,1,false,1.928128000,7,7,true
1549,5,Present.Convert,1,1,false,0.178688000,7,7,true
1549,6,Present.CopyToSwapchain,1,2,true,0.350592000,7,7,true
1550,0,ASBuild.BuildTLAS,0,0,false,0.124864000,7,7,true
1550,1,LightPrepare.Upload,0,0,false,0.002304000,7,7,true
1550,2,PathTracing.Trace,0,0,false,1.108640000,7,7,true
1550,3,Ui.Overlay,0,0,false,0.028384000,7,7,true
1550,4,DLSS.RayReconstruction,1,1,false,1.023712000,7,7,true
1550,5,Present.Convert,1,1,false,0.340000000,7,7,true
1550,6,Present.CopyToSwapchain,1,2,true,0.672512000,7,7,true
1551,0,ASBuild.BuildTLAS,0,0,false,0.126848000,7,7,true
1551,1,LightPrepare.Upload,0,0,false,0.002272000,7,7,true
1551,2,PathTracing.Trace,0,0,false,0.991904000,7,7,true
1551,3,Ui.Overlay,0,0,false,0.014272000,7,7,true
1551,4,DLSS.RayReconstruction,1,1,false,0.998720000,7,7,true
1551,5,Present.Convert,1,1,false,0.045344000,7,7,true
1551,6,Present.CopyToSwapchain,1,2,true,0.024640000,7,7,true
1552,0,ASBuild.BuildTLAS,0,0,false,0.128512000,7,7,true
1552,1,LightPrepare.Upload,0,0,false,0.002144000,7,7,true
1552,2,PathTracing.Trace,0,0,false,0.797472000,7,7,true
1552,3,Ui.Overlay,0,0,false,0.017088000,7,7,true
1552,4,DLSS.RayReconstruction,1,1,false,1.523072000,7,7,true
1552,5,Present.Convert,1,1,false,0.045088000,7,7,true
1552,6,Present.CopyToSwapchain,1,2,true,0.023872000,7,7,true
1553,0,ASBuild.BuildTLAS,0,0,false,0.119904000,7,7,true
1553,1,LightPrepare.Upload,0,0,false,0.002112000,7,7,true
1553,2,PathTracing.Trace,0,0,false,0.696128000,7,7,true
1553,3,Ui.Overlay,0,0,false,0.030560000,7,7,true
1553,4,DLSS.RayReconstruction,1,1,false,2.311872000,7,7,true
1553,5,Present.Convert,1,1,false,0.057568000,7,7,true
1553,6,Present.CopyToSwapchain,1,2,true,0.023456000,7,7,true
1554,0,ASBuild.BuildTLAS,0,0,false,0.461600000,7,7,true
1554,1,LightPrepare.Upload,0,0,false,0.006304000,7,7,true
1554,2,PathTracing.Trace,0,0,false,0.694016000,7,7,true
1554,3,Ui.Overlay,0,0,false,0.012704000,7,7,true
1554,4,DLSS.RayReconstruction,1,1,false,1.012000000,7,7,true
1554,5,Present.Convert,1,1,false,0.047168000,7,7,true
1554,6,Present.CopyToSwapchain,1,2,true,0.026400000,7,7,true
1555,0,ASBuild.BuildTLAS,0,0,false,0.124768000,7,7,true
1555,1,LightPrepare.Upload,0,0,false,0.002080000,7,7,true
1555,2,PathTracing.Trace,0,0,false,0.699264000,7,7,true
1555,3,Ui.Overlay,0,0,false,0.012096000,7,7,true
1555,4,DLSS.RayReconstruction,1,1,false,2.581472000,7,7,true
1555,5,Present.Convert,1,1,false,0.050528000,7,7,true
1555,6,Present.CopyToSwapchain,1,2,true,0.022432000,7,7,true
1556,0,ASBuild.BuildTLAS,0,0,false,0.155232000,7,7,true
1556,1,LightPrepare.Upload,0,0,false,0.002208000,7,7,true
1556,2,PathTracing.Trace,0,0,false,1.171200000,7,7,true
1556,3,Ui.Overlay,0,0,false,0.015072000,7,7,true
1556,4,DLSS.RayReconstruction,1,1,false,1.620640000,7,7,true
1556,5,Present.Convert,1,1,false,0.173728000,7,7,true
1556,6,Present.CopyToSwapchain,1,2,true,0.030592000,7,7,true
1557,0,ASBuild.BuildTLAS,0,0,false,0.097120000,7,7,true
1557,1,LightPrepare.Upload,0,0,false,0.002912000,7,7,true
1557,2,PathTracing.Trace,0,0,false,0.877664000,7,7,true
1557,3,Ui.Overlay,0,0,false,0.022144000,7,7,true
1557,4,DLSS.RayReconstruction,1,1,false,1.488544000,7,7,true
1557,5,Present.Convert,1,1,false,0.055200000,7,7,true
1557,6,Present.CopyToSwapchain,1,2,true,0.026752000,7,7,true
1558,0,ASBuild.BuildTLAS,0,0,false,0.125440000,7,7,true
1558,1,LightPrepare.Upload,0,0,false,0.002080000,7,7,true
1558,2,PathTracing.Trace,0,0,false,0.929664000,7,7,true
1558,3,Ui.Overlay,0,0,false,0.012928000,7,7,true
1558,4,DLSS.RayReconstruction,1,1,false,1.009216000,7,7,true
1558,5,Present.Convert,1,1,false,0.045376000,7,7,true
1558,6,Present.CopyToSwapchain,1,2,true,0.024640000,7,7,true
1559,0,ASBuild.BuildTLAS,0,0,false,0.125504000,7,7,true
1559,1,LightPrepare.Upload,0,0,false,0.002112000,7,7,true
1559,2,PathTracing.Trace,0,0,false,0.716576000,7,7,true
1559,3,Ui.Overlay,0,0,false,0.012480000,7,7,true
1559,4,DLSS.RayReconstruction,1,1,false,1.459552000,7,7,true
1559,5,Present.Convert,1,1,false,0.045408000,7,7,true
1559,6,Present.CopyToSwapchain,1,2,true,0.023520000,7,7,true
1560,0,ASBuild.BuildTLAS,0,0,false,0.131296000,7,7,true
1560,1,LightPrepare.Upload,0,0,false,0.001664000,7,7,true
1560,2,PathTracing.Trace,0,0,false,0.605568000,7,7,true
1560,3,Ui.Overlay,0,0,false,0.012576000,7,7,true
1560,4,DLSS.RayReconstruction,1,1,false,0.998624000,7,7,true
1560,5,Present.Convert,1,1,false,0.047584000,7,7,true
1560,6,Present.CopyToSwapchain,1,2,true,0.023296000,7,7,true
1561,0,ASBuild.BuildTLAS,0,0,false,0.156448000,7,7,true
1561,1,LightPrepare.Upload,0,0,false,0.002528000,7,7,true
1561,2,PathTracing.Trace,0,0,false,0.695744000,7,7,true
1561,3,Ui.Overlay,0,0,false,0.019872000,7,7,true
1561,4,DLSS.RayReconstruction,1,1,false,1.513152000,7,7,true
1561,5,Present.Convert,1,1,false,0.047360000,7,7,true
1561,6,Present.CopyToSwapchain,1,2,true,0.024320000,7,7,true
1562,0,ASBuild.BuildTLAS,0,0,false,0.347904000,7,7,true
1562,1,LightPrepare.Upload,0,0,false,0.001920000,7,7,true
1562,2,PathTracing.Trace,0,0,false,0.569440000,7,7,true
1562,3,Ui.Overlay,0,0,false,0.012512000,7,7,true
1562,4,DLSS.RayReconstruction,1,1,false,0.996864000,7,7,true
1562,5,Present.Convert,1,1,false,0.046208000,7,7,true
1562,6,Present.CopyToSwapchain,1,2,true,0.197696000,7,7,true
1563,0,ASBuild.BuildTLAS,0,0,false,0.125376000,7,7,true
1563,1,LightPrepare.Upload,0,0,false,0.002048000,7,7,true
1563,2,PathTracing.Trace,0,0,false,0.716736000,7,7,true
1563,3,Ui.Overlay,0,0,false,0.021504000,7,7,true
1563,4,DLSS.RayReconstruction,1,1,false,1.505024000,7,7,true
1563,5,Present.Convert,1,1,false,0.045664000,7,7,true
1563,6,Present.CopyToSwapchain,1,2,true,0.023552000,7,7,true
1564,0,ASBuild.BuildTLAS,0,0,false,0.096288000,7,7,true
1564,1,LightPrepare.Upload,0,0,false,0.001760000,7,7,true
1564,2,PathTracing.Trace,0,0,false,0.586016000,7,7,true
1564,3,Ui.Overlay,0,0,false,0.012800000,7,7,true
1564,4,DLSS.RayReconstruction,1,1,false,0.998304000,7,7,true
1564,5,Present.Convert,1,1,false,0.045344000,7,7,true
1564,6,Present.CopyToSwapchain,1,2,true,0.023840000,7,7,true
1565,0,ASBuild.BuildTLAS,0,0,false,0.095168000,7,7,true
1565,1,LightPrepare.Upload,0,0,false,0.002016000,7,7,true
1565,2,PathTracing.Trace,0,0,false,0.769984000,7,7,true
1565,3,Ui.Overlay,0,0,false,0.029184000,7,7,true
1565,4,DLSS.RayReconstruction,1,1,false,2.035008000,7,7,true
1565,5,Present.Convert,1,1,false,0.051456000,7,7,true
1565,6,Present.CopyToSwapchain,1,2,true,0.022240000,7,7,true
1566,0,ASBuild.BuildTLAS,0,0,false,0.120256000,7,7,true
1566,1,LightPrepare.Upload,0,0,false,0.002112000,7,7,true
1566,2,PathTracing.Trace,0,0,false,0.753504000,7,7,true
1566,3,Ui.Overlay,0,0,false,0.029056000,7,7,true
1566,4,DLSS.RayReconstruction,1,1,false,1.777760000,7,7,true
1566,5,Present.Convert,1,1,false,0.060960000,7,7,true
1566,6,Present.CopyToSwapchain,1,2,true,0.027104000,7,7,true
1567,0,ASBuild.BuildTLAS,0,0,false,0.126208000,7,7,true
1567,1,LightPrepare.Upload,0,0,false,0.002112000,7,7,true
1567,2,PathTracing.Trace,0,0,false,0.632672000,7,7,true
1567,3,Ui.Overlay,0,0,false,0.016320000,7,7,true
1567,4,DLSS.RayReconstruction,1,1,false,1.003296000,7,7,true
1567,5,Present.Convert,1,1,false,0.045088000,7,7,true
1567,6,Present.CopyToSwapchain,1,2,true,0.023520000,7,7,true
1568,0,ASBuild.BuildTLAS,0,0,false,0.130304000,7,7,true
1568,1,LightPrepare.Upload,0,0,false,0.002112000,7,7,true
1568,2,PathTracing.Trace,0,0,false,0.698176000,7,7,true
1568,3,Ui.Overlay,0,0,false,0.012768000,7,7,true
1568,4,DLSS.RayReconstruction,1,1,false,1.800288000,7,7,true
1568,5,Present.Convert,1,1,false,0.062784000,7,7,true
1568,6,Present.CopyToSwapchain,1,2,true,0.024128000,7,7,true
1569,0,ASBuild.BuildTLAS,0,0,false,0.123648000,7,7,true
1569,1,LightPrepare.Upload,0,0,false,0.002048000,7,7,true
1569,2,PathTracing.Trace,0,0,false,0.667552000,7,7,true
1569,3,Ui.Overlay,0,0,false,0.028128000,7,7,true
1569,4,DLSS.RayReconstruction,1,1,false,1.791360000,7,7,true
1569,5,Present.Convert,1,1,false,0.053536000,7,7,true
1569,6,Present.CopyToSwapchain,1,2,true,0.022400000,7,7,true
1570,0,ASBuild.BuildTLAS,0,0,false,0.129280000,7,7,true
1570,1,LightPrepare.Upload,0,0,false,0.001632000,7,7,true
1570,2,PathTracing.Trace,0,0,false,0.976256000,7,7,true
1570,3,Ui.Overlay,0,0,false,0.023808000,7,7,true
1570,4,DLSS.RayReconstruction,1,1,false,1.183328000,7,7,true
1570,5,Present.Convert,1,1,false,0.054880000,7,7,true
1570,6,Present.CopyToSwapchain,1,2,true,0.119296000,7,7,true
1571,0,ASBuild.BuildTLAS,0,0,false,0.123936000,7,7,true
1571,1,LightPrepare.Upload,0,0,false,0.002080000,7,7,true
1571,2,PathTracing.Trace,0,0,false,0.661376000,7,7,true
1571,3,Ui.Overlay,0,0,false,0.015936000,7,7,true
1571,4,DLSS.RayReconstruction,1,1,false,1.476256000,7,7,true
1571,5,Present.Convert,1,1,false,0.045408000,7,7,true
1571,6,Present.CopyToSwapchain,1,2,true,0.021696000,7,7,true
1572,0,ASBuild.BuildTLAS,0,0,false,0.131904000,7,7,true
1572,1,LightPrepare.Upload,0,0,false,0.003360000,7,7,true
1572,2,PathTracing.Trace,0,0,false,0.579040000,7,7,true
1572,3,Ui.Overlay,0,0,false,0.012608000,7,7,true
1572,4,DLSS.RayReconstruction,1,1,false,0.994880000,7,7,true
1572,5,Present.Convert,1,1,false,0.047456000,7,7,true
1572,6,Present.CopyToSwapchain,1,2,true,0.023488000,7,7,true
1573,0,ASBuild.BuildTLAS,0,0,false,0.100416000,7,7,true
1573,1,LightPrepare.Upload,0,0,false,0.002240000,7,7,true
1573,2,PathTracing.Trace,0,0,false,0.650944000,7,7,true
1573,3,Ui.Overlay,0,0,false,0.015104000,7,7,true
1573,4,DLSS.RayReconstruction,1,1,false,1.486304000,7,7,true
1573,5,Present.Convert,1,1,false,0.053568000,7,7,true
1573,6,Present.CopyToSwapchain,1,2,true,0.023776000,7,7,true
1574,0,ASBuild.BuildTLAS,0,0,false,0.114176000,7,7,true
1574,1,LightPrepare.Upload,0,0,false,0.001664000,7,7,true
1574,2,PathTracing.Trace,0,0,false,0.568704000,7,7,true
1574,3,Ui.Overlay,0,0,false,0.012864000,7,7,true
1574,4,DLSS.RayReconstruction,1,1,false,0.992128000,7,7,true
1574,5,Present.Convert,1,1,false,0.045248000,7,7,true
1574,6,Present.CopyToSwapchain,1,2,true,0.024064000,7,7,true
1575,0,ASBuild.BuildTLAS,0,0,false,0.122080000,7,7,true
1575,1,LightPrepare.Upload,0,0,false,0.002432000,7,7,true
1575,2,PathTracing.Trace,0,0,false,0.650784000,7,7,true
1575,3,Ui.Overlay,0,0,false,0.014912000,7,7,true
1575,4,DLSS.RayReconstruction,1,1,false,2.169856000,7,7,true
1575,5,Present.Convert,1,1,false,0.045376000,7,7,true
1575,6,Present.CopyToSwapchain,1,2,true,0.024256000,7,7,true
1576,0,ASBuild.BuildTLAS,0,0,false,0.121984000,7,7,true
1576,1,LightPrepare.Upload,0,0,false,0.002240000,7,7,true
1576,2,PathTracing.Trace,0,0,false,0.675552000,7,7,true
1576,3,Ui.Overlay,0,0,false,0.027136000,7,7,true
1576,4,DLSS.RayReconstruction,1,1,false,1.648896000,7,7,true
1576,5,Present.Convert,1,1,false,0.065984000,7,7,true
1576,6,Present.CopyToSwapchain,1,2,true,0.025312000,7,7,true
1577,0,ASBuild.BuildTLAS,0,0,false,0.159840000,7,7,true
1577,1,LightPrepare.Upload,0,0,false,0.002080000,7,7,true
1577,2,PathTracing.Trace,0,0,false,0.675680000,7,7,true
1577,3,Ui.Overlay,0,0,false,0.025088000,7,7,true
1577,4,DLSS.RayReconstruction,1,1,false,1.490304000,7,7,true
1577,5,Present.Convert,1,1,false,0.047360000,7,7,true
1577,6,Present.CopyToSwapchain,1,2,true,0.025664000,7,7,true
1578,0,ASBuild.BuildTLAS,0,0,false,0.314464000,7,7,true
1578,1,LightPrepare.Upload,0,0,false,0.002368000,7,7,true
1578,2,PathTracing.Trace,0,0,false,0.692800000,7,7,true
1578,3,Ui.Overlay,0,0,false,0.012704000,7,7,true
1578,4,DLSS.RayReconstruction,1,1,false,0.992544000,7,7,true
1578,5,Present.Convert,1,1,false,0.045376000,7,7,true
1578,6,Present.CopyToSwapchain,1,2,true,0.024512000,7,7,true
1579,0,ASBuild.BuildTLAS,0,0,false,0.124064000,7,7,true
1579,1,LightPrepare.Upload,0,0,false,0.002432000,7,7,true
1579,2,PathTracing.Trace,0,0,false,0.724512000,7,7,true
1579,3,Ui.Overlay,0,0,false,0.012288000,7,7,true
1579,4,DLSS.RayReconstruction,1,1,false,1.541792000,7,7,true
1579,5,Present.Convert,1,1,false,0.047360000,7,7,true
1579,6,Present.CopyToSwapchain,1,2,true,0.110336000,7,7,true
1580,0,ASBuild.BuildTLAS,0,0,false,0.142560000,7,7,true
1580,1,LightPrepare.Upload,0,0,false,0.002112000,7,7,true
1580,2,PathTracing.Trace,0,0,false,0.722784000,7,7,true
1580,3,Ui.Overlay,0,0,false,0.031840000,7,7,true
1580,4,DLSS.RayReconstruction,1,1,false,1.782048000,7,7,true
1580,5,Present.Convert,1,1,false,0.063008000,7,7,true
1580,6,Present.CopyToSwapchain,1,2,true,0.025312000,7,7,true
1581,0,ASBuild.BuildTLAS,0,0,false,0.127264000,7,7,true
1581,1,LightPrepare.Upload,0,0,false,0.004064000,7,7,true
1581,2,PathTracing.Trace,0,0,false,0.888704000,7,7,true
1581,3,Ui.Overlay,0,0,false,0.025696000,7,7,true
1581,4,DLSS.RayReconstruction,1,1,false,1.496608000,7,7,true
1581,5,Present.Convert,1,1,false,0.055360000,7,7,true
1581,6,Present.CopyToSwapchain,1,2,true,0.032416000,7,7,true
1582,0,ASBuild.BuildTLAS,0,0,false,0.295456000,7,7,true
1582,1,LightPrepare.Upload,0,0,false,0.002112000,7,7,true
1582,2,PathTracing.Trace,0,0,false,0.704352000,7,7,true
1582,3,Ui.Overlay,0,0,false,0.012384000,7,7,true
1582,4,DLSS.RayReconstruction,1,1,false,0.997216000,7,7,true
1582,5,Present.Convert,1,1,false,0.045344000,7,7,true
1582,6,Present.CopyToSwapchain,1,2,true,0.023872000,7,7,true
1583,0,ASBuild.BuildTLAS,0,0,false,0.126080000,7,7,true
1583,1,LightPrepare.Upload,0,0,false,0.003008000,7,7,true
1583,2,PathTracing.Trace,0,0,false,0.678880000,7,7,true
1583,3,Ui.Overlay,0,0,false,0.017312000,7,7,true
1583,4,DLSS.RayReconstruction,1,1,false,2.352704000,7,7,true
1583,5,Present.Convert,1,1,false,0.045408000,7,7,true
1583,6,Present.CopyToSwapchain,1,2,true,0.023328000,7,7,true
1584,0,ASBuild.BuildTLAS,0,0,false,0.458400000,7,7,true
1584,1,LightPrepare.Upload,0,0,false,0.002176000,7,7,true
1584,2,PathTracing.Trace,0,0,false,0.782112000,7,7,true
1584,3,Ui.Overlay,0,0,false,0.012832000,7,7,true
1584,4,DLSS.RayReconstruction,1,1,false,0.992736000,7,7,true
1584,5,Present.Convert,1,1,false,0.049408000,7,7,true
1584,6,Present.CopyToSwapchain,1,2,true,0.023232000,7,7,true
1585,0,ASBuild.BuildTLAS,0,0,false,0.126176000,7,7,true
1585,1,LightPrepare.Upload,0,0,false,0.002080000,7,7,true
1585,2,PathTracing.Trace,0,0,false,0.636800000,7,7,true
1585,3,Ui.Overlay,0,0,false,0.029216000,7,7,true
1585,4,DLSS.RayReconstruction,1,1,false,1.468000000,7,7,true
1585,5,Present.Convert,1,1,false,0.047488000,7,7,true
1585,6,Present.CopyToSwapchain,1,2,true,0.023424000,7,7,true
1586,0,ASBuild.BuildTLAS,0,0,false,0.116128000,7,7,true
1586,1,LightPrepare.Upload,0,0,false,0.001856000,7,7,true
1586,2,PathTracing.Trace,0,0,false,0.570560000,7,7,true
1586,3,Ui.Overlay,0,0,false,0.012800000,7,7,true
1586,4,DLSS.RayReconstruction,1,1,false,0.995072000,7,7,true
1586,5,Present.Convert,1,1,false,0.047360000,7,7,true
1586,6,Present.CopyToSwapchain,1,2,true,0.024064000,7,7,true
1587,0,ASBuild.BuildTLAS,0,0,false,0.138080000,7,7,true
1587,1,LightPrepare.Upload,0,0,false,0.002144000,7,7,true
1587,2,PathTracing.Trace,0,0,false,0.687968000,7,7,true
1587,3,Ui.Overlay,0,0,false,0.014880000,7,7,true
1587,4,DLSS.RayReconstruction,1,1,false,1.509248000,7,7,true
1587,5,Present.Convert,1,1,false,0.045312000,7,7,true
1587,6,Present.CopyToSwapchain,1,2,true,0.023936000,7,7,true
1588,0,ASBuild.BuildTLAS,0,0,false,0.092416000,7,7,true
1588,1,LightPrepare.Upload,0,0,false,0.001920000,7,7,true
1588,2,PathTracing.Trace,0,0,false,0.594048000,7,7,true
1588,3,Ui.Overlay,0,0,false,0.012736000,7,7,true
1588,4,DLSS.RayReconstruction,1,1,false,1.801568000,7,7,true
1588,5,Present.Convert,1,1,false,0.079136000,7,7,true
1588,6,Present.CopyToSwapchain,1,2,true,0.026784000,7,7,true
1589,0,ASBuild.BuildTLAS,0,0,false,0.154912000,7,7,true
1589,1,LightPrepare.Upload,0,0,false,0.002080000,7,7,true
1589,2,PathTracing.Trace,0,0,false,0.735104000,7,7,true
1589,3,Ui.Overlay,0,0,false,0.032992000,7,7,true
1589,4,DLSS.RayReconstruction,1,1,false,1.076192000,7,7,true
1589,5,Present.Convert,1,1,false,0.430144000,7,7,true
1589,6,Present.CopyToSwapchain,1,2,true,0.049568000,7,7,true
1590,0,ASBuild.BuildTLAS,0,0,false,0.128352000,7,7,true
1590,1,LightPrepare.Upload,0,0,false,0.002976000,7,7,true
1590,2,PathTracing.Trace,0,0,false,0.716800000,7,7,true
1590,3,Ui.Overlay,0,0,false,0.013056000,7,7,true
1590,4,DLSS.RayReconstruction,1,1,false,1.806432000,7,7,true
1590,5,Present.Convert,1,1,false,0.055488000,7,7,true
1590,6,Present.CopyToSwapchain,1,2,true,0.025632000,7,7,true
1591,0,ASBuild.BuildTLAS,0,0,false,0.125024000,7,7,true
1591,1,LightPrepare.Upload,0,0,false,0.002080000,7,7,true
1591,2,PathTracing.Trace,0,0,false,0.651136000,7,7,true
1591,3,Ui.Overlay,0,0,false,0.012512000,7,7,true
1591,4,DLSS.RayReconstruction,1,1,false,1.017344000,7,7,true
1591,5,Present.Convert,1,1,false,0.219424000,7,7,true
1591,6,Present.CopyToSwapchain,1,2,true,0.306272000,7,7,true
1592,0,ASBuild.BuildTLAS,0,0,false,0.126144000,7,7,true
1592,1,LightPrepare.Upload,0,0,false,0.002080000,7,7,true
1592,2,PathTracing.Trace,0,0,false,0.718720000,7,7,true
1592,3,Ui.Overlay,0,0,false,0.012416000,7,7,true
1592,4,DLSS.RayReconstruction,1,1,false,1.329856000,7,7,true
1592,5,Present.Convert,1,1,false,0.359296000,7,7,true
1592,6,Present.CopyToSwapchain,1,2,true,0.169216000,7,7,true
1593,0,ASBuild.BuildTLAS,0,0,false,0.129792000,7,7,true
1593,1,LightPrepare.Upload,0,0,false,0.001824000,7,7,true
1593,2,PathTracing.Trace,0,0,false,0.608384000,7,7,true
1593,3,Ui.Overlay,0,0,false,0.012320000,7,7,true
1593,4,DLSS.RayReconstruction,1,1,false,1.058144000,7,7,true
1593,5,Present.Convert,1,1,false,0.440224000,7,7,true
1593,6,Present.CopyToSwapchain,1,2,true,0.052416000,7,7,true
1594,0,ASBuild.BuildTLAS,0,0,false,0.128256000,7,7,true
1594,1,LightPrepare.Upload,0,0,false,0.002144000,7,7,true
1594,2,PathTracing.Trace,0,0,false,0.638752000,7,7,true
1594,3,Ui.Overlay,0,0,false,0.012672000,7,7,true
1594,4,DLSS.RayReconstruction,1,1,false,2.068544000,7,7,true
1594,5,Present.Convert,1,1,false,0.050464000,7,7,true
1594,6,Present.CopyToSwapchain,1,2,true,0.026560000,7,7,true
1595,0,ASBuild.BuildTLAS,0,0,false,0.125728000,7,7,true
1595,1,LightPrepare.Upload,0,0,false,0.002080000,7,7,true
1595,2,PathTracing.Trace,0,0,false,0.644960000,7,7,true
1595,3,Ui.Overlay,0,0,false,0.012224000,7,7,true
1595,4,DLSS.RayReconstruction,1,1,false,1.011296000,7,7,true
1595,5,Present.Convert,1,1,false,0.045376000,7,7,true
1595,6,Present.CopyToSwapchain,1,2,true,0.023776000,7,7,true
1596,0,ASBuild.BuildTLAS,0,0,false,0.111648000,7,7,true
1596,1,LightPrepare.Upload,0,0,false,0.002784000,7,7,true
1596,2,PathTracing.Trace,0,0,false,0.732128000,7,7,true
1596,3,Ui.Overlay,0,0,false,0.031232000,7,7,true
1596,4,DLSS.RayReconstruction,1,1,false,1.455968000,7,7,true
1596,5,Present.Convert,1,1,false,0.045376000,7,7,true
1596,6,Present.CopyToSwapchain,1,2,true,0.024192000,7,7,true
1597,0,ASBuild.BuildTLAS,0,0,false,0.093568000,7,7,true
1597,1,LightPrepare.Upload,0,0,false,0.001696000,7,7,true
1597,2,PathTracing.Trace,0,0,false,0.584000000,7,7,true
1597,3,Ui.Overlay,0,0,false,0.012768000,7,7,true
1597,4,DLSS.RayReconstruction,1,1,false,1.015776000,7,7,true
1597,5,Present.Convert,1,1,false,0.045280000,7,7,true
1597,6,Present.CopyToSwapchain,1,2,true,0.023968000,7,7,true
1598,0,ASBuild.BuildTLAS,0,0,false,0.138912000,7,7,true
1598,1,LightPrepare.Upload,0,0,false,0.002048000,7,7,true
1598,2,PathTracing.Trace,0,0,false,0.681888000,7,7,true
1598,3,Ui.Overlay,0,0,false,0.015136000,7,7,true
1598,4,DLSS.RayReconstruction,1,1,false,1.955200000,7,7,true
1598,5,Present.Convert,1,1,false,0.118848000,7,7,true
1598,6,Present.CopyToSwapchain,1,2,true,0.411616000,7,7,true
1599,0,ASBuild.BuildTLAS,0,0,false,0.095616000,7,7,true
1599,1,LightPrepare.Upload,0,0,false,0.002080000,7,7,true
1599,2,PathTracing.Trace,0,0,false,1.247136000,7,7,true
1599,3,Ui.Overlay,0,0,false,0.025472000,7,7,true
1599,4,DLSS.RayReconstruction,1,1,false,1.017216000,7,7,true
1599,5,Present.Convert,1,1,false,0.052608000,7,7,true
1599,6,Present.CopyToSwapchain,1,2,true,0.023264000,7,7,true
1600,0,ASBuild.BuildTLAS,0,0,false,0.129312000,7,7,true
1600,1,LightPrepare.Upload,0,0,false,0.002592000,7,7,true
1600,2,PathTracing.Trace,0,0,false,0.797088000,7,7,true
1600,3,Ui.Overlay,0,0,false,0.013120000,7,7,true
1600,4,DLSS.RayReconstruction,1,1,false,1.517472000,7,7,true
1600,5,Present.Convert,1,1,false,0.045280000,7,7,true
1600,6,Present.CopyToSwapchain,1,2,true,0.021856000,7,7,true
1601,0,ASBuild.BuildTLAS,0,0,false,0.117024000,7,7,true
1601,1,LightPrepare.Upload,0,0,false,0.001952000,7,7,true
1601,2,PathTracing.Trace,0,0,false,0.562272000,7,7,true
1601,3,Ui.Overlay,0,0,false,0.012608000,7,7,true
1601,4,DLSS.RayReconstruction,1,1,false,1.855744000,7,7,true
1601,5,Present.Convert,1,1,false,0.060896000,7,7,true
1601,6,Present.CopyToSwapchain,1,2,true,0.027008000,7,7,true
1602,0,ASBuild.BuildTLAS,0,0,false,0.156192000,7,7,true
1602,1,LightPrepare.Upload,0,0,false,0.006112000,7,7,true
1602,2,PathTracing.Trace,0,0,false,0.726976000,7,7,true
1602,3,Ui.Overlay,0,0,false,0.020672000,7,7,true
1602,4,DLSS.RayReconstruction,1,1,false,1.463680000,7,7,true
1602,5,Present.Convert,1,1,false,0.069760000,7,7,true
1602,6,Present.CopyToSwapchain,1,2,true,0.026112000,7,7,true
1603,0,ASBuild.BuildTLAS,0,0,false,0.126464000,7,7,true
1603,1,LightPrepare.Upload,0,0,false,0.002432000,7,7,true
1603,2,PathTracing.Trace,0,0,false,1.058272000,7,7,true
1603,3,Ui.Overlay,0,0,false,0.012512000,7,7,true
1603,4,DLSS.RayReconstruction,1,1,false,1.832640000,7,7,true
1603,5,Present.Convert,1,1,false,0.061056000,7,7,true
1603,6,Present.CopyToSwapchain,1,2,true,0.344320000,7,7,true
1604,0,ASBuild.BuildTLAS,0,0,false,0.129568000,7,7,true
1604,1,LightPrepare.Upload,0,0,false,0.002112000,7,7,true
1604,2,PathTracing.Trace,0,0,false,0.702304000,7,7,true
1604,3,Ui.Overlay,0,0,false,0.012704000,7,7,true
1604,4,DLSS.RayReconstruction,1,1,false,0.996736000,7,7,true
1604,5,Present.Convert,1,1,false,0.045312000,7,7,true
1604,6,Present.CopyToSwapchain,1,2,true,0.024064000,7,7,true
1605,0,ASBuild.BuildTLAS,0,0,false,0.148128000,7,7,true
1605,1,LightPrepare.Upload,0,0,false,0.002688000,7,7,true
1605,2,PathTracing.Trace,0,0,false,1.085728000,7,7,true
1605,3,Ui.Overlay,0,0,false,0.020000000,7,7,true
1605,4,DLSS.RayReconstruction,1,1,false,2.428064000,7,7,true
1605,5,Present.Convert,1,1,false,0.047392000,7,7,true
1605,6,Present.CopyToSwapchain,1,2,true,0.023520000,7,7,true
1606,0,ASBuild.BuildTLAS,0,0,false,0.120160000,7,7,true
1606,1,LightPrepare.Upload,0,0,false,0.002272000,7,7,true
1606,2,PathTracing.Trace,0,0,false,1.154720000,7,7,true
1606,3,Ui.Overlay,0,0,false,0.025664000,7,7,true
1606,4,DLSS.RayReconstruction,1,1,false,0.996768000,7,7,true
1606,5,Present.Convert,1,1,false,0.049120000,7,7,true
1606,6,Present.CopyToSwapchain,1,2,true,0.023840000,7,7,true
1607,0,ASBuild.BuildTLAS,0,0,false,0.129376000,7,7,true
1607,1,LightPrepare.Upload,0,0,false,0.002720000,7,7,true
1607,2,PathTracing.Trace,0,0,false,0.638208000,7,7,true
1607,3,Ui.Overlay,0,0,false,0.022400000,7,7,true
1607,4,DLSS.RayReconstruction,1,1,false,1.500608000,7,7,true
1607,5,Present.Convert,1,1,false,0.045408000,7,7,true
1607,6,Present.CopyToSwapchain,1,2,true,0.022304000,7,7,true
1608,0,ASBuild.BuildTLAS,0,0,false,0.123104000,7,7,true
1608,1,LightPrepare.Upload,0,0,false,0.001696000,7,7,true
1608,2,PathTracing.Trace,0,0,false,0.570656000,7,7,true
1608,3,Ui.Overlay,0,0,false,0.012704000,7,7,true
1608,4,DLSS.RayReconstruction,1,1,false,0.996448000,7,7,true
1608,5,Present.Convert,1,1,false,0.047360000,7,7,true
1608,6,Present.CopyToSwapchain,1,2,true,0.024320000,7,7,true
1609,0,ASBuild.BuildTLAS,0,0,false,0.097312000,7,7,true
1609,1,LightPrepare.Upload,0,0,false,0.002144000,7,7,true
1609,2,PathTracing.Trace,0,0,false,0.632640000,7,7,true
1609,3,Ui.Overlay,0,0,false,0.026656000,7,7,true
1609,4,DLSS.RayReconstruction,1,1,false,1.468224000,7,7,true
1609,5,Present.Convert,1,1,false,0.045344000,7,7,true
1609,6,Present.CopyToSwapchain,1,2,true,0.021664000,7,7,true
1610,0,ASBuild.BuildTLAS,0,0,false,0.119168000,7,7,true
1610,1,LightPrepare.Upload,0,0,false,0.001632000,7,7,true
1610,2,PathTracing.Trace,0,0,false,0.569760000,7,7,true
1610,3,Ui.Overlay,0,0,false,0.012640000,7,7,true
1610,4,DLSS.RayReconstruction,1,1,false,1.321056000,7,7,true
1610,5,Present.Convert,1,1,false,0.455776000,7,7,true
1610,6,Present.CopyToSwapchain,1,2,true,0.061312000,7,7,true
1611,0,ASBuild.BuildTLAS,0,0,false,0.139936000,7,7,true
1611,1,LightPrepare.Upload,0,0,false,0.006496000,7,7,true
1611,2,PathTracing.Trace,0,0,false,0.798304000,7,7,true
1611,3,Ui.Overlay,0,0,false,0.018272000,7,7,true
1611,4,DLSS.RayReconstruction,1,1,false,1.492256000,7,7,true
1611,5,Present.Convert,1,1,false,0.054592000,7,7,true
1611,6,Present.CopyToSwapchain,1,2,true,0.022912000,7,7,true
1612,0,ASBuild.BuildTLAS,0,0,false,0.127072000,7,7,true
1612,1,LightPrepare.Upload,0,0,false,0.002112000,7,7,true
1612,2,PathTracing.Trace,0,0,false,0.685920000,7,7,true
1612,3,Ui.Overlay,0,0,false,0.012704000,7,7,true
1612,4,DLSS.RayReconstruction,1,1,false,1.295296000,7,7,true
1612,5,Present.Convert,1,1,false,0.431296000,7,7,true
1612,6,Present.CopyToSwapchain,1,2,true,0.049376000,7,7,true
1613,0,ASBuild.BuildTLAS,0,0,false,0.128640000,7,7,true
1613,1,LightPrepare.Upload,0,0,false,0.002144000,7,7,true
1613,2,PathTracing.Trace,0,0,false,0.699232000,7,7,true
1613,3,Ui.Overlay,0,0,false,0.012736000,7,7,true
1613,4,DLSS.RayReconstruction,1,1,false,0.992416000,7,7,true
1613,5,Present.Convert,1,1,false,0.049440000,7,7,true
1613,6,Present.CopyToSwapchain,1,2,true,0.022208000,7,7,true
1614,0,ASBuild.BuildTLAS,0,0,false,0.128288000,7,7,true
1614,1,LightPrepare.Upload,0,0,false,0.002240000,7,7,true
1614,2,PathTracing.Trace,0,0,false,0.667328000,7,7,true
1614,3,Ui.Overlay,0,0,false,0.013088000,7,7,true
1614,4,DLSS.RayReconstruction,1,1,false,1.855872000,7,7,true
1614,5,Present.Convert,1,1,false,0.046784000,7,7,true
1614,6,Present.CopyToSwapchain,1,2,true,0.023584000,7,7,true
1615,0,ASBuild.BuildTLAS,0,0,false,0.121792000,7,7,true
1615,1,LightPrepare.Upload,0,0,false,0.001632000,7,7,true
1615,2,PathTracing.Trace,0,0,false,0.553344000,7,7,true
1615,3,Ui.Overlay,0,0,false,0.012352000,7,7,true
1615,4,DLSS.RayReconstruction,1,1,false,0.991072000,7,7,true
1615,5,Present.Convert,1,1,false,0.231520000,7,7,true
1615,6,Present.CopyToSwapchain,1,2,true,0.300448000,7,7,true
1616,0,ASBuild.BuildTLAS,0,0,false,0.125888000,7,7,true
1616,1,LightPrepare.Upload,0,0,false,0.002144000,7,7,true
1616,2,PathTracing.Trace,0,0,false,1.032000000,7,7,true
1616,3,Ui.Overlay,0,0,false,0.020416000,7,7,true
1616,4,DLSS.RayReconstruction,1,1,false,1.780576000,7,7,true
1616,5,Present.Convert,1,1,false,0.045280000,7,7,true
1616,6,Present.CopyToSwapchain,1,2,true,0.023904000,7,7,true
1617,0,ASBuild.BuildTLAS,0,0,false,0.125760000,7,7,true
1617,1,LightPrepare.Upload,0,0,false,0.002272000,7,7,true
1617,2,PathTracing.Trace,0,0,false,0.657088000,7,7,true
1617,3,Ui.Overlay,0,0,false,0.012800000,7,7,true
1617,4,DLSS.RayReconstruction,1,1,false,0.988672000,7,7,true
1617,5,Present.Convert,1,1,false,0.225248000,7,7,true
1617,6,Present.CopyToSwapchain,1,2,true,0.293504000,7,7,true
1618,0,ASBuild.BuildTLAS,0,0,false,0.131360000,7,7,true
1618,1,LightPrepare.Upload,0,0,false,0.002144000,7,7,true
1618,2,PathTracing.Trace,0,0,false,0.646976000,7,7,true
1618,3,Ui.Overlay,0,0,false,0.022912000,7,7,true
1618,4,DLSS.RayReconstruction,1,1,false,1.655360000,7,7,true
1618,5,Present.Convert,1,1,false,0.059488000,7,7,true
1618,6,Present.CopyToSwapchain,1,2,true,0.025696000,7,7,true
1619,0,ASBuild.BuildTLAS,0,0,false,0.125664000,7,7,true
1619,1,LightPrepare.Upload,0,0,false,0.002144000,7,7,true
1619,2,PathTracing.Trace,0,0,false,0.618240000,7,7,true
1619,3,Ui.Overlay,0,0,false,0.012480000,7,7,true
1619,4,DLSS.RayReconstruction,1,1,false,1.488608000,7,7,true
1619,5,Present.Convert,1,1,false,0.047488000,7,7,true
1619,6,Present.CopyToSwapchain,1,2,true,0.023808000,7,7,true
1620,0,ASBuild.BuildTLAS,0,0,false,0.129984000,7,7,true
1620,1,LightPrepare.Upload,0,0,false,0.002112000,7,7,true
1620,2,PathTracing.Trace,0,0,false,1.023808000,7,7,true
1620,3,Ui.Overlay,0,0,false,0.012512000,7,7,true
1620,4,DLSS.RayReconstruction,1,1,false,1.937792000,7,7,true
1620,5,Present.Convert,1,1,false,0.056832000,7,7,true
1620,6,Present.CopyToSwapchain,1,2,true,0.025792000,7,7,true
1621,0,ASBuild.BuildTLAS,0,0,false,0.119744000,7,7,true
1621,1,LightPrepare.Upload,0,0,false,0.002080000,7,7,true
1621,2,PathTracing.Trace,0,0,false,0.620416000,7,7,true
1621,3,Ui.Overlay,0,0,false,0.020768000,7,7,true
1621,4,DLSS.RayReconstruction,1,1,false,1.484640000,7,7,true
1621,5,Present.Convert,1,1,false,0.053440000,7,7,true
1621,6,Present.CopyToSwapchain,1,2,true,0.025600000,7,7,true
1622,0,ASBuild.BuildTLAS,0,0,false,0.129120000,7,7,true
1622,1,LightPrepare.Upload,0,0,false,0.002080000,7,7,true
1622,2,PathTracing.Trace,0,0,false,0.905920000,7,7,true
1622,3,Ui.Overlay,0,0,false,0.012256000,7,7,true
1622,4,DLSS.RayReconstruction,1,1,false,1.802880000,7,7,true
1622,5,Present.Convert,1,1,false,0.047520000,7,7,true
1622,6,Present.CopyToSwapchain,1,2,true,0.024224000,7,7,true
1623,0,ASBuild.BuildTLAS,0,0,false,0.128960000,7,7,true
1623,1,LightPrepare.Upload,0,0,false,0.002112000,7,7,true
1623,2,PathTracing.Trace,0,0,false,0.673632000,7,7,true
1623,3,Ui.Overlay,0,0,false,0.017792000,7,7,true
1623,4,DLSS.RayReconstruction,1,1,false,1.484544000,7,7,true
1623,5,Present.Convert,1,1,false,0.057440000,7,7,true
1623,6,Present.CopyToSwapchain,1,2,true,0.027360000,7,7,true
1624,0,ASBuild.BuildTLAS,0,0,false,0.124640000,7,7,true
1624,1,LightPrepare.Upload,0,0,false,0.002144000,7,7,true
1624,2,PathTracing.Trace,0,0,false,0.657184000,7,7,true
1624,3,Ui.Overlay,0,0,false,0.023328000,7,7,true
1624,4,DLSS.RayReconstruction,1,1,false,1.991616000,7,7,true
1624,5,Present.Convert,1,1,false,0.047296000,7,7,true
1624,6,Present.CopyToSwapchain,1,2,true,0.024608000,7,7,true
1625,0,ASBuild.BuildTLAS,0,0,false,0.130176000,7,7,true
1625,1,LightPrepare.Upload,0,0,false,0.002080000,7,7,true
1625,2,PathTracing.Trace,0,0,false,0.741216000,7,7,true
1625,3,Ui.Overlay,0,0,false,0.013120000,7,7,true
1625,4,DLSS.RayReconstruction,1,1,false,1.010496000,7,7,true
1625,5,Present.Convert,1,1,false,0.045408000,7,7,true
1625,6,Present.CopyToSwapchain,1,2,true,0.023360000,7,7,true
1626,0,ASBuild.BuildTLAS,0,0,false,0.128384000,7,7,true
1626,1,LightPrepare.Upload,0,0,false,0.002240000,7,7,true
1626,2,PathTracing.Trace,0,0,false,0.677600000,7,7,true
1626,3,Ui.Overlay,0,0,false,0.021184000,7,7,true
1626,4,DLSS.RayReconstruction,1,1,false,2.339008000,7,7,true
1626,5,Present.Convert,1,1,false,0.045024000,7,7,true
1626,6,Present.CopyToSwapchain,1,2,true,0.023808000,7,7,true
1627,0,ASBuild.BuildTLAS,0,0,false,0.097280000,7,7,true
1627,1,LightPrepare.Upload,0,0,false,0.002240000,7,7,true
1627,2,PathTracing.Trace,0,0,false,0.728832000,7,7,true
1627,3,Ui.Overlay,0,0,false,0.368032000,7,7,true
1627,4,DLSS.RayReconstruction,1,1,false,0.997152000,7,7,true
1627,5,Present.Convert,1,1,false,0.045408000,7,7,true
1627,6,Present.CopyToSwapchain,1,2,true,0.023584000,7,7,true
1628,0,ASBuild.BuildTLAS,0,0,false,0.127136000,7,7,true
1628,1,LightPrepare.Upload,0,0,false,0.001888000,7,7,true
1628,2,PathTracing.Trace,0,0,false,0.692288000,7,7,true
1628,3,Ui.Overlay,0,0,false,0.030976000,7,7,true
1628,4,DLSS.RayReconstruction,1,1,false,2.426080000,7,7,true
1628,5,Present.Convert,1,1,false,0.055328000,7,7,true
1628,6,Present.CopyToSwapchain,1,2,true,0.021728000,7,7,true
1629,0,ASBuild.BuildTLAS,0,0,false,0.122560000,7,7,true
1629,1,LightPrepare.Upload,0,0,false,0.002432000,7,7,true
1629,2,PathTracing.Trace,0,0,false,1.123840000,7,7,true
1629,3,Ui.Overlay,0,0,false,0.012320000,7,7,true
1629,4,DLSS.RayReconstruction,1,1,false,1.494656000,7,7,true
1629,5,Present.Convert,1,1,false,0.061696000,7,7,true
1629,6,Present.CopyToSwapchain,1,2,true,0.023392000,7,7,true
1630,0,ASBuild.BuildTLAS,0,0,false,0.126496000,7,7,true
1630,1,LightPrepare.Upload,0,0,false,0.001920000,7,7,true
1630,2,PathTracing.Trace,0,0,false,0.710688000,7,7,true
1630,3,Ui.Overlay,0,0,false,0.016832000,7,7,true
1630,4,DLSS.RayReconstruction,1,1,false,2.161600000,7,7,true
1630,5,Present.Convert,1,1,false,0.055488000,7,7,true
1630,6,Present.CopyToSwapchain,1,2,true,0.024032000,7,7,true
1631,0,ASBuild.BuildTLAS,0,0,false,0.126048000,7,7,true
1631,1,LightPrepare.Upload,0,0,false,0.001920000,7,7,true
1631,2,PathTracing.Trace,0,0,false,0.696352000,7,7,true
1631,3,Ui.Overlay,0,0,false,0.012352000,7,7,true
1631,4,DLSS.RayReconstruction,1,1,false,1.011200000,7,7,true
1631,5,Present.Convert,1,1,false,0.047200000,7,7,true
1631,6,Present.CopyToSwapchain,1,2,true,0.026144000,7,7,true
1632,0,ASBuild.BuildTLAS,0,0,false,0.123232000,7,7,true
1632,1,LightPrepare.Upload,0,0,false,0.001888000,7,7,true
1632,2,PathTracing.Trace,0,0,false,1.043520000,7,7,true
1632,3,Ui.Overlay,0,0,false,0.014080000,7,7,true
1632,4,DLSS.RayReconstruction,1,1,false,2.348160000,7,7,true
1632,5,Present.Convert,1,1,false,0.045472000,7,7,true
1632,6,Present.CopyToSwapchain,1,2,true,0.023456000,7,7,true
1633,0,ASBuild.BuildTLAS,0,0,false,0.119424000,7,7,true
1633,1,LightPrepare.Upload,0,0,false,0.002016000,7,7,true
1633,2,PathTracing.Trace,0,0,false,0.948672000,7,7,true
1633,3,Ui.Overlay,0,0,false,0.080672000,7,7,true
1633,4,DLSS.RayReconstruction,1,1,false,1.011424000,7,7,true
1633,5,Present.Convert,1,1,false,0.047168000,7,7,true
1633,6,Present.CopyToSwapchain,1,2,true,0.069152000,7,7,true
1634,0,ASBuild.BuildTLAS,0,0,false,0.127552000,7,7,true
1634,1,LightPrepare.Upload,0,0,false,0.001888000,7,7,true
1634,2,PathTracing.Trace,0,0,false,0.632896000,7,7,true
1634,3,Ui.Overlay,0,0,false,0.020096000,7,7,true
1634,4,DLSS.RayReconstruction,1,1,false,1.446624000,7,7,true
1634,5,Present.Convert,1,1,false,0.045408000,7,7,true
1634,6,Present.CopyToSwapchain,1,2,true,0.023296000,7,7,true
1635,0,ASBuild.BuildTLAS,0,0,false,0.130848000,7,7,true
1635,1,LightPrepare.Upload,0,0,false,0.001600000,7,7,true
1635,2,PathTracing.Trace,0,0,false,0.773888000,7,7,true
1635,3,Ui.Overlay,0,0,false,0.012576000,7,7,true
1635,4,DLSS.RayReconstruction,1,1,false,1.006976000,7,7,true
1635,5,Present.Convert,1,1,false,0.045152000,7,7,true
1635,6,Present.CopyToSwapchain,1,2,true,0.024096000,7,7,true
1636,0,ASBuild.BuildTLAS,0,0,false,0.151840000,7,7,true
1636,1,LightPrepare.Upload,0,0,false,0.001984000,7,7,true
1636,2,PathTracing.Trace,0,0,false,0.688128000,7,7,true
1636,3,Ui.Overlay,0,0,false,0.013984000,7,7,true
1636,4,DLSS.RayReconstruction,1,1,false,1.833472000,7,7,true
1636,5,Present.Convert,1,1,false,0.050528000,7,7,true
1636,6,Present.CopyToSwapchain,1,2,true,0.023456000,7,7,true
1637,0,ASBuild.BuildTLAS,0,0,false,0.455744000,7,7,true
1637,1,LightPrepare.Upload,0,0,false,0.002048000,7,7,true
1637,2,PathTracing.Trace,0,0,false,0.747424000,7,7,true
1637,3,Ui.Overlay,0,0,false,0.034304000,7,7,true
1637,4,DLSS.RayReconstruction,1,1,false,1.823904000,7,7,true
1637,5,Present.Convert,1,1,false,0.052064000,7,7,true
1637,6,Present.CopyToSwapchain,1,2,true,0.023488000,7,7,true
1638,0,ASBuild.BuildTLAS,0,0,false,0.092000000,7,7,true
1638,1,LightPrepare.Upload,0,0,false,0.001600000,7,7,true
1638,2,PathTracing.Trace,0,0,false,0.612800000,7,7,true
1638,3,Ui.Overlay,0,0,false,0.012576000,7,7,true
1638,4,DLSS.RayReconstruction,1,1,false,1.126176000,7,7,true
1638,5,Present.Convert,1,1,false,0.382976000,7,7,true
1638,6,Present.CopyToSwapchain,1,2,true,0.039360000,7,7,true
1639,0,ASBuild.BuildTLAS,0,0,false,0.120448000,7,7,true
1639,1,LightPrepare.Upload,0,0,false,0.001824000,7,7,true
1639,2,PathTracing.Trace,0,0,false,0.669696000,7,7,true
1639,3,Ui.Overlay,0,0,false,0.026016000,7,7,true
1639,4,DLSS.RayReconstruction,1,1,false,1.455392000,7,7,true
1639,5,Present.Convert,1,1,false,0.394624000,7,7,true
1639,6,Present.CopyToSwapchain,1,2,true,0.040096000,7,7,true
1640,0,ASBuild.BuildTLAS,0,0,false,0.126080000,7,7,true
1640,1,LightPrepare.Upload,0,0,false,0.002240000,7,7,true
1640,2,PathTracing.Trace,0,0,false,0.671456000,7,7,true
1640,3,Ui.Overlay,0,0,false,0.012384000,7,7,true
1640,4,DLSS.RayReconstruction,1,1,false,1.469504000,7,7,true
1640,5,Present.Convert,1,1,false,0.063712000,7,7,true
1640,6,Present.CopyToSwapchain,1,2,true,0.024800000,7,7,true
1641,0,ASBuild.BuildTLAS,0,0,false,0.417472000,7,7,true
1641,1,LightPrepare.Upload,0,0,false,0.001920000,7,7,true
1641,2,PathTracing.Trace,0,0,false,0.675872000,7,7,true
1641,3,Ui.Overlay,0,0,false,0.012512000,7,7,true
1641,4,DLSS.RayReconstruction,1,1,false,0.996736000,7,7,true
1641,5,Present.Convert,1,1,false,0.047232000,7,7,true
1641,6,Present.CopyToSwapchain,1,2,true,0.023360000,7,7,true
1642,0,ASBuild.BuildTLAS,0,0,false,0.131136000,7,7,true
1642,1,LightPrepare.Upload,0,0,false,0.001984000,7,7,true
1642,2,PathTracing.Trace,0,0,false,0.677824000,7,7,true
1642,3,Ui.Overlay,0,0,false,0.012384000,7,7,true
1642,4,DLSS.RayReconstruction,1,1,false,1.790784000,7,7,true
1642,5,Present.Convert,1,1,false,0.050528000,7,7,true
1642,6,Present.CopyToSwapchain,1,2,true,0.023360000,7,7,true
1643,0,ASBuild.BuildTLAS,0,0,false,0.107392000,7,7,true
1643,1,LightPrepare.Upload,0,0,false,0.001760000,7,7,true
1643,2,PathTracing.Trace,0,0,false,1.103136000,7,7,true
1643,3,Ui.Overlay,0,0,false,0.019744000,7,7,true
1643,4,DLSS.RayReconstruction,1,1,false,0.989312000,7,7,true
1643,5,Present.Convert,1,1,false,0.045216000,7,7,true
1643,6,Present.CopyToSwapchain,1,2,true,0.023584000,7,7,true
1644,0,ASBuild.BuildTLAS,0,0,false,0.124128000,7,7,true
1644,1,LightPrepare.Upload,0,0,false,0.001536000,7,7,true
1644,2,PathTracing.Trace,0,0,false,0.657888000,7,7,true
1644,3,Ui.Overlay,0,0,false,0.013248000,7,7,true
1644,4,DLSS.RayReconstruction,1,1,false,2.184224000,7,7,true
1644,5,Present.Convert,1,1,false,0.057248000,7,7,true
1644,6,Present.CopyToSwapchain,1,2,true,0.023040000,7,7,true
1645,0,ASBuild.BuildTLAS,0,0,false,0.120512000,7,7,true
1645,1,LightPrepare.Upload,0,0,false,0.002048000,7,7,true
1645,2,PathTracing.Trace,0,0,false,0.908128000,7,7,true
1645,3,Ui.Overlay,0,0,false,0.022368000,7,7,true
1645,4,DLSS.RayReconstruction,1,1,false,1.832320000,7,7,true
1645,5,Present.Convert,1,1,false,0.051520000,7,7,true
1645,6,Present.CopyToSwapchain,1,2,true,0.023680000,7,7,true
1646,0,ASBuild.BuildTLAS,0,0,false,0.127392000,7,7,true
1646,1,LightPrepare.Upload,0,0,false,0.001856000,7,7,true
1646,2,PathTracing.Trace,0,0,false,0.649312000,7,7,true
1646,3,Ui.Overlay,0,0,false,0.012320000,7,7,true
1646,4,DLSS.RayReconstruction,1,1,false,0.994912000,7,7,true
1646,5,Present.Convert,1,1,false,0.045376000,7,7,true
1646,6,Present.CopyToSwapchain,1,2,true,0.023584000,7,7,true
1647,0,ASBuild.BuildTLAS,0,0,false,0.148544000,7,7,true
1647,1,LightPrepare.Upload,0,0,false,0.002272000,7,7,true
1647,2,PathTracing.Trace,0,0,false,0.671424000,7,7,true
1647,3,Ui.Overlay,0,0,false,0.030880000,7,7,true
1647,4,DLSS.RayReconstruction,1,1,false,1.918048000,7,7,true
1647,5,Present.Convert,1,1,false,0.044480000,7,7,true
1647,6,Present.CopyToSwapchain,1,2,true,0.024448000,7,7,true
1648,0,ASBuild.BuildTLAS,0,0,false,0.123968000,7,7,true
1648,1,LightPrepare.Upload,0,0,false,0.002560000,7,7,true
1648,2,PathTracing.Trace,0,0,false,0.599328000,7,7,true
1648,3,Ui.Overlay,0,0,false,0.012448000,7,7,true
1648,4,DLSS.RayReconstruction,1,1,false,0.996928000,7,7,true
1648,5,Present.Convert,1,1,false,0.149504000,7,7,true
1648,6,Present.CopyToSwapchain,1,2,true,0.372224000,7,7,true
1649,0,ASBuild.BuildTLAS,0,0,false,0.128736000,7,7,true
1649,1,LightPrepare.Upload,0,0,false,0.001888000,7,7,true
1649,2,PathTracing.Trace,0,0,false,0.694336000,7,7,true
1649,3,Ui.Overlay,0,0,false,0.014112000,7,7,true
1649,4,DLSS.RayReconstruction,1,1,false,1.997056000,7,7,true
1649,5,Present.Convert,1,1,false,0.045184000,7,7,true
1649,6,Present.CopyToSwapchain,1,2,true,0.023584000,7,7,true
1650,0,ASBuild.BuildTLAS,0,0,false,0.125216000,7,7,true
1650,1,LightPrepare.Upload,0,0,false,0.001920000,7,7,true
1650,2,PathTracing.Trace,0,0,false,0.614400000,7,7,true
1650,3,Ui.Overlay,0,0,false,0.012224000,7,7,true
1650,4,DLSS.RayReconstruction,1,1,false,0.986560000,7,7,true
1650,5,Present.Convert,1,1,false,0.045440000,7,7,true
1650,6,Present.CopyToSwapchain,1,2,true,0.023648000,7,7,true
1651,0,ASBuild.BuildTLAS,0,0,false,0.133792000,7,7,true
1651,1,LightPrepare.Upload,0,0,false,0.001856000,7,7,true
1651,2,PathTracing.Trace,0,0,false,0.718976000,7,7,true
1651,3,Ui.Overlay,0,0,false,0.030336000,7,7,true
1651,4,DLSS.RayReconstruction,1,1,false,1.848160000,7,7,true
1651,5,Present.Convert,1,1,false,0.045248000,7,7,true
1651,6,Present.CopyToSwapchain,1,2,true,0.024448000,7,7,true
1652,0,ASBuild.BuildTLAS,0,0,false,0.109312000,7,7,true
1652,1,LightPrepare.Upload,0,0,false,0.001920000,7,7,true
1652,2,PathTracing.Trace,0,0,false,0.921728000,7,7,true
1652,3,Ui.Overlay,0,0,false,0.029984000,7,7,true
1652,4,DLSS.RayReconstruction,1,1,false,1.444800000,7,7,true
1652,5,Present.Convert,1,1,false,0.045376000,7,7,true
1652,6,Present.CopyToSwapchain,1,2,true,0.023328000,7,7,true
1653,0,ASBuild.BuildTLAS,0,0,false,0.135744000,7,7,true
1653,1,LightPrepare.Upload,0,0,false,0.002208000,7,7,true
1653,2,PathTracing.Trace,0,0,false,0.706304000,7,7,true
1653,3,Ui.Overlay,0,0,false,0.017280000,7,7,true
1653,4,DLSS.RayReconstruction,1,1,false,2.385920000,7,7,true
1653,5,Present.Convert,1,1,false,0.055552000,7,7,true
1653,6,Present.CopyToSwapchain,1,2,true,0.029792000,7,7,true
1654,0,ASBuild.BuildTLAS,0,0,false,0.119904000,7,7,true
1654,1,LightPrepare.Upload,0,0,false,0.002208000,7,7,true
1654,2,PathTracing.Trace,0,0,false,1.050368000,7,7,true
1654,3,Ui.Overlay,0,0,false,0.017568000,7,7,true
1654,4,DLSS.RayReconstruction,1,1,false,1.468384000,7,7,true
1654,5,Present.Convert,1,1,false,0.057376000,7,7,true
1654,6,Present.CopyToSwapchain,1,2,true,0.025792000,7,7,true
1655,0,ASBuild.BuildTLAS,0,0,false,0.127040000,7,7,true
1655,1,LightPrepare.Upload,0,0,false,0.001920000,7,7,true
1655,2,PathTracing.Trace,0,0,false,0.643104000,7,7,true
1655,3,Ui.Overlay,0,0,false,0.014336000,7,7,true
1655,4,DLSS.RayReconstruction,1,1,false,1.909632000,7,7,true
1655,5,Present.Convert,1,1,false,0.045344000,7,7,true
1655,6,Present.CopyToSwapchain,1,2,true,0.023456000,7,7,true
1656,0,ASBuild.BuildTLAS,0,0,false,0.133024000,7,7,true
1656,1,LightPrepare.Upload,0,0,false,0.001888000,7,7,true
1656,2,PathTracing.Trace,0,0,false,0.696352000,7,7,true
1656,3,Ui.Overlay,0,0,false,0.012032000,7,7,true
1656,4,DLSS.RayReconstruction,1,1,false,1.050016000,7,7,true
1656,5,Present.Convert,1,1,false,0.428032000,7,7,true
1656,6,Present.CopyToSwapchain,1,2,true,0.064512000,7,7,true
1657,0,ASBuild.BuildTLAS,0,0,false,0.140256000,7,7,true
1657,1,LightPrepare.Upload,0,0,false,0.002016000,7,7,true
1657,2,PathTracing.Trace,0,0,false,0.710592000,7,7,true
1657,3,Ui.Overlay,0,0,false,0.026208000,7,7,true
1657,4,DLSS.RayReconstruction,1,1,false,1.999232000,7,7,true
1657,5,Present.Convert,1,1,false,0.047392000,7,7,true
1657,6,Present.CopyToSwapchain,1,2,true,0.023584000,7,7,true
1658,0,ASBuild.BuildTLAS,0,0,false,0.125824000,7,7,true
1658,1,LightPrepare.Upload,0,0,false,0.001888000,7,7,true
1658,2,PathTracing.Trace,0,0,false,0.653376000,7,7,true
1658,3,Ui.Overlay,0,0,false,0.012224000,7,7,true
1658,4,DLSS.RayReconstruction,1,1,false,1.019840000,7,7,true
1658,5,Present.Convert,1,1,false,0.368224000,7,7,true
1658,6,Present.CopyToSwapchain,1,2,true,0.157408000,7,7,true
1659,0,ASBuild.BuildTLAS,0,0,false,0.132096000,7,7,true
1659,1,LightPrepare.Upload,0,0,false,0.002208000,7,7,true
1659,2,PathTracing.Trace,0,0,false,0.961280000,7,7,true
1659,3,Ui.Overlay,0,0,false,0.023104000,7,7,true
1659,4,DLSS.RayReconstruction,1,1,false,1.492960000,7,7,true
1659,5,Present.Convert,1,1,false,0.045408000,7,7,true
1659,6,Present.CopyToSwapchain,1,2,true,0.024160000,7,7,true
1660,0,ASBuild.BuildTLAS,0,0,false,0.124576000,7,7,true
1660,1,LightPrepare.Upload,0,0,false,0.002240000,7,7,true
1660,2,PathTracing.Trace,0,0,false,0.624320000,7,7,true
1660,3,Ui.Overlay,0,0,false,0.012192000,7,7,true
1660,4,DLSS.RayReconstruction,1,1,false,1.004768000,7,7,true
1660,5,Present.Convert,1,1,false,0.047424000,7,7,true
1660,6,Present.CopyToSwapchain,1,2,true,0.026144000,7,7,true
1661,0,ASBuild.BuildTLAS,0,0,false,0.120128000,7,7,true
1661,1,LightPrepare.Upload,0,0,false,0.002080000,7,7,true
1661,2,PathTracing.Trace,0,0,false,0.626560000,7,7,true
1661,3,Ui.Overlay,0,0,false,0.029312000,7,7,true
1661,4,DLSS.RayReconstruction,1,1,false,1.492448000,7,7,true
1661,5,Present.Convert,1,1,false,0.045408000,7,7,true
1661,6,Present.CopyToSwapchain,1,2,true,0.025344000,7,7,true
1662,0,ASBuild.BuildTLAS,0,0,false,0.120512000,7,7,true
1662,1,LightPrepare.Upload,0,0,false,0.001632000,7,7,true
1662,2,PathTracing.Trace,0,0,false,0.572800000,7,7,true
1662,3,Ui.Overlay,0,0,false,0.012544000,7,7,true
1662,4,DLSS.RayReconstruction,1,1,false,1.015168000,7,7,true
1662,5,Present.Convert,1,1,false,0.045440000,7,7,true
1662,6,Present.CopyToSwapchain,1,2,true,0.023552000,7,7,true
1663,0,ASBuild.BuildTLAS,0,0,false,0.123392000,7,7,true
1663,1,LightPrepare.Upload,0,0,false,0.002080000,7,7,true
1663,2,PathTracing.Trace,0,0,false,0.700288000,7,7,true
1663,3,Ui.Overlay,0,0,false,0.018240000,7,7,true
1663,4,DLSS.RayReconstruction,1,1,false,2.374560000,7,7,true
1663,5,Present.Convert,1,1,false,0.051232000,7,7,true
1663,6,Present.CopyToSwapchain,1,2,true,0.026336000,7,7,true
1664,0,ASBuild.BuildTLAS,0,0,false,0.122656000,7,7,true
1664,1,LightPrepare.Upload,0,0,false,0.008480000,7,7,true
1664,2,PathTracing.Trace,0,0,false,1.066656000,7,7,true
1664,3,Ui.Overlay,0,0,false,0.013216000,7,7,true
1664,4,DLSS.RayReconstruction,1,1,false,1.363776000,7,7,true
1664,5,Present.Convert,1,1,false,0.165824000,7,7,true
1664,6,Present.CopyToSwapchain,1,2,true,0.030496000,7,7,true
1665,0,ASBuild.BuildTLAS,0,0,false,0.123392000,7,7,true
1665,1,LightPrepare.Upload,0,0,false,0.002144000,7,7,true
1665,2,PathTracing.Trace,0,0,false,0.665408000,7,7,true
1665,3,Ui.Overlay,0,0,false,0.021472000,7,7,true
1665,4,DLSS.RayReconstruction,1,1,false,1.326048000,7,7,true
1665,5,Present.Convert,1,1,false,0.367776000,7,7,true
1665,6,Present.CopyToSwapchain,1,2,true,0.157280000,7,7,true
1666,0,ASBuild.BuildTLAS,0,0,false,0.126720000,7,7,true
1666,1,LightPrepare.Upload,0,0,false,0.001888000,7,7,true
1666,2,PathTracing.Trace,0,0,false,0.653344000,7,7,true
1666,3,Ui.Overlay,0,0,false,0.012480000,7,7,true
1666,4,DLSS.RayReconstruction,1,1,false,1.495680000,7,7,true
1666,5,Present.Convert,1,1,false,0.062400000,7,7,true
1666,6,Present.CopyToSwapchain,1,2,true,0.022656000,7,7,true
1667,0,ASBuild.BuildTLAS,0,0,false,0.450304000,7,7,true
1667,1,LightPrepare.Upload,0,0,false,0.001920000,7,7,true
1667,2,PathTracing.Trace,0,0,false,0.634912000,7,7,true
1667,3,Ui.Overlay,0,0,false,0.012288000,7,7,true
1667,4,DLSS.RayReconstruction,1,1,false,1.488384000,7,7,true
1667,5,Present.Convert,1,1,false,0.046144000,7,7,true
1667,6,Present.CopyToSwapchain,1,2,true,0.023744000,7,7,true
1668,0,ASBuild.BuildTLAS,0,0,false,0.124160000,7,7,true
1668,1,LightPrepare.Upload,0,0,false,0.002464000,7,7,true
1668,2,PathTracing.Trace,0,0,false,0.998912000,7,7,true
1668,3,Ui.Overlay,0,0,false,0.012640000,7,7,true
1668,4,DLSS.RayReconstruction,1,1,false,1.013536000,7,7,true
1668,5,Present.Convert,1,1,false,0.047424000,7,7,true
1668,6,Present.CopyToSwapchain,1,2,true,0.022560000,7,7,true
1669,0,ASBuild.BuildTLAS,0,0,false,0.125376000,7,7,true
1669,1,LightPrepare.Upload,0,0,false,0.002208000,7,7,true
1669,2,PathTracing.Trace,0,0,false,0.655104000,7,7,true
1669,3,Ui.Overlay,0,0,false,0.021312000,7,7,true
1669,4,DLSS.RayReconstruction,1,1,false,1.459456000,7,7,true
1669,5,Present.Convert,1,1,false,0.045312000,7,7,true
1669,6,Present.CopyToSwapchain,1,2,true,0.023264000,7,7,true
1670,0,ASBuild.BuildTLAS,0,0,false,0.105728000,7,7,true
1670,1,LightPrepare.Upload,0,0,false,0.001696000,7,7,true
1670,2,PathTracing.Trace,0,0,false,0.556352000,7,7,true
1670,3,Ui.Overlay,0,0,false,0.012448000,7,7,true
1670,4,DLSS.RayReconstruction,1,1,false,1.008480000,7,7,true
1670,5,Present.Convert,1,1,false,0.045504000,7,7,true
1670,6,Present.CopyToSwapchain,1,2,true,0.023264000,7,7,true
1671,0,ASBuild.BuildTLAS,0,0,false,0.149024000,7,7,true
1671,1,LightPrepare.Upload,0,0,false,0.001888000,7,7,true
1671,2,PathTracing.Trace,0,0,false,0.720928000,7,7,true
1671,3,Ui.Overlay,0,0,false,0.014208000,7,7,true
1671,4,DLSS.RayReconstruction,1,1,false,2.383712000,7,7,true
1671,5,Present.Convert,1,1,false,0.071712000,7,7,true
1671,6,Present.CopyToSwapchain,1,2,true,0.024480000,7,7,true
1672,0,ASBuild.BuildTLAS,0,0,false,0.115456000,7,7,true
1672,1,LightPrepare.Upload,0,0,false,0.002144000,7,7,true
1672,2,PathTracing.Trace,0,0,false,1.238816000,7,7,true
1672,3,Ui.Overlay,0,0,false,0.019968000,7,7,true
1672,4,DLSS.RayReconstruction,1,1,false,1.496960000,7,7,true
1672,5,Present.Convert,1,1,false,0.053536000,7,7,true
1672,6,Present.CopyToSwapchain,1,2,true,0.021440000,7,7,true
1673,0,ASBuild.BuildTLAS,0,0,false,0.126816000,7,7,true
1673,1,LightPrepare.Upload,0,0,false,0.001888000,7,7,true
1673,2,PathTracing.Trace,0,0,false,0.892960000,7,7,true
1673,3,Ui.Overlay,0,0,false,0.012384000,7,7,true
1673,4,DLSS.RayReconstruction,1,1,false,1.889344000,7,7,true
1673,5,Present.Convert,1,1,false,0.061056000,7,7,true
1673,6,Present.CopyToSwapchain,1,2,true,0.024448000,7,7,true
1674,0,ASBuild.BuildTLAS,0,0,false,0.127200000,7,7,true
1674,1,LightPrepare.Upload,0,0,false,0.001920000,7,7,true
1674,2,PathTracing.Trace,0,0,false,0.639040000,7,7,true
1674,3,Ui.Overlay,0,0,false,0.017472000,7,7,true
1674,4,DLSS.RayReconstruction,1,1,false,1.015008000,7,7,true
1674,5,Present.Convert,1,1,false,0.047264000,7,7,true
1674,6,Present.CopyToSwapchain,1,2,true,0.023488000,7,7,true
1675,0,ASBuild.BuildTLAS,0,0,false,0.130336000,7,7,true
1675,1,LightPrepare.Upload,0,0,false,0.001888000,7,7,true
1675,2,PathTracing.Trace,0,0,false,0.916480000,7,7,true
1675,3,Ui.Overlay,0,0,false,0.012384000,7,7,true
1675,4,DLSS.RayReconstruction,1,1,false,1.496736000,7,7,true
1675,5,Present.Convert,1,1,false,0.045376000,7,7,true
1675,6,Present.CopyToSwapchain,1,2,true,0.023360000,7,7,true
1676,0,ASBuild.BuildTLAS,0,0,false,0.122592000,7,7,true
1676,1,LightPrepare.Upload,0,0,false,0.001536000,7,7,true
1676,2,PathTracing.Trace,0,0,false,0.565760000,7,7,true
1676,3,Ui.Overlay,0,0,false,0.012640000,7,7,true
1676,4,DLSS.RayReconstruction,1,1,false,1.002304000,7,7,true
1676,5,Present.Convert,1,1,false,0.047264000,7,7,true
1676,6,Present.CopyToSwapchain,1,2,true,0.023616000,7,7,true
1677,0,ASBuild.BuildTLAS,0,0,false,0.141504000,7,7,true
1677,1,LightPrepare.Upload,0,0,false,0.005888000,7,7,true
1677,2,PathTracing.Trace,0,0,false,0.776448000,7,7,true
1677,3,Ui.Overlay,0,0,false,0.017888000,7,7,true
1677,4,DLSS.RayReconstruction,1,1,false,1.824352000,7,7,true
1677,5,Present.Convert,1,1,false,0.045376000,7,7,true
1677,6,Present.CopyToSwapchain,1,2,true,0.023904000,7,7,true
1678,0,ASBuild.BuildTLAS,0,0,false,0.100096000,7,7,true
1678,1,LightPrepare.Upload,0,0,false,0.001952000,7,7,true
1678,2,PathTracing.Trace,0,0,false,1.036320000,7,7,true
1678,3,Ui.Overlay,0,0,false,0.018752000,7,7,true
1678,4,DLSS.RayReconstruction,1,1,false,2.185440000,7,7,true
1678,5,Present.Convert,1,1,false,0.249280000,7,7,true
1678,6,Present.CopyToSwapchain,1,2,true,0.034208000,7,7,true
1679,0,ASBuild.BuildTLAS,0,0,false,0.118016000,7,7,true
1679,1,LightPrepare.Upload,0,0,false,0.002016000,7,7,true
1679,2,PathTracing.Trace,0,0,false,0.800704000,7,7,true
1679,3,Ui.Overlay,0,0,false,0.012224000,7,7,true
1679,4,DLSS.RayReconstruction,1,1,false,1.486400000,7,7,true
1679,5,Present.Convert,1,1,false,0.053536000,7,7,true
1679,6,Present.CopyToSwapchain,1,2,true,0.024256000,7,7,true
1680,0,ASBuild.BuildTLAS,0,0,false,0.129184000,7,7,true
1680,1,LightPrepare.Upload,0,0,false,0.001984000,7,7,true
1680,2,PathTracing.Trace,0,0,false,1.441120000,7,7,true
1680,3,Ui.Overlay,0,0,false,0.014144000,7,7,true
1680,4,DLSS.RayReconstruction,1,1,false,1.010848000,7,7,true
1680,5,Present.Convert,1,1,false,0.045408000,7,7,true
1680,6,Present.CopyToSwapchain,1,2,true,0.024352000,7,7,true
1681,0,ASBuild.BuildTLAS,0,0,false,0.125376000,7,7,true
1681,1,LightPrepare.Upload,0,0,false,0.002176000,7,7,true
1681,2,PathTracing.Trace,0,0,false,0.675616000,7,7,true
1681,3,Ui.Overlay,0,0,false,0.012096000,7,7,true
1681,4,DLSS.RayReconstruction,1,1,false,1.468512000,7,7,true
1681,5,Present.Convert,1,1,false,0.045376000,7,7,true
1681,6,Present.CopyToSwapchain,1,2,true,0.022016000,7,7,true
1682,0,ASBuild.BuildTLAS,0,0,false,0.095040000,7,7,true
1682,1,LightPrepare.Upload,0,0,false,0.001568000,7,7,true
1682,2,PathTracing.Trace,0,0,false,0.579040000,7,7,true
1682,3,Ui.Overlay,0,0,false,0.012512000,7,7,true
1682,4,DLSS.RayReconstruction,1,1,false,1.376448000,7,7,true
1682,5,Present.Convert,1,1,false,0.315008000,7,7,true
1682,6,Present.CopyToSwapchain,1,2,true,0.036224000,7,7,true
1683,0,ASBuild.BuildTLAS,0,0,false,0.093536000,7,7,true
1683,1,LightPrepare.Upload,0,0,false,0.001824000,7,7,true
1683,2,PathTracing.Trace,0,0,false,0.669856000,7,7,true
1683,3,Ui.Overlay,0,0,false,0.018848000,7,7,true
1683,4,DLSS.RayReconstruction,1,1,false,1.496928000,7,7,true
1683,5,Present.Convert,1,1,false,0.045248000,7,7,true
1683,6,Present.CopyToSwapchain,1,2,true,0.024000000,7,7,true
1684,0,ASBuild.BuildTLAS,0,0,false,0.128960000,7,7,true
1684,1,LightPrepare.Upload,0,0,false,0.002016000,7,7,true
1684,2,PathTracing.Trace,0,0,false,0.647104000,7,7,true
1684,3,Ui.Overlay,0,0,false,0.012448000,7,7,true
1684,4,DLSS.RayReconstruction,1,1,false,0.988960000,7,7,true
1684,5,Present.Convert,1,1,false,0.045376000,7,7,true
1684,6,Present.CopyToSwapchain,1,2,true,0.025952000,7,7,true
1685,0,ASBuild.BuildTLAS,0,0,false,0.122496000,7,7,true
1685,1,LightPrepare.Upload,0,0,false,0.002112000,7,7,true
1685,2,PathTracing.Trace,0,0,false,0.687968000,7,7,true
1685,3,Ui.Overlay,0,0,false,0.022528000,7,7,true
1685,4,DLSS.RayReconstruction,1,1,false,1.485952000,7,7,true
1685,5,Present.Convert,1,1,false,0.045376000,7,7,true
1685,6,Present.CopyToSwapchain,1,2,true,0.022080000,7,7,true
1686,0,ASBuild.BuildTLAS,0,0,false,0.100416000,7,7,true
1686,1,LightPrepare.Upload,0,0,false,0.001504000,7,7,true
1686,2,PathTracing.Trace,0,0,false,0.585248000,7,7,true
1686,3,Ui.Overlay,0,0,false,0.012576000,7,7,true
1686,4,DLSS.RayReconstruction,1,1,false,1.513056000,7,7,true
1686,5,Present.Convert,1,1,false,0.298048000,7,7,true
1686,6,Present.CopyToSwapchain,1,2,true,0.033088000,7,7,true
1687,0,ASBuild.BuildTLAS,0,0,false,0.127232000,7,7,true
1687,1,LightPrepare.Upload,0,0,false,0.002144000,7,7,true
1687,2,PathTracing.Trace,0,0,false,0.657216000,7,7,true
1687,3,Ui.Overlay,0,0,false,0.012128000,7,7,true
1687,4,DLSS.RayReconstruction,1,1,false,1.002336000,7,7,true
1687,5,Present.Convert,1,1,false,0.047328000,7,7,true
1687,6,Present.CopyToSwapchain,1,2,true,0.022176000,7,7,true
1688,0,ASBuild.BuildTLAS,0,0,false,0.119936000,7,7,true
1688,1,LightPrepare.Upload,0,0,false,0.001920000,7,7,true
1688,2,PathTracing.Trace,0,0,false,0.645152000,7,7,true
1688,3,Ui.Overlay,0,0,false,0.012672000,7,7,true
1688,4,DLSS.RayReconstruction,1,1,false,1.954464000,7,7,true
1688,5,Present.Convert,1,1,false,0.046944000,7,7,true
1688,6,Present.CopyToSwapchain,1,2,true,0.023232000,7,7,true
1689,0,ASBuild.BuildTLAS,0,0,false,0.125216000,7,7,true
1689,1,LightPrepare.Upload,0,0,false,0.001632000,7,7,true
1689,2,PathTracing.Trace,0,0,false,0.569728000,7,7,true
1689,3,Ui.Overlay,0,0,false,0.012736000,7,7,true
1689,4,DLSS.RayReconstruction,1,1,false,0.989184000,7,7,true
1689,5,Present.Convert,1,1,false,0.047136000,7,7,true
1689,6,Present.CopyToSwapchain,1,2,true,0.022496000,7,7,true
1690,0,ASBuild.BuildTLAS,0,0,false,0.098912000,7,7,true
1690,1,LightPrepare.Upload,0,0,false,0.001920000,7,7,true
1690,2,PathTracing.Trace,0,0,false,0.722976000,7,7,true
1690,3,Ui.Overlay,0,0,false,0.020032000,7,7,true
1690,4,DLSS.RayReconstruction,1,1,false,1.917824000,7,7,true
1690,5,Present.Convert,1,1,false,0.045408000,7,7,true
1690,6,Present.CopyToSwapchain,1,2,true,0.024032000,7,7,true
1691,0,ASBuild.BuildTLAS,0,0,false,0.115744000,7,7,true
1691,1,LightPrepare.Upload,0,0,false,0.001600000,7,7,true
1691,2,PathTracing.Trace,0,0,false,0.549312000,7,7,true
1691,3,Ui.Overlay,0,0,false,0.012256000,7,7,true
1691,4,DLSS.RayReconstruction,1,1,false,1.107904000,7,7,true
1691,5,Present.Convert,1,1,false,0.385088000,7,7,true
1691,6,Present.CopyToSwapchain,1,2,true,0.040352000,7,7,true
1692,0,ASBuild.BuildTLAS,0,0,false,0.130592000,7,7,true
1692,1,LightPrepare.Upload,0,0,false,0.002240000,7,7,true
1692,2,PathTracing.Trace,0,0,false,1.132256000,7,7,true
1692,3,Ui.Overlay,0,0,false,0.022528000,7,7,true
1692,4,DLSS.RayReconstruction,1,1,false,1.948576000,7,7,true
1692,5,Present.Convert,1,1,false,0.048960000,7,7,true
1692,6,Present.CopyToSwapchain,1,2,true,0.030848000,7,7,true
1693,0,ASBuild.BuildTLAS,0,0,false,0.124704000,7,7,true
1693,1,LightPrepare.Upload,0,0,false,0.002048000,7,7,true
1693,2,PathTracing.Trace,0,0,false,0.649120000,7,7,true
1693,3,Ui.Overlay,0,0,false,0.012320000,7,7,true
1693,4,DLSS.RayReconstruction,1,1,false,1.467296000,7,7,true
1693,5,Present.Convert,1,1,false,0.059296000,7,7,true
1693,6,Present.CopyToSwapchain,1,2,true,0.024448000,7,7,true
1694,0,ASBuild.BuildTLAS,0,0,false,0.127648000,7,7,true
1694,1,LightPrepare.Upload,0,0,false,0.001888000,7,7,true
1694,2,PathTracing.Trace,0,0,false,0.876608000,7,7,true
1694,3,Ui.Overlay,0,0,false,0.014976000,7,7,true
1694,4,DLSS.RayReconstruction,1,1,false,1.966432000,7,7,true
1694,5,Present.Convert,1,1,false,0.045408000,7,7,true
1694,6,Present.CopyToSwapchain,1,2,true,0.023168000,7,7,true
1695,0,ASBuild.BuildTLAS,0,0,false,0.126464000,7,7,true
1695,1,LightPrepare.Upload,0,0,false,0.001888000,7,7,true
1695,2,PathTracing.Trace,0,0,false,0.661568000,7,7,true
1695,3,Ui.Overlay,0,0,false,0.012000000,7,7,true
1695,4,DLSS.RayReconstruction,1,1,false,1.017664000,7,7,true
1695,5,Present.Convert,1,1,false,0.047520000,7,7,true
1695,6,Present.CopyToSwapchain,1,2,true,0.144352000,7,7,true
1696,0,ASBuild.BuildTLAS,0,0,false,0.095840000,7,7,true
1696,1,LightPrepare.Upload,0,0,false,0.001824000,7,7,true
1696,2,PathTracing.Trace,0,0,false,0.620672000,7,7,true
1696,3,Ui.Overlay,0,0,false,0.020608000,7,7,true
1696,4,DLSS.RayReconstruction,1,1,false,1.813440000,7,7,true
1696,5,Present.Convert,1,1,false,0.045376000,7,7,true
1696,6,Present.CopyToSwapchain,1,2,true,0.024320000,7,7,true
1697,0,ASBuild.BuildTLAS,0,0,false,0.127200000,7,7,true
1697,1,LightPrepare.Upload,0,0,false,0.005600000,7,7,true
1697,2,PathTracing.Trace,0,0,false,0.566816000,7,7,true
1697,3,Ui.Overlay,0,0,false,0.011872000,7,7,true
1697,4,DLSS.RayReconstruction,1,1,false,1.002112000,7,7,true
1697,5,Present.Convert,1,1,false,0.231520000,7,7,true
1697,6,Present.CopyToSwapchain,1,2,true,0.295136000,7,7,true
1698,0,ASBuild.BuildTLAS,0,0,false,0.110080000,7,7,true
1698,1,LightPrepare.Upload,0,0,false,0.006400000,7,7,true
1698,2,PathTracing.Trace,0,0,false,0.681664000,7,7,true
1698,3,Ui.Overlay,0,0,false,0.020352000,7,7,true
1698,4,DLSS.RayReconstruction,1,1,false,1.797120000,7,7,true
1698,5,Present.Convert,1,1,false,0.065536000,7,7,true
1698,6,Present.CopyToSwapchain,1,2,true,0.024544000,7,7,true
1699,0,ASBuild.BuildTLAS,0,0,false,0.123040000,7,7,true
1699,1,LightPrepare.Upload,0,0,false,0.001504000,7,7,true
1699,2,PathTracing.Trace,0,0,false,0.621024000,7,7,true
1699,3,Ui.Overlay,0,0,false,0.012352000,7,7,true
1699,4,DLSS.RayReconstruction,1,1,false,1.481600000,7,7,true
1699,5,Present.Convert,1,1,false,0.057536000,7,7,true
1699,6,Present.CopyToSwapchain,1,2,true,0.024448000,7,7,true
1700,0,ASBuild.BuildTLAS,0,0,false,0.132960000,7,7,true
1700,1,LightPrepare.Upload,0,0,false,0.002176000,7,7,true
1700,2,PathTracing.Trace,0,0,false,0.685856000,7,7,true
1700,3,Ui.Overlay,0,0,false,0.012736000,7,7,true
1700,4,DLSS.RayReconstruction,1,1,false,1.687488000,7,7,true
1700,5,Present.Convert,1,1,false,0.045056000,7,7,true
1700,6,Present.CopyToSwapchain,1,2,true,0.023680000,7,7,true
1701,0,ASBuild.BuildTLAS,0,0,false,0.124608000,7,7,true
1701,1,LightPrepare.Upload,0,0,false,0.001856000,7,7,true
1701,2,PathTracing.Trace,0,0,false,0.737376000,7,7,true
1701,3,Ui.Overlay,0,0,false,0.011904000,7,7,true
1701,4,DLSS.RayReconstruction,1,1,false,1.013216000,7,7,true
1701,5,Present.Convert,1,1,false,0.047328000,7,7,true
1701,6,Present.CopyToSwapchain,1,2,true,0.197920000,7,7,true
1702,0,ASBuild.BuildTLAS,0,0,false,0.106656000,7,7,true
1702,1,LightPrepare.Upload,0,0,false,0.001888000,7,7,true
1702,2,PathTracing.Trace,0,0,false,0.887872000,7,7,true
1702,3,Ui.Overlay,0,0,false,0.014240000,7,7,true
1702,4,DLSS.RayReconstruction,1,1,false,1.542176000,7,7,true
1702,5,Present.Convert,1,1,false,0.045376000,7,7,true
1702,6,Present.CopyToSwapchain,1,2,true,0.025664000,7,7,true
1703,0,ASBuild.BuildTLAS,0,0,false,0.130176000,7,7,true
1703,1,LightPrepare.Upload,0,0,false,0.008384000,7,7,true
1703,2,PathTracing.Trace,0,0,false,0.587456000,7,7,true
1703,3,Ui.Overlay,0,0,false,0.012544000,7,7,true
1703,4,DLSS.RayReconstruction,1,1,false,1.008800000,7,7,true
1703,5,Present.Convert,1,1,false,0.045376000,7,7,true
1703,6,Present.CopyToSwapchain,1,2,true,0.023328000,7,7,true
1704,0,ASBuild.BuildTLAS,0,0,false,0.101152000,7,7,true
1704,1,LightPrepare.Upload,0,0,false,0.006240000,7,7,true
1704,2,PathTracing.Trace,0,0,false,0.722752000,7,7,true
1704,3,Ui.Overlay,0,0,false,0.019616000,7,7,true
1704,4,DLSS.RayReconstruction,1,1,false,2.427424000,7,7,true
1704,5,Present.Convert,1,1,false,0.045376000,7,7,true
1704,6,Present.CopyToSwapchain,1,2,true,0.023776000,7,7,true
1705,0,ASBuild.BuildTLAS,0,0,false,0.113376000,7,7,true
1705,1,LightPrepare.Upload,0,0,false,0.001888000,7,7,true
1705,2,PathTracing.Trace,0,0,false,1.230048000,7,7,true
1705,3,Ui.Overlay,0,0,false,0.022112000,7,7,true
1705,4,DLSS.RayReconstruction,1,1,false,1.006560000,7,7,true
1705,5,Present.Convert,1,1,false,0.047456000,7,7,true
1705,6,Present.CopyToSwapchain,1,2,true,0.022112000,7,7,true
1706,0,ASBuild.BuildTLAS,0,0,false,0.124096000,7,7,true
1706,1,LightPrepare.Upload,0,0,false,0.001856000,7,7,true
1706,2,PathTracing.Trace,0,0,false,0.641088000,7,7,true
1706,3,Ui.Overlay,0,0,false,0.031136000,7,7,true
1706,4,DLSS.RayReconstruction,1,1,false,1.458272000,7,7,true
1706,5,Present.Convert,1,1,false,0.047392000,7,7,true
1706,6,Present.CopyToSwapchain,1,2,true,0.024096000,7,7,true
1707,0,ASBuild.BuildTLAS,0,0,false,0.119808000,7,7,true
1707,1,LightPrepare.Upload,0,0,false,0.001472000,7,7,true
1707,2,PathTracing.Trace,0,0,false,0.598592000,7,7,true
1707,3,Ui.Overlay,0,0,false,0.012384000,7,7,true
1707,4,DLSS.RayReconstruction,1,1,false,1.007264000,7,7,true
1707,5,Present.Convert,1,1,false,0.045376000,7,7,true
1707,6,Present.CopyToSwapchain,1,2,true,0.022048000,7,7,true
1708,0,ASBuild.BuildTLAS,0,0,false,0.137120000,7,7,true
1708,1,LightPrepare.Upload,0,0,false,0.002464000,7,7,true
1708,2,PathTracing.Trace,0,0,false,0.714272000,7,7,true
1708,3,Ui.Overlay,0,0,false,0.021984000,7,7,true
1708,4,DLSS.RayReconstruction,1,1,false,1.845152000,7,7,true
1708,5,Present.Convert,1,1,false,0.047040000,7,7,true
1708,6,Present.CopyToSwapchain,1,2,true,0.129504000,7,7,true
1709,0,ASBuild.BuildTLAS,0,0,false,0.138848000,7,7,true
1709,1,LightPrepare.Upload,0,0,false,0.005824000,7,7,true
1709,2,PathTracing.Trace,0,0,false,1.085664000,7,7,true
1709,3,Ui.Overlay,0,0,false,0.029856000,7,7,true
1709,4,DLSS.RayReconstruction,1,1,false,1.803968000,7,7,true
1709,5,Present.Convert,1,1,false,0.047392000,7,7,true
1709,6,Present.CopyToSwapchain,1,2,true,0.023456000,7,7,true
1710,0,ASBuild.BuildTLAS,0,0,false,0.128480000,7,7,true
1710,1,LightPrepare.Upload,0,0,false,0.006592000,7,7,true
1710,2,PathTracing.Trace,0,0,false,1.174080000,7,7,true
1710,3,Ui.Overlay,0,0,false,0.022848000,7,7,true
1710,4,DLSS.RayReconstruction,1,1,false,1.678432000,7,7,true
1710,5,Present.Convert,1,1,false,0.048640000,7,7,true
1710,6,Present.CopyToSwapchain,1,2,true,0.021664000,7,7,true
1711,0,ASBuild.BuildTLAS,0,0,false,0.128480000,7,7,true
1711,1,LightPrepare.Upload,0,0,false,0.002016000,7,7,true
1711,2,PathTracing.Trace,0,0,false,0.690112000,7,7,true
1711,3,Ui.Overlay,0,0,false,0.026816000,7,7,true
1711,4,DLSS.RayReconstruction,1,1,false,1.019488000,7,7,true
1711,5,Present.Convert,1,1,false,0.046976000,7,7,true
1711,6,Present.CopyToSwapchain,1,2,true,0.028000000,7,7,true
1712,0,ASBuild.BuildTLAS,0,0,false,0.122080000,7,7,true
1712,1,LightPrepare.Upload,0,0,false,0.001920000,7,7,true
1712,2,PathTracing.Trace,0,0,false,0.891936000,7,7,true
1712,3,Ui.Overlay,0,0,false,0.016128000,7,7,true
1712,4,DLSS.RayReconstruction,1,1,false,1.494240000,7,7,true
1712,5,Present.Convert,1,1,false,0.045440000,7,7,true
1712,6,Present.CopyToSwapchain,1,2,true,0.025216000,7,7,true
1713,0,ASBuild.BuildTLAS,0,0,false,0.131552000,7,7,true
1713,1,LightPrepare.Upload,0,0,false,0.005888000,7,7,true
1713,2,PathTracing.Trace,0,0,false,0.585888000,7,7,true
1713,3,Ui.Overlay,0,0,false,0.012384000,7,7,true
1713,4,DLSS.RayReconstruction,1,1,false,1.019072000,7,7,true
1713,5,Present.Convert,1,1,false,0.049408000,7,7,true
1713,6,Present.CopyToSwapchain,1,2,true,0.146464000,7,7,true
1714,0,ASBuild.BuildTLAS,0,0,false,0.162720000,7,7,true
1714,1,LightPrepare.Upload,0,0,false,0.001792000,7,7,true
1714,2,PathTracing.Trace,0,0,false,0.737472000,7,7,true
1714,3,Ui.Overlay,0,0,false,0.020608000,7,7,true
1714,4,DLSS.RayReconstruction,1,1,false,1.818336000,7,7,true
1714,5,Present.Convert,1,1,false,0.050528000,7,7,true
1714,6,Present.CopyToSwapchain,1,2,true,0.023552000,7,7,true
1715,0,ASBuild.BuildTLAS,0,0,false,0.131488000,7,7,true
1715,1,LightPrepare.Upload,0,0,false,0.001696000,7,7,true
1715,2,PathTracing.Trace,0,0,false,0.590112000,7,7,true
1715,3,Ui.Overlay,0,0,false,0.012416000,7,7,true
1715,4,DLSS.RayReconstruction,1,1,false,1.019616000,7,7,true
1715,5,Present.Convert,1,1,false,0.045312000,7,7,true
1715,6,Present.CopyToSwapchain,1,2,true,0.023968000,7,7,true
1716,0,ASBuild.BuildTLAS,0,0,false,0.419040000,7,7,true
1716,1,LightPrepare.Upload,0,0,false,0.001856000,7,7,true
1716,2,PathTracing.Trace,0,0,false,0.706624000,7,7,true
1716,3,Ui.Overlay,0,0,false,0.021280000,7,7,true
1716,4,DLSS.RayReconstruction,1,1,false,1.793920000,7,7,true
1716,5,Present.Convert,1,1,false,0.045376000,7,7,true
1716,6,Present.CopyToSwapchain,1,2,true,0.024384000,7,7,true
1717,0,ASBuild.BuildTLAS,0,0,false,0.132736000,7,7,true
1717,1,LightPrepare.Upload,0,0,false,0.001504000,7,7,true
1717,2,PathTracing.Trace,0,0,false,0.582144000,7,7,true
1717,3,Ui.Overlay,0,0,false,0.012384000,7,7,true
1717,4,DLSS.RayReconstruction,1,1,false,1.017664000,7,7,true
1717,5,Present.Convert,1,1,false,0.045408000,7,7,true
1717,6,Present.CopyToSwapchain,1,2,true,0.023296000,7,7,true
1718,0,ASBuild.BuildTLAS,0,0,false,0.148000000,7,7,true
1718,1,LightPrepare.Upload,0,0,false,0.002624000,7,7,true
1718,2,PathTracing.Trace,0,0,false,0.701792000,7,7,true
1718,3,Ui.Overlay,0,0,false,0.025696000,7,7,true
1718,4,DLSS.RayReconstruction,1,1,false,1.767104000,7,7,true
1718,5,Present.Convert,1,1,false,0.045184000,7,7,true
1718,6,Present.CopyToSwapchain,1,2,true,0.023104000,7,7,true
1719,0,ASBuild.BuildTLAS,0,0,false,0.463136000,7,7,true
1719,1,LightPrepare.Upload,0,0,false,0.001888000,7,7,true
1719,2,PathTracing.Trace,0,0,false,0.688224000,7,7,true
1719,3,Ui.Overlay,0,0,false,0.014688000,7,7,true
1719,4,DLSS.RayReconstruction,1,1,false,1.498816000,7,7,true
1719,5,Present.Convert,1,1,false,0.051392000,7,7,true
1719,6,Present.CopyToSwapchain,1,2,true,0.024448000,7,7,true
1720,0,ASBuild.BuildTLAS,0,0,false,0.091232000,7,7,true
1720,1,LightPrepare.Upload,0,0,false,0.001504000,7,7,true
1720,2,PathTracing.Trace,0,0,false,0.594464000,7,7,true
1720,3,Ui.Overlay,0,0,false,0.012544000,7,7,true
1720,4,DLSS.RayReconstruction,1,1,false,1.728896000,7,7,true
1720,5,Present.Convert,1,1,false,0.045440000,7,7,true
1720,6,Present.CopyToSwapchain,1,2,true,0.023392000,7,7,true
1721,0,ASBuild.BuildTLAS,0,0,false,0.130528000,7,7,true
1721,1,LightPrepare.Upload,0,0,false,0.001920000,7,7,true
1721,2,PathTracing.Trace,0,0,false,0.722976000,7,7,true
1721,3,Ui.Overlay,0,0,false,0.014816000,7,7,true
1721,4,DLSS.RayReconstruction,1,1,false,0.986464000,7,7,true
1721,5,Present.Convert,1,1,false,0.045408000,7,7,true
1721,6,Present.CopyToSwapchain,1,2,true,0.023168000,7,7,true
1722,0,ASBuild.BuildTLAS,0,0,false,0.127712000,7,7,true
1722,1,LightPrepare.Upload,0,0,false,0.001888000,7,7,true
1722,2,PathTracing.Trace,0,0,false,0.916544000,7,7,true
1722,3,Ui.Overlay,0,0,false,0.030944000,7,7,true
1722,4,DLSS.RayReconstruction,1,1,false,1.621216000,7,7,true
1722,5,Present.Convert,1,1,false,0.403360000,7,7,true
1722,6,Present.CopyToSwapchain,1,2,true,0.039488000,7,7,true
1723,0,ASBuild.BuildTLAS,0,0,false,0.121952000,7,7,true
1723,1,LightPrepare.Upload,0,0,false,0.002080000,7,7,true
1723,2,PathTracing.Trace,0,0,false,0.653184000,7,7,true
1723,3,Ui.Overlay,0,0,false,0.037408000,7,7,true
1723,4,DLSS.RayReconstruction,1,1,false,1.291008000,7,7,true
1723,5,Present.Convert,1,1,false,0.057024000,7,7,true
1723,6,Present.CopyToSwapchain,1,2,true,0.163840000,7,7,true
1724,0,ASBuild.BuildTLAS,0,0,false,0.127680000,7,7,true
1724,1,LightPrepare.Upload,0,0,false,0.001888000,7,7,true
1724,2,PathTracing.Trace,0,0,false,0.639040000,7,7,true
1724,3,Ui.Overlay,0,0,false,0.228352000,7,7,true
1724,4,DLSS.RayReconstruction,1,1,false,1.502624000,7,7,true
1724,5,Present.Convert,1,1,false,0.045408000,7,7,true
1724,6,Present.CopyToSwapchain,1,2,true,0.023488000,7,7,true
1725,0,ASBuild.BuildTLAS,0,0,false,0.131264000,7,7,true
1725,1,LightPrepare.Upload,0,0,false,0.001984000,7,7,true
1725,2,PathTracing.Trace,0,0,false,0.591840000,7,7,true
1725,3,Ui.Overlay,0,0,false,0.012608000,7,7,true
1725,4,DLSS.RayReconstruction,1,1,false,0.998592000,7,7,true
1725,5,Present.Convert,1,1,false,0.045248000,7,7,true
1725,6,Present.CopyToSwapchain,1,2,true,0.024160000,7,7,true
1726,0,ASBuild.BuildTLAS,0,0,false,0.120928000,7,7,true
1726,1,LightPrepare.Upload,0,0,false,0.002208000,7,7,true
1726,2,PathTracing.Trace,0,0,false,0.671488000,7,7,true
1726,3,Ui.Overlay,0,0,false,0.019936000,7,7,true
1726,4,DLSS.RayReconstruction,1,1,false,1.563648000,7,7,true
1726,5,Present.Convert,1,1,false,0.456608000,7,7,true
1726,6,Present.CopyToSwapchain,1,2,true,0.049120000,7,7,true
1727,0,ASBuild.BuildTLAS,0,0,false,0.119648000,7,7,true
1727,1,LightPrepare.Upload,0,0,false,0.001888000,7,7,true
1727,2,PathTracing.Trace,0,0,false,0.671808000,7,7,true
1727,3,Ui.Overlay,0,0,false,0.019808000,7,7,true
1727,4,DLSS.RayReconstruction,1,1,false,1.023136000,7,7,true
1727,5,Present.Convert,1,1,false,0.049120000,7,7,true
1727,6,Present.CopyToSwapchain,1,2,true,0.560992000,7,7,true
1728,0,ASBuild.BuildTLAS,0,0,false,0.126176000,7,7,true
1728,1,LightPrepare.Upload,0,0,false,0.002400000,7,7,true
1728,2,PathTracing.Trace,0,0,false,0.855584000,7,7,true
1728,3,Ui.Overlay,0,0,false,0.013856000,7,7,true
1728,4,DLSS.RayReconstruction,1,1,false,1.486784000,7,7,true
1728,5,Present.Convert,1,1,false,0.045376000,7,7,true
1728,6,Present.CopyToSwapchain,1,2,true,0.023808000,7,7,true
1729,0,ASBuild.BuildTLAS,0,0,false,0.123776000,7,7,true
1729,1,LightPrepare.Upload,0,0,false,0.001952000,7,7,true
1729,2,PathTracing.Trace,0,0,false,0.962528000,7,7,true
1729,3,Ui.Overlay,0,0,false,0.012704000,7,7,true
1729,4,DLSS.RayReconstruction,1,1,false,1.011264000,7,7,true
1729,5,Present.Convert,1,1,false,0.330144000,7,7,true
1729,6,Present.CopyToSwapchain,1,2,true,0.051168000,7,7,true
1730,0,ASBuild.BuildTLAS,0,0,false,0.130592000,7,7,true
1730,1,LightPrepare.Upload,0,0,false,0.005824000,7,7,true
1730,2,PathTracing.Trace,0,0,false,0.682208000,7,7,true
1730,3,Ui.Overlay,0,0,false,0.020192000,7,7,true
1730,4,DLSS.RayReconstruction,1,1,false,1.494720000,7,7,true
1730,5,Present.Convert,1,1,false,0.045376000,7,7,true
1730,6,Present.CopyToSwapchain,1,2,true,0.023552000,7,7,true
1731,0,ASBuild.BuildTLAS,0,0,false,0.427456000,7,7,true
1731,1,LightPrepare.Upload,0,0,false,0.006048000,7,7,true
1731,2,PathTracing.Trace,0,0,false,0.600096000,7,7,true
1731,3,Ui.Overlay,0,0,false,0.012512000,7,7,true
1731,4,DLSS.RayReconstruction,1,1,false,1.002720000,7,7,true
1731,5,Present.Convert,1,1,false,0.047136000,7,7,true
1731,6,Present.CopyToSwapchain,1,2,true,0.071232000,7,7,true
1732,0,ASBuild.BuildTLAS,0,0,false,0.094592000,7,7,true
1732,1,LightPrepare.Upload,0,0,false,0.001792000,7,7,true
1732,2,PathTracing.Trace,0,0,false,0.653472000,7,7,true
1732,3,Ui.Overlay,0,0,false,0.013856000,7,7,true
1732,4,DLSS.RayReconstruction,1,1,false,1.467232000,7,7,true
1732,5,Present.Convert,1,1,false,0.045440000,7,7,true
1732,6,Present.CopyToSwapchain,1,2,true,0.023328000,7,7,true
1733,0,ASBuild.BuildTLAS,0,0,false,0.128416000,7,7,true
1733,1,LightPrepare.Upload,0,0,false,0.001664000,7,7,true
1733,2,PathTracing.Trace,0,0,false,0.578912000,7,7,true
1733,3,Ui.Overlay,0,0,false,0.012320000,7,7,true
1733,4,DLSS.RayReconstruction,1,1,false,1.013248000,7,7,true
1733,5,Present.Convert,1,1,false,0.514912000,7,7,true
1733,6,Present.CopyToSwapchain,1,2,true,0.115680000,7,7,true
1734,0,ASBuild.BuildTLAS,0,0,false,0.117952000,7,7,true
1734,1,LightPrepare.Upload,0,0,false,0.002368000,7,7,true
1734,2,PathTracing.Trace,0,0,false,0.716384000,7,7,true
1734,3,Ui.Overlay,0,0,false,0.023872000,7,7,true
1734,4,DLSS.RayReconstruction,1,1,false,1.499072000,7,7,true
1734,5,Present.Convert,1,1,false,0.045408000,7,7,true
1734,6,Present.CopyToSwapchain,1,2,true,0.023904000,7,7,true
1735,0,ASBuild.BuildTLAS,0,0,false,0.570336000,7,7,true
1735,1,LightPrepare.Upload,0,0,false,0.001856000,7,7,true
1735,2,PathTracing.Trace,0,0,false,0.602240000,7,7,true
1735,3,Ui.Overlay,0,0,false,0.012384000,7,7,true
1735,4,DLSS.RayReconstruction,1,1,false,1.004512000,7,7,true
1735,5,Present.Convert,1,1,false,0.045152000,7,7,true
1735,6,Present.CopyToSwapchain,1,2,true,0.021728000,7,7,true
1736,0,ASBuild.BuildTLAS,0,0,false,0.128864000,7,7,true
1736,1,LightPrepare.Upload,0,0,false,0.001888000,7,7,true
1736,2,PathTracing.Trace,0,0,false,0.706624000,7,7,true
1736,3,Ui.Overlay,0,0,false,0.029792000,7,7,true
1736,4,DLSS.RayReconstruction,1,1,false,2.046560000,7,7,true
1736,5,Present.Convert,1,1,false,0.045408000,7,7,true
1736,6,Present.CopyToSwapchain,1,2,true,0.023520000,7,7,true
1737,0,ASBuild.BuildTLAS,0,0,false,0.120032000,7,7,true
1737,1,LightPrepare.Upload,0,0,false,0.005760000,7,7,true
1737,2,PathTracing.Trace,0,0,false,0.708896000,7,7,true
1737,3,Ui.Overlay,0,0,false,0.013696000,7,7,true
1737,4,DLSS.RayReconstruction,1,1,false,1.804480000,7,7,true
1737,5,Present.Convert,1,1,false,0.045344000,7,7,true
1737,6,Present.CopyToSwapchain,1,2,true,0.024320000,7,7,true
1738,0,ASBuild.BuildTLAS,0,0,false,0.126528000,7,7,true
1738,1,LightPrepare.Upload,0,0,false,0.001920000,7,7,true
1738,2,PathTracing.Trace,0,0,false,0.645152000,7,7,true
1738,3,Ui.Overlay,0,0,false,0.028896000,7,7,true
1738,4,DLSS.RayReconstruction,1,1,false,1.003072000,7,7,true
1738,5,Present.Convert,1,1,false,0.047264000,7,7,true
1738,6,Present.CopyToSwapchain,1,2,true,0.148512000,7,7,true
1739,0,ASBuild.BuildTLAS,0,0,false,0.122336000,7,7,true
1739,1,LightPrepare.Upload,0,0,false,0.001888000,7,7,true
1739,2,PathTracing.Trace,0,0,false,0.688160000,7,7,true
1739,3,Ui.Overlay,0,0,false,0.020512000,7,7,true
1739,4,DLSS.RayReconstruction,1,1,false,0.992704000,7,7,true
1739,5,Present.Convert,1,1,false,0.045376000,7,7,true
1739,6,Present.CopyToSwapchain,1,2,true,0.023488000,7,7,true
1740,0,ASBuild.BuildTLAS,0,0,false,0.127776000,7,7,true
1740,1,LightPrepare.Upload,0,0,false,0.001824000,7,7,true
1740,2,PathTracing.Trace,0,0,false,0.622720000,7,7,true
1740,3,Ui.Overlay,0,0,false,0.012448000,7,7,true
1740,4,DLSS.RayReconstruction,1,1,false,1.492576000,7,7,true
1740,5,Present.Convert,1,1,false,0.045312000,7,7,true
1740,6,Present.CopyToSwapchain,1,2,true,0.024000000,7,7,true
1741,0,ASBuild.BuildTLAS,0,0,false,0.093376000,7,7,true
1741,1,LightPrepare.Upload,0,0,false,0.001632000,7,7,true
1741,2,PathTracing.Trace,0,0,false,0.610688000,7,7,true
1741,3,Ui.Overlay,0,0,false,0.012384000,7,7,true
1741,4,DLSS.RayReconstruction,1,1,false,1.969248000,7,7,true
1741,5,Present.Convert,1,1,false,0.050528000,7,7,true
1741,6,Present.CopyToSwapchain,1,2,true,0.025600000,7,7,true
1742,0,ASBuild.BuildTLAS,0,0,false,0.177312000,7,7,true
1742,1,LightPrepare.Upload,0,0,false,0.002048000,7,7,true
1742,2,PathTracing.Trace,0,0,false,0.769984000,7,7,true
1742,3,Ui.Overlay,0,0,false,0.024288000,7,7,true
1742,4,DLSS.RayReconstruction,1,1,false,1.055904000,7,7,true
1742,5,Present.Convert,1,1,false,0.444416000,7,7,true
1742,6,Present.CopyToSwapchain,1,2,true,0.054848000,7,7,true
1743,0,ASBuild.BuildTLAS,0,0,false,0.107680000,7,7,true
1743,1,LightPrepare.Upload,0,0,false,0.001888000,7,7,true
1743,2,PathTracing.Trace,0,0,false,0.700480000,7,7,true
1743,3,Ui.Overlay,0,0,false,0.027936000,7,7,true
1743,4,DLSS.RayReconstruction,1,1,false,1.975776000,7,7,true
1743,5,Present.Convert,1,1,false,0.063136000,7,7,true
1743,6,Present.CopyToSwapchain,1,2,true,0.024448000,7,7,true
1744,0,ASBuild.BuildTLAS,0,0,false,0.126368000,7,7,true
1744,1,LightPrepare.Upload,0,0,false,0.001888000,7,7,true
1744,2,PathTracing.Trace,0,0,false,0.651328000,7,7,true
1744,3,Ui.Overlay,0,0,false,0.012128000,7,7,true
1744,4,DLSS.RayReconstruction,1,1,false,1.489984000,7,7,true
1744,5,Present.Convert,1,1,false,0.054336000,7,7,true
1744,6,Present.CopyToSwapchain,1,2,true,0.024544000,7,7,true
1745,0,ASBuild.BuildTLAS,0,0,false,0.135872000,7,7,true
1745,1,LightPrepare.Upload,0,0,false,0.001888000,7,7,true
1745,2,PathTracing.Trace,0,0,false,0.905280000,7,7,true
1745,3,Ui.Overlay,0,0,false,0.012352000,7,7,true
1745,4,DLSS.RayReconstruction,1,1,false,1.496768000,7,7,true
1745,5,Present.Convert,1,1,false,0.045408000,7,7,true
1745,6,Present.CopyToSwapchain,1,2,true,0.023520000,7,7,true
1746,0,ASBuild.BuildTLAS,0,0,false,0.129824000,7,7,true
1746,1,LightPrepare.Upload,0,0,false,0.001920000,7,7,true
1746,2,PathTracing.Trace,0,0,false,0.681024000,7,7,true
1746,3,Ui.Overlay,0,0,false,0.012032000,7,7,true
1746,4,DLSS.RayReconstruction,1,1,false,1.013408000,7,7,true
1746,5,Present.Convert,1,1,false,0.045184000,7,7,true
1746,6,Present.CopyToSwapchain,1,2,true,0.023552000,7,7,true
1747,0,ASBuild.BuildTLAS,0,0,false,0.124576000,7,7,true
1747,1,LightPrepare.Upload,0,0,false,0.001920000,7,7,true
1747,2,PathTracing.Trace,0,0,false,0.643136000,7,7,true
1747,3,Ui.Overlay,0,0,false,0.022560000,7,7,true
1747,4,DLSS.RayReconstruction,1,1,false,2.562688000,7,7,true
1747,5,Present.Convert,1,1,false,0.053280000,7,7,true
1747,6,Present.CopyToSwapchain,1,2,true,0.024192000,7,7,true
1748,0,ASBuild.BuildTLAS,0,0,false,0.127872000,7,7,true
1748,1,LightPrepare.Upload,0,0,false,0.002304000,7,7,true
1748,2,PathTracing.Trace,0,0,false,1.102496000,7,7,true
1748,3,Ui.Overlay,0,0,false,0.021664000,7,7,true
1748,4,DLSS.RayReconstruction,1,1,false,1.014624000,7,7,true
1748,5,Present.Convert,1,1,false,0.047360000,7,7,true
1748,6,Present.CopyToSwapchain,1,2,true,0.026048000,7,7,true
1749,0,ASBuild.BuildTLAS,0,0,false,0.261056000,7,7,true
1749,1,LightPrepare.Upload,0,0,false,0.002016000,7,7,true
1749,2,PathTracing.Trace,0,0,false,0.738272000,7,7,true
1749,3,Ui.Overlay,0,0,false,0.012672000,7,7,true
1749,4,DLSS.RayReconstruction,1,1,false,1.463648000,7,7,true
1749,5,Present.Convert,1,1,false,0.045472000,7,7,true
1749,6,Present.CopyToSwapchain,1,2,true,0.022240000,7,7,true
1750,0,ASBuild.BuildTLAS,0,0,false,0.123712000,7,7,true
1750,1,LightPrepare.Upload,0,0,false,0.001472000,7,7,true
1750,2,PathTracing.Trace,0,0,false,0.611904000,7,7,true
1750,3,Ui.Overlay,0,0,false,0.012416000,7,7,true
1750,4,DLSS.RayReconstruction,1,1,false,1.019392000,7,7,true
1750,5,Present.Convert,1,1,false,0.045344000,7,7,true
1750,6,Present.CopyToSwapchain,1,2,true,0.025952000,7,7,true
1751,0,ASBuild.BuildTLAS,0,0,false,0.129184000,7,7,true
1751,1,LightPrepare.Upload,0,0,false,0.005920000,7,7,true
1751,2,PathTracing.Trace,0,0,false,0.759840000,7,7,true
1751,3,Ui.Overlay,0,0,false,0.013344000,7,7,true
1751,4,DLSS.RayReconstruction,1,1,false,1.871104000,7,7,true
1751,5,Present.Convert,1,1,false,0.045440000,7,7,true
1751,6,Present.CopyToSwapchain,1,2,true,0.023488000,7,7,true
1752,0,ASBuild.BuildTLAS,0,0,false,0.127680000,7,7,true
1752,1,LightPrepare.Upload,0,0,false,0.002976000,7,7,true
1752,2,PathTracing.Trace,0,0,false,0.571936000,7,7,true
1752,3,Ui.Overlay,0,0,false,0.012320000,7,7,true
1752,4,DLSS.RayReconstruction,1,1,false,1.015104000,7,7,true
1752,5,Present.Convert,1,1,false,0.045344000,7,7,true
1752,6,Present.CopyToSwapchain,1,2,true,0.024960000,7,7,true
1753,0,ASBuild.BuildTLAS,0,0,false,0.147776000,7,7,true
1753,1,LightPrepare.Upload,0,0,false,0.001888000,7,7,true
1753,2,PathTracing.Trace,0,0,false,1.012800000,7,7,true
1753,3,Ui.Overlay,0,0,false,0.020128000,7,7,true
1753,4,DLSS.RayReconstruction,1,1,false,1.463712000,7,7,true
1753,5,Present.Convert,1,1,false,0.045312000,7,7,true
1753,6,Present.CopyToSwapchain,1,2,true,0.021952000,7,7,true
1754,0,ASBuild.BuildTLAS,0,0,false,0.127808000,7,7,true
1754,1,LightPrepare.Upload,0,0,false,0.003456000,7,7,true
1754,2,PathTracing.Trace,0,0,false,0.607872000,7,7,true
1754,3,Ui.Overlay,0,0,false,0.012512000,7,7,true
1754,4,DLSS.RayReconstruction,1,1,false,1.008832000,7,7,true
1754,5,Present.Convert,1,1,false,0.045376000,7,7,true
1754,6,Present.CopyToSwapchain,1,2,true,0.023328000,7,7,true
1755,0,ASBuild.BuildTLAS,0,0,false,0.140416000,7,7,true
1755,1,LightPrepare.Upload,0,0,false,0.005024000,7,7,true
1755,2,PathTracing.Trace,0,0,false,0.707552000,7,7,true
1755,3,Ui.Overlay,0,0,false,0.019872000,7,7,true
1755,4,DLSS.RayReconstruction,1,1,false,2.386784000,7,7,true
1755,5,Present.Convert,1,1,false,0.055584000,7,7,true
1755,6,Present.CopyToSwapchain,1,2,true,0.024032000,7,7,true
1756,0,ASBuild.BuildTLAS,0,0,false,0.127904000,7,7,true
1756,1,LightPrepare.Upload,0,0,false,0.001888000,7,7,true
1756,2,PathTracing.Trace,0,0,false,1.109056000,7,7,true
1756,3,Ui.Overlay,0,0,false,0.012096000,7,7,true
1756,4,DLSS.RayReconstruction,1,1,false,1.034304000,7,7,true
1756,5,Present.Convert,1,1,false,0.406976000,7,7,true
1756,6,Present.CopyToSwapchain,1,2,true,0.110976000,7,7,true
1757,0,ASBuild.BuildTLAS,0,0,false,0.125984000,7,7,true
1757,1,LightPrepare.Upload,0,0,false,0.001856000,7,7,true
1757,2,PathTracing.Trace,0,0,false,0.704576000,7,7,true
1757,3,Ui.Overlay,0,0,false,0.011904000,7,7,true
1757,4,DLSS.RayReconstruction,1,1,false,1.478304000,7,7,true
1757,5,Present.Convert,1,1,false,0.063680000,7,7,true
1757,6,Present.CopyToSwapchain,1,2,true,0.022368000,7,7,true
1758,0,ASBuild.BuildTLAS,0,0,false,0.133312000,7,7,true
1758,1,LightPrepare.Upload,0,0,false,0.001856000,7,7,true
1758,2,PathTracing.Trace,0,0,false,1.007712000,7,7,true
1758,3,Ui.Overlay,0,0,false,0.012256000,7,7,true
1758,4,DLSS.RayReconstruction,1,1,false,0.997280000,7,7,true
1758,5,Present.Convert,1,1,false,0.049504000,7,7,true
1758,6,Present.CopyToSwapchain,1,2,true,0.022240000,7,7,true
1759,0,ASBuild.BuildTLAS,0,0,false,0.127296000,7,7,true
1759,1,LightPrepare.Upload,0,0,false,0.002240000,7,7,true
1759,2,PathTracing.Trace,0,0,false,0.691936000,7,7,true
1759,3,Ui.Overlay,0,0,false,0.012544000,7,7,true
1759,4,DLSS.RayReconstruction,1,1,false,1.463712000,7,7,true
1759,5,Present.Convert,1,1,false,0.045376000,7,7,true
1759,6,Present.CopyToSwapchain,1,2,true,0.023456000,7,7,true
1760,0,ASBuild.BuildTLAS,0,0,false,0.114208000,7,7,true
1760,1,LightPrepare.Upload,0,0,false,0.001536000,7,7,true
1760,2,PathTracing.Trace,0,0,false,0.573920000,7,7,true
1760,3,Ui.Overlay,0,0,false,0.012608000,7,7,true
1760,4,DLSS.RayReconstruction,1,1,false,1.491936000,7,7,true
1760,5,Present.Convert,1,1,false,0.058624000,7,7,true
1760,6,Present.CopyToSwapchain,1,2,true,0.024512000,7,7,true
1761,0,ASBuild.BuildTLAS,0,0,false,0.119808000,7,7,true
1761,1,LightPrepare.Upload,0,0,false,0.001792000,7,7,true
1761,2,PathTracing.Trace,0,0,false,0.663712000,7,7,true
1761,3,Ui.Overlay,0,0,false,0.022368000,7,7,true
1761,4,DLSS.RayReconstruction,1,1,false,1.480544000,7,7,true
1761,5,Present.Convert,1,1,false,0.045344000,7,7,true
1761,6,Present.CopyToSwapchain,1,2,true,0.023968000,7,7,true
1762,0,ASBuild.BuildTLAS,0,0,false,0.130464000,7,7,true
1762,1,LightPrepare.Upload,0,0,false,0.001472000,7,7,true
1762,2,PathTracing.Trace,0,0,false,0.615968000,7,7,true
1762,3,Ui.Overlay,0,0,false,0.012256000,7,7,true
1762,4,DLSS.RayReconstruction,1,1,false,0.992736000,7,7,true
1762,5,Present.Convert,1,1,false,0.360864000,7,7,true
1762,6,Present.CopyToSwapchain,1,2,true,0.088928000,7,7,true
1763,0,ASBuild.BuildTLAS,0,0,false,0.103424000,7,7,true
1763,1,LightPrepare.Upload,0,0,false,0.001856000,7,7,true
1763,2,PathTracing.Trace,0,0,false,0.716928000,7,7,true
1763,3,Ui.Overlay,0,0,false,0.019904000,7,7,true
1763,4,DLSS.RayReconstruction,1,1,false,1.486144000,7,7,true
1763,5,Present.Convert,1,1,false,0.045440000,7,7,true
1763,6,Present.CopyToSwapchain,1,2,true,0.021472000,7,7,true
1764,0,ASBuild.BuildTLAS,0,0,false,0.426336000,7,7,true
1764,1,LightPrepare.Upload,0,0,false,0.002208000,7,7,true
1764,2,PathTracing.Trace,0,0,false,0.573216000,7,7,true
1764,3,Ui.Overlay,0,0,false,0.012480000,7,7,true
1764,4,DLSS.RayReconstruction,1,1,false,0.990752000,7,7,true
1764,5,Present.Convert,1,1,false,0.045376000,7,7,true
1764,6,Present.CopyToSwapchain,1,2,true,0.024096000,7,7,true
1765,0,ASBuild.BuildTLAS,0,0,false,0.096416000,7,7,true
1765,1,LightPrepare.Upload,0,0,false,0.002048000,7,7,true
1765,2,PathTracing.Trace,0,0,false,0.690112000,7,7,true
1765,3,Ui.Overlay,0,0,false,0.021728000,7,7,true
1765,4,DLSS.RayReconstruction,1,1,false,2.148608000,7,7,true
1765,5,Present.Convert,1,1,false,0.045408000,7,7,true
1765,6,Present.CopyToSwapchain,1,2,true,0.023328000,7,7,true
1766,0,ASBuild.BuildTLAS,0,0,false,0.124256000,7,7,true
1766,1,LightPrepare.Upload,0,0,false,0.001984000,7,7,true
1766,2,PathTracing.Trace,0,0,false,0.818112000,7,7,true
1766,3,Ui.Overlay,0,0,false,0.041920000,7,7,true
1766,4,DLSS.RayReconstruction,1,1,false,1.754784000,7,7,true
1766,5,Present.Convert,1,1,false,0.055008000,7,7,true
1766,6,Present.CopyToSwapchain,1,2,true,0.021920000,7,7,true
1767,0,ASBuild.BuildTLAS,0,0,false,0.123040000,7,7,true
1767,1,LightPrepare.Upload,0,0,false,0.005888000,7,7,true
1767,2,PathTracing.Trace,0,0,false,0.639136000,7,7,true
1767,3,Ui.Overlay,0,0,false,0.030432000,7,7,true
1767,4,DLSS.RayReconstruction,1,1,false,0.995424000,7,7,true
1767,5,Present.Convert,1,1,false,0.047424000,7,7,true
1767,6,Present.CopyToSwapchain,1,2,true,0.025184000,7,7,true
1768,0,ASBuild.BuildTLAS,0,0,false,0.128224000,7,7,true
1768,1,LightPrepare.Upload,0,0,false,0.001920000,7,7,true
1768,2,PathTracing.Trace,0,0,false,0.661504000,7,7,true
1768,3,Ui.Overlay,0,0,false,0.019424000,7,7,true
1768,4,DLSS.RayReconstruction,1,1,false,1.818624000,7,7,true
1768,5,Present.Convert,1,1,false,0.045376000,7,7,true
1768,6,Present.CopyToSwapchain,1,2,true,0.023552000,7,7,true
1769,0,ASBuild.BuildTLAS,0,0,false,0.107136000,7,7,true
1769,1,LightPrepare.Upload,0,0,false,0.001504000,7,7,true
1769,2,PathTracing.Trace,0,0,false,0.565792000,7,7,true
1769,3,Ui.Overlay,0,0,false,0.012352000,7,7,true
1769,4,DLSS.RayReconstruction,1,1,false,0.999584000,7,7,true
1769,5,Present.Convert,1,1,false,0.045440000,7,7,true
1769,6,Present.CopyToSwapchain,1,2,true,0.023840000,7,7,true
1770,0,ASBuild.BuildTLAS,0,0,false,0.132640000,7,7,true
1770,1,LightPrepare.Upload,0,0,false,0.002720000,7,7,true
1770,2,PathTracing.Trace,0,0,false,0.872704000,7,7,true
1770,3,Ui.Overlay,0,0,false,0.026816000,7,7,true
1770,4,DLSS.RayReconstruction,1,1,false,1.843552000,7,7,true
1770,5,Present.Convert,1,1,false,0.054464000,7,7,true
1770,6,Present.CopyToSwapchain,1,2,true,0.036928000,7,7,true
1771,0,ASBuild.BuildTLAS,0,0,false,0.147808000,7,7,true
1771,1,LightPrepare.Upload,0,0,false,0.001984000,7,7,true
1771,2,PathTracing.Trace,0,0,false,0.751552000,7,7,true
1771,3,Ui.Overlay,0,0,false,0.012288000,7,7,true
1771,4,DLSS.RayReconstruction,1,1,false,1.835744000,7,7,true
1771,5,Present.Convert,1,1,false,0.045408000,7,7,true
1771,6,Present.CopyToSwapchain,1,2,true,0.021888000,7,7,true
1772,0,ASBuild.BuildTLAS,0,0,false,0.117952000,7,7,true
1772,1,LightPrepare.Upload,0,0,false,0.002112000,7,7,true
1772,2,PathTracing.Trace,0,0,false,1.016672000,7,7,true
1772,3,Ui.Overlay,0,0,false,0.014016000,7,7,true
1772,4,DLSS.RayReconstruction,1,1,false,1.209376000,7,7,true
1772,5,Present.Convert,1,1,false,0.453792000,7,7,true
1772,6,Present.CopyToSwapchain,1,2,true,0.063648000,7,7,true
1773,0,ASBuild.BuildTLAS,0,0,false,0.143776000,7,7,true
1773,1,LightPrepare.Upload,0,0,false,0.005728000,7,7,true
1773,2,PathTracing.Trace,0,0,false,0.641344000,7,7,true
1773,3,Ui.Overlay,0,0,false,0.022240000,7,7,true
1773,4,DLSS.RayReconstruction,1,1,false,1.513088000,7,7,true
1773,5,Present.Convert,1,1,false,0.045376000,7,7,true
1773,6,Present.CopyToSwapchain,1,2,true,0.022144000,7,7,true
1774,0,ASBuild.BuildTLAS,0,0,false,0.302432000,7,7,true
1774,1,LightPrepare.Upload,0,0,false,0.001888000,7,7,true
1774,2,PathTracing.Trace,0,0,false,0.643104000,7,7,true
1774,3,Ui.Overlay,0,0,false,0.012320000,7,7,true
1774,4,DLSS.RayReconstruction,1,1,false,1.000608000,7,7,true
1774,5,Present.Convert,1,1,false,0.333664000,7,7,true
1774,6,Present.CopyToSwapchain,1,2,true,0.181760000,7,7,true
1775,0,ASBuild.BuildTLAS,0,0,false,0.145696000,7,7,true
1775,1,LightPrepare.Upload,0,0,false,0.001888000,7,7,true
1775,2,PathTracing.Trace,0,0,false,0.671808000,7,7,true
1775,3,Ui.Overlay,0,0,false,0.031424000,7,7,true
1775,4,DLSS.RayReconstruction,1,1,false,1.517440000,7,7,true
1775,5,Present.Convert,1,1,false,0.045408000,7,7,true
1775,6,Present.CopyToSwapchain,1,2,true,0.023264000,7,7,true
1776,0,ASBuild.BuildTLAS,0,0,false,0.407520000,7,7,true
1776,1,LightPrepare.Upload,0,0,false,0.005472000,7,7,true
1776,2,PathTracing.Trace,0,0,false,0.606880000,7,7,true
1776,3,Ui.Overlay,0,0,false,0.013024000,7,7,true
1776,4,DLSS.RayReconstruction,1,1,false,1.321568000,7,7,true
1776,5,Present.Convert,1,1,false,0.047488000,7,7,true
1776,6,Present.CopyToSwapchain,1,2,true,0.024096000,7,7,true
1777,0,ASBuild.BuildTLAS,0,0,false,0.141536000,7,7,true
1777,1,LightPrepare.Upload,0,0,false,0.001824000,7,7,true
1777,2,PathTracing.Trace,0,0,false,0.667712000,7,7,true
1777,3,Ui.Overlay,0,0,false,0.021920000,7,7,true
1777,4,DLSS.RayReconstruction,1,1,false,1.500416000,7,7,true
1777,5,Present.Convert,1,1,false,0.045376000,7,7,true
1777,6,Present.CopyToSwapchain,1,2,true,0.023392000,7,7,true
1778,0,ASBuild.BuildTLAS,0,0,false,0.115872000,7,7,true
1778,1,LightPrepare.Upload,0,0,false,0.001600000,7,7,true
1778,2,PathTracing.Trace,0,0,false,0.571840000,7,7,true
1778,3,Ui.Overlay,0,0,false,0.012416000,7,7,true
1778,4,DLSS.RayReconstruction,1,1,false,1.490464000,7,7,true
1778,5,Present.Convert,1,1,false,0.045440000,7,7,true
1778,6,Present.CopyToSwapchain,1,2,true,0.023232000,7,7,true
1779,0,ASBuild.BuildTLAS,0,0,false,0.096384000,7,7,true
1779,1,LightPrepare.Upload,0,0,false,0.002432000,7,7,true
1779,2,PathTracing.Trace,0,0,false,0.708160000,7,7,true
1779,3,Ui.Overlay,0,0,false,0.020672000,7,7,true
1779,4,DLSS.RayReconstruction,1,1,false,1.015296000,7,7,true
1779,5,Present.Convert,1,1,false,0.045408000,7,7,true
1779,6,Present.CopyToSwapchain,1,2,true,0.024864000,7,7,true
1780,0,ASBuild.BuildTLAS,0,0,false,0.122208000,7,7,true
1780,1,LightPrepare.Upload,0,0,false,0.001984000,7,7,true
1780,2,PathTracing.Trace,0,0,false,0.647136000,7,7,true
1780,3,Ui.Overlay,0,0,false,0.031744000,7,7,true
1780,4,DLSS.RayReconstruction,1,1,false,1.485760000,7,7,true
1780,5,Present.Convert,1,1,false,0.045408000,7,7,true
1780,6,Present.CopyToSwapchain,1,2,true,0.023360000,7,7,true
1781,0,ASBuild.BuildTLAS,0,0,false,0.101184000,7,7,true
1781,1,LightPrepare.Upload,0,0,false,0.001536000,7,7,true
1781,2,PathTracing.Trace,0,0,false,0.592384000,7,7,true
1781,3,Ui.Overlay,0,0,false,0.012544000,7,7,true
1781,4,DLSS.RayReconstruction,1,1,false,1.014720000,7,7,true
1781,5,Present.Convert,1,1,false,0.045376000,7,7,true
1781,6,Present.CopyToSwapchain,1,2,true,0.027616000,7,7,true
1782,0,ASBuild.BuildTLAS,0,0,false,0.131552000,7,7,true
1782,1,LightPrepare.Upload,0,0,false,0.002560000,7,7,true
1782,2,PathTracing.Trace,0,0,false,0.738752000,7,7,true
1782,3,Ui.Overlay,0,0,false,0.021056000,7,7,true
1782,4,DLSS.RayReconstruction,1,1,false,2.349568000,7,7,true
1782,5,Present.Convert,1,1,false,0.057568000,7,7,true
1782,6,Present.CopyToSwapchain,1,2,true,0.025664000,7,7,true
1783,0,ASBuild.BuildTLAS,0,0,false,0.126624000,7,7,true
1783,1,LightPrepare.Upload,0,0,false,0.001888000,7,7,true
1783,2,PathTracing.Trace,0,0,false,1.043520000,7,7,true
1783,3,Ui.Overlay,0,0,false,0.032544000,7,7,true
1783,4,DLSS.RayReconstruction,1,1,false,1.968096000,7,7,true
1783,5,Present.Convert,1,1,false,0.200320000,7,7,true
1783,6,Present.CopyToSwapchain,1,2,true,0.022112000,7,7,true
1784,0,ASBuild.BuildTLAS,0,0,false,0.126752000,7,7,true
1784,1,LightPrepare.Upload,0,0,false,0.001984000,7,7,true
1784,2,PathTracing.Trace,0,0,false,1.091520000,7,7,true
1784,3,Ui.Overlay,0,0,false,0.013952000,7,7,true
1784,4,DLSS.RayReconstruction,1,1,false,1.002336000,7,7,true
1784,5,Present.Convert,1,1,false,0.045376000,7,7,true
1784,6,Present.CopyToSwapchain,1,2,true,0.025568000,7,7,true
1785,0,ASBuild.BuildTLAS,0,0,false,0.128992000,7,7,true
1785,1,LightPrepare.Upload,0,0,false,0.002048000,7,7,true
1785,2,PathTracing.Trace,0,0,false,1.019776000,7,7,true
1785,3,Ui.Overlay,0,0,false,0.022080000,7,7,true
1785,4,DLSS.RayReconstruction,1,1,false,1.476384000,7,7,true
1785,5,Present.Convert,1,1,false,0.045408000,7,7,true
1785,6,Present.CopyToSwapchain,1,2,true,0.024064000,7,7,true
1786,0,ASBuild.BuildTLAS,0,0,false,0.132672000,7,7,true
1786,1,LightPrepare.Upload,0,0,false,0.001920000,7,7,true
1786,2,PathTracing.Trace,0,0,false,0.686144000,7,7,true
1786,3,Ui.Overlay,0,0,false,0.049568000,7,7,true
1786,4,DLSS.RayReconstruction,1,1,false,2.482944000,7,7,true
1786,5,Present.Convert,1,1,false,0.045344000,7,7,true
1786,6,Present.CopyToSwapchain,1,2,true,0.022080000,7,7,true
1787,0,ASBuild.BuildTLAS,0,0,false,0.478080000,7,7,true
1787,1,LightPrepare.Upload,0,0,false,0.002432000,7,7,true
1787,2,PathTracing.Trace,0,0,false,0.763424000,7,7,true
1787,3,Ui.Overlay,0,0,false,0.031840000,7,7,true
1787,4,DLSS.RayReconstruction,1,1,false,0.996224000,7,7,true
1787,5,Present.Convert,1,1,false,0.045312000,7,7,true
1787,6,Present.CopyToSwapchain,1,2,true,0.348448000,7,7,true
1788,0,ASBuild.BuildTLAS,0,0,false,0.108544000,7,7,true
1788,1,LightPrepare.Upload,0,0,false,0.001568000,7,7,true
1788,2,PathTracing.Trace,0,0,false,0.820608000,7,7,true
1788,3,Ui.Overlay,0,0,false,0.022272000,7,7,true
1788,4,DLSS.RayReconstruction,1,1,false,1.543712000,7,7,true
1788,5,Present.Convert,1,1,false,0.045344000,7,7,true
1788,6,Present.CopyToSwapchain,1,2,true,0.024352000,7,7,true
1789,0,ASBuild.BuildTLAS,0,0,false,0.120704000,7,7,true
1789,1,LightPrepare.Upload,0,0,false,0.001888000,7,7,true
1789,2,PathTracing.Trace,0,0,false,0.761920000,7,7,true
1789,3,Ui.Overlay,0,0,false,0.031808000,7,7,true
1789,4,DLSS.RayReconstruction,1,1,false,1.496832000,7,7,true
1789,5,Present.Convert,1,1,false,0.051360000,7,7,true
1789,6,Present.CopyToSwapchain,1,2,true,0.023232000,7,7,true
1790,0,ASBuild.BuildTLAS,0,0,false,0.095296000,7,7,true
1790,1,LightPrepare.Upload,0,0,false,0.001600000,7,7,true
1790,2,PathTracing.Trace,0,0,false,0.608672000,7,7,true
1790,3,Ui.Overlay,0,0,false,0.012352000,7,7,true
1790,4,DLSS.RayReconstruction,1,1,false,1.498272000,7,7,true
1790,5,Present.Convert,1,1,false,0.049376000,7,7,true
1790,6,Present.CopyToSwapchain,1,2,true,0.021696000,7,7,true
1791,0,ASBuild.BuildTLAS,0,0,false,0.124256000,7,7,true
1791,1,LightPrepare.Upload,0,0,false,0.001952000,7,7,true
1791,2,PathTracing.Trace,0,0,false,0.669696000,7,7,true
1791,3,Ui.Overlay,0,0,false,0.012768000,7,7,true
1791,4,DLSS.RayReconstruction,1,1,false,0.996736000,7,7,true
1791,5,Present.Convert,1,1,false,0.047424000,7,7,true
1791,6,Present.CopyToSwapchain,1,2,true,0.481376000,7,7,true
1792,0,ASBuild.BuildTLAS,0,0,false,0.122336000,7,7,true
1792,1,LightPrepare.Upload,0,0,false,0.001920000,7,7,true
1792,2,PathTracing.Trace,0,0,false,0.706592000,7,7,true
1792,3,Ui.Overlay,0,0,false,0.016000000,7,7,true
1792,4,DLSS.RayReconstruction,1,1,false,1.490336000,7,7,true
1792,5,Present.Convert,1,1,false,0.045376000,7,7,true
1792,6,Present.CopyToSwapchain,1,2,true,0.021536000,7,7,true
1793,0,ASBuild.BuildTLAS,0,0,false,0.123840000,7,7,true
1793,1,LightPrepare.Upload,0,0,false,0.001984000,7,7,true
1793,2,PathTracing.Trace,0,0,false,0.964640000,7,7,true
1793,3,Ui.Overlay,0,0,false,0.012576000,7,7,true
1793,4,DLSS.RayReconstruction,1,1,false,0.992128000,7,7,true
1793,5,Present.Convert,1,1,false,0.045408000,7,7,true
1793,6,Present.CopyToSwapchain,1,2,true,0.023200000,7,7,true
1794,0,ASBuild.BuildTLAS,0,0,false,0.107648000,7,7,true
1794,1,LightPrepare.Upload,0,0,false,0.001600000,7,7,true
1794,2,PathTracing.Trace,0,0,false,0.678272000,7,7,true
1794,3,Ui.Overlay,0,0,false,0.019424000,7,7,true
1794,4,DLSS.RayReconstruction,1,1,false,2.006752000,7,7,true
1794,5,Present.Convert,1,1,false,0.054624000,7,7,true
1794,6,Present.CopyToSwapchain,1,2,true,0.024352000,7,7,true
1795,0,ASBuild.BuildTLAS,0,0,false,0.120864000,7,7,true
1795,1,LightPrepare.Upload,0,0,false,0.001984000,7,7,true
1795,2,PathTracing.Trace,0,0,false,0.700384000,7,7,true
1795,3,Ui.Overlay,0,0,false,0.031008000,7,7,true
1795,4,DLSS.RayReconstruction,1,1,false,1.996032000,7,7,true
1795,5,Present.Convert,1,1,false,0.061248000,7,7,true
1795,6,Present.CopyToSwapchain,1,2,true,0.023488000,7,7,true
1796,0,ASBuild.BuildTLAS,0,0,false,0.124704000,7,7,true
1796,1,LightPrepare.Upload,0,0,false,0.001888000,7,7,true
1796,2,PathTracing.Trace,0,0,false,0.665664000,7,7,true
1796,3,Ui.Overlay,0,0,false,0.014432000,7,7,true
1796,4,DLSS.RayReconstruction,1,1,false,1.002912000,7,7,true
1796,5,Present.Convert,1,1,false,0.047424000,7,7,true
1796,6,Present.CopyToSwapchain,1,2,true,0.104448000,7,7,true
1797,0,ASBuild.BuildTLAS,0,0,false,0.132832000,7,7,true
1797,1,LightPrepare.Upload,0,0,false,0.001920000,7,7,true
1797,2,PathTracing.Trace,0,0,false,0.934944000,7,7,true
1797,3,Ui.Overlay,0,0,false,0.025184000,7,7,true
1797,4,DLSS.RayReconstruction,1,1,false,1.801408000,7,7,true
1797,5,Present.Convert,1,1,false,0.045440000,7,7,true
1797,6,Present.CopyToSwapchain,1,2,true,0.023936000,7,7,true
1798,0,ASBuild.BuildTLAS,0,0,false,0.126880000,7,7,true
1798,1,LightPrepare.Upload,0,0,false,0.002784000,7,7,true
1798,2,PathTracing.Trace,0,0,false,0.609472000,7,7,true
1798,3,Ui.Overlay,0,0,false,0.012736000,7,7,true
1798,4,DLSS.RayReconstruction,1,1,false,1.062432000,7,7,true
1798,5,Present.Convert,1,1,false,0.423808000,7,7,true
1798,6,Present.CopyToSwapchain,1,2,true,0.047296000,7,7,true
1799,0,ASBuild.BuildTLAS,0,0,false,0.131456000,7,7,true
1799,1,LightPrepare.Upload,0,0,false,0.006080000,7,7,true
1799,2,PathTracing.Trace,0,0,false,0.673664000,7,7,true
1799,3,Ui.Overlay,0,0,false,0.021792000,7,7,true
1799,4,DLSS.RayReconstruction,1,1,false,1.791136000,7,7,true
1799,5,Present.Convert,1,1,false,0.055296000,7,7,true
1799,6,Present.CopyToSwapchain,1,2,true,0.024576000,7,7,true
